"FeatureKey","Metabolite","KEGG","Class","SubClass","VIP","VIPCandidate","log2FC","PearsonR_RNA","Pvalue_RNA","padj_RNA","N_RNA","PearsonR_Protein","Pvalue_Protein","padj_Protein","N_Protein","DirectionPattern","Concordant","MeanAbsR","MinAbsR"
"FT6256PR","LysoPC(0:0/18:2)",NA,"Glycerophospholipids","Glycerophosphocholines",0.0898616677006846,FALSE,-0.0288601236637539,-0.774901699934665,0.0703010866155391,0.760267849808906,6,-0.77150578207063,0.0249465925645233,0.542455027678593,8,"RNA negative / Protein negative",TRUE,0.773203741002648,0.77150578207063
"FT3513PR","Helicallenal",NA,"Prenol lipids","Sesquiterpenoids",0.647962245377558,FALSE,0.255261829506812,0.892579283135913,0.016689040490162,0.610906718995139,6,0.763291673012148,0.0275496103802987,0.542455027678593,8,"RNA positive / Protein positive",TRUE,0.827935478074031,0.763291673012148
"FT3686PR","Linoleamide",NA,"Fatty Acyls","Fatty amides",1.30103561967089,FALSE,-0.677586207036801,-0.822254364295324,0.0445824621685985,0.717627196300257,6,-0.75496577662961,0.0303525768715425,0.542455027678593,8,"RNA negative / Protein negative",TRUE,0.788610070462467,0.75496577662961
"FT3905NR","FA(22:0;O)",NA,"Fatty Acyls","Fatty acids and conjugates",1.74093205140834,TRUE,-0.866447739921784,-0.753393850535577,0.083723263130729,0.760267849808906,6,-0.936971692823159,0.000596743589515155,0.249161067041036,8,"RNA negative / Protein negative",TRUE,0.845182771679368,0.753393850535577
"FT5227PR","N-propyl-16,16-dimethyl-5Z,8Z,11Z,14Z-docosatetraenoyl amine",NA,"Fatty Acyls","Fatty amides",0.227145507519745,FALSE,-0.0520487649246027,0.757877102764129,0.0808382005346733,0.760267849808906,6,0.74450021734851,0.0341156515518802,0.552990747215335,8,"RNA positive / Protein positive",TRUE,0.75118866005632,0.74450021734851
"FT3744PR","Sphingosine","C00319","Organonitrogen compounds","Amines",1.05828953674145,FALSE,-0.28773855976617,-0.742625756114749,0.0908378239529374,0.760267849808906,6,-0.818546784219309,0.0129771182367388,0.501477491291417,8,"RNA negative / Protein negative",TRUE,0.780586270167029,0.742625756114749
"FT0469PR","MALEAMIC ACID",NA,"Fatty Acyls","Fatty acids and conjugates",0.709810579771127,FALSE,0.206905599612248,0.749211532329452,0.0864556310551353,0.760267849808906,6,0.741021150932573,0.0354266948863095,0.552990747215335,8,"RNA positive / Protein positive",TRUE,0.745116341631012,0.741021150932573
"FT2835NR","FA(18:0;O)",NA,"Fatty Acyls","Fatty acids and conjugates",0.238727004183663,FALSE,0.082361193185779,-0.733795742528878,0.0968648167302016,0.760267849808906,6,-0.743730877897026,0.0344029661698094,0.552990747215335,8,"RNA negative / Protein negative",TRUE,0.738763310212952,0.733795742528878
"FT6215NR","LPS(O-18:1;O/0:0)",NA,"Glycerophospholipids","Glycerophosphoserines",0.895033506670817,FALSE,-0.303165519884537,-0.762829079043777,0.0777046310439852,0.760267849808906,6,-0.726805634876925,0.0411009264646331,0.570937791154668,8,"RNA negative / Protein negative",TRUE,0.744817356960351,0.726805634876925
"FT5987PR","LysoPC(O-16:0/0:0)","C13903","Glycerophospholipids","Glycerophosphocholines",0.387011221084058,FALSE,-0.123868052421436,-0.722193017686975,0.1050449633691,0.760267849808906,6,-0.720316304853652,0.0438631627004091,0.575322528363535,8,"RNA negative / Protein negative",TRUE,0.721254661270313,0.720316304853652
"FT2305PR","sn-glycero-3-Phosphoethanolamine",NA,"Glycerophospholipids","Glycerophosphoethanolamines",1.96890490074133,TRUE,1.14157533555238,0.716370556690605,0.10926011262907,0.760267849808906,6,0.743985599218424,0.0343076756436396,0.552990747215335,8,"RNA positive / Protein positive",TRUE,0.730178077954514,0.716370556690605
"FT2725PR","3-Methylbut-2-enoylcarnitine",NA,"Fatty Acyls","Fatty acid esters",0.063366952475422,FALSE,0.0297113985876299,-0.716298938038729,0.109312415500921,0.760267849808906,6,-0.763706008184138,0.0274144747001194,0.542455027678593,8,"RNA negative / Protein negative",TRUE,0.740002473111433,0.716298938038729
"FT2885NR","2-Hexenoylcarnitine",NA,"Fatty Acyls","Fatty acid esters",3.64011917745827,TRUE,-4.16825204973238,-0.883789370762956,0.0194726584568582,0.660645558865604,6,-0.708446816399833,0.0491995005430164,0.584128132428263,8,"RNA negative / Protein negative",TRUE,0.796118093581395,0.708446816399833
"FT3082NR","MG(0:0/16:0)",NA,"Glycerolipids","Monoradylglycerols",1.45663525483969,FALSE,1.18209719490525,0.873522513374247,0.0229832299230465,0.67419337390447,6,0.70428936312293,0.0511564655865147,0.588523549803042,8,"RNA positive / Protein positive",TRUE,0.788905938248589,0.70428936312293
"FT2430NR","Polyribosylribitolphosphate",NA,"Organooxygen compounds","Carbohydrates and carbohydrate conjugates",0.743306701315629,FALSE,0.256601282241248,0.79017274074896,0.0614221354909253,0.760267849808906,6,0.702233968628032,0.0521409460289838,0.588523549803042,8,"RNA positive / Protein positive",TRUE,0.746203354688496,0.702233968628032
"FT6181PR","LysoPE(20:1/0:0)",NA,"Glycerophospholipids","Glycerophosphoethanolamines",1.48012266346662,TRUE,-0.623085071588719,-0.698818657358335,0.122405191645509,0.76696225936443,6,-0.73141966952537,0.0392028647865149,0.570937791154668,8,"RNA negative / Protein negative",TRUE,0.715119163441852,0.698818657358335
"FT3771NR","Neoabietic acid","C11889","Prenol lipids","Diterpenoids",0.57462560061635,FALSE,-0.152862750066118,-0.88566406167553,0.0188617200900228,0.655916316130542,6,-0.693629449322298,0.0563850693866309,0.595460505492148,8,"RNA negative / Protein negative",TRUE,0.789646755498914,0.693629449322298
"FT3918PR","2-Polyprenyl-3-methyl-6-methoxy-1,4-benzoquinone","C17561","Prenol lipids","Quinone and hydroquinone lipids",0.725953031917671,FALSE,0.175529973096649,0.683234233970907,0.134618600116106,0.777485875998432,6,0.767747110822722,0.0261178944365679,0.542455027678593,8,"RNA positive / Protein positive",TRUE,0.725490672396814,0.683234233970907
"FT2766PR","Isovalerylcarnitine",NA,"Fatty Acyls","Fatty acid esters",0.344642377265395,FALSE,-0.13369518635722,-0.681373504353102,0.136110331629718,0.779770464150909,6,-0.896918530475584,0.00253096807870687,0.319096494566148,8,"RNA negative / Protein negative",TRUE,0.789146017414343,0.681373504353102
"FT4689NR","FA(22:7;O2)",NA,"Fatty Acyls","Fatty alcohols",0.677293603040806,FALSE,0.324770438090547,0.679928756268745,0.137273456121886,0.779770464150909,6,0.760076458384381,0.0286122269880225,0.542455027678593,8,"RNA positive / Protein positive",TRUE,0.720002607326563,0.679928756268745
"FT4334NR","FA(24:1;O)",NA,"Fatty Acyls","Fatty acids and conjugates",1.53479965477808,TRUE,-0.69734356548397,-0.677970779567899,0.138856559268823,0.78198167588232,6,-0.898717602015116,0.00240411064302586,0.319096494566148,8,"RNA negative / Protein negative",TRUE,0.788344190791507,0.677970779567899
"FT2259PR","5-Isopropyl-2-(2-methylpropyl)-2-cyclohexen-1-one",NA,"Prenol lipids","Monoterpenoids",0.854156655676715,FALSE,-0.347506826721635,-0.813458567883143,0.0489509518981821,0.717627196300257,6,-0.671790006514495,0.0680591580840302,0.632530718869754,8,"RNA negative / Protein negative",TRUE,0.742624287198819,0.671790006514495
"FT2332NR","2S-hydroxypalmitic acid",NA,"Fatty Acyls","Fatty acids and conjugates",0.191189638595214,FALSE,-0.0501605060604199,-0.802165908905317,0.0548360436651063,0.72308367718528,6,-0.653343804135546,0.0789451162412023,0.645250270564314,8,"RNA negative / Protein negative",TRUE,0.727754856520431,0.653343804135546
"FT2896PR","Palmitoleamide",NA,"Fatty Acyls","Fatty amides",0.590111792836155,FALSE,-0.232429524671623,-0.894531618945552,0.0160987761478266,0.60522696274667,6,-0.650031472974304,0.0810006721437726,0.646160695925008,8,"RNA negative / Protein negative",TRUE,0.772281545959928,0.650031472974304
"FT3364NR","FA(17:2;O)",NA,"Fatty Acyls","Fatty acids and conjugates",1.08041145655469,FALSE,-0.331018493390251,-0.643581529200588,0.167912534968084,0.842783223920486,6,-0.688090955708731,0.0592224766858931,0.613701401787844,8,"RNA negative / Protein negative",TRUE,0.665836242454659,0.643581529200588
"FT2930PR","Bacillamidin F",NA,"Fatty Acyls","Fatty amides",0.80311280786506,FALSE,-0.366025325870856,-0.758175067937853,0.0806480705455359,0.760267849808906,6,-0.643040501369577,0.0854405837620847,0.646160695925008,8,"RNA negative / Protein negative",TRUE,0.700607784653715,0.643040501369577
"FT4991NR","PA(17:1/0:0)",NA,"Glycerophospholipids","Glycerophosphates",1.30327251603577,FALSE,-0.483003738557738,-0.640831850725353,0.170335977582041,0.842783223920486,6,-0.922806346364689,0.00108441581389884,0.249161067041036,8,"RNA negative / Protein negative",TRUE,0.781819098545021,0.640831850725353
"FT4578PR","FA(22:2)",NA,"Fatty Acyls","Fatty acids and conjugates",0.637467944230185,FALSE,-0.290509196541686,-0.646624707458009,0.165247435722571,0.842783223920486,6,-0.640491912604332,0.0870935237408791,0.646160695925008,8,"RNA negative / Protein negative",TRUE,0.643558310031171,0.640491912604332
"FT2434PR","(E,E)-2,4-Decadienoic isobutylamide",NA,"Fatty Acyls","Fatty amides",0.766190294074245,FALSE,-0.370313341002852,-0.861194932875946,0.0275631020170623,0.717627196300257,6,-0.638820679948658,0.08818742427682,0.646418800550132,8,"RNA negative / Protein negative",TRUE,0.750007806412302,0.638820679948658
"FT5501NR","7alpha-Hydroxycampesterol",NA,"Steroids and steroid derivatives","Ergostane steroids",0.5642257254608,FALSE,0.189407991676731,0.808676422940405,0.0514053945721565,0.717627196300257,6,0.638016635713975,0.088716530706234,0.646418800550132,8,"RNA positive / Protein positive",TRUE,0.72334652932719,0.638016635713975
"FT3860NR","Prostaglandin F2a","C00639","Fatty Acyls","Eicosanoids",0.92189815224096,FALSE,0.299608659060848,0.857869713370712,0.028865939299899,0.717627196300257,6,0.635488022944918,0.0903924592335265,0.646427276261756,8,"RNA positive / Protein positive",TRUE,0.746678868157815,0.635488022944918
"FT3361NR","11-cis- and 12s-trans-fixed retinal",NA,"Prenol lipids","Sesquiterpenoids",0.822254574953933,FALSE,-0.405936571189522,-0.655227440392748,0.157810944162381,0.834619344496697,6,-0.631831837967458,0.0928478586354224,0.649354375579589,8,"RNA negative / Protein negative",TRUE,0.643529639180103,0.631831837967458
"FT3965NR","PC(O-1:0/2:0)",NA,"Glycerophospholipids","Glycerophosphocholines",0.806838764185256,FALSE,0.242947420463131,0.630028274472416,0.179997922254016,0.842783223920486,6,0.743427645865362,0.0345166152830531,0.552990747215335,8,"RNA positive / Protein positive",TRUE,0.686727960168889,0.630028274472416
"FT2318NR","Phosphocitrate",NA,"Carboxylic acids and derivatives","Tricarboxylic acids and derivatives",0.699849204967707,FALSE,0.155292051157251,0.82338070460951,0.0440367989454977,0.717627196300257,6,0.628677874224156,0.0949965513493552,0.649388909815683,8,"RNA positive / Protein positive",TRUE,0.726029289416833,0.628677874224156
"FT3312NR","FA(20:1;O)",NA,"Fatty Acyls","Fatty acids and conjugates",0.154629198955512,FALSE,-0.0305568674456865,-0.624242896445469,0.185262889631255,0.842783223920486,6,-0.702113799751675,0.052198852443578,0.588523549803042,8,"RNA negative / Protein negative",TRUE,0.663178348098572,0.624242896445469
"FT2801NR","FA(18:1;O)","C08365","Fatty Acyls","Fatty acids and conjugates",0.566666090969752,FALSE,-0.202213382134986,-0.62234619341395,0.187002650758903,0.842783223920486,6,-0.629231377353837,0.0946174167825424,0.649388909815683,8,"RNA negative / Protein negative",TRUE,0.625788785383893,0.62234619341395
"FT3363NR","FA(19:3)",NA,"Fatty Acyls","Lineolic acids and derivatives",1.14116868971557,FALSE,-0.327094787817454,-0.622324088138394,0.187022966578333,0.842783223920486,6,-0.829573571282201,0.0108472854554632,0.46054811591609,8,"RNA negative / Protein negative",TRUE,0.725948829710297,0.622324088138394
"FT6543PR","LysoPE(24:6/0:0)",NA,"Glycerophospholipids","Glycerophosphoethanolamines",0.931674902593566,FALSE,-0.403260743786768,-0.655772212902535,0.157344902214496,0.834619344496697,6,-0.611241770900987,0.10738814331717,0.675854684599613,8,"RNA negative / Protein negative",TRUE,0.633506991901761,0.611241770900987
"FT4368NR","6,7-dihydro-12-epi-LTB4",NA,"Fatty Acyls","Eicosanoids",2.57219553870831,TRUE,-1.91228715358657,-0.806801988704804,0.0523826039137911,0.717627196300257,6,-0.611226876779132,0.107399100765049,0.675854684599613,8,"RNA negative / Protein negative",TRUE,0.709014432741968,0.611226876779132
"FT5804PR","Glucosylsphingosine","C03108","Sphingolipids","Glycosphingolipids",1.64458757965763,TRUE,-0.698642001661402,-0.610596088491306,0.197929399279528,0.842783223920486,6,-0.900546653921069,0.00227943969563066,0.319096494566148,8,"RNA negative / Protein negative",TRUE,0.755571371206188,0.610596088491306
"FT1181NR","1-Acetyl-2-methylcyclopentene",NA,"Prenol lipids","Monoterpenoids",1.09960936469296,FALSE,-0.286910056660422,-0.609210138060384,0.19923500207336,0.842783223920486,6,-0.841278237488785,0.00884430904505931,0.425136786510782,8,"RNA negative / Protein negative",TRUE,0.725244187774585,0.609210138060384
"FT6800NR","LPS(O-19:1;O/0:0)",NA,"Glycerophospholipids","Glycerophosphoserines",0.946775461668051,FALSE,0.32029150015615,0.945119391136769,0.00443517490595732,0.543555659481085,6,0.609175181884001,0.10891459998173,0.675854684599613,8,"RNA positive / Protein positive",TRUE,0.777147286510385,0.609175181884001
"FT5356PR","DG(2:0/18:1-O(9S,10R)/0:0)",NA,"Glycerolipids","Diradylglycerols",0.297754984190422,FALSE,-0.061156825183986,-0.606473118268653,0.201823653212107,0.842783223920486,6,-0.760414001213762,0.0284995043722775,0.542455027678593,8,"RNA negative / Protein negative",TRUE,0.683443559741208,0.606473118268653
"FT4461NR","N-Acetylneuraminic acid 9-phosphate","C06241","Organooxygen compounds","Carbohydrates and carbohydrate conjugates",1.68463516398889,TRUE,0.721288046926666,0.606147575345551,0.202132457249319,0.842783223920486,6,0.883261046992923,0.00363719297088668,0.338016466761069,8,"RNA positive / Protein positive",TRUE,0.744704311169237,0.606147575345551
"FT4457PR","N-Acetylsphinganine",NA,"Sphingolipids","Ceramides",1.15323582459959,FALSE,-0.89093760075667,-0.821119875814005,0.0451352362970902,0.717627196300257,6,-0.605177139012362,0.111902538539188,0.679592045882456,8,"RNA negative / Protein negative",TRUE,0.713148507413183,0.605177139012362
"FT3462NR","FA(22:4)",NA,"Fatty Acyls","Fatty acids and conjugates",0.343746332219962,FALSE,-0.0898913488805049,-0.602869248002967,0.205252943053506,0.844694804104814,6,-0.862418484561103,0.00585727192936774,0.408251853476931,8,"RNA negative / Protein negative",TRUE,0.732643866282035,0.602869248002967
"FT3407PR","9-Octadecenamide",NA,"Fatty Acyls","Fatty amides",0.580334102298802,FALSE,-0.226083735399372,-0.809707579990755,0.0508714487432628,0.717627196300257,6,-0.602097541040072,0.114235423073499,0.679713203740303,8,"RNA negative / Protein negative",TRUE,0.705902560515414,0.602097541040072
"FT7137NR","WE(16:0/23:0)",NA,"Fatty Acyls","Fatty acid esters",1.56061324698731,TRUE,-0.72569143387527,-0.594044879605986,0.213748727096686,0.855762031526234,6,-0.915185463631801,0.00142990569320537,0.249161067041036,8,"RNA negative / Protein negative",TRUE,0.754615171618893,0.594044879605986
"FT6006PR","5-Methylhenicosanoylcarnitine",NA,"Fatty Acyls","Fatty acid esters",1.96585550336584,TRUE,-1.06353019008,-0.58562635471815,0.221983156171773,0.865298849559908,6,-0.846746439367021,0.00799594218477757,0.425136786510782,8,"RNA negative / Protein negative",TRUE,0.716186397042586,0.58562635471815
"FT6193PR","LysoPC(O-18:0/0:0)","C04317","Glycerophospholipids","Glycerophosphocholines",0.128380264659479,FALSE,-0.0847954156790364,-0.708987566607682,0.114709689707756,0.765141115763805,6,-0.585340172135237,0.127408482345708,0.70272845909954,8,"RNA negative / Protein negative",TRUE,0.64716386937146,0.585340172135237
"FT3458NR","FA(19:1)",NA,"Fatty Acyls","Fatty acids and conjugates",0.131153377444154,FALSE,0.0542249830008157,-0.584470341809153,0.223123652472351,0.866884510440095,6,-0.708402394557348,0.0492201681987809,0.584128132428263,8,"RNA negative / Protein negative",TRUE,0.64643636818325,0.584470341809153
"FT7545PR","PC(P-16:0/22:6)",NA,"Glycerophospholipids","Glycerophosphocholines",1.86876087100892,TRUE,-1.0609729005247,-0.950619039234697,0.00359751170417957,0.543555659481085,6,-0.584347226016571,0.128214460185998,0.70272845909954,8,"RNA negative / Protein negative",TRUE,0.767483132625634,0.584347226016571
"FT7317NR","WE(25:0/16:1)",NA,"Fatty Acyls","Fatty acid esters",1.57619919845049,TRUE,-0.760738129969788,-0.579943915793483,0.227611828955609,0.866884510440095,6,-0.887054079357673,0.00330382955844285,0.328967028890666,8,"RNA negative / Protein negative",TRUE,0.733498997575578,0.579943915793483
"FT4079PR","FA(21:3;O)",NA,"Fatty Acyls","Fatty acids and conjugates",0.854541350622577,FALSE,0.345368370743178,0.911708156386725,0.0113490371623104,0.543896992986746,6,0.579135892932652,0.132491178552964,0.70272845909954,8,"RNA positive / Protein positive",TRUE,0.745422024659689,0.579135892932652
"FT6658NR","LysoPE(22:6/0:0)",NA,"Glycerophospholipids","Glycerophosphoethanolamines",0.562981269884907,FALSE,-0.214328219772786,-0.924325353946169,0.00837329689937697,0.543555659481085,6,-0.570722537461834,0.139561106819418,0.708914427173625,8,"RNA negative / Protein negative",TRUE,0.747523945704001,0.570722537461834
"FT5456NR","MG(22:1/0:0)",NA,"Glycerolipids","Monoradylglycerols",1.51742409193163,TRUE,-0.671832203052621,-0.570610209100177,0.236978890231962,0.866884510440095,6,-0.868503208808078,0.00513854340146454,0.377006815875872,8,"RNA negative / Protein negative",TRUE,0.719556708954128,0.570610209100177
"FT6387PR","LPC(18:0(11cp)/0:0)",NA,"Glycerophospholipids","Glycerophosphocholines",0.0497844467443917,FALSE,0.0618675753849821,-0.67123967556332,0.144358267627625,0.800009363625605,6,-0.567191209558303,0.14258943349227,0.712436094223026,8,"RNA negative / Protein negative",TRUE,0.619215442560811,0.567191209558303
"FT6491PR","LysoPC(20:2/0:0)","C04230","Glycerophospholipids","Glycerophosphocholines",0.0274806372052523,FALSE,0.0199300243493637,-0.624282499032654,0.185226635675438,0.842783223920486,6,-0.566432611943212,0.143244672108388,0.713153831853902,8,"RNA negative / Protein negative",TRUE,0.595357555487933,0.566432611943212
"FT4230NR","Taxa-4(20),11(12)-dien-5alpha-yl acetate","C11896","Prenol lipids","Diterpenoids",1.65450679365245,TRUE,0.731525583590916,0.679842852541412,0.137342748897895,0.779770464150909,6,0.565177057572279,0.144332805186382,0.716013987294721,8,"RNA positive / Protein positive",TRUE,0.622509955056845,0.565177057572279
"FT2622NR","Uridine 2',3'-cyclic phosphate","C02355","Pyrimidine nucleotides","Cyclic pyrimidine nucleotides",0.512710649278554,FALSE,-0.178433079922138,-0.60446812427433,0.203728613018838,0.842783223920486,6,-0.562993607385531,0.146235934847487,0.717039432551467,8,"RNA negative / Protein negative",TRUE,0.58373086582993,0.562993607385531
"FT4082PR","11E-Eicosen-1-ol",NA,"Fatty Acyls","Fatty alcohols",1.30657375981066,FALSE,-0.818626833634669,-0.846364837206869,0.0335924608652569,0.717627196300257,6,-0.55750424584166,0.151081276871348,0.726352011141478,8,"RNA negative / Protein negative",TRUE,0.701934541524264,0.55750424584166
"FT4208NR","Retinol acetate",NA,"Prenol lipids","Retinoids",0.648649154216788,FALSE,-0.213019308444286,-0.553137684349998,0.254912835371205,0.872427299627174,6,-0.834991633192748,0.00988786132282114,0.444634796258473,8,"RNA negative / Protein negative",TRUE,0.694064658771373,0.553137684349998
"FT4229NR","4,8,12,15,19-Docosapentaenoic acid",NA,"Fatty Acyls","Fatty acids and conjugates",0.0648752100584888,FALSE,0.0852986898309981,-0.550202499364968,0.257975668873498,0.872427299627174,6,-0.56199446366321,0.147111390035667,0.717039432551467,8,"RNA negative / Protein negative",TRUE,0.556098481514089,0.550202499364968
"FT5735PR","lysoPE(0:0/16:0)",NA,"Glycerophospholipids","Glycerophosphoethanolamines",0.446913310782394,FALSE,-0.0720814736931549,-0.942728055597321,0.00482618526934696,0.543555659481085,6,-0.546589049015267,0.160973785476564,0.731820831113888,8,"RNA negative / Protein negative",TRUE,0.744658552306294,0.546589049015267
"FT1221NR","Bornyl acetate","C09837","Prenol lipids","Monoterpenoids",0.848024426033228,FALSE,-0.289948651731853,-0.680099621106485,0.137135675663077,0.779770464150909,6,-0.546509447625975,0.161047187778586,0.731820831113888,8,"RNA negative / Protein negative",TRUE,0.61330453436623,0.546509447625975
"FT2662PR","Bulnesol",NA,"Prenol lipids","Sesquiterpenoids",0.273644318215102,FALSE,-0.100209875766304,-0.799403233600062,0.0563226811058666,0.72308367718528,6,-0.546377850893307,0.161168576149185,0.731820831113888,8,"RNA negative / Protein negative",TRUE,0.672890542246685,0.546377850893307
"FT4358PR","Erucamide",NA,"Fatty Acyls","Fatty amides",1.04346465799761,FALSE,-0.600037282089572,-0.711836709489722,0.112592859523505,0.763983744376561,6,-0.545721662265233,0.161774605146956,0.73182874112434,8,"RNA negative / Protein negative",TRUE,0.628779185877478,0.545721662265233
"FT5274NR","24-epibrassicasterol","C08813","Steroids and steroid derivatives","Ergostane steroids",0.0629805782354515,FALSE,-0.0475622742286865,-0.910444291150325,0.011671209014404,0.543896992986746,6,-0.545239944523541,0.16222028766673,0.73182874112434,8,"RNA negative / Protein negative",TRUE,0.727842117836933,0.545239944523541
"FT5371PR","Heptadecanoyl carnitine",NA,"Fatty Acyls","Fatty acid esters",0.814597435475573,FALSE,-0.289664926176553,-0.5438990697787,0.264601192314998,0.872427299627174,6,-0.916852427857748,0.00134897717643559,0.249161067041036,8,"RNA negative / Protein negative",TRUE,0.730375748818224,0.5438990697787
"FT2457PR","4-Oxo-beta-ionol",NA,"Prenol lipids","Sesquiterpenoids",0.13529942228027,FALSE,-0.0144017214221534,-0.540288763952691,0.268425226977452,0.872427299627174,6,-0.61996556418522,0.101079489082381,0.670975275146856,8,"RNA negative / Protein negative",TRUE,0.580127164068955,0.540288763952691
"FT6942PR","Cer(d18:2/20:0(2OH[R]))",NA,"Sphingolipids","Ceramides",0.59552722453009,FALSE,0.132296597403581,0.536790437173258,0.272150808976138,0.872427299627174,6,0.643297607083489,0.0852748532315718,0.646160695925008,8,"RNA positive / Protein positive",TRUE,0.590044022128374,0.536790437173258
"FT6192PR","PC(O-16:0/1:0)",NA,"Glycerophospholipids","Glycerophosphocholines",0.334849344562571,FALSE,0.161180985154016,-0.544173881203079,0.264310981431074,0.872427299627174,6,-0.533399130473925,0.173384739738378,0.738625629999979,8,"RNA negative / Protein negative",TRUE,0.538786505838502,0.533399130473925
"FT2489PR","3-hydroxy-.beta.-ionol",NA,"Prenol lipids","Sesquiterpenoids",1.04480498992834,FALSE,-0.510716626873623,-0.532824919148706,0.27639775646563,0.875784235179251,6,-0.812955097394643,0.0141506297961262,0.501477491291417,8,"RNA negative / Protein negative",TRUE,0.672890008271674,0.532824919148706
"FT2917NR","FA(15:0;O)",NA,"Fatty Acyls","Fatty alcohols",1.58142387068179,TRUE,0.637002688083497,0.59659950811484,0.211274859559778,0.855473160224122,6,0.530045582217557,0.176619726762141,0.738625629999979,8,"RNA positive / Protein positive",TRUE,0.563322545166198,0.530045582217557
"FT3579NR","FA(22:1)","C08316","Fatty Acyls","Fatty acids and conjugates",0.89674262852532,FALSE,-0.319307535538336,-0.524157168622349,0.285767910581646,0.876885269600792,6,-0.785505227743248,0.020872572111007,0.51957795576328,8,"RNA negative / Protein negative",TRUE,0.654831198182799,0.524157168622349
"FT3272NR","WE(5:1/16:0)",NA,"Fatty Acyls","Fatty acid esters",0.168303244956075,FALSE,-0.0470719133462359,-0.521797823727564,0.288338985710711,0.876885269600792,6,-0.880280533067535,0.00391381881916231,0.340991464619516,8,"RNA negative / Protein negative",TRUE,0.70103917839755,0.521797823727564
"FT3278PR","6-Phosphogluconic acid","C00345","Organooxygen compounds","Carbohydrates and carbohydrate conjugates",0.868822970815218,FALSE,0.250635609861047,0.515349965670903,0.295409813095362,0.876885269600792,6,0.608383239634248,0.109502808810305,0.675854684599613,8,"RNA positive / Protein positive",TRUE,0.561866602652575,0.515349965670903
"FT3845PR","all-trans-13,14-dihydroretinol","C15492","Prenol lipids","Retinoids",0.689906925538012,FALSE,-0.441690143257435,-0.601883510230315,0.206195026369587,0.846068677522405,6,-0.514095402502488,0.192445237380389,0.738625629999979,8,"RNA negative / Protein negative",TRUE,0.557989456366401,0.514095402502488
"FT2003NR","8-hydroxy-3E,5E,10E,12-tridecatetraen-2-one",NA,"Fatty Acyls","Fatty alcohols",1.04977890616737,FALSE,0.457542959916282,0.511891546738374,0.299228907367379,0.876885269600792,6,0.526888699821027,0.179694376072097,0.738625629999979,8,"RNA positive / Protein positive",TRUE,0.5193901232797,0.511891546738374
"FT2283PR","Tridecanamide",NA,"Fatty Acyls","Fatty amides",0.834284970736858,FALSE,-0.277398915755572,-0.675575629129816,0.140803735924808,0.789749986578259,6,-0.511019570461028,0.195580213305784,0.738625629999979,8,"RNA negative / Protein negative",TRUE,0.593297599795422,0.511019570461028
"FT4993PR","Sphinganine 1-phosphate","C01120","Sphingolipids","Phosphosphingolipids",2.54455478342286,TRUE,-1.64681917483968,-0.507531817059994,0.304069465642145,0.876885269600792,6,-0.723263722816224,0.0425950719369336,0.570937791154668,8,"RNA negative / Protein negative",TRUE,0.615397769938109,0.507531817059994
"FT3337PR","9,12,15-Octadecatrienal",NA,"Fatty Acyls","Fatty aldehydes",0.532631683411632,FALSE,-0.216122910265353,-0.816847972792665,0.0472451109004394,0.717627196300257,6,-0.505785381293557,0.200976608209755,0.738625629999979,8,"RNA negative / Protein negative",TRUE,0.661316677043111,0.505785381293557
"FT3936PR","Tanshinone IIA",NA,"Prenol lipids","Diterpenoids",0.787056666578005,FALSE,0.222138011050198,0.534633865079261,0.274457301983996,0.875784235179251,6,0.505140699043295,0.201646623444233,0.738625629999979,8,"RNA positive / Protein positive",TRUE,0.519887282061278,0.505140699043295
"FT6009NR","Guanosine 5'-O-(2-thiodiphosphate)",NA,"Purine nucleotides","Purine ribonucleotides",0.209388724759813,FALSE,-0.0412192889548683,-0.503117053858987,0.309000616569896,0.876885269600792,6,-0.708238403600345,0.0492965116772841,0.584128132428263,8,"RNA negative / Protein negative",TRUE,0.605677728729666,0.503117053858987
"FT4316PR","Pipericine",NA,"Fatty Acyls","Fatty amides",1.11409374759073,FALSE,-0.683307866740733,-0.826592418315386,0.0424980846674725,0.717627196300257,6,-0.502526253486755,0.204375821652309,0.738625629999979,8,"RNA negative / Protein negative",TRUE,0.66455933590107,0.502526253486755
"FT5620PR","(9S,10E,12Z)-9-Hydroxyoctadeca-10,12-dienoylcarnitine",NA,"Fatty Acyls","Fatty acid esters",1.38972545843429,TRUE,-0.580870741508835,-0.502295989346656,0.309920971712052,0.876885269600792,6,-0.586053410314901,0.126831300389143,0.70272845909954,8,"RNA negative / Protein negative",TRUE,0.544174699830779,0.502295989346656
"FT3464NR","11-methyl-1,2-heptadecanediol",NA,"Fatty Acyls","Fatty alcohols",1.03264593448745,FALSE,-0.50076166951377,-0.502197030137352,0.310031966604015,0.876885269600792,6,-0.698361005224126,0.0540266661312724,0.588523549803042,8,"RNA negative / Protein negative",TRUE,0.600279017680739,0.502197030137352
"FT6178PR","1-(2-methoxy-hexadecanyl)-sn-glycero-3-phosphoethanolamine",NA,"Glycerophospholipids","Glycerophosphoethanolamines",0.622253651238204,FALSE,-0.175395115131504,-0.501720322365182,0.310566859516605,0.876885269600792,6,-0.761037965173561,0.0282918526576202,0.542455027678593,8,"RNA negative / Protein negative",TRUE,0.631379143769371,0.501720322365182
"FT6549PR","1-linoleoyl-sn-glycero-3-phosphocholine",NA,"Glycerophospholipids","Glycerophosphocholines",1.26343085698428,TRUE,0.57972556858253,0.499962006150338,0.312542744163492,0.876885269600792,6,0.523432034967408,0.183093626840057,0.738625629999979,8,"RNA positive / Protein positive",TRUE,0.511697020558873,0.499962006150338
"FT3222NR","(+-)-Trihydroxy-decipiadiene",NA,"Prenol lipids","Diterpenoids",0.90862810606297,FALSE,-0.437684818545068,-0.496994166545547,0.315888325333422,0.876885269600792,6,-0.787642379341728,0.0202899648118448,0.514258380867485,8,"RNA negative / Protein negative",TRUE,0.642318272943638,0.496994166545547
"FT3905PR","3,7,11,15-Tetramethyl-6,10,14-hexadecatrien-1-ol",NA,"Prenol lipids","Diterpenoids",0.711576025984937,FALSE,-0.422870853359603,-0.705565084481906,0.11727531522069,0.765141115763805,6,-0.496052709878137,0.211216299024338,0.740970788276183,8,"RNA negative / Protein negative",TRUE,0.600808897180022,0.496052709878137
"FT1197PR","3-Hydroxy-2-methylglutaric acid",NA,"Fatty Acyls","Fatty acids and conjugates",0.753422206724566,FALSE,0.25382390799283,0.686406637237568,0.132091685112547,0.777485875998432,6,0.495735916433841,0.211554070110417,0.740970788276183,8,"RNA positive / Protein positive",TRUE,0.591071276835705,0.495735916433841
"FT6052PR","(11Z)-eicoseneoylcarnitine",NA,"Fatty Acyls","Fatty acid esters",1.28734780883252,TRUE,-0.516397199516737,-0.495276501899031,0.317830616245314,0.876885269600792,6,-0.66935466226545,0.0694421283219153,0.632530718869754,8,"RNA negative / Protein negative",TRUE,0.58231558208224,0.495276501899031
"FT3022PR","3-Hydroxyvalerylcarnitine",NA,"Fatty Acyls","Fatty acid esters",1.12113957069277,FALSE,0.418898073500327,0.490050310247801,0.323767155724481,0.876885269600792,6,0.727571598178578,0.0407820563215416,0.570937791154668,8,"RNA positive / Protein positive",TRUE,0.60881095421319,0.490050310247801
"FT5349PR","CHEBI:140689",NA,"Fatty Acyls","Fatty acid esters",1.81524699237181,TRUE,-0.924263031517753,-0.486844536273561,0.327428557978409,0.876885269600792,6,-0.814344095543841,0.0138531403337005,0.501477491291417,8,"RNA negative / Protein negative",TRUE,0.650594315908701,0.486844536273561
"FT6632NR","PS(18:1(9Z)/0:0)",NA,"Glycerophospholipids","Glycerophosphoserines",2.52503750985272,FALSE,2.78308868005476,0.625894970679852,0.183753004633106,0.842783223920486,6,0.48618383976587,0.22187055720074,0.761765973144871,8,"RNA positive / Protein positive",TRUE,0.556039405222861,0.48618383976587
"FT4043NR","FA(24:2)",NA,"Fatty Acyls","Fatty acids and conjugates",0.379809738129811,FALSE,-0.129841604754638,-0.482020869165869,0.332966053178221,0.876885269600792,6,-0.736489185563115,0.0371800291867468,0.56335826832962,8,"RNA negative / Protein negative",TRUE,0.609255027364492,0.482020869165869
"FT3727NR","12-amino-octadecanoic acid",NA,"Fatty Acyls","Fatty acids and conjugates",0.531400038981182,FALSE,-0.153594621190273,-0.481548492038324,0.333510149083334,0.876885269600792,6,-0.641411824947926,0.086494774761138,0.646160695925008,8,"RNA negative / Protein negative",TRUE,0.561480158493125,0.481548492038324
"FT5066PR","Pentadecanoylcarnitine",NA,"Fatty Acyls","Fatty acid esters",0.206945932249689,FALSE,0.0261257025681636,0.471667931914843,0.344964234995605,0.876885269600792,6,0.620776950604148,0.100503815552539,0.670975275146856,8,"RNA positive / Protein positive",TRUE,0.546222441259495,0.471667931914843
"FT4648NR","FA(22:8;O2)",NA,"Fatty Acyls","Fatty acids and conjugates",0.156229700643299,FALSE,0.0636302247554147,0.470712695309125,0.346078966901888,0.876885269600792,6,0.550947481053188,0.156982586013397,0.731820831113888,8,"RNA positive / Protein positive",TRUE,0.510830088181156,0.470712695309125
"FT4274NR","Sphingosine 1-phosphate","C06124","Sphingolipids","Phosphosphingolipids",2.08834713580711,TRUE,-1.19638019073684,-0.470061226269447,0.346839950563128,0.876885269600792,6,-0.725240899113139,0.041757016434787,0.570937791154668,8,"RNA negative / Protein negative",TRUE,0.597651062691293,0.470061226269447
"FT5467PR","LysoPE(0:0/14:0)",NA,"Glycerophospholipids","Glycerophosphoethanolamines",0.497801186618551,FALSE,-0.169102938413751,-0.470036849719351,0.346868436532827,0.876885269600792,6,-0.808345120530543,0.015166672403421,0.501477491291417,8,"RNA negative / Protein negative",TRUE,0.639190985124947,0.470036849719351
"FT7533PR","DG(a-25:0/0:0/20:5-3OH)",NA,"Fatty Acyls","Fatty alcohols",0.567347076106301,FALSE,0.196211281968067,0.741738555316472,0.0914355740474918,0.760267849808906,6,0.468873684479986,0.241211934725297,0.767471827294385,8,"RNA positive / Protein positive",TRUE,0.605306119898229,0.468873684479986
"FT6295PR","LysoPC(0:0/18:0)",NA,"Glycerophospholipids","Glycerophosphocholines",2.01102335060774,FALSE,3.00497140467117,-0.491125213057489,0.322542857195492,0.876885269600792,6,-0.465519231287575,0.245055491447512,0.767471827294385,8,"RNA negative / Protein negative",TRUE,0.478322222172532,0.465519231287575
"FT2169PR","DL-O-Phosphoserine","C01005","Carboxylic acids and derivatives","Amino acids, peptides, and analogues",1.27247774762767,FALSE,-0.464737628461001,-0.459560897666092,0.359187415417241,0.876885269600792,6,-0.59002586259688,0.12364348177506,0.699959178993997,8,"RNA negative / Protein negative",TRUE,0.524793380131486,0.459560897666092
"FT2714NR","Tanacetol A",NA,"Prenol lipids","Sesquiterpenoids",0.249846447599847,FALSE,-0.0615257119976542,-0.459442480632775,0.359327536788247,0.876885269600792,6,-0.46937864749661,0.240636015387277,0.767471827294385,8,"RNA negative / Protein negative",TRUE,0.464410564064692,0.459442480632775
"FT6455NR","LysoPC(P-18:1/0:0)","C04230","Glycerophospholipids","Glycerophosphocholines",1.01339136988307,FALSE,-0.394565190370853,-0.456541598678925,0.362766137492521,0.877630397244442,6,-0.872010039946276,0.00475136765369979,0.367967028292084,8,"RNA negative / Protein negative",TRUE,0.664275819312601,0.456541598678925
"FT2336PR","Propionylcarnitine","C03017","Fatty Acyls","Fatty acid esters",0.795938432777036,FALSE,0.282307076029231,0.933998682697227,0.00639050422112383,0.543555659481085,6,0.453690653847671,0.258853652642864,0.770668274983688,8,"RNA positive / Protein positive",TRUE,0.693844668272449,0.453690653847671
"FT3943PR","2E-Phytenal",NA,"Prenol lipids","Diterpenoids",0.693141637441669,FALSE,-0.345027924739654,-0.453600278769269,0.366264439210553,0.877630397244442,6,-0.536578580415597,0.17034742192687,0.737466789335581,8,"RNA negative / Protein negative",TRUE,0.495089429592433,0.453600278769269
"FT4286PR","2,4,12-Octadecatrienoic acid isobutylamide",NA,"Fatty Acyls","Fatty amides",0.982314124366806,FALSE,-0.602358506183768,-0.821890467765183,0.044759423376427,0.717627196300257,6,-0.453180911068557,0.259456804168664,0.770668274983688,8,"RNA negative / Protein negative",TRUE,0.63753568941687,0.453180911068557
"FT2561NR","Stearic acid","C01530","Fatty Acyls","Fatty acids and conjugates",0.0949375155088067,FALSE,0.0565713224520984,-0.578008964950666,0.22954132121355,0.866884510440095,6,-0.450813182071312,0.262267606344584,0.770668274983688,8,"RNA negative / Protein negative",TRUE,0.514411073510989,0.450813182071312
"FT6515PR","LysoPC(20:1/0:0)","C04230","Glycerophospholipids","Glycerophosphocholines",0.613464614455142,FALSE,-0.157155881912453,-0.448067657051289,0.372876582060518,0.877630397244442,6,-0.774406545654417,0.0240652758377148,0.542455027678593,8,"RNA negative / Protein negative",TRUE,0.611237101352853,0.448067657051289
"FT3086NR","FA(20:0)",NA,"Fatty Acyls","Fatty acids and conjugates",0.889133819917723,FALSE,-0.285289447943317,-0.447961669505749,0.373003653103392,0.877630397244442,6,-0.850662963202073,0.00742142307491008,0.425136786510782,8,"RNA negative / Protein negative",TRUE,0.649312316353911,0.447961669505749
"FT1608NR","D-Ribose 5-phosphate","C03736","Organooxygen compounds","Carbohydrates and carbohydrate conjugates",1.02696141389725,FALSE,0.265572035280879,0.959340839491227,0.00244614280194148,0.543555659481085,6,0.442202793397898,0.272616288570768,0.773715054965699,8,"RNA positive / Protein positive",TRUE,0.700771816444563,0.442202793397898
"FT2563NR","Stearate",NA,"Fatty Acyls","Fatty acids and conjugates",0.660640082889671,FALSE,0.201016003791211,0.441294712275506,0.381027023461417,0.878952884966552,6,0.508785832442092,0.197873698308868,0.738625629999979,8,"RNA positive / Protein positive",TRUE,0.475040272358799,0.441294712275506
"FT5822PR","Car(18:1)",NA,"Fatty Acyls","Fatty acid esters",0.760187858933418,FALSE,-0.213558443926738,-0.438203508284035,0.384767163553089,0.883186674096282,6,-0.838758006179093,0.00925378969412057,0.429992761120136,8,"RNA negative / Protein negative",TRUE,0.638480757231564,0.438203508284035
"FT2183NR","1,4-Butanediphosphonic acid",NA,"Organic phosphonic acids and derivatives","Organic phosphonic acids",1.40087025281811,FALSE,0.687345990461261,0.916596894113355,0.0101440378493302,0.543555659481085,6,0.434355336958531,0.282220347809279,0.781484755673081,8,"RNA positive / Protein positive",TRUE,0.675476115535943,0.434355336958531
"FT6965NR","Guanosine diphosphate mannose","C00096","Purine nucleotides","Purine nucleotide sugars",0.703547121636532,FALSE,0.168798403152363,0.433812717071748,0.390101285428,0.889558832836636,6,0.724147105562831,0.0422193892615767,0.570937791154668,8,"RNA positive / Protein positive",TRUE,0.578979911317289,0.433812717071748
"FT3533PR","FA(16:1;O)",NA,"Fatty Acyls","Fatty acids and conjugates",0.855727032324245,FALSE,-0.309921568836518,-0.730423133929071,0.0992122273018182,0.760267849808906,6,-0.429236027468409,0.288573401870144,0.784067374808866,8,"RNA negative / Protein negative",TRUE,0.57982958069874,0.429236027468409
"FT2803NR","19-HOME(9Z)","C19616","Fatty Acyls","Fatty acids and conjugates",0.261755555513131,FALSE,0.104981736901996,-0.428305355136223,0.396827307434021,0.892677652394479,6,-0.844984841288773,0.00826331076990577,0.425136786510782,8,"RNA negative / Protein negative",TRUE,0.636645098212498,0.428305355136223
"FT4252PR","3-hydroxydecanoyl carnitine",NA,"Fatty Acyls","Fatty acid esters",1.20958100921795,FALSE,-0.441095181072337,-0.427137073064485,0.398259132531092,0.892812542241502,6,-0.556001651244302,0.152422725900531,0.730162473901511,8,"RNA negative / Protein negative",TRUE,0.491569362154394,0.427137073064485
"FT5450PR","Linoleyl carnitine",NA,"Organonitrogen compounds","Quaternary ammonium salts",1.3555383845185,TRUE,-0.544332934227204,-0.424888472163621,0.401019895110223,0.892812542241502,6,-0.6967313909711,0.0548321330762241,0.588523549803042,8,"RNA negative / Protein negative",TRUE,0.560809931567361,0.424888472163621
"FT4536NR","Bixin",NA,"Prenol lipids","Diterpenoids",0.359678188106164,FALSE,-0.109308156589852,-0.727472430771357,0.101286428830021,0.760267849808906,6,-0.42252748050307,0.297002813125038,0.793145443479507,8,"RNA negative / Protein negative",TRUE,0.574999955637213,0.42252748050307
"FT5632PR","(9Z)-12-Hydroxyoctadec-9-enoylcarnitine",NA,"Fatty Acyls","Fatty acid esters",1.3021644089496,FALSE,-0.499030931223872,-0.422083770798157,0.404472449603394,0.893049487933844,6,-0.712727785504476,0.0472321950430682,0.584128132428263,8,"RNA negative / Protein negative",TRUE,0.567405778151316,0.422083770798157
"FT6410PR","PC(O-18:0/1:0)",NA,"Glycerophospholipids","Glycerophosphocholines",0.182510018996481,FALSE,-0.0775329676048168,-0.414932557292005,0.413320431412716,0.899856267857053,6,-0.539528409573973,0.167555365279236,0.73412888771035,8,"RNA negative / Protein negative",TRUE,0.477230483432989,0.414932557292005
"FT7346PR","PE-NMe2(18:1/15:0)",NA,"Glycerophospholipids","Glycerophosphoethanolamines",1.11813673479642,FALSE,-0.914154299173955,-0.639868933010587,0.171188089416112,0.842783223920486,6,-0.413705266678124,0.308266250111726,0.801120750861266,8,"RNA negative / Protein negative",TRUE,0.526787099844356,0.413705266678124
"FT5472PR","Oleoylcarnitine",NA,"Fatty Acyls","Fatty acid esters",1.66707728951866,TRUE,-0.745301815679734,-0.413162662511134,0.415520138899651,0.899856267857053,6,-0.798853040927839,0.0174001335434305,0.501477491291417,8,"RNA negative / Protein negative",TRUE,0.606007851719486,0.413162662511134
"FT4139NR","6-keto-PGF1alpha","C05961","Fatty Acyls","Eicosanoids",0.225069079965868,FALSE,0.106597728098731,0.412948665758386,0.415786367449476,0.899856267857053,6,0.45609974720729,0.2560126078338,0.770668274983688,8,"RNA positive / Protein positive",TRUE,0.434524206482838,0.412948665758386
"FT5199PR","Palmitoylcarnitine","C02990","Fatty Acyls","Fatty acid esters",1.57163141821302,TRUE,-0.633397721224005,-0.412586603547292,0.416236930084886,0.899856267857053,6,-0.708492862921833,0.0491780825032444,0.584128132428263,8,"RNA negative / Protein negative",TRUE,0.560539733234562,0.412586603547292
"FT4168PR","Ethyl (Z,Z)-9,12-octadecadienoate",NA,"Fatty Acyls","Lineolic acids and derivatives",0.743448469031967,FALSE,-0.212353546075555,-0.412239603676019,0.416668900901753,0.899856267857053,6,-0.736658440438724,0.0371136171418273,0.56335826832962,8,"RNA negative / Protein negative",TRUE,0.574449022057372,0.412239603676019
"FT2805NR","FA(19:0)","C16794","Fatty Acyls","Fatty acids and conjugates",0.160395994639649,FALSE,0.0637952851297985,-0.408654578446616,0.421140496315558,0.899856267857053,6,-0.631359994021476,0.0931675079364927,0.649354375579589,8,"RNA negative / Protein negative",TRUE,0.520007286234046,0.408654578446616
"FT3013NR","4-Pyridoxic acid 5'-phosphate",NA,"Pyridines and derivatives","Pyridinecarboxylic acids and derivatives",0.0879479341084143,FALSE,-0.0325836039918856,-0.717584757356233,0.108375064310113,0.760267849808906,6,-0.406067724158921,0.318178934894481,0.801120750861266,8,"RNA negative / Protein negative",TRUE,0.561826240757577,0.406067724158921
"FT2847NR","(2Z)-2-(Propan-2-yl)but-2-enedioylcarnitine",NA,"Fatty Acyls","Fatty acid esters",0.583792773976745,FALSE,0.840202769419999,-0.401763834080979,0.429779438468107,0.91031880146262,6,-0.502262191761455,0.204652544720403,0.738625629999979,8,"RNA negative / Protein negative",TRUE,0.452013012921217,0.401763834080979
"FT2549PR","Butyrylcarnitine","C02862","Fatty Acyls","Fatty acid esters",0.479714602280175,FALSE,0.224150420788613,-0.399220990065594,0.432981916394864,0.911446453309662,6,-0.703379195417716,0.0515910229285489,0.588523549803042,8,"RNA negative / Protein negative",TRUE,0.551300092741655,0.399220990065594
"FT6073NR","FA(31:0)",NA,"Fatty Acyls","Fatty acids and conjugates",0.367605450716514,FALSE,-0.0873779887179706,-0.398815052800997,0.43349387509877,0.911446453309662,6,-0.593202909574213,0.121126723085099,0.689186334614811,8,"RNA negative / Protein negative",TRUE,0.496008981187605,0.398815052800997
"FT7526PR","PE-NMe2(15:0/22:1)",NA,"Glycerophospholipids","Glycerophosphoethanolamines",0.739474951954503,FALSE,-0.289185099505571,-0.394638361609151,0.438772835606256,0.913166175765406,6,-0.436315564784208,0.279806024054964,0.780099195065239,8,"RNA negative / Protein negative",TRUE,0.415476963196679,0.394638361609151
"FT2874PR","Demeton-S-methyl","C18655","Organothiophosphorus compounds","Unclassified",0.11299000654857,FALSE,-0.0194207206692339,0.896552101066601,0.0154986795112196,0.598851755558511,6,0.393585172080902,0.334698493512078,0.804638828109801,8,"RNA positive / Protein positive",TRUE,0.645068636573751,0.393585172080902
"FT6781PR","PC(16:0/5:0(CHO))",NA,"Glycerophospholipids","Glycerophosphocholines",0.926067035465779,FALSE,0.454968002709614,0.392004053242746,0.442112998401781,0.913166175765406,6,0.409628584667806,0.313538770387677,0.801120750861266,8,"RNA positive / Protein positive",TRUE,0.400816318955276,0.392004053242746
"FT3805NR","FA(23:1;O)",NA,"Fatty Acyls","Fatty acids and conjugates",0.219363726960401,FALSE,-0.0587437788006023,-0.38385211049673,0.452500688059268,0.913166175765406,6,-0.823805264192051,0.0119313483262384,0.489185281375773,8,"RNA negative / Protein negative",TRUE,0.60382868734439,0.38385211049673
"FT0992PR","Aminocaproic acid","C02378","Fatty Acyls","Fatty acids and conjugates",1.16628756601329,FALSE,0.405561637315844,0.383216989193397,0.453313231656635,0.913166175765406,6,0.426153345907305,0.292432232474566,0.785453819016463,8,"RNA positive / Protein positive",TRUE,0.404685167550351,0.383216989193397
"FT6815NR","DG(17:2/18:1/0:0)[iso2]",NA,"Glycerolipids","Diradylglycerols",0.328512277511517,FALSE,-0.0799802087492705,-0.380117269672447,0.457285503941928,0.913166175765406,6,-0.452793538339722,0.259915631033659,0.770668274983688,8,"RNA negative / Protein negative",TRUE,0.416455404006084,0.380117269672447
"FT3514PR","FA(17:0;O)","C13947","Fatty Acyls","Fatty acids and conjugates",0.831143777965879,FALSE,-0.490116490546535,-0.514980381054642,0.295817061063197,0.876885269600792,6,-0.37988902651419,0.35327101801001,0.817059577575325,8,"RNA negative / Protein negative",TRUE,0.447434703784416,0.37988902651419
"FT6885PR","Cytidine 5'-monophosphate-N-acetylneuraminic acid","C00128","Pyrimidine nucleotides","Pyrimidine nucleotide sugars",1.3352075324182,FALSE,0.744223881098766,0.940874474356396,0.00514039534634491,0.543555659481085,6,0.379269533540587,0.354121967041379,0.817059577575325,8,"RNA positive / Protein positive",TRUE,0.660072003948492,0.379269533540587
"FT5564PR","ELAIDYLPHOSPHOCHOLINE",NA,"Organonitrogen compounds","Quaternary ammonium salts",0.057344593640171,FALSE,0.00355858823978307,-0.377219292989219,0.461009156055906,0.913166175765406,6,-0.499782916005585,0.207260272042339,0.740822613402618,8,"RNA negative / Protein negative",TRUE,0.438501104497402,0.377219292989219
"FT6734PR","PC(20:3-OH/2:0)",NA,"Glycerophospholipids","Glycerophosphocholines",0.712448735424871,FALSE,0.255917143498115,0.461003649514354,0.357481779635339,0.876885269600792,6,0.374364453155635,0.360892606421025,0.817897131271182,8,"RNA positive / Protein positive",TRUE,0.417684051334994,0.374364453155635
"FT4143PR","plaunotol","C13273","Prenol lipids","Diterpenoids",0.434331169463903,FALSE,-0.116953714923352,-0.373412424389286,0.465915087407956,0.913637146489099,6,-0.876492982501698,0.00428442925207903,0.351323198670481,8,"RNA negative / Protein negative",TRUE,0.624952703445492,0.373412424389286
"FT4409PR","FA(20:5;O)",NA,"Fatty Acyls","Eicosanoids",0.720949646892381,FALSE,-0.463311343976036,-0.543021031200427,0.265529258602249,0.872427299627174,6,-0.370114105810361,0.366806488144473,0.820625930062494,8,"RNA negative / Protein negative",TRUE,0.456567568505394,0.370114105810361
"FT7347PR","PC(15:0/17:1)",NA,"Glycerophospholipids","Glycerophosphocholines",0.889393933869637,FALSE,-0.60175143126747,-0.555810363851997,0.252136357170419,0.872427299627174,6,-0.368550786363541,0.368992576125391,0.821167837023025,8,"RNA negative / Protein negative",TRUE,0.462180575107769,0.368550786363541
"FT5173PR","Car(16:0;O)",NA,"Fatty Acyls","Fatty acid esters",1.78399794391184,TRUE,-0.882705893079301,-0.368516292678063,0.472248601821255,0.913637146489099,6,-0.645644242835592,0.0837708461308678,0.646160695925008,8,"RNA negative / Protein negative",TRUE,0.507080267756827,0.368516292678063
"FT3862NR","FA(20:3;O3)","C00639","Fatty Acyls","Eicosanoids",0.201065157665247,FALSE,0.0646803437132314,0.367527667833897,0.473530689679489,0.913637146489099,6,0.455263080325256,0.25699750938609,0.770668274983688,8,"RNA positive / Protein positive",TRUE,0.411395374079577,0.367527667833897
"FT4120NR","(7Z)-Tetradec-7-enoylcarnitine",NA,"Fatty Acyls","Fatty acid esters",0.415412510214087,FALSE,-0.121853561478336,-0.365873039377752,0.475678887076009,0.915171966698102,6,-0.79905481238437,0.0173506464104732,0.501477491291417,8,"RNA negative / Protein negative",TRUE,0.582463925881061,0.365873039377752
"FT7424PR","PE(O-18:0/19:1)",NA,"Glycerophospholipids","Glycerophosphoethanolamines",0.513361597220416,FALSE,0.214358944248061,0.4768644845636,0.338922702255515,0.876885269600792,6,0.364469979840601,0.374726490330545,0.821167837023025,8,"RNA positive / Protein positive",TRUE,0.420667232202101,0.364469979840601
"FT3210PR","gamma-Camphorene",NA,"Prenol lipids","Monoterpenoids",0.648665569529529,FALSE,-0.187363479507554,-0.361407498834217,0.481491440684814,0.921258038504231,6,-0.80748445354476,0.0153612893358895,0.501477491291417,8,"RNA negative / Protein negative",TRUE,0.584445976189488,0.361407498834217
"FT2058PR","Valerenal",NA,"Prenol lipids","Sesquiterpenoids",1.64945844970608,TRUE,1.02931267725573,0.592687436043791,0.215067992115883,0.855762031526234,6,0.360607680473347,0.380189746747811,0.825231915463969,8,"RNA positive / Protein positive",TRUE,0.476647558258569,0.360607680473347
"FT3696NR","Glycerol 3-phosphate","C00093","Glycerophospholipids","Glycerophosphates",0.809644583729737,FALSE,-0.219338706218687,-0.571951345176099,0.235623729647075,0.866884510440095,6,-0.359225362735733,0.382153589799029,0.825231915463969,8,"RNA negative / Protein negative",TRUE,0.465588353955916,0.359225362735733
"FT4782NR","mLPA(O-16:0)",NA,"Glycerophospholipids","Unclassified",0.311581915527412,FALSE,0.12758008198618,-0.358475582273229,0.485319532891492,0.921585707949619,6,-0.483882866048137,0.224393708867284,0.763986484259788,8,"RNA negative / Protein negative",TRUE,0.421179224160683,0.358475582273229
"FT6529PR","POV-PE",NA,"Glycerophospholipids","Glycerophosphoethanolamines",0.792701953571458,FALSE,0.301448577508062,0.357162934651264,0.487036407529114,0.922095697034763,6,0.376612169657907,0.357782770533566,0.817897131271182,8,"RNA positive / Protein positive",TRUE,0.366887552154586,0.357162934651264
"FT4265PR","(S)-p-Menth-1-ene-4,7-diol 4-glucoside",NA,"Prenol lipids","Terpene glycosides",0.53616330878739,FALSE,-0.354370946983153,-0.357013139285433,0.487232449547484,0.922095697034763,6,-0.404255872248009,0.320552352559314,0.801120750861266,8,"RNA negative / Protein negative",TRUE,0.380634505766721,0.357013139285433
"FT5737PR","Acar(20:1)",NA,"Fatty Acyls","Fatty acid esters",0.362199065582826,FALSE,-0.15499872666542,-0.354267358598076,0.490830188533765,0.922975992558806,6,-0.664024463844349,0.0725264106658625,0.643960614447213,8,"RNA negative / Protein negative",TRUE,0.509145911221212,0.354267358598076
"FT5842PR","9-(5-Hexyl-3-methylfuran-2-yl)nonanoylcarnitine",NA,"Fatty Acyls","Fatty acid esters",0.590850942899758,FALSE,-0.321994208199754,-0.389925796178798,0.444753879350922,0.913166175765406,6,-0.354222131551258,0.389299018073092,0.83238202420963,8,"RNA negative / Protein negative",TRUE,0.372073963865028,0.354222131551258
"FT4649PR","Oryzalide B",NA,"Prenol lipids","Terpene lactones",0.162736561683763,FALSE,0.0641999358503954,-0.537903351426464,0.270963454873419,0.872427299627174,6,-0.352637498185568,0.391574287060566,0.83238202420963,8,"RNA negative / Protein negative",TRUE,0.445270424806016,0.352637498185568
"FT7355PR","PC(21:0/11:0)",NA,"Glycerophospholipids","Glycerophosphocholines",0.784862390736521,FALSE,-0.321797968414171,-0.349422691743198,0.497197556871344,0.927080163013458,6,-0.766660762215383,0.0264626374516083,0.542455027678593,8,"RNA negative / Protein negative",TRUE,0.558041726979291,0.349422691743198
"FT3221PR","Heptanoylcarnitine",NA,"Fatty Acyls","Fatty acid esters",0.108829462089375,FALSE,0.00451958549813185,-0.341408448663612,0.507784565100937,0.931571565774147,6,-0.608610263006576,0.109334004722167,0.675854684599613,8,"RNA negative / Protein negative",TRUE,0.475009355835094,0.341408448663612
"FT1588NR","Isomyristic acid",NA,"Fatty Acyls","Fatty acids and conjugates",0.188119173219306,FALSE,0.0907558983899793,-0.341239098789785,0.508008995533269,0.931571565774147,6,-0.375182442193746,0.359759460561971,0.817897131271182,8,"RNA negative / Protein negative",TRUE,0.358210770491765,0.341239098789785
"FT5031PR","5-Hydroxytrtradeca-7,9-dienoylcarnitine",NA,"Fatty Acyls","Fatty acid esters",1.55275511619252,TRUE,-0.777503449989134,-0.339937264981755,0.509735226282278,0.931571565774147,6,-0.576693650597965,0.134522400683576,0.703511439648221,8,"RNA negative / Protein negative",TRUE,0.45831545778986,0.339937264981755
"FT4912PR","N-(1,1-dimethyl-2-hydroxy-ethyl) arachidonoyl amine",NA,"Fatty Acyls","Fatty amides",0.588773952574339,FALSE,-0.177558911952801,-0.339859854789469,0.509837926651661,0.931571565774147,6,-0.541889081360488,0.165338934205826,0.73412888771035,8,"RNA negative / Protein negative",TRUE,0.440874468074978,0.339859854789469
"FT2309PR","12-amino-dodecanoic acid",NA,"Fatty Acyls","Fatty acids and conjugates",0.319516390927374,FALSE,-0.161826410034322,-0.740633940261096,0.0921822543532869,0.760267849808906,6,-0.339276267615611,0.410988156207366,0.847511079516373,8,"RNA negative / Protein negative",TRUE,0.539955103938354,0.339276267615611
"FT4538NR","FA(22:5;O4)",NA,"Fatty Acyls","Fatty acids and conjugates",3.10644307335935,TRUE,2.40294521794983,0.726257826489904,0.102145761896932,0.760267849808906,6,0.336455530695866,0.415138465389493,0.848861569349546,8,"RNA positive / Protein positive",TRUE,0.531356678592885,0.336455530695866
"FT2864PR","13-amino-tridecanoic acid",NA,"Fatty Acyls","Fatty acids and conjugates",0.170305505203762,FALSE,-0.0971466492957849,-0.77874455647463,0.068015290619407,0.760267849808906,6,-0.336211532051114,0.415498312621003,0.848861569349546,8,"RNA negative / Protein negative",TRUE,0.557478044262872,0.336211532051114
"FT4172NR","FA(20:2;O4)",NA,"Fatty Acyls","Eicosanoids",0.79394090506322,FALSE,-0.316952463232586,0.916864022768834,0.010080085141315,0.543555659481085,6,0.334415025125812,0.418151881177853,0.849389891217013,8,"RNA positive / Protein positive",TRUE,0.625639523947323,0.334415025125812
"FT6659NR","LysoPS(22:5/0:0)",NA,"Glycerophospholipids","Glycerophosphoserines",1.54183632596573,TRUE,0.712743580697798,0.334182918448543,0.517386099568953,0.932714961063584,6,0.411878468635351,0.310623643895274,0.801120750861266,8,"RNA positive / Protein positive",TRUE,0.373030693541947,0.334182918448543
"FT1310NR","2-Hydroxymuconate","C02501","Fatty Acyls","Fatty acids and conjugates",0.363911573573193,FALSE,0.279338665912313,-0.773311078571434,0.071257270564139,0.760267849808906,6,-0.334110931540994,0.418601761309963,0.849389891217013,8,"RNA negative / Protein negative",TRUE,0.553711005056214,0.334110931540994
"FT5424NR","Corbisterol",NA,"Steroids and steroid derivatives","Stigmastanes and derivatives",0.736249881974725,FALSE,0.244569235603982,-0.332861277654869,0.51914803745549,0.932714961063584,6,-0.37932133637284,0.354050773720188,0.817059577575325,8,"RNA negative / Protein negative",TRUE,0.356091307013855,0.332861277654869
"FT0901NR","Dihydroxyacetone phosphate","C00111","Organooxygen compounds","Carbohydrates and carbohydrate conjugates",1.16210122307745,FALSE,0.341028830988061,0.91774635271229,0.00987024353004868,0.543555659481085,6,0.330355839098213,0.424174017468212,0.852015245462087,8,"RNA positive / Protein positive",TRUE,0.624051095905252,0.330355839098213
"FT6209PR","Lipoxin D4",NA,"Fatty Acyls","Eicosanoids",0.324031377295789,FALSE,0.212325895473766,-0.847218776841051,0.0332300357661321,0.717627196300257,6,-0.328163953011538,0.427441003735487,0.854084537831274,8,"RNA negative / Protein negative",TRUE,0.587691364926294,0.328163953011538
"FT6275PR","LysoPC(0:0/18:1)",NA,"Glycerophospholipids","Glycerophosphocholines",0.0972701743447456,FALSE,-0.0148274496140362,-0.327549199914486,0.526247327752458,0.934141862527685,6,-0.358369200707742,0.383372178760887,0.825231915463969,8,"RNA negative / Protein negative",TRUE,0.342959200311114,0.327549199914486
"FT3159PR","5-propylideneisolongifolane",NA,"Prenol lipids","Sesquiterpenoids",0.352810830330019,FALSE,0.128778344141911,-0.326744096029399,0.527325734235311,0.934141862527685,6,-0.388327889121453,0.34177281532852,0.804638828109801,8,"RNA negative / Protein negative",TRUE,0.357535992575426,0.326744096029399
"FT4768PR","DG(8:0/8:0/0:0)",NA,"Glycerolipids","Diradylglycerols",0.400034706618255,FALSE,-0.358694791115934,-0.481422079957217,0.333655808399544,0.876885269600792,6,-0.325507949175194,0.431413887177332,0.855463668172405,8,"RNA negative / Protein negative",TRUE,0.403465014566205,0.325507949175194
"FT4852PR","Myristoylcarnitine",NA,"Fatty Acyls","Fatty acid esters",1.69343682807486,TRUE,-0.807694570285787,-0.325342715083714,0.529204346074275,0.934141862527685,6,-0.634206617548441,0.0912486908777927,0.648983036141036,8,"RNA negative / Protein negative",TRUE,0.479774666316078,0.325342715083714
"FT4831NR","DG(2:0/18:1-O/0:0)",NA,"Glycerolipids","Diradylglycerols",1.17172054378746,FALSE,-0.453871526179685,-0.442857830531053,0.379140570208795,0.878952884966552,6,-0.322921419772229,0.435297648907356,0.855874127808828,8,"RNA negative / Protein negative",TRUE,0.382889625151641,0.322921419772229
"FT2475NR","12S-HHT","C20388","Fatty Acyls","Fatty acids and conjugates",0.161052987465847,FALSE,0.0585139709502287,0.325596922532064,0.528863427426223,0.934141862527685,6,0.322102562008121,0.436530220528984,0.855874127808828,8,"RNA positive / Protein positive",TRUE,0.323849742270093,0.322102562008121
"FT3863NR","Grayanotoxin",NA,"Prenol lipids","Diterpenoids",0.2826396843335,FALSE,0.109915152446897,0.508291690849629,0.30322369693276,0.876885269600792,6,0.320378352711291,0.439130300427933,0.857349634168821,8,"RNA positive / Protein positive",TRUE,0.41433502178046,0.320378352711291
"FT3483NR","Glycerophosphoinositol","C01225","Glycerophospholipids","Glycerophosphoinositols",1.10985538010562,FALSE,0.419375187342363,0.85284619810153,0.0308881101441731,0.717627196300257,6,0.311870985382509,0.452052601763262,0.86488870185752,8,"RNA positive / Protein positive",TRUE,0.58235859174202,0.311870985382509
"FT4439PR","FA(23:6)",NA,"Fatty Acyls","Fatty acids and conjugates",0.220217726139887,FALSE,0.0527758800960646,-0.311849085776444,0.547390010101096,0.934141862527685,6,-0.457860268857121,0.253946365136967,0.770668274983688,8,"RNA negative / Protein negative",TRUE,0.384854677316783,0.311849085776444
"FT5961PR","PE(18:1(11Z)/0:0)",NA,"Glycerophospholipids","Glycerophosphoethanolamines",0.363992945552682,FALSE,-0.0706726862597198,-0.310788907120525,0.54882614993025,0.934141862527685,6,-0.628235651689617,0.0953000895350228,0.649388909815683,8,"RNA negative / Protein negative",TRUE,0.469512279405071,0.310788907120525
"FT2802PR","Car(4:0;O)",NA,"Fatty Acyls","Fatty acid esters",2.14212813607318,FALSE,2.5691464507277,0.749046244668237,0.086564424858065,0.760267849808906,6,0.310493945224373,0.454158718366645,0.86488870185752,8,"RNA positive / Protein positive",TRUE,0.529770094946305,0.310493945224373
"FT2624PR","8-[(Aminomethyl)sulfanyl]-6-sulfanyloctanoic acid",NA,"Fatty Acyls","Fatty acids and conjugates",0.0816174576623837,FALSE,0.0486447810887642,0.683585490043964,0.134337796729242,0.777485875998432,6,0.308146689036597,0.457757923444515,0.86488870185752,8,"RNA positive / Protein positive",TRUE,0.49586608954028,0.308146689036597
"FT3959PR","1-O-(2R-hydroxy-4Z-hexadecenyl)-sn-glycerol",NA,"Fatty Acyls","Fatty alcohols",0.972787188050431,FALSE,-0.296252152683968,-0.461899112163758,0.356424601952472,0.876885269600792,6,-0.306581207123178,0.460164791964604,0.86488870185752,8,"RNA negative / Protein negative",TRUE,0.384240159643468,0.306581207123178
"FT5378PR","Armillarin",NA,"Prenol lipids","Sesquiterpenoids",0.991614484923616,FALSE,-0.405759400823853,-0.778010830283175,0.0684490638078031,0.760267849808906,6,-0.305952041167034,0.461133549963437,0.865168463861416,8,"RNA negative / Protein negative",TRUE,0.541981435725104,0.305952041167034
"FT5388PR","13-Hydroxyhexadecanoylcarnitine",NA,"Fatty Acyls","Fatty acid esters",1.1862608517704,FALSE,-0.441635968760718,-0.305947403646211,0.555397816432102,0.934141862527685,6,-0.554519066648455,0.1537526860202,0.731820831113888,8,"RNA negative / Protein negative",TRUE,0.430233235147333,0.305947403646211
"FT5718PR","(11Z,14Z)-eicosadienoylcarnitine",NA,"Fatty Acyls","Fatty acid esters",0.373012110373838,FALSE,0.138231657574013,-0.307056926500384,0.553889881140427,0.934141862527685,6,-0.304939472526619,0.462694380236047,0.865663770031763,8,"RNA negative / Protein negative",TRUE,0.305998199513501,0.304939472526619
"FT6820NR","LysoPC(20:5/0:0)","C04230","Glycerophospholipids","Glycerophosphocholines",0.83134274765982,FALSE,0.405008246627863,0.300870184440076,0.562312539318189,0.934141862527685,6,0.448834143002502,0.264628571881578,0.770668274983688,8,"RNA positive / Protein positive",TRUE,0.374852163721289,0.300870184440076
"FT5991PR","(11Z)-Docos-11-enoylcarnitine",NA,"Fatty Acyls","Fatty acid esters",0.108229317735793,FALSE,-0.00612694487418604,-0.300711025003851,0.562529678549925,0.934141862527685,6,-0.707503418490039,0.0496395475858806,0.584128132428263,8,"RNA negative / Protein negative",TRUE,0.504107221746945,0.300711025003851
"FT3862PR","FA(20:3)",NA,"Fatty Acyls","Fatty acids and conjugates",0.0426470671439154,FALSE,0.0052117968893305,-0.299869198904616,0.563678551193098,0.934141862527685,6,-0.678198839744496,0.0644979915772253,0.632530718869754,8,"RNA negative / Protein negative",TRUE,0.489034019324556,0.299869198904616
"FT3425NR","ent-16b,19-Kauranediol 19-acetate",NA,"Prenol lipids","Diterpenoids",0.902171502701858,FALSE,0.340034242048547,0.299843957337039,0.563713009190233,0.934141862527685,6,0.351808116709416,0.392767459963999,0.833360485829246,8,"RNA positive / Protein positive",TRUE,0.325826037023227,0.299843957337039
"FT2271NR","FA(17:1)",NA,"Fatty Acyls","Fatty acids and conjugates",0.270000164951781,FALSE,0.138742480661416,-0.297489024051266,0.566930311504266,0.934141862527685,6,-0.745702413291068,0.0336696325490559,0.552990747215335,8,"RNA negative / Protein negative",TRUE,0.521595718671167,0.297489024051266
"FT6029NR","LPC(17:1/0:0)",NA,"Glycerophospholipids","Glycerophosphocholines",0.0427711652937927,FALSE,0.0402108938651001,-0.296679974788954,0.568036776270809,0.934141862527685,6,-0.404866883526674,0.319751032663835,0.801120750861266,8,"RNA negative / Protein negative",TRUE,0.350773429157814,0.296679974788954
"FT4613NR","D-Erythrose 4-phosphate","C00279","Organooxygen compounds","Carbohydrates and carbohydrate conjugates",0.880699135387336,FALSE,0.335677154119912,0.822828431434785,0.0443039601366958,0.717627196300257,6,0.2966165841894,0.475603821400967,0.870407434033231,8,"RNA positive / Protein positive",TRUE,0.559722507812092,0.2966165841894
"FT3827NR","Prostaglandin E2","C00584","Fatty Acyls","Eicosanoids",0.12580858042902,FALSE,0.0563171234053617,0.295992008673301,0.568978104766283,0.934141862527685,6,0.455195454867102,0.257077199026679,0.770668274983688,8,"RNA positive / Protein positive",TRUE,0.375593731770201,0.295992008673301
"FT2662NR","FA(19:4)",NA,"Fatty Acyls","Fatty acids and conjugates",0.61064565312346,FALSE,0.289659023018748,0.295356699252918,0.569847757573245,0.934141862527685,6,0.392254015023417,0.336483233696516,0.804638828109801,8,"RNA positive / Protein positive",TRUE,0.343805357138167,0.295356699252918
"FT6064PR","LysoPC(0:0/16:1)",NA,"Glycerophospholipids","Glycerophosphocholines",0.0411674243000706,FALSE,0.0253143773039305,-0.333749784660264,0.517963336834579,0.932714961063584,6,-0.294096462539092,0.479540589878875,0.870407434033231,8,"RNA negative / Protein negative",TRUE,0.313923123599678,0.294096462539092
"FT5143NR","10-Hydroxydodec-10-enedioylcarnitine",NA,"Fatty Acyls","Fatty acid esters",1.52171552663752,TRUE,0.812032383597581,0.833236309169592,0.0393963330268868,0.717627196300257,6,0.293280348720403,0.480818216650278,0.870407434033231,8,"RNA positive / Protein positive",TRUE,0.563258328944998,0.293280348720403
"FT4064NR","Phosphoribosyl formamidocarboxamide","C04734","Imidazole ribonucleosides and ribonucleotides","1-ribosyl-imidazolecarboxamides",0.392344418074022,FALSE,0.0958519808205276,-0.807478321744565,0.0520290257269524,0.717627196300257,6,-0.292531497101206,0.481991722497863,0.870407434033231,8,"RNA negative / Protein negative",TRUE,0.550004909422885,0.292531497101206
"FT7881PR","PC(22:5(4Z,7Z,10Z,13Z,16Z)/20:5(5Z,8Z,11Z,14Z,17Z))","C00157","Glycerophospholipids","Glycerophosphocholines",0.766368630435105,FALSE,0.238335616266946,0.291600992982001,0.574996092826154,0.934141862527685,6,0.652584699247794,0.079413474783567,0.645250270564314,8,"RNA positive / Protein positive",TRUE,0.472092846114897,0.291600992982001
"FT5939NR","LysoPE(0:0/20:5)",NA,"Glycerophospholipids","Glycerophosphoethanolamines",0.964169099404045,FALSE,0.354270078282017,0.291062234054398,0.575735641172062,0.934141862527685,6,0.6413513632446,0.0865340542583286,0.646160695925008,8,"RNA positive / Protein positive",TRUE,0.466206798649499,0.291062234054398
"FT1865NR","Ethyl 3-hydroxydodecanoate",NA,"Fatty Acyls","Fatty alcohols",0.276969831621344,FALSE,-0.0764496629974667,-0.509249719149047,0.302158629626092,0.876885269600792,6,-0.289605710075491,0.486587410011035,0.874160699899228,8,"RNA negative / Protein negative",TRUE,0.399427714612269,0.289605710075491
"FT1390NR","2-Oxo-3-hydroxy-4-phosphobutanoic acid","C06054","Keto acids and derivatives","Short-chain keto acids and derivatives",1.00572917585655,FALSE,0.474060901165982,0.713901585820942,0.11106954690888,0.763351397664114,6,0.288891640356143,0.487711628178796,0.874993577453336,8,"RNA positive / Protein positive",TRUE,0.501396613088542,0.288891640356143
"FT6209NR","LysoPS(20:5/0:0)",NA,"Glycerophospholipids","Glycerophosphoserines",0.926037907596197,FALSE,0.287361087811216,0.716409836914772,0.109231431088133,0.760267849808906,6,0.287844555625304,0.489361969488595,0.875700366453275,8,"RNA positive / Protein positive",TRUE,0.502127196270038,0.287844555625304
"FT4841NR","Mycolipanolic acid (C26)",NA,"Fatty Acyls","Fatty acids and conjugates",0.928701516477325,FALSE,-0.586192718316902,-0.282892841188369,0.586980463228272,0.934141862527685,6,-0.398175454777861,0.328578063868822,0.802167812667491,8,"RNA negative / Protein negative",TRUE,0.340534147983115,0.282892841188369
"FT2058NR","Isopalmitic acid",NA,"Fatty Acyls","Fatty acids and conjugates",0.0319936651349464,FALSE,0.0192904551272508,-0.282298787838493,0.587800381224675,0.934141862527685,6,-0.470326419225751,0.239556954633167,0.765922923758338,8,"RNA negative / Protein negative",TRUE,0.376312603532122,0.282298787838493
"FT2057PR","3,4-Dihydrocadalene",NA,"Prenol lipids","Sesquiterpenoids",0.650226628840865,FALSE,0.335520213525981,0.387808768493616,0.447449221405676,0.913166175765406,6,0.280162673953907,0.501535574505741,0.886808924867588,8,"RNA positive / Protein positive",TRUE,0.333985721223762,0.280162673953907
"FT3369NR","avocadene acetate",NA,"Fatty Acyls","Fatty alcohols",1.4583870867184,TRUE,-0.639680055466536,-0.279909811673328,0.591100679758677,0.93484979445667,6,-0.42620111504633,0.292372246290314,0.785453819016463,8,"RNA negative / Protein negative",TRUE,0.353055463359829,0.279909811673328
"FT4445NR","Eicosanedioic acid",NA,"Fatty Acyls","Fatty acids and conjugates",1.46456151777857,TRUE,-0.7167833049931,-0.624791910912387,0.184760559521893,0.842783223920486,6,-0.272771343349143,0.513356628303046,0.89789101612854,8,"RNA negative / Protein negative",TRUE,0.448781627130765,0.272771343349143
"FT5496PR","Stearoylcarnitine",NA,"Organonitrogen compounds","Quaternary ammonium salts",0.53027476276777,FALSE,-0.206586218546854,-0.270944336452615,0.603528620100628,0.939617085707373,6,-0.480392524657699,0.228249153153996,0.76410571770673,8,"RNA negative / Protein negative",TRUE,0.375668430555157,0.270944336452615
"FT1779PR","2-Hydroxyadipic acid","C02360","Fatty Acyls","Fatty acids and conjugates",0.693580384983774,FALSE,0.226119444447699,-0.270195025519614,0.604570303169014,0.939617085707373,6,-0.349296618593478,0.396390264368181,0.83722428565037,8,"RNA negative / Protein negative",TRUE,0.309745822056546,0.270195025519614
"FT6182PR","LysoPC(P-18:0/0:0)","C04230","Glycerophospholipids","Glycerophosphocholines",0.416457434430152,FALSE,-0.115332874565185,-0.267568296725248,0.608225535807714,0.941660674157451,6,-0.578970909154876,0.132627853892242,0.70272845909954,8,"RNA negative / Protein negative",TRUE,0.423269602940062,0.267568296725248
"FT5232NR","Ursolic aldehyde",NA,"Prenol lipids","Triterpenoids",0.610613025252264,FALSE,0.278218595290114,-0.266846629560003,0.609230746141005,0.941660674157451,6,-0.528135363814969,0.178476785042601,0.738625629999979,8,"RNA negative / Protein negative",TRUE,0.397490996687486,0.266846629560003
"FT3744NR","FAHFA(18:5/2-O-3:0)",NA,"Fatty Acyls","Fatty acid esters",0.451399645266835,FALSE,-0.178041166999885,-0.475543382482141,0.34045497524178,0.876885269600792,6,-0.261994910853703,0.530776233237196,0.91110093783846,8,"RNA negative / Protein negative",TRUE,0.368769146667922,0.261994910853703
"FT1993NR","2-(3-Mercaptopropyl)pentanedioic acid",NA,"Fatty Acyls","Fatty acids and conjugates",0.590317487315573,FALSE,-0.373861602401838,-0.413866858707609,0.414644465118201,0.899856267857053,6,-0.258377107778264,0.536672263644511,0.91110093783846,8,"RNA negative / Protein negative",TRUE,0.336121983242937,0.258377107778264
"FT2657NR","D-Sedoheptulose 7-phosphate","C20956","Organooxygen compounds","Carbohydrates and carbohydrate conjugates",1.62129898670833,TRUE,0.716684023370249,0.578428336129826,0.229122581286035,0.866884510440095,6,0.255077991065874,0.542069563797368,0.911573238881185,8,"RNA positive / Protein positive",TRUE,0.41675316359785,0.255077991065874
"FT7075NR","PC(22:5(7Z,10Z,13Z,16Z,19Z)/0:0)","C04230","Glycerophospholipids","Glycerophosphocholines",0.530333038915245,FALSE,-0.153230547122438,-0.254736651014707,0.626160051094558,0.94775694349568,6,-0.498023754922022,0.209121060726523,0.740970788276183,8,"RNA negative / Protein negative",TRUE,0.376380202968365,0.254736651014707
"FT2517PR","geniposidie acid_qt",NA,"Prenol lipids","Monoterpenoids",1.15269651264491,FALSE,1.41630246033814,-0.251297602986626,0.630988378307559,0.951478587993934,6,-0.415254707619694,0.306273497998348,0.801120750861266,8,"RNA negative / Protein negative",TRUE,0.33327615530316,0.251297602986626
"FT4713PR","2-Ethylhexyl diphenyl phosphate",NA,"Organic phosphoric acids and derivatives","Phosphate esters",0.767455833860035,FALSE,0.302355925433917,0.38778799612821,0.447475694094972,0.913166175765406,6,0.247148540420003,0.555121222301806,0.912481150339734,8,"RNA positive / Protein positive",TRUE,0.317468268274106,0.247148540420003
"FT6140PR","(9Z,12Z,15Z,18Z,21Z)-Tetracosa-9,12,15,18,21-pentaenoylcarnitine",NA,"Fatty Acyls","Fatty acid esters",4.34417090085531,TRUE,5.28892182645012,0.619246662483259,0.189860159440388,0.842783223920486,6,0.24620486999599,0.556681823872376,0.912481150339734,8,"RNA positive / Protein positive",TRUE,0.432725766239625,0.24620486999599
"FT2764PR","S-3-oxodecanoyl cysteamine",NA,"Fatty Acyls","Fatty acyl thioesters",0.164334448239531,FALSE,-0.122793890499572,-0.878321116236242,0.0213078525184761,0.67419337390447,6,-0.243941839073796,0.560430611197082,0.912481150339734,8,"RNA negative / Protein negative",TRUE,0.561131477655019,0.243941839073796
"FT3878PR","2-Aminoethyl oleate",NA,"Fatty Acyls","Fatty acid esters",0.690447678688414,FALSE,-0.434372345067802,-0.240294830029108,0.646495259576576,0.952289076557119,6,-0.594809162914193,0.119865376550238,0.684804651274721,8,"RNA negative / Protein negative",TRUE,0.41755199647165,0.240294830029108
"FT5079PR","2-Hydroxymyristoylcarnitine",NA,"Fatty Acyls","Fatty acid esters",1.42102290090082,TRUE,-0.586822849685052,-0.237852315230284,0.649949622755272,0.952289076557119,6,-0.479175238460695,0.229601718035829,0.76410571770673,8,"RNA negative / Protein negative",TRUE,0.35851377684549,0.237852315230284
"FT4616PR","ent-16beta-Methoxy-19-kauranoic acid",NA,"Prenol lipids","Diterpenoids",0.23284460216943,FALSE,-0.0856688662075015,-0.441978478503157,0.380201419763781,0.878952884966552,6,-0.236124496855787,0.573447648717731,0.918463204116019,8,"RNA negative / Protein negative",TRUE,0.339051487679472,0.236124496855787
"FT5724PR","FA(21:4;O6)",NA,"Fatty Acyls","Fatty acid esters",0.148488728995517,FALSE,0.164026288645195,0.765444754581623,0.0760720799047157,0.760267849808906,6,0.235245153984882,0.574918334377617,0.918463204116019,8,"RNA positive / Protein positive",TRUE,0.500344954283252,0.235245153984882
"FT2793PR","Pyridoxal 5'-phosphate","C00018","Pyridines and derivatives","Pyridine carboxaldehydes",0.88799207770465,FALSE,-0.282489036812203,-0.235100843449939,0.653846029529602,0.952289076557119,6,-0.680992746309423,0.0629808717701958,0.622661952111014,8,"RNA negative / Protein negative",TRUE,0.458046794879681,0.235100843449939
"FT6422PR","FA(32:6;O2)",NA,"Fatty Acyls","Fatty acids and conjugates",0.919895489708268,FALSE,0.387288646391611,0.234836242941672,0.654221017312749,0.952289076557119,6,0.464523974717467,0.246201787592975,0.767471827294385,8,"RNA positive / Protein positive",TRUE,0.349680108829569,0.234836242941672
"FT3032NR","[(2R,3S,5R)-5-(2,4-Dioxopyrimidin-1-yl)-3-hydroxyoxolan-2-yl]methoxy-fluorophosphinic acid",NA,"Pyrimidine nucleosides","Pyrimidine 2'-deoxyribonucleosides",0.734847404075601,FALSE,-0.398828249082134,0.846631863454499,0.0334789317707464,0.717627196300257,6,0.234176789606165,0.576706888896514,0.918463204116019,8,"RNA positive / Protein positive",TRUE,0.540404326530332,0.234176789606165
"FT7096PR","Cer(m18:0/24:1)",NA,"Fatty Acyls","Fatty amides",0.677105050458915,FALSE,0.935928871050771,-0.231514532837425,0.658932672025889,0.952289076557119,6,-0.234102499975645,0.576831328109247,0.918463204116019,8,"RNA negative / Protein negative",TRUE,0.232808516406535,0.231514532837425
"FT4816PR","trans-2-Tetradecenoylcarnitine",NA,"Fatty Acyls","Fatty acid esters",1.78345164570326,TRUE,-1.06594446811853,-0.230947940351863,0.659737118978895,0.952289076557119,6,-0.537873742789397,0.169118459538772,0.734427204352176,8,"RNA negative / Protein negative",TRUE,0.38441084157063,0.230947940351863
"FT3776PR","FA(17:1;O)",NA,"Fatty Acyls","Fatty acids and conjugates",0.581347680896063,FALSE,-0.334538573165686,-0.230358318898004,0.660574498575943,0.952289076557119,6,-0.519459621019002,0.187042112580558,0.738625629999979,8,"RNA negative / Protein negative",TRUE,0.374908969958503,0.230358318898004
"FT6714NR","PHOHA-PE",NA,"Glycerophospholipids","Glycerophosphoethanolamines",1.07808860395608,FALSE,-0.393463843453487,-0.230098388838537,0.660943727236734,0.952289076557119,6,-0.758738588366272,0.0290617093932035,0.542455027678593,8,"RNA negative / Protein negative",TRUE,0.494418488602404,0.230098388838537
"FT4131NR","Ribavirin monophosphate",NA,"Triazole ribonucleosides and ribonucleotides","Unclassified",0.43495433414999,FALSE,0.254317636521332,-0.605904402225402,0.202363252552223,0.842783223920486,6,-0.229141202281954,0.585162376794695,0.921245484888119,8,"RNA negative / Protein negative",TRUE,0.417522802253678,0.229141202281954
"FT6468PR","PC(20:3(8Z,11Z,14Z)/0:0)",NA,"Glycerophospholipids","Glycerophosphocholines",0.329334784300249,FALSE,0.0928389780590456,0.244313652619206,0.64082095952646,0.952289076557119,6,0.228301913723409,0.586575701231746,0.92137436256367,8,"RNA positive / Protein positive",TRUE,0.236307783171308,0.228301913723409
"FT7910PR","PE(22:6-OH/22:1)",NA,"Glycerophospholipids","Glycerophosphoethanolamines",1.09107143629958,FALSE,0.376047532070382,0.246176181740213,0.638195199567463,0.951478587993934,6,0.22547478459879,0.591344850263212,0.923679352382002,8,"RNA positive / Protein positive",TRUE,0.235825483169501,0.22547478459879
"FT2927NR","hexadecane-1,2-diol",NA,"Fatty Acyls","Fatty alcohols",0.939234190979054,FALSE,0.266332530148162,0.401814631621992,0.429715542876733,0.91031880146262,6,0.224017897835932,0.593807523980262,0.923847866549649,8,"RNA positive / Protein positive",TRUE,0.312916264728962,0.224017897835932
"FT6590NR","Uridine diphosphategalactose","C00052","Pyrimidine nucleotides","Pyrimidine nucleotide sugars",1.22629279555493,TRUE,-0.541886220749871,-0.580675247210802,0.226884255764462,0.866884510440095,6,-0.222170281315135,0.596935543554226,0.924586830793991,8,"RNA negative / Protein negative",TRUE,0.401422764262969,0.222170281315135
"FT5070NR","14-Epi-19-nortachysterol",NA,"Steroids and steroid derivatives","Vitamin D and derivatives",1.70080546333608,TRUE,0.780665156369514,0.896778682985772,0.015432067427903,0.598851755558511,6,0.217942104727313,0.604114138737101,0.929508950772096,8,"RNA positive / Protein positive",TRUE,0.557360393856542,0.217942104727313
"FT1761PR","Phosphorylcholine","C00588","Organonitrogen compounds","Quaternary ammonium salts",0.195567183026659,FALSE,0.17206641111638,-0.217009226075944,0.679595969083826,0.952289076557119,6,-0.280774088736953,0.500562435979044,0.886808924867588,8,"RNA negative / Protein negative",TRUE,0.248891657406449,0.217009226075944
"FT5368PR","(10Z)-7-Hydroxyhexadecenoylcarnitine",NA,"Fatty Acyls","Fatty acid esters",1.01177292074741,FALSE,-0.39026438012247,-0.216291644549379,0.680621819198799,0.952289076557119,6,-0.751386362561816,0.0316093077439689,0.552990747215335,8,"RNA negative / Protein negative",TRUE,0.483839003555597,0.216291644549379
"FT2362NR","D-Glucuronic acid 1-phosphate","C05385","Organooxygen compounds","Carbohydrates and carbohydrate conjugates",0.614562913184714,FALSE,0.324519871394629,0.377093438172139,0.461171084590358,0.913166175765406,6,0.216186568891615,0.607102891463512,0.932050033810723,8,"RNA positive / Protein positive",TRUE,0.296640003531877,0.216186568891615
"FT4601PR","Tridec-6-enoylcarnitine",NA,"Fatty Acyls","Fatty acid esters",2.75144563395776,TRUE,2.55950176752537,0.214277037483091,0.683503671235534,0.952289076557119,6,0.428697135050093,0.289246177926073,0.784067374808866,8,"RNA positive / Protein positive",TRUE,0.321487086266592,0.214277037483091
"FT4683PR","ebelactone a",NA,"Prenol lipids","Terpene lactones",2.85939743955134,TRUE,2.82693904455966,0.213975156696643,0.683935730567265,0.952289076557119,6,0.441005751720614,0.274070698302781,0.773715054965699,8,"RNA positive / Protein positive",TRUE,0.327490454208628,0.213975156696643
"FT6228PR","Phytolaccinic acid",NA,"Prenol lipids","Triterpenoids",2.88040235254986,TRUE,3.1958059295655,0.213243872323054,0.684982605389659,0.952289076557119,6,0.411538416603486,0.311063410144952,0.801120750861266,8,"RNA positive / Protein positive",TRUE,0.31239114446327,0.213243872323054
"FT6570NR","3-O-alpha-L-rhamnopyranosyl-3-hydroxyundecanoyl-3-hydroxydecanoic acid",NA,"Fatty Acyls","Fatty acyl glycosides",0.967543274060597,FALSE,-0.332202521378768,-0.213071005065887,0.685230124655429,0.952289076557119,6,-0.493770483088671,0.21365593883913,0.746457089578315,8,"RNA negative / Protein negative",TRUE,0.353420744077279,0.213071005065887
"FT2131NR","Glucose 6-phosphate","C00092","Organooxygen compounds","Carbohydrates and carbohydrate conjugates",1.41988764924619,TRUE,0.609023180437094,0.212367951008349,0.686236986350929,0.952289076557119,6,0.403266009161696,0.321852532626212,0.801120750861266,8,"RNA positive / Protein positive",TRUE,0.307816980085022,0.212367951008349
"FT5101NR","MG(20:1/0:0)",NA,"Glycerolipids","Monoradylglycerols",1.65787406835721,FALSE,-1.16767410052619,-0.210638457069949,0.688715176863021,0.952289076557119,6,-0.490780454874975,0.216874268623701,0.751801623774117,8,"RNA negative / Protein negative",TRUE,0.350709455972462,0.210638457069949
"FT4128NR","Sedoheptulose 1,7-bisphosphate","C00447","Organooxygen compounds","Carbohydrates and carbohydrate conjugates",1.0723505092177,TRUE,0.508631689375134,0.303113346673716,0.559254658696479,0.934141862527685,6,0.209115130356967,0.619189706833581,0.941022348115419,8,"RNA positive / Protein positive",TRUE,0.256114238515341,0.209115130356967
"FT7310PR","PE(20:3-OH/P-16:0)",NA,"Glycerophospholipids","Glycerophosphoethanolamines",0.895533230009096,FALSE,-0.486100010186938,-0.762796831995839,0.0777248555731256,0.760267849808906,6,-0.204121899662949,0.62776966714909,0.941022348115419,8,"RNA negative / Protein negative",TRUE,0.483459365829394,0.204121899662949
"FT5540NR","LysoPE(P-18:0/0:0)",NA,"Glycerophospholipids","Glycerophosphoethanolamines",0.531999358672388,FALSE,-0.131431001883737,-0.203517537970735,0.698938479005532,0.954635240195577,6,-0.585096209692724,0.127606243843563,0.70272845909954,8,"RNA negative / Protein negative",TRUE,0.394306873831729,0.203517537970735
"FT2989PR","Car(6:0)",NA,"Fatty Acyls","Fatty acid esters",2.26577880677495,TRUE,1.5903234483011,0.858996742581901,0.0284211702604342,0.717627196300257,6,0.20342550560172,0.628969219026935,0.941022348115419,8,"RNA positive / Protein positive",TRUE,0.53121112409181,0.20342550560172
"FT5010PR","13,14-Dihydro-15-keto-20-ethyl prostaglandin f2alpha",NA,"Fatty Acyls","Eicosanoids",2.98565358536553,TRUE,3.05724423695405,0.200131084246926,0.703811243840477,0.954635240195577,6,0.431971215051715,0.285170447953696,0.784067374808866,8,"RNA positive / Protein positive",TRUE,0.31605114964932,0.200131084246926
"FT5925PR","(7Z,10Z,13Z,16Z)-docosatetraenoylcarnitine",NA,"Fatty Acyls","Fatty acid esters",0.522233247133181,FALSE,0.294750907470599,-0.19899713166991,0.705444431614482,0.954635240195577,6,-0.393733195529076,0.334500304963239,0.804638828109801,8,"RNA negative / Protein negative",TRUE,0.296365163599493,0.19899713166991
"FT2445NR","FA(18:3)",NA,"Fatty Acyls","Fatty acids and conjugates",1.1742722220799,FALSE,0.44606144511733,0.335818124023213,0.51520855902851,0.931571565774147,6,0.198350055200149,0.637733059739372,0.941022348115419,8,"RNA positive / Protein positive",TRUE,0.267084089611681,0.198350055200149
"FT5712PR","LysoPE(0:0/16:1)",NA,"Glycerophospholipids","Glycerophosphoethanolamines",0.10695633265723,FALSE,-0.0111125623999853,-0.195474242079567,0.710523189801466,0.954794450893584,6,-0.23852697938206,0.569436143193759,0.914983932164438,8,"RNA negative / Protein negative",TRUE,0.217000610730814,0.195474242079567
"FT2111NR","D-Glucosamine-6-phosphate",NA,"Organooxygen compounds","Carbohydrates and carbohydrate conjugates",0.294324235659006,FALSE,0.171726380824698,-0.190938054851066,0.717073464591172,0.958164446922498,6,-0.35432715410788,0.38914842914779,0.83238202420963,8,"RNA negative / Protein negative",TRUE,0.272632604479473,0.190938054851066
"FT5389PR","12-Hydroxyhexadecanoylcarnitine",NA,"Fatty Acyls","Fatty acid esters",0.131690966756927,FALSE,0.0574075772721809,-0.258155525375964,0.621369005885435,0.946367416587904,6,-0.190462602463475,0.651425158180879,0.941022348115419,8,"RNA negative / Protein negative",TRUE,0.224309063919719,0.190462602463475
"FT2089PR","11-amino-undecanoic acid","C19325","Fatty Acyls","Fatty acids and conjugates",0.82152565506868,FALSE,-0.378063291457419,-0.699915726954822,0.121564476336305,0.765141115763805,6,-0.19044311871472,0.651459088073374,0.941022348115419,8,"RNA negative / Protein negative",TRUE,0.445179422834771,0.19044311871472
"FT7195PR","Butyl 4'-O-butanoyl-6-O-hexadecanoyl-neohesperidoside",NA,"Saccharolipids","Unclassified",2.65439221963766,TRUE,2.5622218052458,0.190319501826327,0.717967577393917,0.958438483833914,6,0.445508296175617,0.268619961635483,0.770668274983688,8,"RNA positive / Protein positive",TRUE,0.317913899000972,0.190319501826327
"FT3664NR","10Z-Nonadecenoic acid",NA,"Fatty Acyls","Fatty acids and conjugates",0.155587287650211,FALSE,0.0387576631823331,-0.460321730295405,0.35828759319147,0.876885269600792,6,-0.190200754767017,0.651881195415792,0.941022348115419,8,"RNA negative / Protein negative",TRUE,0.325261242531211,0.190200754767017
"FT5147PR","(10Z)-12-Hydroxyhexadecenoylcarnitine",NA,"Fatty Acyls","Fatty acid esters",0.565457754333748,FALSE,-0.445987879182387,-0.197821919703154,0.707137853671149,0.954635240195577,6,-0.189910465009964,0.65238687787974,0.941022348115419,8,"RNA negative / Protein negative",TRUE,0.193866192356559,0.189910465009964
"FT1566NR","L-Glutamic acid 5-phosphate","C03287","Carboxylic acids and derivatives","Amino acids, peptides, and analogues",0.40288282465247,FALSE,0.159786931024578,-0.654929646938079,0.158065947122057,0.834619344496697,6,-0.18990928591084,0.652388932097135,0.941022348115419,8,"RNA negative / Protein negative",TRUE,0.422419466424459,0.18990928591084
"FT3773NR","Carbocyclic Thromboxane A2",NA,"Fatty Acyls","Fatty acids and conjugates",0.0315568151880007,FALSE,0.0369139832967983,-0.234117743122912,0.655239512896174,0.952289076557119,6,-0.184685483843985,0.661508377418735,0.941022348115419,8,"RNA negative / Protein negative",TRUE,0.209401613483448,0.184685483843985
"FT4166PR","Farnesylcysteine","C19691","Prenol lipids","Sesquiterpenoids",0.0681669377787018,FALSE,-0.00624664288017261,-0.81351901114107,0.0489202857704938,0.717627196300257,6,-0.184017629344259,0.662676935736856,0.941022348115419,8,"RNA negative / Protein negative",TRUE,0.498768320242665,0.184017629344259
"FT7474NR","PA(20:4-OH(15S)/P-16:0)",NA,"Glycerophospholipids","Glycerophosphates",0.659597209564103,FALSE,-0.146219227492919,-0.182372035585171,0.729474753394135,0.962681972315463,6,-0.80722106077153,0.0154211603499584,0.501477491291417,8,"RNA negative / Protein negative",TRUE,0.49479654817835,0.182372035585171
"FT1955NR","pentalenene","C01841","Prenol lipids","Sesquiterpenoids",0.693380477838832,FALSE,-0.178368536667567,-0.182072546733055,0.729909069894394,0.962681972315463,6,-0.619001291119175,0.101766085453245,0.672331389202956,8,"RNA negative / Protein negative",TRUE,0.400536918926115,0.182072546733055
"FT3600NR","Fructose-1,6-diphosphate",NA,"Organooxygen compounds","Carbohydrates and carbohydrate conjugates",0.609373249606003,FALSE,0.232303444541298,-0.181600989835748,0.730593017459681,0.962681972315463,6,-0.298666778325232,0.472410644160131,0.870407434033231,8,"RNA negative / Protein negative",TRUE,0.24013388408049,0.181600989835748
"FT5483PR","Cetylmannoside",NA,"Fatty Acyls","Fatty acyl glycosides",4.22863598304962,TRUE,5.78271028907271,0.181599981785996,0.730594479667998,0.962681972315463,6,0.27991416868275,0.501931306829646,0.886808924867588,8,"RNA positive / Protein positive",TRUE,0.230757075234373,0.181599981785996
"FT3950NR","FA(24:5)",NA,"Fatty Acyls","Fatty acids and conjugates",1.11144561300281,FALSE,0.393105712221016,0.482364685356523,0.332570239886301,0.876885269600792,6,0.17958719196858,0.670443923833937,0.941022348115419,8,"RNA positive / Protein positive",TRUE,0.330975938662551,0.17958719196858
"FT7344PR","SM(d18:0/18:1(11Z))",NA,"Sphingolipids","Phosphosphingolipids",1.05351145181133,FALSE,-0.927340473721267,-0.498546241192264,0.314137062183509,0.876885269600792,6,-0.178151388955086,0.672966544137449,0.941022348115419,8,"RNA negative / Protein negative",TRUE,0.338348815073675,0.178151388955086
"FT3529PR","Octanoylcarnitine","C02838","Fatty Acyls","Fatty acid esters",0.115168209164611,FALSE,0.188341909586048,-0.176071847726297,0.738621456106288,0.962681972315463,6,-0.479684402936843,0.229035470054052,0.76410571770673,8,"RNA negative / Protein negative",TRUE,0.32787812533157,0.176071847726297
"FT7572PR","PC(20:4-OH(5S)/16:1)",NA,"Glycerophospholipids","Glycerophosphocholines",2.58383182748105,TRUE,2.51172866397173,0.175238770646642,0.739832515028921,0.962681972315463,6,0.450932669010809,0.262125397641534,0.770668274983688,8,"RNA positive / Protein positive",TRUE,0.313085719828726,0.175238770646642
"FT7203NR","3,4-Dihydrospheroidenone",NA,"Prenol lipids","Tetraterpenoids",0.947989227769396,FALSE,0.289678995290047,0.417152394122916,0.410567029336447,0.899856267857053,6,0.174602596002444,0.679212962056837,0.941022348115419,8,"RNA positive / Protein positive",TRUE,0.29587749506268,0.174602596002444
"FT6313PR","LysoPE(0:0/22:6)",NA,"Glycerophospholipids","Glycerophosphoethanolamines",0.202430156647008,FALSE,-0.042502549639825,-0.202388001982333,0.700562994720334,0.954635240195577,6,-0.17323997947246,0.681615640284064,0.941022348115419,8,"RNA negative / Protein negative",TRUE,0.187813990727397,0.17323997947246
"FT2869NR","Eicosapentaenoic acid","C06428","Fatty Acyls","Fatty acids and conjugates",0.467264961658911,FALSE,-0.144169987238334,-0.166967792426839,0.751875695764064,0.969196302601314,6,-0.257692986188141,0.537789864694194,0.91110093783846,8,"RNA negative / Protein negative",TRUE,0.21233038930749,0.166967792426839
"FT6413NR","PE(20:4(8Z,11Z,14Z,17Z)/0:0)",NA,"Glycerophospholipids","Glycerophosphoethanolamines",0.145489360844068,FALSE,0.0543951033657444,-0.166059744075492,0.753200002237254,0.969196302601314,6,-0.383790799926266,0.347933002230018,0.811067901519473,8,"RNA negative / Protein negative",TRUE,0.274925272000879,0.166059744075492
"FT7571NR","PA(a-15:0/20:4-OH)",NA,"Glycerophospholipids","Glycerophosphates",1.178818281173,FALSE,0.401396651840163,0.570568283004768,0.237021304425449,0.866884510440095,6,0.165294538749301,0.695671747782651,0.941022348115419,8,"RNA positive / Protein positive",TRUE,0.367931410877035,0.165294538749301
"FT4495NR","N-Stearoyl Taurine",NA,"Fatty Acyls","Fatty amides",0.605920371259431,FALSE,-0.211172154560504,0.486729569174834,0.327560144438833,0.876885269600792,6,0.162941503331049,0.6998492173665,0.941022348115419,8,"RNA positive / Protein positive",TRUE,0.324835536252941,0.162941503331049
"FT3752NR","Adenosine monophosphate","C00020","Purine nucleotides","Purine ribonucleotides",0.00204964774581758,FALSE,0.0153816340817158,0.162084534200086,0.759002292209979,0.970179334647934,6,0.455164918227344,0.257113187369572,0.770668274983688,8,"RNA positive / Protein positive",TRUE,0.308624726213715,0.162084534200086
"FT7104NR","OKOHA-PA",NA,"Glycerophospholipids","Glycerophosphates",0.967041548490377,FALSE,0.407031256126396,0.772710180951507,0.0716200215235235,0.760267849808906,6,0.161879093210146,0.701737534561275,0.941022348115419,8,"RNA positive / Protein positive",TRUE,0.467294637080827,0.161879093210146
"FT0897NR","Phosphodimethylethanolamine","C13482","Organic phosphoric acids and derivatives","Phosphate esters",0.15474699079846,FALSE,0.0303705076920629,-0.161057022738681,0.760503324306945,0.970179334647934,6,-0.206356019518514,0.62392616737906,0.941022348115419,8,"RNA negative / Protein negative",TRUE,0.183706521128597,0.161057022738681
"FT6174NR","Phosphoaminophosphonic acid-guanylate ester",NA,"Purine nucleotides","Purine ribonucleotides",0.5686493436629,FALSE,0.200572402022646,-0.548142666422219,0.260133578044758,0.872427299627174,6,-0.159890710649213,0.705275245431332,0.941022348115419,8,"RNA negative / Protein negative",TRUE,0.354016688535716,0.159890710649213
"FT4222PR","EPA (d5)","C06428","Fatty Acyls","Fatty acids and conjugates",0.124695349308704,FALSE,-0.0871334468665038,-0.801080307230312,0.0554180352024795,0.72308367718528,6,-0.158005359771815,0.708633911259787,0.941022348115419,8,"RNA negative / Protein negative",TRUE,0.479542833501063,0.158005359771815
"FT7006NR","PHHdiA-PE",NA,"Glycerophospholipids","Glycerophosphoethanolamines",0.710579472035881,FALSE,0.170879234529165,0.600382020447302,0.207633391744126,0.849464846811998,6,0.155263071995348,0.71352648968617,0.941022348115419,8,"RNA positive / Protein positive",TRUE,0.377822546221325,0.155263071995348
"FT7527PR","PC(21:0/15:1)",NA,"Glycerophospholipids","Glycerophosphocholines",0.122692926327698,FALSE,0.137522493932044,0.406641181539852,0.423658720890759,0.902464442203746,6,0.154883197382924,0.714204909832219,0.941022348115419,8,"RNA positive / Protein positive",TRUE,0.280762189461388,0.154883197382924
"FT4571NR","PA(15:0/0:0)",NA,"Glycerophospholipids","Glycerophosphates",0.495791767607001,FALSE,-0.101081539708292,-0.154776036166356,0.769689823810347,0.970179334647934,6,-0.600012700213723,0.115830246468126,0.683335624083641,8,"RNA negative / Protein negative",TRUE,0.37739436819004,0.154776036166356
"FT7338PR","DG(i-16:0/0:0/LTE4)",NA,"Fatty Acyls","Eicosanoids",2.51251632042194,TRUE,2.3606698268655,0.154739281029318,0.7697436360913,0.970179334647934,6,0.435055865682512,0.281356370874842,0.781296376493086,8,"RNA positive / Protein positive",TRUE,0.294897573355915,0.154739281029318
"FT5686PR","(8Z,11Z,14Z,17Z)-Icosa-8,11,14,17-tetraenoylcarnitine",NA,"Fatty Acyls","Fatty acid esters",0.569833176945924,FALSE,-0.170431315188284,-0.154159896200559,0.770591981754575,0.970179334647934,6,-0.67127786638847,0.0683486267145659,0.632530718869754,8,"RNA negative / Protein negative",TRUE,0.412718881294514,0.154159896200559
"FT6013NR","LysoPE(0:0/20:2)",NA,"Glycerophospholipids","Glycerophosphoethanolamines",0.053929261293049,FALSE,0.0216922397601652,-0.153541744209614,0.771497262155599,0.970179334647934,6,-0.580407883519048,0.131440078306601,0.70272845909954,8,"RNA negative / Protein negative",TRUE,0.366974813864331,0.153541744209614
"FT6596PR","PC(18:1/2:0)",NA,"Glycerophospholipids","Glycerophosphocholines",0.0330540805677941,FALSE,-0.0102652583616863,-0.487080740243319,0.327158269521556,0.876885269600792,6,-0.146462993060086,0.729283911035729,0.944488235197464,8,"RNA negative / Protein negative",TRUE,0.316771866651702,0.146462993060086
"FT7359PR","PA(5-iso PGF2VI/19:2)",NA,"Fatty Acyls","Eicosanoids",2.60380672439955,TRUE,2.59194921060995,0.146093867905165,0.782418269404716,0.970179334647934,6,0.404437009118925,0.320314699105786,0.801120750861266,8,"RNA positive / Protein positive",TRUE,0.275265438512045,0.146093867905165
"FT7821PR","PC(PGF1alpha/P-16:0)",NA,"Fatty Acyls","Eicosanoids",2.27548647745523,FALSE,2.05637442589772,0.145021359164475,0.783992947467169,0.970179334647934,6,0.427921928176132,0.290215315494957,0.784067374808866,8,"RNA positive / Protein positive",TRUE,0.286471643670303,0.145021359164475
"FT7151NR","FA(40:6)",NA,"Fatty Acyls","Fatty acids and conjugates",0.351721570791476,FALSE,-0.111592950521355,0.342168007808144,0.506778323068321,0.931571565774147,6,0.14338832719333,0.73480927454348,0.944488235197464,8,"RNA positive / Protein positive",TRUE,0.242778167500737,0.14338832719333
"FT2117PR","Car(2:0)","C02571","Fatty Acyls","Fatty acid esters",0.784206096846968,FALSE,-0.347376449225657,-0.238889785574051,0.648481842155695,0.952289076557119,6,-0.143109875599487,0.735310163952945,0.944488235197464,8,"RNA negative / Protein negative",TRUE,0.190999830586769,0.143109875599487
"FT4667PR","3-hydroxydodecanoyl carnitine",NA,"Fatty Acyls","Fatty acid esters",1.35438638947589,TRUE,-0.546085895998188,-0.142454409205459,0.787763818281441,0.970179334647934,6,-0.461724129325024,0.249441042980771,0.770668274983688,8,"RNA negative / Protein negative",TRUE,0.302089269265241,0.142454409205459
"FT3829PR","8,11,14,17-eicosatetraenoic acid",NA,"Fatty Acyls","Fatty acids and conjugates",0.0114496905721079,FALSE,-0.0010308766207727,-0.783168324819947,0.0654266866931652,0.760267849808906,6,-0.14150309777266,0.738202085161026,0.944488235197464,8,"RNA negative / Protein negative",TRUE,0.462335711296303,0.14150309777266
"FT3795PR","14(R)-Hydroxy-retro-vitamin A",NA,"Prenol lipids","Retinoids",0.381482190093717,FALSE,-0.171647483622654,-0.353241591006742,0.492176289522487,0.923262841337711,6,-0.140981300817901,0.739141808097717,0.944488235197464,8,"RNA negative / Protein negative",TRUE,0.247111445912322,0.140981300817901
"FT5883PR","Cervonyl carnitine",NA,"Fatty Acyls","Fatty acid esters",0.649774549686291,FALSE,-0.209059684837686,-0.139536765226592,0.792053278071227,0.970179334647934,6,-0.468331173590974,0.241831457581964,0.767471827294385,8,"RNA negative / Protein negative",TRUE,0.303933969408783,0.139536765226592
"FT7217PR","PA(PGJ2/a-15:0)",NA,"Fatty Acyls","Eicosanoids",2.54895517813215,TRUE,2.44808304632822,0.138290709054953,0.793886294318652,0.970179334647934,6,0.418455240867995,0.302176865134921,0.79985900943627,8,"RNA positive / Protein positive",TRUE,0.278372974961474,0.138290709054953
"FT6136PR","LysoPE(20:4/0:0)",NA,"Glycerophospholipids","Glycerophosphoethanolamines",0.0602897883239757,FALSE,0.0279773895426264,-0.153579179881397,0.771442432793435,0.970179334647934,6,-0.135892586016163,0.748320898456684,0.945471237871938,8,"RNA negative / Protein negative",TRUE,0.14473588294878,0.135892586016163
"FT6667PR","LysoPC(22:4/0:0)","C04230","Glycerophospholipids","Glycerophosphocholines",0.0746630135447767,FALSE,0.0629814266783962,-0.135553230869228,0.797915527207748,0.970179334647934,6,-0.533140609252038,0.173632976644373,0.738625629999979,8,"RNA negative / Protein negative",TRUE,0.334346920060633,0.135553230869228
"FT7357PR","PE(21:0/14:0)",NA,"Glycerophospholipids","Glycerophosphoethanolamines",0.193463754718806,FALSE,-0.0536128015969062,-0.13353019320949,0.800895152722225,0.970179334647934,6,-0.512547362902788,0.194019691969707,0.738625629999979,8,"RNA negative / Protein negative",TRUE,0.323038778056139,0.13353019320949
"FT3987NR","SCHEMBL16685713",NA,"Fatty Acyls","Fatty acids and conjugates",0.939027424368453,FALSE,0.38655527258371,0.187751110632353,0.721682492393796,0.961800479900299,6,0.131692444179594,0.755916724520798,0.945471237871938,8,"RNA positive / Protein positive",TRUE,0.159721777405973,0.131692444179594
"FT5425PR","Drophiobiolin B",NA,"Prenol lipids","Sesterterpenoids",1.31309746964949,FALSE,0.851485507436849,0.129721929525843,0.806508571691987,0.970179334647934,6,0.35254367233269,0.391709187863356,0.83238202420963,8,"RNA positive / Protein positive",TRUE,0.241132800929266,0.129721929525843
"FT6082PR","LysoPC(0:0/16:0)",NA,"Glycerophospholipids","Glycerophosphocholines",0.140181768853212,FALSE,-0.0291815851397677,-0.372593045351035,0.466973154309678,0.913637146489099,6,-0.129339685818821,0.760179130424927,0.945471237871938,8,"RNA negative / Protein negative",TRUE,0.250966365584928,0.129339685818821
"FT6180PR","(13Z)-3-Hydroxyicos-13-enoylcarnitine",NA,"Fatty Acyls","Fatty acid esters",0.36251904806021,FALSE,0.165686990864795,-0.129016746862091,0.807548642287932,0.970179334647934,6,-0.285554157628346,0.492979492369672,0.880460366680138,8,"RNA negative / Protein negative",TRUE,0.207285452245219,0.129016746862091
"FT3028NR","D-ribulose-1,5-bisphosphate","C01182","Organooxygen compounds","Carbohydrates and carbohydrate conjugates",1.054757593155,FALSE,-0.565564560673653,-0.126844991769723,0.810752958229182,0.970179334647934,6,-0.398609276401722,0.328002362550619,0.802167812667491,8,"RNA negative / Protein negative",TRUE,0.262727134085722,0.126844991769723
"FT3246NR","FA(18:4)",NA,"Fatty Acyls","Fatty acids and conjugates",0.121313899776002,FALSE,0.000273442353997514,-0.126509128596692,0.811248668550405,0.970179334647934,6,-0.615573973848623,0.104228013884911,0.675854684599613,8,"RNA negative / Protein negative",TRUE,0.371041551222657,0.126509128596692
"FT4333NR","FA(22:3;O3)",NA,"Fatty Acyls","Eicosanoids",0.0107516416829457,FALSE,0.0130713408824974,-0.126429722873037,0.81136587205169,0.970179334647934,6,-0.127033972995193,0.764361428779436,0.945471237871938,8,"RNA negative / Protein negative",TRUE,0.126731847934115,0.126429722873037
"FT7679PR","PC(18:2/18:2)",NA,"Glycerophospholipids","Glycerophosphocholines",1.72548878230559,FALSE,-2.27649686124251,-0.408831022507106,0.420920048168452,0.899856267857053,6,-0.12640692230106,0.765499692336608,0.945471237871938,8,"RNA negative / Protein negative",TRUE,0.267618972404083,0.12640692230106
"FT6334PR","LysoPE(22:5/0:0)",NA,"Glycerophospholipids","Glycerophosphoethanolamines",1.14079698239734,FALSE,0.485732052413946,0.492073467905653,0.321464222027769,0.876885269600792,6,0.125703256427446,0.766777469484283,0.945471237871938,8,"RNA positive / Protein positive",TRUE,0.30888836216655,0.125703256427446
"FT3902NR","13,14-Dihydroprostaglandin F2alpha",NA,"Fatty Acyls","Eicosanoids",0.00809330451569232,FALSE,-0.0193865515936691,0.124229660436508,0.814614128049971,0.970179334647934,6,0.2379563171586,0.57038811840093,0.914983932164438,8,"RNA positive / Protein positive",TRUE,0.181092988797554,0.124229660436508
"FT4141NR","19-Hydroxyprostaglandin E1",NA,"Fatty Acyls","Eicosanoids",0.301819388079297,FALSE,0.188715726048662,0.577035562420345,0.230514433605654,0.866884510440095,6,0.12349926055773,0.770782636848483,0.945471237871938,8,"RNA positive / Protein positive",TRUE,0.350267411489038,0.12349926055773
"FT5982NR","Acetyl-4,4'-diapolycopene-4,4'-dioate",NA,"Prenol lipids","Triterpenoids",0.730685723857861,FALSE,0.279123050791315,0.712113636963834,0.112388033711942,0.763983744376561,6,0.122151198281058,0.773234564702769,0.945471237871938,8,"RNA positive / Protein positive",TRUE,0.417132417622446,0.122151198281058
"FT6631NR","LysoPS(22:6/0:0)",NA,"Glycerophospholipids","Glycerophosphoserines",0.81720556639081,FALSE,0.417641217349462,-0.121540092189586,0.818587556472487,0.970179334647934,6,-0.376597791446793,0.357802624690825,0.817897131271182,8,"RNA negative / Protein negative",TRUE,0.24906894181819,0.121540092189586
"FT1872NR","O-Phosphothreonine","C12147","Carboxylic acids and derivatives","Amino acids, peptides, and analogues",0.654560535753741,FALSE,0.180081135837397,0.537785429785182,0.271089169379986,0.872427299627174,6,0.118777165373736,0.779378587111432,0.945471237871938,8,"RNA positive / Protein positive",TRUE,0.328281297579459,0.118777165373736
"FT3220NR","20-Hydroxyeicosatetraenoic acid","C14748","Fatty Acyls","Fatty acids and conjugates",0.429000566621999,FALSE,-0.189993028532587,-0.361501968490064,0.481368249824571,0.921258038504231,6,-0.118052013945261,0.780700382941708,0.945471237871938,8,"RNA negative / Protein negative",TRUE,0.239776991217663,0.118052013945261
"FT5742NR","LysoPC(15:0/0:0)","C04230","Glycerophospholipids","Glycerophosphocholines",0.615024508076417,FALSE,0.147405264960763,0.579181161769309,0.228371654631877,0.866884510440095,6,0.115715127718456,0.784963136102503,0.945471237871938,8,"RNA positive / Protein positive",TRUE,0.347448144743882,0.115715127718456
"FT3250NR","(-)-Spongiane-15,16-diol",NA,"Prenol lipids","Diterpenoids",0.191623560859423,FALSE,-0.0306678770988703,-0.115398739859147,0.827670265171308,0.970179334647934,6,-0.128385163534459,0.761909914169089,0.945471237871938,8,"RNA negative / Protein negative",TRUE,0.121891951696803,0.115398739859147
"FT5636NR","2-Methylthio-adenosine-5'-diphosphate",NA,"Purine nucleotides","Purine ribonucleotides",0.546453690014105,FALSE,-0.291676395277219,-0.115300352522457,0.827815882534535,0.970179334647934,6,-0.373784223359112,0.361697368034186,0.817897131271182,8,"RNA negative / Protein negative",TRUE,0.244542287940784,0.115300352522457
"FT2768NR","cis-12-Octadecenoic Acid methyl ester",NA,"Fatty Acyls","Fatty acid esters",0.425142263952137,FALSE,0.174698709456228,-0.10323305570937,0.845700497065967,0.977347207301409,6,-0.612948610971252,0.106136657704202,0.675854684599613,8,"RNA negative / Protein negative",TRUE,0.358090833340311,0.10323305570937
"FT2305NR","15-Methylpalmitate",NA,"Fatty Acyls","Fatty acids and conjugates",1.02328054156002,FALSE,0.432483575587645,-0.272736060712147,0.601039639253196,0.939617085707373,6,-0.103220209014606,0.807832402383126,0.956544900851634,8,"RNA negative / Protein negative",TRUE,0.187978134863377,0.103220209014606
"FT7942PR","PI(22:2/TXB2)",NA,"Glycerophospholipids","Unclassified",1.13600542254421,TRUE,0.547776534845882,0.217359067808895,0.679095958992499,0.952289076557119,6,0.101958642174055,0.810148311086237,0.957074930669308,8,"RNA positive / Protein positive",TRUE,0.159658854991475,0.101958642174055
"FT3266PR","Glutarylcarnitine",NA,"Carboxylic acids and derivatives","Tricarboxylic acids and derivatives",1.62570375488506,FALSE,-1.27874059616829,0.569611156002288,0.23799039212059,0.866884510440095,6,0.0977173304337302,0.817943003329936,0.957074930669308,8,"RNA positive / Protein positive",TRUE,0.333664243218009,0.0977173304337302
"FT4892PR","MG(18:3/0:0/0:0)",NA,"Fatty Acyls","Lineolic acids and derivatives",0.44944211546136,FALSE,0.212084926742113,0.0949121143776837,0.858059327282176,0.978015994612137,6,0.331914577039736,0.421857181734692,0.850374670932717,8,"RNA positive / Protein positive",TRUE,0.21341334570871,0.0949121143776837
"FT4879PR","N-Benzyloctadecanamide",NA,"Fatty Acyls","Fatty amides",0.0871913086163031,FALSE,0.0502936926110973,0.797983980866928,0.0570935234347462,0.72308367718528,6,0.0936587428655739,0.825414118028398,0.959844421108281,8,"RNA positive / Protein positive",TRUE,0.445821361866251,0.0936587428655739
"FT4145PR","N-(14-Methylhexadecanoyl)pyrrolidine",NA,"Pyrrolidines","N-acylpyrrolidines",0.481300433450354,FALSE,-0.169031349091919,-0.102881696010823,0.846221939014763,0.977347207301409,6,-0.0925086297258942,0.827533371952524,0.959844421108281,8,"RNA negative / Protein negative",TRUE,0.0976951628683585,0.0925086297258942
"FT5752PR","5-methylnonadecanoylcarnitine",NA,"Fatty Acyls","Fatty acid esters",0.458976915610813,FALSE,0.235353811189232,-0.0918233992228382,0.862652007343443,0.978015994612137,6,-0.482399640623711,0.226027953706315,0.763986484259788,8,"RNA negative / Protein negative",TRUE,0.287111519923274,0.0918233992228382
"FT3111NR","5'-phosphoribosyl-N-formylglycinamide","C04376","Glycinamide ribonucleotides","Unclassified",0.316772736255686,FALSE,0.122713321497181,-0.090461808543758,0.864677426998477,0.978015994612137,6,-0.16863535073927,0.689752115912349,0.941022348115419,8,"RNA negative / Protein negative",TRUE,0.129548579641514,0.090461808543758
"FT5995NR","LysoPE(20:3/0:0)",NA,"Glycerophospholipids","Glycerophosphoethanolamines",0.693535499863708,FALSE,0.189688115426929,0.827706577577602,0.0419702679760333,0.717627196300257,6,0.0894061547915903,0.833254648234754,0.959844421108281,8,"RNA positive / Protein positive",TRUE,0.458556366184596,0.0894061547915903
"FT5814PR","MG(24:1/0:0)",NA,"Glycerolipids","Monoradylglycerols",0.0256920742723635,FALSE,0.0196533302093481,0.510186244492886,0.301118823088364,0.876885269600792,6,0.0892707623275085,0.833504472965544,0.959844421108281,8,"RNA positive / Protein positive",TRUE,0.299728503410197,0.0892707623275085
"FT6395NR","LysoPS(20:4/0:0)",NA,"Glycerophospholipids","Glycerophosphoserines",1.01563846056678,FALSE,0.341894447956346,0.28547745547153,0.583416648782633,0.934141862527685,6,0.0890682195714231,0.833878225424243,0.959844421108281,8,"RNA positive / Protein positive",TRUE,0.187272837521476,0.0890682195714231
"FT4808PR","Nonanedioylcarnitine",NA,"Fatty Acyls","Fatty acid esters",0.319306352048956,FALSE,-0.0867631931352194,-0.087410985437515,0.86921746154423,0.978015994612137,6,-0.105991733431534,0.802748905141769,0.954400656359683,8,"RNA negative / Protein negative",TRUE,0.0967013594345247,0.087410985437515
"FT5119PR","19-Hydroxyprostaglandin F",NA,"Fatty Acyls","Eicosanoids",1.00765640581285,FALSE,0.509119425406232,0.639209031058718,0.171773082453563,0.842783223920486,6,0.086164714808839,0.839239025794006,0.959844421108281,8,"RNA positive / Protein positive",TRUE,0.362686872933778,0.086164714808839
"FT4081NR","Nervonic acid","C08323","Fatty Acyls","Fatty acids and conjugates",1.18367194761454,TRUE,-0.536993518313918,-0.246819385105351,0.637289017224221,0.951478587993934,6,-0.0860979646318034,0.839362332288781,0.959844421108281,8,"RNA negative / Protein negative",TRUE,0.166458674868577,0.0860979646318034
"FT3903NR","FA(24:6)",NA,"Fatty Acyls","Fatty acids and conjugates",0.443970660702014,FALSE,0.147128188509162,-0.0859332259594144,0.871417448844705,0.978015994612137,6,-0.0919675814662733,0.828530648944813,0.959844421108281,8,"RNA negative / Protein negative",TRUE,0.0889504037128438,0.0859332259594144
"FT4441NR","16,17S-DHA-epoxide",NA,"Fatty Acyls","Fatty acids and conjugates",0.4789675845041,FALSE,-0.218593798636155,-0.358232062996128,0.485637903613998,0.921585707949619,6,-0.0851925975036198,0.841035083120657,0.959844421108281,8,"RNA negative / Protein negative",TRUE,0.221712330249874,0.0851925975036198
"FT6409PR","PC(9:0/9:0)",NA,"Glycerophospholipids","Glycerophosphocholines",0.0711508062707211,FALSE,-0.0510194414948386,-0.210854405967182,0.688405640268829,0.952289076557119,6,-0.0841280718465348,0.843002558951272,0.959844421108281,8,"RNA negative / Protein negative",TRUE,0.147491238906858,0.0841280718465348
"FT4412NR","Shibic acid","C21948","Fatty Acyls","Fatty acids and conjugates",1.06285849112892,FALSE,0.554505129469067,-0.0834292507031316,0.875146476086882,0.978015994612137,6,-0.116477864165136,0.783571297330795,0.945471237871938,8,"RNA negative / Protein negative",TRUE,0.0999535574341338,0.0834292507031316
"FT2476NR","FA(18:2)","C04056","Fatty Acyls","Lineolic acids and derivatives",0.142711151624601,FALSE,0.089544258318765,-0.0824071466487686,0.876669090931205,0.978015994612137,6,-0.350220290844633,0.395056188098151,0.836218942996864,8,"RNA negative / Protein negative",TRUE,0.216313718746701,0.0824071466487686
"FT1216PR","4-Trimethylammoniobutanoic acid","C01181","Fatty Acyls","Fatty acids and conjugates",0.402870015233489,FALSE,-0.155934224534339,-0.08236971493736,0.87672485737685,0.978015994612137,6,-0.410844100985077,0.311962241956631,0.801120750861266,8,"RNA negative / Protein negative",TRUE,0.246606907961218,0.08236971493736
"FT0986NR","Phosphonoacetic acid","C05682","Organic phosphonic acids and derivatives","Organic phosphonic acids",0.185741189673996,FALSE,0.0513417164901601,-0.336296189294574,0.514572446165992,0.931571565774147,6,-0.0814984647678389,0.847865671264772,0.961235429246558,8,"RNA negative / Protein negative",TRUE,0.208897327031207,0.0814984647678389
"FT6256NR","LysoPE(22:4/0:0)",NA,"Glycerophospholipids","Glycerophosphoethanolamines",0.668943844819038,FALSE,0.206305490787879,0.272328221786163,0.601605960033029,0.939617085707373,6,0.0801141004343891,0.85042756641553,0.961471488176052,8,"RNA positive / Protein positive",TRUE,0.176221161110276,0.0801141004343891
"FT4570PR","9-Deoxy-delta12-PGD2",NA,"Fatty Acyls","Eicosanoids",0.538079552295385,FALSE,-0.221288228790551,-0.0784521468284804,0.882563206014554,0.978015994612137,6,-0.292322287939811,0.48231976988051,0.870407434033231,8,"RNA negative / Protein negative",TRUE,0.185387217384146,0.0784521468284804
"FT5848PR","LysoPC(0:0/14:0)",NA,"Glycerophospholipids","Glycerophosphocholines",0.0684861936520427,FALSE,-0.000426661655435957,-0.0778498677268955,0.883461106937985,0.978015994612137,6,-0.22274509786983,0.595961796287332,0.924586830793991,8,"RNA negative / Protein negative",TRUE,0.150297482798363,0.0778498677268955
"FT4876NR","Ascorbyl palmitate",NA,"Fatty Acyls","Fatty acid esters",0.639411944291155,FALSE,-0.275116651325703,-0.509117337647353,0.302305718474261,0.876885269600792,6,-0.077751585011697,0.854802252987071,0.961471488176052,8,"RNA negative / Protein negative",TRUE,0.293434461329525,0.077751585011697
"FT7896PR","PC(20:5-3OH/20:0)",NA,"Glycerophospholipids","Glycerophosphocholines",3.86626772055152,TRUE,5.07050646337039,0.0766733708267595,0.885215317688189,0.978015994612137,6,0.5743288476137,0.136505623998399,0.708742861088057,8,"RNA positive / Protein positive",TRUE,0.32550110922023,0.0766733708267595
"FT7903PR","Cyclotricuspidoside C",NA,"Prenol lipids","Terpene glycosides",0.0567629840951648,FALSE,-0.0680828353462028,0.0760585473139656,0.886132174673848,0.978015994612137,6,0.22312186447935,0.59532383293147,0.924586830793991,8,"RNA positive / Protein positive",TRUE,0.149590205896658,0.0760585473139656
"FT4105PR","Toxin T2 tetrol",NA,"Prenol lipids","Sesquiterpenoids",1.78004284693788,FALSE,-1.44561315588727,0.208520539687846,0.691752512022345,0.954591016094327,6,0.0743009039997746,0.861197690039947,0.962718187582748,8,"RNA positive / Protein positive",TRUE,0.14141072184381,0.0743009039997746
"FT3420PR","5-Methylthioribulose 1-phosphate","C04582","Organooxygen compounds","Carbonyl compounds",0.437365227243242,FALSE,0.146444429355949,0.586660647341569,0.220964736257442,0.865298849559908,6,0.0734565707982717,0.86276358016523,0.963657162832967,8,"RNA positive / Protein positive",TRUE,0.33005860906992,0.0734565707982717
"FT6056NR","alpha-Tocopherol phosphate",NA,"Prenol lipids","Quinone and hydroquinone lipids",0.657223091630967,FALSE,0.234359218562497,0.246182822061392,0.63818584273419,0.951478587993934,6,0.0729713691557806,0.863663606277104,0.963657162832967,8,"RNA positive / Protein positive",TRUE,0.159577095608586,0.0729713691557806
"FT6195PR","Cer(d14:1/18:0)",NA,"Fatty Acyls","Fatty amides",0.527222994920692,FALSE,0.171522191750832,-0.248150436275873,0.635414728655719,0.951478587993934,6,-0.0727299279156361,0.864111516170164,0.963657162832967,8,"RNA negative / Protein negative",TRUE,0.160440182095754,0.0727299279156361
"FT3707NR","(+/-)-13-HDoHE",NA,"Fatty Acyls","Fatty acids and conjugates",0.383810444007017,FALSE,-0.157035315723439,-0.409173749870929,0.42049195579543,0.899856267857053,6,-0.0701157749770115,0.868963167311941,0.966747530114003,8,"RNA negative / Protein negative",TRUE,0.23964476242397,0.0701157749770115
"FT3198NR","Topsentolide A2",NA,"Fatty Acyls","Eicosanoids",0.643941248964767,FALSE,-0.244787493443437,-0.217270713091284,0.679222232140582,0.952289076557119,6,-0.0678606653207092,0.873151341745565,0.969483763568964,8,"RNA negative / Protein negative",TRUE,0.142565689205997,0.0678606653207092
"FT2303NR","FA(13:3;O)",NA,"Fatty Acyls","Fatty acids and conjugates",0.556381537981303,FALSE,0.183127380910514,0.0917278949292959,0.862794057167686,0.978015994612137,6,0.067668126676006,0.87350904378954,0.969483763568964,8,"RNA positive / Protein positive",TRUE,0.079698010802651,0.067668126676006
"FT5311PR","Corchoionol C 9-glucoside",NA,"Fatty Acyls","Fatty acyl glycosides",2.13637991698917,FALSE,-1.83422298735287,0.139681094240527,0.79184100415085,0.970179334647934,6,0.0601779778289856,0.887438405454919,0.975210952430674,8,"RNA positive / Protein positive",TRUE,0.0999295360347564,0.0601779778289856
"FT5681NR","LysoPE(0:0/18:2)",NA,"Glycerophospholipids","Glycerophosphoethanolamines",0.885849045479326,FALSE,0.278688969255213,0.368872090616207,0.471787453225942,0.913637146489099,6,0.0581591218170666,0.891197299898125,0.975715762917644,8,"RNA positive / Protein positive",TRUE,0.213515606216637,0.0581591218170666
"FT4023NR","Guanosine monophosphate","C00144","Purine nucleotides","Purine ribonucleotides",0.302344657581843,FALSE,0.107077980161097,0.0580017501687353,0.913094939578515,0.981796961216194,6,0.514081575102886,0.192459270643772,0.738625629999979,8,"RNA positive / Protein positive",TRUE,0.286041662635811,0.0580017501687353
"FT2651NR","(R)-Mevalonic acid-5-pyrophosphate",NA,"Organic oxoanionic compounds","Organic pyrophosphates",0.719099327883577,FALSE,0.20658283890785,0.0551797864160476,0.917314326326357,0.982237676396091,6,0.571798427269054,0.138645619217224,0.708914427173625,8,"RNA positive / Protein positive",TRUE,0.313489106842551,0.0551797864160476
"FT4774NR","6-Thioinosine-5'-monophosphate","C04646","Purine nucleotides","Purine ribonucleotides",0.73378686604366,FALSE,0.206048013561314,-0.0486281868067761,0.927115215339931,0.986100328824774,6,-0.0778720994868986,0.854579016351374,0.961471488176052,8,"RNA negative / Protein negative",TRUE,0.0632501431468373,0.0486281868067761
"FT2722PR","Genipin","C09780","Prenol lipids","Monoterpenoids",1.74863450671109,FALSE,2.32688225852491,-0.139568933762443,0.792005964990703,0.970179334647934,6,-0.0453103337599514,0.915159331719014,0.983847731131081,8,"RNA negative / Protein negative",TRUE,0.0924396337611971,0.0453103337599514
"FT1087NR","3-Phosphoglyceric acid","C00597","Organooxygen compounds","Carbohydrates and carbohydrate conjugates",1.08645937713356,FALSE,-0.552638436142055,-0.0433566841896693,0.935005724707708,0.987233402057824,6,-0.391812213771378,0.337076551235963,0.804638828109801,8,"RNA negative / Protein negative",TRUE,0.217584448980524,0.0433566841896693
"FT3627NR","5-amino-1-(5-phosphonato-D-ribosyl)imidazol-3-ium",NA,"Organooxygen compounds","Carbohydrates and carbohydrate conjugates",0.259153144277289,FALSE,0.0675242776067132,0.398074977053532,0.434427748773764,0.911446453309662,6,0.0429340856978252,0.919597462026577,0.983847731131081,8,"RNA positive / Protein positive",TRUE,0.220504531375679,0.0429340856978252
"FT4016NR","WE(20:3/4:0)",NA,"Fatty Acyls","Fatty alcohol esters",0.268638236600424,FALSE,0.089511509191281,-0.0424065752908708,0.936428267309636,0.987233402057824,6,-0.49034696029477,0.217342937145602,0.751801623774117,8,"RNA negative / Protein negative",TRUE,0.26637676779282,0.0424065752908708
"FT0144NR","Methylphosphonfluoridate",NA,"Organic phosphonic acids and derivatives","Organic phosphonic acids",0.94313996085091,FALSE,0.448110773504595,-0.037477272112183,0.943810411106638,0.989226335184295,6,-0.362563513384896,0.377418800829391,0.821206109634071,8,"RNA negative / Protein negative",TRUE,0.200020392748539,0.037477272112183
"FT7030PR","LPS(O-27:2;O/0:0)",NA,"Glycerophospholipids","Glycerophosphoserines",0.229706736699201,FALSE,-0.0556482524633867,-0.0362578211070442,0.945637101141708,0.989226335184295,6,-0.174544950665961,0.679314559452821,0.941022348115419,8,"RNA negative / Protein negative",TRUE,0.105401385886502,0.0362578211070442
"FT3195PR","2-amino-hexadecanoic acid",NA,"Fatty Acyls","Fatty acids and conjugates",0.564234662299497,FALSE,-0.205292610459219,-0.0353781305532743,0.946954944018606,0.989226335184295,6,-0.187325149299757,0.656895561917409,0.941022348115419,8,"RNA negative / Protein negative",TRUE,0.111351639926516,0.0353781305532743
"FT4646PR","Pantetheine 4'-phosphate","C01134","Carboxylic acids and derivatives","Amino acids, peptides, and analogues",0.831055845574988,FALSE,0.375348310120631,0.0351038814344749,0.94736580679753,0.989226335184295,6,0.407970146812978,0.315695861098854,0.801120750861266,8,"RNA positive / Protein positive",TRUE,0.221537014123726,0.0351038814344749
"FT6005NR","(3beta,17alpha,23S)-17,23-Epoxy-3,29-dihydroxy-27-norlanost-8-en-24-one",NA,"Prenol lipids","Triterpenoids",2.34505480633124,FALSE,2.34697470857842,0.0343599636136151,0.948480337388068,0.989226335184295,6,0.0941808959904174,0.824452276825348,0.959844421108281,8,"RNA positive / Protein positive",TRUE,0.0642704298020162,0.0343599636136151
"FT7296NR","10,11-Dihydro-12R-hydroxy-leukotriene C4",NA,"Fatty Acyls","Eicosanoids",0.550797065335235,FALSE,-0.3195125464636,0.0319587043008791,0.952078264200308,0.989344666427277,6,0.412239309302169,0.310157317479269,0.801120750861266,8,"RNA positive / Protein positive",TRUE,0.222099006801524,0.0319587043008791
"FT5937PR","20-hydroxy-LTE4","C03577","Fatty Acyls","Eicosanoids",0.0941583979471513,FALSE,-0.0264549621644865,0.0309906145951933,0.953528960082245,0.989358298889382,6,0.557476229591095,0.151106229003607,0.726352011141478,8,"RNA positive / Protein positive",TRUE,0.294233422093144,0.0309906145951933
"FT4528PR","(1S,2R,4R,8S)-p-Menthane-2,8,9-triol 2-glucoside",NA,"Prenol lipids","Terpene glycosides",1.18206860862621,FALSE,-0.812807210092568,0.0446031365799776,0.933139662757431,0.987233402057824,6,0.0294002186103339,0.944906347806937,0.988855832250127,8,"RNA positive / Protein positive",TRUE,0.0370016775951557,0.0294002186103339
"FT2979NR","cis-8,11,14-Eicosatrienoic Acid","C03242","Fatty Acyls","Fatty acids and conjugates",0.250644767195414,FALSE,0.0758860261851758,-0.132940645012855,0.801763776787902,0.970179334647934,6,-0.0283364469943386,0.946897596121958,0.988855832250127,8,"RNA negative / Protein negative",TRUE,0.080638546003597,0.0283364469943386
"FT7349NR","PA(P-16:0/18:3)",NA,"Glycerophospholipids","Glycerophosphates",0.529723045512707,FALSE,-0.191670154611352,-0.0278049359704095,0.958303344243475,0.990510327022572,6,-0.532575664838903,0.174176112516806,0.738625629999979,8,"RNA negative / Protein negative",TRUE,0.280190300404656,0.0278049359704095
"FT6350PR","POV-PA",NA,"Glycerophospholipids","Glycerophosphates",0.160364441298174,FALSE,0.0812817362150118,0.490373946541683,0.323398359840081,0.876885269600792,6,0.0276597752392394,0.948164367199256,0.988855832250127,8,"RNA positive / Protein positive",TRUE,0.259016860890461,0.0276597752392394
"FT2559NR","WE(14:0/4:0)",NA,"Fatty Acyls","Fatty alcohol esters",0.196352530580325,FALSE,0.0553006084565115,0.63651482226189,0.174170112843889,0.842783223920486,6,0.0269753392937086,0.949445769863335,0.988855832250127,8,"RNA positive / Protein positive",TRUE,0.331745080777799,0.0269753392937086
"FT4028PR","Prostaglandin A2","C05953","Fatty Acyls","Eicosanoids",0.421012996096119,FALSE,-0.123345195618085,-0.333104100369765,0.518824188737796,0.932714961063584,6,-0.0266825569728421,0.949993946707155,0.988855832250127,8,"RNA negative / Protein negative",TRUE,0.179893328671303,0.0266825569728421
"FT4415PR","SCHEMBL25690336",NA,"Fatty Acyls","Fatty acids and conjugates",0.103032790725999,FALSE,-0.042380547429503,-0.143643711251387,0.78601637051447,0.970179334647934,6,-0.0256444609198002,0.951937712593313,0.988855832250127,8,"RNA negative / Protein negative",TRUE,0.0846440860855935,0.0256444609198002
"FT3861NR","13,14-Dihydro-lipoxin A4",NA,"Fatty Acyls","Eicosanoids",0.510557015868436,FALSE,-0.270448274694386,-0.394103240973191,0.439450676913625,0.913166175765406,6,-0.0225388263844949,0.957754010465893,0.992646164007029,8,"RNA negative / Protein negative",TRUE,0.208321033678843,0.0225388263844949
"FT7356PR","PC(15:0/17:0)",NA,"Glycerophospholipids","Glycerophosphocholines",0.388245386808566,FALSE,-0.173778362490901,-0.0215472611797412,0.967684110259696,0.993528848513034,6,-0.141486700443447,0.738231611397816,0.944488235197464,8,"RNA negative / Protein negative",TRUE,0.0815169808115942,0.0215472611797412
"FT1146PR","O-Phosphoethanolamine","C00346","Organic phosphoric acids and derivatives","Phosphate esters",0.0652545689744845,FALSE,-0.0113584593847368,0.197389378831755,0.707761330188999,0.954635240195577,6,0.0184328310886952,0.965446269547486,0.993240569470699,8,"RNA positive / Protein positive",TRUE,0.107911104960225,0.0184328310886952
"FT3541NR","Docosadienoic acid",NA,"Fatty Acyls","Fatty acids and conjugates",0.199725394795398,FALSE,-0.0459420098542365,-0.0164105254280984,0.975386421578957,0.996669318678933,6,-0.597396773525328,0.117849038219912,0.683335624083641,8,"RNA negative / Protein negative",TRUE,0.306903649476713,0.0164105254280984
"FT6488PR","LysoPS(18:0/0:0)",NA,"Glycerophospholipids","Glycerophosphoserines",0.199626215423636,FALSE,0.112619438700679,0.496887721458101,0.316008562994731,0.876885269600792,6,0.0156030109804009,0.970749102333304,0.993556717072413,8,"RNA positive / Protein positive",TRUE,0.256245366219251,0.0156030109804009
"FT3249NR","FA(20:3;O)",NA,"Fatty Acyls","Eicosanoids",0.0316296770908921,FALSE,0.0229073171578145,-0.0150559984076559,0.977417708858622,0.997496722686973,6,-0.37522643674064,0.359698561511316,0.817897131271182,8,"RNA negative / Protein negative",TRUE,0.195141217574148,0.0150559984076559
"FT4600NR","Variabilin",NA,"Prenol lipids","Diterpenoids",1.43895901277318,TRUE,0.653565746457199,0.359113427673076,0.48448593292727,0.921585707949619,6,0.0146698224256824,0.972498028946968,0.993910310997543,8,"RNA positive / Protein positive",TRUE,0.186891625049379,0.0146698224256824
"FT2331NR","FA(16:0;O)",NA,"Fatty Acyls","Fatty acids and conjugates",0.352599601471812,FALSE,0.0779119653419989,0.0131096693689853,0.9803366224829,0.998514767951686,6,0.262653823697685,0.529704955638334,0.91110093783846,8,"RNA positive / Protein positive",TRUE,0.137881746533335,0.0131096693689853
"FT5968PR","Citronellyl beta-sophoroside",NA,"Prenol lipids","Terpene glycosides",1.90094715347244,FALSE,-1.43725635489484,0.247077290394423,0.636925751236401,0.951478587993934,6,0.0129851099947703,0.97565565544563,0.994733110429904,8,"RNA positive / Protein positive",TRUE,0.130031200194597,0.0129851099947703
"FT2335PR","Propionic acid, 2-methyl-2-((piperidinomethyl)thio)-",NA,"Fatty Acyls","Fatty acids and conjugates",0.0198438345767907,FALSE,-0.0608954223614828,-0.733704875678384,0.0969277343663465,0.760267849808906,6,-0.0123460578316965,0.976853493770057,0.994733110429904,8,"RNA negative / Protein negative",TRUE,0.373025466755041,0.0123460578316965
"FT7422PR","PC(O-16:1/18:0)",NA,"Glycerophospholipids","Glycerophosphocholines",0.554633582656745,FALSE,-0.190141647317736,-0.367768381608848,0.473218423160198,0.913637146489099,6,-0.00786611582735242,0.985251641214969,0.998072318857172,8,"RNA negative / Protein negative",TRUE,0.1878172487181,0.00786611582735242
"FT4389PR","(3E,5E,8Z)-Deca-3,5,8-trienedioylcarnitine",NA,"Fatty Acyls","Fatty acid esters",1.51677839440457,FALSE,-0.989987469158321,-0.256181479259067,0.624134241898404,0.946628255336578,6,-0.00713801179744577,0.986616682485784,0.998072318857172,8,"RNA negative / Protein negative",TRUE,0.131659745528257,0.00713801179744577
"FT6388PR","N-[(4E,8E)-1,3-dihydroxyoctadeca-4,8-dien-2-yl]hexadecanamide",NA,"Sphingolipids","Ceramides",0.0513914372440338,FALSE,0.0188913702168151,0.415725103405699,0.412336681278048,0.899856267857053,6,0.00544195279082922,0.989796539968676,0.998178163837201,8,"RNA positive / Protein positive",TRUE,0.210583528098264,0.00544195279082922
"FT3264NR","Uridine 3'-monophosphate","C01368","Ribonucleoside 3'-phosphates","Unclassified",0.399915389411386,FALSE,0.124957396111246,0.00309240967164459,0.995361400278886,0.998514767951686,6,0.667016524607414,0.0707853602178491,0.632530718869754,8,"RNA positive / Protein positive",TRUE,0.335054467139529,0.00309240967164459
"FT3864NR","13,14-Dihydro-15-keto PGF2a",NA,"Fatty Acyls","Eicosanoids",0.214890528009493,FALSE,-0.125665899161203,-0.520738628273865,0.289496070964517,0.876885269600792,6,-0.00178496464766754,0.996653198394459,0.998802702057423,8,"RNA negative / Protein negative",TRUE,0.261261796460766,0.00178496464766754
"FT2569PR","Cadabicilone",NA,"Prenol lipids","Terpene lactones",0.274801326410548,FALSE,-0.0717940557857366,-0.322453703870064,0.533083230413895,0.934141862527685,6,0.309060095914443,0.456355962003775,0.86488870185752,8,"RNA negative / Protein positive",FALSE,0.315756899892254,0.309060095914443
"FT3457NR","dehydroabietadienol",NA,"Prenol lipids","Diterpenoids",0.285543828788054,FALSE,0.193707643436865,0.285139210252722,0.583882716436166,0.934141862527685,6,-0.325876691159245,0.430861395749,0.855463668172405,8,"RNA positive / Protein negative",FALSE,0.305507950705983,0.285139210252722
"FT0043NR","Phosphate","C00009","Non-metal oxoanionic compounds","Non-metal phosphates",0.0651219771320245,FALSE,0.012767070262113,0.46569374376847,0.351957039826834,0.876885269600792,6,-0.275113818906736,0.50959896707981,0.894686347744653,8,"RNA positive / Protein negative",FALSE,0.370403781337603,0.275113818906736
"FT6556NR","PA(14:1/12:0)",NA,"Glycerophospholipids","Glycerophosphates",0.336130854471531,FALSE,0.0685103589785488,-0.284281129063983,0.585065504202104,0.934141862527685,6,0.259499372326861,0.534840733418493,0.91110093783846,8,"RNA negative / Protein positive",FALSE,0.271890250695422,0.259499372326861
"FT5849PR","10-Hydroxyheptadecanoylcarnitine",NA,"Fatty Acyls","Fatty acid esters",0.77120454659261,FALSE,0.353581832057848,0.280849413913474,0.589802073544119,0.93484979445667,6,-0.257584309165799,0.537967480438532,0.91110093783846,8,"RNA positive / Protein negative",FALSE,0.269216861539637,0.257584309165799
"FT5840NR","LysoPC(17:1/0:0)",NA,"Glycerophospholipids","Glycerophosphocholines",1.22150628608138,FALSE,0.777004165530733,0.49309997955748,0.320298066453455,0.876885269600792,6,-0.249977272185425,0.550452493800763,0.912481150339734,8,"RNA positive / Protein negative",FALSE,0.371538625871453,0.249977272185425
"FT3228PR","C16 Sphinganine","C13915","Organonitrogen compounds","Amines",0.462019792744621,FALSE,-0.20490512663259,0.257333148529016,0.622520622701605,0.946367416587904,6,-0.248069780995465,0.553599209233595,0.912481150339734,8,"RNA positive / Protein negative",FALSE,0.25270146476224,0.248069780995465
"FT7236NR","OHHdiA-PE",NA,"Glycerophospholipids","Glycerophosphoethanolamines",0.535172847454425,FALSE,0.178899792271049,0.359224128222013,0.4843413030274,0.921585707949619,6,-0.239691548228938,0.567495122570679,0.914552833368238,8,"RNA positive / Protein negative",FALSE,0.299457838225476,0.239691548228938
"FT3812PR","t17:0 phytosphingosine",NA,"Organonitrogen compounds","Amines",0.862174254967654,FALSE,0.725333824242555,-0.22546460313281,0.66753376150275,0.952289076557119,6,0.35258727052515,0.391646500780053,0.83238202420963,8,"RNA negative / Protein positive",FALSE,0.28902593682898,0.22546460313281
"FT3309NR","Epoxydocosapentaenoic acid",NA,"Fatty Acyls","Fatty acids and conjugates",0.00112573020546159,FALSE,0.0309977410584163,0.204495786686001,0.697532176236177,0.954635240195577,6,-0.261289489356783,0.531924006430824,0.91110093783846,8,"RNA positive / Protein negative",FALSE,0.232892638021392,0.204495786686001
"FT6633PR","LysoPC(22:6/0:0)","C04230","Glycerophospholipids","Glycerophosphocholines",0.0504996106971918,FALSE,0.061059846075461,0.196094678428045,0.709628208743513,0.954635240195577,6,-0.440433610294063,0.274767200839978,0.773788844385717,8,"RNA positive / Protein negative",FALSE,0.318264144361054,0.196094678428045
"FT4010PR","Pristanic acid",NA,"Prenol lipids","Diterpenoids",0.143876313754685,FALSE,-0.00610461886653342,-0.341971025884835,0.50703922221079,0.931571565774147,6,0.193590139639703,0.645985530523443,0.941022348115419,8,"RNA negative / Protein positive",FALSE,0.267780582762269,0.193590139639703
"FT6274NR","LysoPA(22:4/0:0)",NA,"Glycerophospholipids","Glycerophosphates",0.505155417458906,FALSE,0.288580664622782,0.430940003877277,0.393604774601446,0.891700719007511,6,-0.186630486400527,0.658108574591839,0.941022348115419,8,"RNA positive / Protein negative",FALSE,0.308785245138902,0.186630486400527
"FT5859PR","Cepagenin",NA,"Prenol lipids","Triterpenoids",0.00250467594921436,FALSE,0.00161373501722836,0.401034397418127,0.430697301793363,0.91048624132913,6,-0.186112514876592,0.659013475144829,0.941022348115419,8,"RNA positive / Protein negative",FALSE,0.29357345614736,0.186112514876592
"FT6455PR","LysoPC(0:0/20:4)",NA,"Glycerophospholipids","Glycerophosphocholines",0.330732409205966,FALSE,0.12883892494866,0.289832004656257,0.57742531267739,0.934141862527685,6,-0.180735277873455,0.668428737753948,0.941022348115419,8,"RNA positive / Protein negative",FALSE,0.235283641264856,0.180735277873455
"FT7867PR","PC(18:0/22:5)","C00157","Glycerophospholipids","Glycerophosphocholines",0.631124546253301,FALSE,-0.26712884801737,-0.523728903446965,0.286233959674637,0.876885269600792,6,0.174551483162231,0.679303046000619,0.941022348115419,8,"RNA negative / Protein positive",FALSE,0.349140193304598,0.174551483162231
"FT4055PR","4-hydroxysphinganine",NA,"Organonitrogen compounds","Amines",0.78395687941454,FALSE,-0.377170143254302,0.171144783435433,0.745789286143837,0.966387783245823,6,-0.190102716512973,0.652051964331086,0.941022348115419,8,"RNA positive / Protein negative",FALSE,0.180623749974203,0.171144783435433
"FT3130NR","FA(19:0;O)",NA,"Fatty Acyls","Fatty acids and conjugates",0.098065774360205,FALSE,0.109778787204264,0.175440611050619,0.739539062498229,0.962681972315463,6,-0.168678878091444,0.689675079135353,0.941022348115419,8,"RNA positive / Protein negative",FALSE,0.172059744571032,0.168678878091444
"FT3770PR","4-Hydroxy-6-octenoylcarnitine",NA,"Fatty Acyls","Fatty acid esters",1.61357857769856,FALSE,0.901541757394166,-0.381181849017948,0.455920011952997,0.913166175765406,6,0.166960170624181,0.692718692881156,0.941022348115419,8,"RNA negative / Protein positive",FALSE,0.274071009821065,0.166960170624181
"FT6735NR","Uridine diphosphate glucuronic acid","C00167","Pyrimidine nucleotides","Pyrimidine nucleotide sugars",0.299225060846767,FALSE,-0.141579499787437,-0.252210619639577,0.629705654098013,0.951053816341298,6,0.166435947731816,0.693647742634905,0.941022348115419,8,"RNA negative / Protein positive",FALSE,0.209323283685696,0.166435947731816
"FT2834NR","Dehydroabietic acid",NA,"Prenol lipids","Diterpenoids",0.349140314822963,FALSE,-0.164769924200942,-0.249300535041621,0.633796305895824,0.951478587993934,6,0.161913495522516,0.701676367282231,0.941022348115419,8,"RNA negative / Protein positive",FALSE,0.205607015282068,0.161913495522516
"FT6159PR","(9Z,12Z,15Z,18Z)-Tetracosa-9,12,15,18-tetraenoylcarnitine",NA,"Fatty Acyls","Fatty acid esters",2.48070430509341,FALSE,2.58844721058615,0.16175978621159,0.759476642441438,0.970179334647934,6,-0.155969807455121,0.712264763605219,0.941022348115419,8,"RNA positive / Protein negative",FALSE,0.158864796833355,0.155969807455121
"FT2514NR","FA(18:1)",NA,"Fatty Acyls","Fatty acids and conjugates",0.0248736191413977,FALSE,0.020247287673645,0.160343460769819,0.761546026070762,0.970179334647934,6,-0.14872645066395,0.725222820992739,0.942458694993899,8,"RNA positive / Protein negative",FALSE,0.154534955716885,0.14872645066395
"FT2746PR","FA(16:6)",NA,"Fatty Acyls","Fatty acids and conjugates",0.223618097989555,FALSE,0.0973440892861476,0.311700385015391,0.54759137989383,0.934141862527685,6,-0.145456019313201,0.731092395646877,0.944488235197464,8,"RNA positive / Protein negative",FALSE,0.228578202164296,0.145456019313201
"FT2761NR","(S)-2-Methyl-1-butanol O-beta-D-Glucopyranoside",NA,"Fatty Acyls","Fatty acyl glycosides",2.10332440275017,FALSE,-1.97634068604403,0.143888978716856,0.785656073380397,0.970179334647934,6,-0.172632852409604,0.682686931580206,0.941022348115419,8,"RNA positive / Protein negative",FALSE,0.15826091556323,0.143888978716856
"FT3164NR","ar-Artemisene",NA,"Prenol lipids","Sesquiterpenoids",1.8387987458512,FALSE,1.47677102645869,-0.548342856345177,0.259923549826698,0.872427299627174,6,0.14095223394155,0.739194163988833,0.944488235197464,8,"RNA negative / Protein positive",FALSE,0.344647545143363,0.14095223394155
"FT7399NR","PKODiA-PC","C13900","Glycerophospholipids","Glycerophosphocholines",0.211792849544278,FALSE,0.120003604877866,0.139976819329837,0.791406089606378,0.970179334647934,6,-0.516163995182413,0.190351959286429,0.738625629999979,8,"RNA positive / Protein negative",FALSE,0.328070407256125,0.139976819329837
"FT6047NR","LysoPC(17:0/0:0)","C04230","Glycerophospholipids","Glycerophosphocholines",0.583741763907338,FALSE,0.192226427710479,0.231742179393284,0.658609522629072,0.952289076557119,6,-0.137030472363311,0.746266082521959,0.945471237871938,8,"RNA positive / Protein negative",FALSE,0.184386325878297,0.137030472363311
"FT3049NR","FA(20:1)",NA,"Fatty Acyls","Fatty acids and conjugates",0.0265274747862572,FALSE,0.0185378777574128,0.134095631322756,0.800062182588566,0.970179334647934,6,-0.630862328950769,0.0935053366746272,0.649354375579589,8,"RNA positive / Protein negative",FALSE,0.382478980136762,0.134095631322756
"FT5601PR","12-Methylpentadecanoylcarnitine",NA,"Fatty Acyls","Fatty acid esters",0.00804310084153225,FALSE,0.00759364290446459,0.131360957000569,0.804091927199267,0.970179334647934,6,-0.477027941329241,0.231997645995894,0.76410571770673,8,"RNA positive / Protein negative",FALSE,0.304194449164905,0.131360957000569
"FT6880NR","WE(21:0/16:1)",NA,"Fatty Acyls","Fatty acid esters",0.334177938204314,FALSE,0.180224007926315,0.472281698445602,0.344248669385174,0.876885269600792,6,-0.131307438095676,0.756613860712597,0.945471237871938,8,"RNA positive / Protein negative",FALSE,0.301794568270639,0.131307438095676
"FT3496NR","WE(15:3/7:0)",NA,"Prenol lipids","Sesquiterpenoids",0.58277866119757,FALSE,0.214437652913063,0.130695506608389,0.805072965675399,0.970179334647934,6,-0.335110668761868,0.417123511480946,0.848861569349546,8,"RNA positive / Protein negative",FALSE,0.232903087685129,0.130695506608389
"FT1832NR","Sarcinic acid","C16665","Fatty Acyls","Fatty acids and conjugates",1.12713036095892,FALSE,0.550789444608999,0.127538415214677,0.809729650128746,0.970179334647934,6,-0.136000703967005,0.748125601234895,0.945471237871938,8,"RNA positive / Protein negative",FALSE,0.131769559590841,0.127538415214677
"FT7201NR","SQMG(18:0/0:0)",NA,"Glycerolipids","Glycosylglycerols",0.333772802564941,FALSE,0.153678983408632,0.563016161887132,0.244710215115696,0.872427299627174,6,-0.127009910653096,0.764405101532274,0.945471237871938,8,"RNA positive / Protein negative",FALSE,0.345013036270114,0.127009910653096
"FT2731PR","C14 sphingosine",NA,"Organonitrogen compounds","Amines",0.643131317730465,FALSE,-0.252592845712302,0.287608436497247,0.580482630694447,0.934141862527685,6,-0.11829491267671,0.780257579278708,0.945471237871938,8,"RNA positive / Protein negative",FALSE,0.202951674586979,0.11829491267671
"FT1135NR","N-formylmaleamic acid","C18232","Fatty Acyls","Fatty amides",0.905626553846129,FALSE,-0.41206953462087,-0.309039061470503,0.55119881744388,0.934141862527685,6,0.117195899222275,0.782261487556068,0.945471237871938,8,"RNA negative / Protein positive",FALSE,0.213117480346389,0.117195899222275
"FT7306NR","PHODA-PE",NA,"Glycerophospholipids","Glycerophosphoethanolamines",1.16623505405806,FALSE,0.824404276737949,-0.152841011095515,0.772523694999,0.970179334647934,6,0.117042090028806,0.782542022383102,0.945471237871938,8,"RNA negative / Protein positive",FALSE,0.134941550562161,0.117042090028806
"FT6718NR","LysoPS(22:2/0:0)",NA,"Glycerophospholipids","Glycerophosphoserines",0.597385156816195,FALSE,0.201113645093432,-0.11654330380682,0.825976509775144,0.970179334647934,6,0.208919810476013,0.619524631131806,0.941022348115419,8,"RNA negative / Protein positive",FALSE,0.162731557141416,0.11654330380682
"FT2033NR","Palmitelaidic acid","C08362","Fatty Acyls","Fatty acids and conjugates",0.390236890656804,FALSE,0.177567275347432,0.115383913547905,0.82769220851615,0.970179334647934,6,-0.424464535132002,0.294556792584155,0.788123164802902,8,"RNA positive / Protein negative",FALSE,0.269924224339953,0.115383913547905
"FT2868NR","Epoxyeicosatrienoic acid",NA,"Fatty Acyls","Lineolic acids and derivatives",0.872065540478466,FALSE,0.362741430295379,-0.113474952393034,0.830518155200451,0.970179334647934,6,0.162802250016307,0.700096648538409,0.941022348115419,8,"RNA negative / Protein positive",FALSE,0.138138601204671,0.113474952393034
"FT6734NR","PS(22:1/0:0)",NA,"Glycerophospholipids","Glycerophosphoserines",0.553427455810199,FALSE,0.172541930768549,-0.107734790086652,0.839023042142532,0.975005055656025,6,0.247076098395967,0.55524096895062,0.912481150339734,8,"RNA negative / Protein positive",FALSE,0.177405444241309,0.107734790086652
"FT1435PR","Aminovaleric acid betaine",NA,"Fatty Acyls","Fatty acids and conjugates",0.819741187694427,FALSE,0.254012541577396,-0.0995844680639063,0.851117090789243,0.977347207301409,6,0.441655690623462,0.273280546286294,0.773715054965699,8,"RNA negative / Protein positive",FALSE,0.270620079343684,0.0995844680639063
"FT6607NR","4-(cytidine 5'-diphospho)-2-C-methyl-D-erythritol","C11435","Pyrimidine nucleotides","Pyrimidine ribonucleotides",0.878866558012458,FALSE,0.375317791896282,-0.099546781099135,0.851173060832343,0.977347207301409,6,0.0976280226534301,0.818107275688032,0.957074930669308,8,"RNA negative / Protein positive",FALSE,0.0985874018762825,0.0976280226534301
"FT6704PR","LysoPG(22:6/0:0)",NA,"Glycerophospholipids","Glycerophosphoglycerols",0.043840372147619,FALSE,0.00914863271779664,0.0969849283447369,0.854978731302137,0.978015994612137,6,-0.160188205821077,0.704745649693469,0.941022348115419,8,"RNA positive / Protein negative",FALSE,0.128586567082907,0.0969849283447369
"FT4836PR","MG(18:1-O(9S,10R)/0:0/0:0)",NA,"Glycerolipids","Monoradylglycerols",0.869331552646248,FALSE,-0.386710673654737,0.0962632913294413,0.856051080736717,0.978015994612137,6,-0.562095360404161,0.147022853077735,0.717039432551467,8,"RNA positive / Protein negative",FALSE,0.329179325866801,0.0962632913294413
"FT4027NR","N-palmitoyl taurine",NA,"Fatty Acyls","Fatty amides",0.0330908933776465,FALSE,0.0205786168401644,0.596302356226581,0.211562018056864,0.855473160224122,6,-0.0898887581677421,0.832364252953128,0.959844421108281,8,"RNA positive / Protein negative",FALSE,0.343095557197161,0.0898887581677421
"FT7525PR","PC(18:0/18:1)",NA,"Glycerophospholipids","Glycerophosphocholines",0.325715213037541,FALSE,-0.0955813612937189,-0.231258923291409,0.659295558409995,0.952289076557119,6,0.0860177138752867,0.839510581960499,0.959844421108281,8,"RNA negative / Protein positive",FALSE,0.158638318583348,0.0860177138752867
"FT1453PR","L-Carnitine","C00318","Organonitrogen compounds","Quaternary ammonium salts",0.204002864937124,FALSE,-0.0772561792861025,0.15941870107664,0.762897707506196,0.970179334647934,6,-0.0853564072231983,0.840732390588407,0.959844421108281,8,"RNA positive / Protein negative",FALSE,0.122387554149919,0.0853564072231983
"FT5340PR","26-oxohexacosanoic acid",NA,"Fatty Acyls","Fatty acids and conjugates",0.0977692354835322,FALSE,0.065239381499665,0.561029125875687,0.246749302187423,0.872427299627174,6,-0.0832385372000036,0.844647158048798,0.959844421108281,8,"RNA positive / Protein negative",FALSE,0.322133831537845,0.0832385372000036
"FT2973PR","FA(17:6)",NA,"Fatty Acyls","Fatty acids and conjugates",0.516043922314737,FALSE,0.289900512074963,0.081448211193317,0.878097839234038,0.978015994612137,6,-0.184396354930226,0.662014198904455,0.941022348115419,8,"RNA positive / Protein negative",FALSE,0.132922283061772,0.081448211193317
"FT0179PR","t-4-AMINOCROTONIC ACID (TACA)",NA,"Fatty Acyls","Fatty acids and conjugates",0.714579544026033,FALSE,0.336927034670066,-0.2727298639946,0.601048242931356,0.939617085707373,6,0.0796492498564425,0.85128807327192,0.961471488176052,8,"RNA negative / Protein positive",FALSE,0.176189556925521,0.0796492498564425
"FT2852PR","L-Aspartyl-4-phosphate","C03082","Carboxylic acids and derivatives","Amino acids, peptides, and analogues",0.312501349454061,FALSE,0.0716452548195276,-0.283364391148268,0.586329838751297,0.934141862527685,6,0.0782248194465899,0.853925699207789,0.961471488176052,8,"RNA negative / Protein positive",FALSE,0.180794605297429,0.0782248194465899
"FT6484PR","PC(6:0/6:0)",NA,"Glycerophospholipids","Glycerophosphocholines",0.0929824920594616,FALSE,0.0496653845779473,0.20529092725843,0.696389536978111,0.954635240195577,6,-0.0756339985381968,0.858726155119111,0.961732059380914,8,"RNA positive / Protein negative",FALSE,0.140462462898313,0.0756339985381968
"FT6832NR","PA(14:1/14:1)",NA,"Glycerophospholipids","Glycerophosphates",0.441652504862954,FALSE,0.15193599972233,-0.0727368987605176,0.891087064830197,0.978015994612137,6,0.256131190876176,0.540344420670049,0.91110093783846,8,"RNA negative / Protein positive",FALSE,0.164434044818347,0.0727368987605176
"FT2836NR","11Z-heptadecen-1-ol",NA,"Fatty Acyls","Fatty alcohols",0.261354144400933,FALSE,0.0810386128042162,0.0644264674148726,0.903494008592218,0.981449171646102,6,-0.450978731266485,0.262070586410817,0.770668274983688,8,"RNA positive / Protein negative",FALSE,0.257702599340679,0.0644264674148726
"FT5988NR","Gemcitabine triphosphate",NA,"Diazines","Pyrimidines and pyrimidine derivatives",0.736970085871293,FALSE,-0.210429003679684,0.0641410634174142,0.903920345479212,0.981449171646102,6,-0.106485390045816,0.801844075067162,0.954400656359683,8,"RNA positive / Protein negative",FALSE,0.0853132267316153,0.0641410634174142
"FT4919NR","Dodec-2-enedioylcarnitine",NA,"Fatty Acyls","Fatty acid esters",0.232969850830144,FALSE,-0.106969366672735,-0.0633222348844656,0.905143599427854,0.981449171646102,6,0.232840483881911,0.578946671672062,0.918463204116019,8,"RNA negative / Protein positive",FALSE,0.148081359383188,0.0633222348844656
"FT3805PR","3-v-2-propylpentanoylcarnitine",NA,"Fatty Acyls","Fatty acid esters",0.0665956639602508,FALSE,0.0849577078446322,0.0606468345544722,0.909141278865747,0.981449171646102,6,-0.445077113289055,0.269139601134472,0.770668274983688,8,"RNA positive / Protein negative",FALSE,0.252861973921764,0.0606468345544722
"FT5985PR","LysoPE(0:0/18:0)",NA,"Glycerophospholipids","Glycerophosphoethanolamines",0.169820558641764,FALSE,-0.0280590950999377,0.0587471804208631,0.911980604419913,0.981796961216194,6,-0.238266574078957,0.569870481631137,0.914983932164438,8,"RNA positive / Protein negative",FALSE,0.14850687724991,0.0587471804208631
"FT3161NR","all-trans-4-hydroxyretinoic acid","C16677","Prenol lipids","Retinoids",0.133317653837778,FALSE,0.039217344017665,-0.0566906505409115,0.915055121241343,0.982237676396091,6,0.421367350845453,0.298472448174565,0.795546066453813,8,"RNA negative / Protein positive",FALSE,0.239029000693182,0.0566906505409115
"FT7000NR","FA(20:4)",NA,"Fatty Acyls","Fatty acids and conjugates",0.89413532505658,FALSE,0.27967722437013,-0.0560244624440795,0.916051229455492,0.982237676396091,6,0.0886966697321871,0.834563917548492,0.959844421108281,8,"RNA negative / Protein positive",FALSE,0.0723605660881333,0.0560244624440795
"FT4989NR","FA(22:6;O3)",NA,"Fatty Acyls","Eicosanoids",0.49595165555535,FALSE,-0.297092769884601,-0.329755873837215,0.523294840729016,0.932714961063584,6,0.0542424453205308,0.898494731997184,0.979350078031602,8,"RNA negative / Protein positive",FALSE,0.191999159578873,0.0542424453205308
"FT5711NR","LPC(O-16:1/0:0)",NA,"Glycerophospholipids","Glycerophosphocholines",0.955634719228459,FALSE,0.311508232979731,0.547513413788432,0.260794184202999,0.872427299627174,6,-0.0467167878949175,0.912533386053015,0.98381402951114,8,"RNA positive / Protein negative",FALSE,0.297115100841675,0.0467167878949175
"FT5906NR","Sitosteryl 3E-pentenoate",NA,"Prenol lipids","Triterpenoids",0.382425495353998,FALSE,0.10580278303463,-0.497780114745968,0.315001061359016,0.876885269600792,6,0.0462814092782824,0.913346194646484,0.983847731131081,8,"RNA negative / Protein positive",FALSE,0.272030762012125,0.0462814092782824
"FT4409NR","2-beta-Ethoxydihydrophytuberin",NA,"Prenol lipids","Sesquiterpenoids",0.250723114926905,FALSE,0.0987222104192976,-0.702916965647473,0.119277467812477,0.765141115763805,6,0.0431813896475386,0.919135484883503,0.983847731131081,8,"RNA negative / Protein positive",FALSE,0.373049177647506,0.0431813896475386
"FT2054NR","MG(12:0/0:0/0:0)",NA,"Glycerolipids","Monoradylglycerols",0.557345669169706,FALSE,-0.187493189490519,0.0428647331090091,0.935742279852692,0.987233402057824,6,-0.244763102476938,0.55906913811469,0.912481150339734,8,"RNA positive / Protein negative",FALSE,0.143813917792973,0.0428647331090091
"FT3007NR","FA(20:2)",NA,"Fatty Acyls","Fatty acids and conjugates",0.386816880882987,FALSE,0.135903395628432,0.041655858035884,0.937552353787481,0.987233402057824,6,-0.483118825463251,0.225234779569092,0.763986484259788,8,"RNA positive / Protein negative",FALSE,0.262387341749567,0.041655858035884
"FT2416NR","5-(3-Aminopropylphosphanyloxy)-2-(hydroxymethyl)pyran-4-one",NA,"Pyrans","Pyranones and derivatives",0.895249132414319,FALSE,0.398190839761683,0.410150107061489,0.419273202762272,0.899856267857053,6,-0.0415840125749642,0.922119815200051,0.983853818964783,8,"RNA positive / Protein negative",FALSE,0.225867059818226,0.0415840125749642
"FT7020NR","Bastaxanthol B",NA,"Prenol lipids","Triterpenoids",0.820730036304078,FALSE,0.293135961318297,-0.0406058077732749,0.939124764410094,0.987394215642056,6,0.31245858746701,0.451155110670766,0.86488870185752,8,"RNA negative / Protein positive",FALSE,0.176532197620143,0.0406058077732749
"FT4994PR","(10Z,12E)-Pentadeca-10,12-dienoylcarnitine",NA,"Fatty Acyls","Fatty acid esters",0.237492468363314,FALSE,0.0458646227640649,-0.311466641579522,0.547907955824254,0.934141862527685,6,0.0403409468328279,0.924442747791015,0.983853818964783,8,"RNA negative / Protein positive",FALSE,0.175903794206175,0.0403409468328279
"FT3221NR","FA(20:4;O)",NA,"Fatty Acyls","Eicosanoids",0.161735258354316,FALSE,-0.0333095694710517,0.0400772015657699,0.939916383292938,0.987480127764711,6,-0.157913010303671,0.708798533481959,0.941022348115419,8,"RNA positive / Protein negative",FALSE,0.0989951059347206,0.0400772015657699
"FT6218NR","AKOS016036387",NA,"Prenol lipids","Triterpenoids",0.665825158438082,FALSE,0.313096773344564,0.42327310100331,0.403007177862999,0.892812542241502,6,-0.0394295608178276,0.9261461636707,0.983853818964783,8,"RNA positive / Protein negative",FALSE,0.231351330910569,0.0394295608178276
"FT4020NR","4-Amino-5-hydroxymethyl-2-methylpyrimidine diphosphate",NA,"Organic oxoanionic compounds","Organic pyrophosphates",1.07630180217965,FALSE,0.44487461732923,0.120074573050194,0.820753752203806,0.970179334647934,6,-0.0366447605676434,0.931352559149364,0.984512795564199,8,"RNA positive / Protein negative",FALSE,0.0783596668089186,0.0366447605676434
"FT0351NR","2-hydroxy-2-methyl-butyric acid",NA,"Fatty Acyls","Fatty acids and conjugates",0.409659823790406,FALSE,-0.120846722750885,0.423695415591016,0.40248731215206,0.892812542241502,6,-0.0324295372076794,0.939237235947413,0.988855832250127,8,"RNA positive / Protein negative",FALSE,0.228062476399348,0.0324295372076794
"FT1014NR","Pyrophosphate","C00013","Non-metal oxoanionic compounds","Non-metal pyrophosphates",0.0257139769556475,FALSE,-0.0101073505520845,0.447536592340815,0.37351344009253,0.877630397244442,6,-0.0316548726775266,0.940686750764034,0.988855832250127,8,"RNA positive / Protein negative",FALSE,0.239595732509171,0.0316548726775266
"FT4027PR","Sterebin D",NA,"Prenol lipids","Sesquiterpenoids",0.424508939047662,FALSE,-0.137881671438388,-0.388890538820893,0.44607128759673,0.913166175765406,6,0.019898306973983,0.962700521488738,0.993240569470699,8,"RNA negative / Protein positive",FALSE,0.204394422897438,0.019898306973983
"FT4977PR","Prenyl arabinosyl-(1->6)-glucoside",NA,"Fatty Acyls","Fatty acyl glycosides",1.05262557218327,FALSE,0.578672459439916,-0.224784772647949,0.668501825329995,0.952289076557119,6,0.0196170783180754,0.963227413608639,0.993240569470699,8,"RNA negative / Protein positive",FALSE,0.122200925483012,0.0196170783180754
"FT6847PR","Polyoxyethylene sorbitan monooleate",NA,"Fatty Acyls","Fatty acid esters",0.761102905508616,FALSE,0.321612403658598,-0.0193948223993323,0.970911414170819,0.994504990509285,6,0.0187187302926794,0.964910578429508,0.993240569470699,8,"RNA negative / Protein positive",FALSE,0.0190567763460058,0.0187187302926794
"FT3426NR","Docosapentaenoic acid (22n-3)","C16513","Fatty Acyls","Fatty acids and conjugates",1.45094876680016,TRUE,0.655863882714163,0.329047011543447,0.52424276114027,0.932714961063584,6,-0.0172886887950214,0.967590167389677,0.993240569470699,8,"RNA positive / Protein negative",FALSE,0.173167850169234,0.0172886887950214
"FT5637NR","Adenosine 3',5'-diphosphate","C00054","Purine nucleotides","Purine ribonucleotides",0.919265218060195,FALSE,0.567236586870032,-0.0679045478259969,0.898299733133625,0.981449171646102,6,0.0156347886776516,0.970689548218062,0.993556717072413,8,"RNA negative / Protein positive",FALSE,0.0417696682518242,0.0156347886776516
"FT4449NR","FA(26:3;O)",NA,"Fatty Acyls","Fatty acids and conjugates",0.997331152389888,FALSE,0.440811344980415,0.00858273610784143,0.987126211954824,0.998514767951686,6,-0.116880647714905,0.782836501401324,0.945471237871938,8,"RNA positive / Protein negative",FALSE,0.0627316919113735,0.00858273610784143
"FT5785PR","LysoPE(18:2/0:0)",NA,"Glycerophospholipids","Glycerophosphoethanolamines",0.00782460227699369,FALSE,0.00186959399431938,0.00829580767890214,0.987556573942152,0.998514767951686,6,-0.475680868498451,0.233507199241798,0.76410571770673,8,"RNA positive / Protein negative",FALSE,0.241988338088677,0.00829580767890214
"FT2483NR","Phosphohistidine",NA,"Carboxylic acids and derivatives","Amino acids, peptides, and analogues",0.368796730820716,FALSE,0.0987012754297836,0.230614822092795,0.660210183522216,0.952289076557119,6,-0.00823863410365537,0.984553260038971,0.998072318857172,8,"RNA positive / Protein negative",FALSE,0.119426728098225,0.00823863410365537
"FT4512PR","4,5-dehydro Docosahexaenoic Acid",NA,"Fatty Acyls","Fatty acids and conjugates",0.00233804617634084,FALSE,0.000518256063695792,-0.439634137684326,0.383034635377007,0.882121155313604,6,0.00614552866748038,0.988477423871928,0.998178163837201,8,"RNA negative / Protein positive",FALSE,0.222889833175903,0.00614552866748038
"FT2007NR","FA(16:2)",NA,"Fatty Acyls","Fatty acids and conjugates",1.03359112552859,FALSE,0.605170086275398,0.092895763093754,0.861057183057014,0.978015994612137,6,-0.00584796784715389,0.989035310275348,0.998178163837201,8,"RNA positive / Protein negative",FALSE,0.0493718654704539,0.00584796784715389
"FT2903PR","Shikimate-3-phosphate",NA,"Organic phosphoric acids and derivatives","Phosphate esters",0.204767509416391,FALSE,0.0464123292951627,-0.398481720817456,0.433914413123064,0.911446453309662,6,0.00479066966350144,0.991017631815413,0.998178163837201,8,"RNA negative / Protein positive",FALSE,0.201636195240479,0.00479066966350144
"FT6081PR","O-(17-carboxyheptadecanoyl)carnitine",NA,"Fatty Acyls","Fatty acid esters",3.01729842876408,FALSE,4.30629480269051,-0.00460982450120227,0.993085312228693,0.998514767951686,6,0.564448086025839,0.144966659106369,0.716608236859144,8,"RNA negative / Protein positive",FALSE,0.28452895526352,0.00460982450120227
"FT4051NR","Ibandronate",NA,"Organic phosphonic acids and derivatives","Bisphosphonates",0.222968785499673,FALSE,-0.0767421643851697,0.00404478398350194,0.993932857111641,0.998514767951686,6,-0.256025873979096,0.540516840453663,0.91110093783846,8,"RNA positive / Protein negative",FALSE,0.130035328981299,0.00404478398350194
"FT6833PR","PHODiA-PA",NA,"Glycerophospholipids","Glycerophosphates",0.0555469521938339,FALSE,-0.00929105300965474,0.00286096808660479,0.995708559578803,0.998514767951686,6,-0.134591077864345,0.750672773056414,0.945471237871938,8,"RNA positive / Protein negative",FALSE,0.0687260229754749,0.00286096808660479
"FT6623NR","FA(35:0)",NA,"Fatty Acyls","Fatty acids and conjugates",0.670538691098117,FALSE,0.264890993629482,0.684457056670829,0.133642136432398,0.777485875998432,6,-0.000915589078390979,0.998283271437443,0.999517591037622,8,"RNA positive / Protein negative",FALSE,0.34268632287461,0.000915589078390979
"FT3366NR","(4E,7E,10Z,13E,16E,19E)-docosa-4,7,10,13,16,19-hexaenoic acid",NA,"Fatty Acyls","Fatty acids and conjugates",0.389887936517533,FALSE,-0.0715476247550877,0.000298737512273205,0.99955189374492,0.99955189374492,6,-0.581367263632314,0.130650391226946,0.70272845909954,8,"RNA positive / Protein negative",FALSE,0.290833000572293,0.000298737512273205
