"FeatureKey","Metabolite","KEGG","Class","SubClass","VIP","VIPCandidate","log2FC","PearsonR","CorrelationT","Pvalue","padj","N","Omics"
"FT3905NR","FA(22:0;O)",NA,"Fatty Acyls","Fatty acids and conjugates",1.74093205140834,TRUE,-0.866447739921784,-0.936971692823159,-6.5685972964664,0.000596743589515155,0.249161067041036,8,"Proteomics"
"FT4790PR","Oleoylcholine",NA,"Organonitrogen compounds","Quaternary ammonium salts",1.3987985780169,TRUE,-0.597578667012334,-0.931276501721892,-6.26151481612295,0.000770189994358726,0.249161067041036,8,"Proteomics"
"FT4429PR","Palmitoylcholine",NA,"Organonitrogen compounds","Quaternary ammonium salts",1.51571587245184,TRUE,-0.679253547893587,-0.930339013747584,-6.2144865888047,0.000801563681189714,0.249161067041036,8,"Proteomics"
"FT2628NR","Orotidine","C01103","Pyrimidine nucleosides","Unclassified",0.646558485835631,FALSE,-0.171889534325287,-0.930108762924437,-6.2030760579728,0.000809394942256746,0.249161067041036,8,"Proteomics"
"FT4991NR","PA(17:1/0:0)",NA,"Glycerophospholipids","Glycerophosphates",1.30327251603577,FALSE,-0.483003738557738,-0.922806346364689,-5.86715586778856,0.00108441581389884,0.249161067041036,8,"Proteomics"
"FT4399PR","palmitoloelycholine",NA,"Organonitrogen compounds","Quaternary ammonium salts",1.2806811328201,TRUE,-0.524359586486367,-0.919347204408935,-5.72359242173889,0.00123353274412798,0.249161067041036,8,"Proteomics"
"FT5371PR","Heptadecanoyl carnitine",NA,"Fatty Acyls","Fatty acid esters",0.814597435475573,FALSE,-0.289664926176553,-0.916852427857748,-5.62543276793102,0.00134897717643559,0.249161067041036,8,"Proteomics"
"FT7137NR","WE(16:0/23:0)",NA,"Fatty Acyls","Fatty acid esters",1.56061324698731,TRUE,-0.72569143387527,-0.915185463631801,-5.56216891979881,0.00142990569320537,0.249161067041036,8,"Proteomics"
"FT5804PR","Glucosylsphingosine","C03108","Sphingolipids","Glycosphingolipids",1.64458757965763,TRUE,-0.698642001661402,-0.900546653921069,-5.07379451806455,0.00227943969563066,0.319096494566148,8,"Proteomics"
"FT4334NR","FA(24:1;O)",NA,"Fatty Acyls","Fatty acids and conjugates",1.53479965477808,TRUE,-0.69734356548397,-0.898717602015116,-5.01997664969383,0.00240411064302586,0.319096494566148,8,"Proteomics"
"FT2766PR","Isovalerylcarnitine",NA,"Fatty Acyls","Fatty acid esters",0.344642377265395,FALSE,-0.13369518635722,-0.896918530475584,-4.96837058341739,0.00253096807870687,0.319096494566148,8,"Proteomics"
"FT3855PR","Pentostatin","C02267","Imidazodiazepines","Unclassified",0.62853307580381,FALSE,-0.208219588598453,-0.891315265311626,-4.81549272522325,0.00295362532215014,0.319096494566148,8,"Proteomics"
"FT2382PR","Eltoprazine",NA,"Diazinanes","Piperazines",1.01156767554595,FALSE,-0.444606984653087,-0.89103614654615,-4.80816990336065,0.0029757922735724,0.319096494566148,8,"Proteomics"
"FT7317NR","WE(25:0/16:1)",NA,"Fatty Acyls","Fatty acid esters",1.57619919845049,TRUE,-0.760738129969788,-0.887054079357673,-4.70650229243449,0.00330382955844285,0.328967028890666,8,"Proteomics"
"FT4461NR","N-Acetylneuraminic acid 9-phosphate","C06241","Organooxygen compounds","Carbohydrates and carbohydrate conjugates",1.68463516398889,TRUE,0.721288046926666,0.883261046992923,4.6142544984415,0.00363719297088668,0.338016466761069,8,"Proteomics"
"FT3272NR","WE(5:1/16:0)",NA,"Fatty Acyls","Fatty acid esters",0.168303244956075,FALSE,-0.0470719133462359,-0.880280533067535,-4.54467687948229,0.00391381881916231,0.340991464619516,8,"Proteomics"
"FT4143PR","plaunotol","C13273","Prenol lipids","Diterpenoids",0.434331169463903,FALSE,-0.116953714923352,-0.876492982501698,-4.45969110681599,0.00428442925207903,0.351323198670481,8,"Proteomics"
"FT6455NR","LysoPC(P-18:1/0:0)","C04230","Glycerophospholipids","Glycerophosphocholines",1.01339136988307,FALSE,-0.394565190370853,-0.872010039946276,-4.36370187123095,0.00475136765369979,0.367967028292084,8,"Proteomics"
"FT5456NR","MG(22:1/0:0)",NA,"Glycerolipids","Monoradylglycerols",1.51742409193163,TRUE,-0.671832203052621,-0.868503208808078,-4.29183039289103,0.00513854340146454,0.377006815875872,8,"Proteomics"
"FT3462NR","FA(22:4)",NA,"Fatty Acyls","Fatty acids and conjugates",0.343746332219962,FALSE,-0.0898913488805049,-0.862418484561103,-4.17325575005874,0.00585727192936774,0.408251853476931,8,"Proteomics"
"FT4532NR","Millettosin",NA,"Isoflavonoids","Rotenoids",1.66473978591663,FALSE,-1.009539935759,-0.859389587146229,-4.11691379646009,0.00623778972862549,0.408420850607457,8,"Proteomics"
"FT4205PR","20-Eicosanolide",NA,"Macrolides and analogues","Unclassified",0.933972620946806,FALSE,-0.294714093615002,-0.856608689633291,-4.06664717819761,0.00660075823903051,0.408420850607457,8,"Proteomics"
"FT2792NR","N5-(3,4-Dioxo-1,5-cyclohexadien-1-yl)-L-glutamine",NA,"Carboxylic acids and derivatives","Amino acids, peptides, and analogues",0.884920063935394,FALSE,-0.232792120874617,-0.855577882656257,-4.048356286867,0.00673865105019477,0.408420850607457,8,"Proteomics"
"FT3086NR","FA(20:0)",NA,"Fatty Acyls","Fatty acids and conjugates",0.889133819917723,FALSE,-0.285289447943317,-0.850662963202073,-3.96356256675222,0.00742142307491008,0.425136786510782,8,"Proteomics"
"FT6006PR","5-Methylhenicosanoylcarnitine",NA,"Fatty Acyls","Fatty acid esters",1.96585550336584,TRUE,-1.06353019008,-0.846746439367021,-3.89870237231025,0.00799594218477757,0.425136786510782,8,"Proteomics"
"FT2925PR","alpha-Bisabolol oxide A","C16773","Oxanes","Unclassified",0.961075216959078,FALSE,-0.480569388955536,-0.846578927975147,-3.89597925156408,0.00802112570930831,0.425136786510782,8,"Proteomics"
"FT2803NR","19-HOME(9Z)","C19616","Fatty Acyls","Fatty acids and conjugates",0.261755555513131,FALSE,0.104981736901996,-0.844984841288773,-3.87026816220813,0.00826331076990577,0.425136786510782,8,"Proteomics"
"FT3584PR","Argininosuccinic acid","C03406","Carboxylic acids and derivatives","Amino acids, peptides, and analogues",1.20149569715183,FALSE,0.726391125322012,0.841444551331497,3.81444378784441,0.00881770023022333,0.425136786510782,8,"Proteomics"
"FT1181NR","1-Acetyl-2-methylcyclopentene",NA,"Prenol lipids","Monoterpenoids",1.09960936469296,FALSE,-0.286910056660422,-0.841278237488785,-3.8118634164744,0.00884430904505931,0.425136786510782,8,"Proteomics"
"FT5822PR","Car(18:1)",NA,"Fatty Acyls","Fatty acid esters",0.760187858933418,FALSE,-0.213558443926738,-0.838758006179093,-3.77320964260036,0.00925378969412057,0.429992761120136,8,"Proteomics"
"FT4208NR","Retinol acetate",NA,"Prenol lipids","Retinoids",0.648649154216788,FALSE,-0.213019308444286,-0.834991633192748,-3.71695858261829,0.00988786132282114,0.444634796258473,8,"Proteomics"
"FT3363NR","FA(19:3)",NA,"Fatty Acyls","Lineolic acids and derivatives",1.14116868971557,FALSE,-0.327094787817454,-0.829573571282201,-3.6390424535826,0.0108472854554632,0.46054811591609,8,"Proteomics"
"FT3745PR","18-Octadecanolide",NA,"Macrolides and analogues","Unclassified",0.996856292638378,FALSE,-0.31255477127754,-0.829271161419447,-3.63479315094472,0.010902502026708,0.46054811591609,8,"Proteomics"
"FT3805NR","FA(23:1;O)",NA,"Fatty Acyls","Fatty acids and conjugates",0.219363726960401,FALSE,-0.0587437788006023,-0.823805264192051,-3.55970895524124,0.0119313483262384,0.489185281375773,8,"Proteomics"
"FT0870NR","Xylan",NA,"Organooxygen compounds","Carbohydrates and carbohydrate conjugates",0.4705347100132,FALSE,-0.155099513189737,-0.819889781634665,-3.50783679573017,0.0127047500936069,0.501477491291417,8,"Proteomics"
"FT3744PR","Sphingosine","C00319","Organonitrogen compounds","Amines",1.05828953674145,FALSE,-0.28773855976617,-0.818546784219309,-3.49039484084098,0.0129771182367388,0.501477491291417,8,"Proteomics"
"FT5349PR","CHEBI:140689",NA,"Fatty Acyls","Fatty acid esters",1.81524699237181,TRUE,-0.924263031517753,-0.814344095543841,-3.43691954864094,0.0138531403337005,0.501477491291417,8,"Proteomics"
"FT2489PR","3-hydroxy-.beta.-ionol",NA,"Prenol lipids","Sesquiterpenoids",1.04480498992834,FALSE,-0.510716626873623,-0.812955097394643,-3.41960325046097,0.0141506297961262,0.501477491291417,8,"Proteomics"
"FT3412NR","Taurolidine",NA,"Thiadiazinanes","Unclassified",0.805325123285155,FALSE,-0.205322478428508,-0.810948838685169,-3.39489476104262,0.0145873684268835,0.501477491291417,8,"Proteomics"
"FT5467PR","LysoPE(0:0/14:0)",NA,"Glycerophospholipids","Glycerophosphoethanolamines",0.497801186618551,FALSE,-0.169102938413751,-0.808345120530543,-3.3633483194112,0.015166672403421,0.501477491291417,8,"Proteomics"
"FT3210PR","gamma-Camphorene",NA,"Prenol lipids","Monoterpenoids",0.648665569529529,FALSE,-0.187363479507554,-0.80748445354476,-3.35304673233236,0.0153612893358895,0.501477491291417,8,"Proteomics"
"FT7474NR","PA(20:4-OH(15S)/P-16:0)",NA,"Glycerophospholipids","Glycerophosphates",0.659597209564103,FALSE,-0.146219227492919,-0.80722106077153,-3.3499064332913,0.0154211603499584,0.501477491291417,8,"Proteomics"
"FT4301PR","S-Formylglutathione","C01031","Carboxylic acids and derivatives","Amino acids, peptides, and analogues",1.23509737682537,FALSE,-0.775500485801804,-0.805694168855581,-3.33181463019688,0.0157711205135881,0.501477491291417,8,"Proteomics"
"FT5691NR","Colupdox a",NA,"Benzofurans","Unclassified",0.674841804489046,FALSE,-0.324983005343051,-0.804567250316854,-3.31858364867648,0.0160325765144687,0.501477491291417,8,"Proteomics"
"FT5055PR","2-Hydroxyethyl glucosinolate",NA,"Organooxygen compounds","Carbohydrates and carbohydrate conjugates",1.0949976084565,FALSE,-0.358435440279433,-0.803523081708286,-3.30641498538018,0.0162772456985055,0.501477491291417,8,"Proteomics"
"FT3639PR","(R)-Rhazinilam",NA,"Unclassified","Unclassified",1.41203024943906,FALSE,-1.02259020521864,-0.800050196131611,-3.26655565466755,0.0171078050610967,0.501477491291417,8,"Proteomics"
"FT4120NR","(7Z)-Tetradec-7-enoylcarnitine",NA,"Fatty Acyls","Fatty acid esters",0.415412510214087,FALSE,-0.121853561478336,-0.79905481238437,-3.25530131793482,0.0173506464104732,0.501477491291417,8,"Proteomics"
"FT5472PR","Oleoylcarnitine",NA,"Fatty Acyls","Fatty acid esters",1.66707728951866,TRUE,-0.745301815679734,-0.798853040927839,-3.25302903733623,0.0174001335434305,0.501477491291417,8,"Proteomics"
"FT2163PR","Hexyl benzoate","C14716","Benzene and substituted derivatives","Benzoic acids and derivatives",1.08597828220579,FALSE,0.356145582305962,0.797931576988773,3.24269029015659,0.0176272575848489,0.501477491291417,8,"Proteomics"
"FT2293NR","Cysteinyl-Cysteine",NA,"Carboxylic acids and derivatives","Amino acids, peptides, and analogues",1.56938876178902,TRUE,0.638023434029496,0.794456726002659,3.20425995035233,0.0185003961676096,0.514258380867485,8,"Proteomics"
"FT1156NR","Carglumic acid","C05829","Carboxylic acids and derivatives","Amino acids, peptides, and analogues",0.626082502871103,FALSE,-0.252643800160155,-0.791464781149864,-3.17185536907333,0.0192734432534923,0.514258380867485,8,"Proteomics"
"FT0497NR","L-Aspartic acid","C00049","Carboxylic acids and derivatives","Amino acids, peptides, and analogues",0.0568393778502109,FALSE,-0.00275107667740518,-0.790501533785639,-3.16155374881906,0.0195265391424007,0.514258380867485,8,"Proteomics"
"FT3874NR","Gly-Glu-Asp",NA,"Carboxylic acids and derivatives","Amino acids, peptides, and analogues",2.34534619314484,TRUE,1.74865130257465,0.78924361158595,3.14819473974098,0.019860169431885,0.514258380867485,8,"Proteomics"
"FT3064PR","Thiamine","C00378","Diazines","Pyrimidines and pyrimidine derivatives",0.69412141877619,FALSE,0.246806462328828,0.788021511498142,3.13531682476043,0.0201876813708286,0.514258380867485,8,"Proteomics"
"FT3222NR","(+-)-Trihydroxy-decipiadiene",NA,"Prenol lipids","Diterpenoids",0.90862810606297,FALSE,-0.437684818545068,-0.787642379341728,-3.13134164837239,0.0202899648118448,0.514258380867485,8,"Proteomics"
"FT3579NR","FA(22:1)","C08316","Fatty Acyls","Fatty acids and conjugates",0.89674262852532,FALSE,-0.319307535538336,-0.785505227743248,-3.10910784034797,0.020872572111007,0.51957795576328,8,"Proteomics"
"FT2908NR","2-Naphthylaminomethyl-gamma-aminobutyric acid",NA,"Carboxylic acids and derivatives","Amino acids, peptides, and analogues",1.59856175145354,TRUE,0.768308232315897,0.783931726145586,3.09292401247012,0.0213081064914038,0.521114042965209,8,"Proteomics"
"FT4454PR","N-Palmitoyl Serine",NA,"Carboxylic acids and derivatives","Amino acids, peptides, and analogues",0.71591425470298,FALSE,-0.226258531474619,-0.775085950389345,-3.00474418942967,0.0238616904472218,0.542455027678593,8,"Proteomics"
"FT6515PR","LysoPC(20:1/0:0)","C04230","Glycerophospholipids","Glycerophosphocholines",0.613464614455142,FALSE,-0.157155881912453,-0.774406545654417,-2.99816015221121,0.0240652758377148,0.542455027678593,8,"Proteomics"
"FT4958PR","MG(0:0/20:4)",NA,"Endocannabinoids","Unclassified",0.568453126355037,FALSE,-0.280860243355851,-0.772679271172173,-2.98153755232157,0.0245876948146898,0.542455027678593,8,"Proteomics"
"FT1908PR","2-Amino-3-methyl-1-pyrrolidin-1-YL-butan-1-one",NA,"Carboxylic acids and derivatives","Amino acids, peptides, and analogues",0.50885694536673,FALSE,-0.213294576627999,-0.772063652841978,-2.97565297316175,0.0247755727863844,0.542455027678593,8,"Proteomics"
"FT6256PR","LysoPC(0:0/18:2)",NA,"Glycerophospholipids","Glycerophosphocholines",0.0898616677006846,FALSE,-0.0288601236637539,-0.77150578207063,-2.97033830601829,0.0249465925645233,0.542455027678593,8,"Proteomics"
"FT4022PR","Leucylphenylalanine",NA,"Carboxylic acids and derivatives","Amino acids, peptides, and analogues",1.04498664604835,FALSE,-0.418272440410418,-0.771299872119509,-2.96838094594469,0.0250099000405796,0.542455027678593,8,"Proteomics"
"FT3918PR","2-Polyprenyl-3-methyl-6-methoxy-1,4-benzoquinone","C17561","Prenol lipids","Quinone and hydroquinone lipids",0.725953031917671,FALSE,0.175529973096649,0.767747110822722,2.93496674852091,0.0261178944365679,0.542455027678593,8,"Proteomics"
"FT7355PR","PC(21:0/11:0)",NA,"Glycerophospholipids","Glycerophosphocholines",0.784862390736521,FALSE,-0.321797968414171,-0.766660762215383,-2.92488228839416,0.0264626374516083,0.542455027678593,8,"Proteomics"
"FT3620PR","N-LAUROYLSARCOSINE",NA,"Carboxylic acids and derivatives","Amino acids, peptides, and analogues",0.676429013673255,FALSE,-0.289121545605733,-0.764551419150902,-2.905474888695,0.0271400140659837,0.542455027678593,8,"Proteomics"
"FT2725PR","3-Methylbut-2-enoylcarnitine",NA,"Fatty Acyls","Fatty acid esters",0.063366952475422,FALSE,0.0297113985876299,-0.763706008184138,-2.89775988331058,0.0274144747001194,0.542455027678593,8,"Proteomics"
"FT3513PR","Helicallenal",NA,"Prenol lipids","Sesquiterpenoids",0.647962245377558,FALSE,0.255261829506812,0.763291673012148,2.89399184832976,0.0275496103802987,0.542455027678593,8,"Proteomics"
"FT2249PR","Asparaginyl-Proline",NA,"Carboxylic acids and derivatives","Amino acids, peptides, and analogues",0.277556287981576,FALSE,-0.0924738772436029,-0.762963713578725,-2.89101539703894,0.0276568653798295,0.542455027678593,8,"Proteomics"
"FT6178PR","1-(2-methoxy-hexadecanyl)-sn-glycero-3-phosphoethanolamine",NA,"Glycerophospholipids","Glycerophosphoethanolamines",0.622253651238204,FALSE,-0.175395115131504,-0.761037965173561,-2.87364512295238,0.0282918526576202,0.542455027678593,8,"Proteomics"
"FT1338NR","2-Methyl-2-[(1-oxo-2-propenyl)amino]-1-propanesulfonic acid",NA,"Organic sulfonic acids and derivatives","Organosulfonic acids and derivatives",1.49840896026633,TRUE,0.546457627473779,0.760582458459752,2.86956298342753,0.0284433505119177,0.542455027678593,8,"Proteomics"
"FT5356PR","DG(2:0/18:1-O(9S,10R)/0:0)",NA,"Glycerolipids","Diradylglycerols",0.297754984190422,FALSE,-0.061156825183986,-0.760414001213762,-2.86805585983018,0.0284995043722775,0.542455027678593,8,"Proteomics"
"FT4689NR","FA(22:7;O2)",NA,"Fatty Acyls","Fatty alcohols",0.677293603040806,FALSE,0.324770438090547,0.760076458384381,2.86504011926728,0.0286122269880225,0.542455027678593,8,"Proteomics"
"FT6714NR","PHOHA-PE",NA,"Glycerophospholipids","Glycerophosphoethanolamines",1.07808860395608,FALSE,-0.393463843453487,-0.758738588366272,-2.85314089613381,0.0290617093932035,0.542455027678593,8,"Proteomics"
"FT1074PR","Hypoxanthine","C00262","Imidazopyrimidines","Purines and purine derivatives",0.189620451994323,FALSE,-0.039488569353354,-0.756568828737245,-2.83402312083227,0.0297998747151897,0.542455027678593,8,"Proteomics"
"FT1168NR","N-Acetyl-L-methionine","C02712","Carboxylic acids and derivatives","Amino acids, peptides, and analogues",1.58225900774574,TRUE,0.624259243107363,0.755549843572704,2.8251206734739,0.0301504781781726,0.542455027678593,8,"Proteomics"
"FT4209PR","Glycine, N-[1-(phenylacetyl)-L-prolyl]-",NA,"Carboxylic acids and derivatives","Amino acids, peptides, and analogues",0.864893694944071,FALSE,-0.278920796169202,-0.755155198597333,-2.82168568949914,0.0302869421720076,0.542455027678593,8,"Proteomics"
"FT3686PR","Linoleamide",NA,"Fatty Acyls","Fatty amides",1.30103561967089,FALSE,-0.677586207036801,-0.75496577662961,-2.82003950087271,0.0303525768715425,0.542455027678593,8,"Proteomics"
"FT5368PR","(10Z)-7-Hydroxyhexadecenoylcarnitine",NA,"Fatty Acyls","Fatty acid esters",1.01177292074741,FALSE,-0.39026438012247,-0.751386362561816,-2.78923738768568,0.0316093077439689,0.552990747215335,8,"Proteomics"
"FT2299NR","D-erythro-L-galacto-Nonulose",NA,"Organooxygen compounds","Carbohydrates and carbohydrate conjugates",1.52275910341544,TRUE,0.661638704719416,0.7465053350429,2.74814200887204,0.0333737448199912,0.552990747215335,8,"Proteomics"
"FT2271NR","FA(17:1)",NA,"Fatty Acyls","Fatty acids and conjugates",0.270000164951781,FALSE,0.138742480661416,-0.745702413291068,-2.74147915638558,0.0336696325490559,0.552990747215335,8,"Proteomics"
"FT2112NR","5,6-epoxy-2-salicyloylamino-2-cyclohexen-1,4-dione",NA,"Phenols","1-hydroxy-4-unsubstituted benzenoids",1.67738190581538,TRUE,0.684924239344598,0.745487745008716,2.73970235034169,0.0337490118367559,0.552990747215335,8,"Proteomics"
"FT4921PR","Riboflavin","C00255","Pteridines and derivatives","Alloxazines and isoalloxazines",0.495470227372898,FALSE,-0.148657953929037,-0.745103998436407,-2.73653086508717,0.0338911975328197,0.552990747215335,8,"Proteomics"
"FT5227PR","N-propyl-16,16-dimethyl-5Z,8Z,11Z,14Z-docosatetraenoyl amine",NA,"Fatty Acyls","Fatty amides",0.227145507519745,FALSE,-0.0520487649246027,0.74450021734851,2.73155325857524,0.0341156515518802,0.552990747215335,8,"Proteomics"
"FT2305PR","sn-glycero-3-Phosphoethanolamine",NA,"Glycerophospholipids","Glycerophosphoethanolamines",1.96890490074133,TRUE,1.14157533555238,0.743985599218424,2.72732259039744,0.0343076756436396,0.552990747215335,8,"Proteomics"
"FT2835NR","FA(18:0;O)",NA,"Fatty Acyls","Fatty acids and conjugates",0.238727004183663,FALSE,0.082361193185779,-0.743730877897026,-2.72523255506916,0.0344029661698094,0.552990747215335,8,"Proteomics"
"FT3965NR","PC(O-1:0/2:0)",NA,"Glycerophospholipids","Glycerophosphocholines",0.806838764185256,FALSE,0.242947420463131,0.743427645865362,2.72274794340445,0.0345166152830531,0.552990747215335,8,"Proteomics"
"FT3193PR","Prolyl-Arginine",NA,"Carboxylic acids and derivatives","Amino acids, peptides, and analogues",0.484586848433177,FALSE,-0.304103292538381,-0.741122080563559,-2.70397866986478,0.035388234596438,0.552990747215335,8,"Proteomics"
"FT0469PR","MALEAMIC ACID",NA,"Fatty Acyls","Fatty acids and conjugates",0.709810579771127,FALSE,0.206905599612248,0.741021150932573,2.70316189968313,0.0354266948863095,0.552990747215335,8,"Proteomics"
"FT5670PR","17(20)-Dehydrocryptogenin",NA,"Steroids and steroid derivatives","Cholestane steroids",1.17430210027407,FALSE,-0.413245542133367,-0.74029954188744,-2.69733411371833,0.0357024155304018,0.552990747215335,8,"Proteomics"
"FT4168PR","Ethyl (Z,Z)-9,12-octadecadienoate",NA,"Fatty Acyls","Lineolic acids and derivatives",0.743448469031967,FALSE,-0.212353546075555,-0.736658440438724,-2.66823997953195,0.0371136171418273,0.56335826832962,8,"Proteomics"
"FT4043NR","FA(24:2)",NA,"Fatty Acyls","Fatty acids and conjugates",0.379809738129811,FALSE,-0.129841604754638,-0.736489185563115,-2.66690002967507,0.0371800291867468,0.56335826832962,8,"Proteomics"
"FT1783PR","3h-Phenylalanine",NA,"Carboxylic acids and derivatives","Amino acids, peptides, and analogues",1.36114517931465,FALSE,-0.877926368461302,-0.733343442703464,-2.64219333918506,0.0384275553293874,0.570937791154668,8,"Proteomics"
"FT6181PR","LysoPE(20:1/0:0)",NA,"Glycerophospholipids","Glycerophosphoethanolamines",1.48012266346662,TRUE,-0.623085071588719,-0.73141966952537,-2.62726563424972,0.0392028647865149,0.570937791154668,8,"Proteomics"
"FT5131PR","N-Palmitoyl Histidine",NA,"Carboxylic acids and derivatives","Amino acids, peptides, and analogues",2.12479911685982,FALSE,-1.99998385905217,-0.730931180908255,-2.6234967292376,0.0394012347257761,0.570937791154668,8,"Proteomics"
"FT5289NR","CDP-ethanolamine","C00570","Pyrimidine nucleotides","Pyrimidine ribonucleotides",0.724729789285058,FALSE,0.174195069440597,0.728300026045036,2.60334415252629,0.0404802099947619,0.570937791154668,8,"Proteomics"
"FT3022PR","3-Hydroxyvalerylcarnitine",NA,"Fatty Acyls","Fatty acid esters",1.12113957069277,FALSE,0.418898073500327,0.727571598178578,2.5978085600975,0.0407820563215416,0.570937791154668,8,"Proteomics"
"FT6215NR","LPS(O-18:1;O/0:0)",NA,"Glycerophospholipids","Glycerophosphoserines",0.895033506670817,FALSE,-0.303165519884537,-0.726805634876925,-2.59200785680036,0.0411009264646331,0.570937791154668,8,"Proteomics"
"FT0999NR","Ureidosuccinic acid","C00438","Carboxylic acids and derivatives","Amino acids, peptides, and analogues",0.878400040363543,FALSE,0.225910251946079,0.725926411069075,2.58537468423522,0.0414688068754586,0.570937791154668,8,"Proteomics"
"FT4274NR","Sphingosine 1-phosphate","C06124","Sphingolipids","Phosphosphingolipids",2.08834713580711,TRUE,-1.19638019073684,-0.725240899113139,-2.58022154328697,0.041757016434787,0.570937791154668,8,"Proteomics"
"FT4247NR","2-Galloylglucose",NA,"Benzene and substituted derivatives","Benzoic acids and derivatives",1.83826974135893,FALSE,-1.43346036756186,-0.725147650863277,-2.57952182915624,0.0417963143518669,0.570937791154668,8,"Proteomics"
"FT6965NR","Guanosine diphosphate mannose","C00096","Purine nucleotides","Purine nucleotide sugars",0.703547121636532,FALSE,0.168798403152363,0.724147105562831,2.5720327428425,0.0422193892615767,0.570937791154668,8,"Proteomics"
"FT3699PR","Palmitoleoyl Ethanolamide",NA,"Organonitrogen compounds","Amines",0.758546251281818,FALSE,-0.217264996907952,-0.723432681052603,-2.56670618673884,0.0425230617878555,0.570937791154668,8,"Proteomics"
"FT4993PR","Sphinganine 1-phosphate","C01120","Sphingolipids","Phosphosphingolipids",2.54455478342286,TRUE,-1.64681917483968,-0.723263722816224,-2.56544901324723,0.0425950719369336,0.570937791154668,8,"Proteomics"
"FT3019PR","5-Hydroxy-2-(5-methyl-1-oxo-4-hexenyl)benzofuran",NA,"Benzofurans","Unclassified",0.471430294813729,FALSE,-0.182701939273718,-0.721679051955692,-2.55370472051262,0.0432740572124597,0.574514626230179,8,"Proteomics"
"FT5987PR","LysoPC(O-16:0/0:0)","C13903","Glycerophospholipids","Glycerophosphocholines",0.387011221084058,FALSE,-0.123868052421436,-0.720316304853652,-2.54367219930351,0.0438631627004091,0.575322528363535,8,"Proteomics"
"FT2124PR","oxolan-2-ylmethyl hydrogen sulate",NA,"Organic sulfuric acids and derivatives","Sulfuric acid esters",0.571657696245672,FALSE,-0.557970464825037,0.719633066886359,2.5386652991536,0.0441603375429686,0.575322528363535,8,"Proteomics"
"FT5824PR","Deoxycholylalanine",NA,"Steroids and steroid derivatives","Bile acids, alcohols and derivatives",0.709383619548989,FALSE,-0.291874552348467,-0.717168512771707,-2.52073099813326,0.0452424003061678,0.580093092074617,8,"Proteomics"
"FT3640NR","N-stearoyl glycine",NA,"Carboxylic acids and derivatives","Amino acids, peptides, and analogues",0.77882722616076,FALSE,0.286191592579965,0.71690555981096,2.51882908861806,0.0453587855352463,0.580093092074617,8,"Proteomics"
"FT4995PR","Erucicoyl-EA",NA,"Organonitrogen compounds","Amines",1.59399688021591,TRUE,-0.750095160262705,-0.713858902338578,-2.49695291701225,0.0467204567144882,0.584128132428263,8,"Proteomics"
"FT5632PR","(9Z)-12-Hydroxyoctadec-9-enoylcarnitine",NA,"Fatty Acyls","Fatty acid esters",1.3021644089496,FALSE,-0.499030931223872,-0.712727785504476,-2.48890507003517,0.0472321950430682,0.584128132428263,8,"Proteomics"
"FT1525PR","S-Propyl 1-propanesulfinothioate",NA,"Thiosulfinic acid esters","Unclassified",0.0383757153692444,FALSE,0.000135852503897141,0.711111404392201,2.47747298267217,0.0479693174409755,0.584128132428263,8,"Proteomics"
"FT5199PR","Palmitoylcarnitine","C02990","Fatty Acyls","Fatty acid esters",1.57163141821302,TRUE,-0.633397721224005,-0.708492862921833,-2.45912114598062,0.0491780825032444,0.584128132428263,8,"Proteomics"
"FT2885NR","2-Hexenoylcarnitine",NA,"Fatty Acyls","Fatty acid esters",3.64011917745827,TRUE,-4.16825204973238,-0.708446816399833,-2.45880027071052,0.0491995005430164,0.584128132428263,8,"Proteomics"
"FT3458NR","FA(19:1)",NA,"Fatty Acyls","Fatty acids and conjugates",0.131153377444154,FALSE,0.0542249830008157,-0.708402394557348,-2.45849077676335,0.0492201681987809,0.584128132428263,8,"Proteomics"
"FT6009NR","Guanosine 5'-O-(2-thiodiphosphate)",NA,"Purine nucleotides","Purine ribonucleotides",0.209388724759813,FALSE,-0.0412192889548683,-0.708238403600345,-2.45734873373427,0.0492965116772841,0.584128132428263,8,"Proteomics"
"FT5991PR","(11Z)-Docos-11-enoylcarnitine",NA,"Fatty Acyls","Fatty acid esters",0.108229317735793,FALSE,-0.00612694487418604,-0.707503418490039,-2.45224004136668,0.0496395475858806,0.584128132428263,8,"Proteomics"
"FT0962NR","N-Acetyl-L-aspartic acid","C01042","Carboxylic acids and derivatives","Amino acids, peptides, and analogues",1.02174284523406,FALSE,0.259183472627981,0.707388067901051,2.4514397180875,0.0496935145214635,0.584128132428263,8,"Proteomics"
"FT3822PR","N-Acetylaspartylglutamic acid","C12270","Carboxylic acids and derivatives","Amino acids, peptides, and analogues",0.904492058277049,FALSE,0.305667387765065,0.707022888794675,2.44890862265435,0.0498645966707054,0.584128132428263,8,"Proteomics"
"FT3082NR","MG(0:0/16:0)",NA,"Glycerolipids","Monoradylglycerols",1.45663525483969,FALSE,1.18209719490525,0.70428936312293,2.43008583785431,0.0511564655865147,0.588523549803042,8,"Proteomics"
"FT2549PR","Butyrylcarnitine","C02862","Fatty Acyls","Fatty acid esters",0.479714602280175,FALSE,0.224150420788613,-0.703379195417716,-2.42386635377121,0.0515910229285489,0.588523549803042,8,"Proteomics"
"FT2430NR","Polyribosylribitolphosphate",NA,"Organooxygen compounds","Carbohydrates and carbohydrate conjugates",0.743306701315629,FALSE,0.256601282241248,0.702233968628032,2.41607413403855,0.0521409460289838,0.588523549803042,8,"Proteomics"
"FT3312NR","FA(20:1;O)",NA,"Fatty Acyls","Fatty acids and conjugates",0.154629198955512,FALSE,-0.0305568674456865,-0.702113799751675,-2.41525864602167,0.052198852443578,0.588523549803042,8,"Proteomics"
"FT1247NR","o-Oxycarbanil",NA,"Benzene and substituted derivatives","Phenylcarbamic acids",1.84160977092631,FALSE,-1.52520129790308,-0.700240665483725,-2.40259957451361,0.0531064579839448,0.588523549803042,8,"Proteomics"
"FT5992NR","Acolbifene",NA,"Flavonoids","Hydroxyflavonoids",0.300365217065984,FALSE,0.0785205488415147,0.700017984662087,2.40110115114464,0.0532149795381212,0.588523549803042,8,"Proteomics"
"FT2411PR","Hexamethylene bisacetamide",NA,"Carboximidic acids and derivatives","Carboximidic acids",0.827012136798358,FALSE,-0.392464869179436,-0.699394062046827,-2.39691007123871,0.0535197500325914,0.588523549803042,8,"Proteomics"
"FT3464NR","11-methyl-1,2-heptadecanediol",NA,"Fatty Acyls","Fatty alcohols",1.03264593448745,FALSE,-0.50076166951377,-0.698361005224126,-2.38999426779905,0.0540266661312724,0.588523549803042,8,"Proteomics"
"FT1587NR","1-Tridecene",NA,"Unsaturated hydrocarbons","Unsaturated aliphatic hydrocarbons",1.53796039632713,TRUE,-0.66463274082632,-0.697077022439683,-2.38143925107249,0.054660702204379,0.588523549803042,8,"Proteomics"
"FT5450PR","Linoleyl carnitine",NA,"Organonitrogen compounds","Quaternary ammonium salts",1.3555383845185,TRUE,-0.544332934227204,-0.6967313909711,-2.37914398455519,0.0548321330762241,0.588523549803042,8,"Proteomics"
"FT3290NR","N-(gamma-Maleimidobutyryloxy)succinimide",NA,"Pyrrolidines","Pyrrolidones",1.44158781077368,TRUE,0.547760182167364,0.696627285228498,2.37845327149327,0.0548838317606854,0.588523549803042,8,"Proteomics"
"FT3722NR","Pro-Thr-Glu",NA,"Carboxylic acids and derivatives","Amino acids, peptides, and analogues",0.832082738969615,FALSE,0.211283021564015,0.694592531049967,2.36501153538542,0.0559001428020801,0.594845794397707,8,"Proteomics"
"FT3771NR","Neoabietic acid","C11889","Prenol lipids","Diterpenoids",0.57462560061635,FALSE,-0.152862750066118,-0.693629449322298,-2.35868769766155,0.0563850693866309,0.595460505492148,8,"Proteomics"
"FT2372NR","5-(Hexahydro-2-oxo-1H-thieno[3,4-D]imidazol-6-YL)pentanal",NA,"Biotin and derivatives","Unclassified",0.286640930700256,FALSE,-0.0560114600842023,-0.689708362694446,-2.33319052849553,0.0583852760547046,0.611947930979385,8,"Proteomics"
"FT3364NR","FA(17:2;O)",NA,"Fatty Acyls","Fatty acids and conjugates",1.08041145655469,FALSE,-0.331018493390251,-0.688090955708731,-2.3227879757071,0.0592224766858931,0.613701401787844,8,"Proteomics"
"FT1162NR","Eremopetasinorol",NA,"Organooxygen compounds","Alcohols and polyols",0.0228737362227991,FALSE,0.014727327688033,0.68696132593296,2.31556167256042,0.0598114097572973,0.613701401787844,8,"Proteomics"
"FT1031PR","3-Hydroxynorvaline",NA,"Carboxylic acids and derivatives","Amino acids, peptides, and analogues",0.731196875198081,FALSE,0.323374727685478,0.686842985395684,2.31480648606757,0.059873307491497,0.613701401787844,8,"Proteomics"
"FT2150NR","Naftazone",NA,"Naphthalenes","Naphthols and derivatives",2.7086050451322,TRUE,2.32220885498595,0.685903409057623,2.30882295021113,0.0603661034768342,0.613977641425636,8,"Proteomics"
"FT0698NR","Penicillamine",NA,"Carboxylic acids and derivatives","Amino acids, peptides, and analogues",1.11508319904577,FALSE,0.354597068081032,0.685115617073108,2.30382284150043,0.0607811438427101,0.613977641425636,8,"Proteomics"
"FT5413PR","4-(2,6-Dichlorobenzamido)-N-(piperidin-4-yl)-1H-pyrazole-3-carboxamide",NA,"Benzene and substituted derivatives","Benzoic acids and derivatives",1.34148160265438,FALSE,-0.481345475938235,-0.683088391135379,-2.29102587160544,0.0618569508719751,0.617868429264167,8,"Proteomics"
"FT0017NR","Acrylic acid","C00511","Carboxylic acids and derivatives","Acrylic acids and derivatives",1.14830120133318,FALSE,0.374857327510713,0.682721628034616,2.28872131246186,0.0620527834268173,0.617868429264167,8,"Proteomics"
"FT2793PR","Pyridoxal 5'-phosphate","C00018","Pyridines and derivatives","Pyridine carboxaldehydes",0.88799207770465,FALSE,-0.282489036812203,-0.680992746309423,-2.27790135180212,0.0629808717701958,0.622661952111014,8,"Proteomics"
"FT3862PR","FA(20:3)",NA,"Fatty Acyls","Fatty acids and conjugates",0.0426470671439154,FALSE,0.0052117968893305,-0.678198839744496,-2.26056581925174,0.0644979915772253,0.632530718869754,8,"Proteomics"
"FT0712PR","N-ISOPROPYLACRYLAMIDE",NA,"Carboxylic acids and derivatives","Acrylic acids and derivatives",1.24215188793894,FALSE,1.11873731996827,0.675888289173452,2.24636669787027,0.0657688401914556,0.632530718869754,8,"Proteomics"
"FT1669NR","Protocatechuic acid 3-O-sulfate",NA,"Organic sulfuric acids and derivatives","Arylsulfates",1.44572754818535,TRUE,0.649380440590364,0.675492154788516,2.24394462290719,0.0659881971341329,0.632530718869754,8,"Proteomics"
"FT2259PR","5-Isopropyl-2-(2-methylpropyl)-2-cyclohexen-1-one",NA,"Prenol lipids","Monoterpenoids",0.854156655676715,FALSE,-0.347506826721635,-0.671790006514495,-2.22147996890041,0.0680591580840302,0.632530718869754,8,"Proteomics"
"FT5686PR","(8Z,11Z,14Z,17Z)-Icosa-8,11,14,17-tetraenoylcarnitine",NA,"Fatty Acyls","Fatty acid esters",0.569833176945924,FALSE,-0.170431315188284,-0.67127786638847,-2.2183963833246,0.0683486267145659,0.632530718869754,8,"Proteomics"
"FT3297PR","N-(1-Deoxy-1-fructosyl)proline",NA,"Carboxylic acids and derivatives","Amino acids, peptides, and analogues",0.427476284621856,FALSE,0.263537732287749,-0.67097025534406,-2.21654704484239,0.0685228414121019,0.632530718869754,8,"Proteomics"
"FT7045PR","23-O-beta-D-Glucopyranosyl-25-methyldolichosterone",NA,"Steroids and steroid derivatives","Steroidal glycosides",0.619366297102078,FALSE,-0.2441035239405,-0.669564907453843,-2.2081245857588,0.0693220877997674,0.632530718869754,8,"Proteomics"
"FT6052PR","(11Z)-eicoseneoylcarnitine",NA,"Fatty Acyls","Fatty acid esters",1.28734780883252,TRUE,-0.516397199516737,-0.66935466226545,-2.20686826275595,0.0694421283219153,0.632530718869754,8,"Proteomics"
"FT4315PR","2-AOD-3-ol",NA,"Organonitrogen compounds","Amines",1.15126872421017,FALSE,-0.68054299367712,-0.669276696567085,-2.20640262189054,0.0694866743511501,0.632530718869754,8,"Proteomics"
"FT5856PR","Prim-O-glucosylcimifugin",NA,"Benzopyrans","1-benzopyrans",0.897534481006253,FALSE,0.375005470133662,0.669032085027481,2.20494256503016,0.0696265435177293,0.632530718869754,8,"Proteomics"
"FT4850PR","Anandamide (22:6, n-3)",NA,"Organonitrogen compounds","Amines",0.600961384569282,FALSE,-0.141971600111666,-0.668461664152894,-2.20154282646494,0.0699533552269776,0.632530718869754,8,"Proteomics"
"FT0293NR","Fumaric acid","C00122","Carboxylic acids and derivatives","Dicarboxylic acids and derivatives",1.13495105024855,FALSE,0.398071650574546,0.667467402025861,2.19563374363753,0.0705251561122706,0.632530718869754,8,"Proteomics"
"FT0521NR","Malic acid","C00149","Hydroxy acids and derivatives","Beta hydroxy acids and derivatives",1.42821861382286,TRUE,0.540635831543629,0.667337785192407,2.19486497077504,0.0705999009739777,0.632530718869754,8,"Proteomics"
"FT3004NR","Neohesperidose","C08244","Organooxygen compounds","Carbohydrates and carbohydrate conjugates",0.637475620944864,FALSE,-0.153605009815337,-0.667042340383871,-2.19311399582199,0.0707704465422602,0.632530718869754,8,"Proteomics"
"FT3264NR","Uridine 3'-monophosphate","C01368","Ribonucleoside 3'-phosphates","Unclassified",0.399915389411386,FALSE,0.124957396111246,0.667016524607414,2.19296108537905,0.0707853602178491,0.632530718869754,8,"Proteomics"
"FT5737PR","Acar(20:1)",NA,"Fatty Acyls","Fatty acid esters",0.362199065582826,FALSE,-0.15499872666542,-0.664024463844349,-2.17533438047499,0.0725264106658625,0.643960614447213,8,"Proteomics"
"FT4742NR","6-Hydroxy-5-[(4-sulfophenyl)azo]-2-naphthalenesulfonic acid",NA,"Naphthalenes","Naphthalene sulfonic acids and derivatives",0.777966211128782,FALSE,0.321261698555731,0.662022323957677,2.16364410383062,0.0737053520291657,0.645250270564314,8,"Proteomics"
"FT3126PR","N1,N8-Diacetylspermidine",NA,"Carboxylic acids and derivatives","Carboxylic acid derivatives",1.1313668077308,FALSE,0.455430033772448,0.660076794264654,2.15236337707271,0.0748616692435346,0.645250270564314,8,"Proteomics"
"FT3447PR","Guanosine","C00387","Purine nucleosides","Unclassified",0.845737767956714,FALSE,-0.23755990906562,-0.659458192006756,-2.14879268240434,0.0752315475997078,0.645250270564314,8,"Proteomics"
"FT5506NR","Adenylosuccinic acid","C03794","Purine nucleotides","Purine ribonucleotides",0.676021581590727,FALSE,0.278660942377761,0.659379592471087,2.14833954414435,0.075278620875404,0.645250270564314,8,"Proteomics"
"FT2912NR","Ginsenoyne G",NA,"Carboxylic acids and derivatives","Carboxylic acid derivatives",1.66485135302669,TRUE,0.858601197921984,0.659365448051851,2.14825801265364,0.0752870938039182,0.645250270564314,8,"Proteomics"
"FT1680NR","Cysteinylhydroxyproline",NA,"Carboxylic acids and derivatives","Amino acids, peptides, and analogues",1.10799805589927,FALSE,0.315364365302411,0.657954007895858,2.14014239138702,0.0761354017551259,0.645250270564314,8,"Proteomics"
"FT4735NR","N-Arachidonoyl Cysteine",NA,"Carboxylic acids and derivatives","Amino acids, peptides, and analogues",0.685444203295071,FALSE,-0.201010040648387,-0.657843624030167,-2.13950937882013,0.076201979958192,0.645250270564314,8,"Proteomics"
"FT3107NR","N-palmitoylglycine",NA,"Carboxylic acids and derivatives","Amino acids, peptides, and analogues",0.426841871158087,FALSE,0.145291934750397,0.655984654217039,2.12888520154436,0.0773283458386638,0.645250270564314,8,"Proteomics"
"FT5173NR","Deoxylimonin","C10897","Steroids and steroid derivatives","Steroid lactones",0.148263551200591,FALSE,0.0670318010295973,0.655726430268431,2.1274148291701,0.0774855717953489,0.645250270564314,8,"Proteomics"
"FT4073NR","Edulenane",NA,"Isoflavonoids","Furanoisoflavonoids",0.228635012126201,FALSE,-0.0538512640805711,-0.655611044130147,-2.12675822382404,0.0775558878862748,0.645250270564314,8,"Proteomics"
"FT0599NR","Sulfoacetic acid","C14179","Organic sulfonic acids and derivatives","Organosulfonic acids and derivatives",0.117795991899445,FALSE,-0.0606727630815365,-0.654684938666493,-2.12149766267762,0.0781216071346596,0.645250270564314,8,"Proteomics"
"FT2332NR","2S-hydroxypalmitic acid",NA,"Fatty Acyls","Fatty acids and conjugates",0.191189638595214,FALSE,-0.0501605060604199,-0.653343804135546,-2.11390921802979,0.0789451162412023,0.645250270564314,8,"Proteomics"
"FT5957PR","Nicardipine","C07264","Pyridines and derivatives","Hydropyridines",0.901160537293001,FALSE,-0.363396751481886,-0.652678680882103,-2.11015870103645,0.0793554014428952,0.645250270564314,8,"Proteomics"
"FT7881PR","PC(22:5(4Z,7Z,10Z,13Z,16Z)/20:5(5Z,8Z,11Z,14Z,17Z))","C00157","Glycerophospholipids","Glycerophosphocholines",0.766368630435105,FALSE,0.238335616266946,0.652584699247794,2.1096294408638,0.079413474783567,0.645250270564314,8,"Proteomics"
"FT0251NR","Glycolic acid","C00160","Hydroxy acids and derivatives","Alpha hydroxy acids and derivatives",0.204036476927597,FALSE,-0.0442627623746523,-0.652259181992248,-2.10779759162994,0.0796148110021965,0.645250270564314,8,"Proteomics"
"FT2896PR","Palmitoleamide",NA,"Fatty Acyls","Fatty amides",0.590111792836155,FALSE,-0.232429524671623,-0.650031472974304,-2.0953153808775,0.0810006721437726,0.646160695925008,8,"Proteomics"
"FT3588PR","1-(1-(3-Methoxyphenyl)cyclohexyl)piperidine",NA,"Phenol ethers","Anisoles",1.25707571187535,FALSE,-0.611311114930951,-0.646836450811463,-2.0775760913134,0.0830126938369114,0.646160695925008,8,"Proteomics"
"FT3241PR","Aspartyl-Cysteine",NA,"Carboxylic acids and derivatives","Amino acids, peptides, and analogues",1.1690526323085,TRUE,-0.506536631211653,-0.645736504655514,-2.07151275081053,0.0837120314898064,0.646160695925008,8,"Proteomics"
"FT5173PR","Car(16:0;O)",NA,"Fatty Acyls","Fatty acid esters",1.78399794391184,TRUE,-0.882705893079301,-0.645644242835592,-2.07100517487364,0.0837708461308678,0.646160695925008,8,"Proteomics"
"FT1646PR","Ligustrazine",NA,"Diazines","Pyrazines",1.65162038877489,TRUE,-0.791722943879584,-0.644450705226823,-2.06445294270434,0.0845338642814655,0.646160695925008,8,"Proteomics"
"FT1302NR","Isopentenyladenine","C04083","Imidazopyrimidines","Purines and purine derivatives",1.72117636906983,TRUE,1.13725818586392,0.644155583783861,2.06283678566622,0.084723153495784,0.646160695925008,8,"Proteomics"
"FT6942PR","Cer(d18:2/20:0(2OH[R]))",NA,"Sphingolipids","Ceramides",0.59552722453009,FALSE,0.132296597403581,0.643297607083489,2.05814722725161,0.0852748532315718,0.646160695925008,8,"Proteomics"
"FT2930PR","Bacillamidin F",NA,"Fatty Acyls","Fatty amides",0.80311280786506,FALSE,-0.366025325870856,-0.643040501369577,-2.05674450965881,0.0854405837620847,0.646160695925008,8,"Proteomics"
"FT5305PR","Miltefosine",NA,"Organonitrogen compounds","Quaternary ammonium salts",0.0389263430004899,FALSE,0.0472784051465469,-0.642130933949311,-2.051791593816,0.0860283925845588,0.646160695925008,8,"Proteomics"
"FT1854PR","Pyrrolidino-[1,2E]-4H-2,4-dimethyl-1,3,5-dithiazine",NA,"Azacyclic compounds","Dithiazinanes",0.476298869959097,FALSE,-0.245778682758322,0.642090052433686,2.05156932650166,0.0860548672782098,0.646160695925008,8,"Proteomics"
"FT3727NR","12-amino-octadecanoic acid",NA,"Fatty Acyls","Fatty acids and conjugates",0.531400038981182,FALSE,-0.153594621190273,-0.641411824947926,-2.04788623337012,0.086494774761138,0.646160695925008,8,"Proteomics"
"FT5939NR","LysoPE(0:0/20:5)",NA,"Glycerophospholipids","Glycerophosphoethanolamines",0.964169099404045,FALSE,0.354270078282017,0.6413513632446,2.04755829457067,0.0865340542583286,0.646160695925008,8,"Proteomics"
"FT0557NR","D-Lactic acid","C00256","Hydroxy acids and derivatives","Alpha hydroxy acids and derivatives",0.140602031250141,FALSE,-0.0502349911183848,-0.640984988987839,-2.04557249884354,0.0867722940540829,0.646160695925008,8,"Proteomics"
"FT4578PR","FA(22:2)",NA,"Fatty Acyls","Fatty acids and conjugates",0.637467944230185,FALSE,-0.290509196541686,-0.640491912604332,-2.04290370648078,0.0870935237408791,0.646160695925008,8,"Proteomics"
"FT4765PR","1-(1,2,3,4,5-Pentahydroxypent-1-yl)-1,2,3,4-tetrahydro-beta-carboline-3-carboxylate",NA,"Harmala alkaloids","Unclassified",0.812835899179337,FALSE,-0.256339323188485,-0.640482676356247,-2.0428537558999,0.0870995475484591,0.646160695925008,8,"Proteomics"
"FT1169NR","4-Acetamidobutanoic acid","C02946","Carboxylic acids and derivatives","Amino acids, peptides, and analogues",1.98833843299756,FALSE,1.84658936521874,0.640415106739763,2.04248837816727,0.0871436232667873,0.646160695925008,8,"Proteomics"
"FT2434PR","(E,E)-2,4-Decadienoic isobutylamide",NA,"Fatty Acyls","Fatty amides",0.766190294074245,FALSE,-0.370313341002852,-0.638820679948658,-2.03388988308501,0.08818742427682,0.646418800550132,8,"Proteomics"
"FT5501NR","7alpha-Hydroxycampesterol",NA,"Steroids and steroid derivatives","Ergostane steroids",0.5642257254608,FALSE,0.189407991676731,0.638016635713975,2.02957062172387,0.088716530706234,0.646418800550132,8,"Proteomics"
"FT2756NR","Demethoxyegonol",NA,"2-arylbenzofuran flavonoids","Unclassified",0.853661827954331,FALSE,-0.242252432568002,-0.63776977182275,-2.02824673802414,0.0888793490598229,0.646418800550132,8,"Proteomics"
"FT4041NR","2-methyl-5-(8Z.11,14-pentadecatrienyl) resorcinol",NA,"Phenols","Benzenediols",0.606660514773684,FALSE,-0.135744982696572,-0.637536604828297,-2.02699727573525,0.0890332924717542,0.646418800550132,8,"Proteomics"
"FT2403NR","N-lactoyl-Tryptophan",NA,"Carboxylic acids and derivatives","Amino acids, peptides, and analogues",1.92123200125434,TRUE,1.29674390161826,0.636658707372346,2.02230132873401,0.0896142893739583,0.646427276261756,8,"Proteomics"
"FT3860NR","Prostaglandin F2a","C00639","Fatty Acyls","Eicosanoids",0.92189815224096,FALSE,0.299608659060848,0.635488022944918,2.01605979830912,0.0903924592335265,0.646427276261756,8,"Proteomics"
"FT2459PR","2-Decylfuran",NA,"Heteroaromatic compounds","Unclassified",0.706134370496395,FALSE,-0.278625108449253,-0.635438260466272,-2.01579500663859,0.0904256232934307,0.646427276261756,8,"Proteomics"
"FT4852PR","Myristoylcarnitine",NA,"Fatty Acyls","Fatty acid esters",1.69343682807486,TRUE,-0.807694570285787,-0.634206617548441,-2.00925468612101,0.0912486908777927,0.648983036141036,8,"Proteomics"
"FT0819PR","Isonicotinamide","C02421","Pyridines and derivatives","Pyridinecarboxylic acids and derivatives",0.664887930989532,FALSE,0.128549870504015,0.632378036947482,1.99959161507048,0.0924786292609319,0.649354375579589,8,"Proteomics"
"FT3361NR","11-cis- and 12s-trans-fixed retinal",NA,"Prenol lipids","Sesquiterpenoids",0.822254574953933,FALSE,-0.405936571189522,-0.631831837967458,-1.99671608065433,0.0928478586354224,0.649354375579589,8,"Proteomics"
"FT2805NR","FA(19:0)","C16794","Fatty Acyls","Fatty acids and conjugates",0.160395994639649,FALSE,0.0637952851297985,-0.631359994021476,-1.99423598443193,0.0931675079364927,0.649354375579589,8,"Proteomics"
"FT3049NR","FA(20:1)",NA,"Fatty Acyls","Fatty acids and conjugates",0.0265274747862572,FALSE,0.0185378777574128,-0.630862328950769,-1.99162415825657,0.0935053366746272,0.649354375579589,8,"Proteomics"
"FT1790NR","Homocarnosine","C00884","Peptidomimetics","Hybrid peptides",0.285568308305884,FALSE,-0.0722393026937341,-0.630678935882342,-1.99066271229919,0.0936300068088217,0.649354375579589,8,"Proteomics"
"FT2801NR","FA(18:1;O)","C08365","Fatty Acyls","Fatty acids and conjugates",0.566666090969752,FALSE,-0.202213382134986,-0.629231377353837,-1.98309320612963,0.0946174167825424,0.649388909815683,8,"Proteomics"
"FT2318NR","Phosphocitrate",NA,"Carboxylic acids and derivatives","Tricarboxylic acids and derivatives",0.699849204967707,FALSE,0.155292051157251,0.628677874224156,1.98020790058577,0.0949965513493552,0.649388909815683,8,"Proteomics"
"FT5961PR","PE(18:1(11Z)/0:0)",NA,"Glycerophospholipids","Glycerophosphoethanolamines",0.363992945552682,FALSE,-0.0706726862597198,-0.628235651689617,-1.97790625643161,0.0953000895350228,0.649388909815683,8,"Proteomics"
"FT4225PR","Dihydroceramide","C12126","Carboxylic acids and derivatives","Carboxylic acid derivatives",1.08990537157855,FALSE,-0.391278741915536,-0.627947217513955,-1.97640674453379,0.0954983690905416,0.649388909815683,8,"Proteomics"
"FT2293PR","Prolyl-Valine",NA,"Carboxylic acids and derivatives","Amino acids, peptides, and analogues",0.168360159637628,FALSE,0.0652206535604486,-0.62546539241834,-1.96355951683681,0.0972142702539359,0.657848022980518,8,"Proteomics"
"FT1154NR","3,7-dideoxy-D-threo-hepto-2,6-diuolosonic acid",NA,"Keto acids and derivatives","Medium-chain keto acids and derivatives",0.904643990086611,FALSE,-0.288935676019487,-0.622865347157751,-1.95020529790278,0.0990307747753503,0.666902898728687,8,"Proteomics"
"FT5066PR","Pentadecanoylcarnitine",NA,"Fatty Acyls","Fatty acid esters",0.206945932249689,FALSE,0.0261257025681636,0.620776950604148,1.93955553597092,0.100503815552539,0.670975275146856,8,"Proteomics"
"FT1577NR","1,3-Dinitroglycerin",NA,"Organic oxoanionic compounds","Organic nitrates",1.37597785337517,TRUE,0.577541699281199,0.620316421051605,1.93721614202875,0.100830327124269,0.670975275146856,8,"Proteomics"
"FT2457PR","4-Oxo-beta-ionol",NA,"Prenol lipids","Sesquiterpenoids",0.13529942228027,FALSE,-0.0144017214221534,-0.61996556418522,-1.93543604862571,0.101079489082381,0.670975275146856,8,"Proteomics"
"FT1955NR","pentalenene","C01841","Prenol lipids","Sesquiterpenoids",0.693380477838832,FALSE,-0.178368536667567,-0.619001291119175,-1.93055345171367,0.101766085453245,0.672331389202956,8,"Proteomics"
"FT3246NR","FA(18:4)",NA,"Fatty Acyls","Fatty acids and conjugates",0.121313899776002,FALSE,0.000273442353997514,-0.615573973848623,-1.91331316466032,0.104228013884911,0.675854684599613,8,"Proteomics"
"FT1488NR","Boc-L-cysteine",NA,"Carboxylic acids and derivatives","Amino acids, peptides, and analogues",1.47645766124927,FALSE,1.03659008035776,0.615456567482173,1.91272569961205,0.104312946255493,0.675854684599613,8,"Proteomics"
"FT0160PR","4-Methylimidazole","C19262","Azoles","Imidazoles",1.20507441965852,FALSE,-0.884749473376176,-0.614900351220993,-1.90994534888186,0.104715853185602,0.675854684599613,8,"Proteomics"
"FT2565PR","Valylaspartic acid",NA,"Carboxylic acids and derivatives","Amino acids, peptides, and analogues",0.466249966334634,FALSE,0.211690992941263,-0.613653218788318,-1.90372795936618,0.105622465141975,0.675854684599613,8,"Proteomics"
"FT2768NR","cis-12-Octadecenoic Acid methyl ester",NA,"Fatty Acyls","Fatty acid esters",0.425142263952137,FALSE,0.174698709456228,-0.612948610971252,-1.90022535996864,0.106136657704202,0.675854684599613,8,"Proteomics"
"FT6543PR","LysoPE(24:6/0:0)",NA,"Glycerophospholipids","Glycerophosphoethanolamines",0.931674902593566,FALSE,-0.403260743786768,-0.611241770900987,-1.89177070874956,0.10738814331717,0.675854684599613,8,"Proteomics"
"FT4368NR","6,7-dihydro-12-epi-LTB4",NA,"Fatty Acyls","Eicosanoids",2.57219553870831,TRUE,-1.91228715358657,-0.611226876779132,-1.89169711844525,0.107399100765049,0.675854684599613,8,"Proteomics"
"FT0943NR","maleimide-thiol",NA,"Pyrrolidines","Pyrrolidones",0.416857331816117,FALSE,-0.141903745356556,-0.610950514420119,-1.89033222258425,0.107602533200967,0.675854684599613,8,"Proteomics"
"FT1298NR","N-Acetyl-S-allylcysteine",NA,"Carboxylic acids and derivatives","Amino acids, peptides, and analogues",1.21036237653765,TRUE,-0.553209424073033,-0.610772916475623,-1.88945568560862,0.107733380164215,0.675854684599613,8,"Proteomics"
"FT1241PR","L-Glutamic acid","C00025","Carboxylic acids and derivatives","Amino acids, peptides, and analogues",0.63558297304029,FALSE,0.314267416831953,0.609884765762082,1.88507902053296,0.108389092911942,0.675854684599613,8,"Proteomics"
"FT6800NR","LPS(O-19:1;O/0:0)",NA,"Glycerophospholipids","Glycerophosphoserines",0.946775461668051,FALSE,0.32029150015615,0.609175181884001,1.881590434953,0.10891459998173,0.675854684599613,8,"Proteomics"
"FT3035NR","SCHEMBL24234963",NA,"Organooxygen compounds","Carbohydrates and carbohydrate conjugates",1.099129845263,FALSE,0.411569010082498,0.609011816436674,1.88078828681292,0.109035790829967,0.675854684599613,8,"Proteomics"
"FT3221PR","Heptanoylcarnitine",NA,"Fatty Acyls","Fatty acid esters",0.108829462089375,FALSE,0.00451958549813185,-0.608610263006576,-1.87881821717277,0.109334004722167,0.675854684599613,8,"Proteomics"
"FT3278PR","6-Phosphogluconic acid","C00345","Organooxygen compounds","Carbohydrates and carbohydrate conjugates",0.868822970815218,FALSE,0.250635609861047,0.608383239634248,1.87770542803963,0.109502808810305,0.675854684599613,8,"Proteomics"
"FT2086NR","3,5-Dinitrobenzoic acid",NA,"Benzene and substituted derivatives","Benzoic acids and derivatives",1.16072518590311,FALSE,-0.958932612730734,-0.608290444176997,-1.87725078793132,0.109571849870526,0.675854684599613,8,"Proteomics"
"FT3824PR","Asn-Thr-Ala",NA,"Carboxylic acids and derivatives","Amino acids, peptides, and analogues",1.2481547116775,FALSE,-0.720031617018203,-0.607164131685758,-1.87174227677901,0.110411814812246,0.678035549992382,8,"Proteomics"
"FT1824PR","2-amino-decanoic acid",NA,"Carboxylic acids and derivatives","Amino acids, peptides, and analogues",0.235540800741114,FALSE,0.175662549307898,-0.605646934031528,-1.86435027102997,0.111549054034923,0.679592045882456,8,"Proteomics"
"FT4457PR","N-Acetylsphinganine",NA,"Sphingolipids","Ceramides",1.15323582459959,FALSE,-0.89093760075667,-0.605177139012362,-1.8620678877108,0.111902538539188,0.679592045882456,8,"Proteomics"
"FT2108PR","Spermine","C00750","Organonitrogen compounds","Amines",1.08674703302339,FALSE,-0.53326539485982,-0.604878180300954,-1.86061706928944,0.112127812448325,0.679592045882456,8,"Proteomics"
"FT1177PR","4-HYDROXY-6-METHYLPYRAN-2-ONE","C02752","Pyrans","Pyranones and derivatives",2.22614337197153,TRUE,1.88657073151433,0.604222828016717,1.85744104394797,0.112622538672756,0.679635579696196,8,"Proteomics"
"FT4284NR","Kaltostat",NA,"Organooxygen compounds","Carbohydrates and carbohydrate conjugates",1.38433346526571,TRUE,0.512220189477515,0.603248907180934,1.85273210363293,0.113360035503146,0.679713203740303,8,"Proteomics"
"FT0994PR","1-Nitrohexane",NA,"Allyl-type 1,3-dipolar organic compounds","Organic nitro compounds",2.41168640069614,TRUE,1.824159929291,0.602733584612557,1.85024577790158,0.113751365290175,0.679713203740303,8,"Proteomics"
"FT3407PR","9-Octadecenamide",NA,"Fatty Acyls","Fatty amides",0.580334102298802,FALSE,-0.226083735399372,-0.602097541040072,-1.84718201022232,0.114235423073499,0.679713203740303,8,"Proteomics"
"FT2632NR","Fluconazole","C07002","Benzene and substituted derivatives","Halobenzenes",1.77963525614292,FALSE,1.32794926647676,0.601638105859508,1.84497238302,0.114585798334986,0.679713203740303,8,"Proteomics"
"FT4571NR","PA(15:0/0:0)",NA,"Glycerophospholipids","Glycerophosphates",0.495791767607001,FALSE,-0.101081539708292,-0.600012700213723,-1.83717806802265,0.115830246468126,0.683335624083641,8,"Proteomics"
"FT1617PR","Glycylproline",NA,"Carboxylic acids and derivatives","Amino acids, peptides, and analogues",1.75599178232513,TRUE,0.958412007743531,0.598646583888912,1.83065463651865,0.116882061516097,0.683335624083641,8,"Proteomics"
"FT6835NR","GDP-L-fucose","C00325","Purine nucleotides","Purine nucleotide sugars",0.277845193192651,FALSE,0.0516904207775971,0.598239930409456,1.8287176172069,0.117196194876738,0.683335624083641,8,"Proteomics"
"FT4911PR","N-(m-Methoxybenzyl)hexadecanamide",NA,"Phenol ethers","Anisoles",0.733498470352011,FALSE,-0.341306486468106,-0.598120632964412,-1.82814978339004,0.117288440642557,0.683335624083641,8,"Proteomics"
"FT3541NR","Docosadienoic acid",NA,"Fatty Acyls","Fatty acids and conjugates",0.199725394795398,FALSE,-0.0459420098542365,-0.597396773525328,-1.82470839838187,0.117849038219912,0.683335624083641,8,"Proteomics"
"FT4767PR","Clusiaphenone B",NA,"Benzene and substituted derivatives","Benzophenones",0.000765157358652574,FALSE,0.00801174885579713,-0.597024866733932,-1.8229429715639,0.118137650935551,0.683335624083641,8,"Proteomics"
"FT1218PR","Spermidine","C00315","Organonitrogen compounds","Amines",1.03565149589413,FALSE,-0.392219469399683,-0.595777658692596,-1.81703583204904,0.119108437853883,0.684802993266094,8,"Proteomics"
"FT0682PR","QUINUCLIDINE",NA,"Quinuclidines","Unclassified",0.962190590468278,FALSE,-0.368296462699985,-0.595437690297865,-1.815429184285,0.11937383598541,0.684802993266094,8,"Proteomics"
"FT3878PR","2-Aminoethyl oleate",NA,"Fatty Acyls","Fatty acid esters",0.690447678688414,FALSE,-0.434372345067802,-0.594809162914193,-1.81246281961358,0.119865376550238,0.684804651274721,8,"Proteomics"
"FT6073NR","FA(31:0)",NA,"Fatty Acyls","Fatty acids and conjugates",0.367605450716514,FALSE,-0.0873779887179706,-0.593202909574213,-1.80490535420676,0.121126723085099,0.689186334614811,8,"Proteomics"
"FT2169PR","DL-O-Phosphoserine","C01005","Carboxylic acids and derivatives","Amino acids, peptides, and analogues",1.27247774762767,FALSE,-0.464737628461001,-0.59002586259688,-1.79005489311627,0.12364348177506,0.699959178993997,8,"Proteomics"
"FT2412NR","DOPA sulfate",NA,"Carboxylic acids and derivatives","Amino acids, peptides, and analogues",1.12782792174116,FALSE,0.347637122554646,0.589548272820336,1.78783358780511,0.124024330854747,0.699959178993997,8,"Proteomics"
"FT4387NR","N-Eicosapentaenoyl Threonine",NA,"Carboxylic acids and derivatives","Amino acids, peptides, and analogues",0.350710297704753,FALSE,0.0896560276756614,0.587691824472018,1.77922633025364,0.1255109868573,0.70272845909954,8,"Proteomics"
"FT4386NR","(Z)-1-Methyl-2-(tridec-8-en-1-yl)quinolin-4(1H)-one",NA,"Quinolines and derivatives","Quinolones and derivatives",0.357766579679757,FALSE,-0.110758551515469,-0.586810075271727,-1.77515324578724,0.126220580485847,0.70272845909954,8,"Proteomics"
"FT5620PR","(9S,10E,12Z)-9-Hydroxyoctadeca-10,12-dienoylcarnitine",NA,"Fatty Acyls","Fatty acid esters",1.38972545843429,TRUE,-0.580870741508835,-0.586053410314901,-1.77166564686647,0.126831300389143,0.70272845909954,8,"Proteomics"
"FT6193PR","LysoPC(O-18:0/0:0)","C04317","Glycerophospholipids","Glycerophosphocholines",0.128380264659479,FALSE,-0.0847954156790364,-0.585340172135237,-1.76838467358695,0.127408482345708,0.70272845909954,8,"Proteomics"
"FT5540NR","LysoPE(P-18:0/0:0)",NA,"Glycerophospholipids","Glycerophosphoethanolamines",0.531999358672388,FALSE,-0.131431001883737,-0.585096209692724,-1.7672638545663,0.127606243843563,0.70272845909954,8,"Proteomics"
"FT7545PR","PC(P-16:0/22:6)",NA,"Glycerophospholipids","Glycerophosphocholines",1.86876087100892,TRUE,-1.0609729005247,-0.584347226016571,-1.7638274063772,0.128214460185998,0.70272845909954,8,"Proteomics"
"FT0412NR","3-Hydroxybenzyl alcohol","C03351","Benzene and substituted derivatives","Benzyl alcohols",1.04197167107123,FALSE,-0.715706505714801,-0.583290821061219,-1.75899209201322,0.129075071925057,0.70272845909954,8,"Proteomics"
"FT1035PR","2-(2-Hydroxypropan-2-ylamino)propan-2-ol",NA,"Organonitrogen compounds","Amines",1.23757191485076,FALSE,-0.549908728252338,-0.581865947442594,-1.75249165851493,0.130240962932577,0.70272845909954,8,"Proteomics"
"FT2572NR","Ala-Pro-Val",NA,"Carboxylic acids and derivatives","Amino acids, peptides, and analogues",1.56361164170784,TRUE,0.669041901852364,0.5818076711495,1.75222631631367,0.130288771766082,0.70272845909954,8,"Proteomics"
"FT1859PR","1,2-Cyclohexanedicarboxylic acid",NA,"Carboxylic acids and derivatives","Dicarboxylic acids and derivatives",1.49548074688816,FALSE,1.13991642801291,0.581656682254911,1.75153902709878,0.130412685969425,0.70272845909954,8,"Proteomics"
"FT3366NR","(4E,7E,10Z,13E,16E,19E)-docosa-4,7,10,13,16,19-hexaenoic acid",NA,"Fatty Acyls","Fatty acids and conjugates",0.389887936517533,FALSE,-0.0715476247550877,-0.581367263632314,-1.75022238165771,0.130650391226946,0.70272845909954,8,"Proteomics"
"FT6013NR","LysoPE(0:0/20:2)",NA,"Glycerophospholipids","Glycerophosphoethanolamines",0.053929261293049,FALSE,0.0216922397601652,-0.580407883519048,-1.74586506302262,0.131440078306601,0.70272845909954,8,"Proteomics"
"FT1451PR","N-methyl-L-glutamic Acid","C01046","Carboxylic acids and derivatives","Amino acids, peptides, and analogues",0.660064241285826,FALSE,0.277080472091597,0.579282811269362,1.74076916445671,0.13236953506973,0.70272845909954,8,"Proteomics"
"FT4079PR","FA(21:3;O)",NA,"Fatty Acyls","Fatty acids and conjugates",0.854541350622577,FALSE,0.345368370743178,0.579135892932652,1.74010482055164,0.132491178552964,0.70272845909954,8,"Proteomics"
"FT6182PR","LysoPC(P-18:0/0:0)","C04230","Glycerophospholipids","Glycerophosphocholines",0.416457434430152,FALSE,-0.115332874565185,-0.578970909154876,-1.73935909136115,0.132627853892242,0.70272845909954,8,"Proteomics"
"FT2320PR","gamma-Glutamyl-beta-aminopropiononitrile","C06114","Carboxylic acids and derivatives","Amino acids, peptides, and analogues",1.02324150034829,FALSE,0.38943136360528,0.578165223490191,1.73572199073116,0.133296426249972,0.70272845909954,8,"Proteomics"
"FT1791NR","Cucujolide IV",NA,"Macrolides and analogues","Unclassified",0.894741674424411,FALSE,-0.334525686126772,-0.578005398694967,-1.73500140259974,0.133429274450054,0.70272845909954,8,"Proteomics"
"FT1434NR","N-butanoyl-l-homoserine lactone","C11837","Carboxylic acids and derivatives","Amino acids, peptides, and analogues",0.424623211946653,FALSE,0.794705342770248,-0.577813377070756,-1.73413604792309,0.133588982540443,0.70272845909954,8,"Proteomics"
"FT5031PR","5-Hydroxytrtradeca-7,9-dienoylcarnitine",NA,"Fatty Acyls","Fatty acid esters",1.55275511619252,TRUE,-0.777503449989134,-0.576693650597965,-1.72909854091611,0.134522400683576,0.703511439648221,8,"Proteomics"
"FT0472NR","4-Hydroxyproline","C01157","Carboxylic acids and derivatives","Amino acids, peptides, and analogues",0.881326373840372,FALSE,0.201361381713316,0.576424665080962,1.72789058796784,0.134747169573942,0.703511439648221,8,"Proteomics"
"FT7896PR","PC(20:5-3OH/20:0)",NA,"Glycerophospholipids","Glycerophosphocholines",3.86626772055152,TRUE,5.07050646337039,0.5743288476137,1.71850745169194,0.136505623998399,0.708742861088057,8,"Proteomics"
"FT1560NR","Carbidopa",NA,"Phenylpropanoic acids","Unclassified",0.372323638352733,FALSE,-0.0797125193427195,-0.574019774666389,-1.71712799005327,0.136766018387868,0.708742861088057,8,"Proteomics"
"FT4069NR","4-p-Coumaroyl-1,5-quinolactone",NA,"Cinnamic acids and derivatives","Hydroxycinnamic acids and derivatives",1.47637877404346,FALSE,-0.752772395818852,-0.573250278591661,-1.71369830769394,0.137415517775521,0.708914427173625,8,"Proteomics"
"FT2625PR","N-Lactoylphenylalanine",NA,"Carboxylic acids and derivatives","Amino acids, peptides, and analogues",1.91975079115568,FALSE,1.57819239984543,0.57262053296219,1.7108965265143,0.137948331428964,0.708914427173625,8,"Proteomics"
"FT2651NR","(R)-Mevalonic acid-5-pyrophosphate",NA,"Organic oxoanionic compounds","Organic pyrophosphates",0.719099327883577,FALSE,0.20658283890785,0.571798427269054,1.70724570065419,0.138645619217224,0.708914427173625,8,"Proteomics"
"FT6658NR","LysoPE(22:6/0:0)",NA,"Glycerophospholipids","Glycerophosphoethanolamines",0.562981269884907,FALSE,-0.214328219772786,-0.570722537461834,-1.7024794027526,0.139561106819418,0.708914427173625,8,"Proteomics"
"FT5060PR","N-Oleoyl Cysteine",NA,"Carboxylic acids and derivatives","Amino acids, peptides, and analogues",1.10008799905552,FALSE,-0.437580440010103,-0.570693951925484,-1.70235294371744,0.139585476158991,0.708914427173625,8,"Proteomics"
"FT1823PR","3S-aminodecanoic acid",NA,"Carboxylic acids and derivatives","Amino acids, peptides, and analogues",0.399460824748987,FALSE,-0.132381974592135,-0.570383363000724,-1.70097952628709,0.139850407082315,0.708914427173625,8,"Proteomics"
"FT3465PR","Stearamide","C13846","Carboximidic acids and derivatives","Carboximidic acids",0.653716564341665,FALSE,-0.31348890010397,-0.569323516411982,-1.69630103748837,0.140756547287478,0.7109225612998,8,"Proteomics"
"FT2944NR","4-Amino-1-[(2R,3S,4S,5R)-3,4-dihydroxy-5-(hydroxymethyl)oxolan-2-yl]oxypyrimidin-2-one",NA,"Organooxygen compounds","Carbohydrates and carbohydrate conjugates",1.81298347577652,TRUE,0.891301776679149,0.568480761995926,1.69258979551716,0.141479393236745,0.71186192704025,8,"Proteomics"
"FT3484NR","(S)-a-Amino-2,5-dihydro-5-oxo-4-isoxazolepropanoic acid N2-glucoside",NA,"Organooxygen compounds","Carbohydrates and carbohydrate conjugates",1.16595908278711,FALSE,0.38371689885408,0.567917267327122,1.69011272531856,0.1419638563251,0.71186192704025,8,"Proteomics"
"FT6387PR","LPC(18:0(11cp)/0:0)",NA,"Glycerophospholipids","Glycerophosphocholines",0.0497844467443917,FALSE,0.0618675753849821,-0.567191209558303,-1.68692621292379,0.14258943349227,0.712436094223026,8,"Proteomics"
"FT6491PR","LysoPC(20:2/0:0)","C04230","Glycerophospholipids","Glycerophosphocholines",0.0274806372052523,FALSE,0.0199300243493637,-0.566432611943212,-1.68360308395581,0.143244672108388,0.713153831853902,8,"Proteomics"
"FT4230NR","Taxa-4(20),11(12)-dien-5alpha-yl acetate","C11896","Prenol lipids","Diterpenoids",1.65450679365245,TRUE,0.731525583590916,0.565177057572279,1.67811680795317,0.144332805186382,0.716013987294721,8,"Proteomics"
"FT6081PR","O-(17-carboxyheptadecanoyl)carnitine",NA,"Fatty Acyls","Fatty acid esters",3.01729842876408,FALSE,4.30629480269051,0.564448086025839,1.6749393607527,0.144966659106369,0.716608236859144,8,"Proteomics"
"FT2622NR","Uridine 2',3'-cyclic phosphate","C02355","Pyrimidine nucleotides","Cyclic pyrimidine nucleotides",0.512710649278554,FALSE,-0.178433079922138,-0.562993607385531,-1.66861672734097,0.146235934847487,0.717039432551467,8,"Proteomics"
"FT1248NR","4-Nitroanisole","C07555","Benzene and substituted derivatives","Nitrobenzenes",0.772397003294712,FALSE,0.553545915300749,-0.562329737959364,-1.6657384366076,0.146817299920195,0.717039432551467,8,"Proteomics"
"FT4836PR","MG(18:1-O(9S,10R)/0:0/0:0)",NA,"Glycerolipids","Monoradylglycerols",0.869331552646248,FALSE,-0.386710673654737,-0.562095360404161,-1.6647233887622,0.147022853077735,0.717039432551467,8,"Proteomics"
"FT4229NR","4,8,12,15,19-Docosapentaenoic acid",NA,"Fatty Acyls","Fatty acids and conjugates",0.0648752100584888,FALSE,0.0852986898309981,-0.56199446366321,-1.66428660334817,0.147111390035667,0.717039432551467,8,"Proteomics"
"FT4825NR","Austalide K",NA,"Isoflavonoids","Isoflavans",1.09696402691718,FALSE,-0.597653173134771,-0.561015852971349,-1.66005578904208,0.147971644716768,0.718719417195732,8,"Proteomics"
"FT1275PR","3-Hydroxy-2-oxoindole","C11130","Indoles and derivatives","Indolines",0.535322372486071,FALSE,-0.128372339168283,-0.559844949306104,-1.65500697853999,0.149004564339801,0.721223481561396,8,"Proteomics"
"FT4082PR","11E-Eicosen-1-ol",NA,"Fatty Acyls","Fatty alcohols",1.30657375981066,FALSE,-0.818626833634669,-0.55750424584166,-1.644957307148,0.151081276871348,0.726352011141478,8,"Proteomics"
"FT5937PR","20-hydroxy-LTE4","C03577","Fatty Acyls","Eicosanoids",0.0941583979471513,FALSE,-0.0264549621644865,0.557476229591095,1.64483736733863,0.151106229003607,0.726352011141478,8,"Proteomics"
"FT4252PR","3-hydroxydecanoyl carnitine",NA,"Fatty Acyls","Fatty acid esters",1.20958100921795,FALSE,-0.441095181072337,-0.556001651244302,-1.63853605540836,0.152422725900531,0.730162473901511,8,"Proteomics"
"FT5388PR","13-Hydroxyhexadecanoylcarnitine",NA,"Fatty Acyls","Fatty acid esters",1.1862608517704,FALSE,-0.441635968760718,-0.554519066648455,-1.63222310685943,0.1537526860202,0.731820831113888,8,"Proteomics"
"FT5042PR","S-Adenosylhomocysteine","C00021","5'-deoxyribonucleosides","5'-deoxy-5'-thionucleosides",0.583421480094472,FALSE,-0.169097883000289,-0.553830698108756,-1.62929962683848,0.154372342674096,0.731820831113888,8,"Proteomics"
"FT4605PR","Arachidoyl Ethanolamide",NA,"Organonitrogen compounds","Amines",0.966195911405731,FALSE,-0.613756882790203,-0.552603855811284,-1.62410120081565,0.155480106453795,0.731820831113888,8,"Proteomics"
"FT6641NR","xanthurenic acid 8-O-sulfate",NA,"Quinolines and derivatives","Quinoline carboxylic acids",0.183105761649084,FALSE,-0.0550983099835355,0.551320609028217,1.61868003663445,0.156643436596155,0.731820831113888,8,"Proteomics"
"FT0576PR","Choline","C00114","Organonitrogen compounds","Quaternary ammonium salts",0.288447101212225,FALSE,-0.0717546695045415,-0.551259326253135,-1.61842155725397,0.156699111211152,0.731820831113888,8,"Proteomics"
"FT4648NR","FA(22:8;O2)",NA,"Fatty Acyls","Fatty acids and conjugates",0.156229700643299,FALSE,0.0636302247554147,0.550947481053188,1.61710683468594,0.156982586013397,0.731820831113888,8,"Proteomics"
"FT2400NR","D-glycero-L-galacto-Octulose",NA,"Organooxygen compounds","Carbohydrates and carbohydrate conjugates",0.202837709058926,FALSE,-0.0775805929434214,-0.550637098600824,-1.61579924478774,0.157265009038765,0.731820831113888,8,"Proteomics"
"FT3196PR","Myristoyl-EA",NA,"Organonitrogen compounds","Amines",0.972655543308722,FALSE,-0.363175722683803,-0.549516551604606,-1.61108655741926,0.158286923404476,0.731820831113888,8,"Proteomics"
"FT4647PR","Phlorisobutyrophenone 2-glucoside",NA,"Organooxygen compounds","Carbohydrates and carbohydrate conjugates",0.137679261096042,FALSE,0.0450427949448813,-0.547939134790287,-1.60447350091744,0.159731614486732,0.731820831113888,8,"Proteomics"
"FT0099NR","Dihydroxyacetone","C00184","Organooxygen compounds","Carbohydrates and carbohydrate conjugates",1.0413163619091,FALSE,0.293813797869314,0.547366365647039,1.60207832673738,0.160257961104333,0.731820831113888,8,"Proteomics"
"FT1579NR","Deoxyuridine","C00526","Pyrimidine nucleosides","Pyrimidine 2'-deoxyribonucleosides",0.530929831536889,FALSE,0.135877002911747,0.547289450477226,1.60175693218485,0.160328714197838,0.731820831113888,8,"Proteomics"
"FT1806PR","1,2,3,4-Tetrahydro-2-methyl-b-carboline",NA,"Indoles and derivatives","Pyridoindoles",0.168261387703353,FALSE,0.0804978830626969,-0.546712366101607,-1.59934739755553,0.160860107875412,0.731820831113888,8,"Proteomics"
"FT5735PR","lysoPE(0:0/16:0)",NA,"Glycerophospholipids","Glycerophosphoethanolamines",0.446913310782394,FALSE,-0.0720814736931549,-0.546589049015267,-1.59883292631348,0.160973785476564,0.731820831113888,8,"Proteomics"
"FT1221NR","Bornyl acetate","C09837","Prenol lipids","Monoterpenoids",0.848024426033228,FALSE,-0.289948651731853,-0.546509447625975,-1.59850091303455,0.161047187778586,0.731820831113888,8,"Proteomics"
"FT3311NR","2-methyl-7R,8S-Epoxy-17-octadecene",NA,"Epoxides","Unclassified",1.03214990273427,FALSE,0.362792728465216,0.54650880474791,1.5984982318749,0.161047780665627,0.731820831113888,8,"Proteomics"
"FT2662PR","Bulnesol",NA,"Prenol lipids","Sesquiterpenoids",0.273644318215102,FALSE,-0.100209875766304,-0.546377850893307,-1.59795216534041,0.161168576149185,0.731820831113888,8,"Proteomics"
"FT4358PR","Erucamide",NA,"Fatty Acyls","Fatty amides",1.04346465799761,FALSE,-0.600037282089572,-0.545721662265233,-1.59521842759729,0.161774605146956,0.73182874112434,8,"Proteomics"
"FT5274NR","24-epibrassicasterol","C08813","Steroids and steroid derivatives","Ergostane steroids",0.0629805782354515,FALSE,-0.0475622742286865,-0.545239944523541,-1.59321421145932,0.16222028766673,0.73182874112434,8,"Proteomics"
"FT1465NR","O-Succinyl-L-homoserine",NA,"Carboxylic acids and derivatives","Amino acids, peptides, and analogues",1.77765481682249,TRUE,1.07515005333448,0.544501269709236,1.59014527033517,0.162905000618864,0.732547002782891,8,"Proteomics"
"FT1305PR","Guanine","C00242","Imidazopyrimidines","Purines and purine derivatives",0.786189406853814,FALSE,0.195516190898366,0.542829035916261,1.58321710590398,0.164460864827846,0.73412888771035,8,"Proteomics"
"FT4548PR","Dihomolinoleoyl-EA",NA,"Organonitrogen compounds","Amines",1.23734630879378,FALSE,-0.798804925836638,-0.542176167073412,-1.58051949152159,0.165070480714043,0.73412888771035,8,"Proteomics"
"FT4912PR","N-(1,1-dimethyl-2-hydroxy-ethyl) arachidonoyl amine",NA,"Fatty Acyls","Fatty amides",0.588773952574339,FALSE,-0.177558911952801,-0.541889081360488,-1.57933455504248,0.165338934205826,0.73412888771035,8,"Proteomics"
"FT1533PR","Tartaric acid","C00898","Organooxygen compounds","Carbohydrates and carbohydrate conjugates",0.564342909385418,FALSE,0.241537643256915,0.54112022505986,1.57616497821024,0.166059056048919,0.73412888771035,8,"Proteomics"
"FT1212PR","1-Hydroxyisoquinoline","C06324","Isoquinolines and derivatives","Isoquinolones and derivatives",0.488085458298617,FALSE,0.211084294890081,0.540873284094694,1.57514816176796,0.166290704485211,0.73412888771035,8,"Proteomics"
"FT2347NR","Dexelvucitabine",NA,"Nucleoside and nucleotide analogues","Unclassified",0.315636448681661,FALSE,0.113378260186015,-0.540634983780895,-1.57416747039058,0.16651441329123,0.73412888771035,8,"Proteomics"
"FT6410PR","PC(O-18:0/1:0)",NA,"Glycerophospholipids","Glycerophosphocholines",0.182510018996481,FALSE,-0.0775329676048168,-0.539528409573973,-1.56962052460628,0.167555365279236,0.73412888771035,8,"Proteomics"
"FT1064NR","4-Pyridoxic acid","C00847","Pyridines and derivatives","Pyridinecarboxylic acids and derivatives",1.56684594324379,TRUE,0.665310908094481,0.539126707571363,1.56797276161606,0.167934114562859,0.73412888771035,8,"Proteomics"
"FT2119PR","1-Carboxyethylisoleucine",NA,"Carboxylic acids and derivatives","Amino acids, peptides, and analogues",1.13980573934838,FALSE,0.611057228803014,0.538922319126361,1.56713494895073,0.168127002180126,0.73412888771035,8,"Proteomics"
"FT4523PR","Ganaxolone",NA,"Steroids and steroid derivatives","Pregnane steroids",0.930693024433881,FALSE,-0.442332448966336,-0.538502969176675,-1.56541720411402,0.168523130607828,0.73412888771035,8,"Proteomics"
"FT4816PR","trans-2-Tetradecenoylcarnitine",NA,"Fatty Acyls","Fatty acid esters",1.78345164570326,TRUE,-1.06594446811853,-0.537873742789397,-1.56284283363555,0.169118459538772,0.734427204352176,8,"Proteomics"
"FT3943PR","2E-Phytenal",NA,"Prenol lipids","Diterpenoids",0.693141637441669,FALSE,-0.345027924739654,-0.536578580415597,-1.55755545535849,0.17034742192687,0.737466789335581,8,"Proteomics"
"FT4006NR","Isopulegone caffeate",NA,"Cinnamic acids and derivatives","Hydroxycinnamic acids and derivatives",0.518251907776667,FALSE,-0.150836588081552,-0.534799580353809,-1.55031803123499,0.172043327080376,0.738625629999979,8,"Proteomics"
"FT6192PR","PC(O-16:0/1:0)",NA,"Glycerophospholipids","Glycerophosphocholines",0.334849344562571,FALSE,0.161180985154016,-0.533399130473925,-1.54464097176188,0.173384739738378,0.738625629999979,8,"Proteomics"
"FT6667PR","LysoPC(22:4/0:0)","C04230","Glycerophospholipids","Glycerophosphocholines",0.0746630135447767,FALSE,0.0629814266783962,-0.533140609252038,-1.54359493925504,0.173632976644373,0.738625629999979,8,"Proteomics"
"FT3704PR","Tridemorph","C11285","Oxazinanes","Morpholines",1.95006128229892,FALSE,-2.0015779599546,-0.532956245664926,-1.54284933357484,0.1738101228496,0.738625629999979,8,"Proteomics"
"FT7349NR","PA(P-16:0/18:3)",NA,"Glycerophospholipids","Glycerophosphates",0.529723045512707,FALSE,-0.191670154611352,-0.532575664838903,-1.54131115387974,0.174176112516806,0.738625629999979,8,"Proteomics"
"FT4675PR","Caffeoyl tyrosine",NA,"Carboxylic acids and derivatives","Amino acids, peptides, and analogues",0.70393969639705,FALSE,-0.240040590987452,-0.531254178465305,-1.5359802660725,0.175450151775854,0.738625629999979,8,"Proteomics"
"FT2254NR","Ara-HX",NA,"Purine nucleosides","Unclassified",0.642617684505153,FALSE,0.171290271060443,0.531184502487627,1.53569962704924,0.175517464710756,0.738625629999979,8,"Proteomics"
"FT2917NR","FA(15:0;O)",NA,"Fatty Acyls","Fatty alcohols",1.58142387068179,TRUE,0.637002688083497,0.530045582217557,1.53111845586306,0.176619726762141,0.738625629999979,8,"Proteomics"
"FT2633NR","Thymidine","C00214","Pyrimidine nucleosides","Pyrimidine 2'-deoxyribonucleosides",0.449006372862342,FALSE,0.122146659310831,0.528666687960473,1.52558743287593,0.177959200661287,0.738625629999979,8,"Proteomics"
"FT5071NR","cholest-5-en-23-yn-3beta-ol",NA,"Steroids and steroid derivatives","Cholestane steroids",0.376389999764492,FALSE,0.140146093969397,0.528364493917092,1.52437751545093,0.178253481230731,0.738625629999979,8,"Proteomics"
"FT5232NR","Ursolic aldehyde",NA,"Prenol lipids","Triterpenoids",0.610613025252264,FALSE,0.278218595290114,-0.528135363814969,-1.52346066553898,0.178476785042601,0.738625629999979,8,"Proteomics"
"FT2116NR","2,4,5-Trihydroxyphenylalanine",NA,"Carboxylic acids and derivatives","Amino acids, peptides, and analogues",1.39091196390249,FALSE,0.485181270615247,0.527955768544505,1.52274234883692,0.178651918417966,0.738625629999979,8,"Proteomics"
"FT0100NR","Glyceraldehyde","C02154","Organooxygen compounds","Carbohydrates and carbohydrate conjugates",1.07907407698584,FALSE,0.334297286602061,0.527064829802587,1.51918309547316,0.179522084368021,0.738625629999979,8,"Proteomics"
"FT2003NR","8-hydroxy-3E,5E,10E,12-tridecatetraen-2-one",NA,"Fatty Acyls","Fatty alcohols",1.04977890616737,FALSE,0.457542959916282,0.526888699821027,1.51848028768172,0.179694376072097,0.738625629999979,8,"Proteomics"
"FT1872PR","Coumarin-4-carboxylic acid",NA,"Coumarins and derivatives","Unclassified",0.113592166076903,FALSE,-0.027229513868785,-0.526718979270547,-1.51780331151411,0.179860481802069,0.738625629999979,8,"Proteomics"
"FT5179PR","S-Adenosylmethionine","C00019","5'-deoxyribonucleosides","5'-deoxy-5'-thionucleosides",1.18003574583283,TRUE,0.500220571427432,0.526031570973254,1.51506396503833,0.180534090068352,0.738625629999979,8,"Proteomics"
"FT7845NR","CE(LTE4)",NA,"Steroids and steroid derivatives","Steroid esters",1.2205614114471,FALSE,-0.478174969274971,-0.524267569110027,-1.50805310279467,0.182268847600666,0.738625629999979,8,"Proteomics"
"FT6549PR","1-linoleoyl-sn-glycero-3-phosphocholine",NA,"Glycerophospholipids","Glycerophosphocholines",1.26343085698428,TRUE,0.57972556858253,0.523432034967408,1.50474170939215,0.183093626840057,0.738625629999979,8,"Proteomics"
"FT4144PR","6R,7S-Epoxy-3Z,9Z-heneicosadiene",NA,"Epoxides","Unclassified",0.820783681387653,FALSE,-0.451405380116202,-0.522133112005418,-1.4996056729848,0.184379780949564,0.738625629999979,8,"Proteomics"
"FT1452PR","(±)-2,2'-Iminobispropanoic acid","C03210","Carboxylic acids and derivatives","Amino acids, peptides, and analogues",0.835028067261939,FALSE,0.372194342397114,0.520934824067045,1.49488027953459,0.185570551130837,0.738625629999979,8,"Proteomics"
"FT3776PR","FA(17:1;O)",NA,"Fatty Acyls","Fatty acids and conjugates",0.581347680896063,FALSE,-0.334538573165686,-0.519459621019002,-1.48907953352315,0.187042112580558,0.738625629999979,8,"Proteomics"
"FT0016NR","Pyruvaldehyde","C00546","Organooxygen compounds","Carbonyl compounds",0.852697535503417,FALSE,0.212107040027181,0.518675548444068,1.48600385953945,0.187826769506103,0.738625629999979,8,"Proteomics"
"FT4005NR","5-(3'-Hydroxyphenyl)-gamma-valerolactone-3'-O-glucuronide",NA,"Phenol ethers","Unclassified",0.390114074993233,FALSE,-0.122975141440388,-0.518563863100614,-1.48556617036686,0.187938680340536,0.738625629999979,8,"Proteomics"
"FT1272NR","Cyclopropanecarboxamide, 1,2,2,3,3-pentamethyl-",NA,"Carboxylic acids and derivatives","Cyclopropanecarboxylic acids and derivatives",1.43913017347625,TRUE,0.588435479256932,0.51810154876063,1.48375548964838,0.188402305335234,0.738625629999979,8,"Proteomics"
"FT6983NR","UDP-GlcNAc","C00043","Pyrimidine nucleotides","Pyrimidine nucleotide sugars",0.797473623342542,FALSE,0.218525207312762,0.517629124664652,1.48190704983817,0.188876696406054,0.738625629999979,8,"Proteomics"
"FT1499NR","Polygonal",NA,"Organooxygen compounds","Alcohols and polyols",0.364039252257298,FALSE,-0.114420188849967,-0.516480289535591,-1.47741975259494,0.190032961202799,0.738625629999979,8,"Proteomics"
"FT7399NR","PKODiA-PC","C13900","Glycerophospholipids","Glycerophosphocholines",0.211792849544278,FALSE,0.120003604877866,-0.516163995182413,-1.47618623439998,0.190351959286429,0.738625629999979,8,"Proteomics"
"FT7779NR","6-Hydroxy flavin adenine dinucleotide",NA,"Flavin nucleotides","Unclassified",1.0839022403491,FALSE,0.344317227184466,0.515612610753803,1.47403785480542,0.19090873632533,0.738625629999979,8,"Proteomics"
"FT2360PR","N-Acetylserotonin","C00978","Indoles and derivatives","Hydroxyindoles",0.958685053373633,FALSE,-0.334600094082404,-0.515235949432721,-1.47257168981978,0.191289577657135,0.738625629999979,8,"Proteomics"
"FT3134PR","3S,4R-epoxy-6Z,9Z-heptadecadiene",NA,"Epoxides","Unclassified",0.821753278526702,FALSE,-0.434914274716118,-0.51473858573715,-1.4706374666835,0.191793077792765,0.738625629999979,8,"Proteomics"
"FT3845PR","all-trans-13,14-dihydroretinol","C15492","Prenol lipids","Retinoids",0.689906925538012,FALSE,-0.441690143257435,-0.514095402502488,-1.46813915283269,0.192445237380389,0.738625629999979,8,"Proteomics"
"FT4023NR","Guanosine monophosphate","C00144","Purine nucleotides","Purine ribonucleotides",0.302344657581843,FALSE,0.107077980161097,0.514081575102886,1.4680854801292,0.192459270643772,0.738625629999979,8,"Proteomics"
"FT1684NR","Pterosin N",NA,"Indanes","Indanones",0.0652185055877431,FALSE,0.0343643666228647,0.513987131990949,1.46771892950162,0.192555134337441,0.738625629999979,8,"Proteomics"
"FT1056NR","Mannitol","C00392","Organooxygen compounds","Carbohydrates and carbohydrate conjugates",0.0942924824816382,FALSE,-0.00287274579103592,-0.51380918703614,-1.46702849033246,0.192735824622552,0.738625629999979,8,"Proteomics"
"FT5183NR","Met-Glu-Ile",NA,"Carboxylic acids and derivatives","Amino acids, peptides, and analogues",0.192320259196146,FALSE,-0.0230456464203849,-0.513741108102601,-1.466764407248,0.192804977628696,0.738625629999979,8,"Proteomics"
"FT4499PR","Bishomostearidonoyl-EA",NA,"Organonitrogen compounds","Amines",0.262938138252888,FALSE,-0.057368069722701,-0.512793981868402,-1.46309433477476,0.193768409835338,0.738625629999979,8,"Proteomics"
"FT7357PR","PE(21:0/14:0)",NA,"Glycerophospholipids","Glycerophosphoethanolamines",0.193463754718806,FALSE,-0.0536128015969062,-0.512547362902788,-1.46213988801701,0.194019691969707,0.738625629999979,8,"Proteomics"
"FT1630NR","3-Hepteneoylglycine",NA,"Carboxylic acids and derivatives","Amino acids, peptides, and analogues",0.129774946702723,FALSE,0.56943283534198,-0.512343537157398,-1.46135142691495,0.194227501842748,0.738625629999979,8,"Proteomics"
"FT5093NR","SCHEMBL23750731",NA,"Benzopyrans","1-benzopyrans",0.259850236068657,FALSE,-0.0629731365867035,-0.51205171049562,-1.46022313385812,0.194525237714602,0.738625629999979,8,"Proteomics"
"FT3392PR","N6-Methyladenosine",NA,"Purine nucleosides","Unclassified",0.0513654953597511,FALSE,0.0307200749217136,-0.511472403359925,-1.45798538100618,0.195116990181422,0.738625629999979,8,"Proteomics"
"FT5490PR","ADP","C00008","Purine nucleotides","Purine ribonucleotides",0.130676641098462,FALSE,0.0436726616027161,0.511358211882757,1.45754459904802,0.195233747014837,0.738625629999979,8,"Proteomics"
"FT2609NR","Pelrinone",NA,"Diazines","Pyrimidines and pyrimidine derivatives",1.09646023296189,FALSE,-0.598576517115052,-0.511342916109447,-1.45748556492141,0.195249389218608,0.738625629999979,8,"Proteomics"
"FT2283PR","Tridecanamide",NA,"Fatty Acyls","Fatty amides",0.834284970736858,FALSE,-0.277398915755572,-0.511019570461028,-1.45623804915753,0.195580213305784,0.738625629999979,8,"Proteomics"
"FT4171PR","9R,10S-Epoxy-6Z-heneicosene",NA,"Epoxides","Unclassified",0.662653920095624,FALSE,-0.188725546112553,-0.51042904264789,-1.45396186306071,0.196185163102336,0.738625629999979,8,"Proteomics"
"FT3784NR","S-(Formylmethyl)glutathione","C14871","Carboxylic acids and derivatives","Amino acids, peptides, and analogues",0.913898750085552,FALSE,0.345028737817216,0.510307160767553,1.45349241666221,0.196310144516309,0.738625629999979,8,"Proteomics"
"FT3301PR","4-(Dodecylamino)Phenol",NA,"Organonitrogen compounds","Amines",1.06281646694615,FALSE,-0.538546797751354,-0.510077153650603,-1.4526068321916,0.196546115408961,0.738625629999979,8,"Proteomics"
"FT1960PR","4-Piperidinol, 1-hydroxy-2,2,6,6-tetramethyl-",NA,"Piperidines","Unclassified",0.972603340484987,FALSE,-0.380155372525686,-0.509828569509448,-1.45165019516589,0.196801313359875,0.738625629999979,8,"Proteomics"
"FT6956PR","Isoorientin 6''-O-glucoside",NA,"Flavonoids","Flavonoid glycosides",1.71209271103471,TRUE,-0.77157126871842,-0.509612894057816,-1.45082060016077,0.197022868731029,0.738625629999979,8,"Proteomics"
"FT2563NR","Stearate",NA,"Fatty Acyls","Fatty acids and conjugates",0.660640082889671,FALSE,0.201016003791211,0.508785832442092,1.44764273085425,0.197873698308868,0.738625629999979,8,"Proteomics"
"FT5078PR","N-Stearoyl Cysteine",NA,"Carboxylic acids and derivatives","Amino acids, peptides, and analogues",0.603852891474866,FALSE,-0.231236711239321,-0.508484163092343,-1.44648495568102,0.198184518522103,0.738625629999979,8,"Proteomics"
"FT1788PR","Acesulfame",NA,"Organic sulfuric acids and derivatives","Unclassified",1.40983900524928,TRUE,-0.543046513870486,-0.508389824676683,-1.44612304228719,0.198281771427057,0.738625629999979,8,"Proteomics"
"FT2181PR","N-Desmethyl tapentadol",NA,"Benzene and substituted derivatives","Phenylpropanes",0.185570806363661,FALSE,0.133765049894632,-0.507831075001976,-1.44398093187258,0.198858298939837,0.738625629999979,8,"Proteomics"
"FT2359PR","Gamma-Glutamylalanine","C03740","Carboxylic acids and derivatives","Amino acids, peptides, and analogues",1.82950828094992,TRUE,1.23317586184298,0.507398769631381,1.44232526359307,0.199304964551144,0.738625629999979,8,"Proteomics"
"FT0430NR","2-Hydroxyethanesulfonate","C05123","Organic sulfonic acids and derivatives","Organosulfonic acids and derivatives",0.496342170731052,FALSE,0.235748242242961,-0.506409309808728,-1.43854128716737,0.200329279451473,0.738625629999979,8,"Proteomics"
"FT2561PR","Kifunensine",NA,"Carboxylic acids and derivatives","Amino acids, peptides, and analogues",0.827560117309437,FALSE,-0.353278770533351,-0.506376200399151,-1.43841479971478,0.200363603001174,0.738625629999979,8,"Proteomics"
"FT3337PR","9,12,15-Octadecatrienal",NA,"Fatty Acyls","Fatty aldehydes",0.532631683411632,FALSE,-0.216122910265353,-0.505785381293557,-1.43615913811537,0.200976608209755,0.738625629999979,8,"Proteomics"
"FT3174PR","Octadecylamine",NA,"Organonitrogen compounds","Amines",0.676592674391089,FALSE,-0.230589977135919,-0.505731200455111,-1.43595241960663,0.201032872948316,0.738625629999979,8,"Proteomics"
"FT3936PR","Tanshinone IIA",NA,"Prenol lipids","Diterpenoids",0.787056666578005,FALSE,0.222138011050198,0.505140699043295,1.43370093286542,0.201646623444233,0.738625629999979,8,"Proteomics"
"FT5521PR","N-Linoleoyl Lysine",NA,"Carboxylic acids and derivatives","Amino acids, peptides, and analogues",0.236172551887156,FALSE,0.103837036917048,-0.504136566259606,-1.42987853880351,0.202692549714819,0.738625629999979,8,"Proteomics"
"FT3723NR","Val-Asp-Ile",NA,"Carboxylic acids and derivatives","Amino acids, peptides, and analogues",2.11909786051634,TRUE,1.26995411132958,0.503554842094306,1.4276676711609,0.203299787010804,0.738625629999979,8,"Proteomics"
"FT7008NR","tauro-24,25-dihydrofusidate",NA,"Steroids and steroid derivatives","Hydroxysteroids",0.868769038942508,FALSE,-0.312797237198668,-0.503279266100629,-1.42662124132747,0.203587782176433,0.738625629999979,8,"Proteomics"
"FT4316PR","Pipericine",NA,"Fatty Acyls","Fatty amides",1.11409374759073,FALSE,-0.683307866740733,-0.502526253486755,-1.4237648373023,0.204375821652309,0.738625629999979,8,"Proteomics"
"FT2847NR","(2Z)-2-(Propan-2-yl)but-2-enedioylcarnitine",NA,"Fatty Acyls","Fatty acid esters",0.583792773976745,FALSE,0.840202769419999,-0.502262191761455,-1.42276419901327,0.204652544720403,0.738625629999979,8,"Proteomics"
"FT4846PR","Asp-Gln-Gln",NA,"Carboxylic acids and derivatives","Amino acids, peptides, and analogues",1.15162962342996,FALSE,0.438936762173746,0.502186855214288,1.42247881553844,0.20473152954755,0.738625629999979,8,"Proteomics"
"FT2194PR","L-Kynurenine","C00328","Organooxygen compounds","Carbonyl compounds",0.586552710455631,FALSE,0.290502605221382,-0.501877494279434,-1.42130737476191,0.205056039318502,0.738625629999979,8,"Proteomics"
"FT2671PR","Pirbuterol","C07807","Pyridines and derivatives","Hydroxypyridines",0.677406914052338,FALSE,0.165152804380281,0.500539902821341,1.41625076377202,0.206462231207141,0.740822613402618,8,"Proteomics"
"FT5008PR","Ile-Ala-Tyr",NA,"Carboxylic acids and derivatives","Amino acids, peptides, and analogues",1.52231676099605,TRUE,0.713158536331131,0.500031425380263,1.41433207862819,0.206998107433012,0.740822613402618,8,"Proteomics"
"FT5564PR","ELAIDYLPHOSPHOCHOLINE",NA,"Organonitrogen compounds","Quaternary ammonium salts",0.057344593640171,FALSE,0.00355858823978307,-0.499782916005585,-1.41339506501491,0.207260272042339,0.740822613402618,8,"Proteomics"
"FT3006PR","gamma-Glutamylleucine",NA,"Carboxylic acids and derivatives","Amino acids, peptides, and analogues",0.207564785494127,FALSE,0.0587686592999142,-0.498705762328256,-1.40933898896774,0.208398621154996,0.740970788276183,8,"Proteomics"
"FT2122NR","SCHEMBL21550299",NA,"Carboxylic acids and derivatives","Amino acids, peptides, and analogues",0.29489243849883,FALSE,0.258673125917964,-0.498376324994967,-1.40810021403803,0.208747425713428,0.740970788276183,8,"Proteomics"
"FT7075NR","PC(22:5(7Z,10Z,13Z,16Z,19Z)/0:0)","C04230","Glycerophospholipids","Glycerophosphocholines",0.530333038915245,FALSE,-0.153230547122438,-0.498023754922022,-1.4067753526156,0.209121060726523,0.740970788276183,8,"Proteomics"
"FT4307NR","AB-MECA",NA,"Purine nucleosides","Unclassified",0.0825783733992456,FALSE,0.081638948047034,-0.496788311786834,-1.40214020678338,0.210433072346119,0.740970788276183,8,"Proteomics"
"FT0822PR","D-Threitol","C16884","Organooxygen compounds","Carbohydrates and carbohydrate conjugates",1.41513581490539,TRUE,-0.55719107466627,-0.496758585276191,-1.4020288183407,0.210464693989895,0.740970788276183,8,"Proteomics"
"FT1502PR","Methionine sulfoxide","C02989","Carboxylic acids and derivatives","Amino acids, peptides, and analogues",0.45713733237895,FALSE,-0.172469177027985,-0.49656657662698,-1.40130949898487,0.210669003367289,0.740970788276183,8,"Proteomics"
"FT3905PR","3,7,11,15-Tetramethyl-6,10,14-hexadecatrien-1-ol",NA,"Prenol lipids","Diterpenoids",0.711576025984937,FALSE,-0.422870853359603,-0.496052709878137,-1.39938574946261,0.211216299024338,0.740970788276183,8,"Proteomics"
"FT1197PR","3-Hydroxy-2-methylglutaric acid",NA,"Fatty Acyls","Fatty acids and conjugates",0.753422206724566,FALSE,0.25382390799283,0.495735916433841,1.39820075023282,0.211554070110417,0.740970788276183,8,"Proteomics"
"FT6570NR","3-O-alpha-L-rhamnopyranosyl-3-hydroxyundecanoyl-3-hydroxydecanoic acid",NA,"Fatty Acyls","Fatty acyl glycosides",0.967543274060597,FALSE,-0.332202521378768,-0.493770483088671,-1.39086532867159,0.21365593883913,0.746457089578315,8,"Proteomics"
"FT2343PR","Spermic acid 1",NA,"Carboxylic acids and derivatives","Amino acids, peptides, and analogues",0.9719296975009,FALSE,-0.32073444159742,-0.492950582625685,-1.38781363209046,0.214535953193377,0.747657796878918,8,"Proteomics"
"FT3353NR","Methotrimeprazine","C07192","Benzothiazines","Phenothiazines",0.0337683314230723,FALSE,0.057960133694381,-0.491830636918037,-1.38365304520658,0.215741051591084,0.749982608274242,8,"Proteomics"
"FT5101NR","MG(20:1/0:0)",NA,"Glycerolipids","Monoradylglycerols",1.65787406835721,FALSE,-1.16767410052619,-0.490780454874975,-1.37975986090038,0.216874268623701,0.751801623774117,8,"Proteomics"
"FT4016NR","WE(20:3/4:0)",NA,"Fatty Acyls","Fatty alcohol esters",0.268638236600424,FALSE,0.089511509191281,-0.49034696029477,-1.37815514300313,0.217342937145602,0.751801623774117,8,"Proteomics"
"FT1600NR","Icaridin",NA,"Piperidines","Piperidinecarboxylic acids and derivatives",0.134771941622051,FALSE,-0.000395313471568057,-0.488915939653865,-1.37286730923201,0.218893797066284,0.755291963144553,8,"Proteomics"
"FT4339NR","(S)-malyl N-acetyl-alpha-D-glucosaminide",NA,"Organooxygen compounds","Carbohydrates and carbohydrate conjugates",1.44721242896836,TRUE,0.670370633988114,0.486707031516029,1.36473362033811,0.221298903156898,0.761705360495593,8,"Proteomics"
"FT6632NR","PS(18:1(9Z)/0:0)",NA,"Glycerophospholipids","Glycerophosphoserines",2.52503750985272,FALSE,2.78308868005476,0.48618383976587,1.36281215208116,0.22187055720074,0.761765973144871,8,"Proteomics"
"FT1860NR","AKOS009363372",NA,"Carboxylic acids and derivatives","Amino acids, peptides, and analogues",0.619291729614816,FALSE,0.232755378390217,0.485528079977836,1.36040652552199,0.222588135127779,0.761765973144871,8,"Proteomics"
"FT5595NR","Glucoiberin","C08411","Organooxygen compounds","Carbohydrates and carbohydrate conjugates",0.815138414599902,FALSE,-0.325480394974953,-0.485192425590732,-1.35917635507834,0.222955894578987,0.761765973144871,8,"Proteomics"
"FT4782NR","mLPA(O-16:0)",NA,"Glycerophospholipids","Unclassified",0.311581915527412,FALSE,0.12758008198618,-0.483882866048137,-1.35438433166913,0.224393708867284,0.763986484259788,8,"Proteomics"
"FT3007NR","FA(20:2)",NA,"Fatty Acyls","Fatty acids and conjugates",0.386816880882987,FALSE,0.135903395628432,-0.483118825463251,-1.35159399864824,0.225234779569092,0.763986484259788,8,"Proteomics"
"FT5414NR","Ethametsulfuron-methyl",NA,"Organonitrogen compounds","Sulfonylureas",0.0865820905482521,FALSE,0.039464395799766,-0.482936422211905,-1.350928444585,0.22543581240663,0.763986484259788,8,"Proteomics"
"FT5752PR","5-methylnonadecanoylcarnitine",NA,"Fatty Acyls","Fatty acid esters",0.458976915610813,FALSE,0.235353811189232,-0.482399640623711,-1.34897116247158,0.226027953706315,0.763986484259788,8,"Proteomics"
"FT2840NR","SCHEMBL15641150",NA,"Organooxygen compounds","Carbohydrates and carbohydrate conjugates",0.417226637082724,FALSE,0.15680841862958,0.482035682323521,1.34764517795731,0.226429903053942,0.763986484259788,8,"Proteomics"
"FT4815PR","N-oleoyl L-serine",NA,"Carboxylic acids and derivatives","Amino acids, peptides, and analogues",0.667081638304662,FALSE,-0.25661810132397,-0.481615754579922,-1.34611641288498,0.22689412086338,0.763986484259788,8,"Proteomics"
"FT4987NR","Macrophorin C",NA,"Organooxygen compounds","Carbonyl compounds",0.120057019635727,FALSE,0.0274696860508808,0.480583010789454,1.34236179431379,0.228037869530807,0.76410571770673,8,"Proteomics"
"FT5496PR","Stearoylcarnitine",NA,"Organonitrogen compounds","Quaternary ammonium salts",0.53027476276777,FALSE,-0.206586218546854,-0.480392524657699,-1.34167006195476,0.228249153153996,0.76410571770673,8,"Proteomics"
"FT3529PR","Octanoylcarnitine","C02838","Fatty Acyls","Fatty acid esters",0.115168209164611,FALSE,0.188341909586048,-0.479684402936843,-1.33910074726982,0.229035470054052,0.76410571770673,8,"Proteomics"
"FT5079PR","2-Hydroxymyristoylcarnitine",NA,"Fatty Acyls","Fatty acid esters",1.42102290090082,TRUE,-0.586822849685052,-0.479175238460695,-1.33725542048858,0.229601718035829,0.76410571770673,8,"Proteomics"
"FT1873NR","(S)-alpha-Amino-4-carboxy-3-furanpropanoic acid",NA,"Carboxylic acids and derivatives","Amino acids, peptides, and analogues",0.17077387546646,FALSE,0.0476338113721156,-0.478643775932641,-1.33533114965133,0.230193529551077,0.76410571770673,8,"Proteomics"
"FT3915PR","gamma-Glutamyltyrosine","C01151","Carboxylic acids and derivatives","Amino acids, peptides, and analogues",0.403360352665516,FALSE,0.173040310317098,-0.478281069658491,-1.33401898941609,0.230597870873456,0.76410571770673,8,"Proteomics"
"FT5601PR","12-Methylpentadecanoylcarnitine",NA,"Fatty Acyls","Fatty acid esters",0.00804310084153225,FALSE,0.00759364290446459,-0.477027941329241,-1.32949235611655,0.231997645995894,0.76410571770673,8,"Proteomics"
"FT2704PR","Lumichrome","C01727","Pteridines and derivatives","Alloxazines and isoalloxazines",0.00690796391497294,FALSE,-0.000914115717969052,-0.476530660148971,-1.32769895712302,0.232554324322085,0.76410571770673,8,"Proteomics"
"FT3821NR","3,4-Dihydroxy-5-[(S)-1,2-dihydroxyethyl]furan-2(5H)-one",NA,"Dihydrofurans","Furanones",0.198708194984506,FALSE,-0.0477851410348859,-0.476421347793723,-1.3273049533321,0.232676784953615,0.76410571770673,8,"Proteomics"
"FT4174NR","10-Hydroxy-2-decenoic acid",NA,"Hydroxy acids and derivatives","Medium-chain hydroxy acids and derivatives",0.596095460992293,FALSE,-0.220948709028369,0.47600201368974,1.32579425005878,0.233146863404657,0.76410571770673,8,"Proteomics"
"FT3112NR","Homolanthionine",NA,"Carboxylic acids and derivatives","Amino acids, peptides, and analogues",0.61788720216845,FALSE,0.197336456202948,0.475702129455407,1.32471459699681,0.233483334923672,0.76410571770673,8,"Proteomics"
"FT5785PR","LysoPE(18:2/0:0)",NA,"Glycerophospholipids","Glycerophosphoethanolamines",0.00782460227699369,FALSE,0.00186959399431938,-0.475680868498451,-1.32463807527715,0.233507199241798,0.76410571770673,8,"Proteomics"
"FT3367PR","Aspartylphenylalanine",NA,"Carboxylic acids and derivatives","Amino acids, peptides, and analogues",0.941496117086285,FALSE,0.451446949468729,0.474171583588985,1.31921355533987,0.235204479902951,0.765922923758338,8,"Proteomics"
"FT1713PR","4-Guanidinobenzoic acid",NA,"Benzene and substituted derivatives","Benzoic acids and derivatives",0.479426675646426,FALSE,0.469557537368799,-0.473818111282511,-1.31794531344721,0.235602888396494,0.765922923758338,8,"Proteomics"
"FT1277PR","Racemethionine","C01733","Carboxylic acids and derivatives","Amino acids, peptides, and analogues",1.05410368805274,FALSE,0.381344248430232,0.47313346564823,1.31549117238107,0.236375550830572,0.765922923758338,8,"Proteomics"
"FT4510NR","Chenodeoxycholic acid","C02528","Steroids and steroid derivatives","Bile acids, alcohols and derivatives",0.539604686395888,FALSE,0.396684296649242,-0.472970703482664,-1.31490819675363,0.23655942736853,0.765922923758338,8,"Proteomics"
"FT4065NR","Pomaglumetad methionil",NA,"Carboxylic acids and derivatives","Amino acids, peptides, and analogues",0.662682069844485,FALSE,0.171787789396446,0.471579981935633,1.30993401672041,0.238133534292344,0.765922923758338,8,"Proteomics"
"FT1776PR","2,5-Dinitrophenol",NA,"Phenols","Nitrophenols",0.467636180769743,FALSE,-0.131376880487154,-0.471553215435589,-1.3098384048226,0.238163882512376,0.765922923758338,8,"Proteomics"
"FT1939PR","Temozolomide",NA,"Imidazotetrazines","Unclassified",0.159180817027142,FALSE,0.038241489786931,0.471056031728091,1.30806327390826,0.238727954295151,0.765922923758338,8,"Proteomics"
"FT4479PR","Miraxanthin-V","C08557","Carboxylic acids and derivatives","Amino acids, peptides, and analogues",0.87814282673631,FALSE,-0.339382392890835,-0.470717976783116,-1.30685720720294,0.239111877214518,0.765922923758338,8,"Proteomics"
"FT5889PR","3alpha,7alpha,24-trihydroxy-5alpha-cholestan-26-oic acid",NA,"Steroids and steroid derivatives","Bile acids, alcohols and derivatives",2.41237863932642,TRUE,2.18857180811745,0.470667129563301,1.30667586537412,0.239169650661353,0.765922923758338,8,"Proteomics"
"FT2058NR","Isopalmitic acid",NA,"Fatty Acyls","Fatty acids and conjugates",0.0319936651349464,FALSE,0.0192904551272508,-0.470326419225751,-1.3054611852472,0.239556954633167,0.765922923758338,8,"Proteomics"
"FT2714NR","Tanacetol A",NA,"Prenol lipids","Sesquiterpenoids",0.249846447599847,FALSE,-0.0615257119976542,-0.46937864749661,-1.30208618473573,0.240636015387277,0.767471827294385,8,"Proteomics"
"FT7533PR","DG(a-25:0/0:0/20:5-3OH)",NA,"Fatty Acyls","Fatty alcohols",0.567347076106301,FALSE,0.196211281968067,0.468873684479986,1.30029037790701,0.241211934725297,0.767471827294385,8,"Proteomics"
"FT5883PR","Cervonyl carnitine",NA,"Fatty Acyls","Fatty acid esters",0.649774549686291,FALSE,-0.209059684837686,-0.468331173590974,-1.29836285999128,0.241831457581964,0.767471827294385,8,"Proteomics"
"FT2537NR","SCHEMBL20398956",NA,"Carboxylic acids and derivatives","Amino acids, peptides, and analogues",0.691939330044529,FALSE,-0.489457569857325,-0.46760091435259,-1.29577124948131,0.242666654787059,0.767471827294385,8,"Proteomics"
"FT1905PR","1,3,9-Trimethyluric acid",NA,"Imidazopyrimidines","Purines and purine derivatives",1.71055980736423,TRUE,1.02756277891002,0.466812148745517,1.29297582040205,0.243570407262515,0.767471827294385,8,"Proteomics"
"FT1205NR","R-3-(Methylthio)-1-hexanol",NA,"Thioethers","Dialkylthioethers",1.81272236337063,FALSE,2.19783383571575,0.466576386306566,1.29214103185844,0.243840870086542,0.767471827294385,8,"Proteomics"
"FT1270NR","Methiopropamine",NA,"Organonitrogen compounds","Amines",3.54276956549647,TRUE,-3.86026595369663,-0.466504710074318,-1.29188731018936,0.243923126054816,0.767471827294385,8,"Proteomics"
"FT6295PR","LysoPC(0:0/18:0)",NA,"Glycerophospholipids","Glycerophosphocholines",2.01102335060774,FALSE,3.00497140467117,-0.465519231287575,-1.28840217596188,0.245055491447512,0.767471827294385,8,"Proteomics"
"FT1998NR","N-[1-(Hydroxymethyl)-2-(4-nitrophenyl)-2-oxoethyl]acetamide",NA,"Organooxygen compounds","Carbonyl compounds",0.734661851824389,FALSE,1.22967999815825,-0.464972344874527,-1.28647076022794,0.245685037905287,0.767471827294385,8,"Proteomics"
"FT6422PR","FA(32:6;O2)",NA,"Fatty Acyls","Fatty acids and conjugates",0.919895489708268,FALSE,0.387288646391611,0.464523974717467,1.28488867213537,0.246201787592975,0.767471827294385,8,"Proteomics"
"FT3872PR","Glutathione","C00051","Carboxylic acids and derivatives","Amino acids, peptides, and analogues",0.744742211576819,FALSE,0.485547876608999,0.464355442144558,1.28429432567252,0.246396164583212,0.767471827294385,8,"Proteomics"
"FT2654PR","1-hydroxy-2-Oxopropyl tetrahydropterin",NA,"Pteridines and derivatives","Pterins and derivatives",0.594027385671007,FALSE,0.277334094749682,0.464137149389863,1.28352475948174,0.246648047796187,0.767471827294385,8,"Proteomics"
"FT3375PR","Leu-leu-ome",NA,"Carboxylic acids and derivatives","Amino acids, peptides, and analogues",0.868538973676915,FALSE,-0.590320331438724,-0.463287538858286,-1.28053238924385,0.247629633447369,0.768810042373346,8,"Proteomics"
"FT0515PR","1-Methylpiperazine",NA,"Diazinanes","Piperazines",0.354407586950271,FALSE,-0.144108667660402,-0.46224272471951,-1.27685866412914,0.248839445342051,0.770668274983688,8,"Proteomics"
"FT4667PR","3-hydroxydodecanoyl carnitine",NA,"Fatty Acyls","Fatty acid esters",1.35438638947589,TRUE,-0.546085895998188,-0.461724129325024,-1.27503771769924,0.249441042980771,0.770668274983688,8,"Proteomics"
"FT4439PR","FA(23:6)",NA,"Fatty Acyls","Fatty acids and conjugates",0.220217726139887,FALSE,0.0527758800960646,-0.457860268857121,-1.26152254403729,0.253946365136967,0.770668274983688,8,"Proteomics"
"FT1799NR","3-Hydroxyhippuric acid",NA,"Benzene and substituted derivatives","Benzoic acids and derivatives",1.38343724436511,FALSE,1.85802080300366,-0.457847712008195,-1.26147877057979,0.253961072761425,0.770668274983688,8,"Proteomics"
"FT3280PR","Meisoindigo",NA,"Indoles and derivatives","N-alkylindoles",0.856582943056116,FALSE,-0.336868116618351,-0.456810308354859,-1.25786565174182,0.255177643679323,0.770668274983688,8,"Proteomics"
"FT4139NR","6-keto-PGF1alpha","C05961","Fatty Acyls","Eicosanoids",0.225069079965868,FALSE,0.106597728098731,0.45609974720729,1.25539462002589,0.2560126078338,0.770668274983688,8,"Proteomics"
"FT2779PR","Valylglutamic acid",NA,"Carboxylic acids and derivatives","Amino acids, peptides, and analogues",1.1220106945094,FALSE,-0.824839502743103,-0.456088959314174,-1.25535712767851,0.256025294983888,0.770668274983688,8,"Proteomics"
"FT3862NR","FA(20:3;O3)","C00639","Fatty Acyls","Eicosanoids",0.201065157665247,FALSE,0.0646803437132314,0.455263080325256,1.25248893146787,0.25699750938609,0.770668274983688,8,"Proteomics"
"FT3827NR","Prostaglandin E2","C00584","Fatty Acyls","Eicosanoids",0.12580858042902,FALSE,0.0563171234053617,0.455195454867102,1.25225425579894,0.257077199026679,0.770668274983688,8,"Proteomics"
"FT3752NR","Adenosine monophosphate","C00020","Purine nucleotides","Purine ribonucleotides",0.00204964774581758,FALSE,0.0153816340817158,0.455164918227344,1.25214829569588,0.257113187369572,0.770668274983688,8,"Proteomics"
"FT2336PR","Propionylcarnitine","C03017","Fatty Acyls","Fatty acid esters",0.795938432777036,FALSE,0.282307076029231,0.453690653847671,1.24703930948929,0.258853652642864,0.770668274983688,8,"Proteomics"
"FT1739PR","3-(2-Hydroxyethyl)histidine",NA,"Carboxylic acids and derivatives","Amino acids, peptides, and analogues",0.727000120154011,FALSE,0.61736461529513,-0.453379254558996,-1.24596182393898,0.259222031435184,0.770668274983688,8,"Proteomics"
"FT4286PR","2,4,12-Octadecatrienoic acid isobutylamide",NA,"Fatty Acyls","Fatty amides",0.982314124366806,FALSE,-0.602358506183768,-0.453180911068557,-1.24527582687475,0.259456804168664,0.770668274983688,8,"Proteomics"
"FT5709PR","(22E)-1alpha,25-dihydroxy-26-methyl-22,23-didehydrovitamin D3",NA,"Steroids and steroid derivatives","Vitamin D and derivatives",2.81744618698987,FALSE,3.34831121742672,0.452797039093265,1.24394881607336,0.259911482722636,0.770668274983688,8,"Proteomics"
"FT6815NR","DG(17:2/18:1/0:0)[iso2]",NA,"Glycerolipids","Diradylglycerols",0.328512277511517,FALSE,-0.0799802087492705,-0.452793538339722,-1.24393671829047,0.259915631033659,0.770668274983688,8,"Proteomics"
"FT0686NR","D-Ribonolactone","C02674","Organooxygen compounds","Carbohydrates and carbohydrate conjugates",0.47906865867922,FALSE,-0.0935490134007542,-0.452515905347438,-1.24297751414471,0.260244724980696,0.770668274983688,8,"Proteomics"
"FT5370PR","5alpha-Tomatidan-3-one",NA,"Steroids and steroid derivatives","Steroidal alkaloids",0.434396910537813,FALSE,-0.149085238963684,-0.452135953381892,-1.24166554102676,0.260695440490937,0.770668274983688,8,"Proteomics"
"FT4887PR","Swertiamarin",NA,"Organooxygen compounds","Carbohydrates and carbohydrate conjugates",0.351460818525709,FALSE,0.134764113357731,-0.451154320153858,-1.23827989319737,0.261861698947936,0.770668274983688,8,"Proteomics"
"FT2836NR","11Z-heptadecen-1-ol",NA,"Fatty Acyls","Fatty alcohols",0.261354144400933,FALSE,0.0810386128042162,-0.450978731266485,-1.23767488383011,0.262070586410817,0.770668274983688,8,"Proteomics"
"FT7572PR","PC(20:4-OH(5S)/16:1)",NA,"Glycerophospholipids","Glycerophosphocholines",2.58383182748105,TRUE,2.51172866397173,0.450932669010809,1.23751620151902,0.262125397641534,0.770668274983688,8,"Proteomics"
"FT2561NR","Stearic acid","C01530","Fatty Acyls","Fatty acids and conjugates",0.0949375155088067,FALSE,0.0565713224520984,-0.450813182071312,-1.23710463246306,0.262267606344584,0.770668274983688,8,"Proteomics"
"FT3635PR","gamma-Glutamylphenylalanine",NA,"Carboxylic acids and derivatives","Amino acids, peptides, and analogues",0.521801650939458,FALSE,0.200815657647081,-0.450668937300744,-1.23660789701946,0.262439332095253,0.770668274983688,8,"Proteomics"
"FT1174NR","Oxoglutaric acid","C00026","Keto acids and derivatives","Gamma-keto acids and derivatives",0.31522162942681,FALSE,-0.0919744936800715,0.450095512540549,1.23463439643126,0.26312255776612,0.770668274983688,8,"Proteomics"
"FT0277PR","METHACRYLIC ACID",NA,"Carboxylic acids and derivatives","Carboxylic acids",1.18828533784656,FALSE,0.401773669892196,0.449041006211264,1.23101019959536,0.264381293883766,0.770668274983688,8,"Proteomics"
"FT6820NR","LysoPC(20:5/0:0)","C04230","Glycerophospholipids","Glycerophosphocholines",0.83134274765982,FALSE,0.405008246627863,0.448834143002502,1.23029999549176,0.264628571881578,0.770668274983688,8,"Proteomics"
"FT2030PR","11-nitro-1-undecene",NA,"Allyl-type 1,3-dipolar organic compounds","Organic nitro compounds",0.848914250632248,FALSE,-0.389266951584035,-0.448788949696074,-1.23014487051583,0.264682609899109,0.770668274983688,8,"Proteomics"
"FT1718PR","Rimantadine","C07236","Organonitrogen compounds","Amines",0.030854644454014,FALSE,0.0444898064170962,-0.448416354833648,-1.22886639744235,0.26512833390569,0.770668274983688,8,"Proteomics"
"FT4835NR","5alpha,6beta-dihydroxy-24-methylenecholestan-3-one",NA,"Steroids and steroid derivatives","Ergostane steroids",0.875631594369438,FALSE,0.483045654712131,-0.447816239262032,-1.22680892484281,0.265847018231339,0.770668274983688,8,"Proteomics"
"FT2263NR","Nafazatrom",NA,"Naphthalenes","Unclassified",0.707886353905269,FALSE,-0.235567249680754,-0.447478294674333,-1.22565120828381,0.266252158383026,0.770668274983688,8,"Proteomics"
"FT1456NR","(4R,6S)-4-Hydroxy-1,7-dioxaspiro[5.5]undecane",NA,"Organooxygen compounds","Ethers",0.877880328715671,FALSE,-0.364857639151121,-0.447412292060024,-1.22542517593276,0.266331320480322,0.770668274983688,8,"Proteomics"
"FT1848NR","5,7-octadienoylglycine",NA,"Carboxylic acids and derivatives","Amino acids, peptides, and analogues",0.591953143534511,FALSE,1.02410698816064,-0.446554347138459,-1.22248933506405,0.267361384358811,0.770668274983688,8,"Proteomics"
"FT0315NR","Indole","C00463","Indoles and derivatives","Indoles",0.653805749373664,FALSE,0.187813281104997,0.445695046926396,1.2195530782283,0.268395053722937,0.770668274983688,8,"Proteomics"
"FT7195PR","Butyl 4'-O-butanoyl-6-O-hexadecanoyl-neohesperidoside",NA,"Saccharolipids","Unclassified",2.65439221963766,TRUE,2.5622218052458,0.445508296175617,1.21891550194153,0.268619961635483,0.770668274983688,8,"Proteomics"
"FT5851PR","N-(7Z,10Z,13Z-16Z-docosatetraenoyl) dopamine",NA,"Phenols","Benzenediols",0.8233044345519,FALSE,-0.222307386697887,-0.44532642498833,-1.21829477552722,0.268839082759221,0.770668274983688,8,"Proteomics"
"FT4087PR","Pro-Gly-Phe",NA,"Carboxylic acids and derivatives","Amino acids, peptides, and analogues",1.27667993595101,FALSE,0.486774111332698,0.445258857898524,1.21806421696155,0.268920511163258,0.770668274983688,8,"Proteomics"
"FT1843PR","Homo-L-arginine","C01924","Carboxylic acids and derivatives","Amino acids, peptides, and analogues",0.117171705250496,FALSE,0.0311178540035118,-0.445082142782662,-1.21746133626036,0.269133536977604,0.770668274983688,8,"Proteomics"
"FT3805PR","3-v-2-propylpentanoylcarnitine",NA,"Fatty Acyls","Fatty acid esters",0.0665956639602508,FALSE,0.0849577078446322,-0.445077113289055,-1.21744418025337,0.269139601134472,0.770668274983688,8,"Proteomics"
"FT2547NR","Xanthosine","C01762","Purine nucleosides","Unclassified",0.0762654181000333,FALSE,0.0464149557208322,-0.444996892334551,-1.21717055954772,0.269236334230313,0.770668274983688,8,"Proteomics"
"FT5163PR","ergosta-4,7,22E-trien-3beta-ol",NA,"Steroids and steroid derivatives","Ergostane steroids",0.175699286710903,FALSE,0.0928666215558474,-0.444196995015946,-1.2144442351674,0.270201818934313,0.771846999168918,8,"Proteomics"
"FT4003NR","5-S-Cysteinyl-D-dopa",NA,"Carboxylic acids and derivatives","Amino acids, peptides, and analogues",0.56367837494785,FALSE,0.452262343022297,-0.443633624342517,-1.21252624701972,0.270882840418596,0.772209978616611,8,"Proteomics"
"FT1306PR","2-Hydroxyadenine",NA,"Imidazopyrimidines","Purines and purine derivatives",0.379560527408958,FALSE,-0.102652259599737,-0.442900694789256,-1.21003367575027,0.271770099842223,0.773158202408283,8,"Proteomics"
"FT1608NR","D-Ribose 5-phosphate","C03736","Organooxygen compounds","Carbohydrates and carbohydrate conjugates",1.02696141389725,FALSE,0.265572035280879,0.442202793397898,1.20766303459055,0.272616288570768,0.773715054965699,8,"Proteomics"
"FT1435PR","Aminovaleric acid betaine",NA,"Fatty Acyls","Fatty acids and conjugates",0.819741187694427,FALSE,0.254012541577396,0.441655690623462,1.2058065354056,0.273280546286294,0.773715054965699,8,"Proteomics"
"FT4683PR","ebelactone a",NA,"Prenol lipids","Terpene lactones",2.85939743955134,TRUE,2.82693904455966,0.441005751720614,1.20360325094967,0.274070698302781,0.773715054965699,8,"Proteomics"
"FT4787NR","4alpha-methyl-ergosta-6,8(14)-dien-3beta-ol",NA,"Steroids and steroid derivatives","Ergostane steroids",1.18432852882224,FALSE,-0.992732137439469,-0.440911015364756,-1.2032822924096,0.274185966393871,0.773715054965699,8,"Proteomics"
"FT6633PR","LysoPC(22:6/0:0)","C04230","Glycerophospholipids","Glycerophosphocholines",0.0504996106971918,FALSE,0.061059846075461,-0.440433610294063,-1.20166564468611,0.274767200839978,0.773788844385717,8,"Proteomics"
"FT5019PR","N6-Succinyl Adenosine",NA,"Purine nucleosides","Unclassified",1.05750381495911,FALSE,0.453640282225163,0.438429203173905,1.19489184185539,0.277214158718935,0.779105921883458,8,"Proteomics"
"FT5364PR","Noscapine","C09592","Phthalide isoquinolines","Unclassified",0.434377652250974,FALSE,0.274526243061665,-0.437896751158713,-1.19309616388746,0.27786596516467,0.779366509938733,8,"Proteomics"
"FT0090NR","Ethyl carbamate","C01537","Carboximidic acids and derivatives","Unclassified",0.212088964214307,FALSE,-0.130853039853138,-0.436826080923248,-1.18949005960527,0.279178914402921,0.780099195065239,8,"Proteomics"
"FT1964PR","3-Methoxy-4,5-methylenedioxybenzoic acid",NA,"Benzene and substituted derivatives","Benzoic acids and derivatives",0.631997618407185,FALSE,-0.259346498424519,-0.436550924524623,-1.18856432093548,0.279516826195563,0.780099195065239,8,"Proteomics"
"FT7526PR","PE-NMe2(15:0/22:1)",NA,"Glycerophospholipids","Glycerophosphoethanolamines",0.739474951954503,FALSE,-0.289185099505571,-0.436315564784208,-1.18777280149048,0.279806024054964,0.780099195065239,8,"Proteomics"
"FT4367PR","4'-O-Methylbavachalcone",NA,"Linear 1,3-diarylpropanoids","Chalcones and dihydrochalcones",0.909406805074726,FALSE,-0.352962019497886,-0.435207928905806,-1.1840518375448,0.281168999518639,0.781296376493086,8,"Proteomics"
"FT7338PR","DG(i-16:0/0:0/LTE4)",NA,"Fatty Acyls","Eicosanoids",2.51251632042194,TRUE,2.3606698268655,0.435055865682512,1.1835415188039,0.281356370874842,0.781296376493086,8,"Proteomics"
"FT2183NR","1,4-Butanediphosphonic acid",NA,"Organic phosphonic acids and derivatives","Organic phosphonic acids",1.40087025281811,FALSE,0.687345990461261,0.434355336958531,1.18119218120233,0.282220347809279,0.781484755673081,8,"Proteomics"
"FT3037NR","Zilascorb",NA,"Dihydrofurans","Furanones",0.664938300510862,FALSE,0.215760693150944,0.434047402816099,1.18016031010919,0.282600539972863,0.781484755673081,8,"Proteomics"
"FT0685NR","3-Hydroxyglutaric acid",NA,"Hydroxy acids and derivatives","Beta hydroxy acids and derivatives",0.377482247085011,FALSE,-0.0985514028894044,-0.433638300785767,-1.17879021896763,0.283106026983433,0.781484755673081,8,"Proteomics"
"FT2730PR","Lauroyl-EA",NA,"Carboximidic acids and derivatives","Carboximidic acids",0.9246960845316,FALSE,-0.319149649854237,-0.432450887207123,-1.17481862419575,0.284575699007097,0.783989178687536,8,"Proteomics"
"FT5010PR","13,14-Dihydro-15-keto-20-ethyl prostaglandin f2alpha",NA,"Fatty Acyls","Eicosanoids",2.98565358536553,TRUE,3.05724423695405,0.431971215051715,1.17321637805898,0.285170447953696,0.784067374808866,8,"Proteomics"
"FT1534PR","Pyridoxal","C00250","Pyridines and derivatives","Pyridine carboxaldehydes",0.139873946574033,FALSE,0.00648463817341584,-0.430034649088379,-1.1667600940453,0.287577771642584,0.784067374808866,8,"Proteomics"
"FT0258PR","N,N,N-Trimethylethenaminium",NA,"Organonitrogen compounds","Quaternary ammonium salts",1.10905041762254,FALSE,0.362957619562101,0.429817523083745,1.16603745680871,0.287848293665187,0.784067374808866,8,"Proteomics"
"FT1531PR","2-Keto-glutaramic acid","C00940","Keto acids and derivatives","Short-chain keto acids and derivatives",0.479336903969472,FALSE,-0.12524255784502,0.429803366150657,1.16599034842322,0.287865936399635,0.784067374808866,8,"Proteomics"
"FT4348NR","(E,E,E)-Sylvatine",NA,"Benzodioxoles","Unclassified",0.527837169858258,FALSE,-0.22064455612522,-0.429368278306883,-1.16454307100601,0.288408410864528,0.784067374808866,8,"Proteomics"
"FT3533PR","FA(16:1;O)",NA,"Fatty Acyls","Fatty acids and conjugates",0.855727032324245,FALSE,-0.309921568836518,-0.429236027468409,-1.16410334855639,0.288573401870144,0.784067374808866,8,"Proteomics"
"FT2728NR","Norepinephrine sulfate",NA,"Organic sulfuric acids and derivatives","Arylsulfates",0.542049515423692,FALSE,0.17817416759003,0.428713156470234,1.16236574655504,0.289226165113692,0.784067374808866,8,"Proteomics"
"FT4601PR","Tridec-6-enoylcarnitine",NA,"Fatty Acyls","Fatty acid esters",2.75144563395776,TRUE,2.55950176752537,0.428697135050093,1.16231252687579,0.289246177926073,0.784067374808866,8,"Proteomics"
"FT7821PR","PC(PGF1alpha/P-16:0)",NA,"Fatty Acyls","Eicosanoids",2.27548647745523,FALSE,2.05637442589772,0.427921928176132,1.15973906110383,0.290215315494957,0.784067374808866,8,"Proteomics"
"FT0034PR","3-Buten-1-amine","C12244","Organonitrogen compounds","Amines",0.985135666759972,FALSE,0.324601066279282,0.427911255123753,1.15970365150737,0.290228669584917,0.784067374808866,8,"Proteomics"
"FT0871PR","Taurine","C00245","Organic sulfonic acids and derivatives","Organosulfonic acids and derivatives",0.488003437097336,FALSE,-0.148356715643221,-0.426337167135537,-1.15448784328439,0.292201431340643,0.785453819016463,8,"Proteomics"
"FT3369NR","avocadene acetate",NA,"Fatty Acyls","Fatty alcohols",1.4583870867184,TRUE,-0.639680055466536,-0.42620111504633,-1.15403763207936,0.292372246290314,0.785453819016463,8,"Proteomics"
"FT0992PR","Aminocaproic acid","C02378","Fatty Acyls","Fatty acids and conjugates",1.16628756601329,FALSE,0.405561637315844,0.426153345907305,1.15387958148778,0.292432232474566,0.785453819016463,8,"Proteomics"
"FT3992PR","(S)-Annocherine A",NA,"Isoquinolines and derivatives","Benzylisoquinolines",0.595937302112709,FALSE,-0.217119240419972,-0.424886744366034,-1.14969315423401,0.294024945828909,0.788123164802902,8,"Proteomics"
"FT2033NR","Palmitelaidic acid","C08362","Fatty Acyls","Fatty acids and conjugates",0.390236890656804,FALSE,0.177567275347432,-0.424464535132002,-1.14829948332471,0.294556792584155,0.788123164802902,8,"Proteomics"
"FT4536NR","Bixin",NA,"Prenol lipids","Diterpenoids",0.359678188106164,FALSE,-0.109308156589852,-0.42252748050307,-1.14191714011407,0.297002813125038,0.793145443479507,8,"Proteomics"
"FT3161NR","all-trans-4-hydroxyretinoic acid","C16677","Prenol lipids","Retinoids",0.133317653837778,FALSE,0.039217344017665,0.421367350845453,1.13810379585106,0.298472448174565,0.795546066453813,8,"Proteomics"
"FT2404NR","5-Benzylacyclouridine",NA,"Diazines","Pyrimidines and pyrimidine derivatives",0.375695507668397,FALSE,0.157737227203562,-0.419805169915231,-1.13297963573181,0.300456921567396,0.798681961381259,8,"Proteomics"
"FT2067NR","N-Acetylgalactosamine","C01074","Organooxygen compounds","Carbohydrates and carbohydrate conjugates",0.747206954410914,FALSE,0.376135896113163,-0.419539642800104,-1.13210988967503,0.300794856330818,0.798681961381259,8,"Proteomics"
"FT7217PR","PA(PGJ2/a-15:0)",NA,"Fatty Acyls","Eicosanoids",2.54895517813215,TRUE,2.44808304632822,0.418455240867995,1.12856153860351,0.302176865134921,0.79985900943627,8,"Proteomics"
"FT1327NR","Oxoadipic acid","C00322","Keto acids and derivatives","Medium-chain keto acids and derivatives",0.599516445753605,FALSE,0.135157666904181,0.418291566732375,1.12802647743943,0.302385723079566,0.79985900943627,8,"Proteomics"
"FT5619PR","1alpha-hydroxy-22-(4-hydroxyphenyl)-23,24,25,26,27-pentanorvitamin D3",NA,"Steroids and steroid derivatives","Vitamin D and derivatives",0.822088547119573,FALSE,-0.214816886776486,-0.417699327990561,-1.12609152337721,0.303142034232532,0.800340900985132,8,"Proteomics"
"FT5069NR","12beta-hydroxy-24-norcholesta-1,4,22E-trien-3-one",NA,"Steroids and steroid derivatives","Pregnane steroids",1.38810593276193,TRUE,-0.79147625310847,-0.416773426095425,-1.12306991187229,0.304326263125855,0.800764598657047,8,"Proteomics"
"FT0852NR","xi-3-Hydroxy-2-oxobutanoic acid",NA,"Keto acids and derivatives","Short-chain keto acids and derivatives",0.193206755329237,FALSE,-0.0321983093668024,-0.416675695583563,-1.12275122282985,0.304451389733311,0.800764598657047,8,"Proteomics"
"FT4648PR","4-Hydroxynornantenine",NA,"Aporphines","Unclassified",0.931234312008817,FALSE,-0.44451921857305,-0.415285830127613,-1.11822410407622,0.306233534363889,0.801120750861266,8,"Proteomics"
"FT2517PR","geniposidie acid_qt",NA,"Prenol lipids","Monoterpenoids",1.15269651264491,FALSE,1.41630246033814,-0.415254707619694,-1.11812283930832,0.306273497998348,0.801120750861266,8,"Proteomics"
"FT1228PR","L-Glutamine","C00064","Carboxylic acids and derivatives","Amino acids, peptides, and analogues",1.35174812404191,TRUE,0.755735065980696,0.41387785614707,1.11364764990221,0.308043975190482,0.801120750861266,8,"Proteomics"
"FT3498PR","Spisulosine",NA,"Organonitrogen compounds","Amines",1.19743117163472,FALSE,-0.922931184701705,-0.413839000986681,-1.11352149281385,0.308094009380895,0.801120750861266,8,"Proteomics"
"FT7346PR","PE-NMe2(18:1/15:0)",NA,"Glycerophospholipids","Glycerophosphoethanolamines",1.11813673479642,FALSE,-0.914154299173955,-0.413705266678124,-1.11308733297203,0.308266250111726,0.801120750861266,8,"Proteomics"
"FT0746NR","Methanethiosulfonate",NA,"Unclassified","Unclassified",0.106831156021863,FALSE,-0.019529880215386,0.41294524627641,1.11062162474477,0.309245978105101,0.801120750861266,8,"Proteomics"
"FT6019NR","Isolimonic acid",NA,"Naphthofurans","Unclassified",1.3660130219151,TRUE,0.688196566540549,0.412477926516683,1.10910690464299,0.309849128040243,0.801120750861266,8,"Proteomics"
"FT7296NR","10,11-Dihydro-12R-hydroxy-leukotriene C4",NA,"Fatty Acyls","Eicosanoids",0.550797065335235,FALSE,-0.3195125464636,0.412239309302169,1.10833388350308,0.310157317479269,0.801120750861266,8,"Proteomics"
"FT6659NR","LysoPS(22:5/0:0)",NA,"Glycerophospholipids","Glycerophosphoserines",1.54183632596573,TRUE,0.712743580697798,0.411878468635351,1.1071654307332,0.310623643895274,0.801120750861266,8,"Proteomics"
"FT6228PR","Phytolaccinic acid",NA,"Prenol lipids","Triterpenoids",2.88040235254986,TRUE,3.1958059295655,0.411538416603486,1.10606486858267,0.311063410144952,0.801120750861266,8,"Proteomics"
"FT1216PR","4-Trimethylammoniobutanoic acid","C01181","Fatty Acyls","Fatty acids and conjugates",0.402870015233489,FALSE,-0.155934224534339,-0.410844100985077,-1.10381947522393,0.311962241956631,0.801120750861266,8,"Proteomics"
"FT5344NR","Chenodeoxycholic acid glycine conjugate","C05466","Steroids and steroid derivatives","Bile acids, alcohols and derivatives",1.06320825875098,FALSE,0.428026246175582,0.410124504958352,1.101494764047,0.312895103658479,0.801120750861266,8,"Proteomics"
"FT6781PR","PC(16:0/5:0(CHO))",NA,"Glycerophospholipids","Glycerophosphocholines",0.926067035465779,FALSE,0.454968002709614,0.409628584667806,1.09989409483315,0.313538770387677,0.801120750861266,8,"Proteomics"
"FT2470PR","Carnosine","C00386","Peptidomimetics","Hybrid peptides",0.601788156980134,FALSE,0.516591604601396,-0.409345134377575,-1.09897973604091,0.313906949688891,0.801120750861266,8,"Proteomics"
"FT1887PR","N-Acetyl-dl-penicillamine",NA,"Carboxylic acids and derivatives","Amino acids, peptides, and analogues",1.17693158538471,FALSE,-0.716008626854102,-0.409116167256484,-1.09824140912221,0.314204509629629,0.801120750861266,8,"Proteomics"
"FT2029NR","Daidzein","C10208","Isoflavonoids","Isoflav-2-enes",1.47687772950061,FALSE,-0.974992826936968,-0.408035860730857,-1.09476121120387,0.315610254981251,0.801120750861266,8,"Proteomics"
"FT4646PR","Pantetheine 4'-phosphate","C01134","Carboxylic acids and derivatives","Amino acids, peptides, and analogues",0.831055845574988,FALSE,0.375348310120631,0.407970146812978,1.09454969270299,0.315695861098854,0.801120750861266,8,"Proteomics"
"FT2707NR","Furylfuramide",NA,"Furans","Nitrofurans",1.1210271536279,FALSE,-0.478550263112119,-0.407685831164885,-1.09363477887623,0.316066368573875,0.801120750861266,8,"Proteomics"
"FT2437NR","Pantetheine","C00831","Carboxylic acids and derivatives","Amino acids, peptides, and analogues",0.930248260133532,FALSE,0.467259467888697,0.407660525395556,1.09355336464645,0.316099355913053,0.801120750861266,8,"Proteomics"
"FT0127NR","Mesylate","C11145","Organic sulfonic acids and derivatives","Organosulfonic acids and derivatives",0.334990247363578,FALSE,0.125921973585466,-0.406977611284228,-1.09135741952768,0.316990184999169,0.801120750861266,8,"Proteomics"
"FT3013NR","4-Pyridoxic acid 5'-phosphate",NA,"Pyridines and derivatives","Pyridinecarboxylic acids and derivatives",0.0879479341084143,FALSE,-0.0325836039918856,-0.406067724158921,-1.08843503779224,0.318178934894481,0.801120750861266,8,"Proteomics"
"FT6029NR","LPC(17:1/0:0)",NA,"Glycerophospholipids","Glycerophosphocholines",0.0427711652937927,FALSE,0.0402108938651001,-0.404866883526674,-1.08458410047089,0.319751032663835,0.801120750861266,8,"Proteomics"
"FT3018PR","Aspartyllysine",NA,"Carboxylic acids and derivatives","Amino acids, peptides, and analogues",0.468953280305382,FALSE,0.109088635578794,0.404810908849925,1.08440476110732,0.31982440206824,0.801120750861266,8,"Proteomics"
"FT7359PR","PA(5-iso PGF2VI/19:2)",NA,"Fatty Acyls","Eicosanoids",2.60380672439955,TRUE,2.59194921060995,0.404437009118925,1.08320718352706,0.320314699105786,0.801120750861266,8,"Proteomics"
"FT1217NR","D-Ribose","C00121","Organooxygen compounds","Carbohydrates and carbohydrate conjugates",0.571859682066939,FALSE,0.206941267122114,-0.404326013149755,-1.08285179539247,0.320460317093899,0.801120750861266,8,"Proteomics"
"FT4265PR","(S)-p-Menth-1-ene-4,7-diol 4-glucoside",NA,"Prenol lipids","Terpene glycosides",0.53616330878739,FALSE,-0.354370946983153,-0.404255872248009,-1.08262724696205,0.320552352559314,0.801120750861266,8,"Proteomics"
"FT4400NR","[2,6-dihydroxy-4-(3,5,7-trihydroxy-3,4-dihydro-2H-chromen-2-yl)phenyl] hydrogen sulate",NA,"Flavonoids","Flavans",1.35656788221191,TRUE,0.543799890588313,0.404169598546478,1.08235108244785,0.320665573810414,0.801120750861266,8,"Proteomics"
"FT1361PR","(1R)-1-Amino-3-sulfanylpropane-1-sulfinic acid",NA,"Sulfinic acids and derivatives","Sulfinic acids",0.906563222360195,FALSE,-0.286672424086218,-0.403739284455229,-1.08097415039435,0.321230578135951,0.801120750861266,8,"Proteomics"
"FT2131NR","Glucose 6-phosphate","C00092","Organooxygen compounds","Carbohydrates and carbohydrate conjugates",1.41988764924619,TRUE,0.609023180437094,0.403266009161696,1.07946073951382,0.321852532626212,0.801120750861266,8,"Proteomics"
"FT1444PR","Proline betaine","C10172","Carboxylic acids and derivatives","Amino acids, peptides, and analogues",0.469610652204626,FALSE,-0.134143198402553,-0.403150551236651,-1.0790916922551,0.322004347692986,0.801120750861266,8,"Proteomics"
"FT3939NR","2-O-(beta-L-Arabinopyranosyl)-myoinositol",NA,"Organooxygen compounds","Carbohydrates and carbohydrate conjugates",1.42276112854135,TRUE,0.57164927450018,0.402528400475905,1.07710412099815,0.322822991585313,0.801120750861266,8,"Proteomics"
"FT4033PR","5beta-Pregnane-3,20-dione",NA,"Steroids and steroid derivatives","Pregnane steroids",0.256211300644938,FALSE,0.13698988966425,0.402125969971169,1.07581943421606,0.323353042841439,0.801120750861266,8,"Proteomics"
"FT1941NR","Bisphenol S","C14216","Benzene and substituted derivatives","Benzenesulfonyl compounds",1.92506138354717,TRUE,-1.4769094953042,-0.401975271044351,-1.07533854657317,0.323551637542965,0.801120750861266,8,"Proteomics"
"FT2971NR","4-Thiouridine",NA,"Pyrimidine nucleosides","Unclassified",0.304340217471835,FALSE,0.0793356264030135,-0.401396826548882,-1.07349366904994,0.324314458661224,0.801585736478274,8,"Proteomics"
"FT1677PR","D-Glucurono-6,3-lactone","C02670","Furofurans","Isosorbides",1.21899703310371,FALSE,0.926462320784965,0.399458642977033,1.06732320749867,0.326876584503152,0.802167812667491,8,"Proteomics"
"FT5367PR","N-stearoyl glutamic acid",NA,"Carboxylic acids and derivatives","Amino acids, peptides, and analogues",0.397859021026261,FALSE,0.222155691134364,0.39922301621326,1.06657422300996,0.327188709911484,0.802167812667491,8,"Proteomics"
"FT4228PR","N,N-dimethyl-Safingol",NA,"Organonitrogen compounds","Amines",1.5006441027034,FALSE,-1.09695457153607,-0.398839133975844,-1.06535451859582,0.327697522720248,0.802167812667491,8,"Proteomics"
"FT3028NR","D-ribulose-1,5-bisphosphate","C01182","Organooxygen compounds","Carbohydrates and carbohydrate conjugates",1.054757593155,FALSE,-0.565564560673653,-0.398609276401722,-1.06462451376616,0.328002362550619,0.802167812667491,8,"Proteomics"
"FT2000NR","Deoxyinosine","C05512","Purine nucleosides","Purine 2'-deoxyribonucleosides",0.824103990639085,FALSE,0.330829298850532,0.398519975124532,1.06434096612728,0.328120830796154,0.802167812667491,8,"Proteomics"
"FT0033PR","Pyrrolidine",NA,"Pyrrolidines","Unclassified",0.93991201853543,FALSE,0.290113784057144,0.398258278392958,1.06351023906334,0.328468116573468,0.802167812667491,8,"Proteomics"
"FT4841NR","Mycolipanolic acid (C26)",NA,"Fatty Acyls","Fatty acids and conjugates",0.928701516477325,FALSE,-0.586192718316902,-0.398175454777861,-1.06324738906006,0.328578063868822,0.802167812667491,8,"Proteomics"
"FT1055NR","Hydroxyphenyllactic acid","C03672","Phenylpropanoic acids","Unclassified",0.86386199369376,FALSE,0.473250219072518,-0.397295474097158,-1.06045657792428,0.329747291091045,0.803614901714889,8,"Proteomics"
"FT3629NR","Xylopine","C09670","Aporphines","Unclassified",0.942791814136373,FALSE,0.471745534668695,0.395597088379503,1.05508004800045,0.332009422207823,0.804638828109801,8,"Proteomics"
"FT1706PR","6-Ethyl-4-methyl-3E,5E,7E-decatriene",NA,"Unsaturated hydrocarbons","Branched unsaturated hydrocarbons",0.0692918462202799,FALSE,0.00618431526493197,-0.395096492647458,-1.05349778009671,0.332677559082985,0.804638828109801,8,"Proteomics"
"FT4624NR","5beta-Chola-3,8(14),11-trien-24-oic Acid",NA,"Steroids and steroid derivatives","Bile acids, alcohols and derivatives",0.33397761093799,FALSE,0.0905822251526631,-0.394768667100544,-1.05246220176943,0.333115442031766,0.804638828109801,8,"Proteomics"
"FT0533NR","3-Aminosalicylic acid",NA,"Benzene and substituted derivatives","Benzoic acids and derivatives",0.116633839318594,FALSE,-0.122407352619884,-0.394720121499593,-1.05230889005523,0.333180308170056,0.804638828109801,8,"Proteomics"
"FT0452NR","5-Methoxy-2-methylthiazole",NA,"Azoles","Thiazoles",0.467560174490938,FALSE,0.198457497722563,-0.393927118394021,-1.04980598567686,0.334240744431686,0.804638828109801,8,"Proteomics"
"FT5925PR","(7Z,10Z,13Z,16Z)-docosatetraenoylcarnitine",NA,"Fatty Acyls","Fatty acid esters",0.522233247133181,FALSE,0.294750907470599,-0.393733195529076,-1.04919434216418,0.334500304963239,0.804638828109801,8,"Proteomics"
"FT2874PR","Demeton-S-methyl","C18655","Organothiophosphorus compounds","Unclassified",0.11299000654857,FALSE,-0.0194207206692339,0.393585172080902,1.04872757954611,0.334698493512078,0.804638828109801,8,"Proteomics"
"FT4676PR","p-Coumaroyl 3-hydroxytyrosine",NA,"Carboxylic acids and derivatives","Amino acids, peptides, and analogues",0.777031117006192,FALSE,-0.284018846003086,-0.393043773229307,-1.04702120715048,0.335423837728554,0.804638828109801,8,"Proteomics"
"FT3391PR","1-Methyladenosine","C02494","Purine nucleosides","Unclassified",0.371011967941931,FALSE,0.146194731723382,-0.392922897459795,-1.04664040878425,0.335585881966606,0.804638828109801,8,"Proteomics"
"FT2662NR","FA(19:4)",NA,"Fatty Acyls","Fatty acids and conjugates",0.61064565312346,FALSE,0.289659023018748,0.392254015023417,1.04453436825725,0.336483233696516,0.804638828109801,8,"Proteomics"
"FT1087NR","3-Phosphoglyceric acid","C00597","Organooxygen compounds","Carbohydrates and carbohydrate conjugates",1.08645937713356,FALSE,-0.552638436142055,-0.391812213771378,-1.04314438888912,0.337076551235963,0.804638828109801,8,"Proteomics"
"FT6459PR","Norgarmultinone A",NA,"Organooxygen compounds","Carbonyl compounds",1.01597516768971,FALSE,0.434614160371862,0.391528513726726,1.0422522714914,0.337457802576036,0.804638828109801,8,"Proteomics"
"FT3877PR","Oleoylethanolamide","C20792","Organonitrogen compounds","Amines",0.746602321622299,FALSE,-0.425296869298789,-0.391312631899882,-1.04157364910153,0.337748050237215,0.804638828109801,8,"Proteomics"
"FT1197NR","2,3-Dihydro-5H-oxazolo(3,2-a)thieno(3,2-d)pyrimidin-5-one",NA,"Thienopyrimidines","Unclassified",0.258554282074363,FALSE,0.0895683470919485,0.389674429719837,1.03643057818182,0.33995434334969,0.804638828109801,8,"Proteomics"
"FT4916NR","Trazodone","C07156","Diazinanes","Piperazines",1.03827406467094,FALSE,0.394755331461682,0.389103986655137,1.03464242230767,0.340724165410486,0.804638828109801,8,"Proteomics"
"FT0088NR","L-Alanine","C00041","Carboxylic acids and derivatives","Amino acids, peptides, and analogues",0.360896534673057,FALSE,0.0832834154069502,-0.388853517150008,-1.03385772417729,0.341062432663397,0.804638828109801,8,"Proteomics"
"FT7594PR","SM(d18:2/20:5-OH)",NA,"Organonitrogen compounds","Quaternary ammonium salts",3.26945093288781,TRUE,4.1504658419815,0.388463258823483,1.03263561852671,0.341589798753225,0.804638828109801,8,"Proteomics"
"FT3547PR","11-Hydroxyandrosterone","C14606","Steroids and steroid derivatives","Androstane steroids",0.0174453745284145,FALSE,-0.00615140979183696,0.388331813751865,1.03222414173609,0.341767508684775,0.804638828109801,8,"Proteomics"
"FT3159PR","5-propylideneisolongifolane",NA,"Prenol lipids","Sesquiterpenoids",0.352810830330019,FALSE,0.128778344141911,-0.388327889121453,-1.03221185717998,0.34177281532852,0.804638828109801,8,"Proteomics"
"FT3925PR","Desogestrel","C07629","Steroids and steroid derivatives","Estrane steroids",0.247006451316569,FALSE,0.0951472685288158,-0.388181120544705,-1.0317525016981,0.341971294115191,0.804638828109801,8,"Proteomics"
"FT3978PR","Margaroyl-EA",NA,"Organonitrogen compounds","Amines",0.718294405376768,FALSE,-0.51636439063547,-0.387605951031322,-1.02995322960099,0.342749623362295,0.804638828109801,8,"Proteomics"
"FT3348NR","5-O-beta-D-Xylopyranosyl-L-arabinose",NA,"Organooxygen compounds","Carbohydrates and carbohydrate conjugates",0.529991824871701,FALSE,0.155539769450797,0.387519865255275,1.02968405394895,0.342866186439901,0.804638828109801,8,"Proteomics"
"FT1520NR","3-Amino-5-(3-thiophenyl)-2-thiophenecarboxamide",NA,"Bi- and oligothiophenes","Unclassified",0.00551241302199234,FALSE,0.0463476312161149,0.386999059507996,1.02805625800359,0.343571765434928,0.80493956473326,8,"Proteomics"
"FT5252NR","4alpha-methyl-5alpha-cholesta-8,14,24-trien-3beta-ol",NA,"Steroids and steroid derivatives","Cholestane steroids",0.377341698457314,FALSE,-0.11855060230602,0.386017538726407,1.02499162487754,0.344903332513719,0.806703432087456,8,"Proteomics"
"FT1016PR","L-Asparagine","C00152","Carboxylic acids and derivatives","Amino acids, peptides, and analogues",0.775318406810761,FALSE,0.355475740186966,0.384949581841365,1.02166175580869,0.346354858095546,0.808741494447555,8,"Proteomics"
"FT6413NR","PE(20:4(8Z,11Z,14Z,17Z)/0:0)",NA,"Glycerophospholipids","Glycerophosphoethanolamines",0.145489360844068,FALSE,0.0543951033657444,-0.383790799926266,-1.01805414504517,0.347933002230018,0.811067901519473,8,"Proteomics"
"FT1026NR","Hippuric acid","C01586","Benzene and substituted derivatives","Benzoic acids and derivatives",1.64085668330668,TRUE,-0.858296483727401,-0.382196345301894,-1.01309937714238,0.35010987473852,0.813714733500073,8,"Proteomics"
"FT2887PR","sulfamethoxazole","C07315","Benzene and substituted derivatives","Benzenesulfonamides",0.860988940982421,FALSE,-0.272057881045469,-0.382104179680176,-1.01281329721121,0.350235896771911,0.813714733500073,8,"Proteomics"
"FT3514PR","FA(17:0;O)","C13947","Fatty Acyls","Fatty acids and conjugates",0.831143777965879,FALSE,-0.490116490546535,-0.37988902651419,-1.00594812401537,0.35327101801001,0.817059577575325,8,"Proteomics"
"FT2253NR","Inosine","C00294","Purine nucleosides","Unclassified",0.551740508134152,FALSE,0.135709103416332,0.379674389240222,1.00528400128659,0.353565742565295,0.817059577575325,8,"Proteomics"
"FT5424NR","Corbisterol",NA,"Steroids and steroid derivatives","Stigmastanes and derivatives",0.736249881974725,FALSE,0.244569235603982,-0.37932133637284,-1.00419201065546,0.354050773720188,0.817059577575325,8,"Proteomics"
"FT6885PR","Cytidine 5'-monophosphate-N-acetylneuraminic acid","C00128","Pyrimidine nucleotides","Pyrimidine nucleotide sugars",1.3352075324182,FALSE,0.744223881098766,0.379269533540587,1.00403182789526,0.354121967041379,0.817059577575325,8,"Proteomics"
"FT4233NR","7alpha-Hydroxy-5beta-cholan-24-oic Acid",NA,"Steroids and steroid derivatives","Bile acids, alcohols and derivatives",0.972026740221994,FALSE,0.430488892800998,0.378917313358908,1.00294299820309,0.3546062011715,0.817059577575325,8,"Proteomics"
"FT5810PR","4-O-Carboxymethyl ascochlorin",NA,"Benzene and substituted derivatives","Phenoxyacetic acid derivatives",0.908676310812567,FALSE,-0.309321847212773,-0.378386658340348,-1.00130352778168,0.355336318511421,0.817390805288648,8,"Proteomics"
"FT6529PR","POV-PE",NA,"Glycerophospholipids","Glycerophosphoethanolamines",0.792701953571458,FALSE,0.301448577508062,0.376612169657907,0.995829557403693,0.357782770533566,0.817897131271182,8,"Proteomics"
"FT6631NR","LysoPS(22:6/0:0)",NA,"Glycerophospholipids","Glycerophosphoserines",0.81720556639081,FALSE,0.417641217349462,-0.376597791446793,-0.995785255592262,0.357802624690825,0.817897131271182,8,"Proteomics"
"FT0611NR","(-)-5-(2-Propenyl)-2-oxazolidinethione",NA,"Azolidines","Oxazolidines",1.03655238369706,FALSE,0.421423660596248,0.376247629851218,0.994706604537425,0.358286300110176,0.817897131271182,8,"Proteomics"
"FT3249NR","FA(20:3;O)",NA,"Fatty Acyls","Eicosanoids",0.0316296770908921,FALSE,0.0229073171578145,-0.37522643674064,-0.991563714970154,0.359698561511316,0.817897131271182,8,"Proteomics"
"FT1588NR","Isomyristic acid",NA,"Fatty Acyls","Fatty acids and conjugates",0.188119173219306,FALSE,0.0907558983899793,-0.375182442193746,-0.991428409089097,0.359759460561971,0.817897131271182,8,"Proteomics"
"FT2300NR","voxtalisib",NA,"Pyridines and derivatives","Pyrazolylpyridines",1.54405781202517,TRUE,0.735120883037131,0.374521419115621,0.989396360612413,0.360675038909987,0.817897131271182,8,"Proteomics"
"FT6734PR","PC(20:3-OH/2:0)",NA,"Glycerophospholipids","Glycerophosphocholines",0.712448735424871,FALSE,0.255917143498115,0.374364453155635,0.988914090176953,0.360892606421025,0.817897131271182,8,"Proteomics"
"FT1838PR","Glycylleucine","C02155","Carboxylic acids and derivatives","Amino acids, peptides, and analogues",0.212402699871977,FALSE,0.0436864517141311,-0.374044122633475,-0.987930196578288,0.361336794964174,0.817897131271182,8,"Proteomics"
"FT5636NR","2-Methylthio-adenosine-5'-diphosphate",NA,"Purine nucleotides","Purine ribonucleotides",0.546453690014105,FALSE,-0.291676395277219,-0.373784223359112,-0.987132219373149,0.361697368034186,0.817897131271182,8,"Proteomics"
"FT5587PR","4,6'-Epoxyorotiniflavan-4-ol",NA,"Benzopyrans","1-benzopyrans",0.875982377014986,FALSE,-0.307956802769137,-0.373704678376456,-0.986888043859458,0.361807757883279,0.817897131271182,8,"Proteomics"
"FT1133PR","(Z)-5-oxohex-2-enedioic acid","C03453","Keto acids and derivatives","Medium-chain keto acids and derivatives",0.624051797342646,FALSE,0.271923623250217,0.37355866989854,0.986439914318185,0.362010423238393,0.817897131271182,8,"Proteomics"
"FT4635NR","Risdiplam",NA,"Diazinanes","Piperazines",0.922243279571798,FALSE,0.270730154802234,0.3723453377035,0.982719243011301,0.363696561521567,0.820377033593956,8,"Proteomics"
"FT2386NR","N2-gamma-Glutamylglutamine","C05283","Carboxylic acids and derivatives","Amino acids, peptides, and analogues",1.11854366924958,FALSE,0.585170398007996,-0.371379048835101,-0.979760313798391,0.365041923154205,0.820625930062494,8,"Proteomics"
"FT3268PR","[(1S,2S,4S,5S)-2-(6-Aminopurin-9-yl)-5-(hydroxymethyl)-4-bicyclo[3.1.0]hexanyl]methanol",NA,"Nucleoside and nucleotide analogues","Cyclopentyl nucleosides",1.56186060950954,FALSE,0.766262047946064,0.371070568145278,0.978816475645038,0.36547189237746,0.820625930062494,8,"Proteomics"
"FT4409PR","FA(20:5;O)",NA,"Fatty Acyls","Eicosanoids",0.720949646892381,FALSE,-0.463311343976036,-0.370114105810361,-0.975892436968683,0.366806488144473,0.820625930062494,8,"Proteomics"
"FT5825NR","Lonchocarpol B",NA,"Flavonoids","Flavans",0.0771913340055,FALSE,-0.0191112489033536,0.369889838457046,0.975207341468178,0.367119735989167,0.820625930062494,8,"Proteomics"
"FT7550NR","curcumin diglucoside",NA,"Diarylheptanoids","Linear diarylheptanoids",0.485029898588937,FALSE,0.223693962665648,0.369834480162884,0.975038262464315,0.367197076819404,0.820625930062494,8,"Proteomics"
"FT1976PR","Isonicotinylglycine","C16623","Carboxylic acids and derivatives","Amino acids, peptides, and analogues",0.661858224807441,FALSE,0.547038330822499,-0.369732902006676,-0.974728046953709,0.367339010300571,0.820625930062494,8,"Proteomics"
"FT7347PR","PC(15:0/17:1)",NA,"Glycerophospholipids","Glycerophosphocholines",0.889393933869637,FALSE,-0.60175143126747,-0.368550786363541,-0.971120886192017,0.368992576125391,0.821167837023025,8,"Proteomics"
"FT3150PR","Eugenyl benzoate",NA,"Depsides and depsidones","Unclassified",0.267526776433464,FALSE,0.136108321474797,-0.367840441757618,-0.968955932939216,0.369987825677138,0.821167837023025,8,"Proteomics"
"FT0925NR","Phenol sulphate","C00850","Organic sulfuric acids and derivatives","Arylsulfates",1.78780129053205,TRUE,-0.991596984692383,-0.366867922856602,-0.965995117856386,0.371352354135394,0.821167837023025,8,"Proteomics"
"FT1879NR","3-octenoylglycine",NA,"Carboxylic acids and derivatives","Amino acids, peptides, and analogues",0.765189183314875,FALSE,1.29954976013056,-0.366823243748479,-0.965859181232728,0.371415096944102,0.821167837023025,8,"Proteomics"
"FT1175NR","Citric acid","C00158","Carboxylic acids and derivatives","Tricarboxylic acids and derivatives",0.824832547173476,FALSE,-0.247457793182219,-0.366638621236422,-0.965297547303094,0.371674412472199,0.821167837023025,8,"Proteomics"
"FT5382NR","3-Amino-6-{4-[(4-Methylpiperazin-1-Yl)sulfonyl]phenyl}-N-Pyridin-3-Ylpyrazine-2-Carboxamide",NA,"Benzene and substituted derivatives","Benzenesulfonamides",1.08911812591788,FALSE,0.37340190909255,0.36557035664482,0.962050398479979,0.373176458459016,0.821167837023025,8,"Proteomics"
"FT2166NR","Na-L-Glutamyl-L-aspartic acid",NA,"Carboxylic acids and derivatives","Amino acids, peptides, and analogues",0.40647410920512,FALSE,0.204328303030566,-0.365562087600886,-0.962025280637638,0.373188095825126,0.821167837023025,8,"Proteomics"
"FT5037NR","Cysteineglutathione disulfide",NA,"Carboxylic acids and derivatives","Amino acids, peptides, and analogues",0.515927342080082,FALSE,0.16085076096296,-0.365404844274813,-0.961547692241977,0.373409421741225,0.821167837023025,8,"Proteomics"
"FT1895NR","benzyl-6-hydroxy-2-cyclohexene-on-oyl",NA,"Benzene and substituted derivatives","Benzyloxycarbonyls",1.4956884156405,FALSE,-0.870694482788569,-0.364869508973223,-0.959922453169036,0.374163366486465,0.821167837023025,8,"Proteomics"
"FT7424PR","PE(O-18:0/19:1)",NA,"Glycerophospholipids","Glycerophosphoethanolamines",0.513361597220416,FALSE,0.214358944248061,0.364469979840601,0.958710227589149,0.374726490330545,0.821167837023025,8,"Proteomics"
"FT4822NR","1-[2-[4-Methoxy-3-[3-(4-methoxyphenyl)propoxy]phenyl]ethyl]imidazole",NA,"Phenol ethers","Anisoles",0.123031959051236,FALSE,-0.0596845746761502,0.364429417876475,0.958587191246184,0.374783682314983,0.821167837023025,8,"Proteomics"
"FT3022NR","N-Acetylneuraminic acid","C19910","Organooxygen compounds","Carbohydrates and carbohydrate conjugates",0.750620388528757,FALSE,0.247480413105748,-0.363885813482501,-0.95693888624055,0.375550535569712,0.821167837023025,8,"Proteomics"
"FT6438NR","N-Docosahexaenoyl Tryptophan",NA,"Carboxylic acids and derivatives","Amino acids, peptides, and analogues",0.631709583071141,FALSE,-0.173978852749701,-0.363830044851035,-0.956769849645533,0.375629246992291,0.821167837023025,8,"Proteomics"
"FT2350NR","Deoxycytidine","C00881","Pyrimidine nucleosides","Pyrimidine 2'-deoxyribonucleosides",1.21746894954513,FALSE,0.630988600227895,0.363688816648415,0.956341835253902,0.375828608336219,0.821167837023025,8,"Proteomics"
"FT2104PR","N-Acetylisoputreanine",NA,"Carboxylic acids and derivatives","Amino acids, peptides, and analogues",0.817193063565619,FALSE,0.264478529057012,0.362902324736117,0.953959635847377,0.376939703575521,0.821206109634071,8,"Proteomics"
"FT0144NR","Methylphosphonfluoridate",NA,"Organic phosphonic acids and derivatives","Organic phosphonic acids",0.94313996085091,FALSE,0.448110773504595,-0.362563513384896,-0.952934136845806,0.377418800829391,0.821206109634071,8,"Proteomics"
"FT1357NR","4-Nitrophenyl butyrate",NA,"Phenol esters","Unclassified",1.25549682191503,FALSE,-0.465262060546137,-0.36242593151755,-0.95251783445289,0.377613426309497,0.821206109634071,8,"Proteomics"
"FT2058PR","Valerenal",NA,"Prenol lipids","Sesquiterpenoids",1.64945844970608,TRUE,1.02931267725573,0.360607680473347,0.947022791173957,0.380189746747811,0.825231915463969,8,"Proteomics"
"FT3696NR","Glycerol 3-phosphate","C00093","Glycerophospholipids","Glycerophosphates",0.809644583729737,FALSE,-0.219338706218687,-0.359225362735733,-0.942853517412484,0.382153589799029,0.825231915463969,8,"Proteomics"
"FT0633NR","MALEIC ANHYDRIDE",NA,"Dihydrofurans","Furanones",0.00197048372452357,FALSE,-0.00944929638378625,-0.358920990335825,-0.941936444278524,0.382586610952652,0.825231915463969,8,"Proteomics"
"FT4779PR","Gln-Phe-Gly",NA,"Carboxylic acids and derivatives","Amino acids, peptides, and analogues",1.57549053911271,FALSE,0.802610448177332,0.358647172774234,0.941111727531952,0.382976348329496,0.825231915463969,8,"Proteomics"
"FT6275PR","LysoPC(0:0/18:1)",NA,"Glycerophospholipids","Glycerophosphocholines",0.0972701743447456,FALSE,-0.0148274496140362,-0.358369200707742,-0.940274782912037,0.383372178760887,0.825231915463969,8,"Proteomics"
"FT1787NR","2-Aminohippuric acid",NA,"Benzene and substituted derivatives","Benzoic acids and derivatives",0.959340432392545,FALSE,1.42244936206117,-0.358338417379055,-0.940182115205067,0.383416025156932,0.825231915463969,8,"Proteomics"
"FT3986PR","D-gamma-Glutamyl-D-glutamic acid",NA,"Carboxylic acids and derivatives","Amino acids, peptides, and analogues",0.289069972343626,FALSE,-0.0967249748075188,-0.358203288379832,-0.939775375126912,0.383608523113811,0.825231915463969,8,"Proteomics"
"FT1179PR","6-Methylquinoline",NA,"Quinolines and derivatives","Unclassified",1.19243275750986,FALSE,0.465369307087197,0.357473185494123,0.937578926586856,0.384649330244762,0.826195942004929,8,"Proteomics"
"FT2111NR","D-Glucosamine-6-phosphate",NA,"Organooxygen compounds","Carbohydrates and carbohydrate conjugates",0.294324235659006,FALSE,0.171726380824698,-0.35432715410788,-0.928136831103403,0.38914842914779,0.83238202420963,8,"Proteomics"
"FT5842PR","9-(5-Hexyl-3-methylfuran-2-yl)nonanoylcarnitine",NA,"Fatty Acyls","Fatty acid esters",0.590850942899758,FALSE,-0.321994208199754,-0.354222131551258,-0.927822254563943,0.389299018073092,0.83238202420963,8,"Proteomics"
"FT2378NR","5-Hydroxyindolin-2-one sulfate",NA,"Organic sulfuric acids and derivatives","Arylsulfates",0.631748744754003,FALSE,-0.224640302465219,-0.354166913941582,-0.927656876058601,0.389378203347903,0.83238202420963,8,"Proteomics"
"FT0893NR","9-Undecenal",NA,"Organooxygen compounds","Carbonyl compounds",1.02886870674812,FALSE,-0.391921617565819,-0.353051212975218,-0.924317688612571,0.390979699987134,0.83238202420963,8,"Proteomics"
"FT4649PR","Oryzalide B",NA,"Prenol lipids","Terpene lactones",0.162736561683763,FALSE,0.0641999358503954,-0.352637498185568,-0.923080625594794,0.391574287060566,0.83238202420963,8,"Proteomics"
"FT3812PR","t17:0 phytosphingosine",NA,"Organonitrogen compounds","Amines",0.862174254967654,FALSE,0.725333824242555,0.35258727052515,0.922930480221213,0.391646500780053,0.83238202420963,8,"Proteomics"
"FT5425PR","Drophiobiolin B",NA,"Prenol lipids","Sesterterpenoids",1.31309746964949,FALSE,0.851485507436849,0.35254367233269,0.922800159678747,0.391709187863356,0.83238202420963,8,"Proteomics"
"FT3425NR","ent-16b,19-Kauranediol 19-acetate",NA,"Prenol lipids","Diterpenoids",0.902171502701858,FALSE,0.340034242048547,0.351808116709416,0.920602523671151,0.392767459963999,0.833360485829246,8,"Proteomics"
"FT2476NR","FA(18:2)","C04056","Fatty Acyls","Lineolic acids and derivatives",0.142711151624601,FALSE,0.089544258318765,-0.350220290844633,-0.915865166790682,0.395056188098151,0.836218942996864,8,"Proteomics"
"FT4798NR","Ala-Glu-Phe",NA,"Carboxylic acids and derivatives","Amino acids, peptides, and analogues",1.44727305152589,FALSE,1.17922101948145,0.350041401988832,0.915332008410119,0.395314407055189,0.836218942996864,8,"Proteomics"
"FT1779PR","2-Hydroxyadipic acid","C02360","Fatty Acyls","Fatty acids and conjugates",0.693580384983774,FALSE,0.226119444447699,-0.349296618593478,-0.913113489778347,0.396390264368181,0.83722428565037,8,"Proteomics"
"FT1257NR","Harmalol","C06537","Harmala alkaloids","Unclassified",0.57185446305937,FALSE,0.411488851865263,-0.348565877738311,-0.910938716092288,0.397447076921783,0.837811030862203,8,"Proteomics"
"FT5611PR","1alpha,25-dihydroxy-26,27-dimethyl-20,21,22,22,23,23-hexadehydrovitamin D3",NA,"Steroids and steroid derivatives","Vitamin D and derivatives",1.81074678022056,TRUE,1.25168424166996,0.348228184025678,0.909934337728278,0.397935870987077,0.837811030862203,8,"Proteomics"
"FT5668PR","Austalide L",NA,"Isoflavonoids","Isoflavans",0.753117969503143,FALSE,-0.277609675079818,-0.347664726606955,-0.908259383637137,0.398752028827063,0.837811030862203,8,"Proteomics"
"FT1779NR","L-Cystine","C00491","Carboxylic acids and derivatives","Amino acids, peptides, and analogues",0.172963573080462,FALSE,0.0901884804912973,-0.347443885132375,-0.907603207699561,0.39907211226148,0.837811030862203,8,"Proteomics"
"FT1565PR","3-Methylhistidine","C01152","Carboxylic acids and derivatives","Amino acids, peptides, and analogues",0.434469665399159,FALSE,-0.123829209631854,-0.345159394956864,-0.900825453639523,0.402389756359031,0.84093611300264,8,"Proteomics"
"FT2731NR","1-(3-Carboxypropylcarbamoyl)-5-fluorouracil",NA,"Carboxylic acids and derivatives","Amino acids, peptides, and analogues",0.563112317734692,FALSE,0.261134897715047,0.344260705995391,0.898164165619299,0.403698139521861,0.84093611300264,8,"Proteomics"
"FT2444NR","8-Acetoxy-4-acoren-3-one",NA,"Organooxygen compounds","Carbonyl compounds",0.093748635405503,FALSE,0.0444319808552647,0.34419124465577,0.897958586481516,0.403799343460244,0.84093611300264,8,"Proteomics"
"FT3256NR","L-DOPA-4'-Sulfate",NA,"Carboxylic acids and derivatives","Amino acids, peptides, and analogues",0.203754645515064,FALSE,-0.135337312567718,0.344052561767572,0.897548187923802,0.404001434808149,0.84093611300264,8,"Proteomics"
"FT6446PR","6-Caffeoylsucrose",NA,"Cinnamic acids and derivatives","Hydroxycinnamic acids and derivatives",2.15436790821469,TRUE,1.32038264816003,0.343893303548532,0.897076983822876,0.40423356289216,0.84093611300264,8,"Proteomics"
"FT2502PR","Leucylproline",NA,"Carboxylic acids and derivatives","Amino acids, peptides, and analogues",0.393992639854331,FALSE,0.114610514174315,-0.343811164592392,-0.896833990104354,0.404353307728623,0.84093611300264,8,"Proteomics"
"FT2129PR","gamma-Glutamylglycine",NA,"Carboxylic acids and derivatives","Amino acids, peptides, and analogues",2.27084678885382,FALSE,2.50830903054137,0.343439769228432,0.895735573235687,0.404894931404563,0.84093611300264,8,"Proteomics"
"FT2071NR","N-(3-oxo-octanoyl)-homoserine thiolactone",NA,"Carboxylic acids and derivatives","Amino acids, peptides, and analogues",0.912127578919195,FALSE,0.402718304710714,0.343102741845892,0.89473921341893,0.405386705837715,0.84093611300264,8,"Proteomics"
"FT4957NR","Macrophorin B",NA,"Organooxygen compounds","Carbonyl compounds",0.204327351198447,FALSE,-0.056790816797202,0.341332198271798,0.889511343989897,0.407974430988473,0.843827942445355,8,"Proteomics"
"FT4664PR","Ile-Glu-Val",NA,"Carboxylic acids and derivatives","Amino acids, peptides, and analogues",0.433691776218969,FALSE,0.18255789608795,0.341320593346513,0.889477113676324,0.407991415500839,0.843827942445355,8,"Proteomics"
"FT0707NR","4-Mercapto-2-butanone",NA,"Organooxygen compounds","Carbonyl compounds",1.37488172445992,TRUE,-0.841144848910104,-0.34034447901656,-0.886599576409014,0.409421107570149,0.845530405855981,8,"Proteomics"
"FT2309PR","12-amino-dodecanoic acid",NA,"Fatty Acyls","Fatty acids and conjugates",0.319516390927374,FALSE,-0.161826410034322,-0.339276267615611,-0.883454255936864,0.410988156207366,0.847511079516373,8,"Proteomics"
"FT4988NR","11beta,20-Dihydroxy-3-oxopregn-4-en-21-oic acid",NA,"Steroids and steroid derivatives","Androstane steroids",0.13445875991576,FALSE,0.0586495073075648,0.337940027147178,0.879525166009912,0.412952015615936,0.848861569349546,8,"Proteomics"
"FT2339PR","N,N,O-Tridesmethylvenlafaxine",NA,"Organooxygen compounds","Alcohols and polyols",1.96805311685551,FALSE,-2.35650711855727,-0.337808553231781,-0.879138904366094,0.413145458334452,0.848861569349546,8,"Proteomics"
"FT4764PR","Glycylprolylarginine",NA,"Carboxylic acids and derivatives","Amino acids, peptides, and analogues",0.336300116239339,FALSE,0.111525757788545,0.336756094275373,0.876048940384265,0.414695379789795,0.848861569349546,8,"Proteomics"
"FT4538NR","FA(22:5;O4)",NA,"Fatty Acyls","Fatty acids and conjugates",3.10644307335935,TRUE,2.40294521794983,0.336455530695866,0.875167182244721,0.415138465389493,0.848861569349546,8,"Proteomics"
"FT0213NR","gamma-Aminobutyric acid","C00334","Carboxylic acids and derivatives","Amino acids, peptides, and analogues",0.560721535679626,FALSE,0.155803211656495,-0.336230609123119,-0.874507531066457,0.415470173109938,0.848861569349546,8,"Proteomics"
"FT2864PR","13-amino-tridecanoic acid",NA,"Fatty Acyls","Fatty acids and conjugates",0.170305505203762,FALSE,-0.0971466492957849,-0.336211532051114,-0.874451589493065,0.415498312621003,0.848861569349546,8,"Proteomics"
"FT5258NR","8-oxo-dGDP","C20176","Purine nucleotides","Purine deoxyribonucleotides",0.322205566519739,FALSE,-0.0801566583778556,-0.335727743154756,-0.873033333078738,0.416212194249791,0.848861569349546,8,"Proteomics"
"FT1054PR","Adenine","C00147","Imidazopyrimidines","Purines and purine derivatives",0.908468072763029,FALSE,0.278468513055282,0.335239754256477,0.871603552906899,0.416932803159405,0.848861569349546,8,"Proteomics"
"FT3496NR","WE(15:3/7:0)",NA,"Prenol lipids","Sesquiterpenoids",0.58277866119757,FALSE,0.214437652913063,-0.335110668761868,-0.871225471889666,0.417123511480946,0.848861569349546,8,"Proteomics"
"FT4172NR","FA(20:2;O4)",NA,"Fatty Acyls","Eicosanoids",0.79394090506322,FALSE,-0.316952463232586,0.334415025125812,0.869188938283404,0.418151881177853,0.849389891217013,8,"Proteomics"
"FT1310NR","2-Hydroxymuconate","C02501","Fatty Acyls","Fatty acids and conjugates",0.363911573573193,FALSE,0.279338665912313,-0.334110931540994,-0.868299190989529,0.418601761309963,0.849389891217013,8,"Proteomics"
"FT2709NR","Tuliposide B",NA,"Organooxygen compounds","Carbohydrates and carbohydrate conjugates",0.903566780335762,FALSE,0.69507608580123,-0.333281744293968,-0.86587462187178,0.419829517583249,0.850374670932717,8,"Proteomics"
"FT7081NR","Dipiperamide A",NA,"Benzodioxoles","Unclassified",0.185951400566059,FALSE,0.042293967294112,-0.332362250172969,-0.863188635160904,0.421192775155704,0.850374670932717,8,"Proteomics"
"FT3823NR","Bavacoumestan A",NA,"Isoflavonoids","Coumestans",0.642317936866484,FALSE,-0.282448909913303,-0.332235701982549,-0.862819184913616,0.421380544497157,0.850374670932717,8,"Proteomics"
"FT4892PR","MG(18:3/0:0/0:0)",NA,"Fatty Acyls","Lineolic acids and derivatives",0.44944211546136,FALSE,0.212084926742113,0.331914577039736,0.86188191391752,0.421857181734692,0.850374670932717,8,"Proteomics"
"FT3875NR","Salbutamol 4-O-sulfate",NA,"Organic sulfuric acids and derivatives","Arylsulfates",1.4896762675253,TRUE,0.754759657879598,0.331725984507317,0.861331623753195,0.422137211108637,0.850374670932717,8,"Proteomics"
"FT4184NR","Glu-Asp-Glu",NA,"Carboxylic acids and derivatives","Amino acids, peptides, and analogues",0.647245742345487,FALSE,0.244122473185949,-0.330526099264282,-0.857833217199166,0.423920689414242,0.852015245462087,8,"Proteomics"
"FT0901NR","Dihydroxyacetone phosphate","C00111","Organooxygen compounds","Carbohydrates and carbohydrate conjugates",1.16210122307745,FALSE,0.341028830988061,0.330355839098213,0.857337182614329,0.424174017468212,0.852015245462087,8,"Proteomics"
"FT2583NR","Cystine","C01420","Carboxylic acids and derivatives","Amino acids, peptides, and analogues",0.366209133259944,FALSE,0.0993056675735975,0.329521604945316,0.85490808800272,0.425416188793038,0.853280816082726,8,"Proteomics"
"FT1527NR","2-Keto-3-deoxy-D-gluconic acid","C01216","Keto acids and derivatives","Medium-chain keto acids and derivatives",0.404008339122873,FALSE,-0.131182662787803,-0.32893127732753,-0.853190549818489,0.426296110771473,0.853817210367002,8,"Proteomics"
"FT6209PR","Lipoxin D4",NA,"Fatty Acyls","Eicosanoids",0.324031377295789,FALSE,0.212325895473766,-0.328163953011538,-0.850959721615385,0.427441003735487,0.854084537831274,8,"Proteomics"
"FT0695NR","4-Thiazolidinone",NA,"Azolidines","Thiazolidines",1.10997352475068,FALSE,0.473294655140949,0.327979227921366,0.850422955885396,0.427716817628182,0.854084537831274,8,"Proteomics"
"FT2266PR","Histidylglycine",NA,"Carboxylic acids and derivatives","Amino acids, peptides, and analogues",0.222406536140548,FALSE,-0.195386900250221,-0.327610466327079,-0.849351752101604,0.428267641279814,0.854084537831274,8,"Proteomics"
"FT2615PR","1-Dodecylimidazole",NA,"Azoles","Imidazoles",1.06583114508694,FALSE,-0.343879923974085,-0.3270800997958,-0.84781186951291,0.429060379086104,0.854443097780041,8,"Proteomics"
"FT4248NR","Melibiose",NA,"Organooxygen compounds","Carbohydrates and carbohydrate conjugates",0.0400050697539747,FALSE,0.0521651789795136,-0.326072327523628,-0.844888342294123,0.430568391548715,0.855463668172405,8,"Proteomics"
"FT3457NR","dehydroabietadienol",NA,"Prenol lipids","Diterpenoids",0.285543828788054,FALSE,0.193707643436865,-0.325876691159245,-0.844321179194005,0.430861395749,0.855463668172405,8,"Proteomics"
"FT4768PR","DG(8:0/8:0/0:0)",NA,"Glycerolipids","Diradylglycerols",0.400034706618255,FALSE,-0.358694791115934,-0.325507949175194,-0.843252500977707,0.431413887177332,0.855463668172405,8,"Proteomics"
"FT4889NR","Pramanicin",NA,"Organooxygen compounds","Carbonyl compounds",0.365922507517144,FALSE,-0.11960810607957,0.324920762811958,0.841551620995439,0.432294289428812,0.855874127808828,8,"Proteomics"
"FT0927PR","Dibutylamine",NA,"Organonitrogen compounds","Amines",1.16126089441489,FALSE,-0.670180073573802,-0.324385718473156,-0.840002726322083,0.433097166546741,0.855874127808828,8,"Proteomics"
"FT4831NR","DG(2:0/18:1-O/0:0)",NA,"Glycerolipids","Diradylglycerols",1.17172054378746,FALSE,-0.453871526179685,-0.322921419772229,-0.835768342692489,0.435297648907356,0.855874127808828,8,"Proteomics"
"FT1107NR","p-Cresol sulfate","C06677","Organic sulfuric acids and derivatives","Arylsulfates",2.56229795567847,TRUE,-2.33551118131111,-0.322817411671165,-0.835467832861376,0.435454124732643,0.855874127808828,8,"Proteomics"
"FT6729PR","(4E,15E)-Bilirubin",NA,"Tetrapyrroles and derivatives","Bilirubins",1.34842037236099,TRUE,0.510556457000766,0.32237639118235,0.83419397083825,0.436117882147768,0.855874127808828,8,"Proteomics"
"FT4286NR","Folipastatin",NA,"Depsides and depsidones","Unclassified",0.801508838293585,FALSE,0.36592111777403,-0.322249714150112,-0.833828183727467,0.436308615201914,0.855874127808828,8,"Proteomics"
"FT2475NR","12S-HHT","C20388","Fatty Acyls","Fatty acids and conjugates",0.161052987465847,FALSE,0.0585139709502287,0.322102562008121,0.833403336329541,0.436530220528984,0.855874127808828,8,"Proteomics"
"FT0993PR","L-Alloisoleucine","C21096","Carboxylic acids and derivatives","Amino acids, peptides, and analogues",0.538278330571414,FALSE,0.205891094417263,-0.321567543368538,-0.831859235482989,0.43733633250372,0.855874127808828,8,"Proteomics"
"FT4204PR","gamma-Aminobutyric acid cetyl ester",NA,"Carboxylic acids and derivatives","Amino acids, peptides, and analogues",1.09653342404838,FALSE,-0.562146026616354,-0.321500703940858,-0.831666394755426,0.437437082903181,0.855874127808828,8,"Proteomics"
"FT1029PR","Maleic acid","C01384","Carboxylic acids and derivatives","Dicarboxylic acids and derivatives",0.577495184918277,FALSE,0.173218174803247,0.321286131895064,0.831047419252841,0.437760583305376,0.855874127808828,8,"Proteomics"
"FT3863NR","Grayanotoxin",NA,"Prenol lipids","Diterpenoids",0.2826396843335,FALSE,0.109915152446897,0.320378352711291,0.828430328154717,0.439130300427933,0.857349634168821,8,"Proteomics"
"FT2725NR","Glucosamine 6-sulfate","C04132","Organooxygen compounds","Carbohydrates and carbohydrate conjugates",0.137619332420304,FALSE,-0.140434950986353,-0.319336699620526,-0.825430416880669,0.440704204326734,0.858300397839791,8,"Proteomics"
"FT3268NR","SCHEMBL12556240",NA,"Carboxylic acids and derivatives","Amino acids, peptides, and analogues",0.10404623516611,FALSE,0.0906641583216484,-0.318838529741461,-0.823996890137747,0.441457748081023,0.858300397839791,8,"Proteomics"
"FT5723PR","Chamuvaritin",NA,"Diarylheptanoids","Linear diarylheptanoids",0.74375400219351,FALSE,-0.252855104878653,-0.318834128185139,-0.823984227670942,0.441464408358056,0.858300397839791,8,"Proteomics"
"FT5477NR","Pro-Ile-Trp",NA,"Carboxylic acids and derivatives","Amino acids, peptides, and analogues",2.80488796712603,TRUE,2.53827289924296,0.316975660754032,0.818643045390313,0.444280287554771,0.861047822233788,8,"Proteomics"
"FT2671NR","5-Fluoro-2'-deoxycytidine",NA,"Pyrimidine nucleosides","Pyrimidine 2'-deoxyribonucleosides",0.00425051723027405,FALSE,-0.012084949046102,-0.316853944828945,-0.818293604115832,0.444464964967786,0.861047822233788,8,"Proteomics"
"FT3991PR","Tolmetin glycinamide",NA,"Carboxylic acids and derivatives","Amino acids, peptides, and analogues",0.833639367445836,FALSE,-0.286184633740755,-0.316678920030153,-0.817791194084623,0.444730582502387,0.861047822233788,8,"Proteomics"
"FT6925NR","4-[3-[3-[Bis[4-(2-methylpropyl)phenyl]methylamino]benzoyl]indol-1-yl]butanoic acid",NA,"Indoles and derivatives","Benzoylindoles",0.99467869462642,FALSE,0.390686071365446,0.314590287485645,0.811802900559618,0.447905333727111,0.86488870185752,8,"Proteomics"
"FT5198NR","Penicildione D",NA,"Steroids and steroid derivatives","Hydroxysteroids",1.30054144858481,TRUE,0.633539656723098,0.314506529330644,0.811563032363666,0.448032841047687,0.86488870185752,8,"Proteomics"
"FT7020NR","Bastaxanthol B",NA,"Prenol lipids","Triterpenoids",0.820730036304078,FALSE,0.293135961318297,0.31245858746701,0.80570462171172,0.451155110670766,0.86488870185752,8,"Proteomics"
"FT4461PR","11-Dehydrocorticosterone","C05490","Steroids and steroid derivatives","Hydroxysteroids",3.43771569536352,TRUE,3.303457897849,0.311998128668322,0.804389136728101,0.451858343930742,0.86488870185752,8,"Proteomics"
"FT1278NR","3-ethylphenyl Sulfate",NA,"Organic sulfuric acids and derivatives","Arylsulfates",0.194423025557696,FALSE,0.0246230321830297,-0.31197118466152,-0.804312179842221,0.451899507896725,0.86488870185752,8,"Proteomics"
"FT3483NR","Glycerophosphoinositol","C01225","Glycerophospholipids","Glycerophosphoinositols",1.10985538010562,FALSE,0.419375187342363,0.311870985382509,0.804026011702796,0.452052601763262,0.86488870185752,8,"Proteomics"
"FT2729NR","Phaclofen",NA,"Benzene and substituted derivatives","Halobenzenes",0.492552031985506,FALSE,0.184578307946979,0.311526154712542,0.803041405773481,0.452579628422626,0.86488870185752,8,"Proteomics"
"FT1657NR","Dopamine 4-sulfate","C13691","Organic sulfuric acids and derivatives","Arylsulfates",0.974162630812145,FALSE,0.304286599534946,0.311395292420794,0.802667842530169,0.452779699268141,0.86488870185752,8,"Proteomics"
"FT3079PR","N-Phenylacetylglutamic acid",NA,"Carboxylic acids and derivatives","Amino acids, peptides, and analogues",1.50290270182857,FALSE,2.2749382137495,-0.311200068426151,-0.802110644508651,0.453078237627669,0.86488870185752,8,"Proteomics"
"FT2802PR","Car(4:0;O)",NA,"Fatty Acyls","Fatty acid esters",2.14212813607318,FALSE,2.5691464507277,0.310493945224373,0.800096202949053,0.454158718366645,0.86488870185752,8,"Proteomics"
"FT2324NR","N-(2,4-Dinitrophenyl)ethylenediamine",NA,"Benzene and substituted derivatives","Aniline and substituted anilines",1.15369689934959,FALSE,0.406042347197828,0.309418998060026,0.797032385946459,0.455805572072757,0.86488870185752,8,"Proteomics"
"FT2569PR","Cadabicilone",NA,"Prenol lipids","Terpene lactones",0.274801326410548,FALSE,-0.0717940557857366,0.309060095914443,0.796010195493495,0.456355962003775,0.86488870185752,8,"Proteomics"
"FT2692NR","Fluoroazomycin arabinoside",NA,"Organooxygen compounds","Carbohydrates and carbohydrate conjugates",0.492803034343404,FALSE,0.446893644336946,-0.308758518474365,-0.795151562477449,0.456818651155166,0.86488870185752,8,"Proteomics"
"FT3374NR","(+)-Disparlure",NA,"Epoxides","Unclassified",0.137087471196422,FALSE,0.0424266423339478,-0.30828412474005,-0.793801433698043,0.457546865778764,0.86488870185752,8,"Proteomics"
"FT2624PR","8-[(Aminomethyl)sulfanyl]-6-sulfanyloctanoic acid",NA,"Fatty Acyls","Fatty acids and conjugates",0.0816174576623837,FALSE,0.0486447810887642,0.308146689036597,0.793410412790787,0.457757923444515,0.86488870185752,8,"Proteomics"
"FT3840NR","Ala-Ala-Phe",NA,"Carboxylic acids and derivatives","Amino acids, peptides, and analogues",1.43243501864712,FALSE,0.680877672612548,0.308022538823108,0.793057237867834,0.457948612774483,0.86488870185752,8,"Proteomics"
"FT3449PR","Glutaminylhistidine",NA,"Carboxylic acids and derivatives","Amino acids, peptides, and analogues",1.22420724781592,TRUE,0.587256186328797,0.307590682156196,0.791829066956077,0.458612176810719,0.86488870185752,8,"Proteomics"
"FT4483PR","Corticosterone","C02140","Steroids and steroid derivatives","Hydroxysteroids",3.32196154243027,TRUE,3.01825871590246,0.307334152344381,0.791099769610894,0.459006528978007,0.86488870185752,8,"Proteomics"
"FT2248PR","Ferulic acid","C01494","Cinnamic acids and derivatives","Hydroxycinnamic acids and derivatives",0.168203609060462,FALSE,0.0959911886565636,0.307166051582756,0.790621973537267,0.45926501749876,0.86488870185752,8,"Proteomics"
"FT3959PR","1-O-(2R-hydroxy-4Z-hexadecenyl)-sn-glycerol",NA,"Fatty Acyls","Fatty alcohols",0.972787188050431,FALSE,-0.296252152683968,-0.306581207123178,-0.788960294998085,0.460164791964604,0.86488870185752,8,"Proteomics"
"FT2504NR","Alanylphenylalanine",NA,"Carboxylic acids and derivatives","Amino acids, peptides, and analogues",0.628802057392834,FALSE,0.189661497237231,-0.30653958129805,-0.788842064019905,0.460228859850202,0.86488870185752,8,"Proteomics"
"FT2014NR","N-lactoyl-Tyrosine",NA,"Carboxylic acids and derivatives","Amino acids, peptides, and analogues",1.95551097599741,TRUE,1.65517497455375,0.306451786128228,0.788592713356749,0.460364000558307,0.86488870185752,8,"Proteomics"
"FT5378PR","Armillarin",NA,"Prenol lipids","Sesquiterpenoids",0.991614484923616,FALSE,-0.405759400823853,-0.305952041167034,-0.787173789953594,0.461133549963437,0.865168463861416,8,"Proteomics"
"FT1123NR","Alanylvaline",NA,"Carboxylic acids and derivatives","Amino acids, peptides, and analogues",0.397628610052152,FALSE,-0.380423248474952,-0.305351458339526,-0.785469507717262,0.462059065173623,0.865663770031763,8,"Proteomics"
"FT5718PR","(11Z,14Z)-eicosadienoylcarnitine",NA,"Fatty Acyls","Fatty acid esters",0.373012110373838,FALSE,0.138231657574013,-0.304939472526619,-0.784301007818018,0.462694380236047,0.865663770031763,8,"Proteomics"
"FT3742NR","Oryzenin",NA,"Diazines","Pyrimidines and pyrimidine derivatives",0.241514790611943,FALSE,0.0395571123287297,-0.3041527904667,-0.782071118666535,0.463908484588873,0.865663770031763,8,"Proteomics"
"FT2154PR","3-Oxalomalic acid","C01990","Carboxylic acids and derivatives","Tricarboxylic acids and derivatives",0.792207622368958,FALSE,0.379073550032313,-0.304121117268631,-0.781981376390608,0.463957393403676,0.865663770031763,8,"Proteomics"
"FT1631NR","9-(Methylthio)nonanenitrile",NA,"Organonitrogen compounds","Organic cyanides",0.0037444690013956,FALSE,-0.0423081153159178,-0.30376819190228,-0.780981597152806,0.464502510748751,0.865663770031763,8,"Proteomics"
"FT5413NR","Flavin mononucleotide","C00061","Flavin nucleotides","Unclassified",0.0263874386041481,FALSE,0.0167688963367451,-0.30238318191317,-0.777061509143255,0.466644240011575,0.868494086216469,8,"Proteomics"
"FT0969PR","5,6-Dihydroxyindole","C05578","Indoles and derivatives","Hydroxyindoles",0.194513345915323,FALSE,0.0479905329961975,-0.299581400632904,-0.769147961677956,0.470988883324883,0.870407434033231,8,"Proteomics"
"FT4011NR","20alpha-Dihydroprogesterone","C04042","Steroids and steroid derivatives","Pregnane steroids",0.983227168140452,FALSE,0.390927381397914,0.299226063978068,0.768145892389227,0.471541043566513,0.870407434033231,8,"Proteomics"
"FT3600NR","Fructose-1,6-diphosphate",NA,"Organooxygen compounds","Carbohydrates and carbohydrate conjugates",0.609373249606003,FALSE,0.232303444541298,-0.298666778325232,-0.766569386276361,0.472410644160131,0.870407434033231,8,"Proteomics"
"FT2750PR","4-Acetyl-6-tert-butyl-1,1-dimethylindane",NA,"Indanes","Unclassified",0.391531499119848,FALSE,0.150046837352465,0.298306884486038,0.765555381541893,0.472970559583948,0.870407434033231,8,"Proteomics"
"FT3042PR","Omega-Pentadecalactone",NA,"Macrolides and analogues","Unclassified",0.0806447257685471,FALSE,0.0372331564568143,0.29795200660174,0.764555860282882,0.473522929792477,0.870407434033231,8,"Proteomics"
"FT4558PR","Isograyanotoxin II",NA,"Organooxygen compounds","Alcohols and polyols",1.17748993589543,TRUE,0.588054417269046,0.297327399926452,0.7627974866488,0.474495757711028,0.870407434033231,8,"Proteomics"
"FT0316NR","L-Valine","C00183","Carboxylic acids and derivatives","Amino acids, peptides, and analogues",1.15241953802114,FALSE,0.485884895137649,0.297205615031047,0.76245476679301,0.47468553070762,0.870407434033231,8,"Proteomics"
"FT3154NR","Allantoin","C01551","Azoles","Imidazoles",0.0717576332755456,FALSE,0.00340278929712831,-0.297021446244944,-0.761936567406441,0.474972571513786,0.870407434033231,8,"Proteomics"
"FT4613NR","D-Erythrose 4-phosphate","C00279","Organooxygen compounds","Carbohydrates and carbohydrate conjugates",0.880699135387336,FALSE,0.335677154119912,0.2966165841894,0.760797726696814,0.475603821400967,0.870407434033231,8,"Proteomics"
"FT4631NR","5-Hexenyl glucosinolate",NA,"Organooxygen compounds","Carbohydrates and carbohydrate conjugates",1.52463982633232,TRUE,0.870926023148831,0.296206043611974,0.759643372093345,0.476244264675874,0.870407434033231,8,"Proteomics"
"FT3639NR","N-Myristoyl Isoleucine",NA,"Carboxylic acids and derivatives","Amino acids, peptides, and analogues",1.04577695784753,FALSE,0.421339384303149,0.296027018378837,0.759140134991306,0.476523651003369,0.870407434033231,8,"Proteomics"
"FT2185NR","tri-glyceride",NA,"Carboxylic acids and derivatives","Tricarboxylic acids and derivatives",0.701094593644518,FALSE,0.216230636331545,0.295467327595242,0.757567418268387,0.477397521637536,0.870407434033231,8,"Proteomics"
"FT0699NR","(±)-2-Methylthiazolidine",NA,"Azolidines","Thiazolidines",0.754975475797556,FALSE,0.25921293024328,0.294778981138361,0.755634354061977,0.478473136880367,0.870407434033231,8,"Proteomics"
"FT5509NR","4-Hydroxynonenal glutathione",NA,"Carboxylic acids and derivatives","Amino acids, peptides, and analogues",0.384316334312416,FALSE,0.171906250500482,0.294543355755333,0.754972950043356,0.478841546680486,0.870407434033231,8,"Proteomics"
"FT3697PR","Diphthamide",NA,"Carboxylic acids and derivatives","Amino acids, peptides, and analogues",0.68348592785715,FALSE,-0.238978116757988,-0.294305562536609,-0.75430561373647,0.479213459535571,0.870407434033231,8,"Proteomics"
"FT6064PR","LysoPC(0:0/16:1)",NA,"Glycerophospholipids","Glycerophosphocholines",0.0411674243000706,FALSE,0.0253143773039305,-0.294096462539092,-0.753718928030329,0.479540589878875,0.870407434033231,8,"Proteomics"
"FT3632PR","Nimustine",NA,"Diazines","Pyrimidines and pyrimidine derivatives",0.124580954247647,FALSE,-0.0139879530665527,-0.293692492496198,-0.752585817961233,0.480172837722527,0.870407434033231,8,"Proteomics"
"FT2184NR","N-(2-Hydroxy-3,3,3-trifluoropropyl)-2-(2-nitro-1-imidazolyl)acetamide",NA,"Allyl-type 1,3-dipolar organic compounds","Organic nitro compounds",1.7427074287532,TRUE,0.865110840649164,0.293494058705084,0.75202938557776,0.480483523982685,0.870407434033231,8,"Proteomics"
"FT5143NR","10-Hydroxydodec-10-enedioylcarnitine",NA,"Fatty Acyls","Fatty acid esters",1.52171552663752,TRUE,0.812032383597581,0.293280348720403,0.751430235864782,0.480818216650278,0.870407434033231,8,"Proteomics"
"FT1646NR","N,N-dimethyl-beta-alanine",NA,"Carboxylic acids and derivatives","Carboxylic acid derivatives",0.0698086260829803,FALSE,0.0568549643649285,-0.293085658292931,-0.750884515992451,0.481123202586145,0.870407434033231,8,"Proteomics"
"FT1906NR","Monoglyceride citrate",NA,"Carboxylic acids and derivatives","Tricarboxylic acids and derivatives",0.401160444198257,FALSE,0.164097516464731,0.292746595952886,0.749934363606511,0.48165453142529,0.870407434033231,8,"Proteomics"
"FT4064NR","Phosphoribosyl formamidocarboxamide","C04734","Imidazole ribonucleosides and ribonucleotides","1-ribosyl-imidazolecarboxamides",0.392344418074022,FALSE,0.0958519808205276,-0.292531497101206,-0.749331753805331,0.481991722497863,0.870407434033231,8,"Proteomics"
"FT4570PR","9-Deoxy-delta12-PGD2",NA,"Fatty Acyls","Eicosanoids",0.538079552295385,FALSE,-0.221288228790551,-0.292322287939811,-0.748745763581399,0.48231976988051,0.870407434033231,8,"Proteomics"
"FT3914NR","1,7-Dimethylguanosine",NA,"Purine nucleosides","Unclassified",1.12112086531963,FALSE,0.429785521738298,0.292106783111181,0.748142262235937,0.482657780852,0.870407434033231,8,"Proteomics"
"FT2267PR","Valylhydroxyproline",NA,"Carboxylic acids and derivatives","Amino acids, peptides, and analogues",1.44623096304275,TRUE,0.682661097470564,0.29118961467406,0.745575208668802,0.484097364182252,0.871875614560801,8,"Proteomics"
"FT1865NR","Ethyl 3-hydroxydodecanoate",NA,"Fatty Acyls","Fatty alcohols",0.276969831621344,FALSE,-0.0764496629974667,-0.289605710075491,-0.741147317332817,0.486587410011035,0.874160699899228,8,"Proteomics"
"FT4169NR","5-Ethoxysorgoleone",NA,"Organooxygen compounds","Carbonyl compounds",1.02255102183783,FALSE,0.32538418575311,0.289584807946845,0.74108892884562,0.486620303530704,0.874160699899228,8,"Proteomics"
"FT1390NR","2-Oxo-3-hydroxy-4-phosphobutanoic acid","C06054","Keto acids and derivatives","Short-chain keto acids and derivatives",1.00572917585655,FALSE,0.474060901165982,0.288891640356143,0.739153273371943,0.487711628178796,0.874993577453336,8,"Proteomics"
"FT1398NR","BBT(OH)2",NA,"Heteroaromatic compounds","Unclassified",0.532545617819403,FALSE,-0.200806115134037,-0.288486908425914,-0.738023654990756,0.488349280393261,0.875011435563246,8,"Proteomics"
"FT6209NR","LysoPS(20:5/0:0)",NA,"Glycerophospholipids","Glycerophosphoserines",0.926037907596197,FALSE,0.287361087811216,0.287844555625304,0.736231715531111,0.489361969488595,0.875700366453275,8,"Proteomics"
"FT6180PR","(13Z)-3-Hydroxyicos-13-enoylcarnitine",NA,"Fatty Acyls","Fatty acid esters",0.36251904806021,FALSE,0.165686990864795,-0.285554157628346,-0.729851101415516,0.492979492369672,0.880460366680138,8,"Proteomics"
"FT2916NR","Temarotene",NA,"Stilbenes","Unclassified",1.13810830951124,FALSE,0.37179542714978,0.285360911589364,0.729313379717015,0.493285183914769,0.880460366680138,8,"Proteomics"
"FT3116PR","Vidarabine","C07195","Purine nucleosides","Unclassified",0.357057997027726,FALSE,0.114169044215315,0.281654329727689,0.719018166484472,0.49916270275896,0.886808924867588,8,"Proteomics"
"FT3481NR","Daidzein 4'-sulfate",NA,"Isoflavonoids","Isoflav-2-enes",1.02243360679882,FALSE,-1.04609730968116,-0.281077437383252,-0.717418980601354,0.500079889993702,0.886808924867588,8,"Proteomics"
"FT0553PR","Thiomorpholine",NA,"Thiazinanes","Thiomorpholines",0.704041269804967,FALSE,0.254736517810982,0.280928766667907,0.717006991942515,0.500316362741513,0.886808924867588,8,"Proteomics"
"FT1761PR","Phosphorylcholine","C00588","Organonitrogen compounds","Quaternary ammonium salts",0.195567183026659,FALSE,0.17206641111638,-0.280774088736953,-0.716578415878164,0.500562435979044,0.886808924867588,8,"Proteomics"
"FT2160PR","3-(Carboxymethyl)-3-hydroxypentanedioic acid",NA,"Carboxylic acids and derivatives","Tricarboxylic acids and derivatives",0.117533349334321,FALSE,0.0788904725866324,-0.280294780209688,-0.715250749710533,0.50132525051692,0.886808924867588,8,"Proteomics"
"FT2057PR","3,4-Dihydrocadalene",NA,"Prenol lipids","Sesquiterpenoids",0.650226628840865,FALSE,0.335520213525981,0.280162673953907,0.714884922593775,0.501535574505741,0.886808924867588,8,"Proteomics"
"FT4114NR","Asp-Ser-Cys",NA,"Carboxylic acids and derivatives","Amino acids, peptides, and analogues",0.722029712033679,FALSE,0.268804790149281,0.280086645011999,0.714674404111051,0.501656634134937,0.886808924867588,8,"Proteomics"
"FT5483PR","Cetylmannoside",NA,"Fatty Acyls","Fatty acyl glycosides",4.22863598304962,TRUE,5.78271028907271,0.27991416868275,0.714196884084213,0.501931306829646,0.886808924867588,8,"Proteomics"
"FT4200PR","Val-Pro-Ile",NA,"Carboxylic acids and derivatives","Amino acids, peptides, and analogues",1.35551197108466,FALSE,0.592153465449215,0.279024285757938,0.711734334424922,0.503349380688746,0.887137205029066,8,"Proteomics"
"FT4582NR","N-Acetyl-4-O-acetylneuraminic acid","C04015","Organooxygen compounds","Carbohydrates and carbohydrate conjugates",0.849032851752995,FALSE,0.388324441226784,-0.278998868938785,-0.711664028378911,0.503389906153509,0.887137205029066,8,"Proteomics"
"FT2966PR","Ethoxzolamide",NA,"Benzothiazoles","Unclassified",1.03229804420832,FALSE,0.381832709883982,0.278076866191589,0.709114750329219,0.504860821586741,0.888606042035249,8,"Proteomics"
"FT0790NR","2,8-Quinolinediol","C06342","Quinolines and derivatives","Quinolones and derivatives",0.116860778526067,FALSE,0.0521101300504006,-0.275738671707529,-0.702659295083626,0.508598380060326,0.8940556643179,8,"Proteomics"
"FT0043NR","Phosphate","C00009","Non-metal oxoanionic compounds","Non-metal phosphates",0.0651219771320245,FALSE,0.012767070262113,-0.275113818906736,-0.700936449097372,0.50959896707981,0.894686347744653,8,"Proteomics"
"FT0537NR","2-Aminopurine",NA,"Imidazopyrimidines","Purines and purine derivatives",0.549525160200251,FALSE,0.176877081504748,0.274637608646634,0.699624086199783,0.510362030444542,0.894898956527914,8,"Proteomics"
"FT1211PR","OXYQUINOLINE","C19434","Quinolines and derivatives","8-hydroxyquinolines",0.852434268169347,FALSE,0.262726423702999,0.273595601315813,0.696754413058771,0.512033213602684,0.896701381610731,8,"Proteomics"
"FT4445NR","Eicosanedioic acid",NA,"Fatty Acyls","Fatty acids and conjugates",1.46456151777857,TRUE,-0.7167833049931,-0.272771343349143,-0.694486297622135,0.513356628303046,0.89789101612854,8,"Proteomics"
"FT4520NR","Murrayazolinol",NA,"Quinolines and derivatives","Benzoquinolines",0.818317604264005,FALSE,0.358650907320363,0.271867952933167,0.692002330477529,0.514808574296111,0.899302196201478,8,"Proteomics"
"FT4302PR","Berberine","C00757","Protoberberine alkaloids and derivatives","Unclassified",0.255349120588103,FALSE,-0.345781250881409,0.271242949790196,0.690284975172599,0.515813993210403,0.899930796664958,8,"Proteomics"
"FT0538NR","5-(2-Furanyl)-3,4-dihydro-2H-pyrrole",NA,"Heteroaromatic compounds","Unclassified",0.727178812413801,FALSE,0.370645888955463,0.270239687323263,0.687530225540367,0.51742944235068,0.900969197901731,8,"Proteomics"
"FT1969NR","4-Hydroxy-3-methoxy-cinnamoylglycine","C02564","Carboxylic acids and derivatives","Amino acids, peptides, and analogues",1.89627140754239,FALSE,1.8263134429431,-0.269924292234126,-0.686664716110008,0.517937681209296,0.900969197901731,8,"Proteomics"
"FT4119NR","N-palmitoyl methionine",NA,"Carboxylic acids and derivatives","Amino acids, peptides, and analogues",0.26413298556699,FALSE,0.120800222803115,-0.269408755799942,-0.685250490508462,0.518768836878573,0.900969197901731,8,"Proteomics"
"FT1857NR","Uridine","C00299","Pyrimidine nucleosides","Unclassified",0.664514342312921,FALSE,0.201748682138429,0.269268868110077,0.684866858595191,0.518994451875961,0.900969197901731,8,"Proteomics"
"FT2912PR","6-Phenylundecane",NA,"Benzene and substituted derivatives","Unclassified",0.0842774536166625,FALSE,-0.0144167804475877,-0.266934048183083,-0.678470657153093,0.522765517340624,0.90532649991072,8,"Proteomics"
"FT1643NR","(2r)-2-[(R)-Amino(Carboxy)methyl]-5-Methyl-3,6-Dihydro-2h-1,3-Thiazine-4-Carboxylic Acid",NA,"Carboxylic acids and derivatives","Amino acids, peptides, and analogues",0.330505357753635,FALSE,0.160286732768912,-0.266910672895318,-0.678406686228138,0.522803323119175,0.90532649991072,8,"Proteomics"
"FT3196NR","2-Dichloromethylene-3a,7a-dichloro-3a,4,7,7a-tetrahydro-4,7-methanoindene-1,3-dione",NA,"Carboxylic acids and derivatives","Tetracarboxylic acids and derivatives",0.714620266717575,FALSE,0.406565139645099,-0.265374809294585,-0.674206320873657,0.525289558783565,0.908503281568598,8,"Proteomics"
"FT2579PR","Hypusine",NA,"Carboxylic acids and derivatives","Amino acids, peptides, and analogues",0.187123797954447,FALSE,-0.0691844709349538,0.263653401968227,0.669505080351229,0.528081336108613,0.910838453531455,8,"Proteomics"
"FT5554PR","23S,25,26-Trihydroxyvitamin D3",NA,"Steroids and steroid derivatives","Vitamin D and derivatives",0.954035636258727,FALSE,0.340734918777614,0.263529313868799,0.669166456555104,0.528282793149645,0.910838453531455,8,"Proteomics"
"FT0745PR","Norvaline","C01799","Carboxylic acids and derivatives","Amino acids, peptides, and analogues",0.921092612882845,FALSE,0.306872432470196,0.263334004891888,0.6686335505326,0.528599934653477,0.910838453531455,8,"Proteomics"
"FT2331NR","FA(16:0;O)",NA,"Fatty Acyls","Fatty acids and conjugates",0.352599601471812,FALSE,0.0779119653419989,0.262653823697685,0.666778346051542,0.529704955638334,0.91110093783846,8,"Proteomics"
"FT3744NR","FAHFA(18:5/2-O-3:0)",NA,"Fatty Acyls","Fatty acid esters",0.451399645266835,FALSE,-0.178041166999885,-0.261994910853703,-0.664982169478542,0.530776233237196,0.91110093783846,8,"Proteomics"
"FT3309NR","Epoxydocosapentaenoic acid",NA,"Fatty Acyls","Fatty acids and conjugates",0.00112573020546159,FALSE,0.0309977410584163,-0.261289489356783,-0.663060318346853,0.531924006430824,0.91110093783846,8,"Proteomics"
"FT0881NR","L-Cysteine","C00097","Carboxylic acids and derivatives","Amino acids, peptides, and analogues",0.13253643427801,FALSE,-0.0188580227840206,-0.261079016145475,-0.662487125935995,0.532266638068812,0.91110093783846,8,"Proteomics"
"FT7780NR","FAD","C00016","Flavin nucleotides","Unclassified",0.609071927121736,FALSE,0.135100095314396,0.260143888998133,0.659941671027653,0.533789918330233,0.91110093783846,8,"Proteomics"
"FT0680PR","1H-Imidazole-4-carboxamide",NA,"Carboxylic acids and derivatives","Carboxylic acid derivatives",0.0424107411349592,FALSE,0.010329193979616,-0.259981801250744,-0.659500664262109,0.534054113905342,0.91110093783846,8,"Proteomics"
"FT0471NR","N-Acetyl-beta-alanine","C01073","Carboxylic acids and derivatives","Carboxylic acids",0.716781488847094,FALSE,0.180213096473612,0.259594808902764,0.658447980939295,0.53468508675098,0.91110093783846,8,"Proteomics"
"FT6556NR","PA(14:1/12:0)",NA,"Glycerophospholipids","Glycerophosphates",0.336130854471531,FALSE,0.0685103589785488,0.259499372326861,0.658188429945751,0.534840733418493,0.91110093783846,8,"Proteomics"
"FT1769NR","Betamipron",NA,"Benzene and substituted derivatives","Unclassified",0.776240512020249,FALSE,-0.26716869964695,-0.259201360864676,-0.657378085755415,0.535326864069669,0.91110093783846,8,"Proteomics"
"FT2877PR","Tyrosyl-Alanine",NA,"Carboxylic acids and derivatives","Amino acids, peptides, and analogues",1.04357257515367,FALSE,0.539984546757314,0.25899513545374,0.656817441412643,0.535663363187175,0.91110093783846,8,"Proteomics"
"FT1993NR","2-(3-Mercaptopropyl)pentanedioic acid",NA,"Fatty Acyls","Fatty acids and conjugates",0.590317487315573,FALSE,-0.373861602401838,-0.258377107778264,-0.655137847789425,0.536672263644511,0.91110093783846,8,"Proteomics"
"FT2869NR","Eicosapentaenoic acid","C06428","Fatty Acyls","Fatty acids and conjugates",0.467264961658911,FALSE,-0.144169987238334,-0.257692986188141,-0.653279637926212,0.537789864694194,0.91110093783846,8,"Proteomics"
"FT5849PR","10-Hydroxyheptadecanoylcarnitine",NA,"Fatty Acyls","Fatty acid esters",0.77120454659261,FALSE,0.353581832057848,-0.257584309165799,-0.652984546553263,0.537967480438532,0.91110093783846,8,"Proteomics"
"FT5758NR","Varanic acid",NA,"Steroids and steroid derivatives","Bile acids, alcohols and derivatives",0.610577120854698,FALSE,0.17508615069163,0.256679634523158,0.650529106710767,0.539446856930667,0.91110093783846,8,"Proteomics"
"FT1009NR","N-Formyl-DL-methionine","C03145","Carboxylic acids and derivatives","Amino acids, peptides, and analogues",1.04275214223697,FALSE,0.435069103726647,0.256454989349382,0.649919665797665,0.539814438038781,0.91110093783846,8,"Proteomics"
"FT2533NR","Biopterin","C06313","Pteridines and derivatives","Pterins and derivatives",0.495406352959166,FALSE,0.132395813874199,0.256438073200444,0.649873778466256,0.539842121169509,0.91110093783846,8,"Proteomics"
"FT6832NR","PA(14:1/14:1)",NA,"Glycerophospholipids","Glycerophosphates",0.441652504862954,FALSE,0.15193599972233,0.256131190876176,0.649041429771116,0.540344420670049,0.91110093783846,8,"Proteomics"
"FT4051NR","Ibandronate",NA,"Organic phosphonic acids and derivatives","Bisphosphonates",0.222968785499673,FALSE,-0.0767421643851697,-0.256025873979096,-0.648755830000526,0.540516840453663,0.91110093783846,8,"Proteomics"
"FT2657NR","D-Sedoheptulose 7-phosphate","C20956","Organooxygen compounds","Carbohydrates and carbohydrate conjugates",1.62129898670833,TRUE,0.716684023370249,0.255077991065874,0.646186459351542,0.542069563797368,0.911573238881185,8,"Proteomics"
"FT0746PR","Betaine",NA,"Carboxylic acids and derivatives","Amino acids, peptides, and analogues",0.805544163482131,FALSE,0.236147661524817,0.254974321108821,0.645905568340256,0.542239482738838,0.911573238881185,8,"Proteomics"
"FT3282PR","Glutamylglutamic acid","C01425","Carboxylic acids and derivatives","Amino acids, peptides, and analogues",0.516258515806298,FALSE,-0.13958371109017,-0.254294474310438,-0.644064131139264,0.543354252993043,0.911573238881185,8,"Proteomics"
"FT4303PR","isopentenyl adenosine","C16427","Purine nucleosides","Unclassified",0.000481915977722769,FALSE,0.00793182170238442,-0.254258818825013,-0.643967582677556,0.543412741399042,0.911573238881185,8,"Proteomics"
"FT1108NR","cis-2-Methylaconitate","C04225","Carboxylic acids and derivatives","Tricarboxylic acids and derivatives",0.18402642200794,FALSE,-0.0557302444364029,-0.252264503234991,-0.638571799202071,0.54668777151614,0.912481150339734,8,"Proteomics"
"FT6542NR","Cefozopran",NA,"Lactams","Beta lactams",1.07675741152399,FALSE,0.351585963779097,0.252051037557993,0.637994766899125,0.547038739419216,0.912481150339734,8,"Proteomics"
"FT4649NR","Citreoviridin C",NA,"Pyrans","Pyranones and derivatives",0.144662952525108,FALSE,-0.0588810147446523,0.251589194718099,0.636746671085119,0.547798350654421,0.912481150339734,8,"Proteomics"
"FT1317NR","trans-4-Hydroxycyclohexylacetic acid",NA,"Organooxygen compounds","Alcohols and polyols",0.738388659827874,FALSE,0.228350149156648,0.251557683343925,0.636661530883696,0.547850192406901,0.912481150339734,8,"Proteomics"
"FT3490NR","Dehydroepiandrosterone","C01227","Steroids and steroid derivatives","Androstane steroids",0.147110322721337,FALSE,-0.0356457896460151,0.250553072664323,0.63394831636162,0.549503872417277,0.912481150339734,8,"Proteomics"
"FT5840NR","LysoPC(17:1/0:0)",NA,"Glycerophospholipids","Glycerophosphocholines",1.22150628608138,FALSE,0.777004165530733,-0.249977272185425,-0.632394202107765,0.550452493800763,0.912481150339734,8,"Proteomics"
"FT0778PR","Isoindoline",NA,"Isoindoles and derivatives","Isoindoles",1.71401398238097,TRUE,0.965299382945214,0.248842662040448,0.629333925039836,0.552323448907949,0.912481150339734,8,"Proteomics"
"FT3228PR","C16 Sphinganine","C13915","Organonitrogen compounds","Amines",0.462019792744621,FALSE,-0.20490512663259,-0.248069780995465,-0.627250888325544,0.553599209233595,0.912481150339734,8,"Proteomics"
"FT4713PR","2-Ethylhexyl diphenyl phosphate",NA,"Organic phosphoric acids and derivatives","Phosphate esters",0.767455833860035,FALSE,0.302355925433917,0.247148540420003,0.624769666075134,0.555121222301806,0.912481150339734,8,"Proteomics"
"FT6734NR","PS(22:1/0:0)",NA,"Glycerophospholipids","Glycerophosphoserines",0.553427455810199,FALSE,0.172541930768549,0.247076098395967,0.624574631072173,0.55524096895062,0.912481150339734,8,"Proteomics"
"FT3876NR","5-methylthiopentyldesulfoglucosinolate",NA,"Organooxygen compounds","Carbohydrates and carbohydrate conjugates",0.481362598318494,FALSE,0.147789610030765,-0.246755296426983,-0.623711072843135,0.555771364248594,0.912481150339734,8,"Proteomics"
"FT1386NR","Indoxyl sulfate",NA,"Organic sulfuric acids and derivatives","Arylsulfates",0.527275554931071,FALSE,-0.243771468575101,-0.246268320719717,-0.62240061314554,0.556576843296926,0.912481150339734,8,"Proteomics"
"FT6140PR","(9Z,12Z,15Z,18Z,21Z)-Tetracosa-9,12,15,18,21-pentaenoylcarnitine",NA,"Fatty Acyls","Fatty acid esters",4.34417090085531,TRUE,5.28892182645012,0.24620486999599,0.622229903176841,0.556681823872376,0.912481150339734,8,"Proteomics"
"FT0163NR","Erythrono-1,4-lactone",NA,"Lactones","Gamma butyrolactones",0.0654085636020847,FALSE,0.0201823618204822,-0.246089064047085,-0.621918356897658,0.55687344528754,0.912481150339734,8,"Proteomics"
"FT4903NR","Agelin",NA,"Steroids and steroid derivatives","Pregnane steroids",0.333404729378011,FALSE,0.129975702658535,0.245977714707278,0.621618826721373,0.557057714383416,0.912481150339734,8,"Proteomics"
"FT3181PR","6-(1,2,3,4-Tetrahydroxybutyl)oxane-2,3,4,5-tetrol",NA,"Organooxygen compounds","Carbohydrates and carbohydrate conjugates",0.129228221889896,FALSE,-0.0125454793674202,-0.245748225723407,-0.621001583035102,0.557437557446474,0.912481150339734,8,"Proteomics"
"FT2165NR","5-Fluorouridine","C16633","Pyrimidine nucleosides","Unclassified",0.2696589720955,FALSE,-0.187653770818551,-0.245218150569834,-0.619576294117003,0.558315269944444,0.912481150339734,8,"Proteomics"
"FT1535PR","4-Hydroxyphenylglycine",NA,"Carboxylic acids and derivatives","Amino acids, peptides, and analogues",0.528997342114895,FALSE,0.212351256790547,0.244781683887308,0.618403147602428,0.559038347698699,0.912481150339734,8,"Proteomics"
"FT2054NR","MG(12:0/0:0/0:0)",NA,"Glycerolipids","Monoradylglycerols",0.557345669169706,FALSE,-0.187493189490519,-0.244763102476938,-0.618353212885434,0.55906913811469,0.912481150339734,8,"Proteomics"
"FT5486NR","Ser-Tyr-Phe",NA,"Carboxylic acids and derivatives","Amino acids, peptides, and analogues",0.191403912722676,FALSE,0.0857885378674962,0.244454995300757,0.617525327249155,0.559579775425011,0.912481150339734,8,"Proteomics"
"FT2082PR","8,9-Dihydroxy-1,5,6,10B-tetrahydropyrrolo[2,1-A]isoquinolin-3(2H)-one",NA,"Tetrahydroisoquinolines","Unclassified",0.48963182540331,FALSE,-0.157808073048418,-0.244431977186988,-0.617463485443988,0.559617930759929,0.912481150339734,8,"Proteomics"
"FT5408PR","Simvastatin",NA,"Lactones","Delta valerolactones",0.641583784194313,FALSE,0.352780614908963,0.244030938251349,0.616386208925161,0.560282848281104,0.912481150339734,8,"Proteomics"
"FT2764PR","S-3-oxodecanoyl cysteamine",NA,"Fatty Acyls","Fatty acyl thioesters",0.164334448239531,FALSE,-0.122793890499572,-0.243941839073796,-0.616146915119664,0.560430611197082,0.912481150339734,8,"Proteomics"
"FT0668PR","Aminomethanesulfonic acid",NA,"Organic sulfonic acids and derivatives","Organosulfonic acids and derivatives",0.985746201644385,FALSE,-0.311884762897603,-0.243771567225272,-0.61568966187899,0.560713029628058,0.912481150339734,8,"Proteomics"
"FT1452NR","3-Dehydroshikimate",NA,"Unclassified","Unclassified",1.62522409504866,FALSE,2.04923448722874,0.243714166038867,0.615535528619146,0.560808248342717,0.912481150339734,8,"Proteomics"
"FT2670NR","6-Azauridine",NA,"Organooxygen compounds","Carbohydrates and carbohydrate conjugates",2.85565374791466,FALSE,2.9227132145934,0.242566752163992,0.612455940854498,0.562712797835624,0.912481150339734,8,"Proteomics"
"FT4929NR","Dihydroferulic acid 4-O-glucuronide",NA,"Organooxygen compounds","Carbohydrates and carbohydrate conjugates",0.463134945105012,FALSE,0.182247193911282,-0.242449825047591,-0.612142269328852,0.562907007514351,0.912481150339734,8,"Proteomics"
"FT2547PR","1-(m-Methoxycinnamoyl)pyrrolidine",NA,"Cinnamic acids and derivatives","Hydroxycinnamic acids and derivatives",3.00125659348836,TRUE,3.78605219753851,-0.242392481357373,-0.611988448110162,0.563002260865303,0.912481150339734,8,"Proteomics"
"FT1509PR","2-Amino-3-(4-hydroxyphenyl)propanal",NA,"Benzene and substituted derivatives","Phenethylamines",1.20693271529783,TRUE,0.503718441761582,0.24222891092158,0.611549717065114,0.563273997906842,0.912481150339734,8,"Proteomics"
"FT3100PR","Amidantel",NA,"Benzene and substituted derivatives","Anilides",0.317162290642162,FALSE,-0.202466245653337,-0.241354574325497,-0.609205496760959,0.564727295091195,0.912481150339734,8,"Proteomics"
"FT3674PR","Panaquinquecol 4",NA,"Organooxygen compounds","Carbonyl compounds",0.088182762510295,FALSE,0.0180187957218924,0.241332752699396,0.609147010069612,0.564763583057082,0.912481150339734,8,"Proteomics"
"FT5485NR","Naltriben mesylate",NA,"Morphinans","Unclassified",0.436117489182509,FALSE,-0.179720946143504,0.241250450343261,0.608926430730461,0.564900453904728,0.912481150339734,8,"Proteomics"
"FT1115NR","Antipyrine","C13244","Azoles","Pyrazoles",0.110891115414134,FALSE,-0.00378120446498477,-0.240617274319366,-0.607229915602556,0.565953826979572,0.913124577325837,8,"Proteomics"
"FT7236NR","OHHdiA-PE",NA,"Glycerophospholipids","Glycerophosphoethanolamines",0.535172847454425,FALSE,0.178899792271049,-0.239691548228938,-0.604751029742407,0.567495122570679,0.914552833368238,8,"Proteomics"
"FT5712PR","LysoPE(0:0/16:1)",NA,"Glycerophospholipids","Glycerophosphoethanolamines",0.10695633265723,FALSE,-0.0111125623999853,-0.23852697938206,-0.60163506134419,0.569436143193759,0.914983932164438,8,"Proteomics"
"FT5985PR","LysoPE(0:0/18:0)",NA,"Glycerophospholipids","Glycerophosphoethanolamines",0.169820558641764,FALSE,-0.0280590950999377,-0.238266574078957,-0.600938687300581,0.569870481631137,0.914983932164438,8,"Proteomics"
"FT0821PR","butane-1,2,3,4-tetrol",NA,"Organooxygen compounds","Carbohydrates and carbohydrate conjugates",0.00659555496693495,FALSE,0.000237683623647702,-0.238253818857938,-0.600904580909321,0.569891759414617,0.914983932164438,8,"Proteomics"
"FT3902NR","13,14-Dihydroprostaglandin F2alpha",NA,"Fatty Acyls","Eicosanoids",0.00809330451569232,FALSE,-0.0193865515936691,0.2379563171586,0.600109179779536,0.57038811840093,0.914983932164438,8,"Proteomics"
"FT4616PR","ent-16beta-Methoxy-19-kauranoic acid",NA,"Prenol lipids","Diterpenoids",0.23284460216943,FALSE,-0.0856688662075015,-0.236124496855787,-0.595215555657546,0.573447648717731,0.918463204116019,8,"Proteomics"
"FT5724PR","FA(21:4;O6)",NA,"Fatty Acyls","Fatty acid esters",0.148488728995517,FALSE,0.164026288645195,0.235245153984882,0.592868822895628,0.574918334377617,0.918463204116019,8,"Proteomics"
"FT0164NR","Hydantoin","C05146","Azoles","Imidazoles",0.0772931155605591,FALSE,-0.00665361117360214,-0.235064651856783,-0.592387301506029,0.575220380610646,0.918463204116019,8,"Proteomics"
"FT2921PR","7,8-Dihydroneopterin","C04874","Pteridines and derivatives","Pterins and derivatives",0.0754957852447229,FALSE,0.0237668990812654,0.234496927151934,0.590873217926015,0.576170745756398,0.918463204116019,8,"Proteomics"
"FT3032NR","[(2R,3S,5R)-5-(2,4-Dioxopyrimidin-1-yl)-3-hydroxyoxolan-2-yl]methoxy-fluorophosphinic acid",NA,"Pyrimidine nucleosides","Pyrimidine 2'-deoxyribonucleosides",0.734847404075601,FALSE,-0.398828249082134,0.234176789606165,0.590019714858952,0.576706888896514,0.918463204116019,8,"Proteomics"
"FT7096PR","Cer(m18:0/24:1)",NA,"Fatty Acyls","Fatty amides",0.677105050458915,FALSE,0.935928871050771,-0.234102499975645,-0.589821683947938,0.576831328109247,0.918463204116019,8,"Proteomics"
"FT3565NR","Imidazoleacetic acid ribotide","C04437","Organooxygen compounds","Carbohydrates and carbohydrate conjugates",0.607101564360039,FALSE,0.156129264454713,0.233555143789899,0.588362955020461,0.577748461964881,0.918463204116019,8,"Proteomics"
"FT3050PR","3-[4-(sulfooxy)phenyl]propanoic acid",NA,"Organic sulfuric acids and derivatives","Arylsulfates",0.569790857023222,FALSE,0.559621390653565,0.233455858714358,0.588098419255127,0.577914874297356,0.918463204116019,8,"Proteomics"
"FT4919NR","Dodec-2-enedioylcarnitine",NA,"Fatty Acyls","Fatty acid esters",0.232969850830144,FALSE,-0.106969366672735,0.232840483881911,0.586459244327764,0.578946671672062,0.918463204116019,8,"Proteomics"
"FT1061PR","p-Octopamine","C04227","Phenols","1-hydroxy-2-unsubstituted benzenoids",1.21117433564934,FALSE,0.491875267040417,0.232443847879861,0.585403119281888,0.579612041794608,0.918463204116019,8,"Proteomics"
"FT1819NR","3-(4-Fluorobenzoyl)propionic acid",NA,"Organooxygen compounds","Carbonyl compounds",0.206117421141269,FALSE,-0.0767928923565551,-0.232329087135431,-0.585097602783333,0.579804605180844,0.918463204116019,8,"Proteomics"
"FT5585PR","Euchretin B",NA,"Isoflavonoids","Isoflav-2-enes",1.17720318495343,FALSE,1.32177917015256,0.231824131214277,0.58375361382826,0.580652156378348,0.918761754814321,8,"Proteomics"
"FT6333NR","Cytochalasin H",NA,"Cytochalasans","Unclassified",0.987777376000251,FALSE,-0.426793068157086,0.231005623781803,0.581576135972303,0.582026883793946,0.919825042025438,8,"Proteomics"
"FT3995PR","7-Methylguanosine",NA,"Purine nucleosides","Unclassified",0.617278933555039,FALSE,0.256890401474827,0.230415388784355,0.580006741770385,0.583018897389355,0.919825042025438,8,"Proteomics"
"FT3993NR","N-Arachidonoylglycine",NA,"Carboxylic acids and derivatives","Amino acids, peptides, and analogues",0.058187119953774,FALSE,-0.00227019103237357,-0.230246006472676,-0.579556490813256,0.583303685186863,0.919825042025438,8,"Proteomics"
"FT4131NR","Ribavirin monophosphate",NA,"Triazole ribonucleosides and ribonucleotides","Unclassified",0.43495433414999,FALSE,0.254317636521332,-0.229141202281954,-0.576621069787936,0.585162376794695,0.921245484888119,8,"Proteomics"
"FT2341NR","Chlormezanone",NA,"Benzene and substituted derivatives","Halobenzenes",0.721460413098231,FALSE,-0.251505516571868,-0.228925094370998,-0.576047155098509,0.585526183365046,0.921245484888119,8,"Proteomics"
"FT6468PR","PC(20:3(8Z,11Z,14Z)/0:0)",NA,"Glycerophospholipids","Glycerophosphocholines",0.329334784300249,FALSE,0.0928389780590456,0.228301913723409,0.574392686085981,0.586575701231746,0.92137436256367,8,"Proteomics"
"FT1295NR","Thioguanine","C07648","Imidazopyrimidines","Purines and purine derivatives",0.130403644710758,FALSE,-0.0824992342613206,-0.228089808261011,-0.573829741842513,0.586933058473697,0.92137436256367,8,"Proteomics"
"FT1356NR","3-Carbamoyl-2-phenylpropionic acid","C16591","Benzene and substituted derivatives","Unclassified",0.113255448379393,FALSE,-0.00910934339316946,-0.227468652776365,-0.572181642687432,0.587980006424735,0.92137436256367,8,"Proteomics"
"FT3311PR","gamma-Glutamylmethionine",NA,"Carboxylic acids and derivatives","Amino acids, peptides, and analogues",1.86300700403971,TRUE,0.975650918087898,0.227307384074959,0.571753872278894,0.588251924448828,0.92137436256367,8,"Proteomics"
"FT5206PR","5beta-Cholane-3alpha,24-diol",NA,"Steroids and steroid derivatives","Bile acids, alcohols and derivatives",0.148120037957745,FALSE,0.032966209524366,-0.226136268710576,-0.568648936392863,0.590227822562266,0.923431632605835,8,"Proteomics"
"FT7910PR","PE(22:6-OH/22:1)",NA,"Glycerophospholipids","Glycerophosphoethanolamines",1.09107143629958,FALSE,0.376047532070382,0.22547478459879,0.566896317005483,0.591344850263212,0.923679352382002,8,"Proteomics"
"FT1666PR","Citrulline","C00327","Carboxylic acids and derivatives","Amino acids, peptides, and analogues",0.268485422704967,FALSE,0.0573612277114136,0.224995963454162,0.565628183443612,0.592153858974312,0.923679352382002,8,"Proteomics"
"FT4318PR","Juglone glucoside",NA,"Organooxygen compounds","Carbohydrates and carbohydrate conjugates",0.0574934750971185,FALSE,0.0501292995522987,-0.22484843923566,-0.565237560053788,0.592403187632534,0.923679352382002,8,"Proteomics"
"FT4598PR","N-(4-Methoxy-3-phenethoxyphenethyl)-N-propylpropan-1-amine",NA,"Benzene and substituted derivatives","Phenethylamines",0.60143828279398,FALSE,-0.317213654600653,-0.224473750815404,-0.564245621752467,0.59303659998701,0.923679352382002,8,"Proteomics"
"FT2927NR","hexadecane-1,2-diol",NA,"Fatty Acyls","Fatty alcohols",0.939234190979054,FALSE,0.266332530148162,0.224017897835932,0.563039166251701,0.593807523980262,0.923847866549649,8,"Proteomics"
"FT7903PR","Cyclotricuspidoside C",NA,"Prenol lipids","Terpene glycosides",0.0567629840951648,FALSE,-0.0680828353462028,0.22312186447935,0.560668867255702,0.59532383293147,0.924586830793991,8,"Proteomics"
"FT5848PR","LysoPC(0:0/14:0)",NA,"Glycerophospholipids","Glycerophosphocholines",0.0684861936520427,FALSE,-0.000426661655435957,-0.22274509786983,-0.559672644416495,0.595961796287332,0.924586830793991,8,"Proteomics"
"FT3308PR","5-hydroxyindole thiazolidine carboxylate",NA,"Carboxylic acids and derivatives","Amino acids, peptides, and analogues",0.860046810323747,FALSE,0.517600909335848,0.222187191550272,0.5581979477264,0.5969068899018,0.924586830793991,8,"Proteomics"
"FT6590NR","Uridine diphosphategalactose","C00052","Pyrimidine nucleotides","Pyrimidine nucleotide sugars",1.22629279555493,TRUE,-0.541886220749871,-0.222170281315135,-0.558153258434922,0.596935543554226,0.924586830793991,8,"Proteomics"
"FT4423NR","(4-Ethylnaphthalen-1-yl)[1-(5-fluoropentyl)-1H-indol-3-yl]methanone",NA,"Indoles and derivatives","Naphthoylindoles",0.215132131815698,FALSE,-0.0917446574942161,-0.220952857478135,-0.554937317319846,0.598999603143327,0.926754102976469,8,"Proteomics"
"FT0252NR","2,5-dioxopentanoic acid","C00433","Keto acids and derivatives","Short-chain keto acids and derivatives",0.495521428695269,FALSE,-0.128316549066484,0.220373250971807,0.553407190936891,0.599983108277593,0.927091073399255,8,"Proteomics"
"FT2793NR","4-Ethylphenol glucuronide",NA,"Organooxygen compounds","Carbohydrates and carbohydrate conjugates",0.68684012142043,FALSE,-0.217011312811886,-0.220040769775463,-0.552529738755104,0.600547517417165,0.927091073399255,8,"Proteomics"
"FT4666PR","Anacardic acid",NA,"Benzene and substituted derivatives","Benzoic acids and derivatives",0.110980096426693,FALSE,0.00155293319194635,-0.218620677610469,-0.548784242273048,0.602960170478377,0.929508950772096,8,"Proteomics"
"FT0834NR","Benzeneacetonitrile","C16074","Benzene and substituted derivatives","Benzyl cyanides",0.584185248989553,FALSE,-0.206669305191019,-0.21833336048734,-0.548026889017354,0.603448688924668,0.929508950772096,8,"Proteomics"
"FT5070NR","14-Epi-19-nortachysterol",NA,"Steroids and steroid derivatives","Vitamin D and derivatives",1.70080546333608,TRUE,0.780665156369514,0.217942104727313,0.546995799421943,0.604114138737101,0.929508950772096,8,"Proteomics"
"FT1467NR","3-[[(2S)-2,4-Dihydroxy-3,3-dimethylbutanoyl]amino]propanoic acid",NA,"Carboxylic acids and derivatives","Amino acids, peptides, and analogues",0.992212767571347,FALSE,0.396477116216129,0.216500252330924,0.543198422332613,0.60656850327642,0.932050033810723,8,"Proteomics"
"FT2362NR","D-Glucuronic acid 1-phosphate","C05385","Organooxygen compounds","Carbohydrates and carbohydrate conjugates",0.614562913184714,FALSE,0.324519871394629,0.216186568891615,0.542372775672353,0.607102891463512,0.932050033810723,8,"Proteomics"
"FT4557PR","Siegesbeckin F",NA,"Hydroxy acids and derivatives","Beta hydroxy acids and derivatives",0.121102244967348,FALSE,-0.0689163703167034,-0.214613585029088,-0.53823517297415,0.609784901576471,0.935137681845545,8,"Proteomics"
"FT0633PR","2,3-Diaminopyridine",NA,"Pyridines and derivatives","Aminopyridines and derivatives",1.10589964787929,FALSE,0.591677383193332,-0.214179494523855,-0.537094108821052,0.610525715887371,0.93524488785384,8,"Proteomics"
"FT1620PR","Arecoline","C10129","Unclassified","Unclassified",0.497046788883979,FALSE,0.24616739991663,-0.212775627130636,-0.533406137372893,0.612923515902283,0.937887355837303,8,"Proteomics"
"FT2248NR","Ethylenedicysteine",NA,"Carboxylic acids and derivatives","Amino acids, peptides, and analogues",0.46441729718134,FALSE,0.179362533508732,-0.212162153865494,-0.531795625953621,0.613972269667569,0.938461999908543,8,"Proteomics"
"FT3695PR","Ipriflavone","D01338","Isoflavonoids","Isoflav-2-enes",0.00573188343660923,FALSE,-0.000636065521003264,0.211719777694094,0.530634693270204,0.61472888200693,0.938589333535224,8,"Proteomics"
"FT1215PR","4-Guanidinobutanoic acid","C01035","Carboxylic acids and derivatives","Amino acids, peptides, and analogues",0.0526838006010519,FALSE,-0.00368038142722132,-0.210161686534795,-0.526548490731749,0.617396102961404,0.941022348115419,8,"Proteomics"
"FT5102NR","Cholestenone","C00599","Steroids and steroid derivatives","Cholestane steroids",0.118451927819693,FALSE,-0.0282072632242859,-0.209387573361591,-0.524519888199996,0.618722631419409,0.941022348115419,8,"Proteomics"
"FT4128NR","Sedoheptulose 1,7-bisphosphate","C00447","Organooxygen compounds","Carbohydrates and carbohydrate conjugates",1.0723505092177,TRUE,0.508631689375134,0.209115130356967,0.523806183211892,0.619189706833581,0.941022348115419,8,"Proteomics"
"FT6718NR","LysoPS(22:2/0:0)",NA,"Glycerophospholipids","Glycerophosphoserines",0.597385156816195,FALSE,0.201113645093432,0.208919810476013,0.523294592233921,0.619524631131806,0.941022348115419,8,"Proteomics"
"FT7540PR","Quercetin 3-rhamnosyl-(1->2)-glucosyl-(1->6)-galactoside",NA,"Flavonoids","Flavonoid glycosides",0.738436535623879,FALSE,0.311329564033281,-0.208652650992237,-0.522594941628174,0.619982834781925,0.941022348115419,8,"Proteomics"
"FT7472NR","Mulberrofuran E",NA,"2-arylbenzofuran flavonoids","Unclassified",0.940944571351794,FALSE,0.358303561858047,0.208260093281842,0.521567113737855,0.620656301967365,0.941022348115419,8,"Proteomics"
"FT1893PR","(1R,2R,4R,5S)-(+)-p-Menthane-2,5-diol",NA,"Organooxygen compounds","Alcohols and polyols",0.0260934165451618,FALSE,0.0345531539291974,0.206588861753362,0.517194294830384,0.623526018257399,0.941022348115419,8,"Proteomics"
"FT4077PR","Androstane-3,11-dione, (5beta), 17beta-hydroxy-17alpha-methyl-,",NA,"Steroids and steroid derivatives","Androstane steroids",0.117753020709416,FALSE,-0.0673473244969688,0.206536267270396,0.517056757048886,0.623616397048825,0.941022348115419,8,"Proteomics"
"FT0897NR","Phosphodimethylethanolamine","C13482","Organic phosphoric acids and derivatives","Phosphate esters",0.15474699079846,FALSE,0.0303705076920629,-0.206356019518514,-0.516585433688875,0.62392616737906,0.941022348115419,8,"Proteomics"
"FT2128PR","Cysteinyl-Threonine",NA,"Carboxylic acids and derivatives","Amino acids, peptides, and analogues",0.0711960528953764,FALSE,-0.0861031797979692,-0.206098062850514,-0.515911007621121,0.624369570500677,0.941022348115419,8,"Proteomics"
"FT4031PR","Androst-4-ene-3, 17.beta.-hydroxy-17-methyl-",NA,"Steroids and steroid derivatives","Androstane steroids",0.174368388991559,FALSE,-0.0493394495707323,0.205846850727146,0.515254323085491,0.624801475046667,0.941022348115419,8,"Proteomics"
"FT4293NR","10,12-Pentacosanedione",NA,"Organooxygen compounds","Carbonyl compounds",0.678488721445119,FALSE,-0.267527047030204,0.204892780571791,0.512761290561896,0.626442640095952,0.941022348115419,8,"Proteomics"
"FT1798PR","Dodecylamine",NA,"Organonitrogen compounds","Amines",0.800636377934107,FALSE,-0.393157631261638,-0.204305142765553,-0.511226523674611,0.627454145606669,0.941022348115419,8,"Proteomics"
"FT7310PR","PE(20:3-OH/P-16:0)",NA,"Glycerophospholipids","Glycerophosphoethanolamines",0.895533230009096,FALSE,-0.486100010186938,-0.204121899662949,-0.510748055361708,0.62776966714909,0.941022348115419,8,"Proteomics"
"FT1804NR","2-Phenyl-1,3-propanediol monocarbamate","C16586","Benzene and substituted derivatives","Unclassified",0.169669608575181,FALSE,0.0726026407388481,-0.203905861457841,-0.510184027306776,0.628141721001464,0.941022348115419,8,"Proteomics"
"FT2989PR","Car(6:0)",NA,"Fatty Acyls","Fatty acid esters",2.26577880677495,TRUE,1.5903234483011,0.20342550560172,0.508930202767318,0.628969219026935,0.941022348115419,8,"Proteomics"
"FT4369NR","N-palmitoyl glutamine",NA,"Carboxylic acids and derivatives","Amino acids, peptides, and analogues",1.20353997830654,TRUE,0.612088124733966,-0.20222405632838,-0.505795856825761,0.631040404183725,0.941022348115419,8,"Proteomics"
"FT0158PR","1,2,3,4-Tetrazine",NA,"Tetrazines","Unclassified",0.435088265155383,FALSE,-0.143138653246218,0.201095089637162,0.502852774012891,0.63298854999037,0.941022348115419,8,"Proteomics"
"FT1267NR","5-Acetyl-2,4-dimethylthiazole",NA,"Azoles","Thiazoles",0.593266680135806,FALSE,-0.263201562973536,-0.199651398782364,-0.499092283155175,0.635482470353893,0.941022348115419,8,"Proteomics"
"FT1316PR","6,8-Dihydroxypurine",NA,"Imidazopyrimidines","Purines and purine derivatives",0.233182387911368,FALSE,0.0544184444647619,0.199366509067398,0.49835061020075,0.635974960995575,0.941022348115419,8,"Proteomics"
"FT5944PR","1alpha-hydroxy-18-(5-hydroxy-5-methylhexyloxy)-23,24,25,26,27-pentanorvitamin D3",NA,"Steroids and steroid derivatives","Vitamin D and derivatives",4.15492800204528,TRUE,5.15641269978224,0.19901619744728,0.497438800278719,0.636580706627913,0.941022348115419,8,"Proteomics"
"FT3393PR","N-(1-Deoxy-1-fructosyl)threonine",NA,"Organooxygen compounds","Carbohydrates and carbohydrate conjugates",1.03292905739731,FALSE,0.454063510857547,-0.198510700736873,-0.496123416117231,0.637455102460082,0.941022348115419,8,"Proteomics"
"FT2445NR","FA(18:3)",NA,"Fatty Acyls","Fatty acids and conjugates",1.1742722220799,FALSE,0.44606144511733,0.198350055200149,0.49570547682548,0.637733059739372,0.941022348115419,8,"Proteomics"
"FT4716NR","Asp-Trp-Ser",NA,"Carboxylic acids and derivatives","Amino acids, peptides, and analogues",0.0591219532908577,FALSE,0.0303670690726652,-0.198159581990598,-0.495209991024273,0.638062674198511,0.941022348115419,8,"Proteomics"
"FT3368PR","gamma-L-Glutamyl-L-pipecolic acid",NA,"Carboxylic acids and derivatives","Amino acids, peptides, and analogues",2.04432543128044,FALSE,1.4956957057536,0.197782297694613,0.494228718176278,0.638715718683367,0.941022348115419,8,"Proteomics"
"FT2991PR","Leucyl-Lysine",NA,"Carboxylic acids and derivatives","Amino acids, peptides, and analogues",0.417401320588891,FALSE,0.125148901742812,0.197449385730603,0.493363042491973,0.639292127244859,0.941022348115419,8,"Proteomics"
"FT2323PR","AKOS014841030",NA,"Peptidomimetics","Hybrid peptides",0.728608211305957,FALSE,0.349938141443562,-0.195925391760729,-0.489402441586671,0.641932802272527,0.941022348115419,8,"Proteomics"
"FT1848PR","4-Aminophenyl hydrogen sulfate",NA,"Organic sulfuric acids and derivatives","Arylsulfates",1.10264224691151,FALSE,-0.487559069507421,-0.195807034925846,-0.489095007081036,0.642138020733149,0.941022348115419,8,"Proteomics"
"FT3001PR","2-Keto-3-Deoxy-D-Mannooctanoic Acid",NA,"Organooxygen compounds","Carbohydrates and carbohydrate conjugates",0.258442481504623,FALSE,-0.111281358096718,0.1957530747837,0.488954851791469,0.64223158858238,0.941022348115419,8,"Proteomics"
"FT2367NR","Thalidomide arene oxide",NA,"Isoindoles and derivatives","Isoindolines",0.880268958090523,FALSE,0.289088639764614,0.195308217573952,0.487799561973721,0.643003135476122,0.941022348115419,8,"Proteomics"
"FT2401NR","(2S,3'S)-alpha-Amino-2-carboxy-5-oxo-1-pyrrolidinebutanoic acid",NA,"Carboxylic acids and derivatives","Amino acids, peptides, and analogues",0.259415304930082,FALSE,-0.0717308773205871,0.194770001434236,0.486402238311578,0.643936973958634,0.941022348115419,8,"Proteomics"
"FT2428PR","3'-Amino-3'-deoxythimidine",NA,"Pyrimidine nucleosides","Pyrimidine 2',3'-dideoxyribonucleosides",1.00497884756019,FALSE,-0.321230037637837,-0.194724388928699,-0.486283839551127,0.644016133219916,0.941022348115419,8,"Proteomics"
"FT1188NR","5,6-Dihydroxyindole-2-carboxylic acid","C04185","Indoles and derivatives","Indolecarboxylic acids and derivatives",0.329141764163281,FALSE,0.134268872123166,0.194073995205056,0.484595934921774,0.645145191532241,0.941022348115419,8,"Proteomics"
"FT4010PR","Pristanic acid",NA,"Prenol lipids","Diterpenoids",0.143876313754685,FALSE,-0.00610461886653342,0.193590139639703,0.483340661762018,0.645985530523443,0.941022348115419,8,"Proteomics"
"FT1891NR","Sedoheptulose","C08355","Organooxygen compounds","Carbohydrates and carbohydrate conjugates",1.14960606436195,FALSE,0.395988581760462,0.193430059548919,0.482925444498846,0.646263622625753,0.941022348115419,8,"Proteomics"
"FT4855NR","N-Docosahexaenoyl GABA",NA,"Carboxylic acids and derivatives","Amino acids, peptides, and analogues",0.784245970507234,FALSE,0.313891314599099,-0.192861109065639,-0.481450019322145,0.64725229627023,0.941022348115419,8,"Proteomics"
"FT0772PR","L-Threonine","C00188","Carboxylic acids and derivatives","Amino acids, peptides, and analogues",0.529486825097535,FALSE,0.223850287138848,0.192158631506285,0.479629022003107,0.648473623676641,0.941022348115419,8,"Proteomics"
"FT4439NR","Adunctin C",NA,"Linear 1,3-diarylpropanoids","Chalcones and dihydrochalcones",1.16237215056455,FALSE,0.377566539451297,0.190745996838653,0.47596943426491,0.650931701342551,0.941022348115419,8,"Proteomics"
"FT5389PR","12-Hydroxyhexadecanoylcarnitine",NA,"Fatty Acyls","Fatty acid esters",0.131690966756927,FALSE,0.0574075772721809,-0.190462602463475,-0.475235639942336,0.651425158180879,0.941022348115419,8,"Proteomics"
"FT2089PR","11-amino-undecanoic acid","C19325","Fatty Acyls","Fatty acids and conjugates",0.82152565506868,FALSE,-0.378063291457419,-0.19044311871472,-0.475185195116412,0.651459088073374,0.941022348115419,8,"Proteomics"
"FT6303NR","5,7-Dihydroxy-8,3',4',5'-tetramethoxyflavone 6-C-glucoside",NA,"Flavonoids","Flavonoid glycosides",0.732669041980223,FALSE,0.461883321261281,0.190420898397592,0.475127665829441,0.651497784189169,0.941022348115419,8,"Proteomics"
"FT3664NR","10Z-Nonadecenoic acid",NA,"Fatty Acyls","Fatty acids and conjugates",0.155587287650211,FALSE,0.0387576631823331,-0.190200754767017,-0.474557746116657,0.651881195415792,0.941022348115419,8,"Proteomics"
"FT4055PR","4-hydroxysphinganine",NA,"Organonitrogen compounds","Amines",0.78395687941454,FALSE,-0.377170143254302,-0.190102716512973,-0.47430396330239,0.652051964331086,0.941022348115419,8,"Proteomics"
"FT5147PR","(10Z)-12-Hydroxyhexadecenoylcarnitine",NA,"Fatty Acyls","Fatty acid esters",0.565457754333748,FALSE,-0.445987879182387,-0.189910465009964,-0.473806341850878,0.65238687787974,0.941022348115419,8,"Proteomics"
"FT1566NR","L-Glutamic acid 5-phosphate","C03287","Carboxylic acids and derivatives","Amino acids, peptides, and analogues",0.40288282465247,FALSE,0.159786931024578,-0.18990928591084,-0.47380329005957,0.652388932097135,0.941022348115419,8,"Proteomics"
"FT3989PR","Cyclopropyl-methoxycarbonyl metomidate",NA,"Azoles","Imidazoles",0.284230456880288,FALSE,-0.0772471693486537,-0.189027136486793,-0.471520670714373,0.653926340171218,0.941022348115419,8,"Proteomics"
"FT4389NR","N-Palmitoyl Glutamic acid",NA,"Carboxylic acids and derivatives","Amino acids, peptides, and analogues",0.455115403270757,FALSE,0.124679641095982,0.188709788581447,0.470699802145145,0.654479673830536,0.941022348115419,8,"Proteomics"
"FT3472NR","Indole-3-acetic-acid-O-glucuronide",NA,"Organooxygen compounds","Carbohydrates and carbohydrate conjugates",1.72345560265466,FALSE,2.30579756899582,-0.188604491310087,-0.470427468555839,0.654663302476803,0.941022348115419,8,"Proteomics"
"FT3195PR","2-amino-hexadecanoic acid",NA,"Fatty Acyls","Fatty acids and conjugates",0.564234662299497,FALSE,-0.205292610459219,-0.187325149299757,-0.46712000735117,0.656895561917409,0.941022348115419,8,"Proteomics"
"FT3800NR","Biapenem",NA,"Lactams","Beta lactams",0.408778017503716,FALSE,0.145657906117065,-0.186644255246069,-0.465360709231108,0.65808452524577,0.941022348115419,8,"Proteomics"
"FT6274NR","LysoPA(22:4/0:0)",NA,"Glycerophospholipids","Glycerophosphates",0.505155417458906,FALSE,0.288580664622782,-0.186630486400527,-0.465325140383112,0.658108574591839,0.941022348115419,8,"Proteomics"
"FT5859PR","Cepagenin",NA,"Prenol lipids","Triterpenoids",0.00250467594921436,FALSE,0.00161373501722836,-0.186112514876592,-0.463987278622102,0.659013475144829,0.941022348115419,8,"Proteomics"
"FT3119NR","3-(1-Azatricyclo[7.3.1.05,13]trideca-5,7,9(13)-trien-7-yl)-2-cyanoprop-2-enoic acid",NA,"Quinolines and derivatives","Hydroquinolines",0.366760515780711,FALSE,-0.143648945883572,-0.185487398779613,-0.462373208098309,0.660106039505311,0.941022348115419,8,"Proteomics"
"FT3773NR","Carbocyclic Thromboxane A2",NA,"Fatty Acyls","Fatty acids and conjugates",0.0315568151880007,FALSE,0.0369139832967983,-0.184685483843985,-0.460303488031339,0.661508377418735,0.941022348115419,8,"Proteomics"
"FT1649PR","L-Arginine","C00062","Carboxylic acids and derivatives","Amino acids, peptides, and analogues",0.0820364124665451,FALSE,0.00153453699439785,-0.184622613752994,-0.46014126238194,0.661618357056441,0.941022348115419,8,"Proteomics"
"FT2973PR","FA(17:6)",NA,"Fatty Acyls","Fatty acids and conjugates",0.516043922314737,FALSE,0.289900512074963,-0.184396354930226,-0.459557488089212,0.662014198904455,0.941022348115419,8,"Proteomics"
"FT4166PR","Farnesylcysteine","C19691","Prenol lipids","Sesquiterpenoids",0.0681669377787018,FALSE,-0.00624664288017261,-0.184017629344259,-0.458580500872435,0.662676935736856,0.941022348115419,8,"Proteomics"
"FT2214NR","(E)-4-[5-(4-Hydroxyphenoxy)-3-penten-1-ynyl]phenol",NA,"Phenols","4-alkoxyphenols",0.349783211169894,FALSE,-0.105999732997535,-0.183776660674493,-0.457958991183206,0.663098709527698,0.941022348115419,8,"Proteomics"
"FT1345NR","Garcinia acid",NA,"Carboxylic acids and derivatives","Tricarboxylic acids and derivatives",0.0428430774895379,FALSE,0.0832863275361618,-0.182639358661988,-0.455026797449702,0.665090401312551,0.941022348115419,8,"Proteomics"
"FT2785PR","Heptyl cinnamate",NA,"Cinnamic acids and derivatives","Cinnamic acid esters",1.19400942663652,FALSE,0.675452314449331,0.182524664505415,0.454731197926559,0.665291353844188,0.941022348115419,8,"Proteomics"
"FT0248NR","3-Hydroxy-4-aminopyridine",NA,"Pyridines and derivatives","Aminopyridines and derivatives",1.54095773071653,TRUE,0.766081739247765,0.182519675772827,0.454718340977072,0.665300094862845,0.941022348115419,8,"Proteomics"
"FT2264NR","N'-Benzoyl-N,N'-dimethylbenzohydrazide",NA,"Benzene and substituted derivatives","Benzoic acids and derivatives",0.478395124219575,FALSE,-0.162444480154967,-0.181851206223696,-0.452995891005498,0.666471652766103,0.941022348115419,8,"Proteomics"
"FT0227NR","Malonic acid","C00383","Carboxylic acids and derivatives","Dicarboxylic acids and derivatives",0.144094908172908,FALSE,0.0908166997875453,-0.181581518265652,-0.452301168271538,0.666944474089435,0.941022348115419,8,"Proteomics"
"FT3017NR","Epinephrine sulfoconjugate",NA,"Organic sulfuric acids and derivatives","Arylsulfates",0.827622527257504,FALSE,0.314270695013014,0.181356442770211,0.451721449124847,0.667339153449508,0.941022348115419,8,"Proteomics"
"FT2761PR","Asperitaconic acid C",NA,"Keto acids and derivatives","Medium-chain keto acids and derivatives",0.938954039009564,FALSE,1.33359541030781,-0.181122190360778,-0.451118171267769,0.667749995683262,0.941022348115419,8,"Proteomics"
"FT6419NR","Armochaetoglasin K",NA,"Indoles and derivatives","Indoles",0.0712031348703361,FALSE,-0.0284836605751048,-0.181076238555932,-0.450999839406258,0.667830596451729,0.941022348115419,8,"Proteomics"
"FT6455PR","LysoPC(0:0/20:4)",NA,"Glycerophospholipids","Glycerophosphocholines",0.330732409205966,FALSE,0.12883892494866,-0.180735277873455,-0.450121916733985,0.668428737753948,0.941022348115419,8,"Proteomics"
"FT1612PR","D-Arabinose",NA,"Organooxygen compounds","Carbohydrates and carbohydrate conjugates",0.0993419518193267,FALSE,0.00400376402691405,0.180592813855565,0.4497551429479,0.668678705032159,0.941022348115419,8,"Proteomics"
"FT6823NR","(25R)-3alpha,7alpha-dihydroxy-5beta-cholestan-27-oyl taurine",NA,"Steroids and steroid derivatives","Bile acids, alcohols and derivatives",0.912700241850724,FALSE,0.310128569840147,0.180102029306116,0.448491841408123,0.669540038787711,0.941022348115419,8,"Proteomics"
"FT1320PR","N1-Methyl-4-pyridone-3-carboxamide","C05843","Pyridines and derivatives","Pyridinecarboxylic acids and derivatives",0.539498658486658,FALSE,0.171536072703682,-0.1798975144047,-0.447965513086108,0.669899058272559,0.941022348115419,8,"Proteomics"
"FT3950NR","FA(24:5)",NA,"Fatty Acyls","Fatty acids and conjugates",1.11144561300281,FALSE,0.393105712221016,0.17958719196858,0.447166998930917,0.670443923833937,0.941022348115419,8,"Proteomics"
"FT1660NR","1-(2-Hydroxyethyl)-2-hydroxymethyl-5-nitroimidazole",NA,"Azoles","Imidazoles",1.32849673569202,TRUE,0.541763495318698,0.17921061866624,0.446198194887144,0.671105281533062,0.941022348115419,8,"Proteomics"
"FT1420PR","1,5-Naphthalenediamine","C19463","Naphthalenes","Unclassified",0.921549731527459,FALSE,0.318195270099716,0.178579762262416,0.444575654636166,0.672213637704923,0.941022348115419,8,"Proteomics"
"FT3638PR","Tyrosyl-Leucine",NA,"Carboxylic acids and derivatives","Amino acids, peptides, and analogues",0.324938078209549,FALSE,-0.228568546273118,-0.178307111809889,-0.443874582775782,0.67269281906134,0.941022348115419,8,"Proteomics"
"FT3351NR","NAC","C11486","Benzene and substituted derivatives","Anilides",1.07606015962759,FALSE,-0.56396505739147,-0.178252957254272,-0.443735346600577,0.672788006794475,0.941022348115419,8,"Proteomics"
"FT3697NR","Sitostanol-beta",NA,"Carboxylic acids and derivatives","Amino acids, peptides, and analogues",0.345307568553481,FALSE,0.0840992075696004,-0.178248959044822,-0.443725067013861,0.672795034617706,0.941022348115419,8,"Proteomics"
"FT7344PR","SM(d18:0/18:1(11Z))",NA,"Sphingolipids","Phosphosphingolipids",1.05351145181133,FALSE,-0.927340473721267,-0.178151388955086,-0.443474216705652,0.672966544137449,0.941022348115419,8,"Proteomics"
"FT1540NR","1-[3,4-Dihydroxy-5-(hydroxymethyl)oxolan-2-yl]-4-hydroxyhydropyridin-2-one",NA,"Organooxygen compounds","Carbohydrates and carbohydrate conjugates",0.807326937811629,FALSE,-0.399067514639236,0.177998469524344,0.443081091774189,0.673235371967281,0.941022348115419,8,"Proteomics"
"FT0811NR","D-Tagatose","C00795","Organooxygen compounds","Carbohydrates and carbohydrate conjugates",0.390895712063628,FALSE,0.117811522038465,0.177517430114073,0.441844652739796,0.674081221998202,0.941022348115419,8,"Proteomics"
"FT2821PR","2',3'-Didehydro-2',3'-dideoxyguanosine",NA,"Imidazopyrimidines","Purines and purine derivatives",0.4540445651513,FALSE,0.197084311189683,-0.176292276085307,-0.438697054286203,0.676236854132828,0.941022348115419,8,"Proteomics"
"FT3700PR","Spiroxamine","C11124","Organooxygen compounds","Ethers",1.00205083423351,FALSE,-0.46262329042717,0.176021223444072,0.438000965585949,0.676714025632898,0.941022348115419,8,"Proteomics"
"FT7203NR","3,4-Dihydrospheroidenone",NA,"Prenol lipids","Tetraterpenoids",0.947989227769396,FALSE,0.289678995290047,0.174602596002444,0.43435946970813,0.679212962056837,0.941022348115419,8,"Proteomics"
"FT7867PR","PC(18:0/22:5)","C00157","Glycerophospholipids","Glycerophosphocholines",0.631124546253301,FALSE,-0.26712884801737,0.174551483162231,0.434228319627751,0.679303046000619,0.941022348115419,8,"Proteomics"
"FT7030PR","LPS(O-27:2;O/0:0)",NA,"Glycerophospholipids","Glycerophosphoserines",0.229706736699201,FALSE,-0.0556482524633867,-0.174544950665961,-0.434211558202068,0.679314559452821,0.941022348115419,8,"Proteomics"
"FT6313PR","LysoPE(0:0/22:6)",NA,"Glycerophospholipids","Glycerophosphoethanolamines",0.202430156647008,FALSE,-0.042502549639825,-0.17323997947246,-0.430864376314447,0.681615640284064,0.941022348115419,8,"Proteomics"
"FT0349NR","Succinic acid","C00042","Carboxylic acids and derivatives","Dicarboxylic acids and derivatives",0.0271170707083087,FALSE,-0.0258533506640689,-0.173225933600997,-0.430828362161943,0.681640419341521,0.941022348115419,8,"Proteomics"
"FT2761NR","(S)-2-Methyl-1-butanol O-beta-D-Glucopyranoside",NA,"Fatty Acyls","Fatty acyl glycosides",2.10332440275017,FALSE,-1.97634068604403,-0.172632852409604,-0.429307926265211,0.682686931580206,0.941022348115419,8,"Proteomics"
"FT6405NR","catechin 3-tetradecanoate",NA,"Flavonoids","Flavans",1.17769602420749,FALSE,0.42756307938128,0.172420195690164,0.42876287217653,0.683062279396685,0.941022348115419,8,"Proteomics"
"FT3722PR","6b-Hydroxymethandienone",NA,"Steroids and steroid derivatives","Androstane steroids",0.707410974895287,FALSE,-0.281242892576987,0.172314304574664,0.428491488869194,0.683249202716591,0.941022348115419,8,"Proteomics"
"FT2319PR","Trimethylolmelamine",NA,"Triazines","Aminotriazines",4.4155633353762,TRUE,-6.96124488812441,-0.172092932434217,-0.427924194176419,0.683640023270203,0.941022348115419,8,"Proteomics"
"FT3266NR","Grevilline A",NA,"Pyrans","Pyranones and derivatives",0.59057274301688,FALSE,-0.2436841801861,-0.17120609584876,-0.425652229866037,0.685206300067153,0.941022348115419,8,"Proteomics"
"FT1831PR","(2E)-2-(methoxycarbonylmethyl)but-2-enedioic acid","C11515","Carboxylic acids and derivatives","Tricarboxylic acids and derivatives",0.508876776369748,FALSE,0.157358489296361,-0.170950171212405,-0.424996781444173,0.685658481055242,0.941022348115419,8,"Proteomics"
"FT2595NR","17-ethyl-10,13-dimethyl-4,5,6,7,8,9,11,12,14,15,16,17-dodecahydro-3H-cyclopenta[a]phenanthrene",NA,"Steroids and steroid derivatives","Pregnane steroids",1.13045902135822,TRUE,0.500533940784834,-0.170928312552187,-0.424940803353094,0.685697105855923,0.941022348115419,8,"Proteomics"
"FT1829NR","Cyclo(L-Pro-L-Val)",NA,"Carboxylic acids and derivatives","Amino acids, peptides, and analogues",0.23730504275104,FALSE,0.0581522713935632,0.170839399858181,0.424713112486133,0.685854222943411,0.941022348115419,8,"Proteomics"
"FT2260NR","Cimetidine sulfoxide",NA,"Azoles","Imidazoles",1.69408879764026,FALSE,1.07026461437498,0.170741514957465,0.424462457624546,0.686027206135435,0.941022348115419,8,"Proteomics"
"FT2452NR","(2R,4S)-2-Aminoformyl-6-fluoro-spiro[chroman-4,4'-imidazolidine]-2',5'-dione",NA,"Azolidines","Imidazolidines",0.818618431410482,FALSE,0.378418372115499,0.170149708958373,0.42294728938964,0.687073305205923,0.941022348115419,8,"Proteomics"
"FT3769NR","2-(3,7-Dimethyl-2,6-octadienyl)-4-hydroxy-6-methoxyacetophenone",NA,"Organooxygen compounds","Carbonyl compounds",0.16745962598992,FALSE,0.0701448096328461,0.170053542941176,0.42270112540642,0.687243332989767,0.941022348115419,8,"Proteomics"
"FT2630NR","2-Amino-7-methoxy-3H-phenoxazin-3-one",NA,"Benzoxazines","Phenoxazines",0.43552177899998,FALSE,0.128147449211716,0.169883533536201,0.422265968913395,0.687543948713393,0.941022348115419,8,"Proteomics"
"FT3130NR","FA(19:0;O)",NA,"Fatty Acyls","Fatty acids and conjugates",0.098065774360205,FALSE,0.109778787204264,-0.168678878091444,-0.419183639445691,0.689675079135353,0.941022348115419,8,"Proteomics"
"FT3111NR","5'-phosphoribosyl-N-formylglycinamide","C04376","Glycinamide ribonucleotides","Unclassified",0.316772736255686,FALSE,0.122713321497181,-0.16863535073927,-0.419072303106625,0.689752115912349,0.941022348115419,8,"Proteomics"
"FT5326NR","Ximaosteroid B",NA,"Steroids and steroid derivatives","Steroid esters",0.433725234576266,FALSE,0.147061163634047,-0.168525019680618,-0.418790104361378,0.689947395493001,0.941022348115419,8,"Proteomics"
"FT3452NR","Glycineamideribotide","C03838","Glycinamide ribonucleotides","Unclassified",0.36501358896602,FALSE,0.173683958673314,-0.168078395888547,-0.41764791986549,0.690738046366724,0.941022348115419,8,"Proteomics"
"FT5181NR","tigemonam",NA,"Lactams","Beta lactams",1.36140773341711,TRUE,0.544997639549596,0.167648386392152,0.416548474448272,0.691499516112589,0.941022348115419,8,"Proteomics"
"FT3770PR","4-Hydroxy-6-octenoylcarnitine",NA,"Fatty Acyls","Fatty acid esters",1.61357857769856,FALSE,0.901541757394166,0.166960170624181,0.414789357720847,0.692718692881156,0.941022348115419,8,"Proteomics"
"FT2494PR","Pentadecylamine",NA,"Organonitrogen compounds","Amines",0.0221057210597791,FALSE,-0.0199529403065679,0.166779428793107,0.414327475347279,0.693038973384458,0.941022348115419,8,"Proteomics"
"FT6735NR","Uridine diphosphate glucuronic acid","C00167","Pyrimidine nucleotides","Pyrimidine nucleotide sugars",0.299225060846767,FALSE,-0.141579499787437,0.166435947731816,0.413449834267636,0.693647742634905,0.941022348115419,8,"Proteomics"
"FT1741NR","2,4-Thiazolidinedicarboxylic acid, 2-methyl-",NA,"Carboxylic acids and derivatives","Amino acids, peptides, and analogues",0.0233008192409104,FALSE,-0.0501607194517573,0.166059043290563,0.412486969987369,0.694315914628586,0.941022348115419,8,"Proteomics"
"FT3436NR","Pro-Ile-Gly",NA,"Carboxylic acids and derivatives","Amino acids, peptides, and analogues",0.44632509451346,FALSE,0.209684251740099,-0.165802761136157,-0.411832361352871,0.694770347063848,0.941022348115419,8,"Proteomics"
"FT0257PR","Piperidine","C01746","Piperidines","Unclassified",0.475557563886368,FALSE,0.154937923270062,-0.165617600562692,-0.411359468397407,0.695098718107711,0.941022348115419,8,"Proteomics"
"FT7571NR","PA(a-15:0/20:4-OH)",NA,"Glycerophospholipids","Glycerophosphates",1.178818281173,FALSE,0.401396651840163,0.165294538749301,0.410534488070714,0.695671747782651,0.941022348115419,8,"Proteomics"
"FT0536PR","D-Cycloserine","C08057","Azolines","Isoxazolines",0.321715484875694,FALSE,-0.0817003538470383,0.164368248596839,0.408169837980824,0.69731544838623,0.941022348115419,8,"Proteomics"
"FT3854PR","Psilocybine","C07576","Indoles and derivatives","Tryptamines and derivatives",0.127946840901332,FALSE,0.0617216743151975,0.163870329995175,0.406899201532177,0.698199429901238,0.941022348115419,8,"Proteomics"
"FT2132PR","L-Tryptophan","C00078","Indoles and derivatives","Indolyl carboxylic acids and derivatives",0.925798729394874,FALSE,0.318111224392311,0.163797571791866,0.406713556956744,0.698328626280215,0.941022348115419,8,"Proteomics"
"FT1380PR","cis-Aconitic acid","C00417","Carboxylic acids and derivatives","Tricarboxylic acids and derivatives",0.579587936289244,FALSE,-0.169152273553253,0.163762893697871,0.406625077237484,0.698390206226115,0.941022348115419,8,"Proteomics"
"FT2686PR","2,5-Dimethoxy-4-(ethylthio)phenethylamine",NA,"Benzene and substituted derivatives","Methoxybenzenes",0.138371910589869,FALSE,-0.105451612108753,-0.163675235365333,-0.406401427541328,0.698545872728578,0.941022348115419,8,"Proteomics"
"FT4204NR","Tiapride",NA,"Benzene and substituted derivatives","Benzenesulfonyl compounds",0.566081457381357,FALSE,-0.205970871122068,-0.163584644637228,-0.406170306583455,0.69870675631955,0.941022348115419,8,"Proteomics"
"FT4495NR","N-Stearoyl Taurine",NA,"Fatty Acyls","Fatty amides",0.605920371259431,FALSE,-0.211172154560504,0.162941503331049,0.404529785793635,0.6998492173665,0.941022348115419,8,"Proteomics"
"FT2868NR","Epoxyeicosatrienoic acid",NA,"Fatty Acyls","Lineolic acids and derivatives",0.872065540478466,FALSE,0.362741430295379,0.162802250016307,0.404174649164238,0.700096648538409,0.941022348115419,8,"Proteomics"
"FT3301NR","Dodecyl benzenesulfonate",NA,"Benzene and substituted derivatives","Benzenesulfonic acids and derivatives",0.0920913020648896,FALSE,0.0116564872739127,-0.162789462227577,-0.404142037811741,0.700119371577416,0.941022348115419,8,"Proteomics"
"FT1849PR","Lanthionine ketimine",NA,"Carboxylic acids and derivatives","Amino acids, peptides, and analogues",0.441084510092082,FALSE,0.305450924443816,0.162336181225308,0.40298621794826,0.700924946820246,0.941022348115419,8,"Proteomics"
"FT2834NR","Dehydroabietic acid",NA,"Prenol lipids","Diterpenoids",0.349140314822963,FALSE,-0.164769924200942,0.161913495522516,0.401908649056993,0.701676367282231,0.941022348115419,8,"Proteomics"
"FT7104NR","OKOHA-PA",NA,"Glycerophospholipids","Glycerophosphates",0.967041548490377,FALSE,0.407031256126396,0.161879093210146,0.401820955927507,0.701737534561275,0.941022348115419,8,"Proteomics"
"FT4278PR","gamma-Glutamyltryptophan",NA,"Carboxylic acids and derivatives","Amino acids, peptides, and analogues",0.102000286932262,FALSE,-0.0551270739021696,-0.161833423641778,-0.40170454435117,0.701818737172546,0.941022348115419,8,"Proteomics"
"FT2805PR","Naxagolide",NA,"Tetralins","Unclassified",1.44457093766076,FALSE,-2.30437299091528,0.161385269951951,0.400562342589532,0.70261570591061,0.941022348115419,8,"Proteomics"
"FT3216NR","AICAR","C04677","Imidazole ribonucleosides and ribonucleotides","1-ribosyl-imidazolecarboxamides",0.094049848402587,FALSE,-0.00769964539340099,-0.160901431095946,-0.399329476247557,0.703476400712483,0.941022348115419,8,"Proteomics"
"FT3197NR","Camonagrel",NA,"Indanes","Unclassified",0.121967942571508,FALSE,0.0989304386580154,-0.160753966386634,-0.398953781285587,0.703738778566354,0.941022348115419,8,"Proteomics"
"FT0302PR","Vinyl carbamate",NA,"Carboxylic acids and derivatives","Amino acids, peptides, and analogues",0.345357613282653,FALSE,0.114580497221464,0.160530212263446,0.398383776607547,0.704136943787433,0.941022348115419,8,"Proteomics"
"FT4886NR","Epanolol","C11773","Phenol ethers","Unclassified",0.176601203846829,FALSE,-0.143855235270803,-0.160357615958063,-0.397944137499673,0.704444114994016,0.941022348115419,8,"Proteomics"
"FT6704PR","LysoPG(22:6/0:0)",NA,"Glycerophospholipids","Glycerophosphoglycerols",0.043840372147619,FALSE,0.00914863271779664,-0.160188205821077,-0.397512650668071,0.704745649693469,0.941022348115419,8,"Proteomics"
"FT6174NR","Phosphoaminophosphonic acid-guanylate ester",NA,"Purine nucleotides","Purine ribonucleotides",0.5686493436629,FALSE,0.200572402022646,-0.159890710649213,-0.396755019064483,0.705275245431332,0.941022348115419,8,"Proteomics"
"FT1436PR","Propionylcholine",NA,"Organonitrogen compounds","Quaternary ammonium salts",0.290462191436409,FALSE,0.0747925978450492,0.158436880480615,0.393054138089515,0.707864812852901,0.941022348115419,8,"Proteomics"
"FT3561PR","Asp-Gly-Val",NA,"Carboxylic acids and derivatives","Amino acids, peptides, and analogues",0.335296385325531,FALSE,0.0939590289556145,0.158224195450184,0.392512946003284,0.708243853989013,0.941022348115419,8,"Proteomics"
"FT4222PR","EPA (d5)","C06428","Fatty Acyls","Fatty acids and conjugates",0.124695349308704,FALSE,-0.0871334468665038,-0.158005359771815,-0.391956161648685,0.708633911259787,0.941022348115419,8,"Proteomics"
"FT3221NR","FA(20:4;O)",NA,"Fatty Acyls","Eicosanoids",0.161735258354316,FALSE,-0.0333095694710517,-0.157913010303671,-0.391721214362988,0.708798533481959,0.941022348115419,8,"Proteomics"
"FT3007PR","Isoleucyl-Glutamate",NA,"Carboxylic acids and derivatives","Amino acids, peptides, and analogues",0.575990316379427,FALSE,0.262206246892094,-0.157423560813992,-0.390476176418027,0.709671190753964,0.941022348115419,8,"Proteomics"
"FT4202NR","7-Hydroxy-6-methyl-8-ribityl lumazine","C05995","Pteridines and derivatives","Unclassified",1.10933861590247,FALSE,0.436557917012048,-0.15720843632038,-0.389929046541167,0.710054831335852,0.941022348115419,8,"Proteomics"
"FT0679PR","Cytosine","C00380","Diazines","Pyrimidines and pyrimidine derivatives",0.491732575532009,FALSE,0.17281789994113,-0.15610605750123,-0.38712623846201,0.71202158355005,0.941022348115419,8,"Proteomics"
"FT4819PR","Semiplenamide F",NA,"Epoxides","Oxirane carboxylic acids and derivatives",0.517727622695069,FALSE,-0.248011022072719,-0.155979755317585,-0.386805208916589,0.712247007872052,0.941022348115419,8,"Proteomics"
"FT6159PR","(9Z,12Z,15Z,18Z)-Tetracosa-9,12,15,18-tetraenoylcarnitine",NA,"Fatty Acyls","Fatty acid esters",2.48070430509341,FALSE,2.58844721058615,-0.155969807455121,-0.386779924687113,0.712264763605219,0.941022348115419,8,"Proteomics"
"FT5745PR","(22E,24E)-1alpha,25-dihydroxy-26,27-dimethyl-22,23,24,24a-tetradehydro-24a-homovitamin D3",NA,"Steroids and steroid derivatives","Vitamin D and derivatives",0.973934343288588,FALSE,0.571844488342828,-0.155763460295905,-0.386255484539672,0.712633093824746,0.941022348115419,8,"Proteomics"
"FT1495NR","Monobutylphthalate",NA,"Benzene and substituted derivatives","Benzoic acids and derivatives",0.0709144659761448,FALSE,0.033270417138901,0.155466111623295,0.385499851271697,0.713163947330118,0.941022348115419,8,"Proteomics"
"FT7006NR","PHHdiA-PE",NA,"Glycerophospholipids","Glycerophosphoethanolamines",0.710579472035881,FALSE,0.170879234529165,0.155263071995348,0.38498394128984,0.71352648968617,0.941022348115419,8,"Proteomics"
"FT1339NR","N-Acetyl-L-phenylalanine","C03519","Carboxylic acids and derivatives","Amino acids, peptides, and analogues",1.43496320924959,TRUE,0.691210836114116,0.155218081772688,0.38486963094146,0.713606829417269,0.941022348115419,8,"Proteomics"
"FT2911PR","Histidylvaline",NA,"Carboxylic acids and derivatives","Amino acids, peptides, and analogues",0.686023686250351,FALSE,0.806118388785403,0.155104314662213,0.384580584460058,0.713809995350716,0.941022348115419,8,"Proteomics"
"FT7527PR","PC(21:0/15:1)",NA,"Glycerophospholipids","Glycerophosphocholines",0.122692926327698,FALSE,0.137522493932044,0.154883197382924,0.384018839766618,0.714204909832219,0.941022348115419,8,"Proteomics"
"FT5570NR","N-Arachidonoyl tyrosine",NA,"Carboxylic acids and derivatives","Amino acids, peptides, and analogues",1.06188065566863,FALSE,0.473263288700445,-0.154109190358495,-0.382052953195588,0.71558771908476,0.941250131626557,8,"Proteomics"
"FT4480PR","Deutzioside","C11671","Organooxygen compounds","Carbohydrates and carbohydrate conjugates",0.333097270920699,FALSE,0.10500191648168,-0.154030567910326,-0.381853301825188,0.71572822060556,0.941250131626557,8,"Proteomics"
"FT3036NR","Necatorine","C08594","Coumarins and derivatives","Unclassified",0.137139247482012,FALSE,0.0250690199801325,0.153185337829456,0.379707419555575,0.717239120869766,0.941643772341087,8,"Proteomics"
"FT4741PR","N-[[2-(4-Amino-1,2,5-oxadiazol-3-yl)-1-ethylimidazo[5,4-d]pyridin-7-yl]methyl]piperidin-4-amine",NA,"Imidazopyridines","Imidazo-[4,5-c]pyridines",1.77843100257757,FALSE,1.2277433246336,0.153107365808729,0.379509506143177,0.717378541051818,0.941643772341087,8,"Proteomics"
"FT1737PR","Meta-Tyrosine","C20807","Carboxylic acids and derivatives","Amino acids, peptides, and analogues",1.37377423084182,TRUE,0.61738426779125,0.151434360860164,0.375264723186051,0.720371644182285,0.942458694993899,8,"Proteomics"
"FT4136NR","L-Prolinamide, 5-oxo-L-prolyl-L-norvalyl-",NA,"Carboxylic acids and derivatives","Amino acids, peptides, and analogues",0.71797229856976,FALSE,0.193262035134849,-0.151384501323746,-0.375138269385425,0.720460893617083,0.942458694993899,8,"Proteomics"
"FT1488PR","Cysteine isopropyl ester",NA,"Carboxylic acids and derivatives","Amino acids, peptides, and analogues",0.236565038520558,FALSE,0.123287160230082,0.151377453419905,0.375120394721857,0.720473509709667,0.942458694993899,8,"Proteomics"
"FT1954NR","Norambreinolide",NA,"Naphthofurans","Unclassified",0.761289914094364,FALSE,0.304835134139098,-0.15104858592724,-0.374286396784927,0.721062259838728,0.942458694993899,8,"Proteomics"
"FT1939NR","1,2-Difluoro-3,4-dinitrobenzene",NA,"Benzene and substituted derivatives","Nitrobenzenes",0.126605335644835,FALSE,0.0256138346959637,0.15050954843975,0.372919689068905,0.72202752250505,0.942458694993899,8,"Proteomics"
"FT4468NR","N-Arachidonoyl GABA",NA,"Carboxylic acids and derivatives","Amino acids, peptides, and analogues",1.05989441358365,FALSE,0.370516439677479,0.149980994347938,0.371579892035119,0.722974323672348,0.942458694993899,8,"Proteomics"
"FT3313NR","9S,10R-Epoxy-6Z-nonadecene",NA,"Epoxides","Unclassified",0.226417148886291,FALSE,0.119123985249282,-0.149430112411615,-0.370183844461344,0.723961447706448,0.942458694993899,8,"Proteomics"
"FT2259NR","Ser-Tyr",NA,"Carboxylic acids and derivatives","Amino acids, peptides, and analogues",1.1901528453299,FALSE,1.22956408831327,-0.149112409268119,-0.369378880074292,0.724530890470714,0.942458694993899,8,"Proteomics"
"FT1322NR","Indolelactic acid","C02043","Indoles and derivatives","Indolyl carboxylic acids and derivatives",1.26187893312936,FALSE,0.535725781144932,0.149081287198157,0.369300032388475,0.724586678790051,0.942458694993899,8,"Proteomics"
"FT2514NR","FA(18:1)",NA,"Fatty Acyls","Fatty acids and conjugates",0.0248736191413977,FALSE,0.020247287673645,-0.14872645066395,-0.368401134212111,0.725222820992739,0.942458694993899,8,"Proteomics"
"FT4226NR","Pseudomonine",NA,"Carboxylic acids and derivatives","Amino acids, peptides, and analogues",0.658936193942216,FALSE,0.268320785452666,-0.148607399440488,-0.368099577461308,0.725436283879809,0.942458694993899,8,"Proteomics"
"FT2235PR","Cyclo(Pro-Leu)",NA,"Carboxylic acids and derivatives","Amino acids, peptides, and analogues",0.0333761556810768,FALSE,-0.0561294715642529,-0.147394783980642,-0.365028952275514,0.727611422540858,0.944083240203619,8,"Proteomics"
"FT5853NR","N-Arachidonoyl Tryptophan",NA,"Carboxylic acids and derivatives","Amino acids, peptides, and analogues",0.513651893431669,FALSE,-0.151817705299536,-0.147155272757347,-0.364422653467376,0.728041236168501,0.944083240203619,8,"Proteomics"
"FT6596PR","PC(18:1/2:0)",NA,"Glycerophospholipids","Glycerophosphocholines",0.0330540805677941,FALSE,-0.0102652583616863,-0.146462993060086,-0.362670584334322,0.729283911035729,0.944488235197464,8,"Proteomics"
"FT2746PR","FA(16:6)",NA,"Fatty Acyls","Fatty acids and conjugates",0.223618097989555,FALSE,0.0973440892861476,-0.145456019313201,-0.360123037166256,0.731092395646877,0.944488235197464,8,"Proteomics"
"FT1509NR","N-Acetyl-L-tyrosine","C01657","Carboxylic acids and derivatives","Amino acids, peptides, and analogues",1.14403994102868,FALSE,0.630586360420518,-0.145107696095432,-0.359242079374769,0.731718222644515,0.944488235197464,8,"Proteomics"
"FT1363PR","2,4-Dihydroxy-nitrophenol",NA,"Phenols","Nitrophenols",0.517399138942518,FALSE,0.248893018398946,-0.144642200502694,-0.358064989324182,0.732554773204807,0.944488235197464,8,"Proteomics"
"FT1716PR","alpha-Methylphenylalanine",NA,"Phenylpropanoic acids","Unclassified",0.286808368216253,FALSE,-0.174292174451237,-0.143937239643503,-0.356282829939712,0.7338221090925,0.944488235197464,8,"Proteomics"
"FT1276PR","L-Methionine","C00073","Carboxylic acids and derivatives","Amino acids, peptides, and analogues",0.421175809168187,FALSE,0.146809903159797,0.143762420726806,0.355840968998843,0.734136469333472,0.944488235197464,8,"Proteomics"
"FT7151NR","FA(40:6)",NA,"Fatty Acyls","Fatty acids and conjugates",0.351721570791476,FALSE,-0.111592950521355,0.14338832719333,0.354895548699422,0.73480927454348,0.944488235197464,8,"Proteomics"
"FT2117PR","Car(2:0)","C02571","Fatty Acyls","Fatty acid esters",0.784206096846968,FALSE,-0.347376449225657,-0.143109875599487,-0.3541919384096,0.735310163952945,0.944488235197464,8,"Proteomics"
"FT0453NR","Pyroglutamic acid","C01879","Carboxylic acids and derivatives","Amino acids, peptides, and analogues",0.635036629716501,FALSE,0.189940857584865,-0.142871062827264,-0.353588558580638,0.735739814470912,0.944488235197464,8,"Proteomics"
"FT5290PR","Aminopentol",NA,"Organonitrogen compounds","Amines",0.299375234741605,FALSE,-0.141723234558871,-0.142729844740526,-0.353231789306547,0.73599390955746,0.944488235197464,8,"Proteomics"
"FT3100NR","cinnamoyltyramine",NA,"Cinnamic acids and derivatives","Cinnamic acid amides",0.166063355823828,FALSE,0.0408753095195975,-0.141558278587977,-0.350272825498883,0.738102724581229,0.944488235197464,8,"Proteomics"
"FT3829PR","8,11,14,17-eicosatetraenoic acid",NA,"Fatty Acyls","Fatty acids and conjugates",0.0114496905721079,FALSE,-0.0010308766207727,-0.14150309777266,-0.350133495321731,0.738202085161026,0.944488235197464,8,"Proteomics"
"FT7356PR","PC(15:0/17:0)",NA,"Glycerophospholipids","Glycerophosphocholines",0.388245386808566,FALSE,-0.173778362490901,-0.141486700443447,-0.35009209311793,0.738231611397816,0.944488235197464,8,"Proteomics"
"FT3795PR","14(R)-Hydroxy-retro-vitamin A",NA,"Prenol lipids","Retinoids",0.381482190093717,FALSE,-0.171647483622654,-0.140981300817901,-0.348816135522427,0.739141808097717,0.944488235197464,8,"Proteomics"
"FT2097NR","Androst-5-ene group",NA,"Steroids and steroid derivatives","Androstane steroids",0.848678574120122,FALSE,0.376121832566215,0.140955346344433,0.348750617059654,0.73918855781908,0.944488235197464,8,"Proteomics"
"FT3164NR","ar-Artemisene",NA,"Prenol lipids","Sesquiterpenoids",1.8387987458512,FALSE,1.47677102645869,0.14095223394155,0.348742760280207,0.739194163988833,0.944488235197464,8,"Proteomics"
"FT1647PR","N2-Acetylornithine","C00437","Carboxylic acids and derivatives","Amino acids, peptides, and analogues",0.396136994302901,FALSE,0.168453583549765,0.139700312396152,0.345583330864864,0.74144998087912,0.944819592880144,8,"Proteomics"
"FT2684NR","2-hydroxyflutamide","C14204","Benzene and substituted derivatives","Trifluoromethylbenzenes",1.78879578480713,TRUE,1.0197564815958,0.139700097680215,0.345582789139418,0.741450367910735,0.944819592880144,8,"Proteomics"
"FT3476PR","3-Hydroxydodecanedioic acid",NA,"Hydroxy acids and derivatives","Medium-chain hydroxy acids and derivatives",0.0447971433360551,FALSE,-0.019673546683187,-0.139679872048666,-0.345531760363476,0.741486825402352,0.944819592880144,8,"Proteomics"
"FT1797PR","TRIBUTYLAMINE",NA,"Organonitrogen compounds","Amines",0.541282996712339,FALSE,-0.293873644799819,-0.137831205571095,-0.340869473595019,0.744820885964302,0.945471237871938,8,"Proteomics"
"FT6047NR","LysoPC(17:0/0:0)","C04230","Glycerophospholipids","Glycerophosphocholines",0.583741763907338,FALSE,0.192226427710479,-0.137030472363311,-0.338851176408183,0.746266082521959,0.945471237871938,8,"Proteomics"
"FT2710NR","Moringyne",NA,"Organooxygen compounds","Carbohydrates and carbohydrate conjugates",0.424944933201586,FALSE,-0.131732474562036,0.136976295868596,0.338714645728391,0.746363885904253,0.945471237871938,8,"Proteomics"
"FT1832NR","Sarcinic acid","C16665","Fatty Acyls","Fatty acids and conjugates",1.12713036095892,FALSE,0.550789444608999,-0.136000703967005,-0.336256576486236,0.748125601234895,0.945471237871938,8,"Proteomics"
"FT6136PR","LysoPE(20:4/0:0)",NA,"Glycerophospholipids","Glycerophosphoethanolamines",0.0602897883239757,FALSE,0.0279773895426264,-0.135892586016163,-0.335984227545325,0.748320898456684,0.945471237871938,8,"Proteomics"
"FT3532NR","Hepsulfam",NA,"Organic sulfuric acids and derivatives","Unclassified",0.242671749841205,FALSE,0.0406789909537656,-0.135144961827815,-0.334101297543885,0.749671677600717,0.945471237871938,8,"Proteomics"
"FT6833PR","PHODiA-PA",NA,"Glycerophospholipids","Glycerophosphates",0.0555469521938339,FALSE,-0.00929105300965474,-0.134591077864345,-0.33270668730726,0.750672773056414,0.945471237871938,8,"Proteomics"
"FT1296NR","4-(2-Aminoethyl)benzenesulfonyl fluoride",NA,"Benzene and substituted derivatives","Phenethylamines",0.19291400777584,FALSE,-0.0679384237662507,0.134586539535951,0.332695261680323,0.750680976934455,0.945471237871938,8,"Proteomics"
"FT3157NR","10,11-Dihydroxycarbamazepine",NA,"Benzazepines","Dibenzazepines",1.05902110911008,FALSE,0.408387847988165,0.134320587433902,0.332025741900209,0.751161770765845,0.945471237871938,8,"Proteomics"
"FT4793PR","Firibastat",NA,"Organic sulfonic acids and derivatives","Organosulfonic acids and derivatives",0.418654231204956,FALSE,-0.129626935046103,0.133802646659358,0.330722064069803,0.752098315742983,0.945471237871938,8,"Proteomics"
"FT5660PR","3-beta-Hydroxy-4-beta-methyl-5-alpha-cholest-7-ene-4-alpha-carboxylate","C04840","Steroids and steroid derivatives","Cholestane steroids",0.0709688218133407,FALSE,0.0310540998589802,0.133626597898843,0.330279005133118,0.752416708885538,0.945471237871938,8,"Proteomics"
"FT1284NR","4-hydroxy-undecanoic acid",NA,"Hydroxy acids and derivatives","Medium-chain hydroxy acids and derivatives",0.336304849181568,FALSE,0.141768706796799,0.132918736192458,0.328497862439683,0.75369722034391,0.945471237871938,8,"Proteomics"
"FT1615PR","TRIETHYLENE GLYCOL",NA,"Organooxygen compounds","Ethers",1.42594358836286,FALSE,-0.814745580410936,-0.132622018812104,-0.327751405713981,0.754234123833496,0.945471237871938,8,"Proteomics"
"FT1225PR","Purpald",NA,"Azoles","Triazoles",1.29511802630749,TRUE,0.563202759811597,0.131732346343235,0.32551377904202,0.755844481305771,0.945471237871938,8,"Proteomics"
"FT3987NR","SCHEMBL16685713",NA,"Fatty Acyls","Fatty acids and conjugates",0.939027424368453,FALSE,0.38655527258371,0.131692444179594,0.325413439397099,0.755916724520798,0.945471237871938,8,"Proteomics"
"FT5014PR","1alpha-Hydroxypregnacalciferol",NA,"Steroids and steroid derivatives","Vitamin D and derivatives",0.618838083255014,FALSE,0.160057593767147,0.131439090087076,0.324776382164753,0.756375460349857,0.945471237871938,8,"Proteomics"
"FT6880NR","WE(21:0/16:1)",NA,"Fatty Acyls","Fatty acid esters",0.334177938204314,FALSE,0.180224007926315,-0.131307438095676,-0.324445369658334,0.756613860712597,0.945471237871938,8,"Proteomics"
"FT7038NR","Oxidized glutathione","C00127","Carboxylic acids and derivatives","Amino acids, peptides, and analogues",0.264057743564184,FALSE,0.0857970414862958,-0.131024440632627,-0.323733888447026,0.757126379894186,0.945471237871938,8,"Proteomics"
"FT2141PR","Xanthurenic acid","C02470","Quinolines and derivatives","Quinoline carboxylic acids",0.588781765547257,FALSE,0.399872990265148,0.130486985274765,0.322382898598394,0.758099944820426,0.945471237871938,8,"Proteomics"
"FT1714PR","Acridine","C20141","Quinolines and derivatives","Benzoquinolines",0.118101146750986,FALSE,0.124518443590908,-0.12960660510711,-0.320170530223038,0.759695295303675,0.945471237871938,8,"Proteomics"
"FT5167PR","5-Taurinomethyl-2-thiouridine",NA,"Pyrimidine nucleosides","Unclassified",1.84006430912707,FALSE,-1.54630513866162,0.129593238020823,0.320136945094549,0.759719523728143,0.945471237871938,8,"Proteomics"
"FT6082PR","LysoPC(0:0/16:0)",NA,"Glycerophospholipids","Glycerophosphocholines",0.140181768853212,FALSE,-0.0291815851397677,-0.129339685818821,-0.319499922634126,0.760179130424927,0.945471237871938,8,"Proteomics"
"FT5002NR","S-(1,2-Dicarboxyethyl)glutathione",NA,"Carboxylic acids and derivatives","Amino acids, peptides, and analogues",0.671707552546639,FALSE,-0.230243850678122,0.129197928095713,0.319143799486747,0.760436117256293,0.945471237871938,8,"Proteomics"
"FT5986PR","Palmitoyl Ara-C",NA,"Pyrimidine nucleosides","Unclassified",1.21707847540177,FALSE,0.648297778920748,-0.129123071609482,-0.318955753370953,0.760571829272743,0.945471237871938,8,"Proteomics"
"FT3250NR","(-)-Spongiane-15,16-diol",NA,"Prenol lipids","Diterpenoids",0.191623560859423,FALSE,-0.0306678770988703,-0.128385163534459,-0.317102359205924,0.761909914169089,0.945471237871938,8,"Proteomics"
"FT2309NR","4-hydroxy ketorolac",NA,"Organooxygen compounds","Carbonyl compounds",0.432975638873314,FALSE,0.128519503496946,0.128241328631118,0.31674115340829,0.762170797194839,0.945471237871938,8,"Proteomics"
"FT2753NR","N-gamma-Glutamylcysteine",NA,"Carboxylic acids and derivatives","Amino acids, peptides, and analogues",0.314607857479727,FALSE,-0.107626640632349,-0.127904580084302,-0.315895572131254,0.762781657164586,0.945471237871938,8,"Proteomics"
"FT4594NR","Almokalant",NA,"Phenol ethers","Unclassified",0.0763653701175553,FALSE,0.0419481558140964,-0.127243917198014,-0.314236958906106,0.763980406561266,0.945471237871938,8,"Proteomics"
"FT4333NR","FA(22:3;O3)",NA,"Fatty Acyls","Eicosanoids",0.0107516416829457,FALSE,0.0130713408824974,-0.127033972995193,-0.313709977058237,0.764361428779436,0.945471237871938,8,"Proteomics"
"FT3229NR","Beta-Citryl-L-glutamic acid",NA,"Carboxylic acids and derivatives","Amino acids, peptides, and analogues",1.21746699091612,TRUE,0.519850343659229,0.127021052283817,0.313677546125578,0.76438487958937,0.945471237871938,8,"Proteomics"
"FT7201NR","SQMG(18:0/0:0)",NA,"Glycerolipids","Glycosylglycerols",0.333772802564941,FALSE,0.153678983408632,-0.127009910653096,-0.313649580808397,0.764405101532274,0.945471237871938,8,"Proteomics"
"FT2563PR","serine glutamate",NA,"Carboxylic acids and derivatives","Amino acids, peptides, and analogues",0.959037625625831,FALSE,-0.529774023820752,0.126920831454955,0.313425997765731,0.764566783525319,0.945471237871938,8,"Proteomics"
"FT0527NR","5-Deoxy-D-ribose",NA,"Organooxygen compounds","Carbohydrates and carbohydrate conjugates",0.713126049888724,FALSE,0.231619563471665,-0.126619524196579,-0.312669793070264,0.765113722239976,0.945471237871938,8,"Proteomics"
"FT7679PR","PC(18:2/18:2)",NA,"Glycerophospholipids","Glycerophosphocholines",1.72548878230559,FALSE,-2.27649686124251,-0.12640692230106,-0.312136269246437,0.765499692336608,0.945471237871938,8,"Proteomics"
"FT6334PR","LysoPE(22:5/0:0)",NA,"Glycerophospholipids","Glycerophosphoethanolamines",1.14079698239734,FALSE,0.485732052413946,0.125703256427446,0.310370733151716,0.766777469484283,0.945471237871938,8,"Proteomics"
"FT1542NR","Fusaric acid","C10146","Pyridines and derivatives","Pyridinecarboxylic acids and derivatives",0.511831664900563,FALSE,0.663282426599176,-0.125075391852737,-0.308795788554521,0.767917988037265,0.945471237871938,8,"Proteomics"
"FT1025NR","S-Carboxymethyl-L-cysteine",NA,"Carboxylic acids and derivatives","Amino acids, peptides, and analogues",0.573741265618534,FALSE,0.206185219902012,0.124518006307965,0.307397950449973,0.768930786216134,0.945471237871938,8,"Proteomics"
"FT1138NR","Glutarylglycine",NA,"Carboxylic acids and derivatives","Amino acids, peptides, and analogues",0.747584111518697,FALSE,0.195499267402462,0.123601286717651,0.30509959946825,0.770597133458106,0.945471237871938,8,"Proteomics"
"FT4141NR","19-Hydroxyprostaglandin E1",NA,"Fatty Acyls","Eicosanoids",0.301819388079297,FALSE,0.188715726048662,0.12349926055773,0.304843854035078,0.770782636848483,0.945471237871938,8,"Proteomics"
"FT1363NR","Dehydroascorbic acid","C05422","Lactones","Gamma butyrolactones",0.304296772074879,FALSE,0.109290089774632,0.122733098093874,0.302923654235095,0.772175971964028,0.945471237871938,8,"Proteomics"
"FT5982NR","Acetyl-4,4'-diapolycopene-4,4'-dioate",NA,"Prenol lipids","Triterpenoids",0.730685723857861,FALSE,0.279123050791315,0.122151198281058,0.301465631557782,0.773234564702769,0.945471237871938,8,"Proteomics"
"FT2110NR","4-hydroxylamino-2,6-dinitrotoluene","C16392","Benzene and substituted derivatives","Toluenes",0.579203090428317,FALSE,0.2665215075144,0.121862452359057,0.300742259828768,0.773759965107127,0.945471237871938,8,"Proteomics"
"FT0089NR","1-Nitropropane",NA,"Allyl-type 1,3-dipolar organic compounds","Organic nitro compounds",0.216903156505739,FALSE,-0.0954919541133865,-0.121489244318981,-0.299807406811516,0.774439163486355,0.945471237871938,8,"Proteomics"
"FT1260PR","6-Fluoromevalonate",NA,"Lactones","Delta valerolactones",1.29154205402775,FALSE,0.571710447027862,0.120468583607781,0.297251400160074,0.776297293371917,0.945471237871938,8,"Proteomics"
"FT0593NR","Paramethadione","C07411","Azolidines","Oxazolidines",0.238549661074369,FALSE,-0.054409647488453,-0.120331870235588,-0.296909106246442,0.776546252961899,0.945471237871938,8,"Proteomics"
"FT2866NR","1,1,1-Tri(butyryloxy)propane",NA,"Carboxylic acids and derivatives","Tricarboxylic acids and derivatives",0.107268798947112,FALSE,0.0419709812514661,0.119963012890939,0.295985671036241,0.777218037312884,0.945471237871938,8,"Proteomics"
"FT1872NR","O-Phosphothreonine","C12147","Carboxylic acids and derivatives","Amino acids, peptides, and analogues",0.654560535753741,FALSE,0.180081135837397,0.118777165373736,0.293017739615507,0.779378587111432,0.945471237871938,8,"Proteomics"
"FT0676PR","2-Mercaptopyridine",NA,"Pyridines and derivatives","Hydropyridines",0.240082460542428,FALSE,0.0657034062922804,-0.118547161562489,-0.292442235260584,0.779797784944876,0.945471237871938,8,"Proteomics"
"FT1238PR","Thiomorpholine 3-carboxylate","C03901","Carboxylic acids and derivatives","Amino acids, peptides, and analogues",0.0856325893187255,FALSE,-0.0307733310261386,-0.118471181237958,-0.292252131482362,0.779936274528979,0.945471237871938,8,"Proteomics"
"FT2731PR","C14 sphingosine",NA,"Organonitrogen compounds","Amines",0.643131317730465,FALSE,-0.252592845712302,-0.11829491267671,-0.291811125252389,0.780257579278708,0.945471237871938,8,"Proteomics"
"FT3220NR","20-Hydroxyeicosatetraenoic acid","C14748","Fatty Acyls","Fatty acids and conjugates",0.429000566621999,FALSE,-0.189993028532587,-0.118052013945261,-0.291203462862092,0.780700382941708,0.945471237871938,8,"Proteomics"
"FT1135NR","N-formylmaleamic acid","C18232","Fatty Acyls","Fatty amides",0.905626553846129,FALSE,-0.41206953462087,0.117195899222275,0.289062133274276,0.782261487556068,0.945471237871938,8,"Proteomics"
"FT3511NR","Ser-Glu-Thr",NA,"Carboxylic acids and derivatives","Amino acids, peptides, and analogues",2.1062979380042,FALSE,1.88960926875271,0.117082095381192,0.288777534367828,0.782469054066584,0.945471237871938,8,"Proteomics"
"FT7306NR","PHODA-PE",NA,"Glycerophospholipids","Glycerophosphoethanolamines",1.16623505405806,FALSE,0.824404276737949,0.117042090028806,0.288677492334583,0.782542022383102,0.945471237871938,8,"Proteomics"
"FT1299NR","1-Acetylproline",NA,"Carboxylic acids and derivatives","Amino acids, peptides, and analogues",0.74391582350421,FALSE,-0.311187382165502,0.116906710066225,0.288338956033387,0.782788960816536,0.945471237871938,8,"Proteomics"
"FT3066PR","L-Valyl-L-phenylalanine",NA,"Carboxylic acids and derivatives","Amino acids, peptides, and analogues",1.52158535104254,FALSE,1.21317066693591,0.116896071224509,0.288312352830663,0.782808367158712,0.945471237871938,8,"Proteomics"
"FT4449NR","FA(26:3;O)",NA,"Fatty Acyls","Fatty acids and conjugates",0.997331152389888,FALSE,0.440811344980415,-0.116880647714905,-0.288273785394223,0.782836501401324,0.945471237871938,8,"Proteomics"
"FT4412NR","Shibic acid","C21948","Fatty Acyls","Fatty acids and conjugates",1.06285849112892,FALSE,0.554505129469067,-0.116477864165136,-0.287266675082678,0.783571297330795,0.945471237871938,8,"Proteomics"
"FT2660NR","gamma-Pyrufuran",NA,"Benzofurans","Dibenzofurans",0.109461101574928,FALSE,0.0354715008847327,0.11616133174863,0.286475325886872,0.784148843893672,0.945471237871938,8,"Proteomics"
"FT2310PR","Heptanoylcholine",NA,"Organonitrogen compounds","Quaternary ammonium salts",0.384243650407026,FALSE,-0.162496009238421,0.115735058360428,0.285409757731907,0.78492676038542,0.945471237871938,8,"Proteomics"
"FT5742NR","LysoPC(15:0/0:0)","C04230","Glycerophospholipids","Glycerophosphocholines",0.615024508076417,FALSE,0.147405264960763,0.115715127718456,0.285359940434866,0.784963136102503,0.945471237871938,8,"Proteomics"
"FT4787PR","N-Stearoyl Threonine",NA,"Carboxylic acids and derivatives","Amino acids, peptides, and analogues",0.543269710700266,FALSE,0.204189510662131,0.115698356938965,0.285318021588997,0.784993744970139,0.945471237871938,8,"Proteomics"
"FT1072NR","5-Hydroxyisourate","C11821","Imidazopyrimidines","Purines and purine derivatives",0.640049234698477,FALSE,0.253970266640213,-0.115646299930637,-0.285187905794835,0.78508875735747,0.945471237871938,8,"Proteomics"
"FT0555NR","Tetrahydrothiophene-3-ol 1,1-dioxide",NA,"Thiolanes","Unclassified",1.50308369970015,FALSE,1.42553373963161,-0.115472599141827,-0.284753760229359,0.785405805922313,0.945471237871938,8,"Proteomics"
"FT4086PR","1-Methylguanosine","C04545","Purine nucleosides","Unclassified",1.96272872582873,FALSE,1.77740371916176,0.114251989066723,0.281703727079984,0.787634457894512,0.946613732290634,8,"Proteomics"
"FT0971NR","2,5-Dihydro-2,4,5-trimethylthiazole",NA,"Azolines","Thiazolines",0.203643565404359,FALSE,0.0279935502264795,0.11420898205034,0.281596285770941,0.787713005349452,0.946613732290634,8,"Proteomics"
"FT2711NR","6-Hydroxymelatonin","C05643","Indoles and derivatives","Hydroxyindoles",0.535907414044988,FALSE,0.233978524178765,0.113359507671194,0.279474433485374,0.789264794027997,0.947082396897861,8,"Proteomics"
"FT1450PR","Fudosteine",NA,"Carboxylic acids and derivatives","Amino acids, peptides, and analogues",0.0916394296753722,FALSE,-0.0437714866331017,0.113251688728589,0.279205163370847,0.789461797127199,0.947082396897861,8,"Proteomics"
"FT1818PR","N-Propionylmethionine",NA,"Carboxylic acids and derivatives","Amino acids, peptides, and analogues",1.53587742690303,TRUE,0.825995461315564,0.112117696911979,0.276373702983044,0.791534376993828,0.948752297101803,8,"Proteomics"
"FT3592NR","N-Oleoyl glycine",NA,"Carboxylic acids and derivatives","Amino acids, peptides, and analogues",0.215280415128919,FALSE,-0.0437590053168346,0.110383817629865,0.272046495816784,0.794705422991979,0.951310980404665,8,"Proteomics"
"FT2409PR","Glycyl-Phenylalanine",NA,"Carboxylic acids and derivatives","Amino acids, peptides, and analogues",1.14757660265931,FALSE,0.526110108051183,-0.110108919119799,-0.271360669225633,0.795208404378583,0.951310980404665,8,"Proteomics"
"FT2384NR","lavendustin c",NA,"Benzene and substituted derivatives","Phenylmethylamines",1.59069643586472,TRUE,0.824013967808514,0.109831337243228,0.270668212040464,0.795716358071621,0.951310980404665,8,"Proteomics"
"FT2339NR","S-Cysteinosuccinic acid",NA,"Carboxylic acids and derivatives","Amino acids, peptides, and analogues",0.905002931110426,FALSE,0.32094830355048,0.109332417945097,0.269423766418183,0.796629499922768,0.951586566317342,8,"Proteomics"
"FT1645PR","1,3-Benzodioxole-5,6-diamine",NA,"Benzodioxoles","Unclassified",0.141220653814506,FALSE,0.0277033647234623,-0.108764267432257,-0.268006889513708,0.797669597025017,0.951744904294787,8,"Proteomics"
"FT3369PR","Phenylalanylaspartic acid",NA,"Carboxylic acids and derivatives","Amino acids, peptides, and analogues",0.707137248137905,FALSE,0.377828171129149,0.108514161369613,0.2673832491618,0.798127541693404,0.951744904294787,8,"Proteomics"
"FT5988NR","Gemcitabine triphosphate",NA,"Diazines","Pyrimidines and pyrimidine derivatives",0.736970085871293,FALSE,-0.210429003679684,-0.106485390045816,-0.262326388457721,0.801844075067162,0.954400656359683,8,"Proteomics"
"FT5418NR","Heliocide H2",NA,"Anthracenes","Anthraquinones",0.0355250910253049,FALSE,-0.000303802496604363,0.106006144928121,0.261132321349687,0.802722487390651,0.954400656359683,8,"Proteomics"
"FT4808PR","Nonanedioylcarnitine",NA,"Fatty Acyls","Fatty acid esters",0.319306352048956,FALSE,-0.0867631931352194,-0.105991733431534,-0.261096417121811,0.802748905141769,0.954400656359683,8,"Proteomics"
"FT3240NR","Quinol glucuronide",NA,"Organooxygen compounds","Carbohydrates and carbohydrate conjugates",0.102691798695785,FALSE,0.0299828130703283,-0.105399901208189,-0.259622093377942,0.803833935055853,0.954400656359683,8,"Proteomics"
"FT4342NR","Hydrastine",NA,"Phthalide isoquinolines","Unclassified",0.464276834913518,FALSE,0.16516343457928,-0.105098447492113,-0.258871244023211,0.804386707673286,0.954400656359683,8,"Proteomics"
"FT1683NR","1-H-Inden-1-one,2,3-dihydro-3,3,5,6-tetramethyl",NA,"Indanes","Indanones",0.380505876622788,FALSE,-0.126202131359252,0.105057099193135,0.258768260898404,0.80446253315827,0.954400656359683,8,"Proteomics"
"FT0914PR","Methyl sulfate","C02704","Organic sulfuric acids and derivatives","Sulfuric acid esters",0.792810820736276,FALSE,-0.23698153378159,-0.104244222161649,-0.256743963557325,0.805953476107003,0.95535641640575,8,"Proteomics"
"FT2305NR","15-Methylpalmitate",NA,"Fatty Acyls","Fatty acids and conjugates",1.02328054156002,FALSE,0.432483575587645,-0.103220209014606,-0.254194616511746,0.807832402383126,0.956544900851634,8,"Proteomics"
"FT3810PR","pregna-5,20-dien-3beta-ol",NA,"Steroids and steroid derivatives","Androstane steroids",0.348149022757453,FALSE,0.156697358894047,-0.102949923436739,-0.253521859687287,0.808328474320822,0.956544900851634,8,"Proteomics"
"FT7942PR","PI(22:2/TXB2)",NA,"Glycerophospholipids","Unclassified",1.13600542254421,TRUE,0.547776534845882,0.101958642174055,0.251054986484734,0.810148311086237,0.957074930669308,8,"Proteomics"
"FT1507PR","L-Phenylalanine","C00079","Carboxylic acids and derivatives","Amino acids, peptides, and analogues",1.15040586221975,FALSE,0.456450855450131,0.100324967207668,0.246991116703822,0.813149101071536,0.957074930669308,8,"Proteomics"
"FT1230PR","L-Lysine","C00047","Carboxylic acids and derivatives","Amino acids, peptides, and analogues",0.293868088564958,FALSE,0.0694894986674283,0.100301241209725,0.246932111733884,0.813192696517099,0.957074930669308,8,"Proteomics"
"FT1683PR","Serotonin","C00780","Indoles and derivatives","Tryptamines and derivatives",0.732594553844589,FALSE,0.394544343302615,-0.0999086606190393,-0.245955851755823,0.81391410633502,0.957074930669308,8,"Proteomics"
"FT1825PR","N8-Acetylspermidine","C01029","Carboximidic acids and derivatives","Carboximidic acids",0.802405432372022,FALSE,0.517199792633864,-0.0994888886617917,-0.244912101285804,0.814685609738847,0.957074930669308,8,"Proteomics"
"FT1650PR","Ethyl lysine",NA,"Carboxylic acids and derivatives","Amino acids, peptides, and analogues",0.403587432258258,FALSE,-0.159152189153088,0.0992620986020601,0.244348249544907,0.815102483833064,0.957074930669308,8,"Proteomics"
"FT1449PR","S-Allylcysteine","C16759","Carboxylic acids and derivatives","Amino acids, peptides, and analogues",0.0261020111506032,FALSE,-0.0245202139322521,0.0988580113033662,0.243343691734417,0.815845350708138,0.957074930669308,8,"Proteomics"
"FT0490NR","Ornithine","C00077","Carboxylic acids and derivatives","Amino acids, peptides, and analogues",0.306336684690969,FALSE,0.0609846982533116,0.098625757249223,0.242766365053379,0.81627237669922,0.957074930669308,8,"Proteomics"
"FT5337PR","N-Oleoyl Glutamine",NA,"Carboxylic acids and derivatives","Amino acids, peptides, and analogues",1.64971924147447,TRUE,1.11725260710427,-0.0985448968467427,-0.242565375308785,0.816421057196465,0.957074930669308,8,"Proteomics"
"FT3783PR","Enigmol",NA,"Organonitrogen compounds","Amines",0.354257516284124,FALSE,-0.168918054523088,-0.0983921207159484,-0.242185642287549,0.816701984404065,0.957074930669308,8,"Proteomics"
"FT3586PR","2-(4-Methyl-3-pentenyl)anthraquinone",NA,"Anthracenes","Anthraquinones",0.392640414548445,FALSE,0.162122406314014,-0.0983341101445398,-0.24204145852524,0.816808659645656,0.957074930669308,8,"Proteomics"
"FT3266PR","Glutarylcarnitine",NA,"Carboxylic acids and derivatives","Tricarboxylic acids and derivatives",1.62570375488506,FALSE,-1.27874059616829,0.0977173304337302,0.240508622404333,0.817943003329936,0.957074930669308,8,"Proteomics"
"FT6607NR","4-(cytidine 5'-diphospho)-2-C-methyl-D-erythritol","C11435","Pyrimidine nucleotides","Pyrimidine ribonucleotides",0.878866558012458,FALSE,0.375317791896282,0.0976280226534301,0.240286695744084,0.818107275688032,0.957074930669308,8,"Proteomics"
"FT5348PR","5beta-Cholane-3alpha,7alpha,23,24-tetrol",NA,"Steroids and steroid derivatives","Bile acids, alcohols and derivatives",0.669599088255414,FALSE,-0.360667401212418,-0.097383748434095,-0.239679712911175,0.818556622199459,0.957074930669308,8,"Proteomics"
"FT0916PR","2-Acetyl-4,5-dihydrothiazole",NA,"Azolines","Thiazolines",0.264669730861457,FALSE,0.0801685916312814,-0.0971020379902359,-0.238979761265929,0.819074886864049,0.957074930669308,8,"Proteomics"
"FT2931PR","Muscone",NA,"Organooxygen compounds","Carbonyl compounds",0.308362254963454,FALSE,-0.120587671600434,-0.0946920003515227,-0.232994014862446,0.823510973041644,0.959844421108281,8,"Proteomics"
"FT6005NR","(3beta,17alpha,23S)-17,23-Epoxy-3,29-dihydroxy-27-norlanost-8-en-24-one",NA,"Prenol lipids","Triterpenoids",2.34505480633124,FALSE,2.34697470857842,0.0941808959904174,0.231725133543547,0.824452276825348,0.959844421108281,8,"Proteomics"
"FT3759PR","Ethynodiol",NA,"Steroids and steroid derivatives","Estrane steroids",0.823244356629952,FALSE,-0.438598875947952,-0.0937009679214534,-0.230533819631944,0.825336329564262,0.959844421108281,8,"Proteomics"
"FT4879PR","N-Benzyloctadecanamide",NA,"Fatty Acyls","Fatty amides",0.0871913086163031,FALSE,0.0502936926110973,0.0936587428655739,0.230429013162997,0.825414118028398,0.959844421108281,8,"Proteomics"
"FT4145PR","N-(14-Methylhexadecanoyl)pyrrolidine",NA,"Pyrrolidines","N-acylpyrrolidines",0.481300433450354,FALSE,-0.169031349091919,-0.0925086297258942,-0.227574807091122,0.827533371952524,0.959844421108281,8,"Proteomics"
"FT3903NR","FA(24:6)",NA,"Fatty Acyls","Fatty acids and conjugates",0.443970660702014,FALSE,0.147128188509162,-0.0919675814662733,-0.22623242008995,0.828530648944813,0.959844421108281,8,"Proteomics"
"FT6777NR","Dihydroergotamine","C07798","Ergoline and derivatives","Lysergic acids and derivatives",3.22761322012986,TRUE,4.32143394447783,-0.0918857046202269,-0.22602929426795,0.828681584365504,0.959844421108281,8,"Proteomics"
"FT2168NR","9-HYDROXY-8-(2-HYDROXYPROPAN-2-YL)-2H,8H,9H-FURO[2,3-H]CHROMEN-2-ONE",NA,"Coumarins and derivatives","Furanocoumarins",1.68669984994134,FALSE,1.93098155514801,0.0917869555750204,0.225784316861398,0.828863628842505,0.959844421108281,8,"Proteomics"
"FT0618PR","2,5-Dimethylpyrazine",NA,"Diazines","Pyrazines",0.347415462817872,FALSE,0.0879063057859453,0.0900645187062883,0.221512355834142,0.832040016300749,0.959844421108281,8,"Proteomics"
"FT4027NR","N-palmitoyl taurine",NA,"Fatty Acyls","Fatty amides",0.0330908933776465,FALSE,0.0205786168401644,-0.0898887581677421,-0.221076550637248,0.832364252953128,0.959844421108281,8,"Proteomics"
"FT2483PR","5-Hydroxyferulic acid","C05619","Cinnamic acids and derivatives","Hydroxycinnamic acids and derivatives",0.270521391451621,FALSE,-0.0705456852238685,0.0896912495214817,0.220586844994117,0.832728634372352,0.959844421108281,8,"Proteomics"
"FT5995NR","LysoPE(20:3/0:0)",NA,"Glycerophospholipids","Glycerophosphoethanolamines",0.693535499863708,FALSE,0.189688115426929,0.0894061547915903,0.219880023466193,0.833254648234754,0.959844421108281,8,"Proteomics"
"FT5814PR","MG(24:1/0:0)",NA,"Glycerolipids","Monoradylglycerols",0.0256920742723635,FALSE,0.0196533302093481,0.0892707623275085,0.21954437059253,0.833504472965544,0.959844421108281,8,"Proteomics"
"FT6395NR","LysoPS(20:4/0:0)",NA,"Glycerophospholipids","Glycerophosphoserines",1.01563846056678,FALSE,0.341894447956346,0.0890682195714231,0.219042267625832,0.833878225424243,0.959844421108281,8,"Proteomics"
"FT7000NR","FA(20:4)",NA,"Fatty Acyls","Fatty acids and conjugates",0.89413532505658,FALSE,0.27967722437013,0.0886966697321871,0.218121267701017,0.834563917548492,0.959844421108281,8,"Proteomics"
"FT5026NR","C6S",NA,"Morphinans","Unclassified",0.707369724736461,FALSE,0.236698396553264,-0.0880887558348271,-0.216614564892875,0.835686013884823,0.959844421108281,8,"Proteomics"
"FT2370PR","Benzoic acid sulfate",NA,"Benzene and substituted derivatives","Benzoic acids and derivatives",0.0195013626654897,FALSE,-0.0246886500832173,0.0875153424657843,0.215193594560058,0.836744650698847,0.959844421108281,8,"Proteomics"
"FT5374PR","Hyaluronic acid","C00518","Organooxygen compounds","Carbohydrates and carbohydrate conjugates",1.48112063462508,TRUE,0.728278523428015,0.0866036635181821,0.21293481465879,0.838428234417376,0.959844421108281,8,"Proteomics"
"FT4449PR","Heptaethylene glycol",NA,"Organooxygen compounds","Ethers",2.01152617805238,FALSE,-1.75550834602362,0.08659533005492,0.212914170127308,0.838443626177608,0.959844421108281,8,"Proteomics"
"FT2073NR","N-lauroyl glycine",NA,"Carboxylic acids and derivatives","Amino acids, peptides, and analogues",1.114331901047,FALSE,-0.616146691055985,-0.0865320967386738,-0.212757523374008,0.838560418459975,0.959844421108281,8,"Proteomics"
"FT5119PR","19-Hydroxyprostaglandin F",NA,"Fatty Acyls","Eicosanoids",1.00765640581285,FALSE,0.509119425406232,0.086164714808839,0.211847465938387,0.839239025794006,0.959844421108281,8,"Proteomics"
"FT4081NR","Nervonic acid","C08323","Fatty Acyls","Fatty acids and conjugates",1.18367194761454,TRUE,-0.536993518313918,-0.0860979646318034,-0.211682125588117,0.839362332288781,0.959844421108281,8,"Proteomics"
"FT7525PR","PC(18:0/18:1)",NA,"Glycerophospholipids","Glycerophosphocholines",0.325715213037541,FALSE,-0.0955813612937189,0.0860177138752867,0.211483348071509,0.839510581960499,0.959844421108281,8,"Proteomics"
"FT1453PR","L-Carnitine","C00318","Organonitrogen compounds","Quaternary ammonium salts",0.204002864937124,FALSE,-0.0772561792861025,-0.0853564072231983,-0.209845478745461,0.840732390588407,0.959844421108281,8,"Proteomics"
"FT4441NR","16,17S-DHA-epoxide",NA,"Fatty Acyls","Fatty acids and conjugates",0.4789675845041,FALSE,-0.218593798636155,-0.0851925975036198,-0.209439811711809,0.841035083120657,0.959844421108281,8,"Proteomics"
"FT2139NR","5alpha-Androstane",NA,"Steroids and steroid derivatives","Androstane steroids",0.53198836215818,FALSE,0.13406383614613,-0.0847717471215254,-0.208397673970735,0.84181282108846,0.959844421108281,8,"Proteomics"
"FT1947NR","Samin",NA,"Benzodioxoles","Unclassified",0.492527726409638,FALSE,-0.1235158463458,-0.0846950067252045,-0.208207656418133,0.841954650586846,0.959844421108281,8,"Proteomics"
"FT3397PR","XANOMELINE","C11767","Organooxygen compounds","Ethers",0.172816911401793,FALSE,-0.0618562796534682,-0.0844754706219144,-0.207664081788873,0.842360411697993,0.959844421108281,8,"Proteomics"
"FT6409PR","PC(9:0/9:0)",NA,"Glycerophospholipids","Glycerophosphocholines",0.0711508062707211,FALSE,-0.0510194414948386,-0.0841280718465348,-0.206803979500395,0.843002558951272,0.959844421108281,8,"Proteomics"
"FT6917NR","Metkephamid",NA,"Carboxylic acids and derivatives","Amino acids, peptides, and analogues",3.06693564475439,TRUE,3.70852999526972,-0.084013263760989,-0.206519750256677,0.843214791929323,0.959844421108281,8,"Proteomics"
"FT6406PR","Tauro-b-muricholic acid",NA,"Steroids and steroid derivatives","Bile acids, alcohols and derivatives",3.20499897138517,TRUE,4.03602502008385,-0.084013263760989,-0.206519750256677,0.843214791929323,0.959844421108281,8,"Proteomics"
"FT5340PR","26-oxohexacosanoic acid",NA,"Fatty Acyls","Fatty acids and conjugates",0.0977692354835322,FALSE,0.065239381499665,-0.0832385372000036,-0.204601983301971,0.844647158048798,0.959844421108281,8,"Proteomics"
"FT2284PR","Tetradecylamine",NA,"Organonitrogen compounds","Amines",0.892578681633522,FALSE,-0.414201076468686,-0.0831264316354226,-0.204324506934468,0.844854457189683,0.959844421108281,8,"Proteomics"
"FT3654NR","Sphalleroside A",NA,"Organooxygen compounds","Carbohydrates and carbohydrate conjugates",1.25923043843004,FALSE,0.839111364583799,0.0831256591109132,0.204322594859397,0.844855885724434,0.959844421108281,8,"Proteomics"
"FT1391PR","Benzenesulfonamide",NA,"Benzene and substituted derivatives","Benzenesulfonamides",0.746697523609871,FALSE,0.293615280481529,0.0824214700280018,0.202579810593755,0.846158209408412,0.960541159540168,8,"Proteomics"
"FT0986NR","Phosphonoacetic acid","C05682","Organic phosphonic acids and derivatives","Organic phosphonic acids",0.185741189673996,FALSE,0.0513417164901601,-0.0814984647678389,-0.200295944528568,0.847865671264772,0.961235429246558,8,"Proteomics"
"FT1404PR","Decylamine",NA,"Organonitrogen compounds","Amines",0.420105250019547,FALSE,-0.228673122994221,-0.0809837995052658,-0.199022692599542,0.848817972427331,0.961235429246558,8,"Proteomics"
"FT3450PR","5'-Amino-5'-deoxyadenosine",NA,"5'-deoxyribonucleosides","Unclassified",1.34678734549139,TRUE,0.506641314766166,0.0809727280115668,0.198995304132462,0.84883846011658,0.961235429246558,8,"Proteomics"
"FT6256NR","LysoPE(22:4/0:0)",NA,"Glycerophospholipids","Glycerophosphoethanolamines",0.668943844819038,FALSE,0.206305490787879,0.0801141004343891,0.196871471316868,0.85042756641553,0.961471488176052,8,"Proteomics"
"FT5117PR","Gln-Val-Phe",NA,"Carboxylic acids and derivatives","Amino acids, peptides, and analogues",2.098566168661,FALSE,-1.79089213373362,0.0799575109047137,0.196484191620667,0.850717422316574,0.961471488176052,8,"Proteomics"
"FT0179PR","t-4-AMINOCROTONIC ACID (TACA)",NA,"Fatty Acyls","Fatty acids and conjugates",0.714579544026033,FALSE,0.336927034670066,0.0796492498564425,0.195721838281103,0.85128807327192,0.961471488176052,8,"Proteomics"
"FT3652NR","Phenylalanylmethionine",NA,"Carboxylic acids and derivatives","Amino acids, peptides, and analogues",0.165527286216088,FALSE,-0.202737785870483,-0.0790176423633788,-0.194160000518289,0.852457477123171,0.961471488176052,8,"Proteomics"
"FT2852PR","L-Aspartyl-4-phosphate","C03082","Carboxylic acids and derivatives","Amino acids, peptides, and analogues",0.312501349454061,FALSE,0.0716452548195276,0.0782248194465899,0.192199842389806,0.853925699207789,0.961471488176052,8,"Proteomics"
"FT5376NR","Norselic acid A",NA,"Steroids and steroid derivatives","Stigmastanes and derivatives",1.54029205116372,TRUE,0.664297517036997,0.0778994221782911,0.19139544368019,0.854528405962389,0.961471488176052,8,"Proteomics"
"FT4774NR","6-Thioinosine-5'-monophosphate","C04646","Purine nucleotides","Purine ribonucleotides",0.73378686604366,FALSE,0.206048013561314,-0.0778720994868986,-0.191327903392335,0.854579016351374,0.961471488176052,8,"Proteomics"
"FT4876NR","Ascorbyl palmitate",NA,"Fatty Acyls","Fatty acid esters",0.639411944291155,FALSE,-0.275116651325703,-0.077751585011697,-0.191030002981616,0.854802252987071,0.961471488176052,8,"Proteomics"
"FT1738PR","L-Tyrosine","C00082","Carboxylic acids and derivatives","Amino acids, peptides, and analogues",1.18946508656911,TRUE,0.511938830148247,0.0775075024572003,0.190426679736195,0.855254408420592,0.961471488176052,8,"Proteomics"
"FT4958NR","11beta-Hydroxy-3,20-dioxopregn-4-en-21-oic acid",NA,"Steroids and steroid derivatives","Oxosteroids",0.577353916425675,FALSE,-0.184838325900051,0.0770227564323983,0.189228586567781,0.856152487504761,0.961705533909457,8,"Proteomics"
"FT5247NR","Etarotene",NA,"Stilbenes","Unclassified",1.01413535642106,FALSE,0.457565807375981,0.0759268143796923,0.186520363980066,0.858183413110784,0.961732059380914,8,"Proteomics"
"FT6484PR","PC(6:0/6:0)",NA,"Glycerophospholipids","Glycerophosphocholines",0.0929824920594616,FALSE,0.0496653845779473,-0.0756339985381968,-0.185796891532211,0.858726155119111,0.961732059380914,8,"Proteomics"
"FT1896NR","N-Acetyltryptophan",NA,"Carboxylic acids and derivatives","Amino acids, peptides, and analogues",1.07017078444524,FALSE,0.508485392417833,0.0756280897911223,0.185782293039884,0.858737107638527,0.961732059380914,8,"Proteomics"
"FT2749PR","Leucylleucine","C11332","Carboxylic acids and derivatives","Amino acids, peptides, and analogues",0.194561747988694,FALSE,-0.0721637367624871,-0.0755209349148358,-0.185517553417511,0.858935734525995,0.961732059380914,8,"Proteomics"
"FT5694NR","Dolicholide",NA,"Steroids and steroid derivatives","Steroid lactones",0.279061774438733,FALSE,0.0682696094695956,-0.0748784506253689,-0.183930350272566,0.860126806343471,0.962292751238201,8,"Proteomics"
"FT4105PR","Toxin T2 tetrol",NA,"Prenol lipids","Sesquiterpenoids",1.78004284693788,FALSE,-1.44561315588727,0.0743009039997746,0.18250376679852,0.861197690039947,0.962718187582748,8,"Proteomics"
"FT3420PR","5-Methylthioribulose 1-phosphate","C04582","Organooxygen compounds","Carbonyl compounds",0.437365227243242,FALSE,0.146444429355949,0.0734565707982717,0.180418532381489,0.86276358016523,0.963657162832967,8,"Proteomics"
"FT6056NR","alpha-Tocopherol phosphate",NA,"Prenol lipids","Quinone and hydroquinone lipids",0.657223091630967,FALSE,0.234359218562497,0.0729713691557806,0.17922041544681,0.863663606277104,0.963657162832967,8,"Proteomics"
"FT6195PR","Cer(d14:1/18:0)",NA,"Fatty Acyls","Fatty amides",0.527222994920692,FALSE,0.171522191750832,-0.0727299279156361,-0.178624268078339,0.864111516170164,0.963657162832967,8,"Proteomics"
"FT1856NR","3-Pyroglutamylthiazolidine-4-carboxylic acid",NA,"Carboxylic acids and derivatives","Amino acids, peptides, and analogues",0.101314423793635,FALSE,0.0543714559854627,-0.0714419418842347,-0.175444606954829,0.86650145627889,0.96551952486302,8,"Proteomics"
"FT2573NR","Myristoylglycine",NA,"Carboxylic acids and derivatives","Amino acids, peptides, and analogues",0.355518463537345,FALSE,0.167690028431497,-0.07108348875721,-0.174559848544365,0.867166746864061,0.96551952486302,8,"Proteomics"
"FT3707NR","(+/-)-13-HDoHE",NA,"Fatty Acyls","Fatty acids and conjugates",0.383810444007017,FALSE,-0.157035315723439,-0.0701157749770115,-0.172171609972909,0.868963167311941,0.966747530114003,8,"Proteomics"
"FT2741PR","Pro-Glu",NA,"Carboxylic acids and derivatives","Amino acids, peptides, and analogues",1.39257903187619,FALSE,0.710449417935315,0.068703867522875,0.168688012088698,0.87158504619443,0.96889119170258,8,"Proteomics"
"FT3198NR","Topsentolide A2",NA,"Fatty Acyls","Eicosanoids",0.643941248964767,FALSE,-0.244787493443437,-0.0678606653207092,-0.166608067209148,0.873151341745565,0.969483763568964,8,"Proteomics"
"FT2303NR","FA(13:3;O)",NA,"Fatty Acyls","Fatty acids and conjugates",0.556381537981303,FALSE,0.183127380910514,0.067668126676006,0.166133178486618,0.87350904378954,0.969483763568964,8,"Proteomics"
"FT5945NR","Taurodeoxycholic acid","C05463","Steroids and steroid derivatives","Bile acids, alcohols and derivatives",3.08478503722227,FALSE,4.25899965447187,-0.0668711931583753,-0.164167772147956,0.874989800992907,0.970219384588807,8,"Proteomics"
"FT2817NR","1R-cis-3,3,5-Trimethylcyclohexyl ester5-oxo-L-proline",NA,"Carboxylic acids and derivatives","Amino acids, peptides, and analogues",1.59203361608081,FALSE,2.07900191473677,-0.0664448561414185,-0.163116464864527,0.875782094883018,0.970219384588807,8,"Proteomics"
"FT3764NR","Inosinic acid","C00130","Purine nucleotides","Purine ribonucleotides",0.756421931717866,FALSE,-0.343140410929054,0.0661878072872158,0.16248264978679,0.876259831561914,0.970219384588807,8,"Proteomics"
"FT5738PR","N-hexacosanoylglycine",NA,"Carboxylic acids and derivatives","Amino acids, peptides, and analogues",0.123107811396084,FALSE,-0.124114584060302,-0.0625040688760636,-0.153403023128408,0.883109748500893,0.975210952430674,8,"Proteomics"
"FT4685PR","MG(20:4/0:0)","C13856","Endocannabinoids","Unclassified",0.361061424458518,FALSE,0.164842899835679,-0.0622052603521111,-0.152666805143546,0.883665666199765,0.975210952430674,8,"Proteomics"
"FT2611PR","(S)-2,3-Dihydro-7-hydroxy-2-methyl-4-oxo-4H-1-benzopyran-5-acetic acid",NA,"Benzopyrans","1-benzopyrans",0.677303885473039,FALSE,-0.241236848281451,0.0621515752840753,0.152534537812733,0.88376554887625,0.975210952430674,8,"Proteomics"
"FT0714NR","Xanthine","C00385","Imidazopyrimidines","Purines and purine derivatives",0.512459559404453,FALSE,0.144514612534711,-0.0614217941399654,-0.150736660747994,0.885123460812053,0.975210952430674,8,"Proteomics"
"FT3059NR","Trp-Ala",NA,"Carboxylic acids and derivatives","Amino acids, peptides, and analogues",1.45652535067911,FALSE,2.24229854675157,-0.0612095802376121,-0.150213899671151,0.88551837559178,0.975210952430674,8,"Proteomics"
"FT1852PR","N-Acetyl-L-glutamic acid","C00624","Carboxylic acids and derivatives","Amino acids, peptides, and analogues",0.571045768520382,FALSE,0.195359043581846,-0.0609691073255791,-0.149621550944569,0.885965903241734,0.975210952430674,8,"Proteomics"
"FT1428PR","Succinimidyl carbonate",NA,"Pyrrolidines","Pyrrolidones",0.200015752412576,FALSE,-0.0844905249834523,0.0602830799377107,0.147931826426572,0.887242766210455,0.975210952430674,8,"Proteomics"
"FT5311PR","Corchoionol C 9-glucoside",NA,"Fatty Acyls","Fatty acyl glycosides",2.13637991698917,FALSE,-1.83422298735287,0.0601779778289856,0.147672972594672,0.887438405454919,0.975210952430674,8,"Proteomics"
"FT2136PR","3-Hydroxy-N6,N6,N6-trimethyl-L-lysine","C01259","Carboxylic acids and derivatives","Amino acids, peptides, and analogues",1.18246553865189,FALSE,-1.33129181758779,-0.0597953101247136,-0.146730549721376,0.888150752959305,0.975210952430674,8,"Proteomics"
"FT0981PR","Creatine","C00300","Carboxylic acids and derivatives","Amino acids, peptides, and analogues",0.259425811243779,FALSE,-0.0705748532518577,0.0596699942047014,0.146421939456869,0.888384046577798,0.975210952430674,8,"Proteomics"
"FT1114NR","Ectoine","C06231","Carboxylic acids and derivatives","Amino acids, peptides, and analogues",1.37031195093395,FALSE,0.797124589528211,-0.0590235480470897,-0.144830073628558,0.889587610042676,0.975210952430674,8,"Proteomics"
"FT1523PR","3-Aminopiperidine-2,6-dione",NA,"Carboxylic acids and derivatives","Amino acids, peptides, and analogues",0.819760749618516,FALSE,0.447501469383013,-0.0588938335558571,-0.144510675356699,0.88982913676166,0.975210952430674,8,"Proteomics"
"FT1448NR","3-hydroxybenzoic acid-3-O-sulphate",NA,"Organic sulfuric acids and derivatives","Arylsulfates",0.34541500057913,FALSE,-0.135959826225005,-0.0588759132859775,-0.144466550539034,0.889862504656971,0.975210952430674,8,"Proteomics"
"FT5681NR","LysoPE(0:0/18:2)",NA,"Glycerophospholipids","Glycerophosphoethanolamines",0.885849045479326,FALSE,0.278688969255213,0.0581591218170666,0.142701719873751,0.891197299898125,0.975715762917644,8,"Proteomics"
"FT4567NR","Val-Asn-Glu",NA,"Carboxylic acids and derivatives","Amino acids, peptides, and analogues",0.866638609430551,FALSE,0.375910829089998,-0.0578768436432337,-0.142006776470524,0.891723014316412,0.975715762917644,8,"Proteomics"
"FT4436PR","N-Benzoyl-tyrosinyl-glycine",NA,"Carboxylic acids and derivatives","Amino acids, peptides, and analogues",0.1032047226643,FALSE,-0.169724051126752,0.0555628840459463,0.136311289628922,0.896033813361616,0.979350078031602,8,"Proteomics"
"FT4519NR","(-)-Tylophorine",NA,"Phenanthrenes and derivatives","Phenanthroindolizidines",0.0415687029430121,FALSE,-0.0067002046682022,0.0548510144789844,0.134559570063669,0.897360444932089,0.979350078031602,8,"Proteomics"
"FT5610NR","Withaferin A","C08841","Steroids and steroid derivatives","Steroid lactones",0.175982654044772,FALSE,0.0341140530178454,0.0547408943798231,0.134288612562289,0.897565682055706,0.979350078031602,8,"Proteomics"
"FT4989NR","FA(22:6;O3)",NA,"Fatty Acyls","Eicosanoids",0.49595165555535,FALSE,-0.297092769884601,0.0542424453205308,0.133062208301942,0.898494731997184,0.979350078031602,8,"Proteomics"
"FT0777PR","2-Amino-1-phenylethanol","C02735","Organonitrogen compounds","Amines",1.1592543963905,FALSE,0.466703706377463,0.0540834983696617,0.132671149807635,0.898791011501869,0.979350078031602,8,"Proteomics"
"FT7015NR","14-chlorotetracosane-1,15-disulfate",NA,"Organic sulfuric acids and derivatives","Sulfuric acid esters",0.616028156015873,FALSE,0.220645240136248,-0.0534171562623101,-0.131031852557092,0.900033194062121,0.979350078031602,8,"Proteomics"
"FT1201NR","D-Glucuronic acid","C00191","Organooxygen compounds","Carbohydrates and carbohydrate conjugates",0.718305369514627,FALSE,0.27159468428708,0.0527975265602254,0.12950763208869,0.901188455431874,0.979350078031602,8,"Proteomics"
"FT2691NR","Emtricitabine","C12599","Nucleoside and nucleotide analogues","3'-thia pyrimidine nucleosides",1.08816552647299,FALSE,-0.526819441260568,-0.052676372536357,-0.129209624191162,0.901414357413725,0.979350078031602,8,"Proteomics"
"FT4555PR","Tetrahydroalstonine",NA,"Yohimbine alkaloids","Unclassified",0.0978010264232083,FALSE,0.0210793263011636,-0.0526293313883584,-0.129093916546847,0.901502071194412,0.979350078031602,8,"Proteomics"
"FT1678NR","2-(Sec-butyldisulfanyl)-1h-imidazole",NA,"Azoles","Imidazoles",1.51840251467124,TRUE,0.770509301002496,-0.0523247915547609,-0.128344857284329,0.902069942749338,0.979350078031602,8,"Proteomics"
"FT1060PR","Dopamine","C03758","Phenols","Benzenediols",1.20423313988917,TRUE,0.509545962395061,0.0518950065082187,0.127287800557037,0.902871419168317,0.979457399471311,8,"Proteomics"
"FT3384NR","Cyclic AMP","C00575","Purine nucleotides","Cyclic purine nucleotides",0.488062740335022,FALSE,0.154838093491881,-0.0505692146876474,-0.124027458521082,0.905344245818298,0.981376266462447,8,"Proteomics"
"FT6769PR","Rutaretin 9-rutinoside",NA,"Coumarins and derivatives","Coumarin glycosides",1.3112740556603,TRUE,0.73178560685148,0.0494926943087636,0.121380600718515,0.907352628909907,0.982702422532403,8,"Proteomics"
"FT1843NR","DL-Dopa","C00355","Carboxylic acids and derivatives","Amino acids, peptides, and analogues",0.84367114360926,FALSE,0.366006274504382,0.0487573393428233,0.119572816097103,0.908724772597274,0.982702422532403,8,"Proteomics"
"FT5523PR","Nebrosteroid K",NA,"Steroids and steroid derivatives","Cholestane steroids",0.800112799161355,FALSE,0.248635961038165,0.0487404043866547,0.119531185785184,0.908756374900219,0.982702422532403,8,"Proteomics"
"FT2571NR","3alpha-Tigloyloxytropane N-oxide",NA,"Tropane alkaloids","Unclassified",1.74729306360167,FALSE,2.15882162211261,-0.0484022296881347,-0.118699890298992,0.909387464179914,0.982702422532403,8,"Proteomics"
"FT5013PR","cholesta-6,8(14)-dien-3beta,5alpha-diol",NA,"Steroids and steroid derivatives","Cholestane steroids",0.459379961146303,FALSE,0.151755392370547,-0.0470235881480944,-0.115311356656911,0.911960660248315,0.98381402951114,8,"Proteomics"
"FT1892PR","(S)-11,12,13-Trinor-7-calamenone",NA,"Tetralins","Unclassified",0.129179816895796,FALSE,-0.0963108017794033,0.0467963639846159,0.114752931148529,0.912384832549812,0.98381402951114,8,"Proteomics"
"FT5711NR","LPC(O-16:1/0:0)",NA,"Glycerophospholipids","Glycerophosphocholines",0.955634719228459,FALSE,0.311508232979731,-0.0467167878949175,-0.11455736938445,0.912533386053015,0.98381402951114,8,"Proteomics"
"FT5906NR","Sitosteryl 3E-pentenoate",NA,"Prenol lipids","Triterpenoids",0.382425495353998,FALSE,0.10580278303463,0.0462814092782824,0.113487445750521,0.913346194646484,0.983847731131081,8,"Proteomics"
"FT2115PR","N-lactoyl-Methionine",NA,"Carboxylic acids and derivatives","Amino acids, peptides, and analogues",0.436012462077068,FALSE,-0.165881311842237,-0.0457712144906057,-0.112233747127727,0.914298761096843,0.983847731131081,8,"Proteomics"
"FT2722PR","Genipin","C09780","Prenol lipids","Monoterpenoids",1.74863450671109,FALSE,2.32688225852491,-0.0453103337599514,-0.111101303333975,0.915159331719014,0.983847731131081,8,"Proteomics"
"FT1108PR","Nicotinamide N-oxide",NA,"Pyridines and derivatives","Pyridinecarboxylic acids and derivatives",0.106722061452115,FALSE,-0.0301437524685847,-0.0450144899566069,-0.110374414206598,0.915711778340377,0.983847731131081,8,"Proteomics"
"FT4840PR","Gondoyl-EA",NA,"Organonitrogen compounds","Amines",0.0191592705685507,FALSE,-0.00777322179108979,0.0444051572211921,0.108877373289083,0.916849714076145,0.983847731131081,8,"Proteomics"
"FT1474NR","5-Fluoroorotic acid",NA,"Diazines","Pyrimidines and pyrimidine derivatives",0.964990877386396,FALSE,0.324462321719264,-0.0432311617334254,-0.105993380838003,0.919042510323462,0.983847731131081,8,"Proteomics"
"FT4409NR","2-beta-Ethoxydihydrophytuberin",NA,"Prenol lipids","Sesquiterpenoids",0.250723114926905,FALSE,0.0987222104192976,0.0431813896475386,0.105871122439214,0.919135484883503,0.983847731131081,8,"Proteomics"
"FT3627NR","5-amino-1-(5-phosphonato-D-ribosyl)imidazol-3-ium",NA,"Organooxygen compounds","Carbohydrates and carbohydrate conjugates",0.259153144277289,FALSE,0.0675242776067132,0.0429340856978252,0.105263665420066,0.919597462026577,0.983847731131081,8,"Proteomics"
"FT1089NR","2-deoxy-ribonic acid",NA,"Hydroxy acids and derivatives","Beta hydroxy acids and derivatives",1.11424940800638,FALSE,0.594448207306795,-0.0425703343602542,-0.104370211837844,0.920277004871621,0.983847731131081,8,"Proteomics"
"FT4713NR","1-O-p-Coumaroyl-(b-D-glucose 6-O-sulfate)",NA,"Cinnamic acids and derivatives","Hydroxycinnamic acids and derivatives",1.39252310328148,FALSE,1.94100837578306,-0.0425698559540982,-0.104369036794175,0.920277898634957,0.983847731131081,8,"Proteomics"
"FT4739PR","Kinetin riboside",NA,"Purine nucleosides","Unclassified",2.20880426024254,FALSE,-1.9817340043121,0.0425429577736786,0.104302970584824,0.920328150211571,0.983847731131081,8,"Proteomics"
"FT4070NR","Corylin",NA,"Isoflavonoids","Pyranoisoflavonoids",0.197226163575888,FALSE,-0.14377315765722,0.0417287153939512,0.102303168666408,0.921849438208245,0.983853818964783,8,"Proteomics"
"FT2416NR","5-(3-Aminopropylphosphanyloxy)-2-(hydroxymethyl)pyran-4-one",NA,"Pyrans","Pyranones and derivatives",0.895249132414319,FALSE,0.398190839761683,-0.0415840125749642,-0.101947796003963,0.922119815200051,0.983853818964783,8,"Proteomics"
"FT4535NR","1,3,8-Trihydroxy-4-methyl-2,7-diprenylxanthone",NA,"Benzopyrans","1-benzopyrans",0.676316384978863,FALSE,0.25818325792108,0.0413688652588865,0.101419432030658,0.922521829670248,0.983853818964783,8,"Proteomics"
"FT4994PR","(10Z,12E)-Pentadeca-10,12-dienoylcarnitine",NA,"Fatty Acyls","Fatty acid esters",0.237492468363314,FALSE,0.0458646227640649,0.0403409468328279,0.0988952389070583,0.924442747791015,0.983853818964783,8,"Proteomics"
"FT3241NR","(+/-)-Equol 4'-sulfate",NA,"Isoflavonoids","Isoflavans",0.52511474986021,FALSE,0.292573358557832,-0.0402202854494083,-0.0985989592950867,0.924668254318189,0.983853818964783,8,"Proteomics"
"FT5075PR","5alpha-cholestanone","C03238","Steroids and steroid derivatives","Cholestane steroids",0.0932953752083342,FALSE,-0.0189594407460033,0.0401928066885711,0.0985314868077762,0.924719610549746,0.983853818964783,8,"Proteomics"
"FT6218NR","AKOS016036387",NA,"Prenol lipids","Triterpenoids",0.665825158438082,FALSE,0.313096773344564,-0.0394295608178276,-0.0966574702258846,0.9261461636707,0.983853818964783,8,"Proteomics"
"FT1672NR","Perflutren",NA,"Organofluorides","Unclassified",0.1755522233246,FALSE,-0.0254988018125042,0.0394028220443384,0.096591820941269,0.926196143208283,0.983853818964783,8,"Proteomics"
"FT2392PR","2-Chloro-L-phenylalanine",NA,"Carboxylic acids and derivatives","Amino acids, peptides, and analogues",0.342783797493085,FALSE,0.0560453187014482,-0.0390631040931686,-0.0957577603226166,0.926831154979292,0.983853818964783,8,"Proteomics"
"FT2720PR","Cytidine","C00475","Pyrimidine nucleosides","Unclassified",0.696816290374474,FALSE,0.230507814777547,-0.0387489098446039,-0.0949863939872052,0.927418487077768,0.983853818964783,8,"Proteomics"
"FT2747PR","Butanoyl (2S)-2-amino-5-(diaminomethylideneamino)pentanoate",NA,"Carboxylic acids and derivatives","Amino acids, peptides, and analogues",0.750179687168856,FALSE,0.256147812279097,-0.0383724294716304,-0.0940621484993272,0.928122290078061,0.983853818964783,8,"Proteomics"
"FT4872NR","Trp-Asp-Ile",NA,"Carboxylic acids and derivatives","Amino acids, peptides, and analogues",0.603490829356448,FALSE,0.291865909578046,-0.0380082293141294,-0.0931680886665734,0.928803174862019,0.983853818964783,8,"Proteomics"
"FT3678NR","Asp-Pro-Ile",NA,"Carboxylic acids and derivatives","Amino acids, peptides, and analogues",0.648149879841154,FALSE,0.155276469040115,0.0370842699502344,0.0909000652090518,0.930530717398773,0.984512795564199,8,"Proteomics"
"FT4020NR","4-Amino-5-hydroxymethyl-2-methylpyrimidine diphosphate",NA,"Organic oxoanionic compounds","Organic pyrophosphates",1.07630180217965,FALSE,0.44487461732923,-0.0366447605676434,-0.0898212931409271,0.931352559149364,0.984512795564199,8,"Proteomics"
"FT1817NR","8-Nitroguanine",NA,"Imidazopyrimidines","Purines and purine derivatives",0.591862417859898,FALSE,0.198146436795197,0.0365423689211453,0.0895699812282613,0.931544029662252,0.984512795564199,8,"Proteomics"
"FT2635NR","3'-Hydroxyamobarbital",NA,"Diazines","Pyrimidines and pyrimidine derivatives",0.359241842503894,FALSE,0.0922496099256135,0.035781714253442,0.0877031045304555,0.932966529329977,0.984671312213945,8,"Proteomics"
"FT1392PR","Favipiravir",NA,"Diazines","Pyrazines",0.942266895905166,FALSE,0.360604342588446,0.0357067407592387,0.0875191052079059,0.933106745648939,0.984671312213945,8,"Proteomics"
"FT0351NR","2-hydroxy-2-methyl-butyric acid",NA,"Fatty Acyls","Fatty acids and conjugates",0.409659823790406,FALSE,-0.120846722750885,-0.0324295372076794,-0.0794776220566371,0.939237235947413,0.988855832250127,8,"Proteomics"
"FT3694PR","5'-Methylthioadenosine","C00170","5'-deoxyribonucleosides","5'-deoxy-5'-thionucleosides",0.455965287516852,FALSE,0.120880523576979,-0.0319729233030027,-0.0783574090475205,0.940091612390539,0.988855832250127,8,"Proteomics"
"FT1014NR","Pyrophosphate","C00013","Non-metal oxoanionic compounds","Non-metal pyrophosphates",0.0257139769556475,FALSE,-0.0101073505520845,-0.0316548726775266,-0.0775771630339032,0.940686750764034,0.988855832250127,8,"Proteomics"
"FT2693PR","Dioctylamine",NA,"Organonitrogen compounds","Amines",0.562210511492595,FALSE,-0.156303092166319,-0.0304012173112543,-0.0745019065287995,0.943032830101914,0.988855832250127,8,"Proteomics"
"FT0239NR","Glyceric acid","C00258","Organooxygen compounds","Carbohydrates and carbohydrate conjugates",0.133511610207893,FALSE,0.078137470988231,-0.0303837383574333,-0.0744590326203007,0.943065542623201,0.988855832250127,8,"Proteomics"
"FT5211PR","N-Stearoyl Valine",NA,"Carboxylic acids and derivatives","Amino acids, peptides, and analogues",1.38556060479122,FALSE,1.05047615032909,0.0303259707510318,0.0743173356629965,0.943173657371856,0.988855832250127,8,"Proteomics"
"FT4528PR","(1S,2R,4R,8S)-p-Menthane-2,8,9-triol 2-glucoside",NA,"Prenol lipids","Terpene glycosides",1.18206860862621,FALSE,-0.812807210092568,0.0294002186103339,0.0720466782495909,0.944906347806937,0.988855832250127,8,"Proteomics"
"FT5053PR","3-Deoxy-25-hydroxyvitamin D3",NA,"Steroids and steroid derivatives","Vitamin D and derivatives",0.510094523358264,FALSE,0.111955971617216,-0.0292975513079008,-0.0717948704704902,0.945098517516968,0.988855832250127,8,"Proteomics"
"FT2117NR","Mizoribine",NA,"Imidazole ribonucleosides and ribonucleotides","1-ribosyl-imidazolecarboxamides",0.665244414109301,FALSE,0.267579309548316,0.0291705541883413,0.0714833931166991,0.945336230281195,0.988855832250127,8,"Proteomics"
"FT2211NR","2-hydroxy-4-oxobutane-1,2,4-tricarboxylic acid","C04115","Carboxylic acids and derivatives","Tricarboxylic acids and derivatives",1.38891933211479,TRUE,0.806683610870847,0.0290186630712089,0.0711108644661414,0.945620544171568,0.988855832250127,8,"Proteomics"
"FT4814NR","dIDP","C01344","Purine nucleotides","Purine deoxyribonucleotides",0.0358599792257513,FALSE,-0.0185563965419506,0.0285241261662761,0.0698979956578387,0.946546266312529,0.988855832250127,8,"Proteomics"
"FT2979NR","cis-8,11,14-Eicosatrienoic Acid","C03242","Fatty Acyls","Fatty acids and conjugates",0.250644767195414,FALSE,0.0758860261851758,-0.0283364469943386,-0.0694377195131618,0.946897596121958,0.988855832250127,8,"Proteomics"
"FT6350PR","POV-PA",NA,"Glycerophospholipids","Glycerophosphates",0.160364441298174,FALSE,0.0812817362150118,0.0276597752392394,0.0677782680252842,0.948164367199256,0.988855832250127,8,"Proteomics"
"FT3122PR","Valyl-Gamma-glutamate",NA,"Carboxylic acids and derivatives","Amino acids, peptides, and analogues",0.5031493116644,FALSE,0.168577988755849,-0.027297665419762,-0.0668902781568102,0.94884229815092,0.988855832250127,8,"Proteomics"
"FT2543PR","L-Proline, 1-(2-methyl-3-(methylthio)-1-oxopropyl)-, (S)-",NA,"Carboxylic acids and derivatives","Amino acids, peptides, and analogues",0.331447543150985,FALSE,-0.166872590920536,-0.0270398684464213,-0.0662581072911009,0.949324954143656,0.988855832250127,8,"Proteomics"
"FT2559NR","WE(14:0/4:0)",NA,"Fatty Acyls","Fatty alcohol esters",0.196352530580325,FALSE,0.0553006084565115,0.0269753392937086,0.0660998706957215,0.949445769863335,0.988855832250127,8,"Proteomics"
"FT4028PR","Prostaglandin A2","C05953","Fatty Acyls","Eicosanoids",0.421012996096119,FALSE,-0.123345195618085,-0.0266825569728421,-0.0653819283814828,0.949993946707155,0.988855832250127,8,"Proteomics"
"FT5963PR","6-Deoxo-25-methyldolichosterone",NA,"Steroids and steroid derivatives","Bile acids, alcohols and derivatives",3.04083892075863,TRUE,3.36548595910883,0.0265438145103425,0.0650417187697516,0.950253720456632,0.988855832250127,8,"Proteomics"
"FT4956NR","Isoauriculatin",NA,"Isoflavonoids","Isoflavans",0.235274576719166,FALSE,-0.078761693313552,-0.0261796306184862,-0.0641487233411321,0.950935616495679,0.988855832250127,8,"Proteomics"
"FT4415PR","SCHEMBL25690336",NA,"Fatty Acyls","Fatty acids and conjugates",0.103032790725999,FALSE,-0.042380547429503,-0.0256444609198002,-0.0628365092303163,0.951937712593313,0.988855832250127,8,"Proteomics"
"FT0818PR","Niacinamide","C00153","Pyridines and derivatives","Pyridinecarboxylic acids and derivatives",0.219491788723574,FALSE,0.0469260437681601,0.0256278516157702,0.0627957847701185,0.951968814117411,0.988855832250127,8,"Proteomics"
"FT2901NR","Arabinosylhypoxanthine",NA,"Purine nucleosides","Unclassified",0.0666819519623159,FALSE,0.0173355445072967,0.0245680696162338,0.0601974045442212,0.95395340241586,0.990179480988614,8,"Proteomics"
"FT2702PR","1-Ethyl citrate",NA,"Carboxylic acids and derivatives","Tricarboxylic acids and derivatives",0.401879558378974,FALSE,0.122487397443479,0.023941373337187,0.0586609627471432,0.955127075718577,0.990660077047393,8,"Proteomics"
"FT3861NR","13,14-Dihydro-lipoxin A4",NA,"Fatty Acyls","Eicosanoids",0.510557015868436,FALSE,-0.270448274694386,-0.0225388263844949,-0.0552226523426634,0.957754010465893,0.992646164007029,8,"Proteomics"
"FT4027PR","Sterebin D",NA,"Prenol lipids","Sesquiterpenoids",0.424508939047662,FALSE,-0.137881671438388,0.019898306973983,0.0487503509578915,0.962700521488738,0.993240569470699,8,"Proteomics"
"FT0068NR","3-Hydroxybutyric acid","C01089","Hydroxy acids and derivatives","Beta hydroxy acids and derivatives",0.262056695597126,FALSE,0.0510266749981962,-0.0198258805807021,-0.0485728382167855,0.962836213850608,0.993240569470699,8,"Proteomics"
"FT4038NR","Benzyl edta",NA,"Carboxylic acids and derivatives","Tetracarboxylic acids and derivatives",0.516792608477485,FALSE,-0.218583080235917,-0.0198229853031372,-0.0485657420812402,0.962841638229877,0.993240569470699,8,"Proteomics"
"FT4977PR","Prenyl arabinosyl-(1->6)-glucoside",NA,"Fatty Acyls","Fatty acyl glycosides",1.05262557218327,FALSE,0.578672459439916,0.0196170783180754,0.0480610806804792,0.963227413608639,0.993240569470699,8,"Proteomics"
"FT1396PR","Imidazolepropionic acid","C20522","Azoles","Imidazoles",0.661323585015484,FALSE,0.37097539022698,0.0191231926076055,0.0468506314808022,0.964152754507357,0.993240569470699,8,"Proteomics"
"FT4212PR","Benzamide, 3-(3-((2-(3,4-dihydroxyphenyl)ethyl)amino)butyl)-",NA,"Phenols","Benzenediols",0.195738380852167,FALSE,-0.143436780263544,0.018933652286378,0.0463861021330824,0.964507885295665,0.993240569470699,8,"Proteomics"
"FT6847PR","Polyoxyethylene sorbitan monooleate",NA,"Fatty Acyls","Fatty acid esters",0.761102905508616,FALSE,0.321612403658598,0.0187187302926794,0.0458593729063995,0.964910578429508,0.993240569470699,8,"Proteomics"
"FT1405PR","N,N-Dimethyloctylamine",NA,"Organonitrogen compounds","Amines",0.700383602983317,FALSE,-0.526981996117553,0.0185127156366161,0.0453544796871278,0.965296588228118,0.993240569470699,8,"Proteomics"
"FT1146PR","O-Phosphoethanolamine","C00346","Organic phosphoric acids and derivatives","Phosphate esters",0.0652545689744845,FALSE,-0.0113584593847368,0.0184328310886952,0.0451587031035943,0.965446269547486,0.993240569470699,8,"Proteomics"
"FT5220PR","Amperozide",NA,"Benzene and substituted derivatives","Diphenylmethanes",1.78280116861601,FALSE,-1.207840576085,-0.018010930861685,-0.0441247478777609,0.966236807212662,0.993240569470699,8,"Proteomics"
"FT3673NR","Cystinylglycine",NA,"Carboxylic acids and derivatives","Amino acids, peptides, and analogues",0.992175565957881,FALSE,0.399647140864448,0.0175847240996435,0.0430802625204429,0.967035438673545,0.993240569470699,8,"Proteomics"
"FT1432PR","2-Quinolinylmethanol",NA,"Quinolines and derivatives","Unclassified",0.379747590429538,FALSE,0.147653954544046,0.0174494456611618,0.0427487467963726,0.96728893010648,0.993240569470699,8,"Proteomics"
"FT3426NR","Docosapentaenoic acid (22n-3)","C16513","Fatty Acyls","Fatty acids and conjugates",1.45094876680016,TRUE,0.655863882714163,-0.0172886887950214,-0.0423547962406893,0.967590167389677,0.993240569470699,8,"Proteomics"
"FT5194PR","Pipazethate",NA,"Thioethers","Aryl thioethers",2.84790996430174,TRUE,-3.19619950343638,-0.0168719732536244,-0.0413336089285093,0.968371053180064,0.993310705027969,8,"Proteomics"
"FT5637NR","Adenosine 3',5'-diphosphate","C00054","Purine nucleotides","Purine ribonucleotides",0.919265218060195,FALSE,0.567236586870032,0.0156347886776516,0.0383019361719734,0.970689548218062,0.993556717072413,8,"Proteomics"
"FT5379PR","Methyl N-({(2s,3s)-3-[(Propylamino)carbonyl]oxiran-2-Yl}carbonyl)-L-Isoleucyl-L-Prolinate",NA,"Carboxylic acids and derivatives","Amino acids, peptides, and analogues",2.0544139094256,FALSE,-1.66814343262412,0.0156340320636321,0.0383000821739626,0.970690966175897,0.993556717072413,8,"Proteomics"
"FT6488PR","LysoPS(18:0/0:0)",NA,"Glycerophospholipids","Glycerophosphoserines",0.199626215423636,FALSE,0.112619438700679,0.0156030109804009,0.0382240685365182,0.970749102333304,0.993556717072413,8,"Proteomics"
"FT4600NR","Variabilin",NA,"Prenol lipids","Diterpenoids",1.43895901277318,TRUE,0.653565746457199,0.0146698224256824,0.0359374467037966,0.972498028946968,0.993910310997543,8,"Proteomics"
"FT1886PR","5-Hydroxyindoleacetic acid","C05635","Indoles and derivatives","Indolyl carboxylic acids and derivatives",0.259035306169919,FALSE,0.117346207848531,-0.0144068273846414,-0.0352930387476904,0.972990936212548,0.993910310997543,8,"Proteomics"
"FT1858PR","Prenylcysteine",NA,"Carboxylic acids and derivatives","Amino acids, peptides, and analogues",0.0833281221633174,FALSE,-0.00444912648320375,0.0141787252494691,0.0347341336497907,0.973418452989542,0.993910310997543,8,"Proteomics"
"FT0178PR","1-Aminocyclopropanecarboxylic acid","C01234","Carboxylic acids and derivatives","Amino acids, peptides, and analogues",1.34509024705095,TRUE,0.682476424106781,0.0138969647183281,0.0340437600533746,0.973946545783819,0.993910310997543,8,"Proteomics"
"FT5968PR","Citronellyl beta-sophoroside",NA,"Prenol lipids","Terpene glycosides",1.90094715347244,FALSE,-1.43725635489484,0.0129851099947703,0.031809575609439,0.97565565544563,0.994733110429904,8,"Proteomics"
"FT2335PR","Propionic acid, 2-methyl-2-((piperidinomethyl)thio)-",NA,"Fatty Acyls","Fatty acids and conjugates",0.0198438345767907,FALSE,-0.0608954223614828,-0.0123460578316965,-0.0302438470717609,0.976853493770057,0.994733110429904,8,"Proteomics"
"FT3488NR","Angeloylsenkyunolide F",NA,"Isobenzofurans","Unclassified",0.758624728664343,FALSE,0.704550066738031,0.012138684093612,0.0297357730070537,0.97724220298389,0.994733110429904,8,"Proteomics"
"FT2503PR","Pro-Ile",NA,"Carboxylic acids and derivatives","Amino acids, peptides, and analogues",1.56632882721796,TRUE,0.796330224014364,0.0119103538916055,0.0291763591923349,0.977670198315202,0.994733110429904,8,"Proteomics"
"FT1034NR","myo-Inositol","C00137","Organooxygen compounds","Alcohols and polyols",0.811132641437282,FALSE,-0.294825920655835,-0.0115633092784886,-0.0283261012768159,0.978320727689669,0.994733110429904,8,"Proteomics"
"FT3568NR","Rabelomycin",NA,"Angucyclines","Unclassified",0.344425982000305,FALSE,-0.146745745044718,0.00967367870755297,0.0236966855636972,0.981862983970859,0.997607142605961,8,"Proteomics"
"FT1183PR","Iptakalim",NA,"Organonitrogen compounds","Amines",0.49886508132621,FALSE,-0.28053757815277,-0.00865789196442525,-0.0212082124500684,0.983767263783124,0.998072318857172,8,"Proteomics"
"FT2483NR","Phosphohistidine",NA,"Carboxylic acids and derivatives","Amino acids, peptides, and analogues",0.368796730820716,FALSE,0.0987012754297836,-0.00823863410365537,-0.0201811346412539,0.984553260038971,0.998072318857172,8,"Proteomics"
"FT7422PR","PC(O-16:1/18:0)",NA,"Glycerophospholipids","Glycerophosphocholines",0.554633582656745,FALSE,-0.190141647317736,-0.00786611582735242,-0.0192685661726294,0.985251641214969,0.998072318857172,8,"Proteomics"
"FT2814NR","N-benzoyl-dl-tyrosine methyl ether",NA,"Carboxylic acids and derivatives","Amino acids, peptides, and analogues",0.303587889025055,FALSE,0.104244792076315,-0.00747837755198985,-0.0183187213610249,0.985978564877149,0.998072318857172,8,"Proteomics"
"FT2300PR","Alliin","C08265","Carboxylic acids and derivatives","Amino acids, peptides, and analogues",0.836146610186896,FALSE,-0.342093697872068,-0.00738890578466259,-0.0180995430173462,0.986146305900715,0.998072318857172,8,"Proteomics"
"FT4389PR","(3E,5E,8Z)-Deca-3,5,8-trienedioylcarnitine",NA,"Fatty Acyls","Fatty acid esters",1.51677839440457,FALSE,-0.989987469158321,-0.00713801179744577,-0.0174849321266283,0.986616682485784,0.998072318857172,8,"Proteomics"
"FT4246NR","Gossypetin 3-methyl ether",NA,"Flavonoids","O-methylated flavonoids",0.324800117869541,FALSE,0.0993711010346808,0.00654910792403789,0.016042316722016,0.987720773758628,0.998178163837201,8,"Proteomics"
"FT4512PR","4,5-dehydro Docosahexaenoic Acid",NA,"Fatty Acyls","Fatty acids and conjugates",0.00233804617634084,FALSE,0.000518256063695792,0.00614552866748038,0.0150536937080159,0.988477423871928,0.998178163837201,8,"Proteomics"
"FT2007NR","FA(16:2)",NA,"Fatty Acyls","Fatty acids and conjugates",1.03359112552859,FALSE,0.605170086275398,-0.00584796784715389,-0.0143247822044882,0.989035310275348,0.998178163837201,8,"Proteomics"
"FT6388PR","N-[(4E,8E)-1,3-dihydroxyoctadeca-4,8-dien-2-yl]hexadecanamide",NA,"Sphingolipids","Ceramides",0.0513914372440338,FALSE,0.0188913702168151,0.00544195279082922,0.0133302049293188,0.989796539968676,0.998178163837201,8,"Proteomics"
"FT0482NR","Monoethyl malonic acid",NA,"Carboxylic acids and derivatives","Dicarboxylic acids and derivatives",0.80458853475371,FALSE,-0.347968152348418,0.00482071152021897,0.0118084206319663,0.990961305935821,0.998178163837201,8,"Proteomics"
"FT2903PR","Shikimate-3-phosphate",NA,"Organic phosphoric acids and derivatives","Phosphate esters",0.204767509416391,FALSE,0.0464123292951627,0.00479066966350144,0.0117348308627927,0.991017631815413,0.998178163837201,8,"Proteomics"
"FT6169NR","Z-LLNle-CHO",NA,"Carboxylic acids and derivatives","Amino acids, peptides, and analogues",0.161293880970033,FALSE,0.0692984069895153,-0.00432413459531396,-0.0105920223636568,0.991892348699812,0.998337858546959,8,"Proteomics"
"FT1136NR","Kynurenic acid","C01717","Quinolines and derivatives","Quinoline carboxylic acids",0.00242101818561064,FALSE,-0.0285983231478374,-0.00392770909832172,-0.00962095736002902,0.99263562118076,0.998365119715714,8,"Proteomics"
"FT0857PR","2-Aminoethanesulfonamide",NA,"Organic sulfonic acids and derivatives","Organosulfonic acids and derivatives",0.526705547575248,FALSE,-0.137187875565871,-0.00244389655023897,-0.00598631740929077,0.995417712213883,0.998802702057423,8,"Proteomics"
"FT3962NR","(2S)-2-Amino-4-[2-amino-3-(2-amino-3-hydroxybenzoyl)oxyphenyl]-4-oxobutanoic acid",NA,"Depsides and depsidones","Unclassified",0.163135742868594,FALSE,-0.205645567321869,0.00233680475764603,0.00572399491314715,0.995618507029998,0.998802702057423,8,"Proteomics"
"FT0694PR","Uracil","C00106","Diazines","Pyrimidines and pyrimidine derivatives",0.578719373803388,FALSE,0.144206360756995,0.00182217220789242,0.00446339954276174,0.996583434672919,0.998802702057423,8,"Proteomics"
"FT1696PR","Bethanidine",NA,"Benzene and substituted derivatives","Unclassified",0.613311080165352,FALSE,-0.404124665581988,-0.00181514096274408,-0.00444617649444372,0.996596618170362,0.998802702057423,8,"Proteomics"
"FT3864NR","13,14-Dihydro-15-keto PGF2a",NA,"Fatty Acyls","Eicosanoids",0.214890528009493,FALSE,-0.125665899161203,-0.00178496464766754,-0.00437225956092324,0.996653198394459,0.998802702057423,8,"Proteomics"
"FT6623NR","FA(35:0)",NA,"Fatty Acyls","Fatty acids and conjugates",0.670538691098117,FALSE,0.264890993629482,-0.000915589078390979,-0.00224272699616599,0.998283271437443,0.999517591037622,8,"Proteomics"
"FT0435NR","Imidazoleacetic acid","C02835","Azoles","Imidazoles",1.36792808042455,TRUE,0.711455414276897,-0.000639692449821096,-0.0015669204149696,0.998800576983793,0.999517591037622,8,"Proteomics"
"FT3467PR","Bacillamidin G",NA,"Carboximidic acids and derivatives","Carboximidic acids",0.130494190103328,FALSE,-0.0322129227405213,-0.00011728231618972,-0.000287281832492374,0.999780095659161,0.999780095659161,8,"Proteomics"
