"FeatureKey","Metabolite","KEGG","Class","SubClass","VIP","VIPCandidate","log2FC","PearsonR_RNA","Pvalue_RNA","padj_RNA","N_RNA","PearsonR_Protein","Pvalue_Protein","padj_Protein","N_Protein","DirectionPattern","Concordant","MeanAbsR","MinAbsR"
"FT2792NR","N5-(3,4-Dioxo-1,5-cyclohexadien-1-yl)-L-glutamine",NA,"Carboxylic acids and derivatives","Amino acids, peptides, and analogues",0.884920063935394,FALSE,-0.232792120874617,-0.921195813032614,0.00907045888922976,0.543555659481085,6,-0.855577882656257,0.00673865105019477,0.408420850607457,8,"RNA negative / Protein negative",TRUE,0.888386847844435,0.855577882656257
"FT3412NR","Taurolidine",NA,"Thiadiazinanes","Unclassified",0.805325123285155,FALSE,-0.205322478428508,-0.827100375021311,0.0422570655486816,0.717627196300257,6,-0.810948838685169,0.0145873684268835,0.501477491291417,8,"RNA negative / Protein negative",TRUE,0.81902460685324,0.810948838685169
"FT5055PR","2-Hydroxyethyl glucosinolate",NA,"Organooxygen compounds","Carbohydrates and carbohydrate conjugates",1.0949976084565,FALSE,-0.358435440279433,-0.809359086908013,0.0510516139719214,0.717627196300257,6,-0.803523081708286,0.0162772456985055,0.501477491291417,8,"RNA negative / Protein negative",TRUE,0.80644108430815,0.803523081708286
"FT4958PR","MG(0:0/20:4)",NA,"Endocannabinoids","Unclassified",0.568453126355037,FALSE,-0.280860243355851,-0.839590469346503,0.0365330600235906,0.717627196300257,6,-0.772679271172173,0.0245876948146898,0.542455027678593,8,"RNA negative / Protein negative",TRUE,0.806134870259338,0.772679271172173
"FT3584PR","Argininosuccinic acid","C03406","Carboxylic acids and derivatives","Amino acids, peptides, and analogues",1.20149569715183,FALSE,0.726391125322012,0.77224596356336,0.071900834241689,0.760267849808906,6,0.841444551331497,0.00881770023022333,0.425136786510782,8,"RNA positive / Protein positive",TRUE,0.806845257447428,0.77224596356336
"FT1908PR","2-Amino-3-methyl-1-pyrrolidin-1-YL-butan-1-one",NA,"Carboxylic acids and derivatives","Amino acids, peptides, and analogues",0.50885694536673,FALSE,-0.213294576627999,-0.869193971609152,0.0245462658255977,0.69681338292666,6,-0.772063652841978,0.0247755727863844,0.542455027678593,8,"RNA negative / Protein negative",TRUE,0.820628812225565,0.772063652841978
"FT6256PR","LysoPC(0:0/18:2)",NA,"Glycerophospholipids","Glycerophosphocholines",0.0898616677006846,FALSE,-0.0288601236637539,-0.774901699934665,0.0703010866155391,0.760267849808906,6,-0.77150578207063,0.0249465925645233,0.542455027678593,8,"RNA negative / Protein negative",TRUE,0.773203741002648,0.77150578207063
"FT3513PR","Helicallenal",NA,"Prenol lipids","Sesquiterpenoids",0.647962245377558,FALSE,0.255261829506812,0.892579283135913,0.016689040490162,0.610906718995139,6,0.763291673012148,0.0275496103802987,0.542455027678593,8,"RNA positive / Protein positive",TRUE,0.827935478074031,0.763291673012148
"FT4532NR","Millettosin",NA,"Isoflavonoids","Rotenoids",1.66473978591663,FALSE,-1.009539935759,-0.75566608737797,0.082255338726236,0.760267849808906,6,-0.859389587146229,0.00623778972862549,0.408420850607457,8,"RNA negative / Protein negative",TRUE,0.8075278372621,0.75566608737797
"FT3686PR","Linoleamide",NA,"Fatty Acyls","Fatty amides",1.30103561967089,FALSE,-0.677586207036801,-0.822254364295324,0.0445824621685985,0.717627196300257,6,-0.75496577662961,0.0303525768715425,0.542455027678593,8,"RNA negative / Protein negative",TRUE,0.788610070462467,0.75496577662961
"FT3905NR","FA(22:0;O)",NA,"Fatty Acyls","Fatty acids and conjugates",1.74093205140834,TRUE,-0.866447739921784,-0.753393850535577,0.083723263130729,0.760267849808906,6,-0.936971692823159,0.000596743589515155,0.249161067041036,8,"RNA negative / Protein negative",TRUE,0.845182771679368,0.753393850535577
"FT2299NR","D-erythro-L-galacto-Nonulose",NA,"Organooxygen compounds","Carbohydrates and carbohydrate conjugates",1.52275910341544,TRUE,0.661638704719416,0.753465144125493,0.0836770280978122,0.760267849808906,6,0.7465053350429,0.0333737448199912,0.552990747215335,8,"RNA positive / Protein positive",TRUE,0.749985239584197,0.7465053350429
"FT5227PR","N-propyl-16,16-dimethyl-5Z,8Z,11Z,14Z-docosatetraenoyl amine",NA,"Fatty Acyls","Fatty amides",0.227145507519745,FALSE,-0.0520487649246027,0.757877102764129,0.0808382005346733,0.760267849808906,6,0.74450021734851,0.0341156515518802,0.552990747215335,8,"RNA positive / Protein positive",TRUE,0.75118866005632,0.74450021734851
"FT3744PR","Sphingosine","C00319","Organonitrogen compounds","Amines",1.05828953674145,FALSE,-0.28773855976617,-0.742625756114749,0.0908378239529374,0.760267849808906,6,-0.818546784219309,0.0129771182367388,0.501477491291417,8,"RNA negative / Protein negative",TRUE,0.780586270167029,0.742625756114749
"FT3193PR","Prolyl-Arginine",NA,"Carboxylic acids and derivatives","Amino acids, peptides, and analogues",0.484586848433177,FALSE,-0.304103292538381,-0.939578934003338,0.00536576807385906,0.543555659481085,6,-0.741122080563559,0.035388234596438,0.552990747215335,8,"RNA negative / Protein negative",TRUE,0.840350507283449,0.741122080563559
"FT0469PR","MALEAMIC ACID",NA,"Fatty Acyls","Fatty acids and conjugates",0.709810579771127,FALSE,0.206905599612248,0.749211532329452,0.0864556310551353,0.760267849808906,6,0.741021150932573,0.0354266948863095,0.552990747215335,8,"RNA positive / Protein positive",TRUE,0.745116341631012,0.741021150932573
"FT2835NR","FA(18:0;O)",NA,"Fatty Acyls","Fatty acids and conjugates",0.238727004183663,FALSE,0.082361193185779,-0.733795742528878,0.0968648167302016,0.760267849808906,6,-0.743730877897026,0.0344029661698094,0.552990747215335,8,"RNA negative / Protein negative",TRUE,0.738763310212952,0.733795742528878
"FT6215NR","LPS(O-18:1;O/0:0)",NA,"Glycerophospholipids","Glycerophosphoserines",0.895033506670817,FALSE,-0.303165519884537,-0.762829079043777,0.0777046310439852,0.760267849808906,6,-0.726805634876925,0.0411009264646331,0.570937791154668,8,"RNA negative / Protein negative",TRUE,0.744817356960351,0.726805634876925
"FT3639PR","(R)-Rhazinilam",NA,"Unclassified","Unclassified",1.41203024943906,FALSE,-1.02259020521864,-0.72622181950759,0.102171285935286,0.760267849808906,6,-0.800050196131611,0.0171078050610967,0.501477491291417,8,"RNA negative / Protein negative",TRUE,0.763136007819601,0.72622181950759
"FT0999NR","Ureidosuccinic acid","C00438","Carboxylic acids and derivatives","Amino acids, peptides, and analogues",0.878400040363543,FALSE,0.225910251946079,0.900146173652573,0.0144583693556728,0.59844341835905,6,0.725926411069075,0.0414688068754586,0.570937791154668,8,"RNA positive / Protein positive",TRUE,0.813036292360824,0.725926411069075
"FT3699PR","Palmitoleoyl Ethanolamide",NA,"Organonitrogen compounds","Amines",0.758546251281818,FALSE,-0.217264996907952,-0.761776987339229,0.0783657033872113,0.760267849808906,6,-0.723432681052603,0.0425230617878555,0.570937791154668,8,"RNA negative / Protein negative",TRUE,0.742604834195916,0.723432681052603
"FT3019PR","5-Hydroxy-2-(5-methyl-1-oxo-4-hexenyl)benzofuran",NA,"Benzofurans","Unclassified",0.471430294813729,FALSE,-0.182701939273718,-0.779010558487189,0.0678583428838699,0.760267849808906,6,-0.721679051955692,0.0432740572124597,0.574514626230179,8,"RNA negative / Protein negative",TRUE,0.75034480522144,0.721679051955692
"FT2293NR","Cysteinyl-Cysteine",NA,"Carboxylic acids and derivatives","Amino acids, peptides, and analogues",1.56938876178902,TRUE,0.638023434029496,0.720696978509712,0.106121027535239,0.760267849808906,6,0.794456726002659,0.0185003961676096,0.514258380867485,8,"RNA positive / Protein positive",TRUE,0.757576852256185,0.720696978509712
"FT5987PR","LysoPC(O-16:0/0:0)","C13903","Glycerophospholipids","Glycerophosphocholines",0.387011221084058,FALSE,-0.123868052421436,-0.722193017686975,0.1050449633691,0.760267849808906,6,-0.720316304853652,0.0438631627004091,0.575322528363535,8,"RNA negative / Protein negative",TRUE,0.721254661270313,0.720316304853652
"FT3640NR","N-stearoyl glycine",NA,"Carboxylic acids and derivatives","Amino acids, peptides, and analogues",0.77882722616076,FALSE,0.286191592579965,0.948494180142862,0.00391095562504318,0.543555659481085,6,0.71690555981096,0.0453587855352463,0.580093092074617,8,"RNA positive / Protein positive",TRUE,0.832699869976911,0.71690555981096
"FT2305PR","sn-glycero-3-Phosphoethanolamine",NA,"Glycerophospholipids","Glycerophosphoethanolamines",1.96890490074133,TRUE,1.14157533555238,0.716370556690605,0.10926011262907,0.760267849808906,6,0.743985599218424,0.0343076756436396,0.552990747215335,8,"RNA positive / Protein positive",TRUE,0.730178077954514,0.716370556690605
"FT2725PR","3-Methylbut-2-enoylcarnitine",NA,"Fatty Acyls","Fatty acid esters",0.063366952475422,FALSE,0.0297113985876299,-0.716298938038729,0.109312415500921,0.760267849808906,6,-0.763706008184138,0.0274144747001194,0.542455027678593,8,"RNA negative / Protein negative",TRUE,0.740002473111433,0.716298938038729
"FT1525PR","S-Propyl 1-propanesulfinothioate",NA,"Thiosulfinic acid esters","Unclassified",0.0383757153692444,FALSE,0.000135852503897141,0.763921408562769,0.0770209559726845,0.760267849808906,6,0.711111404392201,0.0479693174409755,0.584128132428263,8,"RNA positive / Protein positive",TRUE,0.737516406477485,0.711111404392201
"FT2885NR","2-Hexenoylcarnitine",NA,"Fatty Acyls","Fatty acid esters",3.64011917745827,TRUE,-4.16825204973238,-0.883789370762956,0.0194726584568582,0.660645558865604,6,-0.708446816399833,0.0491995005430164,0.584128132428263,8,"RNA negative / Protein negative",TRUE,0.796118093581395,0.708446816399833
"FT0962NR","N-Acetyl-L-aspartic acid","C01042","Carboxylic acids and derivatives","Amino acids, peptides, and analogues",1.02174284523406,FALSE,0.259183472627981,0.810312361164944,0.0505594870552414,0.717627196300257,6,0.707388067901051,0.0496935145214635,0.584128132428263,8,"RNA positive / Protein positive",TRUE,0.758850214532998,0.707388067901051
"FT2628NR","Orotidine","C01103","Pyrimidine nucleosides","Unclassified",0.646558485835631,FALSE,-0.171889534325287,-0.705612239016762,0.11723979762528,0.765141115763805,6,-0.930108762924437,0.000809394942256746,0.249161067041036,8,"RNA negative / Protein negative",TRUE,0.817860500970599,0.705612239016762
"FT5289NR","CDP-ethanolamine","C00570","Pyrimidine nucleotides","Pyrimidine ribonucleotides",0.724729789285058,FALSE,0.174195069440597,0.705057901822386,0.117657631291822,0.765141115763805,6,0.728300026045036,0.0404802099947619,0.570937791154668,8,"RNA positive / Protein positive",TRUE,0.716678963933711,0.705057901822386
"FT3082NR","MG(0:0/16:0)",NA,"Glycerolipids","Monoradylglycerols",1.45663525483969,FALSE,1.18209719490525,0.873522513374247,0.0229832299230465,0.67419337390447,6,0.70428936312293,0.0511564655865147,0.588523549803042,8,"RNA positive / Protein positive",TRUE,0.788905938248589,0.70428936312293
"FT2382PR","Eltoprazine",NA,"Diazinanes","Piperazines",1.01156767554595,FALSE,-0.444606984653087,-0.702505159514706,0.119590150447624,0.765141115763805,6,-0.89103614654615,0.0029757922735724,0.319096494566148,8,"RNA negative / Protein negative",TRUE,0.796770653030428,0.702505159514706
"FT2430NR","Polyribosylribitolphosphate",NA,"Organooxygen compounds","Carbohydrates and carbohydrate conjugates",0.743306701315629,FALSE,0.256601282241248,0.79017274074896,0.0614221354909253,0.760267849808906,6,0.702233968628032,0.0521409460289838,0.588523549803042,8,"RNA positive / Protein positive",TRUE,0.746203354688496,0.702233968628032
"FT2411PR","Hexamethylene bisacetamide",NA,"Carboximidic acids and derivatives","Carboximidic acids",0.827012136798358,FALSE,-0.392464869179436,-0.84313039062035,0.0349819820151921,0.717627196300257,6,-0.699394062046827,0.0535197500325914,0.588523549803042,8,"RNA negative / Protein negative",TRUE,0.771262226333589,0.699394062046827
"FT6181PR","LysoPE(20:1/0:0)",NA,"Glycerophospholipids","Glycerophosphoethanolamines",1.48012266346662,TRUE,-0.623085071588719,-0.698818657358335,0.122405191645509,0.76696225936443,6,-0.73141966952537,0.0392028647865149,0.570937791154668,8,"RNA negative / Protein negative",TRUE,0.715119163441852,0.698818657358335
"FT3290NR","N-(gamma-Maleimidobutyryloxy)succinimide",NA,"Pyrrolidines","Pyrrolidones",1.44158781077368,TRUE,0.547760182167364,0.716876933561258,0.108890621792363,0.760267849808906,6,0.696627285228498,0.0548838317606854,0.588523549803042,8,"RNA positive / Protein positive",TRUE,0.706752109394878,0.696627285228498
"FT3722NR","Pro-Thr-Glu",NA,"Carboxylic acids and derivatives","Amino acids, peptides, and analogues",0.832082738969615,FALSE,0.211283021564015,0.772931124483783,0.0714865445971462,0.760267849808906,6,0.694592531049967,0.0559001428020801,0.594845794397707,8,"RNA positive / Protein positive",TRUE,0.733761827766875,0.694592531049967
"FT3771NR","Neoabietic acid","C11889","Prenol lipids","Diterpenoids",0.57462560061635,FALSE,-0.152862750066118,-0.88566406167553,0.0188617200900228,0.655916316130542,6,-0.693629449322298,0.0563850693866309,0.595460505492148,8,"RNA negative / Protein negative",TRUE,0.789646755498914,0.693629449322298
"FT3918PR","2-Polyprenyl-3-methyl-6-methoxy-1,4-benzoquinone","C17561","Prenol lipids","Quinone and hydroquinone lipids",0.725953031917671,FALSE,0.175529973096649,0.683234233970907,0.134618600116106,0.777485875998432,6,0.767747110822722,0.0261178944365679,0.542455027678593,8,"RNA positive / Protein positive",TRUE,0.725490672396814,0.683234233970907
"FT4399PR","palmitoloelycholine",NA,"Organonitrogen compounds","Quaternary ammonium salts",1.2806811328201,TRUE,-0.524359586486367,-0.68312672245942,0.134704598213963,0.777485875998432,6,-0.919347204408935,0.00123353274412798,0.249161067041036,8,"RNA negative / Protein negative",TRUE,0.801236963434178,0.68312672245942
"FT0017NR","Acrylic acid","C00511","Carboxylic acids and derivatives","Acrylic acids and derivatives",1.14830120133318,FALSE,0.374857327510713,0.737103109225958,0.0945871330174797,0.760267849808906,6,0.682721628034616,0.0620527834268173,0.617868429264167,8,"RNA positive / Protein positive",TRUE,0.709912368630287,0.682721628034616
"FT2766PR","Isovalerylcarnitine",NA,"Fatty Acyls","Fatty acid esters",0.344642377265395,FALSE,-0.13369518635722,-0.681373504353102,0.136110331629718,0.779770464150909,6,-0.896918530475584,0.00253096807870687,0.319096494566148,8,"RNA negative / Protein negative",TRUE,0.789146017414343,0.681373504353102
"FT4689NR","FA(22:7;O2)",NA,"Fatty Acyls","Fatty alcohols",0.677293603040806,FALSE,0.324770438090547,0.679928756268745,0.137273456121886,0.779770464150909,6,0.760076458384381,0.0286122269880225,0.542455027678593,8,"RNA positive / Protein positive",TRUE,0.720002607326563,0.679928756268745
"FT4334NR","FA(24:1;O)",NA,"Fatty Acyls","Fatty acids and conjugates",1.53479965477808,TRUE,-0.69734356548397,-0.677970779567899,0.138856559268823,0.78198167588232,6,-0.898717602015116,0.00240411064302586,0.319096494566148,8,"RNA negative / Protein negative",TRUE,0.788344190791507,0.677970779567899
"FT1669NR","Protocatechuic acid 3-O-sulfate",NA,"Organic sulfuric acids and derivatives","Arylsulfates",1.44572754818535,TRUE,0.649380440590364,0.921815488306535,0.00893026296304888,0.543555659481085,6,0.675492154788516,0.0659881971341329,0.632530718869754,8,"RNA positive / Protein positive",TRUE,0.798653821547526,0.675492154788516
"FT2259PR","5-Isopropyl-2-(2-methylpropyl)-2-cyclohexen-1-one",NA,"Prenol lipids","Monoterpenoids",0.854156655676715,FALSE,-0.347506826721635,-0.813458567883143,0.0489509518981821,0.717627196300257,6,-0.671790006514495,0.0680591580840302,0.632530718869754,8,"RNA negative / Protein negative",TRUE,0.742624287198819,0.671790006514495
"FT4315PR","2-AOD-3-ol",NA,"Organonitrogen compounds","Amines",1.15126872421017,FALSE,-0.68054299367712,-0.809940845554516,0.0507510190721864,0.717627196300257,6,-0.669276696567085,0.0694866743511501,0.632530718869754,8,"RNA negative / Protein negative",TRUE,0.7396087710608,0.669276696567085
"FT5856PR","Prim-O-glucosylcimifugin",NA,"Benzopyrans","1-benzopyrans",0.897534481006253,FALSE,0.375005470133662,0.915761225021394,0.0103453704299642,0.543555659481085,6,0.669032085027481,0.0696265435177293,0.632530718869754,8,"RNA positive / Protein positive",TRUE,0.792396655024437,0.669032085027481
"FT0293NR","Fumaric acid","C00122","Carboxylic acids and derivatives","Dicarboxylic acids and derivatives",1.13495105024855,FALSE,0.398071650574546,0.836230825736847,0.0380343409909211,0.717627196300257,6,0.667467402025861,0.0705251561122706,0.632530718869754,8,"RNA positive / Protein positive",TRUE,0.751849113881354,0.667467402025861
"FT1783PR","3h-Phenylalanine",NA,"Carboxylic acids and derivatives","Amino acids, peptides, and analogues",1.36114517931465,FALSE,-0.877926368461302,-0.666423475518313,0.148350866573186,0.812425414973627,6,-0.733343442703464,0.0384275553293874,0.570937791154668,8,"RNA negative / Protein negative",TRUE,0.699883459110889,0.666423475518313
"FT4205PR","20-Eicosanolide",NA,"Macrolides and analogues","Unclassified",0.933972620946806,FALSE,-0.294714093615002,-0.663531049782745,0.150770978896487,0.816660689344982,6,-0.856608689633291,0.00660075823903051,0.408420850607457,8,"RNA negative / Protein negative",TRUE,0.760069869708018,0.663531049782745
"FT4742NR","6-Hydroxy-5-[(4-sulfophenyl)azo]-2-naphthalenesulfonic acid",NA,"Naphthalenes","Naphthalene sulfonic acids and derivatives",0.777966211128782,FALSE,0.321261698555731,0.875647872734571,0.0222337207852637,0.67419337390447,6,0.662022323957677,0.0737053520291657,0.645250270564314,8,"RNA positive / Protein positive",TRUE,0.768835098346124,0.662022323957677
"FT5506NR","Adenylosuccinic acid","C03794","Purine nucleotides","Purine ribonucleotides",0.676021581590727,FALSE,0.278660942377761,0.704918637333126,0.117762704581314,0.765141115763805,6,0.659379592471087,0.075278620875404,0.645250270564314,8,"RNA positive / Protein positive",TRUE,0.682149114902106,0.659379592471087
"FT1680NR","Cysteinylhydroxyproline",NA,"Carboxylic acids and derivatives","Amino acids, peptides, and analogues",1.10799805589927,FALSE,0.315364365302411,0.923381917764389,0.0085806090547191,0.543555659481085,6,0.657954007895858,0.0761354017551259,0.645250270564314,8,"RNA positive / Protein positive",TRUE,0.790667962830124,0.657954007895858
"FT4735NR","N-Arachidonoyl Cysteine",NA,"Carboxylic acids and derivatives","Amino acids, peptides, and analogues",0.685444203295071,FALSE,-0.201010040648387,-0.753719657204609,0.0835120660227191,0.760267849808906,6,-0.657843624030167,0.076201979958192,0.645250270564314,8,"RNA negative / Protein negative",TRUE,0.705781640617388,0.657843624030167
"FT3107NR","N-palmitoylglycine",NA,"Carboxylic acids and derivatives","Amino acids, peptides, and analogues",0.426841871158087,FALSE,0.145291934750397,0.65515817457039,0.157870241495345,0.834619344496697,6,0.655984654217039,0.0773283458386638,0.645250270564314,8,"RNA positive / Protein positive",TRUE,0.655571414393714,0.65515817457039
"FT2112NR","5,6-epoxy-2-salicyloylamino-2-cyclohexen-1,4-dione",NA,"Phenols","1-hydroxy-4-unsubstituted benzenoids",1.67738190581538,TRUE,0.684924239344598,0.65340920948065,0.159370624241063,0.834619344496697,6,0.745487745008716,0.0337490118367559,0.552990747215335,8,"RNA positive / Protein positive",TRUE,0.699448477244683,0.65340920948065
"FT2332NR","2S-hydroxypalmitic acid",NA,"Fatty Acyls","Fatty acids and conjugates",0.191189638595214,FALSE,-0.0501605060604199,-0.802165908905317,0.0548360436651063,0.72308367718528,6,-0.653343804135546,0.0789451162412023,0.645250270564314,8,"RNA negative / Protein negative",TRUE,0.727754856520431,0.653343804135546
"FT2908NR","2-Naphthylaminomethyl-gamma-aminobutyric acid",NA,"Carboxylic acids and derivatives","Amino acids, peptides, and analogues",1.59856175145354,TRUE,0.768308232315897,0.652822866955813,0.159874972110049,0.834619344496697,6,0.783931726145586,0.0213081064914038,0.521114042965209,8,"RNA positive / Protein positive",TRUE,0.718377296550699,0.652822866955813
"FT2896PR","Palmitoleamide",NA,"Fatty Acyls","Fatty amides",0.590111792836155,FALSE,-0.232429524671623,-0.894531618945552,0.0160987761478266,0.60522696274667,6,-0.650031472974304,0.0810006721437726,0.646160695925008,8,"RNA negative / Protein negative",TRUE,0.772281545959928,0.650031472974304
"FT3588PR","1-(1-(3-Methoxyphenyl)cyclohexyl)piperidine",NA,"Phenol ethers","Anisoles",1.25707571187535,FALSE,-0.611311114930951,-0.867177430316519,0.0252911355955182,0.703599392267318,6,-0.646836450811463,0.0830126938369114,0.646160695925008,8,"RNA negative / Protein negative",TRUE,0.757006940563991,0.646836450811463
"FT3241PR","Aspartyl-Cysteine",NA,"Carboxylic acids and derivatives","Amino acids, peptides, and analogues",1.1690526323085,TRUE,-0.506536631211653,-0.678749806927079,0.138225748959363,0.781593564237697,6,-0.645736504655514,0.0837120314898064,0.646160695925008,8,"RNA negative / Protein negative",TRUE,0.662243155791296,0.645736504655514
"FT1646PR","Ligustrazine",NA,"Diazines","Pyrazines",1.65162038877489,TRUE,-0.791722943879584,-0.674551828046158,0.141639601234876,0.791247732199649,6,-0.644450705226823,0.0845338642814655,0.646160695925008,8,"RNA negative / Protein negative",TRUE,0.65950126663649,0.644450705226823
"FT3364NR","FA(17:2;O)",NA,"Fatty Acyls","Fatty acids and conjugates",1.08041145655469,FALSE,-0.331018493390251,-0.643581529200588,0.167912534968084,0.842783223920486,6,-0.688090955708731,0.0592224766858931,0.613701401787844,8,"RNA negative / Protein negative",TRUE,0.665836242454659,0.643581529200588
"FT2930PR","Bacillamidin F",NA,"Fatty Acyls","Fatty amides",0.80311280786506,FALSE,-0.366025325870856,-0.758175067937853,0.0806480705455359,0.760267849808906,6,-0.643040501369577,0.0854405837620847,0.646160695925008,8,"RNA negative / Protein negative",TRUE,0.700607784653715,0.643040501369577
"FT1854PR","Pyrrolidino-[1,2E]-4H-2,4-dimethyl-1,3,5-dithiazine",NA,"Azacyclic compounds","Dithiazinanes",0.476298869959097,FALSE,-0.245778682758322,0.725975043359226,0.10234629256983,0.760267849808906,6,0.642090052433686,0.0860548672782098,0.646160695925008,8,"RNA positive / Protein positive",TRUE,0.684032547896456,0.642090052433686
"FT4991NR","PA(17:1/0:0)",NA,"Glycerophospholipids","Glycerophosphates",1.30327251603577,FALSE,-0.483003738557738,-0.640831850725353,0.170335977582041,0.842783223920486,6,-0.922806346364689,0.00108441581389884,0.249161067041036,8,"RNA negative / Protein negative",TRUE,0.781819098545021,0.640831850725353
"FT4578PR","FA(22:2)",NA,"Fatty Acyls","Fatty acids and conjugates",0.637467944230185,FALSE,-0.290509196541686,-0.646624707458009,0.165247435722571,0.842783223920486,6,-0.640491912604332,0.0870935237408791,0.646160695925008,8,"RNA negative / Protein negative",TRUE,0.643558310031171,0.640491912604332
"FT4765PR","1-(1,2,3,4,5-Pentahydroxypent-1-yl)-1,2,3,4-tetrahydro-beta-carboline-3-carboxylate",NA,"Harmala alkaloids","Unclassified",0.812835899179337,FALSE,-0.256339323188485,-0.66339461351536,0.150885547923552,0.816660689344982,6,-0.640482676356247,0.0870995475484591,0.646160695925008,8,"RNA negative / Protein negative",TRUE,0.651938644935803,0.640482676356247
"FT2434PR","(E,E)-2,4-Decadienoic isobutylamide",NA,"Fatty Acyls","Fatty amides",0.766190294074245,FALSE,-0.370313341002852,-0.861194932875946,0.0275631020170623,0.717627196300257,6,-0.638820679948658,0.08818742427682,0.646418800550132,8,"RNA negative / Protein negative",TRUE,0.750007806412302,0.638820679948658
"FT5501NR","7alpha-Hydroxycampesterol",NA,"Steroids and steroid derivatives","Ergostane steroids",0.5642257254608,FALSE,0.189407991676731,0.808676422940405,0.0514053945721565,0.717627196300257,6,0.638016635713975,0.088716530706234,0.646418800550132,8,"RNA positive / Protein positive",TRUE,0.72334652932719,0.638016635713975
"FT2756NR","Demethoxyegonol",NA,"2-arylbenzofuran flavonoids","Unclassified",0.853661827954331,FALSE,-0.242252432568002,-0.8727327443759,0.0232647605660781,0.67419337390447,6,-0.63776977182275,0.0888793490598229,0.646418800550132,8,"RNA negative / Protein negative",TRUE,0.755251258099325,0.63776977182275
"FT1031PR","3-Hydroxynorvaline",NA,"Carboxylic acids and derivatives","Amino acids, peptides, and analogues",0.731196875198081,FALSE,0.323374727685478,0.636697509353191,0.174007137894292,0.842783223920486,6,0.686842985395684,0.059873307491497,0.613701401787844,8,"RNA positive / Protein positive",TRUE,0.661770247374438,0.636697509353191
"FT3860NR","Prostaglandin F2a","C00639","Fatty Acyls","Eicosanoids",0.92189815224096,FALSE,0.299608659060848,0.857869713370712,0.028865939299899,0.717627196300257,6,0.635488022944918,0.0903924592335265,0.646427276261756,8,"RNA positive / Protein positive",TRUE,0.746678868157815,0.635488022944918
"FT2459PR","2-Decylfuran",NA,"Heteroaromatic compounds","Unclassified",0.706134370496395,FALSE,-0.278625108449253,-0.749135815811834,0.0865054607168916,0.760267849808906,6,-0.635438260466272,0.0904256232934307,0.646427276261756,8,"RNA negative / Protein negative",TRUE,0.692287038139053,0.635438260466272
"FT5691NR","Colupdox a",NA,"Benzofurans","Unclassified",0.674841804489046,FALSE,-0.324983005343051,-0.633818706154465,0.176582715798813,0.842783223920486,6,-0.804567250316854,0.0160325765144687,0.501477491291417,8,"RNA negative / Protein negative",TRUE,0.719192978235659,0.633818706154465
"FT3361NR","11-cis- and 12s-trans-fixed retinal",NA,"Prenol lipids","Sesquiterpenoids",0.822254574953933,FALSE,-0.405936571189522,-0.655227440392748,0.157810944162381,0.834619344496697,6,-0.631831837967458,0.0928478586354224,0.649354375579589,8,"RNA negative / Protein negative",TRUE,0.643529639180103,0.631831837967458
"FT3965NR","PC(O-1:0/2:0)",NA,"Glycerophospholipids","Glycerophosphocholines",0.806838764185256,FALSE,0.242947420463131,0.630028274472416,0.179997922254016,0.842783223920486,6,0.743427645865362,0.0345166152830531,0.552990747215335,8,"RNA positive / Protein positive",TRUE,0.686727960168889,0.630028274472416
"FT2318NR","Phosphocitrate",NA,"Carboxylic acids and derivatives","Tricarboxylic acids and derivatives",0.699849204967707,FALSE,0.155292051157251,0.82338070460951,0.0440367989454977,0.717627196300257,6,0.628677874224156,0.0949965513493552,0.649388909815683,8,"RNA positive / Protein positive",TRUE,0.726029289416833,0.628677874224156
"FT4225PR","Dihydroceramide","C12126","Carboxylic acids and derivatives","Carboxylic acid derivatives",1.08990537157855,FALSE,-0.391278741915536,-0.721692763016577,0.105404245104446,0.760267849808906,6,-0.627947217513955,0.0954983690905416,0.649388909815683,8,"RNA negative / Protein negative",TRUE,0.674819990265266,0.627947217513955
"FT2925PR","alpha-Bisabolol oxide A","C16773","Oxanes","Unclassified",0.961075216959078,FALSE,-0.480569388955536,-0.627331416872692,0.182444353886614,0.842783223920486,6,-0.846578927975147,0.00802112570930831,0.425136786510782,8,"RNA negative / Protein negative",TRUE,0.736955172423919,0.627331416872692
"FT3312NR","FA(20:1;O)",NA,"Fatty Acyls","Fatty acids and conjugates",0.154629198955512,FALSE,-0.0305568674456865,-0.624242896445469,0.185262889631255,0.842783223920486,6,-0.702113799751675,0.052198852443578,0.588523549803042,8,"RNA negative / Protein negative",TRUE,0.663178348098572,0.624242896445469
"FT2801NR","FA(18:1;O)","C08365","Fatty Acyls","Fatty acids and conjugates",0.566666090969752,FALSE,-0.202213382134986,-0.62234619341395,0.187002650758903,0.842783223920486,6,-0.629231377353837,0.0946174167825424,0.649388909815683,8,"RNA negative / Protein negative",TRUE,0.625788785383893,0.62234619341395
"FT3363NR","FA(19:3)",NA,"Fatty Acyls","Lineolic acids and derivatives",1.14116868971557,FALSE,-0.327094787817454,-0.622324088138394,0.187022966578333,0.842783223920486,6,-0.829573571282201,0.0108472854554632,0.46054811591609,8,"RNA negative / Protein negative",TRUE,0.725948829710297,0.622324088138394
"FT1577NR","1,3-Dinitroglycerin",NA,"Organic oxoanionic compounds","Organic nitrates",1.37597785337517,TRUE,0.577541699281199,0.720608578651145,0.106184762892525,0.760267849808906,6,0.620316421051605,0.100830327124269,0.670975275146856,8,"RNA positive / Protein positive",TRUE,0.670462499851375,0.620316421051605
"FT1338NR","2-Methyl-2-[(1-oxo-2-propenyl)amino]-1-propanesulfonic acid",NA,"Organic sulfonic acids and derivatives","Organosulfonic acids and derivatives",1.49840896026633,TRUE,0.546457627473779,0.617760692258091,0.191236434638597,0.842783223920486,6,0.760582458459752,0.0284433505119177,0.542455027678593,8,"RNA positive / Protein positive",TRUE,0.689171575358922,0.617760692258091
"FT2163PR","Hexyl benzoate","C14716","Benzene and substituted derivatives","Benzoic acids and derivatives",1.08597828220579,FALSE,0.356145582305962,0.613088771227591,0.195590085118058,0.842783223920486,6,0.797931576988773,0.0176272575848489,0.501477491291417,8,"RNA positive / Protein positive",TRUE,0.705510174108182,0.613088771227591
"FT6543PR","LysoPE(24:6/0:0)",NA,"Glycerophospholipids","Glycerophosphoethanolamines",0.931674902593566,FALSE,-0.403260743786768,-0.655772212902535,0.157344902214496,0.834619344496697,6,-0.611241770900987,0.10738814331717,0.675854684599613,8,"RNA negative / Protein negative",TRUE,0.633506991901761,0.611241770900987
"FT4368NR","6,7-dihydro-12-epi-LTB4",NA,"Fatty Acyls","Eicosanoids",2.57219553870831,TRUE,-1.91228715358657,-0.806801988704804,0.0523826039137911,0.717627196300257,6,-0.611226876779132,0.107399100765049,0.675854684599613,8,"RNA negative / Protein negative",TRUE,0.709014432741968,0.611226876779132
"FT1298NR","N-Acetyl-S-allylcysteine",NA,"Carboxylic acids and derivatives","Amino acids, peptides, and analogues",1.21036237653765,TRUE,-0.553209424073033,-0.651708699182013,0.160835188489557,0.834619344496697,6,-0.610772916475623,0.107733380164215,0.675854684599613,8,"RNA negative / Protein negative",TRUE,0.631240807828818,0.610772916475623
"FT5804PR","Glucosylsphingosine","C03108","Sphingolipids","Glycosphingolipids",1.64458757965763,TRUE,-0.698642001661402,-0.610596088491306,0.197929399279528,0.842783223920486,6,-0.900546653921069,0.00227943969563066,0.319096494566148,8,"RNA negative / Protein negative",TRUE,0.755571371206188,0.610596088491306
"FT1181NR","1-Acetyl-2-methylcyclopentene",NA,"Prenol lipids","Monoterpenoids",1.09960936469296,FALSE,-0.286910056660422,-0.609210138060384,0.19923500207336,0.842783223920486,6,-0.841278237488785,0.00884430904505931,0.425136786510782,8,"RNA negative / Protein negative",TRUE,0.725244187774585,0.609210138060384
"FT6800NR","LPS(O-19:1;O/0:0)",NA,"Glycerophospholipids","Glycerophosphoserines",0.946775461668051,FALSE,0.32029150015615,0.945119391136769,0.00443517490595732,0.543555659481085,6,0.609175181884001,0.10891459998173,0.675854684599613,8,"RNA positive / Protein positive",TRUE,0.777147286510385,0.609175181884001
"FT5356PR","DG(2:0/18:1-O(9S,10R)/0:0)",NA,"Glycerolipids","Diradylglycerols",0.297754984190422,FALSE,-0.061156825183986,-0.606473118268653,0.201823653212107,0.842783223920486,6,-0.760414001213762,0.0284995043722775,0.542455027678593,8,"RNA negative / Protein negative",TRUE,0.683443559741208,0.606473118268653
"FT4461NR","N-Acetylneuraminic acid 9-phosphate","C06241","Organooxygen compounds","Carbohydrates and carbohydrate conjugates",1.68463516398889,TRUE,0.721288046926666,0.606147575345551,0.202132457249319,0.842783223920486,6,0.883261046992923,0.00363719297088668,0.338016466761069,8,"RNA positive / Protein positive",TRUE,0.744704311169237,0.606147575345551
"FT4457PR","N-Acetylsphinganine",NA,"Sphingolipids","Ceramides",1.15323582459959,FALSE,-0.89093760075667,-0.821119875814005,0.0451352362970902,0.717627196300257,6,-0.605177139012362,0.111902538539188,0.679592045882456,8,"RNA negative / Protein negative",TRUE,0.713148507413183,0.605177139012362
"FT3620PR","N-LAUROYLSARCOSINE",NA,"Carboxylic acids and derivatives","Amino acids, peptides, and analogues",0.676429013673255,FALSE,-0.289121545605733,-0.604010555095403,0.20416437545936,0.842783223920486,6,-0.764551419150902,0.0271400140659837,0.542455027678593,8,"RNA negative / Protein negative",TRUE,0.684280987123153,0.604010555095403
"FT4284NR","Kaltostat",NA,"Organooxygen compounds","Carbohydrates and carbohydrate conjugates",1.38433346526571,TRUE,0.512220189477515,0.72650814369186,0.101968399235312,0.760267849808906,6,0.603248907180934,0.113360035503146,0.679713203740303,8,"RNA positive / Protein positive",TRUE,0.664878525436397,0.603248907180934
"FT3462NR","FA(22:4)",NA,"Fatty Acyls","Fatty acids and conjugates",0.343746332219962,FALSE,-0.0898913488805049,-0.602869248002967,0.205252943053506,0.844694804104814,6,-0.862418484561103,0.00585727192936774,0.408251853476931,8,"RNA negative / Protein negative",TRUE,0.732643866282035,0.602869248002967
"FT3407PR","9-Octadecenamide",NA,"Fatty Acyls","Fatty amides",0.580334102298802,FALSE,-0.226083735399372,-0.809707579990755,0.0508714487432628,0.717627196300257,6,-0.602097541040072,0.114235423073499,0.679713203740303,8,"RNA negative / Protein negative",TRUE,0.705902560515414,0.602097541040072
"FT4429PR","Palmitoylcholine",NA,"Organonitrogen compounds","Quaternary ammonium salts",1.51571587245184,TRUE,-0.679253547893587,-0.597651604649044,0.210259416525915,0.855177919261837,6,-0.930339013747584,0.000801563681189714,0.249161067041036,8,"RNA negative / Protein negative",TRUE,0.763995309198314,0.597651604649044
"FT4767PR","Clusiaphenone B",NA,"Benzene and substituted derivatives","Benzophenones",0.000765157358652574,FALSE,0.00801174885579713,-0.604577083366404,0.203624902635425,0.842783223920486,6,-0.597024866733932,0.118137650935551,0.683335624083641,8,"RNA negative / Protein negative",TRUE,0.600800975050168,0.597024866733932
"FT7137NR","WE(16:0/23:0)",NA,"Fatty Acyls","Fatty acid esters",1.56061324698731,TRUE,-0.72569143387527,-0.594044879605986,0.213748727096686,0.855762031526234,6,-0.915185463631801,0.00142990569320537,0.249161067041036,8,"RNA negative / Protein negative",TRUE,0.754615171618893,0.594044879605986
"FT1168NR","N-Acetyl-L-methionine","C02712","Carboxylic acids and derivatives","Amino acids, peptides, and analogues",1.58225900774574,TRUE,0.624259243107363,0.591398721053999,0.21632349341781,0.855762031526234,6,0.755549843572704,0.0301504781781726,0.542455027678593,8,"RNA positive / Protein positive",TRUE,0.673474282313351,0.591398721053999
"FT4790PR","Oleoylcholine",NA,"Organonitrogen compounds","Quaternary ammonium salts",1.3987985780169,TRUE,-0.597578667012334,-0.588885362134406,0.218780547483999,0.859671586300121,6,-0.931276501721892,0.000770189994358726,0.249161067041036,8,"RNA negative / Protein negative",TRUE,0.760080931928149,0.588885362134406
"FT4386NR","(Z)-1-Methyl-2-(tridec-8-en-1-yl)quinolin-4(1H)-one",NA,"Quinolines and derivatives","Quinolones and derivatives",0.357766579679757,FALSE,-0.110758551515469,-0.733472276172692,0.0970888727201947,0.760267849808906,6,-0.586810075271727,0.126220580485847,0.70272845909954,8,"RNA negative / Protein negative",TRUE,0.66014117572221,0.586810075271727
"FT6006PR","5-Methylhenicosanoylcarnitine",NA,"Fatty Acyls","Fatty acid esters",1.96585550336584,TRUE,-1.06353019008,-0.58562635471815,0.221983156171773,0.865298849559908,6,-0.846746439367021,0.00799594218477757,0.425136786510782,8,"RNA negative / Protein negative",TRUE,0.716186397042586,0.58562635471815
"FT6193PR","LysoPC(O-18:0/0:0)","C04317","Glycerophospholipids","Glycerophosphocholines",0.128380264659479,FALSE,-0.0847954156790364,-0.708987566607682,0.114709689707756,0.765141115763805,6,-0.585340172135237,0.127408482345708,0.70272845909954,8,"RNA negative / Protein negative",TRUE,0.64716386937146,0.585340172135237
"FT3458NR","FA(19:1)",NA,"Fatty Acyls","Fatty acids and conjugates",0.131153377444154,FALSE,0.0542249830008157,-0.584470341809153,0.223123652472351,0.866884510440095,6,-0.708402394557348,0.0492201681987809,0.584128132428263,8,"RNA negative / Protein negative",TRUE,0.64643636818325,0.584470341809153
"FT7545PR","PC(P-16:0/22:6)",NA,"Glycerophospholipids","Glycerophosphocholines",1.86876087100892,TRUE,-1.0609729005247,-0.950619039234697,0.00359751170417957,0.543555659481085,6,-0.584347226016571,0.128214460185998,0.70272845909954,8,"RNA negative / Protein negative",TRUE,0.767483132625634,0.584347226016571
"FT7317NR","WE(25:0/16:1)",NA,"Fatty Acyls","Fatty acid esters",1.57619919845049,TRUE,-0.760738129969788,-0.579943915793483,0.227611828955609,0.866884510440095,6,-0.887054079357673,0.00330382955844285,0.328967028890666,8,"RNA negative / Protein negative",TRUE,0.733498997575578,0.579943915793483
"FT1451PR","N-methyl-L-glutamic Acid","C01046","Carboxylic acids and derivatives","Amino acids, peptides, and analogues",0.660064241285826,FALSE,0.277080472091597,0.774994549266307,0.0702454528646913,0.760267849808906,6,0.579282811269362,0.13236953506973,0.70272845909954,8,"RNA positive / Protein positive",TRUE,0.677138680267834,0.579282811269362
"FT4079PR","FA(21:3;O)",NA,"Fatty Acyls","Fatty acids and conjugates",0.854541350622577,FALSE,0.345368370743178,0.911708156386725,0.0113490371623104,0.543896992986746,6,0.579135892932652,0.132491178552964,0.70272845909954,8,"RNA positive / Protein positive",TRUE,0.745422024659689,0.579135892932652
"FT3874NR","Gly-Glu-Asp",NA,"Carboxylic acids and derivatives","Amino acids, peptides, and analogues",2.34534619314484,TRUE,1.74865130257465,0.578847078275417,0.228704773947199,0.866884510440095,6,0.78924361158595,0.019860169431885,0.514258380867485,8,"RNA positive / Protein positive",TRUE,0.684045344930683,0.578847078275417
"FT0472NR","4-Hydroxyproline","C01157","Carboxylic acids and derivatives","Amino acids, peptides, and analogues",0.881326373840372,FALSE,0.201361381713316,0.693078501275714,0.126845083231279,0.77386627532767,6,0.576424665080962,0.134747169573942,0.703511439648221,8,"RNA positive / Protein positive",TRUE,0.634751583178338,0.576424665080962
"FT1560NR","Carbidopa",NA,"Phenylpropanoic acids","Unclassified",0.372323638352733,FALSE,-0.0797125193427195,-0.607251076127154,0.201086477836355,0.842783223920486,6,-0.574019774666389,0.136766018387868,0.708742861088057,8,"RNA negative / Protein negative",TRUE,0.590635425396771,0.574019774666389
"FT6658NR","LysoPE(22:6/0:0)",NA,"Glycerophospholipids","Glycerophosphoethanolamines",0.562981269884907,FALSE,-0.214328219772786,-0.924325353946169,0.00837329689937697,0.543555659481085,6,-0.570722537461834,0.139561106819418,0.708914427173625,8,"RNA negative / Protein negative",TRUE,0.747523945704001,0.570722537461834
"FT5060PR","N-Oleoyl Cysteine",NA,"Carboxylic acids and derivatives","Amino acids, peptides, and analogues",1.10008799905552,FALSE,-0.437580440010103,-0.770246264842452,0.0731161884279846,0.760267849808906,6,-0.570693951925484,0.139585476158991,0.708914427173625,8,"RNA negative / Protein negative",TRUE,0.670470108383968,0.570693951925484
"FT5456NR","MG(22:1/0:0)",NA,"Glycerolipids","Monoradylglycerols",1.51742409193163,TRUE,-0.671832203052621,-0.570610209100177,0.236978890231962,0.866884510440095,6,-0.868503208808078,0.00513854340146454,0.377006815875872,8,"RNA negative / Protein negative",TRUE,0.719556708954128,0.570610209100177
"FT1823PR","3S-aminodecanoic acid",NA,"Carboxylic acids and derivatives","Amino acids, peptides, and analogues",0.399460824748987,FALSE,-0.132381974592135,-0.647201004275891,0.164744757599452,0.842783223920486,6,-0.570383363000724,0.139850407082315,0.708914427173625,8,"RNA negative / Protein negative",TRUE,0.608792183638308,0.570383363000724
"FT1824PR","2-amino-decanoic acid",NA,"Carboxylic acids and derivatives","Amino acids, peptides, and analogues",0.235540800741114,FALSE,0.175662549307898,-0.57032741732737,0.237265032518789,0.866884510440095,6,-0.605646934031528,0.111549054034923,0.679592045882456,8,"RNA negative / Protein negative",TRUE,0.587987175679449,0.57032741732737
"FT3484NR","(S)-a-Amino-2,5-dihydro-5-oxo-4-isoxazolepropanoic acid N2-glucoside",NA,"Organooxygen compounds","Carbohydrates and carbohydrate conjugates",1.16595908278711,FALSE,0.38371689885408,0.641977644991162,0.169324356099713,0.842783223920486,6,0.567917267327122,0.1419638563251,0.71186192704025,8,"RNA positive / Protein positive",TRUE,0.604947456159142,0.567917267327122
"FT6387PR","LPC(18:0(11cp)/0:0)",NA,"Glycerophospholipids","Glycerophosphocholines",0.0497844467443917,FALSE,0.0618675753849821,-0.67123967556332,0.144358267627625,0.800009363625605,6,-0.567191209558303,0.14258943349227,0.712436094223026,8,"RNA negative / Protein negative",TRUE,0.619215442560811,0.567191209558303
"FT6491PR","LysoPC(20:2/0:0)","C04230","Glycerophospholipids","Glycerophosphocholines",0.0274806372052523,FALSE,0.0199300243493637,-0.624282499032654,0.185226635675438,0.842783223920486,6,-0.566432611943212,0.143244672108388,0.713153831853902,8,"RNA negative / Protein negative",TRUE,0.595357555487933,0.566432611943212
"FT4230NR","Taxa-4(20),11(12)-dien-5alpha-yl acetate","C11896","Prenol lipids","Diterpenoids",1.65450679365245,TRUE,0.731525583590916,0.679842852541412,0.137342748897895,0.779770464150909,6,0.565177057572279,0.144332805186382,0.716013987294721,8,"RNA positive / Protein positive",TRUE,0.622509955056845,0.565177057572279
"FT2622NR","Uridine 2',3'-cyclic phosphate","C02355","Pyrimidine nucleotides","Cyclic pyrimidine nucleotides",0.512710649278554,FALSE,-0.178433079922138,-0.60446812427433,0.203728613018838,0.842783223920486,6,-0.562993607385531,0.146235934847487,0.717039432551467,8,"RNA negative / Protein negative",TRUE,0.58373086582993,0.562993607385531
"FT4911PR","N-(m-Methoxybenzyl)hexadecanamide",NA,"Phenol ethers","Anisoles",0.733498470352011,FALSE,-0.341306486468106,-0.560888778521671,0.246893577524022,0.872427299627174,6,-0.598120632964412,0.117288440642557,0.683335624083641,8,"RNA negative / Protein negative",TRUE,0.579504705743041,0.560888778521671
"FT4082PR","11E-Eicosen-1-ol",NA,"Fatty Acyls","Fatty alcohols",1.30657375981066,FALSE,-0.818626833634669,-0.846364837206869,0.0335924608652569,0.717627196300257,6,-0.55750424584166,0.151081276871348,0.726352011141478,8,"RNA negative / Protein negative",TRUE,0.701934541524264,0.55750424584166
"FT5824PR","Deoxycholylalanine",NA,"Steroids and steroid derivatives","Bile acids, alcohols and derivatives",0.709383619548989,FALSE,-0.291874552348467,-0.557255956931689,0.250639581420906,0.872427299627174,6,-0.717168512771707,0.0452424003061678,0.580093092074617,8,"RNA negative / Protein negative",TRUE,0.637212234851698,0.557255956931689
"FT3035NR","SCHEMBL24234963",NA,"Organooxygen compounds","Carbohydrates and carbohydrate conjugates",1.099129845263,FALSE,0.411569010082498,0.554763479807021,0.253222483155739,0.872427299627174,6,0.609011816436674,0.109035790829967,0.675854684599613,8,"RNA positive / Protein positive",TRUE,0.581887648121847,0.554763479807021
"FT4208NR","Retinol acetate",NA,"Prenol lipids","Retinoids",0.648649154216788,FALSE,-0.213019308444286,-0.553137684349998,0.254912835371205,0.872427299627174,6,-0.834991633192748,0.00988786132282114,0.444634796258473,8,"RNA negative / Protein negative",TRUE,0.694064658771373,0.553137684349998
"FT4605PR","Arachidoyl Ethanolamide",NA,"Organonitrogen compounds","Amines",0.966195911405731,FALSE,-0.613756882790203,-0.57326290538971,0.234301439028058,0.866884510440095,6,-0.552603855811284,0.155480106453795,0.731820831113888,8,"RNA negative / Protein negative",TRUE,0.562933380600497,0.552603855811284
"FT2400NR","D-glycero-L-galacto-Octulose",NA,"Organooxygen compounds","Carbohydrates and carbohydrate conjugates",0.202837709058926,FALSE,-0.0775805929434214,-0.738282642683344,0.093780669883498,0.760267849808906,6,-0.550637098600824,0.157265009038765,0.731820831113888,8,"RNA negative / Protein negative",TRUE,0.644459870642084,0.550637098600824
"FT4229NR","4,8,12,15,19-Docosapentaenoic acid",NA,"Fatty Acyls","Fatty acids and conjugates",0.0648752100584888,FALSE,0.0852986898309981,-0.550202499364968,0.257975668873498,0.872427299627174,6,-0.56199446366321,0.147111390035667,0.717039432551467,8,"RNA negative / Protein negative",TRUE,0.556098481514089,0.550202499364968
"FT3196PR","Myristoyl-EA",NA,"Organonitrogen compounds","Amines",0.972655543308722,FALSE,-0.363175722683803,-0.590951472380138,0.216759904353991,0.855762031526234,6,-0.549516551604606,0.158286923404476,0.731820831113888,8,"RNA negative / Protein negative",TRUE,0.570234011992372,0.549516551604606
"FT4069NR","4-p-Coumaroyl-1,5-quinolactone",NA,"Cinnamic acids and derivatives","Hydroxycinnamic acids and derivatives",1.47637877404346,FALSE,-0.752772395818852,-0.548567670223665,0.259687766103315,0.872427299627174,6,-0.573250278591661,0.137415517775521,0.708914427173625,8,"RNA negative / Protein negative",TRUE,0.560908974407663,0.548567670223665
"FT1791NR","Cucujolide IV",NA,"Macrolides and analogues","Unclassified",0.894741674424411,FALSE,-0.334525686126772,-0.547723298335457,0.260573769496671,0.872427299627174,6,-0.578005398694967,0.133429274450054,0.70272845909954,8,"RNA negative / Protein negative",TRUE,0.562864348515212,0.547723298335457
"FT0099NR","Dihydroxyacetone","C00184","Organooxygen compounds","Carbohydrates and carbohydrate conjugates",1.0413163619091,FALSE,0.293813797869314,0.618031346766277,0.190985454885033,0.842783223920486,6,0.547366365647039,0.160257961104333,0.731820831113888,8,"RNA positive / Protein positive",TRUE,0.582698856206658,0.547366365647039
"FT5735PR","lysoPE(0:0/16:0)",NA,"Glycerophospholipids","Glycerophosphoethanolamines",0.446913310782394,FALSE,-0.0720814736931549,-0.942728055597321,0.00482618526934696,0.543555659481085,6,-0.546589049015267,0.160973785476564,0.731820831113888,8,"RNA negative / Protein negative",TRUE,0.744658552306294,0.546589049015267
"FT1221NR","Bornyl acetate","C09837","Prenol lipids","Monoterpenoids",0.848024426033228,FALSE,-0.289948651731853,-0.680099621106485,0.137135675663077,0.779770464150909,6,-0.546509447625975,0.161047187778586,0.731820831113888,8,"RNA negative / Protein negative",TRUE,0.61330453436623,0.546509447625975
"FT2662PR","Bulnesol",NA,"Prenol lipids","Sesquiterpenoids",0.273644318215102,FALSE,-0.100209875766304,-0.799403233600062,0.0563226811058666,0.72308367718528,6,-0.546377850893307,0.161168576149185,0.731820831113888,8,"RNA negative / Protein negative",TRUE,0.672890542246685,0.546377850893307
"FT4358PR","Erucamide",NA,"Fatty Acyls","Fatty amides",1.04346465799761,FALSE,-0.600037282089572,-0.711836709489722,0.112592859523505,0.763983744376561,6,-0.545721662265233,0.161774605146956,0.73182874112434,8,"RNA negative / Protein negative",TRUE,0.628779185877478,0.545721662265233
"FT5274NR","24-epibrassicasterol","C08813","Steroids and steroid derivatives","Ergostane steroids",0.0629805782354515,FALSE,-0.0475622742286865,-0.910444291150325,0.011671209014404,0.543896992986746,6,-0.545239944523541,0.16222028766673,0.73182874112434,8,"RNA negative / Protein negative",TRUE,0.727842117836933,0.545239944523541
"FT5371PR","Heptadecanoyl carnitine",NA,"Fatty Acyls","Fatty acid esters",0.814597435475573,FALSE,-0.289664926176553,-0.5438990697787,0.264601192314998,0.872427299627174,6,-0.916852427857748,0.00134897717643559,0.249161067041036,8,"RNA negative / Protein negative",TRUE,0.730375748818224,0.5438990697787
"FT4548PR","Dihomolinoleoyl-EA",NA,"Organonitrogen compounds","Amines",1.23734630879378,FALSE,-0.798804925836638,-0.899553013488632,0.0146276608369574,0.59844341835905,6,-0.542176167073412,0.165070480714043,0.73412888771035,8,"RNA negative / Protein negative",TRUE,0.720864590281022,0.542176167073412
"FT1212PR","1-Hydroxyisoquinoline","C06324","Isoquinolines and derivatives","Isoquinolones and derivatives",0.488085458298617,FALSE,0.211084294890081,0.848452502824365,0.0327096971494991,0.717627196300257,6,0.540873284094694,0.166290704485211,0.73412888771035,8,"RNA positive / Protein positive",TRUE,0.694662893459529,0.540873284094694
"FT2347NR","Dexelvucitabine",NA,"Nucleoside and nucleotide analogues","Unclassified",0.315636448681661,FALSE,0.113378260186015,-0.657344508320692,0.15600311101262,0.834619344496697,6,-0.540634983780895,0.16651441329123,0.73412888771035,8,"RNA negative / Protein negative",TRUE,0.598989746050794,0.540634983780895
"FT2457PR","4-Oxo-beta-ionol",NA,"Prenol lipids","Sesquiterpenoids",0.13529942228027,FALSE,-0.0144017214221534,-0.540288763952691,0.268425226977452,0.872427299627174,6,-0.61996556418522,0.101079489082381,0.670975275146856,8,"RNA negative / Protein negative",TRUE,0.580127164068955,0.540288763952691
"FT1064NR","4-Pyridoxic acid","C00847","Pyridines and derivatives","Pyridinecarboxylic acids and derivatives",1.56684594324379,TRUE,0.665310908094481,0.631845169151714,0.178357488261471,0.842783223920486,6,0.539126707571363,0.167934114562859,0.73412888771035,8,"RNA positive / Protein positive",TRUE,0.585485938361538,0.539126707571363
"FT1154NR","3,7-dideoxy-D-threo-hepto-2,6-diuolosonic acid",NA,"Keto acids and derivatives","Medium-chain keto acids and derivatives",0.904643990086611,FALSE,-0.288935676019487,-0.53874515543258,0.270066672303639,0.872427299627174,6,-0.622865347157751,0.0990307747753503,0.666902898728687,8,"RNA negative / Protein negative",TRUE,0.580805251295165,0.53874515543258
"FT4523PR","Ganaxolone",NA,"Steroids and steroid derivatives","Pregnane steroids",0.930693024433881,FALSE,-0.442332448966336,-0.71001578690504,0.113943757176114,0.765141115763805,6,-0.538502969176675,0.168523130607828,0.73412888771035,8,"RNA negative / Protein negative",TRUE,0.624259378040858,0.538502969176675
"FT6942PR","Cer(d18:2/20:0(2OH[R]))",NA,"Sphingolipids","Ceramides",0.59552722453009,FALSE,0.132296597403581,0.536790437173258,0.272150808976138,0.872427299627174,6,0.643297607083489,0.0852748532315718,0.646160695925008,8,"RNA positive / Protein positive",TRUE,0.590044022128374,0.536790437173258
"FT6192PR","PC(O-16:0/1:0)",NA,"Glycerophospholipids","Glycerophosphocholines",0.334849344562571,FALSE,0.161180985154016,-0.544173881203079,0.264310981431074,0.872427299627174,6,-0.533399130473925,0.173384739738378,0.738625629999979,8,"RNA negative / Protein negative",TRUE,0.538786505838502,0.533399130473925
"FT0521NR","Malic acid","C00149","Hydroxy acids and derivatives","Beta hydroxy acids and derivatives",1.42821861382286,TRUE,0.540635831543629,0.533210070628365,0.275984165975871,0.875784235179251,6,0.667337785192407,0.0705999009739777,0.632530718869754,8,"RNA positive / Protein positive",TRUE,0.600273927910386,0.533210070628365
"FT1035PR","2-(2-Hydroxypropan-2-ylamino)propan-2-ol",NA,"Organonitrogen compounds","Amines",1.23757191485076,FALSE,-0.549908728252338,-0.533128434422836,0.276071810265002,0.875784235179251,6,-0.581865947442594,0.130240962932577,0.70272845909954,8,"RNA negative / Protein negative",TRUE,0.557497190932715,0.533128434422836
"FT3704PR","Tridemorph","C11285","Oxazinanes","Morpholines",1.95006128229892,FALSE,-2.0015779599546,-0.569536491671425,0.238066055347316,0.866884510440095,6,-0.532956245664926,0.1738101228496,0.738625629999979,8,"RNA negative / Protein negative",TRUE,0.551246368668176,0.532956245664926
"FT2489PR","3-hydroxy-.beta.-ionol",NA,"Prenol lipids","Sesquiterpenoids",1.04480498992834,FALSE,-0.510716626873623,-0.532824919148706,0.27639775646563,0.875784235179251,6,-0.812955097394643,0.0141506297961262,0.501477491291417,8,"RNA negative / Protein negative",TRUE,0.672890008271674,0.532824919148706
"FT4675PR","Caffeoyl tyrosine",NA,"Carboxylic acids and derivatives","Amino acids, peptides, and analogues",0.70393969639705,FALSE,-0.240040590987452,-0.687864478762786,0.130937414561533,0.777485875998432,6,-0.531254178465305,0.175450151775854,0.738625629999979,8,"RNA negative / Protein negative",TRUE,0.609559328614045,0.531254178465305
"FT2917NR","FA(15:0;O)",NA,"Fatty Acyls","Fatty alcohols",1.58142387068179,TRUE,0.637002688083497,0.59659950811484,0.211274859559778,0.855473160224122,6,0.530045582217557,0.176619726762141,0.738625629999979,8,"RNA positive / Protein positive",TRUE,0.563322545166198,0.530045582217557
"FT1617PR","Glycylproline",NA,"Carboxylic acids and derivatives","Amino acids, peptides, and analogues",1.75599178232513,TRUE,0.958412007743531,0.529240123549444,0.280258599556726,0.876885269600792,6,0.598646583888912,0.116882061516097,0.683335624083641,8,"RNA positive / Protein positive",TRUE,0.563943353719178,0.529240123549444
"FT3297PR","N-(1-Deoxy-1-fructosyl)proline",NA,"Carboxylic acids and derivatives","Amino acids, peptides, and analogues",0.427476284621856,FALSE,0.263537732287749,-0.528510793254104,0.281046594305829,0.876885269600792,6,-0.67097025534406,0.0685228414121019,0.632530718869754,8,"RNA negative / Protein negative",TRUE,0.599740524299082,0.528510793254104
"FT5071NR","cholest-5-en-23-yn-3beta-ol",NA,"Steroids and steroid derivatives","Cholestane steroids",0.376389999764492,FALSE,0.140146093969397,0.813006458052121,0.0491806143310579,0.717627196300257,6,0.528364493917092,0.178253481230731,0.738625629999979,8,"RNA positive / Protein positive",TRUE,0.670685475984607,0.528364493917092
"FT2116NR","2,4,5-Trihydroxyphenylalanine",NA,"Carboxylic acids and derivatives","Amino acids, peptides, and analogues",1.39091196390249,FALSE,0.485181270615247,0.849874948736454,0.032114572525692,0.717627196300257,6,0.527955768544505,0.178651918417966,0.738625629999979,8,"RNA positive / Protein positive",TRUE,0.688915358640479,0.527955768544505
"FT0100NR","Glyceraldehyde","C02154","Organooxygen compounds","Carbohydrates and carbohydrate conjugates",1.07907407698584,FALSE,0.334297286602061,0.842766201728296,0.0351400972588172,0.717627196300257,6,0.527064829802587,0.179522084368021,0.738625629999979,8,"RNA positive / Protein positive",TRUE,0.684915515765441,0.527064829802587
"FT3311NR","2-methyl-7R,8S-Epoxy-17-octadecene",NA,"Epoxides","Unclassified",1.03214990273427,FALSE,0.362792728465216,0.526069384357727,0.28369051074181,0.876885269600792,6,0.54650880474791,0.161047780665627,0.731820831113888,8,"RNA positive / Protein positive",TRUE,0.536289094552818,0.526069384357727
"FT3579NR","FA(22:1)","C08316","Fatty Acyls","Fatty acids and conjugates",0.89674262852532,FALSE,-0.319307535538336,-0.524157168622349,0.285767910581646,0.876885269600792,6,-0.785505227743248,0.020872572111007,0.51957795576328,8,"RNA negative / Protein negative",TRUE,0.654831198182799,0.524157168622349
"FT4144PR","6R,7S-Epoxy-3Z,9Z-heneicosadiene",NA,"Epoxides","Unclassified",0.820783681387653,FALSE,-0.451405380116202,-0.704742654838103,0.117895539800244,0.765141115763805,6,-0.522133112005418,0.184379780949564,0.738625629999979,8,"RNA negative / Protein negative",TRUE,0.61343788342176,0.522133112005418
"FT3272NR","WE(5:1/16:0)",NA,"Fatty Acyls","Fatty acid esters",0.168303244956075,FALSE,-0.0470719133462359,-0.521797823727564,0.288338985710711,0.876885269600792,6,-0.880280533067535,0.00391381881916231,0.340991464619516,8,"RNA negative / Protein negative",TRUE,0.70103917839755,0.521797823727564
"FT1452PR","(±)-2,2'-Iminobispropanoic acid","C03210","Carboxylic acids and derivatives","Amino acids, peptides, and analogues",0.835028067261939,FALSE,0.372194342397114,0.640736050425154,0.170420674042288,0.842783223920486,6,0.520934824067045,0.185570551130837,0.738625629999979,8,"RNA positive / Protein positive",TRUE,0.580835437246099,0.520934824067045
"FT6835NR","GDP-L-fucose","C00325","Purine nucleotides","Purine nucleotide sugars",0.277845193192651,FALSE,0.0516904207775971,0.519673743213723,0.290661138435461,0.876885269600792,6,0.598239930409456,0.117196194876738,0.683335624083641,8,"RNA positive / Protein positive",TRUE,0.558956836811589,0.519673743213723
"FT1272NR","Cyclopropanecarboxamide, 1,2,2,3,3-pentamethyl-",NA,"Carboxylic acids and derivatives","Cyclopropanecarboxylic acids and derivatives",1.43913017347625,TRUE,0.588435479256932,0.536809907141198,0.272130019560349,0.872427299627174,6,0.51810154876063,0.188402305335234,0.738625629999979,8,"RNA positive / Protein positive",TRUE,0.527455727950914,0.51810154876063
"FT6983NR","UDP-GlcNAc","C00043","Pyrimidine nucleotides","Pyrimidine nucleotide sugars",0.797473623342542,FALSE,0.218525207312762,0.920035767334285,0.00933576097164062,0.543555659481085,6,0.517629124664652,0.188876696406054,0.738625629999979,8,"RNA positive / Protein positive",TRUE,0.718832445999469,0.517629124664652
"FT1499NR","Polygonal",NA,"Organooxygen compounds","Alcohols and polyols",0.364039252257298,FALSE,-0.114420188849967,-0.53678660193863,0.272154904190307,0.872427299627174,6,-0.516480289535591,0.190032961202799,0.738625629999979,8,"RNA negative / Protein negative",TRUE,0.526633445737111,0.516480289535591
"FT4022PR","Leucylphenylalanine",NA,"Carboxylic acids and derivatives","Amino acids, peptides, and analogues",1.04498664604835,FALSE,-0.418272440410418,-0.515627658332401,0.295103960477073,0.876885269600792,6,-0.771299872119509,0.0250099000405796,0.542455027678593,8,"RNA negative / Protein negative",TRUE,0.643463765225955,0.515627658332401
"FT7779NR","6-Hydroxy flavin adenine dinucleotide",NA,"Flavin nucleotides","Unclassified",1.0839022403491,FALSE,0.344317227184466,0.725638990527323,0.102584824969276,0.760267849808906,6,0.515612610753803,0.19090873632533,0.738625629999979,8,"RNA positive / Protein positive",TRUE,0.620625800640563,0.515612610753803
"FT3278PR","6-Phosphogluconic acid","C00345","Organooxygen compounds","Carbohydrates and carbohydrate conjugates",0.868822970815218,FALSE,0.250635609861047,0.515349965670903,0.295409813095362,0.876885269600792,6,0.608383239634248,0.109502808810305,0.675854684599613,8,"RNA positive / Protein positive",TRUE,0.561866602652575,0.515349965670903
"FT5957PR","Nicardipine","C07264","Pyridines and derivatives","Hydropyridines",0.901160537293001,FALSE,-0.363396751481886,-0.514821090561876,0.295992649497366,0.876885269600792,6,-0.652678680882103,0.0793554014428952,0.645250270564314,8,"RNA negative / Protein negative",TRUE,0.58374988572199,0.514821090561876
"FT3134PR","3S,4R-epoxy-6Z,9Z-heptadecadiene",NA,"Epoxides","Unclassified",0.821753278526702,FALSE,-0.434914274716118,-0.693139216466593,0.12679776180154,0.77386627532767,6,-0.51473858573715,0.191793077792765,0.738625629999979,8,"RNA negative / Protein negative",TRUE,0.603938901101872,0.51473858573715
"FT3845PR","all-trans-13,14-dihydroretinol","C15492","Prenol lipids","Retinoids",0.689906925538012,FALSE,-0.441690143257435,-0.601883510230315,0.206195026369587,0.846068677522405,6,-0.514095402502488,0.192445237380389,0.738625629999979,8,"RNA negative / Protein negative",TRUE,0.557989456366401,0.514095402502488
"FT2003NR","8-hydroxy-3E,5E,10E,12-tridecatetraen-2-one",NA,"Fatty Acyls","Fatty alcohols",1.04977890616737,FALSE,0.457542959916282,0.511891546738374,0.299228907367379,0.876885269600792,6,0.526888699821027,0.179694376072097,0.738625629999979,8,"RNA positive / Protein positive",TRUE,0.5193901232797,0.511891546738374
"FT5490PR","ADP","C00008","Purine nucleotides","Purine ribonucleotides",0.130676641098462,FALSE,0.0436726616027161,0.920896173016435,0.00913863041086747,0.543555659481085,6,0.511358211882757,0.195233747014837,0.738625629999979,8,"RNA positive / Protein positive",TRUE,0.716127192449596,0.511358211882757
"FT2283PR","Tridecanamide",NA,"Fatty Acyls","Fatty amides",0.834284970736858,FALSE,-0.277398915755572,-0.675575629129816,0.140803735924808,0.789749986578259,6,-0.511019570461028,0.195580213305784,0.738625629999979,8,"RNA negative / Protein negative",TRUE,0.593297599795422,0.511019570461028
"FT3301PR","4-(Dodecylamino)Phenol",NA,"Organonitrogen compounds","Amines",1.06281646694615,FALSE,-0.538546797751354,-0.816929226384243,0.0472045621468587,0.717627196300257,6,-0.510077153650603,0.196546115408961,0.738625629999979,8,"RNA negative / Protein negative",TRUE,0.663503190017423,0.510077153650603
"FT1960PR","4-Piperidinol, 1-hydroxy-2,2,6,6-tetramethyl-",NA,"Piperidines","Unclassified",0.972603340484987,FALSE,-0.380155372525686,-0.905267494349013,0.0130362949583563,0.56667144647105,6,-0.509828569509448,0.196801313359875,0.738625629999979,8,"RNA negative / Protein negative",TRUE,0.707548031929231,0.509828569509448
"FT6956PR","Isoorientin 6''-O-glucoside",NA,"Flavonoids","Flavonoid glycosides",1.71209271103471,TRUE,-0.77157126871842,-0.769620653767881,0.073498313957965,0.760267849808906,6,-0.509612894057816,0.197022868731029,0.738625629999979,8,"RNA negative / Protein negative",TRUE,0.639616773912848,0.509612894057816
"FT5078PR","N-Stearoyl Cysteine",NA,"Carboxylic acids and derivatives","Amino acids, peptides, and analogues",0.603852891474866,FALSE,-0.231236711239321,-0.918574114442364,0.00967532832944027,0.543555659481085,6,-0.508484163092343,0.198184518522103,0.738625629999979,8,"RNA negative / Protein negative",TRUE,0.713529138767354,0.508484163092343
"FT1788PR","Acesulfame",NA,"Organic sulfuric acids and derivatives","Unclassified",1.40983900524928,TRUE,-0.543046513870486,-0.958528543474067,0.00254415955986556,0.543555659481085,6,-0.508389824676683,0.198281771427057,0.738625629999979,8,"RNA negative / Protein negative",TRUE,0.733459184075375,0.508389824676683
"FT4993PR","Sphinganine 1-phosphate","C01120","Sphingolipids","Phosphosphingolipids",2.54455478342286,TRUE,-1.64681917483968,-0.507531817059994,0.304069465642145,0.876885269600792,6,-0.723263722816224,0.0425950719369336,0.570937791154668,8,"RNA negative / Protein negative",TRUE,0.615397769938109,0.507531817059994
"FT2561PR","Kifunensine",NA,"Carboxylic acids and derivatives","Amino acids, peptides, and analogues",0.827560117309437,FALSE,-0.353278770533351,-0.693718819257333,0.126346405254799,0.77386627532767,6,-0.506376200399151,0.200363603001174,0.738625629999979,8,"RNA negative / Protein negative",TRUE,0.600047509828242,0.506376200399151
"FT3337PR","9,12,15-Octadecatrienal",NA,"Fatty Acyls","Fatty aldehydes",0.532631683411632,FALSE,-0.216122910265353,-0.816847972792665,0.0472451109004394,0.717627196300257,6,-0.505785381293557,0.200976608209755,0.738625629999979,8,"RNA negative / Protein negative",TRUE,0.661316677043111,0.505785381293557
"FT3855PR","Pentostatin","C02267","Imidazodiazepines","Unclassified",0.62853307580381,FALSE,-0.208219588598453,-0.505368122418297,0.306482552179028,0.876885269600792,6,-0.891315265311626,0.00295362532215014,0.319096494566148,8,"RNA negative / Protein negative",TRUE,0.698341693864962,0.505368122418297
"FT3936PR","Tanshinone IIA",NA,"Prenol lipids","Diterpenoids",0.787056666578005,FALSE,0.222138011050198,0.534633865079261,0.274457301983996,0.875784235179251,6,0.505140699043295,0.201646623444233,0.738625629999979,8,"RNA positive / Protein positive",TRUE,0.519887282061278,0.505140699043295
"FT3745PR","18-Octadecanolide",NA,"Macrolides and analogues","Unclassified",0.996856292638378,FALSE,-0.31255477127754,-0.503487790019897,0.308585380950957,0.876885269600792,6,-0.829271161419447,0.010902502026708,0.46054811591609,8,"RNA negative / Protein negative",TRUE,0.666379475719672,0.503487790019897
"FT6009NR","Guanosine 5'-O-(2-thiodiphosphate)",NA,"Purine nucleotides","Purine ribonucleotides",0.209388724759813,FALSE,-0.0412192889548683,-0.503117053858987,0.309000616569896,0.876885269600792,6,-0.708238403600345,0.0492965116772841,0.584128132428263,8,"RNA negative / Protein negative",TRUE,0.605677728729666,0.503117053858987
"FT4316PR","Pipericine",NA,"Fatty Acyls","Fatty amides",1.11409374759073,FALSE,-0.683307866740733,-0.826592418315386,0.0424980846674725,0.717627196300257,6,-0.502526253486755,0.204375821652309,0.738625629999979,8,"RNA negative / Protein negative",TRUE,0.66455933590107,0.502526253486755
"FT5620PR","(9S,10E,12Z)-9-Hydroxyoctadeca-10,12-dienoylcarnitine",NA,"Fatty Acyls","Fatty acid esters",1.38972545843429,TRUE,-0.580870741508835,-0.502295989346656,0.309920971712052,0.876885269600792,6,-0.586053410314901,0.126831300389143,0.70272845909954,8,"RNA negative / Protein negative",TRUE,0.544174699830779,0.502295989346656
"FT3464NR","11-methyl-1,2-heptadecanediol",NA,"Fatty Acyls","Fatty alcohols",1.03264593448745,FALSE,-0.50076166951377,-0.502197030137352,0.310031966604015,0.876885269600792,6,-0.698361005224126,0.0540266661312724,0.588523549803042,8,"RNA negative / Protein negative",TRUE,0.600279017680739,0.502197030137352
"FT2194PR","L-Kynurenine","C00328","Organooxygen compounds","Carbonyl compounds",0.586552710455631,FALSE,0.290502605221382,-0.755316015153288,0.0824807326902428,0.760267849808906,6,-0.501877494279434,0.205056039318502,0.738625629999979,8,"RNA negative / Protein negative",TRUE,0.628596754716361,0.501877494279434
"FT6178PR","1-(2-methoxy-hexadecanyl)-sn-glycero-3-phosphoethanolamine",NA,"Glycerophospholipids","Glycerophosphoethanolamines",0.622253651238204,FALSE,-0.175395115131504,-0.501720322365182,0.310566859516605,0.876885269600792,6,-0.761037965173561,0.0282918526576202,0.542455027678593,8,"RNA negative / Protein negative",TRUE,0.631379143769371,0.501720322365182
"FT5131PR","N-Palmitoyl Histidine",NA,"Carboxylic acids and derivatives","Amino acids, peptides, and analogues",2.12479911685982,FALSE,-1.99998385905217,-0.50169165487574,0.310599036957457,0.876885269600792,6,-0.730931180908255,0.0394012347257761,0.570937791154668,8,"RNA negative / Protein negative",TRUE,0.616311417891998,0.50169165487574
"FT6549PR","1-linoleoyl-sn-glycero-3-phosphocholine",NA,"Glycerophospholipids","Glycerophosphocholines",1.26343085698428,TRUE,0.57972556858253,0.499962006150338,0.312542744163492,0.876885269600792,6,0.523432034967408,0.183093626840057,0.738625629999979,8,"RNA positive / Protein positive",TRUE,0.511697020558873,0.499962006150338
"FT3723NR","Val-Asp-Ile",NA,"Carboxylic acids and derivatives","Amino acids, peptides, and analogues",2.11909786051634,TRUE,1.26995411132958,0.498321758061159,0.314390132189819,0.876885269600792,6,0.503554842094306,0.203299787010804,0.738625629999979,8,"RNA positive / Protein positive",TRUE,0.500938300077733,0.498321758061159
"FT2108PR","Spermine","C00750","Organonitrogen compounds","Amines",1.08674703302339,FALSE,-0.53326539485982,-0.497202908700831,0.315652584559538,0.876885269600792,6,-0.604878180300954,0.112127812448325,0.679592045882456,8,"RNA negative / Protein negative",TRUE,0.551040544500892,0.497202908700831
"FT3222NR","(+-)-Trihydroxy-decipiadiene",NA,"Prenol lipids","Diterpenoids",0.90862810606297,FALSE,-0.437684818545068,-0.496994166545547,0.315888325333422,0.876885269600792,6,-0.787642379341728,0.0202899648118448,0.514258380867485,8,"RNA negative / Protein negative",TRUE,0.642318272943638,0.496994166545547
"FT4307NR","AB-MECA",NA,"Purine nucleosides","Unclassified",0.0825783733992456,FALSE,0.081638948047034,-0.684521821827308,0.133590504917107,0.777485875998432,6,-0.496788311786834,0.210433072346119,0.740970788276183,8,"RNA negative / Protein negative",TRUE,0.590655066807071,0.496788311786834
"FT0822PR","D-Threitol","C16884","Organooxygen compounds","Carbohydrates and carbohydrate conjugates",1.41513581490539,TRUE,-0.55719107466627,-0.638068856586425,0.172785797148429,0.842783223920486,6,-0.496758585276191,0.210464693989895,0.740970788276183,8,"RNA negative / Protein negative",TRUE,0.567413720931308,0.496758585276191
"FT1502PR","Methionine sulfoxide","C02989","Carboxylic acids and derivatives","Amino acids, peptides, and analogues",0.45713733237895,FALSE,-0.172469177027985,-0.960680836334303,0.00228860129976705,0.543555659481085,6,-0.49656657662698,0.210669003367289,0.740970788276183,8,"RNA negative / Protein negative",TRUE,0.728623706480642,0.49656657662698
"FT3905PR","3,7,11,15-Tetramethyl-6,10,14-hexadecatrien-1-ol",NA,"Prenol lipids","Diterpenoids",0.711576025984937,FALSE,-0.422870853359603,-0.705565084481906,0.11727531522069,0.765141115763805,6,-0.496052709878137,0.211216299024338,0.740970788276183,8,"RNA negative / Protein negative",TRUE,0.600808897180022,0.496052709878137
"FT1197PR","3-Hydroxy-2-methylglutaric acid",NA,"Fatty Acyls","Fatty acids and conjugates",0.753422206724566,FALSE,0.25382390799283,0.686406637237568,0.132091685112547,0.777485875998432,6,0.495735916433841,0.211554070110417,0.740970788276183,8,"RNA positive / Protein positive",TRUE,0.591071276835705,0.495735916433841
"FT6052PR","(11Z)-eicoseneoylcarnitine",NA,"Fatty Acyls","Fatty acid esters",1.28734780883252,TRUE,-0.516397199516737,-0.495276501899031,0.317830616245314,0.876885269600792,6,-0.66935466226545,0.0694421283219153,0.632530718869754,8,"RNA negative / Protein negative",TRUE,0.58231558208224,0.495276501899031
"FT1162NR","Eremopetasinorol",NA,"Organooxygen compounds","Alcohols and polyols",0.0228737362227991,FALSE,0.014727327688033,0.495200945276366,0.317916154495431,0.876885269600792,6,0.68696132593296,0.0598114097572973,0.613701401787844,8,"RNA positive / Protein positive",TRUE,0.591081135604663,0.495200945276366
"FT4921PR","Riboflavin","C00255","Pteridines and derivatives","Alloxazines and isoalloxazines",0.495470227372898,FALSE,-0.148657953929037,-0.494911513519177,0.318243900934612,0.876885269600792,6,-0.745103998436407,0.0338911975328197,0.552990747215335,8,"RNA negative / Protein negative",TRUE,0.620007755977792,0.494911513519177
"FT4005NR","5-(3'-Hydroxyphenyl)-gamma-valerolactone-3'-O-glucuronide",NA,"Phenol ethers","Unclassified",0.390114074993233,FALSE,-0.122975141440388,-0.494516894105392,0.318690960045841,0.876885269600792,6,-0.518563863100614,0.187938680340536,0.738625629999979,8,"RNA negative / Protein negative",TRUE,0.506540378603003,0.494516894105392
"FT4006NR","Isopulegone caffeate",NA,"Cinnamic acids and derivatives","Hydroxycinnamic acids and derivatives",0.518251907776667,FALSE,-0.150836588081552,-0.49101080114604,0.322673089793497,0.876885269600792,6,-0.534799580353809,0.172043327080376,0.738625629999979,8,"RNA negative / Protein negative",TRUE,0.512905190749924,0.49101080114604
"FT3022PR","3-Hydroxyvalerylcarnitine",NA,"Fatty Acyls","Fatty acid esters",1.12113957069277,FALSE,0.418898073500327,0.490050310247801,0.323767155724481,0.876885269600792,6,0.727571598178578,0.0407820563215416,0.570937791154668,8,"RNA positive / Protein positive",TRUE,0.60881095421319,0.490050310247801
"FT0682PR","QUINUCLIDINE",NA,"Quinuclidines","Unclassified",0.962190590468278,FALSE,-0.368296462699985,-0.487557957155939,0.326612438480493,0.876885269600792,6,-0.595437690297865,0.11937383598541,0.684802993266094,8,"RNA negative / Protein negative",TRUE,0.541497823726902,0.487557957155939
"FT3126PR","N1,N8-Diacetylspermidine",NA,"Carboxylic acids and derivatives","Carboxylic acid derivatives",1.1313668077308,FALSE,0.455430033772448,0.487218808009523,0.327000316180277,0.876885269600792,6,0.660076794264654,0.0748616692435346,0.645250270564314,8,"RNA positive / Protein positive",TRUE,0.573647801137088,0.487218808009523
"FT5349PR","CHEBI:140689",NA,"Fatty Acyls","Fatty acid esters",1.81524699237181,TRUE,-0.924263031517753,-0.486844536273561,0.327428557978409,0.876885269600792,6,-0.814344095543841,0.0138531403337005,0.501477491291417,8,"RNA negative / Protein negative",TRUE,0.650594315908701,0.486844536273561
"FT4339NR","(S)-malyl N-acetyl-alpha-D-glucosaminide",NA,"Organooxygen compounds","Carbohydrates and carbohydrate conjugates",1.44721242896836,TRUE,0.670370633988114,0.910214146510938,0.0117303449242289,0.543896992986746,6,0.486707031516029,0.221298903156898,0.761705360495593,8,"RNA positive / Protein positive",TRUE,0.698460589013484,0.486707031516029
"FT6632NR","PS(18:1(9Z)/0:0)",NA,"Glycerophospholipids","Glycerophosphoserines",2.52503750985272,FALSE,2.78308868005476,0.625894970679852,0.183753004633106,0.842783223920486,6,0.48618383976587,0.22187055720074,0.761765973144871,8,"RNA positive / Protein positive",TRUE,0.556039405222861,0.48618383976587
"FT4995PR","Erucicoyl-EA",NA,"Organonitrogen compounds","Amines",1.59399688021591,TRUE,-0.750095160262705,-0.486049488273515,0.32833893077355,0.876885269600792,6,-0.713858902338578,0.0467204567144882,0.584128132428263,8,"RNA negative / Protein negative",TRUE,0.599954195306047,0.486049488273515
"FT5595NR","Glucoiberin","C08411","Organooxygen compounds","Carbohydrates and carbohydrate conjugates",0.815138414599902,FALSE,-0.325480394974953,-0.536742183794811,0.272202335038241,0.872427299627174,6,-0.485192425590732,0.222955894578987,0.761765973144871,8,"RNA negative / Protein negative",TRUE,0.510967304692771,0.485192425590732
"FT4247NR","2-Galloylglucose",NA,"Benzene and substituted derivatives","Benzoic acids and derivatives",1.83826974135893,FALSE,-1.43346036756186,-0.485183830455718,0.329331203682819,0.876885269600792,6,-0.725147650863277,0.0417963143518669,0.570937791154668,8,"RNA negative / Protein negative",TRUE,0.605165740659497,0.485183830455718
"FT2840NR","SCHEMBL15641150",NA,"Organooxygen compounds","Carbohydrates and carbohydrate conjugates",0.417226637082724,FALSE,0.15680841862958,0.774255321026918,0.0706889412014559,0.760267849808906,6,0.482035682323521,0.226429903053942,0.763986484259788,8,"RNA positive / Protein positive",TRUE,0.62814550167522,0.482035682323521
"FT4043NR","FA(24:2)",NA,"Fatty Acyls","Fatty acids and conjugates",0.379809738129811,FALSE,-0.129841604754638,-0.482020869165869,0.332966053178221,0.876885269600792,6,-0.736489185563115,0.0371800291867468,0.56335826832962,8,"RNA negative / Protein negative",TRUE,0.609255027364492,0.482020869165869
"FT3727NR","12-amino-octadecanoic acid",NA,"Fatty Acyls","Fatty acids and conjugates",0.531400038981182,FALSE,-0.153594621190273,-0.481548492038324,0.333510149083334,0.876885269600792,6,-0.641411824947926,0.086494774761138,0.646160695925008,8,"RNA negative / Protein negative",TRUE,0.561480158493125,0.481548492038324
"FT3915PR","gamma-Glutamyltyrosine","C01151","Carboxylic acids and derivatives","Amino acids, peptides, and analogues",0.403360352665516,FALSE,0.173040310317098,-0.543693709714,0.264818140483528,0.872427299627174,6,-0.478281069658491,0.230597870873456,0.76410571770673,8,"RNA negative / Protein negative",TRUE,0.510987389686246,0.478281069658491
"FT0557NR","D-Lactic acid","C00256","Hydroxy acids and derivatives","Alpha hydroxy acids and derivatives",0.140602031250141,FALSE,-0.0502349911183848,-0.476039432503641,0.339879342043201,0.876885269600792,6,-0.640984988987839,0.0867722940540829,0.646160695925008,8,"RNA negative / Protein negative",TRUE,0.55851221074574,0.476039432503641
"FT4174NR","10-Hydroxy-2-decenoic acid",NA,"Hydroxy acids and derivatives","Medium-chain hydroxy acids and derivatives",0.596095460992293,FALSE,-0.220948709028369,0.852602153474621,0.030987995709493,0.717627196300257,6,0.47600201368974,0.233146863404657,0.76410571770673,8,"RNA positive / Protein positive",TRUE,0.66430208358218,0.47600201368974
"FT1074PR","Hypoxanthine","C00262","Imidazopyrimidines","Purines and purine derivatives",0.189620451994323,FALSE,-0.039488569353354,-0.474579552808114,0.34157443910695,0.876885269600792,6,-0.756568828737245,0.0297998747151897,0.542455027678593,8,"RNA negative / Protein negative",TRUE,0.615574190772679,0.474579552808114
"FT3367PR","Aspartylphenylalanine",NA,"Carboxylic acids and derivatives","Amino acids, peptides, and analogues",0.941496117086285,FALSE,0.451446949468729,0.77374341015204,0.0709967979721831,0.760267849808906,6,0.474171583588985,0.235204479902951,0.765922923758338,8,"RNA positive / Protein positive",TRUE,0.623957496870513,0.474171583588985
"FT1277PR","Racemethionine","C01733","Carboxylic acids and derivatives","Amino acids, peptides, and analogues",1.05410368805274,FALSE,0.381344248430232,0.64600210889139,0.165791224778404,0.842783223920486,6,0.47313346564823,0.236375550830572,0.765922923758338,8,"RNA positive / Protein positive",TRUE,0.55956778726981,0.47313346564823
"FT3447PR","Guanosine","C00387","Purine nucleosides","Unclassified",0.845737767956714,FALSE,-0.23755990906562,-0.472913079449153,0.343513124714463,0.876885269600792,6,-0.659458192006756,0.0752315475997078,0.645250270564314,8,"RNA negative / Protein negative",TRUE,0.566185635727955,0.472913079449153
"FT5066PR","Pentadecanoylcarnitine",NA,"Fatty Acyls","Fatty acid esters",0.206945932249689,FALSE,0.0261257025681636,0.471667931914843,0.344964234995605,0.876885269600792,6,0.620776950604148,0.100503815552539,0.670975275146856,8,"RNA positive / Protein positive",TRUE,0.546222441259495,0.471667931914843
"FT4479PR","Miraxanthin-V","C08557","Carboxylic acids and derivatives","Amino acids, peptides, and analogues",0.87814282673631,FALSE,-0.339382392890835,-0.566347891238906,0.241306187484328,0.871836121534285,6,-0.470717976783116,0.239111877214518,0.765922923758338,8,"RNA negative / Protein negative",TRUE,0.518532934011011,0.470717976783116
"FT4648NR","FA(22:8;O2)",NA,"Fatty Acyls","Fatty acids and conjugates",0.156229700643299,FALSE,0.0636302247554147,0.470712695309125,0.346078966901888,0.876885269600792,6,0.550947481053188,0.156982586013397,0.731820831113888,8,"RNA positive / Protein positive",TRUE,0.510830088181156,0.470712695309125
"FT1248NR","4-Nitroanisole","C07555","Benzene and substituted derivatives","Nitrobenzenes",0.772397003294712,FALSE,0.553545915300749,-0.470100272621092,0.346794323490357,0.876885269600792,6,-0.562329737959364,0.146817299920195,0.717039432551467,8,"RNA negative / Protein negative",TRUE,0.516215005290228,0.470100272621092
"FT4274NR","Sphingosine 1-phosphate","C06124","Sphingolipids","Phosphosphingolipids",2.08834713580711,TRUE,-1.19638019073684,-0.470061226269447,0.346839950563128,0.876885269600792,6,-0.725240899113139,0.041757016434787,0.570937791154668,8,"RNA negative / Protein negative",TRUE,0.597651062691293,0.470061226269447
"FT5467PR","LysoPE(0:0/14:0)",NA,"Glycerophospholipids","Glycerophosphoethanolamines",0.497801186618551,FALSE,-0.169102938413751,-0.470036849719351,0.346868436532827,0.876885269600792,6,-0.808345120530543,0.015166672403421,0.501477491291417,8,"RNA negative / Protein negative",TRUE,0.639190985124947,0.470036849719351
"FT7533PR","DG(a-25:0/0:0/20:5-3OH)",NA,"Fatty Acyls","Fatty alcohols",0.567347076106301,FALSE,0.196211281968067,0.741738555316472,0.0914355740474918,0.760267849808906,6,0.468873684479986,0.241211934725297,0.767471827294385,8,"RNA positive / Protein positive",TRUE,0.605306119898229,0.468873684479986
"FT1270NR","Methiopropamine",NA,"Organonitrogen compounds","Amines",3.54276956549647,TRUE,-3.86026595369663,-0.746358698056957,0.0883419967247857,0.760267849808906,6,-0.466504710074318,0.243923126054816,0.767471827294385,8,"RNA negative / Protein negative",TRUE,0.606431704065638,0.466504710074318
"FT5413PR","4-(2,6-Dichlorobenzamido)-N-(piperidin-4-yl)-1H-pyrazole-3-carboxamide",NA,"Benzene and substituted derivatives","Benzoic acids and derivatives",1.34148160265438,FALSE,-0.481345475938235,-0.465876165002508,0.351742773945455,0.876885269600792,6,-0.683088391135379,0.0618569508719751,0.617868429264167,8,"RNA negative / Protein negative",TRUE,0.574482278068944,0.465876165002508
"FT6295PR","LysoPC(0:0/18:0)",NA,"Glycerophospholipids","Glycerophosphocholines",2.01102335060774,FALSE,3.00497140467117,-0.491125213057489,0.322542857195492,0.876885269600792,6,-0.465519231287575,0.245055491447512,0.767471827294385,8,"RNA negative / Protein negative",TRUE,0.478322222172532,0.465519231287575
"FT2150NR","Naftazone",NA,"Naphthalenes","Naphthols and derivatives",2.7086050451322,TRUE,2.32220885498595,0.465463719902639,0.352227284437536,0.876885269600792,6,0.685903409057623,0.0603661034768342,0.613977641425636,8,"RNA positive / Protein positive",TRUE,0.575683564480131,0.465463719902639
"FT2181PR","N-Desmethyl tapentadol",NA,"Benzene and substituted derivatives","Phenylpropanes",0.185570806363661,FALSE,0.133765049894632,-0.465395932189159,0.352306939245399,0.876885269600792,6,-0.507831075001976,0.198858298939837,0.738625629999979,8,"RNA negative / Protein negative",TRUE,0.486613503595567,0.465395932189159
"FT3784NR","S-(Formylmethyl)glutathione","C14871","Carboxylic acids and derivatives","Amino acids, peptides, and analogues",0.913898750085552,FALSE,0.345028737817216,0.465007324334684,0.352763701591793,0.876885269600792,6,0.510307160767553,0.196310144516309,0.738625629999979,8,"RNA positive / Protein positive",TRUE,0.487657242551119,0.465007324334684
"FT1600NR","Icaridin",NA,"Piperidines","Piperidinecarboxylic acids and derivatives",0.134771941622051,FALSE,-0.000395313471568057,-0.463727906294683,0.354268993046682,0.876885269600792,6,-0.488915939653865,0.218893797066284,0.755291963144553,8,"RNA negative / Protein negative",TRUE,0.476321922974274,0.463727906294683
"FT4454PR","N-Palmitoyl Serine",NA,"Carboxylic acids and derivatives","Amino acids, peptides, and analogues",0.71591425470298,FALSE,-0.226258531474619,-0.463706846553168,0.354293789824423,0.876885269600792,6,-0.775085950389345,0.0238616904472218,0.542455027678593,8,"RNA negative / Protein negative",TRUE,0.619396398471256,0.463706846553168
"FT4510NR","Chenodeoxycholic acid","C02528","Steroids and steroid derivatives","Bile acids, alcohols and derivatives",0.539604686395888,FALSE,0.396684296649242,-0.461869069127999,0.356460052573339,0.876885269600792,6,-0.472970703482664,0.23655942736853,0.765922923758338,8,"RNA negative / Protein negative",TRUE,0.467419886305331,0.461869069127999
"FT0016NR","Pyruvaldehyde","C00546","Organooxygen compounds","Carbonyl compounds",0.852697535503417,FALSE,0.212107040027181,0.461813768833242,0.35652530989383,0.876885269600792,6,0.518675548444068,0.187826769506103,0.738625629999979,8,"RNA positive / Protein positive",TRUE,0.490244658638655,0.461813768833242
"FT2169PR","DL-O-Phosphoserine","C01005","Carboxylic acids and derivatives","Amino acids, peptides, and analogues",1.27247774762767,FALSE,-0.464737628461001,-0.459560897666092,0.359187415417241,0.876885269600792,6,-0.59002586259688,0.12364348177506,0.699959178993997,8,"RNA negative / Protein negative",TRUE,0.524793380131486,0.459560897666092
"FT2714NR","Tanacetol A",NA,"Prenol lipids","Sesquiterpenoids",0.249846447599847,FALSE,-0.0615257119976542,-0.459442480632775,0.359327536788247,0.876885269600792,6,-0.46937864749661,0.240636015387277,0.767471827294385,8,"RNA negative / Protein negative",TRUE,0.464410564064692,0.459442480632775
"FT0160PR","4-Methylimidazole","C19262","Azoles","Imidazoles",1.20507441965852,FALSE,-0.884749473376176,-0.457980189611633,0.361059438592703,0.877630397244442,6,-0.614900351220993,0.104715853185602,0.675854684599613,8,"RNA negative / Protein negative",TRUE,0.536440270416313,0.457980189611633
"FT3280PR","Meisoindigo",NA,"Indoles and derivatives","N-alkylindoles",0.856582943056116,FALSE,-0.336868116618351,-0.752688372224745,0.084181396205779,0.760267849808906,6,-0.456810308354859,0.255177643679323,0.770668274983688,8,"RNA negative / Protein negative",TRUE,0.604749340289802,0.456810308354859
"FT3375PR","Leu-leu-ome",NA,"Carboxylic acids and derivatives","Amino acids, peptides, and analogues",0.868538973676915,FALSE,-0.590320331438724,-0.456753513439824,0.362514550273348,0.877630397244442,6,-0.463287538858286,0.247629633447369,0.768810042373346,8,"RNA negative / Protein negative",TRUE,0.460020526149055,0.456753513439824
"FT6455NR","LysoPC(P-18:1/0:0)","C04230","Glycerophospholipids","Glycerophosphocholines",1.01339136988307,FALSE,-0.394565190370853,-0.456541598678925,0.362766137492521,0.877630397244442,6,-0.872010039946276,0.00475136765369979,0.367967028292084,8,"RNA negative / Protein negative",TRUE,0.664275819312601,0.456541598678925
"FT3824PR","Asn-Thr-Ala",NA,"Carboxylic acids and derivatives","Amino acids, peptides, and analogues",1.2481547116775,FALSE,-0.720031617018203,-0.455272378688127,0.364274253909555,0.877630397244442,6,-0.607164131685758,0.110411814812246,0.678035549992382,8,"RNA negative / Protein negative",TRUE,0.531218255186942,0.455272378688127
"FT2336PR","Propionylcarnitine","C03017","Fatty Acyls","Fatty acid esters",0.795938432777036,FALSE,0.282307076029231,0.933998682697227,0.00639050422112383,0.543555659481085,6,0.453690653847671,0.258853652642864,0.770668274983688,8,"RNA positive / Protein positive",TRUE,0.693844668272449,0.453690653847671
"FT3943PR","2E-Phytenal",NA,"Prenol lipids","Diterpenoids",0.693141637441669,FALSE,-0.345027924739654,-0.453600278769269,0.366264439210553,0.877630397244442,6,-0.536578580415597,0.17034742192687,0.737466789335581,8,"RNA negative / Protein negative",TRUE,0.495089429592433,0.453600278769269
"FT5093NR","SCHEMBL23750731",NA,"Benzopyrans","1-benzopyrans",0.259850236068657,FALSE,-0.0629731365867035,-0.453558353594725,0.36631438880924,0.877630397244442,6,-0.51205171049562,0.194525237714602,0.738625629999979,8,"RNA negative / Protein negative",TRUE,0.482805032045173,0.453558353594725
"FT4286PR","2,4,12-Octadecatrienoic acid isobutylamide",NA,"Fatty Acyls","Fatty amides",0.982314124366806,FALSE,-0.602358506183768,-0.821890467765183,0.044759423376427,0.717627196300257,6,-0.453180911068557,0.259456804168664,0.770668274983688,8,"RNA negative / Protein negative",TRUE,0.63753568941687,0.453180911068557
"FT1218PR","Spermidine","C00315","Organonitrogen compounds","Amines",1.03565149589413,FALSE,-0.392219469399683,-0.452701256682458,0.367336056880531,0.877630397244442,6,-0.595777658692596,0.119108437853883,0.684802993266094,8,"RNA negative / Protein negative",TRUE,0.524239457687527,0.452701256682458
"FT2293PR","Prolyl-Valine",NA,"Carboxylic acids and derivatives","Amino acids, peptides, and analogues",0.168360159637628,FALSE,0.0652206535604486,-0.452409543159337,0.367684009971734,0.877630397244442,6,-0.62546539241834,0.0972142702539359,0.657848022980518,8,"RNA negative / Protein negative",TRUE,0.538937467788838,0.452409543159337
"FT2912NR","Ginsenoyne G",NA,"Carboxylic acids and derivatives","Carboxylic acid derivatives",1.66485135302669,TRUE,0.858601197921984,0.451185000588857,0.369145891730401,0.877630397244442,6,0.659365448051851,0.0752870938039182,0.645250270564314,8,"RNA positive / Protein positive",TRUE,0.555275224320354,0.451185000588857
"FT2561NR","Stearic acid","C01530","Fatty Acyls","Fatty acids and conjugates",0.0949375155088067,FALSE,0.0565713224520984,-0.578008964950666,0.22954132121355,0.866884510440095,6,-0.450813182071312,0.262267606344584,0.770668274983688,8,"RNA negative / Protein negative",TRUE,0.514411073510989,0.450813182071312
"FT3635PR","gamma-Glutamylphenylalanine",NA,"Carboxylic acids and derivatives","Amino acids, peptides, and analogues",0.521801650939458,FALSE,0.200815657647081,-0.620783093475584,0.18844146203367,0.842783223920486,6,-0.450668937300744,0.262439332095253,0.770668274983688,8,"RNA negative / Protein negative",TRUE,0.535726015388164,0.450668937300744
"FT1174NR","Oxoglutaric acid","C00026","Keto acids and derivatives","Gamma-keto acids and derivatives",0.31522162942681,FALSE,-0.0919744936800715,0.476704773322619,0.339107809919305,0.876885269600792,6,0.450095512540549,0.26312255776612,0.770668274983688,8,"RNA positive / Protein positive",TRUE,0.463400142931584,0.450095512540549
"FT0277PR","METHACRYLIC ACID",NA,"Carboxylic acids and derivatives","Carboxylic acids",1.18828533784656,FALSE,0.401773669892196,0.570802284653716,0.236784617033483,0.866884510440095,6,0.449041006211264,0.264381293883766,0.770668274983688,8,"RNA positive / Protein positive",TRUE,0.50992164543249,0.449041006211264
"FT1718PR","Rimantadine","C07236","Organonitrogen compounds","Amines",0.030854644454014,FALSE,0.0444898064170962,-0.508594171181852,0.302887269635932,0.876885269600792,6,-0.448416354833648,0.26512833390569,0.770668274983688,8,"RNA negative / Protein negative",TRUE,0.47850526300775,0.448416354833648
"FT6515PR","LysoPC(20:1/0:0)","C04230","Glycerophospholipids","Glycerophosphocholines",0.613464614455142,FALSE,-0.157155881912453,-0.448067657051289,0.372876582060518,0.877630397244442,6,-0.774406545654417,0.0240652758377148,0.542455027678593,8,"RNA negative / Protein negative",TRUE,0.611237101352853,0.448067657051289
"FT3086NR","FA(20:0)",NA,"Fatty Acyls","Fatty acids and conjugates",0.889133819917723,FALSE,-0.285289447943317,-0.447961669505749,0.373003653103392,0.877630397244442,6,-0.850662963202073,0.00742142307491008,0.425136786510782,8,"RNA negative / Protein negative",TRUE,0.649312316353911,0.447961669505749
"FT2263NR","Nafazatrom",NA,"Naphthalenes","Unclassified",0.707886353905269,FALSE,-0.235567249680754,-0.552267786299604,0.255819077270615,0.872427299627174,6,-0.447478294674333,0.266252158383026,0.770668274983688,8,"RNA negative / Protein negative",TRUE,0.499873040486968,0.447478294674333
"FT1456NR","(4R,6S)-4-Hydroxy-1,7-dioxaspiro[5.5]undecane",NA,"Organooxygen compounds","Ethers",0.877880328715671,FALSE,-0.364857639151121,-0.610012527415223,0.198478701197569,0.842783223920486,6,-0.447412292060024,0.266331320480322,0.770668274983688,8,"RNA negative / Protein negative",TRUE,0.528712409737624,0.447412292060024
"FT3465PR","Stearamide","C13846","Carboximidic acids and derivatives","Carboximidic acids",0.653716564341665,FALSE,-0.31348890010397,-0.446237453679719,0.375072975212412,0.878847294118011,6,-0.569323516411982,0.140756547287478,0.7109225612998,8,"RNA negative / Protein negative",TRUE,0.50778048504585,0.446237453679719
"FT5851PR","N-(7Z,10Z,13Z-16Z-docosatetraenoyl) dopamine",NA,"Phenols","Benzenediols",0.8233044345519,FALSE,-0.222307386697887,-0.731427029586338,0.0985108830460608,0.760267849808906,6,-0.44532642498833,0.268839082759221,0.770668274983688,8,"RNA negative / Protein negative",TRUE,0.588376727287333,0.44532642498833
"FT1843PR","Homo-L-arginine","C01924","Carboxylic acids and derivatives","Amino acids, peptides, and analogues",0.117171705250496,FALSE,0.0311178540035118,-0.598850287617187,0.20910491278234,0.85297634510333,6,-0.445082142782662,0.269133536977604,0.770668274983688,8,"RNA negative / Protein negative",TRUE,0.521966215199924,0.445082142782662
"FT1247NR","o-Oxycarbanil",NA,"Benzene and substituted derivatives","Phenylcarbamic acids",1.84160977092631,FALSE,-1.52520129790308,-0.442943904142821,0.379036786242879,0.878952884966552,6,-0.700240665483725,0.0531064579839448,0.588523549803042,8,"RNA negative / Protein negative",TRUE,0.571592284813273,0.442943904142821
"FT1608NR","D-Ribose 5-phosphate","C03736","Organooxygen compounds","Carbohydrates and carbohydrate conjugates",1.02696141389725,FALSE,0.265572035280879,0.959340839491227,0.00244614280194148,0.543555659481085,6,0.442202793397898,0.272616288570768,0.773715054965699,8,"RNA positive / Protein positive",TRUE,0.700771816444563,0.442202793397898
"FT4850PR","Anandamide (22:6, n-3)",NA,"Organonitrogen compounds","Amines",0.600961384569282,FALSE,-0.141971600111666,-0.441449369267562,0.380840230899322,0.878952884966552,6,-0.668461664152894,0.0699533552269776,0.632530718869754,8,"RNA negative / Protein negative",TRUE,0.554955516710228,0.441449369267562
"FT2563NR","Stearate",NA,"Fatty Acyls","Fatty acids and conjugates",0.660640082889671,FALSE,0.201016003791211,0.441294712275506,0.381027023461417,0.878952884966552,6,0.508785832442092,0.197873698308868,0.738625629999979,8,"RNA positive / Protein positive",TRUE,0.475040272358799,0.441294712275506
"FT4787NR","4alpha-methyl-ergosta-6,8(14)-dien-3beta-ol",NA,"Steroids and steroid derivatives","Ergostane steroids",1.18432852882224,FALSE,-0.992732137439469,-0.66513988354961,0.149422796699532,0.815086706702153,6,-0.440911015364756,0.274185966393871,0.773715054965699,8,"RNA negative / Protein negative",TRUE,0.553025449457183,0.440911015364756
"FT5019PR","N6-Succinyl Adenosine",NA,"Purine nucleosides","Unclassified",1.05750381495911,FALSE,0.453640282225163,0.474513802312891,0.341650854870053,0.876885269600792,6,0.438429203173905,0.277214158718935,0.779105921883458,8,"RNA positive / Protein positive",TRUE,0.456471502743398,0.438429203173905
"FT5822PR","Car(18:1)",NA,"Fatty Acyls","Fatty acid esters",0.760187858933418,FALSE,-0.213558443926738,-0.438203508284035,0.384767163553089,0.883186674096282,6,-0.838758006179093,0.00925378969412057,0.429992761120136,8,"RNA negative / Protein negative",TRUE,0.638480757231564,0.438203508284035
"FT1964PR","3-Methoxy-4,5-methylenedioxybenzoic acid",NA,"Benzene and substituted derivatives","Benzoic acids and derivatives",0.631997618407185,FALSE,-0.259346498424519,-0.507133645210933,0.304512997319854,0.876885269600792,6,-0.436550924524623,0.279516826195563,0.780099195065239,8,"RNA negative / Protein negative",TRUE,0.471842284867778,0.436550924524623
"FT4367PR","4'-O-Methylbavachalcone",NA,"Linear 1,3-diarylpropanoids","Chalcones and dihydrochalcones",0.909406805074726,FALSE,-0.352962019497886,-0.728868750453799,0.100302510570163,0.760267849808906,6,-0.435207928905806,0.281168999518639,0.781296376493086,8,"RNA negative / Protein negative",TRUE,0.582038339679802,0.435207928905806
"FT2183NR","1,4-Butanediphosphonic acid",NA,"Organic phosphonic acids and derivatives","Organic phosphonic acids",1.40087025281811,FALSE,0.687345990461261,0.916596894113355,0.0101440378493302,0.543555659481085,6,0.434355336958531,0.282220347809279,0.781484755673081,8,"RNA positive / Protein positive",TRUE,0.675476115535943,0.434355336958531
"FT3037NR","Zilascorb",NA,"Dihydrofurans","Furanones",0.664938300510862,FALSE,0.215760693150944,0.873862748522289,0.022862449247168,0.67419337390447,6,0.434047402816099,0.282600539972863,0.781484755673081,8,"RNA positive / Protein positive",TRUE,0.653955075669194,0.434047402816099
"FT6965NR","Guanosine diphosphate mannose","C00096","Purine nucleotides","Purine nucleotide sugars",0.703547121636532,FALSE,0.168798403152363,0.433812717071748,0.390101285428,0.889558832836636,6,0.724147105562831,0.0422193892615767,0.570937791154668,8,"RNA positive / Protein positive",TRUE,0.578979911317289,0.433812717071748
"FT2730PR","Lauroyl-EA",NA,"Carboximidic acids and derivatives","Carboximidic acids",0.9246960845316,FALSE,-0.319149649854237,-0.737772327522339,0.0941292014182818,0.760267849808906,6,-0.432450887207123,0.284575699007097,0.783989178687536,8,"RNA negative / Protein negative",TRUE,0.585111607364731,0.432450887207123
"FT1587NR","1-Tridecene",NA,"Unsaturated hydrocarbons","Unsaturated aliphatic hydrocarbons",1.53796039632713,TRUE,-0.66463274082632,-0.432120153952935,0.392164197843591,0.891700719007511,6,-0.697077022439683,0.054660702204379,0.588523549803042,8,"RNA negative / Protein negative",TRUE,0.564598588196309,0.432120153952935
"FT1205NR","R-3-(Methylthio)-1-hexanol",NA,"Thioethers","Dialkylthioethers",1.81272236337063,FALSE,2.19783383571575,0.430189195891048,0.394522202735026,0.892325827649466,6,0.466576386306566,0.243840870086542,0.767471827294385,8,"RNA positive / Protein positive",TRUE,0.448382791098807,0.430189195891048
"FT4348NR","(E,E,E)-Sylvatine",NA,"Benzodioxoles","Unclassified",0.527837169858258,FALSE,-0.22064455612522,-0.727309761706067,0.101401330658879,0.760267849808906,6,-0.429368278306883,0.288408410864528,0.784067374808866,8,"RNA negative / Protein negative",TRUE,0.578339020006475,0.429368278306883
"FT3533PR","FA(16:1;O)",NA,"Fatty Acyls","Fatty acids and conjugates",0.855727032324245,FALSE,-0.309921568836518,-0.730423133929071,0.0992122273018182,0.760267849808906,6,-0.429236027468409,0.288573401870144,0.784067374808866,8,"RNA negative / Protein negative",TRUE,0.57982958069874,0.429236027468409
"FT2803NR","19-HOME(9Z)","C19616","Fatty Acyls","Fatty acids and conjugates",0.261755555513131,FALSE,0.104981736901996,-0.428305355136223,0.396827307434021,0.892677652394479,6,-0.844984841288773,0.00826331076990577,0.425136786510782,8,"RNA negative / Protein negative",TRUE,0.636645098212498,0.428305355136223
"FT4252PR","3-hydroxydecanoyl carnitine",NA,"Fatty Acyls","Fatty acid esters",1.20958100921795,FALSE,-0.441095181072337,-0.427137073064485,0.398259132531092,0.892812542241502,6,-0.556001651244302,0.152422725900531,0.730162473901511,8,"RNA negative / Protein negative",TRUE,0.491569362154394,0.427137073064485
"FT5450PR","Linoleyl carnitine",NA,"Organonitrogen compounds","Quaternary ammonium salts",1.3555383845185,TRUE,-0.544332934227204,-0.424888472163621,0.401019895110223,0.892812542241502,6,-0.6967313909711,0.0548321330762241,0.588523549803042,8,"RNA negative / Protein negative",TRUE,0.560809931567361,0.424888472163621
"FT3992PR","(S)-Annocherine A",NA,"Isoquinolines and derivatives","Benzylisoquinolines",0.595937302112709,FALSE,-0.217119240419972,-0.827508740153724,0.0420637656140663,0.717627196300257,6,-0.424886744366034,0.294024945828909,0.788123164802902,8,"RNA negative / Protein negative",TRUE,0.626197742259879,0.424886744366034
"FT3006PR","gamma-Glutamylleucine",NA,"Carboxylic acids and derivatives","Amino acids, peptides, and analogues",0.207564785494127,FALSE,0.0587686592999142,-0.42358938833878,0.402617809505035,0.892812542241502,6,-0.498705762328256,0.208398621154996,0.740970788276183,8,"RNA negative / Protein negative",TRUE,0.461147575333518,0.42358938833878
"FT5305PR","Miltefosine",NA,"Organonitrogen compounds","Quaternary ammonium salts",0.0389263430004899,FALSE,0.0472784051465469,-0.422822903724606,0.403561616321006,0.892812542241502,6,-0.642130933949311,0.0860283925845588,0.646160695925008,8,"RNA negative / Protein negative",TRUE,0.532476918836958,0.422822903724606
"FT4073NR","Edulenane",NA,"Isoflavonoids","Furanoisoflavonoids",0.228635012126201,FALSE,-0.0538512640805711,-0.422782312378497,0.403611619052078,0.892812542241502,6,-0.655611044130147,0.0775558878862748,0.645250270564314,8,"RNA negative / Protein negative",TRUE,0.539196678254322,0.422782312378497
"FT4536NR","Bixin",NA,"Prenol lipids","Diterpenoids",0.359678188106164,FALSE,-0.109308156589852,-0.727472430771357,0.101286428830021,0.760267849808906,6,-0.42252748050307,0.297002813125038,0.793145443479507,8,"RNA negative / Protein negative",TRUE,0.574999955637213,0.42252748050307
"FT5632PR","(9Z)-12-Hydroxyoctadec-9-enoylcarnitine",NA,"Fatty Acyls","Fatty acid esters",1.3021644089496,FALSE,-0.499030931223872,-0.422083770798157,0.404472449603394,0.893049487933844,6,-0.712727785504476,0.0472321950430682,0.584128132428263,8,"RNA negative / Protein negative",TRUE,0.567405778151316,0.422083770798157
"FT2067NR","N-Acetylgalactosamine","C01074","Organooxygen compounds","Carbohydrates and carbohydrate conjugates",0.747206954410914,FALSE,0.376135896113163,-0.508955257370062,0.302485842025354,0.876885269600792,6,-0.419539642800104,0.300794856330818,0.798681961381259,8,"RNA negative / Protein negative",TRUE,0.464247450085083,0.419539642800104
"FT1327NR","Oxoadipic acid","C00322","Keto acids and derivatives","Medium-chain keto acids and derivatives",0.599516445753605,FALSE,0.135157666904181,0.684284930914889,0.13377939889286,0.777485875998432,6,0.418291566732375,0.302385723079566,0.79985900943627,8,"RNA positive / Protein positive",TRUE,0.551288248823632,0.418291566732375
"FT5619PR","1alpha-hydroxy-22-(4-hydroxyphenyl)-23,24,25,26,27-pentanorvitamin D3",NA,"Steroids and steroid derivatives","Vitamin D and derivatives",0.822088547119573,FALSE,-0.214816886776486,-0.750296715472481,0.0857428795293262,0.760267849808906,6,-0.417699327990561,0.303142034232532,0.800340900985132,8,"RNA negative / Protein negative",TRUE,0.583998021731521,0.417699327990561
"FT5069NR","12beta-hydroxy-24-norcholesta-1,4,22E-trien-3-one",NA,"Steroids and steroid derivatives","Pregnane steroids",1.38810593276193,TRUE,-0.79147625310847,-0.612921978301235,0.195746259441676,0.842783223920486,6,-0.416773426095425,0.304326263125855,0.800764598657047,8,"RNA negative / Protein negative",TRUE,0.51484770219833,0.416773426095425
"FT4648PR","4-Hydroxynornantenine",NA,"Aporphines","Unclassified",0.931234312008817,FALSE,-0.44451921857305,-0.630356508152212,0.179701105030427,0.842783223920486,6,-0.415285830127613,0.306233534363889,0.801120750861266,8,"RNA negative / Protein negative",TRUE,0.522821169139912,0.415285830127613
"FT6410PR","PC(O-18:0/1:0)",NA,"Glycerophospholipids","Glycerophosphocholines",0.182510018996481,FALSE,-0.0775329676048168,-0.414932557292005,0.413320431412716,0.899856267857053,6,-0.539528409573973,0.167555365279236,0.73412888771035,8,"RNA negative / Protein negative",TRUE,0.477230483432989,0.414932557292005
"FT4825NR","Austalide K",NA,"Isoflavonoids","Isoflavans",1.09696402691718,FALSE,-0.597653173134771,-0.414504387572404,0.413852223710731,0.899856267857053,6,-0.561015852971349,0.147971644716768,0.718719417195732,8,"RNA negative / Protein negative",TRUE,0.487760120271876,0.414504387572404
"FT3498PR","Spisulosine",NA,"Organonitrogen compounds","Amines",1.19743117163472,FALSE,-0.922931184701705,-0.568769468190037,0.238843891754015,0.867446092506097,6,-0.413839000986681,0.308094009380895,0.801120750861266,8,"RNA negative / Protein negative",TRUE,0.491304234588359,0.413839000986681
"FT7346PR","PE-NMe2(18:1/15:0)",NA,"Glycerophospholipids","Glycerophosphoethanolamines",1.11813673479642,FALSE,-0.914154299173955,-0.639868933010587,0.171188089416112,0.842783223920486,6,-0.413705266678124,0.308266250111726,0.801120750861266,8,"RNA negative / Protein negative",TRUE,0.526787099844356,0.413705266678124
"FT5472PR","Oleoylcarnitine",NA,"Fatty Acyls","Fatty acid esters",1.66707728951866,TRUE,-0.745301815679734,-0.413162662511134,0.415520138899651,0.899856267857053,6,-0.798853040927839,0.0174001335434305,0.501477491291417,8,"RNA negative / Protein negative",TRUE,0.606007851719486,0.413162662511134
"FT4139NR","6-keto-PGF1alpha","C05961","Fatty Acyls","Eicosanoids",0.225069079965868,FALSE,0.106597728098731,0.412948665758386,0.415786367449476,0.899856267857053,6,0.45609974720729,0.2560126078338,0.770668274983688,8,"RNA positive / Protein positive",TRUE,0.434524206482838,0.412948665758386
"FT5199PR","Palmitoylcarnitine","C02990","Fatty Acyls","Fatty acid esters",1.57163141821302,TRUE,-0.633397721224005,-0.412586603547292,0.416236930084886,0.899856267857053,6,-0.708492862921833,0.0491780825032444,0.584128132428263,8,"RNA negative / Protein negative",TRUE,0.560539733234562,0.412586603547292
"FT6019NR","Isolimonic acid",NA,"Naphthofurans","Unclassified",1.3660130219151,TRUE,0.688196566540549,0.88891717991431,0.0178237420955357,0.635713468074108,6,0.412477926516683,0.309849128040243,0.801120750861266,8,"RNA positive / Protein positive",TRUE,0.650697553215497,0.412477926516683
"FT4168PR","Ethyl (Z,Z)-9,12-octadecadienoate",NA,"Fatty Acyls","Lineolic acids and derivatives",0.743448469031967,FALSE,-0.212353546075555,-0.412239603676019,0.416668900901753,0.899856267857053,6,-0.736658440438724,0.0371136171418273,0.56335826832962,8,"RNA negative / Protein negative",TRUE,0.574449022057372,0.412239603676019
"FT5670PR","17(20)-Dehydrocryptogenin",NA,"Steroids and steroid derivatives","Cholestane steroids",1.17430210027407,FALSE,-0.413245542133367,-0.410511707494001,0.418822126905009,0.899856267857053,6,-0.74029954188744,0.0357024155304018,0.552990747215335,8,"RNA negative / Protein negative",TRUE,0.57540562469072,0.410511707494001
"FT5344NR","Chenodeoxycholic acid glycine conjugate","C05466","Steroids and steroid derivatives","Bile acids, alcohols and derivatives",1.06320825875098,FALSE,0.428026246175582,0.438849429956577,0.383984602478496,0.882847243053865,6,0.410124504958352,0.312895103658479,0.801120750861266,8,"RNA positive / Protein positive",TRUE,0.424486967457465,0.410124504958352
"FT1887PR","N-Acetyl-dl-penicillamine",NA,"Carboxylic acids and derivatives","Amino acids, peptides, and analogues",1.17693158538471,FALSE,-0.716008626854102,-0.817870144171143,0.0467361859550804,0.717627196300257,6,-0.409116167256484,0.314204509629629,0.801120750861266,8,"RNA negative / Protein negative",TRUE,0.613493155713814,0.409116167256484
"FT2609NR","Pelrinone",NA,"Diazines","Pyrimidines and pyrimidine derivatives",1.09646023296189,FALSE,-0.598576517115052,-0.409018609411673,0.420685720096446,0.899856267857053,6,-0.511342916109447,0.195249389218608,0.738625629999979,8,"RNA negative / Protein negative",TRUE,0.46018076276056,0.409018609411673
"FT2805NR","FA(19:0)","C16794","Fatty Acyls","Fatty acids and conjugates",0.160395994639649,FALSE,0.0637952851297985,-0.408654578446616,0.421140496315558,0.899856267857053,6,-0.631359994021476,0.0931675079364927,0.649354375579589,8,"RNA negative / Protein negative",TRUE,0.520007286234046,0.408654578446616
"FT2029NR","Daidzein","C10208","Isoflavonoids","Isoflav-2-enes",1.47687772950061,FALSE,-0.974992826936968,-0.652081273457825,0.16051382478161,0.834619344496697,6,-0.408035860730857,0.315610254981251,0.801120750861266,8,"RNA negative / Protein negative",TRUE,0.530058567094341,0.408035860730857
"FT2707NR","Furylfuramide",NA,"Furans","Nitrofurans",1.1210271536279,FALSE,-0.478550263112119,-0.762154110819384,0.0781284502030851,0.760267849808906,6,-0.407685831164885,0.316066368573875,0.801120750861266,8,"RNA negative / Protein negative",TRUE,0.584919970992134,0.407685831164885
"FT7845NR","CE(LTE4)",NA,"Steroids and steroid derivatives","Steroid esters",1.2205614114471,FALSE,-0.478174969274971,-0.407429913085299,0.422671636756603,0.901742709706189,6,-0.524267569110027,0.182268847600666,0.738625629999979,8,"RNA negative / Protein negative",TRUE,0.465848741097663,0.407429913085299
"FT3013NR","4-Pyridoxic acid 5'-phosphate",NA,"Pyridines and derivatives","Pyridinecarboxylic acids and derivatives",0.0879479341084143,FALSE,-0.0325836039918856,-0.717584757356233,0.108375064310113,0.760267849808906,6,-0.406067724158921,0.318178934894481,0.801120750861266,8,"RNA negative / Protein negative",TRUE,0.561826240757577,0.406067724158921
"FT0576PR","Choline","C00114","Organonitrogen compounds","Quaternary ammonium salts",0.288447101212225,FALSE,-0.0717546695045415,-0.40520684931311,0.425455707215518,0.904906557701506,6,-0.551259326253135,0.156699111211152,0.731820831113888,8,"RNA negative / Protein negative",TRUE,0.478233087783123,0.40520684931311
"FT3018PR","Aspartyllysine",NA,"Carboxylic acids and derivatives","Amino acids, peptides, and analogues",0.468953280305382,FALSE,0.109088635578794,0.493349017195691,0.32001538522903,0.876885269600792,6,0.404810908849925,0.31982440206824,0.801120750861266,8,"RNA positive / Protein positive",TRUE,0.449079963022808,0.404810908849925
"FT3939NR","2-O-(beta-L-Arabinopyranosyl)-myoinositol",NA,"Organooxygen compounds","Carbohydrates and carbohydrate conjugates",1.42276112854135,TRUE,0.57164927450018,0.460506232393375,0.358069506463614,0.876885269600792,6,0.402528400475905,0.322822991585313,0.801120750861266,8,"RNA positive / Protein positive",TRUE,0.43151731643464,0.402528400475905
"FT1941NR","Bisphenol S","C14216","Benzene and substituted derivatives","Benzenesulfonyl compounds",1.92506138354717,TRUE,-1.4769094953042,-0.806344206306581,0.0526225550126716,0.717627196300257,6,-0.401975271044351,0.323551637542965,0.801120750861266,8,"RNA negative / Protein negative",TRUE,0.604159738675466,0.401975271044351
"FT2847NR","(2Z)-2-(Propan-2-yl)but-2-enedioylcarnitine",NA,"Fatty Acyls","Fatty acid esters",0.583792773976745,FALSE,0.840202769419999,-0.401763834080979,0.429779438468107,0.91031880146262,6,-0.502262191761455,0.204652544720403,0.738625629999979,8,"RNA negative / Protein negative",TRUE,0.452013012921217,0.401763834080979
"FT3112NR","Homolanthionine",NA,"Carboxylic acids and derivatives","Amino acids, peptides, and analogues",0.61788720216845,FALSE,0.197336456202948,0.401617389369436,0.429963661079038,0.91031880146262,6,0.475702129455407,0.233483334923672,0.76410571770673,8,"RNA positive / Protein positive",TRUE,0.438659759412421,0.401617389369436
"FT2971NR","4-Thiouridine",NA,"Pyrimidine nucleosides","Unclassified",0.304340217471835,FALSE,0.0793356264030135,-0.686373730553101,0.132117790076587,0.777485875998432,6,-0.401396826548882,0.324314458661224,0.801585736478274,8,"RNA negative / Protein negative",TRUE,0.543885278550991,0.401396826548882
"FT2549PR","Butyrylcarnitine","C02862","Fatty Acyls","Fatty acid esters",0.479714602280175,FALSE,0.224150420788613,-0.399220990065594,0.432981916394864,0.911446453309662,6,-0.703379195417716,0.0515910229285489,0.588523549803042,8,"RNA negative / Protein negative",TRUE,0.551300092741655,0.399220990065594
"FT4228PR","N,N-dimethyl-Safingol",NA,"Organonitrogen compounds","Amines",1.5006441027034,FALSE,-1.09695457153607,-0.574912823561389,0.23264222464733,0.866884510440095,6,-0.398839133975844,0.327697522720248,0.802167812667491,8,"RNA negative / Protein negative",TRUE,0.486875978768616,0.398839133975844
"FT6073NR","FA(31:0)",NA,"Fatty Acyls","Fatty acids and conjugates",0.367605450716514,FALSE,-0.0873779887179706,-0.398815052800997,0.43349387509877,0.911446453309662,6,-0.593202909574213,0.121126723085099,0.689186334614811,8,"RNA negative / Protein negative",TRUE,0.496008981187605,0.398815052800997
"FT1055NR","Hydroxyphenyllactic acid","C03672","Phenylpropanoic acids","Unclassified",0.86386199369376,FALSE,0.473250219072518,-0.639302681807918,0.171690011623926,0.842783223920486,6,-0.397295474097158,0.329747291091045,0.803614901714889,8,"RNA negative / Protein negative",TRUE,0.518299077952538,0.397295474097158
"FT2249PR","Asparaginyl-Proline",NA,"Carboxylic acids and derivatives","Amino acids, peptides, and analogues",0.277556287981576,FALSE,-0.0924738772436029,-0.395616097157409,0.437535206617898,0.913166175765406,6,-0.762963713578725,0.0276568653798295,0.542455027678593,8,"RNA negative / Protein negative",TRUE,0.579289905368067,0.395616097157409
"FT1905PR","1,3,9-Trimethyluric acid",NA,"Imidazopyrimidines","Purines and purine derivatives",1.71055980736423,TRUE,1.02756277891002,0.395178305538413,0.438089228214934,0.913166175765406,6,0.466812148745517,0.243570407262515,0.767471827294385,8,"RNA positive / Protein positive",TRUE,0.430995227141965,0.395178305538413
"FT1706PR","6-Ethyl-4-methyl-3E,5E,7E-decatriene",NA,"Unsaturated hydrocarbons","Branched unsaturated hydrocarbons",0.0692918462202799,FALSE,0.00618431526493197,-0.731951719334192,0.098145202648905,0.760267849808906,6,-0.395096492647458,0.332677559082985,0.804638828109801,8,"RNA negative / Protein negative",TRUE,0.563524105990825,0.395096492647458
"FT4624NR","5beta-Chola-3,8(14),11-trien-24-oic Acid",NA,"Steroids and steroid derivatives","Bile acids, alcohols and derivatives",0.33397761093799,FALSE,0.0905822251526631,-0.455849576950117,0.363588140499104,0.877630397244442,6,-0.394768667100544,0.333115442031766,0.804638828109801,8,"RNA negative / Protein negative",TRUE,0.42530912202533,0.394768667100544
"FT0533NR","3-Aminosalicylic acid",NA,"Benzene and substituted derivatives","Benzoic acids and derivatives",0.116633839318594,FALSE,-0.122407352619884,-0.431404598210896,0.393037441901017,0.891700719007511,6,-0.394720121499593,0.333180308170056,0.804638828109801,8,"RNA negative / Protein negative",TRUE,0.413062359855245,0.394720121499593
"FT7526PR","PE-NMe2(15:0/22:1)",NA,"Glycerophospholipids","Glycerophosphoethanolamines",0.739474951954503,FALSE,-0.289185099505571,-0.394638361609151,0.438772835606256,0.913166175765406,6,-0.436315564784208,0.279806024054964,0.780099195065239,8,"RNA negative / Protein negative",TRUE,0.415476963196679,0.394638361609151
"FT2874PR","Demeton-S-methyl","C18655","Organothiophosphorus compounds","Unclassified",0.11299000654857,FALSE,-0.0194207206692339,0.896552101066601,0.0154986795112196,0.598851755558511,6,0.393585172080902,0.334698493512078,0.804638828109801,8,"RNA positive / Protein positive",TRUE,0.645068636573751,0.393585172080902
"FT4400NR","[2,6-dihydroxy-4-(3,5,7-trihydroxy-3,4-dihydro-2H-chromen-2-yl)phenyl] hydrogen sulate",NA,"Flavonoids","Flavans",1.35656788221191,TRUE,0.543799890588313,0.393524425948717,0.440184247369877,0.913166175765406,6,0.404169598546478,0.320665573810414,0.801120750861266,8,"RNA positive / Protein positive",TRUE,0.398847012247598,0.393524425948717
"FT4676PR","p-Coumaroyl 3-hydroxytyrosine",NA,"Carboxylic acids and derivatives","Amino acids, peptides, and analogues",0.777031117006192,FALSE,-0.284018846003086,-0.44605268482163,0.375294962405534,0.878847294118011,6,-0.393043773229307,0.335423837728554,0.804638828109801,8,"RNA negative / Protein negative",TRUE,0.419548229025469,0.393043773229307
"FT6781PR","PC(16:0/5:0(CHO))",NA,"Glycerophospholipids","Glycerophosphocholines",0.926067035465779,FALSE,0.454968002709614,0.392004053242746,0.442112998401781,0.913166175765406,6,0.409628584667806,0.313538770387677,0.801120750861266,8,"RNA positive / Protein positive",TRUE,0.400816318955276,0.392004053242746
"FT1677PR","D-Glucurono-6,3-lactone","C02670","Furofurans","Isosorbides",1.21899703310371,FALSE,0.926462320784965,0.39189887484032,0.44224652880726,0.913166175765406,6,0.399458642977033,0.326876584503152,0.802167812667491,8,"RNA positive / Protein positive",TRUE,0.395678758908677,0.39189887484032
"FT0515PR","1-Methylpiperazine",NA,"Diazinanes","Piperazines",0.354407586950271,FALSE,-0.144108667660402,-0.391543322630062,0.442698020330106,0.913166175765406,6,-0.46224272471951,0.248839445342051,0.770668274983688,8,"RNA negative / Protein negative",TRUE,0.426893023674786,0.391543322630062
"FT1939PR","Temozolomide",NA,"Imidazotetrazines","Unclassified",0.159180817027142,FALSE,0.038241489786931,0.391448120089502,0.442818936757858,0.913166175765406,6,0.471056031728091,0.238727954295151,0.765922923758338,8,"RNA positive / Protein positive",TRUE,0.431252075908796,0.391448120089502
"FT3877PR","Oleoylethanolamide","C20792","Organonitrogen compounds","Amines",0.746602321622299,FALSE,-0.425296869298789,-0.67308061325618,0.142844463298487,0.794786593792781,6,-0.391312631899882,0.337748050237215,0.804638828109801,8,"RNA negative / Protein negative",TRUE,0.532196622578031,0.391312631899882
"FT1197NR","2,3-Dihydro-5H-oxazolo(3,2-a)thieno(3,2-d)pyrimidin-5-one",NA,"Thienopyrimidines","Unclassified",0.258554282074363,FALSE,0.0895683470919485,0.758516740651283,0.0804302995581753,0.760267849808906,6,0.389674429719837,0.33995434334969,0.804638828109801,8,"RNA positive / Protein positive",TRUE,0.57409558518556,0.389674429719837
"FT2372NR","5-(Hexahydro-2-oxo-1H-thieno[3,4-D]imidazol-6-YL)pentanal",NA,"Biotin and derivatives","Unclassified",0.286640930700256,FALSE,-0.0560114600842023,-0.38857095393137,0.446478225454218,0.913166175765406,6,-0.689708362694446,0.0583852760547046,0.611947930979385,8,"RNA negative / Protein negative",TRUE,0.539139658312908,0.38857095393137
"FT3547PR","11-Hydroxyandrosterone","C14606","Steroids and steroid derivatives","Androstane steroids",0.0174453745284145,FALSE,-0.00615140979183696,0.635996428956323,0.174632917868356,0.842783223920486,6,0.388331813751865,0.341767508684775,0.804638828109801,8,"RNA positive / Protein positive",TRUE,0.512164121354094,0.388331813751865
"FT3978PR","Margaroyl-EA",NA,"Organonitrogen compounds","Amines",0.718294405376768,FALSE,-0.51636439063547,-0.441573950190003,0.380689786830433,0.878952884966552,6,-0.387605951031322,0.342749623362295,0.804638828109801,8,"RNA negative / Protein negative",TRUE,0.414589950610662,0.387605951031322
"FT3348NR","5-O-beta-D-Xylopyranosyl-L-arabinose",NA,"Organooxygen compounds","Carbohydrates and carbohydrate conjugates",0.529991824871701,FALSE,0.155539769450797,0.843076409700163,0.0350053970482054,0.717627196300257,6,0.387519865255275,0.342866186439901,0.804638828109801,8,"RNA positive / Protein positive",TRUE,0.615298137477719,0.387519865255275
"FT0746NR","Methanethiosulfonate",NA,"Unclassified","Unclassified",0.106831156021863,FALSE,-0.019529880215386,0.387512133628097,0.447827305991071,0.913166175765406,6,0.41294524627641,0.309245978105101,0.801120750861266,8,"RNA positive / Protein positive",TRUE,0.400228689952253,0.387512133628097
"FT1520NR","3-Amino-5-(3-thiophenyl)-2-thiophenecarboxamide",NA,"Bi- and oligothiophenes","Unclassified",0.00551241302199234,FALSE,0.0463476312161149,0.934864404277826,0.00622579511333347,0.543555659481085,6,0.386999059507996,0.343571765434928,0.80493956473326,8,"RNA positive / Protein positive",TRUE,0.660931731892911,0.386999059507996
"FT3353NR","Methotrimeprazine","C07192","Benzothiazines","Phenothiazines",0.0337683314230723,FALSE,0.057960133694381,-0.386504529193478,0.449112340905844,0.913166175765406,6,-0.491830636918037,0.215741051591084,0.749982608274242,8,"RNA negative / Protein negative",TRUE,0.439167583055758,0.386504529193478
"FT5252NR","4alpha-methyl-5alpha-cholesta-8,14,24-trien-3beta-ol",NA,"Steroids and steroid derivatives","Cholestane steroids",0.377341698457314,FALSE,-0.11855060230602,0.433904580870386,0.389989427472851,0.889558832836636,6,0.386017538726407,0.344903332513719,0.806703432087456,8,"RNA positive / Protein positive",TRUE,0.409961059798397,0.386017538726407
"FT3805NR","FA(23:1;O)",NA,"Fatty Acyls","Fatty acids and conjugates",0.219363726960401,FALSE,-0.0587437788006023,-0.38385211049673,0.452500688059268,0.913166175765406,6,-0.823805264192051,0.0119313483262384,0.489185281375773,8,"RNA negative / Protein negative",TRUE,0.60382868734439,0.38385211049673
"FT2412NR","DOPA sulfate",NA,"Carboxylic acids and derivatives","Amino acids, peptides, and analogues",1.12782792174116,FALSE,0.347637122554646,0.383290539879462,0.453219110695148,0.913166175765406,6,0.589548272820336,0.124024330854747,0.699959178993997,8,"RNA positive / Protein positive",TRUE,0.486419406349899,0.383290539879462
"FT0992PR","Aminocaproic acid","C02378","Fatty Acyls","Fatty acids and conjugates",1.16628756601329,FALSE,0.405561637315844,0.383216989193397,0.453313231656635,0.913166175765406,6,0.426153345907305,0.292432232474566,0.785453819016463,8,"RNA positive / Protein positive",TRUE,0.404685167550351,0.383216989193397
"FT4209PR","Glycine, N-[1-(phenylacetyl)-L-prolyl]-",NA,"Carboxylic acids and derivatives","Amino acids, peptides, and analogues",0.864893694944071,FALSE,-0.278920796169202,-0.38277966833744,0.453872988531319,0.913166175765406,6,-0.755155198597333,0.0302869421720076,0.542455027678593,8,"RNA negative / Protein negative",TRUE,0.568967433467387,0.38277966833744
"FT1241PR","L-Glutamic acid","C00025","Carboxylic acids and derivatives","Amino acids, peptides, and analogues",0.63558297304029,FALSE,0.314267416831953,0.382358731472177,0.454411981850214,0.913166175765406,6,0.609884765762082,0.108389092911942,0.675854684599613,8,"RNA positive / Protein positive",TRUE,0.49612174861713,0.382358731472177
"FT1026NR","Hippuric acid","C01586","Benzene and substituted derivatives","Benzoic acids and derivatives",1.64085668330668,TRUE,-0.858296483727401,-0.636603458366003,0.174091032714244,0.842783223920486,6,-0.382196345301894,0.35010987473852,0.813714733500073,8,"RNA negative / Protein negative",TRUE,0.509399901833948,0.382196345301894
"FT2887PR","sulfamethoxazole","C07315","Benzene and substituted derivatives","Benzenesulfonamides",0.860988940982421,FALSE,-0.272057881045469,-0.705847713101509,0.117062504996752,0.765141115763805,6,-0.382104179680176,0.350235896771911,0.813714733500073,8,"RNA negative / Protein negative",TRUE,0.543975946390842,0.382104179680176
"FT6815NR","DG(17:2/18:1/0:0)[iso2]",NA,"Glycerolipids","Diradylglycerols",0.328512277511517,FALSE,-0.0799802087492705,-0.380117269672447,0.457285503941928,0.913166175765406,6,-0.452793538339722,0.259915631033659,0.770668274983688,8,"RNA negative / Protein negative",TRUE,0.416455404006084,0.380117269672447
"FT3514PR","FA(17:0;O)","C13947","Fatty Acyls","Fatty acids and conjugates",0.831143777965879,FALSE,-0.490116490546535,-0.514980381054642,0.295817061063197,0.876885269600792,6,-0.37988902651419,0.35327101801001,0.817059577575325,8,"RNA negative / Protein negative",TRUE,0.447434703784416,0.37988902651419
"FT6885PR","Cytidine 5'-monophosphate-N-acetylneuraminic acid","C00128","Pyrimidine nucleotides","Pyrimidine nucleotide sugars",1.3352075324182,FALSE,0.744223881098766,0.940874474356396,0.00514039534634491,0.543555659481085,6,0.379269533540587,0.354121967041379,0.817059577575325,8,"RNA positive / Protein positive",TRUE,0.660072003948492,0.379269533540587
"FT4233NR","7alpha-Hydroxy-5beta-cholan-24-oic Acid",NA,"Steroids and steroid derivatives","Bile acids, alcohols and derivatives",0.972026740221994,FALSE,0.430488892800998,0.755530483601937,0.0823426142445832,0.760267849808906,6,0.378917313358908,0.3546062011715,0.817059577575325,8,"RNA positive / Protein positive",TRUE,0.567223898480422,0.378917313358908
"FT1684NR","Pterosin N",NA,"Indanes","Indanones",0.0652185055877431,FALSE,0.0343643666228647,0.378782721004606,0.458999099568673,0.913166175765406,6,0.513987131990949,0.192555134337441,0.738625629999979,8,"RNA positive / Protein positive",TRUE,0.446384926497778,0.378782721004606
"FT2000NR","Deoxyinosine","C05512","Purine nucleosides","Purine 2'-deoxyribonucleosides",0.824103990639085,FALSE,0.330829298850532,0.378502348950352,0.459359362163973,0.913166175765406,6,0.398519975124532,0.328120830796154,0.802167812667491,8,"RNA positive / Protein positive",TRUE,0.388511162037442,0.378502348950352
"FT5810PR","4-O-Carboxymethyl ascochlorin",NA,"Benzene and substituted derivatives","Phenoxyacetic acid derivatives",0.908676310812567,FALSE,-0.309321847212773,-0.688128991901615,0.130728451634023,0.777485875998432,6,-0.378386658340348,0.355336318511421,0.817390805288648,8,"RNA negative / Protein negative",TRUE,0.533257825120982,0.378386658340348
"FT5564PR","ELAIDYLPHOSPHOCHOLINE",NA,"Organonitrogen compounds","Quaternary ammonium salts",0.057344593640171,FALSE,0.00355858823978307,-0.377219292989219,0.461009156055906,0.913166175765406,6,-0.499782916005585,0.207260272042339,0.740822613402618,8,"RNA negative / Protein negative",TRUE,0.438501104497402,0.377219292989219
"FT4499PR","Bishomostearidonoyl-EA",NA,"Organonitrogen compounds","Amines",0.262938138252888,FALSE,-0.057368069722701,-0.374859985894591,0.464047685458604,0.913637146489099,6,-0.512793981868402,0.193768409835338,0.738625629999979,8,"RNA negative / Protein negative",TRUE,0.443826983881496,0.374859985894591
"FT6734PR","PC(20:3-OH/2:0)",NA,"Glycerophospholipids","Glycerophosphocholines",0.712448735424871,FALSE,0.255917143498115,0.461003649514354,0.357481779635339,0.876885269600792,6,0.374364453155635,0.360892606421025,0.817897131271182,8,"RNA positive / Protein positive",TRUE,0.417684051334994,0.374364453155635
"FT5587PR","4,6'-Epoxyorotiniflavan-4-ol",NA,"Benzopyrans","1-benzopyrans",0.875982377014986,FALSE,-0.307956802769137,-0.76133309550914,0.0786453778137054,0.760267849808906,6,-0.373704678376456,0.361807757883279,0.817897131271182,8,"RNA negative / Protein negative",TRUE,0.567518886942798,0.373704678376456
"FT1133PR","(Z)-5-oxohex-2-enedioic acid","C03453","Keto acids and derivatives","Medium-chain keto acids and derivatives",0.624051797342646,FALSE,0.271923623250217,0.489027397065609,0.324933816272749,0.876885269600792,6,0.37355866989854,0.362010423238393,0.817897131271182,8,"RNA positive / Protein positive",TRUE,0.431293033482075,0.37355866989854
"FT4143PR","plaunotol","C13273","Prenol lipids","Diterpenoids",0.434331169463903,FALSE,-0.116953714923352,-0.373412424389286,0.465915087407956,0.913637146489099,6,-0.876492982501698,0.00428442925207903,0.351323198670481,8,"RNA negative / Protein negative",TRUE,0.624952703445492,0.373412424389286
"FT4387NR","N-Eicosapentaenoyl Threonine",NA,"Carboxylic acids and derivatives","Amino acids, peptides, and analogues",0.350710297704753,FALSE,0.0896560276756614,0.372487517273646,0.467109477654646,0.913637146489099,6,0.587691824472018,0.1255109868573,0.70272845909954,8,"RNA positive / Protein positive",TRUE,0.480089670872832,0.372487517273646
"FT4635NR","Risdiplam",NA,"Diazinanes","Piperazines",0.922243279571798,FALSE,0.270730154802234,0.471755661979693,0.344861921389249,0.876885269600792,6,0.3723453377035,0.363696561521567,0.820377033593956,8,"RNA positive / Protein positive",TRUE,0.422050499841596,0.3723453377035
"FT4409PR","FA(20:5;O)",NA,"Fatty Acyls","Eicosanoids",0.720949646892381,FALSE,-0.463311343976036,-0.543021031200427,0.265529258602249,0.872427299627174,6,-0.370114105810361,0.366806488144473,0.820625930062494,8,"RNA negative / Protein negative",TRUE,0.456567568505394,0.370114105810361
"FT4065NR","Pomaglumetad methionil",NA,"Carboxylic acids and derivatives","Amino acids, peptides, and analogues",0.662682069844485,FALSE,0.171787789396446,0.370044149612649,0.470269342785827,0.913637146489099,6,0.471579981935633,0.238133534292344,0.765922923758338,8,"RNA positive / Protein positive",TRUE,0.420812065774141,0.370044149612649
"FT7347PR","PC(15:0/17:1)",NA,"Glycerophospholipids","Glycerophosphocholines",0.889393933869637,FALSE,-0.60175143126747,-0.555810363851997,0.252136357170419,0.872427299627174,6,-0.368550786363541,0.368992576125391,0.821167837023025,8,"RNA negative / Protein negative",TRUE,0.462180575107769,0.368550786363541
"FT5173PR","Car(16:0;O)",NA,"Fatty Acyls","Fatty acid esters",1.78399794391184,TRUE,-0.882705893079301,-0.368516292678063,0.472248601821255,0.913637146489099,6,-0.645644242835592,0.0837708461308678,0.646160695925008,8,"RNA negative / Protein negative",TRUE,0.507080267756827,0.368516292678063
"FT1306PR","2-Hydroxyadenine",NA,"Imidazopyrimidines","Purines and purine derivatives",0.379560527408958,FALSE,-0.102652259599737,-0.368336047161195,0.472482270889407,0.913637146489099,6,-0.442900694789256,0.271770099842223,0.773158202408283,8,"RNA negative / Protein negative",TRUE,0.405618370975225,0.368336047161195
"FT4987NR","Macrophorin C",NA,"Organooxygen compounds","Carbonyl compounds",0.120057019635727,FALSE,0.0274696860508808,0.367933600510335,0.473004129541328,0.913637146489099,6,0.480583010789454,0.228037869530807,0.76410571770673,8,"RNA positive / Protein positive",TRUE,0.424258305649894,0.367933600510335
"FT0090NR","Ethyl carbamate","C01537","Carboximidic acids and derivatives","Unclassified",0.212088964214307,FALSE,-0.130853039853138,-0.367801623782017,0.473175304694579,0.913637146489099,6,-0.436826080923248,0.279178914402921,0.780099195065239,8,"RNA negative / Protein negative",TRUE,0.402313852352632,0.367801623782017
"FT3862NR","FA(20:3;O3)","C00639","Fatty Acyls","Eicosanoids",0.201065157665247,FALSE,0.0646803437132314,0.367527667833897,0.473530689679489,0.913637146489099,6,0.455263080325256,0.25699750938609,0.770668274983688,8,"RNA positive / Protein positive",TRUE,0.411395374079577,0.367527667833897
"FT0925NR","Phenol sulphate","C00850","Organic sulfuric acids and derivatives","Arylsulfates",1.78780129053205,TRUE,-0.991596984692383,-0.618261474856883,0.19077216238663,0.842783223920486,6,-0.366867922856602,0.371352354135394,0.821167837023025,8,"RNA negative / Protein negative",TRUE,0.492564698856743,0.366867922856602
"FT4120NR","(7Z)-Tetradec-7-enoylcarnitine",NA,"Fatty Acyls","Fatty acid esters",0.415412510214087,FALSE,-0.121853561478336,-0.365873039377752,0.475678887076009,0.915171966698102,6,-0.79905481238437,0.0173506464104732,0.501477491291417,8,"RNA negative / Protein negative",TRUE,0.582463925881061,0.365873039377752
"FT1895NR","benzyl-6-hydroxy-2-cyclohexene-on-oyl",NA,"Benzene and substituted derivatives","Benzyloxycarbonyls",1.4956884156405,FALSE,-0.870694482788569,-0.755682384655658,0.0822448524926875,0.760267849808906,6,-0.364869508973223,0.374163366486465,0.821167837023025,8,"RNA negative / Protein negative",TRUE,0.56027594681444,0.364869508973223
"FT7424PR","PE(O-18:0/19:1)",NA,"Glycerophospholipids","Glycerophosphoethanolamines",0.513361597220416,FALSE,0.214358944248061,0.4768644845636,0.338922702255515,0.876885269600792,6,0.364469979840601,0.374726490330545,0.821167837023025,8,"RNA positive / Protein positive",TRUE,0.420667232202101,0.364469979840601
"FT2350NR","Deoxycytidine","C00881","Pyrimidine nucleosides","Pyrimidine 2'-deoxyribonucleosides",1.21746894954513,FALSE,0.630988600227895,0.855402811541883,0.0298508762757422,0.717627196300257,6,0.363688816648415,0.375828608336219,0.821167837023025,8,"RNA positive / Protein positive",TRUE,0.609545814095149,0.363688816648415
"FT2104PR","N-Acetylisoputreanine",NA,"Carboxylic acids and derivatives","Amino acids, peptides, and analogues",0.817193063565619,FALSE,0.264478529057012,0.460242962050701,0.358380713817097,0.876885269600792,6,0.362902324736117,0.376939703575521,0.821206109634071,8,"RNA positive / Protein positive",TRUE,0.411572643393409,0.362902324736117
"FT1776PR","2,5-Dinitrophenol",NA,"Phenols","Nitrophenols",0.467636180769743,FALSE,-0.131376880487154,-0.362567086510951,0.47997997887367,0.921258038504231,6,-0.471553215435589,0.238163882512376,0.765922923758338,8,"RNA negative / Protein negative",TRUE,0.41706015097327,0.362567086510951
"FT1357NR","4-Nitrophenyl butyrate",NA,"Phenol esters","Unclassified",1.25549682191503,FALSE,-0.465262060546137,-0.942872344016389,0.00480213359148417,0.543555659481085,6,-0.36242593151755,0.377613426309497,0.821206109634071,8,"RNA negative / Protein negative",TRUE,0.652649137766969,0.36242593151755
"FT1434NR","N-butanoyl-l-homoserine lactone","C11837","Carboxylic acids and derivatives","Amino acids, peptides, and analogues",0.424623211946653,FALSE,0.794705342770248,-0.361840545708444,0.480926815949173,0.921258038504231,6,-0.577813377070756,0.133588982540443,0.70272845909954,8,"RNA negative / Protein negative",TRUE,0.4698269613896,0.361840545708444
"FT3210PR","gamma-Camphorene",NA,"Prenol lipids","Monoterpenoids",0.648665569529529,FALSE,-0.187363479507554,-0.361407498834217,0.481491440684814,0.921258038504231,6,-0.80748445354476,0.0153612893358895,0.501477491291417,8,"RNA negative / Protein negative",TRUE,0.584445976189488,0.361407498834217
"FT2058PR","Valerenal",NA,"Prenol lipids","Sesquiterpenoids",1.64945844970608,TRUE,1.02931267725573,0.592687436043791,0.215067992115883,0.855762031526234,6,0.360607680473347,0.380189746747811,0.825231915463969,8,"RNA positive / Protein positive",TRUE,0.476647558258569,0.360607680473347
"FT3696NR","Glycerol 3-phosphate","C00093","Glycerophospholipids","Glycerophosphates",0.809644583729737,FALSE,-0.219338706218687,-0.571951345176099,0.235623729647075,0.866884510440095,6,-0.359225362735733,0.382153589799029,0.825231915463969,8,"RNA negative / Protein negative",TRUE,0.465588353955916,0.359225362735733
"FT0633NR","MALEIC ANHYDRIDE",NA,"Dihydrofurans","Furanones",0.00197048372452357,FALSE,-0.00944929638378625,-0.521852368020557,0.288279448004768,0.876885269600792,6,-0.358920990335825,0.382586610952652,0.825231915463969,8,"RNA negative / Protein negative",TRUE,0.440386679178191,0.358920990335825
"FT4782NR","mLPA(O-16:0)",NA,"Glycerophospholipids","Unclassified",0.311581915527412,FALSE,0.12758008198618,-0.358475582273229,0.485319532891492,0.921585707949619,6,-0.483882866048137,0.224393708867284,0.763986484259788,8,"RNA negative / Protein negative",TRUE,0.421179224160683,0.358475582273229
"FT0819PR","Isonicotinamide","C02421","Pyridines and derivatives","Pyridinecarboxylic acids and derivatives",0.664887930989532,FALSE,0.128549870504015,0.358362058221046,0.48546794333019,0.921585707949619,6,0.632378036947482,0.0924786292609319,0.649354375579589,8,"RNA positive / Protein positive",TRUE,0.495370047584264,0.358362058221046
"FT1179PR","6-Methylquinoline",NA,"Quinolines and derivatives","Unclassified",1.19243275750986,FALSE,0.465369307087197,0.493881055966247,0.31941177859389,0.876885269600792,6,0.357473185494123,0.384649330244762,0.826195942004929,8,"RNA positive / Protein positive",TRUE,0.425677120730185,0.357473185494123
"FT6529PR","POV-PE",NA,"Glycerophospholipids","Glycerophosphoethanolamines",0.792701953571458,FALSE,0.301448577508062,0.357162934651264,0.487036407529114,0.922095697034763,6,0.376612169657907,0.357782770533566,0.817897131271182,8,"RNA positive / Protein positive",TRUE,0.366887552154586,0.357162934651264
"FT4265PR","(S)-p-Menth-1-ene-4,7-diol 4-glucoside",NA,"Prenol lipids","Terpene glycosides",0.53616330878739,FALSE,-0.354370946983153,-0.357013139285433,0.487232449547484,0.922095697034763,6,-0.404255872248009,0.320552352559314,0.801120750861266,8,"RNA negative / Protein negative",TRUE,0.380634505766721,0.357013139285433
"FT4301PR","S-Formylglutathione","C01031","Carboxylic acids and derivatives","Amino acids, peptides, and analogues",1.23509737682537,FALSE,-0.775500485801804,-0.354649978966356,0.490328367166968,0.922975992558806,6,-0.805694168855581,0.0157711205135881,0.501477491291417,8,"RNA negative / Protein negative",TRUE,0.580172073910968,0.354649978966356
"FT5737PR","Acar(20:1)",NA,"Fatty Acyls","Fatty acid esters",0.362199065582826,FALSE,-0.15499872666542,-0.354267358598076,0.490830188533765,0.922975992558806,6,-0.664024463844349,0.0725264106658625,0.643960614447213,8,"RNA negative / Protein negative",TRUE,0.509145911221212,0.354267358598076
"FT5842PR","9-(5-Hexyl-3-methylfuran-2-yl)nonanoylcarnitine",NA,"Fatty Acyls","Fatty acid esters",0.590850942899758,FALSE,-0.321994208199754,-0.389925796178798,0.444753879350922,0.913166175765406,6,-0.354222131551258,0.389299018073092,0.83238202420963,8,"RNA negative / Protein negative",TRUE,0.372073963865028,0.354222131551258
"FT0893NR","9-Undecenal",NA,"Organooxygen compounds","Carbonyl compounds",1.02886870674812,FALSE,-0.391921617565819,-0.442091559979879,0.38006494087451,0.878952884966552,6,-0.353051212975218,0.390979699987134,0.83238202420963,8,"RNA negative / Protein negative",TRUE,0.397571386477548,0.353051212975218
"FT4649PR","Oryzalide B",NA,"Prenol lipids","Terpene lactones",0.162736561683763,FALSE,0.0641999358503954,-0.537903351426464,0.270963454873419,0.872427299627174,6,-0.352637498185568,0.391574287060566,0.83238202420963,8,"RNA negative / Protein negative",TRUE,0.445270424806016,0.352637498185568
"FT4798NR","Ala-Glu-Phe",NA,"Carboxylic acids and derivatives","Amino acids, peptides, and analogues",1.44727305152589,FALSE,1.17922101948145,0.700088465919315,0.1214323317896,0.765141115763805,6,0.350041401988832,0.395314407055189,0.836218942996864,8,"RNA positive / Protein positive",TRUE,0.525064933954074,0.350041401988832
"FT7355PR","PC(21:0/11:0)",NA,"Glycerophospholipids","Glycerophosphocholines",0.784862390736521,FALSE,-0.321797968414171,-0.349422691743198,0.497197556871344,0.927080163013458,6,-0.766660762215383,0.0264626374516083,0.542455027678593,8,"RNA negative / Protein negative",TRUE,0.558041726979291,0.349422691743198
"FT5611PR","1alpha,25-dihydroxy-26,27-dimethyl-20,21,22,22,23,23-hexadehydrovitamin D3",NA,"Steroids and steroid derivatives","Vitamin D and derivatives",1.81074678022056,TRUE,1.25168424166996,0.616319400699296,0.192575238998505,0.842783223920486,6,0.348228184025678,0.397935870987077,0.837811030862203,8,"RNA positive / Protein positive",TRUE,0.482273792362487,0.348228184025678
"FT5668PR","Austalide L",NA,"Isoflavonoids","Isoflavans",0.753117969503143,FALSE,-0.277609675079818,-0.842613943796756,0.0352063005542397,0.717627196300257,6,-0.347664726606955,0.398752028827063,0.837811030862203,8,"RNA negative / Protein negative",TRUE,0.595139335201855,0.347664726606955
"FT2122NR","SCHEMBL21550299",NA,"Carboxylic acids and derivatives","Amino acids, peptides, and analogues",0.29489243849883,FALSE,0.258673125917964,-0.346735474620382,0.500740009126819,0.931188974191719,6,-0.498376324994967,0.208747425713428,0.740970788276183,8,"RNA negative / Protein negative",TRUE,0.422555899807674,0.346735474620382
"FT5367PR","N-stearoyl glutamic acid",NA,"Carboxylic acids and derivatives","Amino acids, peptides, and analogues",0.397859021026261,FALSE,0.222155691134364,0.345631682173504,0.502197274815899,0.931571565774147,6,0.39922301621326,0.327188709911484,0.802167812667491,8,"RNA positive / Protein positive",TRUE,0.372427349193382,0.345631682173504
"FT2444NR","8-Acetoxy-4-acoren-3-one",NA,"Organooxygen compounds","Carbonyl compounds",0.093748635405503,FALSE,0.0444319808552647,0.38543176788083,0.450481766569778,0.913166175765406,6,0.34419124465577,0.403799343460244,0.84093611300264,8,"RNA positive / Protein positive",TRUE,0.3648115062683,0.34419124465577
"FT2502PR","Leucylproline",NA,"Carboxylic acids and derivatives","Amino acids, peptides, and analogues",0.393992639854331,FALSE,0.114610514174315,-0.641797367559424,0.169483355501537,0.842783223920486,6,-0.343811164592392,0.404353307728623,0.84093611300264,8,"RNA negative / Protein negative",TRUE,0.492804266075908,0.343811164592392
"FT2129PR","gamma-Glutamylglycine",NA,"Carboxylic acids and derivatives","Amino acids, peptides, and analogues",2.27084678885382,FALSE,2.50830903054137,0.603991465056993,0.204182563954855,0.842783223920486,6,0.343439769228432,0.404894931404563,0.84093611300264,8,"RNA positive / Protein positive",TRUE,0.473715617142713,0.343439769228432
"FT3221PR","Heptanoylcarnitine",NA,"Fatty Acyls","Fatty acid esters",0.108829462089375,FALSE,0.00451958549813185,-0.341408448663612,0.507784565100937,0.931571565774147,6,-0.608610263006576,0.109334004722167,0.675854684599613,8,"RNA negative / Protein negative",TRUE,0.475009355835094,0.341408448663612
"FT4664PR","Ile-Glu-Val",NA,"Carboxylic acids and derivatives","Amino acids, peptides, and analogues",0.433691776218969,FALSE,0.18255789608795,0.612629407713602,0.19602032754773,0.842783223920486,6,0.341320593346513,0.407991415500839,0.843827942445355,8,"RNA positive / Protein positive",TRUE,0.476975000530057,0.341320593346513
"FT1588NR","Isomyristic acid",NA,"Fatty Acyls","Fatty acids and conjugates",0.188119173219306,FALSE,0.0907558983899793,-0.341239098789785,0.508008995533269,0.931571565774147,6,-0.375182442193746,0.359759460561971,0.817897131271182,8,"RNA negative / Protein negative",TRUE,0.358210770491765,0.341239098789785
"FT0707NR","4-Mercapto-2-butanone",NA,"Organooxygen compounds","Carbonyl compounds",1.37488172445992,TRUE,-0.841144848910104,-0.861531021028877,0.027433008773251,0.717627196300257,6,-0.34034447901656,0.409421107570149,0.845530405855981,8,"RNA negative / Protein negative",TRUE,0.600937750022718,0.34034447901656
"FT5031PR","5-Hydroxytrtradeca-7,9-dienoylcarnitine",NA,"Fatty Acyls","Fatty acid esters",1.55275511619252,TRUE,-0.777503449989134,-0.339937264981755,0.509735226282278,0.931571565774147,6,-0.576693650597965,0.134522400683576,0.703511439648221,8,"RNA negative / Protein negative",TRUE,0.45831545778986,0.339937264981755
"FT4912PR","N-(1,1-dimethyl-2-hydroxy-ethyl) arachidonoyl amine",NA,"Fatty Acyls","Fatty amides",0.588773952574339,FALSE,-0.177558911952801,-0.339859854789469,0.509837926651661,0.931571565774147,6,-0.541889081360488,0.165338934205826,0.73412888771035,8,"RNA negative / Protein negative",TRUE,0.440874468074978,0.339859854789469
"FT2309PR","12-amino-dodecanoic acid",NA,"Fatty Acyls","Fatty acids and conjugates",0.319516390927374,FALSE,-0.161826410034322,-0.740633940261096,0.0921822543532869,0.760267849808906,6,-0.339276267615611,0.410988156207366,0.847511079516373,8,"RNA negative / Protein negative",TRUE,0.539955103938354,0.339276267615611
"FT0871PR","Taurine","C00245","Organic sulfonic acids and derivatives","Organosulfonic acids and derivatives",0.488003437097336,FALSE,-0.148356715643221,-0.339260670411857,0.510633073199771,0.931571565774147,6,-0.426337167135537,0.292201431340643,0.785453819016463,8,"RNA negative / Protein negative",TRUE,0.382798918773697,0.339260670411857
"FT2339PR","N,N,O-Tridesmethylvenlafaxine",NA,"Organooxygen compounds","Alcohols and polyols",1.96805311685551,FALSE,-2.35650711855727,-0.666500414587761,0.148286719184692,0.812425414973627,6,-0.337808553231781,0.413145458334452,0.848861569349546,8,"RNA negative / Protein negative",TRUE,0.502154483909771,0.337808553231781
"FT4764PR","Glycylprolylarginine",NA,"Carboxylic acids and derivatives","Amino acids, peptides, and analogues",0.336300116239339,FALSE,0.111525757788545,0.831175986841901,0.0403464483199794,0.717627196300257,6,0.336756094275373,0.414695379789795,0.848861569349546,8,"RNA positive / Protein positive",TRUE,0.583966040558637,0.336756094275373
"FT4538NR","FA(22:5;O4)",NA,"Fatty Acyls","Fatty acids and conjugates",3.10644307335935,TRUE,2.40294521794983,0.726257826489904,0.102145761896932,0.760267849808906,6,0.336455530695866,0.415138465389493,0.848861569349546,8,"RNA positive / Protein positive",TRUE,0.531356678592885,0.336455530695866
"FT2864PR","13-amino-tridecanoic acid",NA,"Fatty Acyls","Fatty acids and conjugates",0.170305505203762,FALSE,-0.0971466492957849,-0.77874455647463,0.068015290619407,0.760267849808906,6,-0.336211532051114,0.415498312621003,0.848861569349546,8,"RNA negative / Protein negative",TRUE,0.557478044262872,0.336211532051114
"FT1054PR","Adenine","C00147","Imidazopyrimidines","Purines and purine derivatives",0.908468072763029,FALSE,0.278468513055282,0.798185152273352,0.0569839671903581,0.72308367718528,6,0.335239754256477,0.416932803159405,0.848861569349546,8,"RNA positive / Protein positive",TRUE,0.566712453264914,0.335239754256477
"FT4172NR","FA(20:2;O4)",NA,"Fatty Acyls","Eicosanoids",0.79394090506322,FALSE,-0.316952463232586,0.916864022768834,0.010080085141315,0.543555659481085,6,0.334415025125812,0.418151881177853,0.849389891217013,8,"RNA positive / Protein positive",TRUE,0.625639523947323,0.334415025125812
"FT6659NR","LysoPS(22:5/0:0)",NA,"Glycerophospholipids","Glycerophosphoserines",1.54183632596573,TRUE,0.712743580697798,0.334182918448543,0.517386099568953,0.932714961063584,6,0.411878468635351,0.310623643895274,0.801120750861266,8,"RNA positive / Protein positive",TRUE,0.373030693541947,0.334182918448543
"FT1310NR","2-Hydroxymuconate","C02501","Fatty Acyls","Fatty acids and conjugates",0.363911573573193,FALSE,0.279338665912313,-0.773311078571434,0.071257270564139,0.760267849808906,6,-0.334110931540994,0.418601761309963,0.849389891217013,8,"RNA negative / Protein negative",TRUE,0.553711005056214,0.334110931540994
"FT5424NR","Corbisterol",NA,"Steroids and steroid derivatives","Stigmastanes and derivatives",0.736249881974725,FALSE,0.244569235603982,-0.332861277654869,0.51914803745549,0.932714961063584,6,-0.37932133637284,0.354050773720188,0.817059577575325,8,"RNA negative / Protein negative",TRUE,0.356091307013855,0.332861277654869
"FT3823NR","Bavacoumestan A",NA,"Isoflavonoids","Coumestans",0.642317936866484,FALSE,-0.282448909913303,-0.693957488334549,0.126160748656725,0.77386627532767,6,-0.332235701982549,0.421380544497157,0.850374670932717,8,"RNA negative / Protein negative",TRUE,0.513096595158549,0.332235701982549
"FT3875NR","Salbutamol 4-O-sulfate",NA,"Organic sulfuric acids and derivatives","Arylsulfates",1.4896762675253,TRUE,0.754759657879598,0.554835402469836,0.253147806116052,0.872427299627174,6,0.331725984507317,0.422137211108637,0.850374670932717,8,"RNA positive / Protein positive",TRUE,0.443280693488576,0.331725984507317
"FT4184NR","Glu-Asp-Glu",NA,"Carboxylic acids and derivatives","Amino acids, peptides, and analogues",0.647245742345487,FALSE,0.244122473185949,-0.505042562873398,0.306846251457409,0.876885269600792,6,-0.330526099264282,0.423920689414242,0.852015245462087,8,"RNA negative / Protein negative",TRUE,0.41778433106884,0.330526099264282
"FT0901NR","Dihydroxyacetone phosphate","C00111","Organooxygen compounds","Carbohydrates and carbohydrate conjugates",1.16210122307745,FALSE,0.341028830988061,0.91774635271229,0.00987024353004868,0.543555659481085,6,0.330355839098213,0.424174017468212,0.852015245462087,8,"RNA positive / Protein positive",TRUE,0.624051095905252,0.330355839098213
"FT6641NR","xanthurenic acid 8-O-sulfate",NA,"Quinolines and derivatives","Quinoline carboxylic acids",0.183105761649084,FALSE,-0.0550983099835355,0.329624884344375,0.523469967967018,0.932714961063584,6,0.551320609028217,0.156643436596155,0.731820831113888,8,"RNA positive / Protein positive",TRUE,0.440472746686296,0.329624884344375
"FT2583NR","Cystine","C01420","Carboxylic acids and derivatives","Amino acids, peptides, and analogues",0.366209133259944,FALSE,0.0993056675735975,0.927248353734893,0.00774667302075011,0.543555659481085,6,0.329521604945316,0.425416188793038,0.853280816082726,8,"RNA positive / Protein positive",TRUE,0.628384979340105,0.329521604945316
"FT6209PR","Lipoxin D4",NA,"Fatty Acyls","Eicosanoids",0.324031377295789,FALSE,0.212325895473766,-0.847218776841051,0.0332300357661321,0.717627196300257,6,-0.328163953011538,0.427441003735487,0.854084537831274,8,"RNA negative / Protein negative",TRUE,0.587691364926294,0.328163953011538
"FT2266PR","Histidylglycine",NA,"Carboxylic acids and derivatives","Amino acids, peptides, and analogues",0.222406536140548,FALSE,-0.195386900250221,-0.360898437457269,0.482155436300921,0.921261280074974,6,-0.327610466327079,0.428267641279814,0.854084537831274,8,"RNA negative / Protein negative",TRUE,0.344254451892174,0.327610466327079
"FT6275PR","LysoPC(0:0/18:1)",NA,"Glycerophospholipids","Glycerophosphocholines",0.0972701743447456,FALSE,-0.0148274496140362,-0.327549199914486,0.526247327752458,0.934141862527685,6,-0.358369200707742,0.383372178760887,0.825231915463969,8,"RNA negative / Protein negative",TRUE,0.342959200311114,0.327549199914486
"FT2615PR","1-Dodecylimidazole",NA,"Azoles","Imidazoles",1.06583114508694,FALSE,-0.343879923974085,-0.684184564242823,0.133859464821117,0.777485875998432,6,-0.3270800997958,0.429060379086104,0.854443097780041,8,"RNA negative / Protein negative",TRUE,0.505632332019311,0.3270800997958
"FT3159PR","5-propylideneisolongifolane",NA,"Prenol lipids","Sesquiterpenoids",0.352810830330019,FALSE,0.128778344141911,-0.326744096029399,0.527325734235311,0.934141862527685,6,-0.388327889121453,0.34177281532852,0.804638828109801,8,"RNA negative / Protein negative",TRUE,0.357535992575426,0.326744096029399
"FT4248NR","Melibiose",NA,"Organooxygen compounds","Carbohydrates and carbohydrate conjugates",0.0400050697539747,FALSE,0.0521651789795136,-0.49821245541561,0.314513381288286,0.876885269600792,6,-0.326072327523628,0.430568391548715,0.855463668172405,8,"RNA negative / Protein negative",TRUE,0.412142391469619,0.326072327523628
"FT4768PR","DG(8:0/8:0/0:0)",NA,"Glycerolipids","Diradylglycerols",0.400034706618255,FALSE,-0.358694791115934,-0.481422079957217,0.333655808399544,0.876885269600792,6,-0.325507949175194,0.431413887177332,0.855463668172405,8,"RNA negative / Protein negative",TRUE,0.403465014566205,0.325507949175194
"FT4852PR","Myristoylcarnitine",NA,"Fatty Acyls","Fatty acid esters",1.69343682807486,TRUE,-0.807694570285787,-0.325342715083714,0.529204346074275,0.934141862527685,6,-0.634206617548441,0.0912486908777927,0.648983036141036,8,"RNA negative / Protein negative",TRUE,0.479774666316078,0.325342715083714
"FT4171PR","9R,10S-Epoxy-6Z-heneicosene",NA,"Epoxides","Unclassified",0.662653920095624,FALSE,-0.188725546112553,-0.325193500270252,0.529404488050461,0.934141862527685,6,-0.51042904264789,0.196185163102336,0.738625629999979,8,"RNA negative / Protein negative",TRUE,0.417811271459071,0.325193500270252
"FT0927PR","Dibutylamine",NA,"Organonitrogen compounds","Amines",1.16126089441489,FALSE,-0.670180073573802,-0.758463110909171,0.08046446382487,0.760267849808906,6,-0.324385718473156,0.433097166546741,0.855874127808828,8,"RNA negative / Protein negative",TRUE,0.541424414691164,0.324385718473156
"FT4831NR","DG(2:0/18:1-O/0:0)",NA,"Glycerolipids","Diradylglycerols",1.17172054378746,FALSE,-0.453871526179685,-0.442857830531053,0.379140570208795,0.878952884966552,6,-0.322921419772229,0.435297648907356,0.855874127808828,8,"RNA negative / Protein negative",TRUE,0.382889625151641,0.322921419772229
"FT1107NR","p-Cresol sulfate","C06677","Organic sulfuric acids and derivatives","Arylsulfates",2.56229795567847,TRUE,-2.33551118131111,-0.479484782963165,0.335890957601928,0.876885269600792,6,-0.322817411671165,0.435454124732643,0.855874127808828,8,"RNA negative / Protein negative",TRUE,0.401151097317165,0.322817411671165
"FT6729PR","(4E,15E)-Bilirubin",NA,"Tetrapyrroles and derivatives","Bilirubins",1.34842037236099,TRUE,0.510556457000766,0.765978233752545,0.0757410407011009,0.760267849808906,6,0.32237639118235,0.436117882147768,0.855874127808828,8,"RNA positive / Protein positive",TRUE,0.544177312467448,0.32237639118235
"FT2475NR","12S-HHT","C20388","Fatty Acyls","Fatty acids and conjugates",0.161052987465847,FALSE,0.0585139709502287,0.325596922532064,0.528863427426223,0.934141862527685,6,0.322102562008121,0.436530220528984,0.855874127808828,8,"RNA positive / Protein positive",TRUE,0.323849742270093,0.322102562008121
"FT0993PR","L-Alloisoleucine","C21096","Carboxylic acids and derivatives","Amino acids, peptides, and analogues",0.538278330571414,FALSE,0.205891094417263,-0.468176969381611,0.349044324728461,0.876885269600792,6,-0.321567543368538,0.43733633250372,0.855874127808828,8,"RNA negative / Protein negative",TRUE,0.394872256375075,0.321567543368538
"FT4647PR","Phlorisobutyrophenone 2-glucoside",NA,"Organooxygen compounds","Carbohydrates and carbohydrate conjugates",0.137679261096042,FALSE,0.0450427949448813,-0.321559891009007,0.534284932608064,0.934141862527685,6,-0.547939134790287,0.159731614486732,0.731820831113888,8,"RNA negative / Protein negative",TRUE,0.434749512899647,0.321559891009007
"FT4204PR","gamma-Aminobutyric acid cetyl ester",NA,"Carboxylic acids and derivatives","Amino acids, peptides, and analogues",1.09653342404838,FALSE,-0.562146026616354,-0.525782940576669,0.284001331603941,0.876885269600792,6,-0.321500703940858,0.437437082903181,0.855874127808828,8,"RNA negative / Protein negative",TRUE,0.423641822258763,0.321500703940858
"FT3863NR","Grayanotoxin",NA,"Prenol lipids","Diterpenoids",0.2826396843335,FALSE,0.109915152446897,0.508291690849629,0.30322369693276,0.876885269600792,6,0.320378352711291,0.439130300427933,0.857349634168821,8,"RNA positive / Protein positive",TRUE,0.41433502178046,0.320378352711291
"FT5723PR","Chamuvaritin",NA,"Diarylheptanoids","Linear diarylheptanoids",0.74375400219351,FALSE,-0.252855104878653,-0.700292439978527,0.12127637322613,0.765141115763805,6,-0.318834128185139,0.441464408358056,0.858300397839791,8,"RNA negative / Protein negative",TRUE,0.509563284081833,0.318834128185139
"FT1848NR","5,7-octadienoylglycine",NA,"Carboxylic acids and derivatives","Amino acids, peptides, and analogues",0.591953143534511,FALSE,1.02410698816064,-0.317265666998704,0.540069084488161,0.934141862527685,6,-0.446554347138459,0.267361384358811,0.770668274983688,8,"RNA negative / Protein negative",TRUE,0.381910007068581,0.317265666998704
"FT5183NR","Met-Glu-Ile",NA,"Carboxylic acids and derivatives","Amino acids, peptides, and analogues",0.192320259196146,FALSE,-0.0230456464203849,-0.317247768606096,0.540093229818252,0.934141862527685,6,-0.513741108102601,0.192804977628696,0.738625629999979,8,"RNA negative / Protein negative",TRUE,0.415494438354348,0.317247768606096
"FT3991PR","Tolmetin glycinamide",NA,"Carboxylic acids and derivatives","Amino acids, peptides, and analogues",0.833639367445836,FALSE,-0.286184633740755,-0.576307462755008,0.231243388703339,0.866884510440095,6,-0.316678920030153,0.444730582502387,0.861047822233788,8,"RNA negative / Protein negative",TRUE,0.44649319139258,0.316678920030153
"FT5198NR","Penicildione D",NA,"Steroids and steroid derivatives","Hydroxysteroids",1.30054144858481,TRUE,0.633539656723098,0.725105571905055,0.10296395361255,0.760267849808906,6,0.314506529330644,0.448032841047687,0.86488870185752,8,"RNA positive / Protein positive",TRUE,0.519806050617849,0.314506529330644
"FT2633NR","Thymidine","C00214","Pyrimidine nucleosides","Pyrimidine 2'-deoxyribonucleosides",0.449006372862342,FALSE,0.122146659310831,0.313634600030235,0.544973694353697,0.934141862527685,6,0.528666687960473,0.177959200661287,0.738625629999979,8,"RNA positive / Protein positive",TRUE,0.421150643995354,0.313634600030235
"FT4461PR","11-Dehydrocorticosterone","C05490","Steroids and steroid derivatives","Hydroxysteroids",3.43771569536352,TRUE,3.303457897849,0.553008991763381,0.255046825565247,0.872427299627174,6,0.311998128668322,0.451858343930742,0.86488870185752,8,"RNA positive / Protein positive",TRUE,0.432503560215851,0.311998128668322
"FT3483NR","Glycerophosphoinositol","C01225","Glycerophospholipids","Glycerophosphoinositols",1.10985538010562,FALSE,0.419375187342363,0.85284619810153,0.0308881101441731,0.717627196300257,6,0.311870985382509,0.452052601763262,0.86488870185752,8,"RNA positive / Protein positive",TRUE,0.58235859174202,0.311870985382509
"FT4439PR","FA(23:6)",NA,"Fatty Acyls","Fatty acids and conjugates",0.220217726139887,FALSE,0.0527758800960646,-0.311849085776444,0.547390010101096,0.934141862527685,6,-0.457860268857121,0.253946365136967,0.770668274983688,8,"RNA negative / Protein negative",TRUE,0.384854677316783,0.311849085776444
"FT1657NR","Dopamine 4-sulfate","C13691","Organic sulfuric acids and derivatives","Arylsulfates",0.974162630812145,FALSE,0.304286599534946,0.65113969263517,0.161326508421777,0.834619344496697,6,0.311395292420794,0.452779699268141,0.86488870185752,8,"RNA positive / Protein positive",TRUE,0.481267492527982,0.311395292420794
"FT1860NR","AKOS009363372",NA,"Carboxylic acids and derivatives","Amino acids, peptides, and analogues",0.619291729614816,FALSE,0.232755378390217,0.31120876695179,0.548257273631149,0.934141862527685,6,0.485528079977836,0.222588135127779,0.761765973144871,8,"RNA positive / Protein positive",TRUE,0.398368423464813,0.31120876695179
"FT5961PR","PE(18:1(11Z)/0:0)",NA,"Glycerophospholipids","Glycerophosphoethanolamines",0.363992945552682,FALSE,-0.0706726862597198,-0.310788907120525,0.54882614993025,0.934141862527685,6,-0.628235651689617,0.0953000895350228,0.649388909815683,8,"RNA negative / Protein negative",TRUE,0.469512279405071,0.310788907120525
"FT2802PR","Car(4:0;O)",NA,"Fatty Acyls","Fatty acid esters",2.14212813607318,FALSE,2.5691464507277,0.749046244668237,0.086564424858065,0.760267849808906,6,0.310493945224373,0.454158718366645,0.86488870185752,8,"RNA positive / Protein positive",TRUE,0.529770094946305,0.310493945224373
"FT2624PR","8-[(Aminomethyl)sulfanyl]-6-sulfanyloctanoic acid",NA,"Fatty Acyls","Fatty acids and conjugates",0.0816174576623837,FALSE,0.0486447810887642,0.683585490043964,0.134337796729242,0.777485875998432,6,0.308146689036597,0.457757923444515,0.86488870185752,8,"RNA positive / Protein positive",TRUE,0.49586608954028,0.308146689036597
"FT1873NR","(S)-alpha-Amino-4-carboxy-3-furanpropanoic acid",NA,"Carboxylic acids and derivatives","Amino acids, peptides, and analogues",0.17077387546646,FALSE,0.0476338113721156,-0.307694585905573,0.553023761017746,0.934141862527685,6,-0.478643775932641,0.230193529551077,0.76410571770673,8,"RNA negative / Protein negative",TRUE,0.393169180919107,0.307694585905573
"FT3449PR","Glutaminylhistidine",NA,"Carboxylic acids and derivatives","Amino acids, peptides, and analogues",1.22420724781592,TRUE,0.587256186328797,0.350371085129938,0.495949131517961,0.926723009388672,6,0.307590682156196,0.458612176810719,0.86488870185752,8,"RNA positive / Protein positive",TRUE,0.328980883643067,0.307590682156196
"FT4483PR","Corticosterone","C02140","Steroids and steroid derivatives","Hydroxysteroids",3.32196154243027,TRUE,3.01825871590246,0.53114431677045,0.278205224486166,0.876885269600792,6,0.307334152344381,0.459006528978007,0.86488870185752,8,"RNA positive / Protein positive",TRUE,0.419239234557416,0.307334152344381
"FT3959PR","1-O-(2R-hydroxy-4Z-hexadecenyl)-sn-glycerol",NA,"Fatty Acyls","Fatty alcohols",0.972787188050431,FALSE,-0.296252152683968,-0.461899112163758,0.356424601952472,0.876885269600792,6,-0.306581207123178,0.460164791964604,0.86488870185752,8,"RNA negative / Protein negative",TRUE,0.384240159643468,0.306581207123178
"FT4957NR","Macrophorin B",NA,"Organooxygen compounds","Carbonyl compounds",0.204327351198447,FALSE,-0.056790816797202,0.306070866519909,0.555229964011629,0.934141862527685,6,0.341332198271798,0.407974430988473,0.843827942445355,8,"RNA positive / Protein positive",TRUE,0.323701532395853,0.306070866519909
"FT5378PR","Armillarin",NA,"Prenol lipids","Sesquiterpenoids",0.991614484923616,FALSE,-0.405759400823853,-0.778010830283175,0.0684490638078031,0.760267849808906,6,-0.305952041167034,0.461133549963437,0.865168463861416,8,"RNA negative / Protein negative",TRUE,0.541981435725104,0.305952041167034
"FT5388PR","13-Hydroxyhexadecanoylcarnitine",NA,"Fatty Acyls","Fatty acid esters",1.1862608517704,FALSE,-0.441635968760718,-0.305947403646211,0.555397816432102,0.934141862527685,6,-0.554519066648455,0.1537526860202,0.731820831113888,8,"RNA negative / Protein negative",TRUE,0.430233235147333,0.305947403646211
"FT3872PR","Glutathione","C00051","Carboxylic acids and derivatives","Amino acids, peptides, and analogues",0.744742211576819,FALSE,0.485547876608999,0.305480410907105,0.556032837120278,0.934141862527685,6,0.464355442144558,0.246396164583212,0.767471827294385,8,"RNA positive / Protein positive",TRUE,0.384917926525832,0.305480410907105
"FT2343PR","Spermic acid 1",NA,"Carboxylic acids and derivatives","Amino acids, peptides, and analogues",0.9719296975009,FALSE,-0.32073444159742,-0.305384275720584,0.556163587378889,0.934141862527685,6,-0.492950582625685,0.214535953193377,0.747657796878918,8,"RNA negative / Protein negative",TRUE,0.399167429173135,0.305384275720584
"FT5718PR","(11Z,14Z)-eicosadienoylcarnitine",NA,"Fatty Acyls","Fatty acid esters",0.373012110373838,FALSE,0.138231657574013,-0.307056926500384,0.553889881140427,0.934141862527685,6,-0.304939472526619,0.462694380236047,0.865663770031763,8,"RNA negative / Protein negative",TRUE,0.305998199513501,0.304939472526619
"FT1739PR","3-(2-Hydroxyethyl)histidine",NA,"Carboxylic acids and derivatives","Amino acids, peptides, and analogues",0.727000120154011,FALSE,0.61736461529513,-0.304252618755392,0.557703351997523,0.934141862527685,6,-0.453379254558996,0.259222031435184,0.770668274983688,8,"RNA negative / Protein negative",TRUE,0.378815936657194,0.304252618755392
"FT3742NR","Oryzenin",NA,"Diazines","Pyrimidines and pyrimidine derivatives",0.241514790611943,FALSE,0.0395571123287297,-0.576543294077304,0.231007179893458,0.866884510440095,6,-0.3041527904667,0.463908484588873,0.865663770031763,8,"RNA negative / Protein negative",TRUE,0.440348042272002,0.3041527904667
"FT2154PR","3-Oxalomalic acid","C01990","Carboxylic acids and derivatives","Tricarboxylic acids and derivatives",0.792207622368958,FALSE,0.379073550032313,-0.774043011800966,0.0708165474529715,0.760267849808906,6,-0.304121117268631,0.463957393403676,0.865663770031763,8,"RNA negative / Protein negative",TRUE,0.539082064534798,0.304121117268631
"FT1631NR","9-(Methylthio)nonanenitrile",NA,"Organonitrogen compounds","Organic cyanides",0.0037444690013956,FALSE,-0.0423081153159178,-0.874808846539201,0.0225281878433547,0.67419337390447,6,-0.30376819190228,0.464502510748751,0.865663770031763,8,"RNA negative / Protein negative",TRUE,0.58928851922074,0.30376819190228
"FT2692NR","Fluoroazomycin arabinoside",NA,"Organooxygen compounds","Carbohydrates and carbohydrate conjugates",0.492803034343404,FALSE,0.446893644336946,-0.302089855059231,0.56064931778024,0.934141862527685,6,-0.308758518474365,0.456818651155166,0.86488870185752,8,"RNA negative / Protein negative",TRUE,0.305424186766798,0.302089855059231
"FT4835NR","5alpha,6beta-dihydroxy-24-methylenecholestan-3-one",NA,"Steroids and steroid derivatives","Ergostane steroids",0.875631594369438,FALSE,0.483045654712131,-0.301337950987919,0.561674503649813,0.934141862527685,6,-0.447816239262032,0.265847018231339,0.770668274983688,8,"RNA negative / Protein negative",TRUE,0.374577095124975,0.301337950987919
"FT6820NR","LysoPC(20:5/0:0)","C04230","Glycerophospholipids","Glycerophosphocholines",0.83134274765982,FALSE,0.405008246627863,0.300870184440076,0.562312539318189,0.934141862527685,6,0.448834143002502,0.264628571881578,0.770668274983688,8,"RNA positive / Protein positive",TRUE,0.374852163721289,0.300870184440076
"FT5991PR","(11Z)-Docos-11-enoylcarnitine",NA,"Fatty Acyls","Fatty acid esters",0.108229317735793,FALSE,-0.00612694487418604,-0.300711025003851,0.562529678549925,0.934141862527685,6,-0.707503418490039,0.0496395475858806,0.584128132428263,8,"RNA negative / Protein negative",TRUE,0.504107221746945,0.300711025003851
"FT1275PR","3-Hydroxy-2-oxoindole","C11130","Indoles and derivatives","Indolines",0.535322372486071,FALSE,-0.128372339168283,-0.300188716097492,0.563242418556478,0.934141862527685,6,-0.559844949306104,0.149004564339801,0.721223481561396,8,"RNA negative / Protein negative",TRUE,0.430016832701798,0.300188716097492
"FT3862PR","FA(20:3)",NA,"Fatty Acyls","Fatty acids and conjugates",0.0426470671439154,FALSE,0.0052117968893305,-0.299869198904616,0.563678551193098,0.934141862527685,6,-0.678198839744496,0.0644979915772253,0.632530718869754,8,"RNA negative / Protein negative",TRUE,0.489034019324556,0.299869198904616
"FT3425NR","ent-16b,19-Kauranediol 19-acetate",NA,"Prenol lipids","Diterpenoids",0.902171502701858,FALSE,0.340034242048547,0.299843957337039,0.563713009190233,0.934141862527685,6,0.351808116709416,0.392767459963999,0.833360485829246,8,"RNA positive / Protein positive",TRUE,0.325826037023227,0.299843957337039
"FT5179PR","S-Adenosylmethionine","C00019","5'-deoxyribonucleosides","5'-deoxy-5'-thionucleosides",1.18003574583283,TRUE,0.500220571427432,0.299784755066867,0.563793830177412,0.934141862527685,6,0.526031570973254,0.180534090068352,0.738625629999979,8,"RNA positive / Protein positive",TRUE,0.412908163020061,0.299784755066867
"FT1630NR","3-Hepteneoylglycine",NA,"Carboxylic acids and derivatives","Amino acids, peptides, and analogues",0.129774946702723,FALSE,0.56943283534198,-0.299776603813681,0.563804958246386,0.934141862527685,6,-0.512343537157398,0.194227501842748,0.738625629999979,8,"RNA negative / Protein negative",TRUE,0.40606007048554,0.299776603813681
"FT0969PR","5,6-Dihydroxyindole","C05578","Indoles and derivatives","Hydroxyindoles",0.194513345915323,FALSE,0.0479905329961975,-0.836212800728457,0.0380424720653303,0.717627196300257,6,-0.299581400632904,0.470988883324883,0.870407434033231,8,"RNA negative / Protein negative",TRUE,0.567897100680681,0.299581400632904
"FT4011NR","20alpha-Dihydroprogesterone","C04042","Steroids and steroid derivatives","Pregnane steroids",0.983227168140452,FALSE,0.390927381397914,0.348755734192583,0.498076076709462,0.927474996924849,6,0.299226063978068,0.471541043566513,0.870407434033231,8,"RNA positive / Protein positive",TRUE,0.323990899085326,0.299226063978068
"FT2750PR","4-Acetyl-6-tert-butyl-1,1-dimethylindane",NA,"Indanes","Unclassified",0.391531499119848,FALSE,0.150046837352465,0.47502797993954,0.341053437609289,0.876885269600792,6,0.298306884486038,0.472970559583948,0.870407434033231,8,"RNA positive / Protein positive",TRUE,0.386667432212789,0.298306884486038
"FT3042PR","Omega-Pentadecalactone",NA,"Macrolides and analogues","Unclassified",0.0806447257685471,FALSE,0.0372331564568143,0.356245502585944,0.488237457337073,0.922742259722647,6,0.29795200660174,0.473522929792477,0.870407434033231,8,"RNA positive / Protein positive",TRUE,0.327098754593842,0.29795200660174
"FT1361PR","(1R)-1-Amino-3-sulfanylpropane-1-sulfinic acid",NA,"Sulfinic acids and derivatives","Sulfinic acids",0.906563222360195,FALSE,-0.286672424086218,-0.29766301258849,0.566692439114544,0.934141862527685,6,-0.403739284455229,0.321230578135951,0.801120750861266,8,"RNA negative / Protein negative",TRUE,0.35070114852186,0.29766301258849
"FT2271NR","FA(17:1)",NA,"Fatty Acyls","Fatty acids and conjugates",0.270000164951781,FALSE,0.138742480661416,-0.297489024051266,0.566930311504266,0.934141862527685,6,-0.745702413291068,0.0336696325490559,0.552990747215335,8,"RNA negative / Protein negative",TRUE,0.521595718671167,0.297489024051266
"FT4558PR","Isograyanotoxin II",NA,"Organooxygen compounds","Alcohols and polyols",1.17748993589543,TRUE,0.588054417269046,0.850942867015019,0.0316711654968171,0.717627196300257,6,0.297327399926452,0.474495757711028,0.870407434033231,8,"RNA positive / Protein positive",TRUE,0.574135133470736,0.297327399926452
"FT3154NR","Allantoin","C01551","Azoles","Imidazoles",0.0717576332755456,FALSE,0.00340278929712831,-0.747886390583811,0.0873295772211226,0.760267849808906,6,-0.297021446244944,0.474972571513786,0.870407434033231,8,"RNA negative / Protein negative",TRUE,0.522453918414378,0.297021446244944
"FT6029NR","LPC(17:1/0:0)",NA,"Glycerophospholipids","Glycerophosphocholines",0.0427711652937927,FALSE,0.0402108938651001,-0.296679974788954,0.568036776270809,0.934141862527685,6,-0.404866883526674,0.319751032663835,0.801120750861266,8,"RNA negative / Protein negative",TRUE,0.350773429157814,0.296679974788954
"FT4613NR","D-Erythrose 4-phosphate","C00279","Organooxygen compounds","Carbohydrates and carbohydrate conjugates",0.880699135387336,FALSE,0.335677154119912,0.822828431434785,0.0443039601366958,0.717627196300257,6,0.2966165841894,0.475603821400967,0.870407434033231,8,"RNA positive / Protein positive",TRUE,0.559722507812092,0.2966165841894
"FT5042PR","S-Adenosylhomocysteine","C00021","5'-deoxyribonucleosides","5'-deoxy-5'-thionucleosides",0.583421480094472,FALSE,-0.169097883000289,-0.296611426890385,0.568130549932575,0.934141862527685,6,-0.553830698108756,0.154372342674096,0.731820831113888,8,"RNA negative / Protein negative",TRUE,0.425221062499571,0.296611426890385
"FT1998NR","N-[1-(Hydroxymethyl)-2-(4-nitrophenyl)-2-oxoethyl]acetamide",NA,"Organooxygen compounds","Carbonyl compounds",0.734661851824389,FALSE,1.22967999815825,-0.296256211846474,0.568616551770573,0.934141862527685,6,-0.464972344874527,0.245685037905287,0.767471827294385,8,"RNA negative / Protein negative",TRUE,0.380614278360501,0.296256211846474
"FT4631NR","5-Hexenyl glucosinolate",NA,"Organooxygen compounds","Carbohydrates and carbohydrate conjugates",1.52463982633232,TRUE,0.870926023148831,0.480225646218006,0.335035550671354,0.876885269600792,6,0.296206043611974,0.476244264675874,0.870407434033231,8,"RNA positive / Protein positive",TRUE,0.38821584491499,0.296206043611974
"FT3639NR","N-Myristoyl Isoleucine",NA,"Carboxylic acids and derivatives","Amino acids, peptides, and analogues",1.04577695784753,FALSE,0.421339384303149,0.68608395302675,0.132347767650541,0.777485875998432,6,0.296027018378837,0.476523651003369,0.870407434033231,8,"RNA positive / Protein positive",TRUE,0.491055485702793,0.296027018378837
"FT3827NR","Prostaglandin E2","C00584","Fatty Acyls","Eicosanoids",0.12580858042902,FALSE,0.0563171234053617,0.295992008673301,0.568978104766283,0.934141862527685,6,0.455195454867102,0.257077199026679,0.770668274983688,8,"RNA positive / Protein positive",TRUE,0.375593731770201,0.295992008673301
"FT2185NR","tri-glyceride",NA,"Carboxylic acids and derivatives","Tricarboxylic acids and derivatives",0.701094593644518,FALSE,0.216230636331545,0.799011155792112,0.056535148764248,0.72308367718528,6,0.295467327595242,0.477397521637536,0.870407434033231,8,"RNA positive / Protein positive",TRUE,0.547239241693677,0.295467327595242
"FT2662NR","FA(19:4)",NA,"Fatty Acyls","Fatty acids and conjugates",0.61064565312346,FALSE,0.289659023018748,0.295356699252918,0.569847757573245,0.934141862527685,6,0.392254015023417,0.336483233696516,0.804638828109801,8,"RNA positive / Protein positive",TRUE,0.343805357138167,0.295356699252918
"FT2671PR","Pirbuterol","C07807","Pyridines and derivatives","Hydroxypyridines",0.677406914052338,FALSE,0.165152804380281,0.295136493621817,0.570149272848705,0.934141862527685,6,0.500539902821341,0.206462231207141,0.740822613402618,8,"RNA positive / Protein positive",TRUE,0.397838198221579,0.295136493621817
"FT3391PR","1-Methyladenosine","C02494","Purine nucleosides","Unclassified",0.371011967941931,FALSE,0.146194731723382,-0.294776942952815,0.570641677772274,0.934141862527685,6,-0.392922897459795,0.335585881966606,0.804638828109801,8,"RNA negative / Protein negative",TRUE,0.343849920206305,0.294776942952815
"FT5509NR","4-Hydroxynonenal glutathione",NA,"Carboxylic acids and derivatives","Amino acids, peptides, and analogues",0.384316334312416,FALSE,0.171906250500482,0.335522672220516,0.515601801851632,0.931571565774147,6,0.294543355755333,0.478841546680486,0.870407434033231,8,"RNA positive / Protein positive",TRUE,0.315033013987924,0.294543355755333
"FT3697PR","Diphthamide",NA,"Carboxylic acids and derivatives","Amino acids, peptides, and analogues",0.68348592785715,FALSE,-0.238978116757988,-0.617220914124345,0.19173737985172,0.842783223920486,6,-0.294305562536609,0.479213459535571,0.870407434033231,8,"RNA negative / Protein negative",TRUE,0.455763238330477,0.294305562536609
"FT6064PR","LysoPC(0:0/16:1)",NA,"Glycerophospholipids","Glycerophosphocholines",0.0411674243000706,FALSE,0.0253143773039305,-0.333749784660264,0.517963336834579,0.932714961063584,6,-0.294096462539092,0.479540589878875,0.870407434033231,8,"RNA negative / Protein negative",TRUE,0.313923123599678,0.294096462539092
"FT3632PR","Nimustine",NA,"Diazines","Pyrimidines and pyrimidine derivatives",0.124580954247647,FALSE,-0.0139879530665527,-0.649655764127365,0.162610809840152,0.837746801806115,6,-0.293692492496198,0.480172837722527,0.870407434033231,8,"RNA negative / Protein negative",TRUE,0.471674128311782,0.293692492496198
"FT2184NR","N-(2-Hydroxy-3,3,3-trifluoropropyl)-2-(2-nitro-1-imidazolyl)acetamide",NA,"Allyl-type 1,3-dipolar organic compounds","Organic nitro compounds",1.7427074287532,TRUE,0.865110840649164,0.509063121739078,0.302365965398486,0.876885269600792,6,0.293494058705084,0.480483523982685,0.870407434033231,8,"RNA positive / Protein positive",TRUE,0.401278590222081,0.293494058705084
"FT5143NR","10-Hydroxydodec-10-enedioylcarnitine",NA,"Fatty Acyls","Fatty acid esters",1.52171552663752,TRUE,0.812032383597581,0.833236309169592,0.0393963330268868,0.717627196300257,6,0.293280348720403,0.480818216650278,0.870407434033231,8,"RNA positive / Protein positive",TRUE,0.563258328944998,0.293280348720403
"FT1906NR","Monoglyceride citrate",NA,"Carboxylic acids and derivatives","Tricarboxylic acids and derivatives",0.401160444198257,FALSE,0.164097516464731,0.435325757664502,0.388260332503661,0.889165257025645,6,0.292746595952886,0.48165453142529,0.870407434033231,8,"RNA positive / Protein positive",TRUE,0.364036176808694,0.292746595952886
"FT4064NR","Phosphoribosyl formamidocarboxamide","C04734","Imidazole ribonucleosides and ribonucleotides","1-ribosyl-imidazolecarboxamides",0.392344418074022,FALSE,0.0958519808205276,-0.807478321744565,0.0520290257269524,0.717627196300257,6,-0.292531497101206,0.481991722497863,0.870407434033231,8,"RNA negative / Protein negative",TRUE,0.550004909422885,0.292531497101206
"FT3914NR","1,7-Dimethylguanosine",NA,"Purine nucleosides","Unclassified",1.12112086531963,FALSE,0.429785521738298,0.788898527852968,0.0621420020923841,0.760267849808906,6,0.292106783111181,0.482657780852,0.870407434033231,8,"RNA positive / Protein positive",TRUE,0.540502655482074,0.292106783111181
"FT7881PR","PC(22:5(4Z,7Z,10Z,13Z,16Z)/20:5(5Z,8Z,11Z,14Z,17Z))","C00157","Glycerophospholipids","Glycerophosphocholines",0.766368630435105,FALSE,0.238335616266946,0.291600992982001,0.574996092826154,0.934141862527685,6,0.652584699247794,0.079413474783567,0.645250270564314,8,"RNA positive / Protein positive",TRUE,0.472092846114897,0.291600992982001
"FT5939NR","LysoPE(0:0/20:5)",NA,"Glycerophospholipids","Glycerophosphoethanolamines",0.964169099404045,FALSE,0.354270078282017,0.291062234054398,0.575735641172062,0.934141862527685,6,0.6413513632446,0.0865340542583286,0.646160695925008,8,"RNA positive / Protein positive",TRUE,0.466206798649499,0.291062234054398
"FT1865NR","Ethyl 3-hydroxydodecanoate",NA,"Fatty Acyls","Fatty alcohols",0.276969831621344,FALSE,-0.0764496629974667,-0.509249719149047,0.302158629626092,0.876885269600792,6,-0.289605710075491,0.486587410011035,0.874160699899228,8,"RNA negative / Protein negative",TRUE,0.399427714612269,0.289605710075491
"FT4169NR","5-Ethoxysorgoleone",NA,"Organooxygen compounds","Carbonyl compounds",1.02255102183783,FALSE,0.32538418575311,0.53724062234564,0.271670271664026,0.872427299627174,6,0.289584807946845,0.486620303530704,0.874160699899228,8,"RNA positive / Protein positive",TRUE,0.413412715146243,0.289584807946845
"FT3004NR","Neohesperidose","C08244","Organooxygen compounds","Carbohydrates and carbohydrate conjugates",0.637475620944864,FALSE,-0.153605009815337,-0.289038875158789,0.578515342755191,0.934141862527685,6,-0.667042340383871,0.0707704465422602,0.632530718869754,8,"RNA negative / Protein negative",TRUE,0.47804060777133,0.289038875158789
"FT1390NR","2-Oxo-3-hydroxy-4-phosphobutanoic acid","C06054","Keto acids and derivatives","Short-chain keto acids and derivatives",1.00572917585655,FALSE,0.474060901165982,0.713901585820942,0.11106954690888,0.763351397664114,6,0.288891640356143,0.487711628178796,0.874993577453336,8,"RNA positive / Protein positive",TRUE,0.501396613088542,0.288891640356143
"FT1398NR","BBT(OH)2",NA,"Heteroaromatic compounds","Unclassified",0.532545617819403,FALSE,-0.200806115134037,-0.633250815266083,0.177092653717421,0.842783223920486,6,-0.288486908425914,0.488349280393261,0.875011435563246,8,"RNA negative / Protein negative",TRUE,0.460868861845998,0.288486908425914
"FT6209NR","LysoPS(20:5/0:0)",NA,"Glycerophospholipids","Glycerophosphoserines",0.926037907596197,FALSE,0.287361087811216,0.716409836914772,0.109231431088133,0.760267849808906,6,0.287844555625304,0.489361969488595,0.875700366453275,8,"RNA positive / Protein positive",TRUE,0.502127196270038,0.287844555625304
"FT3079PR","N-Phenylacetylglutamic acid",NA,"Carboxylic acids and derivatives","Amino acids, peptides, and analogues",1.50290270182857,FALSE,2.2749382137495,-0.286957640197625,0.581378258274151,0.934141862527685,6,-0.311200068426151,0.453078237627669,0.86488870185752,8,"RNA negative / Protein negative",TRUE,0.299078854311888,0.286957640197625
"FT0258PR","N,N,N-Trimethylethenaminium",NA,"Organonitrogen compounds","Quaternary ammonium salts",1.10905041762254,FALSE,0.362957619562101,0.286402468372306,0.582142575418368,0.934141862527685,6,0.429817523083745,0.287848293665187,0.784067374808866,8,"RNA positive / Protein positive",TRUE,0.358109995728025,0.286402468372306
"FT2916NR","Temarotene",NA,"Stilbenes","Unclassified",1.13810830951124,FALSE,0.37179542714978,0.415949251910179,0.412058598349549,0.899856267857053,6,0.285360911589364,0.493285183914769,0.880460366680138,8,"RNA positive / Protein positive",TRUE,0.350655081749771,0.285360911589364
"FT4822NR","1-[2-[4-Methoxy-3-[3-(4-methoxyphenyl)propoxy]phenyl]ethyl]imidazole",NA,"Phenol ethers","Anisoles",0.123031959051236,FALSE,-0.0596845746761502,0.285163983138891,0.583848578585229,0.934141862527685,6,0.364429417876475,0.374783682314983,0.821167837023025,8,"RNA positive / Protein positive",TRUE,0.324796700507683,0.285163983138891
"FT3064PR","Thiamine","C00378","Diazines","Pyrimidines and pyrimidine derivatives",0.69412141877619,FALSE,0.246806462328828,0.283840984420423,0.585672447798292,0.934141862527685,6,0.788021511498142,0.0201876813708286,0.514258380867485,8,"RNA positive / Protein positive",TRUE,0.535931247959283,0.283840984420423
"FT2572NR","Ala-Pro-Val",NA,"Carboxylic acids and derivatives","Amino acids, peptides, and analogues",1.56361164170784,TRUE,0.669041901852364,0.283150120213334,0.586625457214905,0.934141862527685,6,0.5818076711495,0.130288771766082,0.70272845909954,8,"RNA positive / Protein positive",TRUE,0.432478895681417,0.283150120213334
"FT4841NR","Mycolipanolic acid (C26)",NA,"Fatty Acyls","Fatty acids and conjugates",0.928701516477325,FALSE,-0.586192718316902,-0.282892841188369,0.586980463228272,0.934141862527685,6,-0.398175454777861,0.328578063868822,0.802167812667491,8,"RNA negative / Protein negative",TRUE,0.340534147983115,0.282892841188369
"FT2058NR","Isopalmitic acid",NA,"Fatty Acyls","Fatty acids and conjugates",0.0319936651349464,FALSE,0.0192904551272508,-0.282298787838493,0.587800381224675,0.934141862527685,6,-0.470326419225751,0.239556954633167,0.765922923758338,8,"RNA negative / Protein negative",TRUE,0.376312603532122,0.282298787838493
"FT3116PR","Vidarabine","C07195","Purine nucleosides","Unclassified",0.357057997027726,FALSE,0.114169044215315,0.765525635640248,0.0760218488346068,0.760267849808906,6,0.281654329727689,0.49916270275896,0.886808924867588,8,"RNA positive / Protein positive",TRUE,0.523589982683969,0.281654329727689
"FT3481NR","Daidzein 4'-sulfate",NA,"Isoflavonoids","Isoflav-2-enes",1.02243360679882,FALSE,-1.04609730968116,-0.464251307735007,0.353652912686882,0.876885269600792,6,-0.281077437383252,0.500079889993702,0.886808924867588,8,"RNA negative / Protein negative",TRUE,0.37266437255913,0.281077437383252
"FT2057PR","3,4-Dihydrocadalene",NA,"Prenol lipids","Sesquiterpenoids",0.650226628840865,FALSE,0.335520213525981,0.387808768493616,0.447449221405676,0.913166175765406,6,0.280162673953907,0.501535574505741,0.886808924867588,8,"RNA positive / Protein positive",TRUE,0.333985721223762,0.280162673953907
"FT4114NR","Asp-Ser-Cys",NA,"Carboxylic acids and derivatives","Amino acids, peptides, and analogues",0.722029712033679,FALSE,0.268804790149281,0.611658798311204,0.196930680817608,0.842783223920486,6,0.280086645011999,0.501656634134937,0.886808924867588,8,"RNA positive / Protein positive",TRUE,0.445872721661602,0.280086645011999
"FT3369NR","avocadene acetate",NA,"Fatty Acyls","Fatty alcohols",1.4583870867184,TRUE,-0.639680055466536,-0.279909811673328,0.591100679758677,0.93484979445667,6,-0.42620111504633,0.292372246290314,0.785453819016463,8,"RNA negative / Protein negative",TRUE,0.353055463359829,0.279909811673328
"FT0698NR","Penicillamine",NA,"Carboxylic acids and derivatives","Amino acids, peptides, and analogues",1.11508319904577,FALSE,0.354597068081032,0.279314000566365,0.591924523105637,0.93484979445667,6,0.685115617073108,0.0607811438427101,0.613977641425636,8,"RNA positive / Protein positive",TRUE,0.482214808819737,0.279314000566365
"FT4582NR","N-Acetyl-4-O-acetylneuraminic acid","C04015","Organooxygen compounds","Carbohydrates and carbohydrate conjugates",0.849032851752995,FALSE,0.388324441226784,-0.306094625166493,0.555197664843669,0.934141862527685,6,-0.278998868938785,0.503389906153509,0.887137205029066,8,"RNA negative / Protein negative",TRUE,0.292546747052639,0.278998868938785
"FT1056NR","Mannitol","C00392","Organooxygen compounds","Carbohydrates and carbohydrate conjugates",0.0942924824816382,FALSE,-0.00287274579103592,-0.278567888700971,0.592956610587153,0.935150391526904,6,-0.51380918703614,0.192735824622552,0.738625629999979,8,"RNA negative / Protein negative",TRUE,0.396188537868556,0.278567888700971
"FT2966PR","Ethoxzolamide",NA,"Benzothiazoles","Unclassified",1.03229804420832,FALSE,0.381832709883982,0.496447888257254,0.316505566424583,0.876885269600792,6,0.278076866191589,0.504860821586741,0.888606042035249,8,"RNA positive / Protein positive",TRUE,0.387262377224421,0.278076866191589
"FT2124PR","oxolan-2-ylmethyl hydrogen sulate",NA,"Organic sulfuric acids and derivatives","Sulfuric acid esters",0.571657696245672,FALSE,-0.557970464825037,0.276318819740489,0.596070530105752,0.93759622389105,6,0.719633066886359,0.0441603375429686,0.575322528363535,8,"RNA positive / Protein positive",TRUE,0.497975943313424,0.276318819740489
"FT0790NR","2,8-Quinolinediol","C06342","Quinolines and derivatives","Quinolones and derivatives",0.116860778526067,FALSE,0.0521101300504006,-0.635092005301537,0.175441585867541,0.842783223920486,6,-0.275738671707529,0.508598380060326,0.8940556643179,8,"RNA negative / Protein negative",TRUE,0.455415338504533,0.275738671707529
"FT0537NR","2-Aminopurine",NA,"Imidazopyrimidines","Purines and purine derivatives",0.549525160200251,FALSE,0.176877081504748,0.797822909021052,0.0571813116393823,0.72308367718528,6,0.274637608646634,0.510362030444542,0.894898956527914,8,"RNA positive / Protein positive",TRUE,0.536230258833843,0.274637608646634
"FT1713PR","4-Guanidinobenzoic acid",NA,"Benzene and substituted derivatives","Benzoic acids and derivatives",0.479426675646426,FALSE,0.469557537368799,-0.273935411256382,0.599375023233089,0.939617085707373,6,-0.473818111282511,0.235602888396494,0.765922923758338,8,"RNA negative / Protein negative",TRUE,0.373876761269446,0.273935411256382
"FT4445NR","Eicosanedioic acid",NA,"Fatty Acyls","Fatty acids and conjugates",1.46456151777857,TRUE,-0.7167833049931,-0.624791910912387,0.184760559521893,0.842783223920486,6,-0.272771343349143,0.513356628303046,0.89789101612854,8,"RNA negative / Protein negative",TRUE,0.448781627130765,0.272771343349143
"FT5496PR","Stearoylcarnitine",NA,"Organonitrogen compounds","Quaternary ammonium salts",0.53027476276777,FALSE,-0.206586218546854,-0.270944336452615,0.603528620100628,0.939617085707373,6,-0.480392524657699,0.228249153153996,0.76410571770673,8,"RNA negative / Protein negative",TRUE,0.375668430555157,0.270944336452615
"FT2725NR","Glucosamine 6-sulfate","C04132","Organooxygen compounds","Carbohydrates and carbohydrate conjugates",0.137619332420304,FALSE,-0.140434950986353,-0.270676877060804,0.603900386626287,0.939617085707373,6,-0.319336699620526,0.440704204326734,0.858300397839791,8,"RNA negative / Protein negative",TRUE,0.295006788340665,0.270676877060804
"FT0538NR","5-(2-Furanyl)-3,4-dihydro-2H-pyrrole",NA,"Heteroaromatic compounds","Unclassified",0.727178812413801,FALSE,0.370645888955463,0.305354629602162,0.556203909783354,0.934141862527685,6,0.270239687323263,0.51742944235068,0.900969197901731,8,"RNA positive / Protein positive",TRUE,0.287797158462712,0.270239687323263
"FT1779PR","2-Hydroxyadipic acid","C02360","Fatty Acyls","Fatty acids and conjugates",0.693580384983774,FALSE,0.226119444447699,-0.270195025519614,0.604570303169014,0.939617085707373,6,-0.349296618593478,0.396390264368181,0.83722428565037,8,"RNA negative / Protein negative",TRUE,0.309745822056546,0.270195025519614
"FT4119NR","N-palmitoyl methionine",NA,"Carboxylic acids and derivatives","Amino acids, peptides, and analogues",0.26413298556699,FALSE,0.120800222803115,-0.428789004941791,0.396235068118277,0.892677652394479,6,-0.269408755799942,0.518768836878573,0.900969197901731,8,"RNA negative / Protein negative",TRUE,0.349098880370866,0.269408755799942
"FT1857NR","Uridine","C00299","Pyrimidine nucleosides","Unclassified",0.664514342312921,FALSE,0.201748682138429,0.462714288519367,0.355463175875464,0.876885269600792,6,0.269268868110077,0.518994451875961,0.900969197901731,8,"RNA positive / Protein positive",TRUE,0.365991578314722,0.269268868110077
"FT6182PR","LysoPC(P-18:0/0:0)","C04230","Glycerophospholipids","Glycerophosphocholines",0.416457434430152,FALSE,-0.115332874565185,-0.267568296725248,0.608225535807714,0.941660674157451,6,-0.578970909154876,0.132627853892242,0.70272845909954,8,"RNA negative / Protein negative",TRUE,0.423269602940062,0.267568296725248
"FT5232NR","Ursolic aldehyde",NA,"Prenol lipids","Triterpenoids",0.610613025252264,FALSE,0.278218595290114,-0.266846629560003,0.609230746141005,0.941660674157451,6,-0.528135363814969,0.178476785042601,0.738625629999979,8,"RNA negative / Protein negative",TRUE,0.397490996687486,0.266846629560003
"FT1257NR","Harmalol","C06537","Harmala alkaloids","Unclassified",0.57185446305937,FALSE,0.411488851865263,-0.263615122634549,0.613737010060089,0.942282760478569,6,-0.348565877738311,0.397447076921783,0.837811030862203,8,"RNA negative / Protein negative",TRUE,0.30609050018643,0.263615122634549
"FT5554PR","23S,25,26-Trihydroxyvitamin D3",NA,"Steroids and steroid derivatives","Vitamin D and derivatives",0.954035636258727,FALSE,0.340734918777614,0.575238590169697,0.232315177162574,0.866884510440095,6,0.263529313868799,0.528282793149645,0.910838453531455,8,"RNA positive / Protein positive",TRUE,0.419383952019248,0.263529313868799
"FT3744NR","FAHFA(18:5/2-O-3:0)",NA,"Fatty Acyls","Fatty acid esters",0.451399645266835,FALSE,-0.178041166999885,-0.475543382482141,0.34045497524178,0.876885269600792,6,-0.261994910853703,0.530776233237196,0.91110093783846,8,"RNA negative / Protein negative",TRUE,0.368769146667922,0.261994910853703
"FT0471NR","N-Acetyl-beta-alanine","C01073","Carboxylic acids and derivatives","Carboxylic acids",0.716781488847094,FALSE,0.180213096473612,0.265040991285457,0.611747644159294,0.941660674157451,6,0.259594808902764,0.53468508675098,0.91110093783846,8,"RNA positive / Protein positive",TRUE,0.26231790009411,0.259594808902764
"FT1769NR","Betamipron",NA,"Benzene and substituted derivatives","Unclassified",0.776240512020249,FALSE,-0.26716869964695,-0.354126274049677,0.491015265631572,0.922975992558806,6,-0.259201360864676,0.535326864069669,0.91110093783846,8,"RNA negative / Protein negative",TRUE,0.306663817457177,0.259201360864676
"FT2877PR","Tyrosyl-Alanine",NA,"Carboxylic acids and derivatives","Amino acids, peptides, and analogues",1.04357257515367,FALSE,0.539984546757314,0.301307697257019,0.561715763894749,0.934141862527685,6,0.25899513545374,0.535663363187175,0.91110093783846,8,"RNA positive / Protein positive",TRUE,0.28015141635538,0.25899513545374
"FT4815PR","N-oleoyl L-serine",NA,"Carboxylic acids and derivatives","Amino acids, peptides, and analogues",0.667081638304662,FALSE,-0.25661810132397,-0.258411539607121,0.621010602751977,0.946367416587904,6,-0.481615754579922,0.22689412086338,0.763986484259788,8,"RNA negative / Protein negative",TRUE,0.370013647093521,0.258411539607121
"FT1993NR","2-(3-Mercaptopropyl)pentanedioic acid",NA,"Fatty Acyls","Fatty acids and conjugates",0.590317487315573,FALSE,-0.373861602401838,-0.413866858707609,0.414644465118201,0.899856267857053,6,-0.258377107778264,0.536672263644511,0.91110093783846,8,"RNA negative / Protein negative",TRUE,0.336121983242937,0.258377107778264
"FT5758NR","Varanic acid",NA,"Steroids and steroid derivatives","Bile acids, alcohols and derivatives",0.610577120854698,FALSE,0.17508615069163,0.553870634355592,0.254150237793526,0.872427299627174,6,0.256679634523158,0.539446856930667,0.91110093783846,8,"RNA positive / Protein positive",TRUE,0.405275134439375,0.256679634523158
"FT1009NR","N-Formyl-DL-methionine","C03145","Carboxylic acids and derivatives","Amino acids, peptides, and analogues",1.04275214223697,FALSE,0.435069103726647,0.285772450411609,0.583010255620609,0.934141862527685,6,0.256454989349382,0.539814438038781,0.91110093783846,8,"RNA positive / Protein positive",TRUE,0.271113719880495,0.256454989349382
"FT1579NR","Deoxyuridine","C00526","Pyrimidine nucleosides","Pyrimidine 2'-deoxyribonucleosides",0.530929831536889,FALSE,0.135877002911747,0.255753737639046,0.62473381624657,0.946628255336578,6,0.547289450477226,0.160328714197838,0.731820831113888,8,"RNA positive / Protein positive",TRUE,0.401521594058136,0.255753737639046
"FT2657NR","D-Sedoheptulose 7-phosphate","C20956","Organooxygen compounds","Carbohydrates and carbohydrate conjugates",1.62129898670833,TRUE,0.716684023370249,0.578428336129826,0.229122581286035,0.866884510440095,6,0.255077991065874,0.542069563797368,0.911573238881185,8,"RNA positive / Protein positive",TRUE,0.41675316359785,0.255077991065874
"FT7075NR","PC(22:5(7Z,10Z,13Z,16Z,19Z)/0:0)","C04230","Glycerophospholipids","Glycerophosphocholines",0.530333038915245,FALSE,-0.153230547122438,-0.254736651014707,0.626160051094558,0.94775694349568,6,-0.498023754922022,0.209121060726523,0.740970788276183,8,"RNA negative / Protein negative",TRUE,0.376380202968365,0.254736651014707
"FT3282PR","Glutamylglutamic acid","C01425","Carboxylic acids and derivatives","Amino acids, peptides, and analogues",0.516258515806298,FALSE,-0.13958371109017,-0.448556006681285,0.372291282955841,0.877630397244442,6,-0.254294474310438,0.543354252993043,0.911573238881185,8,"RNA negative / Protein negative",TRUE,0.351425240495862,0.254294474310438
"FT1317NR","trans-4-Hydroxycyclohexylacetic acid",NA,"Organooxygen compounds","Alcohols and polyols",0.738388659827874,FALSE,0.228350149156648,0.451567569344974,0.368688955756763,0.877630397244442,6,0.251557683343925,0.547850192406901,0.912481150339734,8,"RNA positive / Protein positive",TRUE,0.351562626344449,0.251557683343925
"FT2517PR","geniposidie acid_qt",NA,"Prenol lipids","Monoterpenoids",1.15269651264491,FALSE,1.41630246033814,-0.251297602986626,0.630988378307559,0.951478587993934,6,-0.415254707619694,0.306273497998348,0.801120750861266,8,"RNA negative / Protein negative",TRUE,0.33327615530316,0.251297602986626
"FT0943NR","maleimide-thiol",NA,"Pyrrolidines","Pyrrolidones",0.416857331816117,FALSE,-0.141903745356556,-0.24867833580452,0.634671744169147,0.951478587993934,6,-0.610950514420119,0.107602533200967,0.675854684599613,8,"RNA negative / Protein negative",TRUE,0.429814425112319,0.24867833580452
"FT5163PR","ergosta-4,7,22E-trien-3beta-ol",NA,"Steroids and steroid derivatives","Ergostane steroids",0.175699286710903,FALSE,0.0928666215558474,-0.247929254806131,0.635726088983838,0.951478587993934,6,-0.444196995015946,0.270201818934313,0.771846999168918,8,"RNA negative / Protein negative",TRUE,0.346063124911038,0.247929254806131
"FT4713PR","2-Ethylhexyl diphenyl phosphate",NA,"Organic phosphoric acids and derivatives","Phosphate esters",0.767455833860035,FALSE,0.302355925433917,0.38778799612821,0.447475694094972,0.913166175765406,6,0.247148540420003,0.555121222301806,0.912481150339734,8,"RNA positive / Protein positive",TRUE,0.317468268274106,0.247148540420003
"FT3876NR","5-methylthiopentyldesulfoglucosinolate",NA,"Organooxygen compounds","Carbohydrates and carbohydrate conjugates",0.481362598318494,FALSE,0.147789610030765,-0.319658565493302,0.536843763357127,0.934141862527685,6,-0.246755296426983,0.555771364248594,0.912481150339734,8,"RNA negative / Protein negative",TRUE,0.283206930960142,0.246755296426983
"FT1386NR","Indoxyl sulfate",NA,"Organic sulfuric acids and derivatives","Arylsulfates",0.527275554931071,FALSE,-0.243771468575101,-0.590531135430805,0.217170378956693,0.855762031526234,6,-0.246268320719717,0.556576843296926,0.912481150339734,8,"RNA negative / Protein negative",TRUE,0.418399728075261,0.246268320719717
"FT6140PR","(9Z,12Z,15Z,18Z,21Z)-Tetracosa-9,12,15,18,21-pentaenoylcarnitine",NA,"Fatty Acyls","Fatty acid esters",4.34417090085531,TRUE,5.28892182645012,0.619246662483259,0.189860159440388,0.842783223920486,6,0.24620486999599,0.556681823872376,0.912481150339734,8,"RNA positive / Protein positive",TRUE,0.432725766239625,0.24620486999599
"FT0163NR","Erythrono-1,4-lactone",NA,"Lactones","Gamma butyrolactones",0.0654085636020847,FALSE,0.0201823618204822,-0.341039824648941,0.508273120612866,0.931571565774147,6,-0.246089064047085,0.55687344528754,0.912481150339734,8,"RNA negative / Protein negative",TRUE,0.293564444348013,0.246089064047085
"FT4903NR","Agelin",NA,"Steroids and steroid derivatives","Pregnane steroids",0.333404729378011,FALSE,0.129975702658535,0.281945772334259,0.588287758141087,0.934141862527685,6,0.245977714707278,0.557057714383416,0.912481150339734,8,"RNA positive / Protein positive",TRUE,0.263961743520769,0.245977714707278
"FT2165NR","5-Fluorouridine","C16633","Pyrimidine nucleosides","Unclassified",0.2696589720955,FALSE,-0.187653770818551,-0.475295260575767,0.340743036015231,0.876885269600792,6,-0.245218150569834,0.558315269944444,0.912481150339734,8,"RNA negative / Protein negative",TRUE,0.360256705572801,0.245218150569834
"FT1535PR","4-Hydroxyphenylglycine",NA,"Carboxylic acids and derivatives","Amino acids, peptides, and analogues",0.528997342114895,FALSE,0.212351256790547,0.305850691973914,0.555529309360403,0.934141862527685,6,0.244781683887308,0.559038347698699,0.912481150339734,8,"RNA positive / Protein positive",TRUE,0.275316187930611,0.244781683887308
"FT5408PR","Simvastatin",NA,"Lactones","Delta valerolactones",0.641583784194313,FALSE,0.352780614908963,0.304775450302107,0.556991827006032,0.934141862527685,6,0.244030938251349,0.560282848281104,0.912481150339734,8,"RNA positive / Protein positive",TRUE,0.274403194276728,0.244030938251349
"FT2764PR","S-3-oxodecanoyl cysteamine",NA,"Fatty Acyls","Fatty acyl thioesters",0.164334448239531,FALSE,-0.122793890499572,-0.878321116236242,0.0213078525184761,0.67419337390447,6,-0.243941839073796,0.560430611197082,0.912481150339734,8,"RNA negative / Protein negative",TRUE,0.561131477655019,0.243941839073796
"FT0668PR","Aminomethanesulfonic acid",NA,"Organic sulfonic acids and derivatives","Organosulfonic acids and derivatives",0.985746201644385,FALSE,-0.311884762897603,-0.561804060972257,0.245953275652977,0.872427299627174,6,-0.243771567225272,0.560713029628058,0.912481150339734,8,"RNA negative / Protein negative",TRUE,0.402787814098764,0.243771567225272
"FT1452NR","3-Dehydroshikimate",NA,"Unclassified","Unclassified",1.62522409504866,FALSE,2.04923448722874,0.633624646827948,0.176756902528592,0.842783223920486,6,0.243714166038867,0.560808248342717,0.912481150339734,8,"RNA positive / Protein positive",TRUE,0.438669406433408,0.243714166038867
"FT2670NR","6-Azauridine",NA,"Organooxygen compounds","Carbohydrates and carbohydrate conjugates",2.85565374791466,FALSE,2.9227132145934,0.314491437411058,0.543815210338782,0.934141862527685,6,0.242566752163992,0.562712797835624,0.912481150339734,8,"RNA positive / Protein positive",TRUE,0.278529094787525,0.242566752163992
"FT3822PR","N-Acetylaspartylglutamic acid","C12270","Carboxylic acids and derivatives","Amino acids, peptides, and analogues",0.904492058277049,FALSE,0.305667387765065,0.241788700607222,0.64438464748501,0.952289076557119,6,0.707022888794675,0.0498645966707054,0.584128132428263,8,"RNA positive / Protein positive",TRUE,0.474405794700949,0.241788700607222
"FT3100PR","Amidantel",NA,"Benzene and substituted derivatives","Anilides",0.317162290642162,FALSE,-0.202466245653337,-0.330717481810726,0.52200973293854,0.932714961063584,6,-0.241354574325497,0.564727295091195,0.912481150339734,8,"RNA negative / Protein negative",TRUE,0.286036028068111,0.241354574325497
"FT5485NR","Naltriben mesylate",NA,"Morphinans","Unclassified",0.436117489182509,FALSE,-0.179720946143504,0.266462789343599,0.60976556717377,0.941660674157451,6,0.241250450343261,0.564900453904728,0.912481150339734,8,"RNA positive / Protein positive",TRUE,0.25385661984343,0.241250450343261
"FT0599NR","Sulfoacetic acid","C14179","Organic sulfonic acids and derivatives","Organosulfonic acids and derivatives",0.117795991899445,FALSE,-0.0606727630815365,-0.240945598788643,0.645575623871676,0.952289076557119,6,-0.654684938666493,0.0781216071346596,0.645250270564314,8,"RNA negative / Protein negative",TRUE,0.447815268727568,0.240945598788643
"FT1115NR","Antipyrine","C13244","Azoles","Pyrazoles",0.110891115414134,FALSE,-0.00378120446498477,-0.907772793517213,0.0123665506801135,0.554899096646383,6,-0.240617274319366,0.565953826979572,0.913124577325837,8,"RNA negative / Protein negative",TRUE,0.57419503391829,0.240617274319366
"FT3878PR","2-Aminoethyl oleate",NA,"Fatty Acyls","Fatty acid esters",0.690447678688414,FALSE,-0.434372345067802,-0.240294830029108,0.646495259576576,0.952289076557119,6,-0.594809162914193,0.119865376550238,0.684804651274721,8,"RNA negative / Protein negative",TRUE,0.41755199647165,0.240294830029108
"FT1779NR","L-Cystine","C00491","Carboxylic acids and derivatives","Amino acids, peptides, and analogues",0.172963573080462,FALSE,0.0901884804912973,-0.240207808195287,0.646618257885959,0.952289076557119,6,-0.347443885132375,0.39907211226148,0.837811030862203,8,"RNA negative / Protein negative",TRUE,0.293825846663831,0.240207808195287
"FT5521PR","N-Linoleoyl Lysine",NA,"Carboxylic acids and derivatives","Amino acids, peptides, and analogues",0.236172551887156,FALSE,0.103837036917048,-0.238374326580058,0.649211001211318,0.952289076557119,6,-0.504136566259606,0.202692549714819,0.738625629999979,8,"RNA negative / Protein negative",TRUE,0.371255446419832,0.238374326580058
"FT0821PR","butane-1,2,3,4-tetrol",NA,"Organooxygen compounds","Carbohydrates and carbohydrate conjugates",0.00659555496693495,FALSE,0.000237683623647702,-0.383267156839139,0.453249032708851,0.913166175765406,6,-0.238253818857938,0.569891759414617,0.914983932164438,8,"RNA negative / Protein negative",TRUE,0.310760487848538,0.238253818857938
"FT5079PR","2-Hydroxymyristoylcarnitine",NA,"Fatty Acyls","Fatty acid esters",1.42102290090082,TRUE,-0.586822849685052,-0.237852315230284,0.649949622755272,0.952289076557119,6,-0.479175238460695,0.229601718035829,0.76410571770673,8,"RNA negative / Protein negative",TRUE,0.35851377684549,0.237852315230284
"FT0994PR","1-Nitrohexane",NA,"Allyl-type 1,3-dipolar organic compounds","Organic nitro compounds",2.41168640069614,TRUE,1.824159929291,0.237823934195199,0.649989786164004,0.952289076557119,6,0.602733584612557,0.113751365290175,0.679713203740303,8,"RNA positive / Protein positive",TRUE,0.420278759403878,0.237823934195199
"FT4003NR","5-S-Cysteinyl-D-dopa",NA,"Carboxylic acids and derivatives","Amino acids, peptides, and analogues",0.56367837494785,FALSE,0.452262343022297,-0.237675011280113,0.650200543776602,0.952289076557119,6,-0.443633624342517,0.270882840418596,0.772209978616611,8,"RNA negative / Protein negative",TRUE,0.340654317811315,0.237675011280113
"FT4616PR","ent-16beta-Methoxy-19-kauranoic acid",NA,"Prenol lipids","Diterpenoids",0.23284460216943,FALSE,-0.0856688662075015,-0.441978478503157,0.380201419763781,0.878952884966552,6,-0.236124496855787,0.573447648717731,0.918463204116019,8,"RNA negative / Protein negative",TRUE,0.339051487679472,0.236124496855787
"FT5724PR","FA(21:4;O6)",NA,"Fatty Acyls","Fatty acid esters",0.148488728995517,FALSE,0.164026288645195,0.765444754581623,0.0760720799047157,0.760267849808906,6,0.235245153984882,0.574918334377617,0.918463204116019,8,"RNA positive / Protein positive",TRUE,0.500344954283252,0.235245153984882
"FT2793PR","Pyridoxal 5'-phosphate","C00018","Pyridines and derivatives","Pyridine carboxaldehydes",0.88799207770465,FALSE,-0.282489036812203,-0.235100843449939,0.653846029529602,0.952289076557119,6,-0.680992746309423,0.0629808717701958,0.622661952111014,8,"RNA negative / Protein negative",TRUE,0.458046794879681,0.235100843449939
"FT6422PR","FA(32:6;O2)",NA,"Fatty Acyls","Fatty acids and conjugates",0.919895489708268,FALSE,0.387288646391611,0.234836242941672,0.654221017312749,0.952289076557119,6,0.464523974717467,0.246201787592975,0.767471827294385,8,"RNA positive / Protein positive",TRUE,0.349680108829569,0.234836242941672
"FT1806PR","1,2,3,4-Tetrahydro-2-methyl-b-carboline",NA,"Indoles and derivatives","Pyridoindoles",0.168261387703353,FALSE,0.0804978830626969,-0.234811974815597,0.654255412199166,0.952289076557119,6,-0.546712366101607,0.160860107875412,0.731820831113888,8,"RNA negative / Protein negative",TRUE,0.390762170458602,0.234811974815597
"FT3032NR","[(2R,3S,5R)-5-(2,4-Dioxopyrimidin-1-yl)-3-hydroxyoxolan-2-yl]methoxy-fluorophosphinic acid",NA,"Pyrimidine nucleosides","Pyrimidine 2'-deoxyribonucleosides",0.734847404075601,FALSE,-0.398828249082134,0.846631863454499,0.0334789317707464,0.717627196300257,6,0.234176789606165,0.576706888896514,0.918463204116019,8,"RNA positive / Protein positive",TRUE,0.540404326530332,0.234176789606165
"FT3050PR","3-[4-(sulfooxy)phenyl]propanoic acid",NA,"Organic sulfuric acids and derivatives","Arylsulfates",0.569790857023222,FALSE,0.559621390653565,0.749049502647095,0.0865622798343528,0.760267849808906,6,0.233455858714358,0.577914874297356,0.918463204116019,8,"RNA positive / Protein positive",TRUE,0.491252680680726,0.233455858714358
"FT1819NR","3-(4-Fluorobenzoyl)propionic acid",NA,"Organooxygen compounds","Carbonyl compounds",0.206117421141269,FALSE,-0.0767928923565551,-0.547519522628809,0.260787767852298,0.872427299627174,6,-0.232329087135431,0.579804605180844,0.918463204116019,8,"RNA negative / Protein negative",TRUE,0.38992430488212,0.232329087135431
"FT5585PR","Euchretin B",NA,"Isoflavonoids","Isoflav-2-enes",1.17720318495343,FALSE,1.32177917015256,0.605446099898559,0.202798518866751,0.842783223920486,6,0.231824131214277,0.580652156378348,0.918761754814321,8,"RNA positive / Protein positive",TRUE,0.418635115556418,0.231824131214277
"FT7096PR","Cer(m18:0/24:1)",NA,"Fatty Acyls","Fatty amides",0.677105050458915,FALSE,0.935928871050771,-0.231514532837425,0.658932672025889,0.952289076557119,6,-0.234102499975645,0.576831328109247,0.918463204116019,8,"RNA negative / Protein negative",TRUE,0.232808516406535,0.231514532837425
"FT4816PR","trans-2-Tetradecenoylcarnitine",NA,"Fatty Acyls","Fatty acid esters",1.78345164570326,TRUE,-1.06594446811853,-0.230947940351863,0.659737118978895,0.952289076557119,6,-0.537873742789397,0.169118459538772,0.734427204352176,8,"RNA negative / Protein negative",TRUE,0.38441084157063,0.230947940351863
"FT3995PR","7-Methylguanosine",NA,"Purine nucleosides","Unclassified",0.617278933555039,FALSE,0.256890401474827,0.26794639240996,0.607699053072919,0.941660674157451,6,0.230415388784355,0.583018897389355,0.919825042025438,8,"RNA positive / Protein positive",TRUE,0.249180890597158,0.230415388784355
"FT3776PR","FA(17:1;O)",NA,"Fatty Acyls","Fatty acids and conjugates",0.581347680896063,FALSE,-0.334538573165686,-0.230358318898004,0.660574498575943,0.952289076557119,6,-0.519459621019002,0.187042112580558,0.738625629999979,8,"RNA negative / Protein negative",TRUE,0.374908969958503,0.230358318898004
"FT6714NR","PHOHA-PE",NA,"Glycerophospholipids","Glycerophosphoethanolamines",1.07808860395608,FALSE,-0.393463843453487,-0.230098388838537,0.660943727236734,0.952289076557119,6,-0.758738588366272,0.0290617093932035,0.542455027678593,8,"RNA negative / Protein negative",TRUE,0.494418488602404,0.230098388838537
"FT4131NR","Ribavirin monophosphate",NA,"Triazole ribonucleosides and ribonucleotides","Unclassified",0.43495433414999,FALSE,0.254317636521332,-0.605904402225402,0.202363252552223,0.842783223920486,6,-0.229141202281954,0.585162376794695,0.921245484888119,8,"RNA negative / Protein negative",TRUE,0.417522802253678,0.229141202281954
"FT2341NR","Chlormezanone",NA,"Benzene and substituted derivatives","Halobenzenes",0.721460413098231,FALSE,-0.251505516571868,-0.632456476318977,0.177806958500296,0.842783223920486,6,-0.228925094370998,0.585526183365046,0.921245484888119,8,"RNA negative / Protein negative",TRUE,0.430690785344988,0.228925094370998
"FT6468PR","PC(20:3(8Z,11Z,14Z)/0:0)",NA,"Glycerophospholipids","Glycerophosphocholines",0.329334784300249,FALSE,0.0928389780590456,0.244313652619206,0.64082095952646,0.952289076557119,6,0.228301913723409,0.586575701231746,0.92137436256367,8,"RNA positive / Protein positive",TRUE,0.236307783171308,0.228301913723409
"FT1295NR","Thioguanine","C07648","Imidazopyrimidines","Purines and purine derivatives",0.130403644710758,FALSE,-0.0824992342613206,-0.507475404204419,0.304132290390071,0.876885269600792,6,-0.228089808261011,0.586933058473697,0.92137436256367,8,"RNA negative / Protein negative",TRUE,0.367782606232715,0.228089808261011
"FT1356NR","3-Carbamoyl-2-phenylpropionic acid","C16591","Benzene and substituted derivatives","Unclassified",0.113255448379393,FALSE,-0.00910934339316946,-0.295990810796463,0.568979744160911,0.934141862527685,6,-0.227468652776365,0.587980006424735,0.92137436256367,8,"RNA negative / Protein negative",TRUE,0.261729731786414,0.227468652776365
"FT3311PR","gamma-Glutamylmethionine",NA,"Carboxylic acids and derivatives","Amino acids, peptides, and analogues",1.86300700403971,TRUE,0.975650918087898,0.747531011692588,0.0875646239425522,0.760267849808906,6,0.227307384074959,0.588251924448828,0.92137436256367,8,"RNA positive / Protein positive",TRUE,0.487419197883774,0.227307384074959
"FT0315NR","Indole","C00463","Indoles and derivatives","Indoles",0.653805749373664,FALSE,0.187813281104997,0.226569662089184,0.665960849060507,0.952289076557119,6,0.445695046926396,0.268395053722937,0.770668274983688,8,"RNA positive / Protein positive",TRUE,0.33613235450779,0.226569662089184
"FT7910PR","PE(22:6-OH/22:1)",NA,"Glycerophospholipids","Glycerophosphoethanolamines",1.09107143629958,FALSE,0.376047532070382,0.246176181740213,0.638195199567463,0.951478587993934,6,0.22547478459879,0.591344850263212,0.923679352382002,8,"RNA positive / Protein positive",TRUE,0.235825483169501,0.22547478459879
"FT3174PR","Octadecylamine",NA,"Organonitrogen compounds","Amines",0.676592674391089,FALSE,-0.230589977135919,-0.224794812192054,0.668487526967871,0.952289076557119,6,-0.505731200455111,0.201032872948316,0.738625629999979,8,"RNA negative / Protein negative",TRUE,0.365263006323583,0.224794812192054
"FT2927NR","hexadecane-1,2-diol",NA,"Fatty Acyls","Fatty alcohols",0.939234190979054,FALSE,0.266332530148162,0.401814631621992,0.429715542876733,0.91031880146262,6,0.224017897835932,0.593807523980262,0.923847866549649,8,"RNA positive / Protein positive",TRUE,0.312916264728962,0.224017897835932
"FT6590NR","Uridine diphosphategalactose","C00052","Pyrimidine nucleotides","Pyrimidine nucleotide sugars",1.22629279555493,TRUE,-0.541886220749871,-0.580675247210802,0.226884255764462,0.866884510440095,6,-0.222170281315135,0.596935543554226,0.924586830793991,8,"RNA negative / Protein negative",TRUE,0.401422764262969,0.222170281315135
"FT4041NR","2-methyl-5-(8Z.11,14-pentadecatrienyl) resorcinol",NA,"Phenols","Benzenediols",0.606660514773684,FALSE,-0.135744982696572,-0.221740385306791,0.672840776199384,0.952289076557119,6,-0.637536604828297,0.0890332924717542,0.646418800550132,8,"RNA negative / Protein negative",TRUE,0.429638495067544,0.221740385306791
"FT1879NR","3-octenoylglycine",NA,"Carboxylic acids and derivatives","Amino acids, peptides, and analogues",0.765189183314875,FALSE,1.29954976013056,-0.22153605422085,0.673132216639938,0.952289076557119,6,-0.366823243748479,0.371415096944102,0.821167837023025,8,"RNA negative / Protein negative",TRUE,0.294179648984664,0.22153605422085
"FT4423NR","(4-Ethylnaphthalen-1-yl)[1-(5-fluoropentyl)-1H-indol-3-yl]methanone",NA,"Indoles and derivatives","Naphthoylindoles",0.215132131815698,FALSE,-0.0917446574942161,-0.969220227985987,0.0014065112565673,0.543555659481085,6,-0.220952857478135,0.598999603143327,0.926754102976469,8,"RNA negative / Protein negative",TRUE,0.595086542732061,0.220952857478135
"FT0252NR","2,5-dioxopentanoic acid","C00433","Keto acids and derivatives","Short-chain keto acids and derivatives",0.495521428695269,FALSE,-0.128316549066484,0.261137791477427,0.617197190458229,0.944467867906927,6,0.220373250971807,0.599983108277593,0.927091073399255,8,"RNA positive / Protein positive",TRUE,0.240755521224617,0.220373250971807
"FT2793NR","4-Ethylphenol glucuronide",NA,"Organooxygen compounds","Carbohydrates and carbohydrate conjugates",0.68684012142043,FALSE,-0.217011312811886,-0.431541031970555,0.392870890823806,0.891700719007511,6,-0.220040769775463,0.600547517417165,0.927091073399255,8,"RNA negative / Protein negative",TRUE,0.325790900873009,0.220040769775463
"FT4666PR","Anacardic acid",NA,"Benzene and substituted derivatives","Benzoic acids and derivatives",0.110980096426693,FALSE,0.00155293319194635,-0.533397055881252,0.275783459565666,0.875784235179251,6,-0.218620677610469,0.602960170478377,0.929508950772096,8,"RNA negative / Protein negative",TRUE,0.376008866745861,0.218620677610469
"FT0834NR","Benzeneacetonitrile","C16074","Benzene and substituted derivatives","Benzyl cyanides",0.584185248989553,FALSE,-0.206669305191019,-0.540431734340732,0.268273390109353,0.872427299627174,6,-0.21833336048734,0.603448688924668,0.929508950772096,8,"RNA negative / Protein negative",TRUE,0.379382547414036,0.21833336048734
"FT5070NR","14-Epi-19-nortachysterol",NA,"Steroids and steroid derivatives","Vitamin D and derivatives",1.70080546333608,TRUE,0.780665156369514,0.896778682985772,0.015432067427903,0.598851755558511,6,0.217942104727313,0.604114138737101,0.929508950772096,8,"RNA positive / Protein positive",TRUE,0.557360393856542,0.217942104727313
"FT2537NR","SCHEMBL20398956",NA,"Carboxylic acids and derivatives","Amino acids, peptides, and analogues",0.691939330044529,FALSE,-0.489457569857325,-0.217360862093738,0.679093394722669,0.952289076557119,6,-0.46760091435259,0.242666654787059,0.767471827294385,8,"RNA negative / Protein negative",TRUE,0.342480888223164,0.217360862093738
"FT1761PR","Phosphorylcholine","C00588","Organonitrogen compounds","Quaternary ammonium salts",0.195567183026659,FALSE,0.17206641111638,-0.217009226075944,0.679595969083826,0.952289076557119,6,-0.280774088736953,0.500562435979044,0.886808924867588,8,"RNA negative / Protein negative",TRUE,0.248891657406449,0.217009226075944
"FT1467NR","3-[[(2S)-2,4-Dihydroxy-3,3-dimethylbutanoyl]amino]propanoic acid",NA,"Carboxylic acids and derivatives","Amino acids, peptides, and analogues",0.992212767571347,FALSE,0.396477116216129,0.270839958288827,0.60367369804157,0.939617085707373,6,0.216500252330924,0.60656850327642,0.932050033810723,8,"RNA positive / Protein positive",TRUE,0.243670105309876,0.216500252330924
"FT5368PR","(10Z)-7-Hydroxyhexadecenoylcarnitine",NA,"Fatty Acyls","Fatty acid esters",1.01177292074741,FALSE,-0.39026438012247,-0.216291644549379,0.680621819198799,0.952289076557119,6,-0.751386362561816,0.0316093077439689,0.552990747215335,8,"RNA negative / Protein negative",TRUE,0.483839003555597,0.216291644549379
"FT2362NR","D-Glucuronic acid 1-phosphate","C05385","Organooxygen compounds","Carbohydrates and carbohydrate conjugates",0.614562913184714,FALSE,0.324519871394629,0.377093438172139,0.461171084590358,0.913166175765406,6,0.216186568891615,0.607102891463512,0.932050033810723,8,"RNA positive / Protein positive",TRUE,0.296640003531877,0.216186568891615
"FT0164NR","Hydantoin","C05146","Azoles","Imidazoles",0.0772931155605591,FALSE,-0.00665361117360214,-0.215290540712485,0.682053549033672,0.952289076557119,6,-0.235064651856783,0.575220380610646,0.918463204116019,8,"RNA negative / Protein negative",TRUE,0.225177596284634,0.215290540712485
"FT5008PR","Ile-Ala-Tyr",NA,"Carboxylic acids and derivatives","Amino acids, peptides, and analogues",1.52231676099605,TRUE,0.713158536331131,0.215002976766342,0.682464928754882,0.952289076557119,6,0.500031425380263,0.206998107433012,0.740822613402618,8,"RNA positive / Protein positive",TRUE,0.357517201073302,0.215002976766342
"FT4557PR","Siegesbeckin F",NA,"Hydroxy acids and derivatives","Beta hydroxy acids and derivatives",0.121102244967348,FALSE,-0.0689163703167034,-0.371198889879481,0.468775155801137,0.913637146489099,6,-0.214613585029088,0.609784901576471,0.935137681845545,8,"RNA negative / Protein negative",TRUE,0.292906237454285,0.214613585029088
"FT4601PR","Tridec-6-enoylcarnitine",NA,"Fatty Acyls","Fatty acid esters",2.75144563395776,TRUE,2.55950176752537,0.214277037483091,0.683503671235534,0.952289076557119,6,0.428697135050093,0.289246177926073,0.784067374808866,8,"RNA positive / Protein positive",TRUE,0.321487086266592,0.214277037483091
"FT4683PR","ebelactone a",NA,"Prenol lipids","Terpene lactones",2.85939743955134,TRUE,2.82693904455966,0.213975156696643,0.683935730567265,0.952289076557119,6,0.441005751720614,0.274070698302781,0.773715054965699,8,"RNA positive / Protein positive",TRUE,0.327490454208628,0.213975156696643
"FT6228PR","Phytolaccinic acid",NA,"Prenol lipids","Triterpenoids",2.88040235254986,TRUE,3.1958059295655,0.213243872323054,0.684982605389659,0.952289076557119,6,0.411538416603486,0.311063410144952,0.801120750861266,8,"RNA positive / Protein positive",TRUE,0.31239114446327,0.213243872323054
"FT6570NR","3-O-alpha-L-rhamnopyranosyl-3-hydroxyundecanoyl-3-hydroxydecanoic acid",NA,"Fatty Acyls","Fatty acyl glycosides",0.967543274060597,FALSE,-0.332202521378768,-0.213071005065887,0.685230124655429,0.952289076557119,6,-0.493770483088671,0.21365593883913,0.746457089578315,8,"RNA negative / Protein negative",TRUE,0.353420744077279,0.213071005065887
"FT1620PR","Arecoline","C10129","Unclassified","Unclassified",0.497046788883979,FALSE,0.24616739991663,-0.226303951542032,0.666338978963471,0.952289076557119,6,-0.212775627130636,0.612923515902283,0.937887355837303,8,"RNA negative / Protein negative",TRUE,0.219539789336334,0.212775627130636
"FT2131NR","Glucose 6-phosphate","C00092","Organooxygen compounds","Carbohydrates and carbohydrate conjugates",1.41988764924619,TRUE,0.609023180437094,0.212367951008349,0.686236986350929,0.952289076557119,6,0.403266009161696,0.321852532626212,0.801120750861266,8,"RNA positive / Protein positive",TRUE,0.307816980085022,0.212367951008349
"FT2248NR","Ethylenedicysteine",NA,"Carboxylic acids and derivatives","Amino acids, peptides, and analogues",0.46441729718134,FALSE,0.179362533508732,-0.72159707912714,0.105473026790035,0.760267849808906,6,-0.212162153865494,0.613972269667569,0.938461999908543,8,"RNA negative / Protein negative",TRUE,0.466879616496317,0.212162153865494
"FT2728NR","Norepinephrine sulfate",NA,"Organic sulfuric acids and derivatives","Arylsulfates",0.542049515423692,FALSE,0.17817416759003,0.210777305274353,0.688516151391293,0.952289076557119,6,0.428713156470234,0.289226165113692,0.784067374808866,8,"RNA positive / Protein positive",TRUE,0.319745230872293,0.210777305274353
"FT5101NR","MG(20:1/0:0)",NA,"Glycerolipids","Monoradylglycerols",1.65787406835721,FALSE,-1.16767410052619,-0.210638457069949,0.688715176863021,0.952289076557119,6,-0.490780454874975,0.216874268623701,0.751801623774117,8,"RNA negative / Protein negative",TRUE,0.350709455972462,0.210638457069949
"FT4128NR","Sedoheptulose 1,7-bisphosphate","C00447","Organooxygen compounds","Carbohydrates and carbohydrate conjugates",1.0723505092177,TRUE,0.508631689375134,0.303113346673716,0.559254658696479,0.934141862527685,6,0.209115130356967,0.619189706833581,0.941022348115419,8,"RNA positive / Protein positive",TRUE,0.256114238515341,0.209115130356967
"FT7472NR","Mulberrofuran E",NA,"2-arylbenzofuran flavonoids","Unclassified",0.940944571351794,FALSE,0.358303561858047,0.558788425782504,0.249056668971242,0.872427299627174,6,0.208260093281842,0.620656301967365,0.941022348115419,8,"RNA positive / Protein positive",TRUE,0.383524259532173,0.208260093281842
"FT1893PR","(1R,2R,4R,5S)-(+)-p-Menthane-2,5-diol",NA,"Organooxygen compounds","Alcohols and polyols",0.0260934165451618,FALSE,0.0345531539291974,0.771357090426251,0.0724399211379434,0.760267849808906,6,0.206588861753362,0.623526018257399,0.941022348115419,8,"RNA positive / Protein positive",TRUE,0.488972976089807,0.206588861753362
"FT4031PR","Androst-4-ene-3, 17.beta.-hydroxy-17-methyl-",NA,"Steroids and steroid derivatives","Androstane steroids",0.174368388991559,FALSE,-0.0493394495707323,0.316692276369137,0.540842752698729,0.934141862527685,6,0.205846850727146,0.624801475046667,0.941022348115419,8,"RNA positive / Protein positive",TRUE,0.261269563548142,0.205846850727146
"FT1444PR","Proline betaine","C10172","Carboxylic acids and derivatives","Amino acids, peptides, and analogues",0.469610652204626,FALSE,-0.134143198402553,-0.205247829753535,0.69645145933192,0.954635240195577,6,-0.403150551236651,0.322004347692986,0.801120750861266,8,"RNA negative / Protein negative",TRUE,0.304199190495093,0.205247829753535
"FT7310PR","PE(20:3-OH/P-16:0)",NA,"Glycerophospholipids","Glycerophosphoethanolamines",0.895533230009096,FALSE,-0.486100010186938,-0.762796831995839,0.0777248555731256,0.760267849808906,6,-0.204121899662949,0.62776966714909,0.941022348115419,8,"RNA negative / Protein negative",TRUE,0.483459365829394,0.204121899662949
"FT1804NR","2-Phenyl-1,3-propanediol monocarbamate","C16586","Benzene and substituted derivatives","Unclassified",0.169669608575181,FALSE,0.0726026407388481,-0.469251830291212,0.347786242950107,0.876885269600792,6,-0.203905861457841,0.628141721001464,0.941022348115419,8,"RNA negative / Protein negative",TRUE,0.336578845874526,0.203905861457841
"FT5540NR","LysoPE(P-18:0/0:0)",NA,"Glycerophospholipids","Glycerophosphoethanolamines",0.531999358672388,FALSE,-0.131431001883737,-0.203517537970735,0.698938479005532,0.954635240195577,6,-0.585096209692724,0.127606243843563,0.70272845909954,8,"RNA negative / Protein negative",TRUE,0.394306873831729,0.203517537970735
"FT2989PR","Car(6:0)",NA,"Fatty Acyls","Fatty acid esters",2.26577880677495,TRUE,1.5903234483011,0.858996742581901,0.0284211702604342,0.717627196300257,6,0.20342550560172,0.628969219026935,0.941022348115419,8,"RNA positive / Protein positive",TRUE,0.53121112409181,0.20342550560172
"FT2030PR","11-nitro-1-undecene",NA,"Allyl-type 1,3-dipolar organic compounds","Organic nitro compounds",0.848914250632248,FALSE,-0.389266951584035,-0.202344984481166,0.700624878480265,0.954635240195577,6,-0.448788949696074,0.264682609899109,0.770668274983688,8,"RNA negative / Protein negative",TRUE,0.32556696708862,0.202344984481166
"FT5709PR","(22E)-1alpha,25-dihydroxy-26-methyl-22,23-didehydrovitamin D3",NA,"Steroids and steroid derivatives","Vitamin D and derivatives",2.81744618698987,FALSE,3.34831121742672,0.200822928588177,0.702815186275112,0.954635240195577,6,0.452797039093265,0.259911482722636,0.770668274983688,8,"RNA positive / Protein positive",TRUE,0.326809983840721,0.200822928588177
"FT2704PR","Lumichrome","C01727","Pteridines and derivatives","Alloxazines and isoalloxazines",0.00690796391497294,FALSE,-0.000914115717969052,-0.200144901965435,0.703791347470269,0.954635240195577,6,-0.476530660148971,0.232554324322085,0.76410571770673,8,"RNA negative / Protein negative",TRUE,0.338337781057203,0.200144901965435
"FT5010PR","13,14-Dihydro-15-keto-20-ethyl prostaglandin f2alpha",NA,"Fatty Acyls","Eicosanoids",2.98565358536553,TRUE,3.05724423695405,0.200131084246926,0.703811243840477,0.954635240195577,6,0.431971215051715,0.285170447953696,0.784067374808866,8,"RNA positive / Protein positive",TRUE,0.31605114964932,0.200131084246926
"FT1267NR","5-Acetyl-2,4-dimethylthiazole",NA,"Azoles","Thiazoles",0.593266680135806,FALSE,-0.263201562973536,-0.626385391868223,0.183305778428665,0.842783223920486,6,-0.199651398782364,0.635482470353893,0.941022348115419,8,"RNA negative / Protein negative",TRUE,0.413018395325293,0.199651398782364
"FT7780NR","FAD","C00016","Flavin nucleotides","Unclassified",0.609071927121736,FALSE,0.135100095314396,0.199031872500079,0.705394384327444,0.954635240195577,6,0.260143888998133,0.533789918330233,0.91110093783846,8,"RNA positive / Protein positive",TRUE,0.229587880749106,0.199031872500079
"FT5944PR","1alpha-hydroxy-18-(5-hydroxy-5-methylhexyloxy)-23,24,25,26,27-pentanorvitamin D3",NA,"Steroids and steroid derivatives","Vitamin D and derivatives",4.15492800204528,TRUE,5.15641269978224,0.50264589278739,0.309528630437283,0.876885269600792,6,0.19901619744728,0.636580706627913,0.941022348115419,8,"RNA positive / Protein positive",TRUE,0.350831045117335,0.19901619744728
"FT5925PR","(7Z,10Z,13Z,16Z)-docosatetraenoylcarnitine",NA,"Fatty Acyls","Fatty acid esters",0.522233247133181,FALSE,0.294750907470599,-0.19899713166991,0.705444431614482,0.954635240195577,6,-0.393733195529076,0.334500304963239,0.804638828109801,8,"RNA negative / Protein negative",TRUE,0.296365163599493,0.19899713166991
"FT2359PR","Gamma-Glutamylalanine","C03740","Carboxylic acids and derivatives","Amino acids, peptides, and analogues",1.82950828094992,TRUE,1.23317586184298,0.198832489641175,0.705681623045135,0.954635240195577,6,0.507398769631381,0.199304964551144,0.738625629999979,8,"RNA positive / Protein positive",TRUE,0.353115629636278,0.198832489641175
"FT2445NR","FA(18:3)",NA,"Fatty Acyls","Fatty acids and conjugates",1.1742722220799,FALSE,0.44606144511733,0.335818124023213,0.51520855902851,0.931571565774147,6,0.198350055200149,0.637733059739372,0.941022348115419,8,"RNA positive / Protein positive",TRUE,0.267084089611681,0.198350055200149
"FT2991PR","Leucyl-Lysine",NA,"Carboxylic acids and derivatives","Amino acids, peptides, and analogues",0.417401320588891,FALSE,0.125148901742812,0.34140225663805,0.507792770547684,0.931571565774147,6,0.197449385730603,0.639292127244859,0.941022348115419,8,"RNA positive / Protein positive",TRUE,0.269425821184327,0.197449385730603
"FT1175NR","Citric acid","C00158","Carboxylic acids and derivatives","Tricarboxylic acids and derivatives",0.824832547173476,FALSE,-0.247457793182219,-0.196316969026577,0.709307609037238,0.954635240195577,6,-0.366638621236422,0.371674412472199,0.821167837023025,8,"RNA negative / Protein negative",TRUE,0.281477795131499,0.196316969026577
"FT1787NR","2-Aminohippuric acid",NA,"Benzene and substituted derivatives","Benzoic acids and derivatives",0.959340432392545,FALSE,1.42244936206117,-0.196298568853559,0.709334145672735,0.954635240195577,6,-0.358338417379055,0.383416025156932,0.825231915463969,8,"RNA negative / Protein negative",TRUE,0.277318493116307,0.196298568853559
"FT1848PR","4-Aminophenyl hydrogen sulfate",NA,"Organic sulfuric acids and derivatives","Arylsulfates",1.10264224691151,FALSE,-0.487559069507421,-0.742661362216122,0.0908138709873714,0.760267849808906,6,-0.195807034925846,0.642138020733149,0.941022348115419,8,"RNA negative / Protein negative",TRUE,0.469234198570984,0.195807034925846
"FT5712PR","LysoPE(0:0/16:1)",NA,"Glycerophospholipids","Glycerophosphoethanolamines",0.10695633265723,FALSE,-0.0111125623999853,-0.195474242079567,0.710523189801466,0.954794450893584,6,-0.23852697938206,0.569436143193759,0.914983932164438,8,"RNA negative / Protein negative",TRUE,0.217000610730814,0.195474242079567
"FT2428PR","3'-Amino-3'-deoxythimidine",NA,"Pyrimidine nucleosides","Pyrimidine 2',3'-dideoxyribonucleosides",1.00497884756019,FALSE,-0.321230037637837,-0.605074403851542,0.203151812251393,0.842783223920486,6,-0.194724388928699,0.644016133219916,0.941022348115419,8,"RNA negative / Protein negative",TRUE,0.399899396390121,0.194724388928699
"FT1891NR","Sedoheptulose","C08355","Organooxygen compounds","Carbohydrates and carbohydrate conjugates",1.14960606436195,FALSE,0.395988581760462,0.817137613043356,0.0471006429330363,0.717627196300257,6,0.193430059548919,0.646263622625753,0.941022348115419,8,"RNA positive / Protein positive",TRUE,0.505283836296137,0.193430059548919
"FT5992NR","Acolbifene",NA,"Flavonoids","Hydroxyflavonoids",0.300365217065984,FALSE,0.0785205488415147,0.192642838024423,0.714610352480916,0.958164446922498,6,0.700017984662087,0.0532149795381212,0.588523549803042,8,"RNA positive / Protein positive",TRUE,0.446330411343255,0.192642838024423
"FT2360PR","N-Acetylserotonin","C00978","Indoles and derivatives","Hydroxyindoles",0.958685053373633,FALSE,-0.334600094082404,-0.191808182302252,0.715816074388359,0.958164446922498,6,-0.515235949432721,0.191289577657135,0.738625629999979,8,"RNA negative / Protein negative",TRUE,0.353522065867486,0.191808182302252
"FT2111NR","D-Glucosamine-6-phosphate",NA,"Organooxygen compounds","Carbohydrates and carbohydrate conjugates",0.294324235659006,FALSE,0.171726380824698,-0.190938054851066,0.717073464591172,0.958164446922498,6,-0.35432715410788,0.38914842914779,0.83238202420963,8,"RNA negative / Protein negative",TRUE,0.272632604479473,0.190938054851066
"FT4439NR","Adunctin C",NA,"Linear 1,3-diarylpropanoids","Chalcones and dihydrochalcones",1.16237215056455,FALSE,0.377566539451297,0.877780064177489,0.0214937259241621,0.67419337390447,6,0.190745996838653,0.650931701342551,0.941022348115419,8,"RNA positive / Protein positive",TRUE,0.534263030508071,0.190745996838653
"FT5389PR","12-Hydroxyhexadecanoylcarnitine",NA,"Fatty Acyls","Fatty acid esters",0.131690966756927,FALSE,0.0574075772721809,-0.258155525375964,0.621369005885435,0.946367416587904,6,-0.190462602463475,0.651425158180879,0.941022348115419,8,"RNA negative / Protein negative",TRUE,0.224309063919719,0.190462602463475
"FT2089PR","11-amino-undecanoic acid","C19325","Fatty Acyls","Fatty acids and conjugates",0.82152565506868,FALSE,-0.378063291457419,-0.699915726954822,0.121564476336305,0.765141115763805,6,-0.19044311871472,0.651459088073374,0.941022348115419,8,"RNA negative / Protein negative",TRUE,0.445179422834771,0.19044311871472
"FT6303NR","5,7-Dihydroxy-8,3',4',5'-tetramethoxyflavone 6-C-glucoside",NA,"Flavonoids","Flavonoid glycosides",0.732669041980223,FALSE,0.461883321261281,0.549286435357868,0.258934486894127,0.872427299627174,6,0.190420898397592,0.651497784189169,0.941022348115419,8,"RNA positive / Protein positive",TRUE,0.36985366687773,0.190420898397592
"FT7195PR","Butyl 4'-O-butanoyl-6-O-hexadecanoyl-neohesperidoside",NA,"Saccharolipids","Unclassified",2.65439221963766,TRUE,2.5622218052458,0.190319501826327,0.717967577393917,0.958438483833914,6,0.445508296175617,0.268619961635483,0.770668274983688,8,"RNA positive / Protein positive",TRUE,0.317913899000972,0.190319501826327
"FT3664NR","10Z-Nonadecenoic acid",NA,"Fatty Acyls","Fatty acids and conjugates",0.155587287650211,FALSE,0.0387576631823331,-0.460321730295405,0.35828759319147,0.876885269600792,6,-0.190200754767017,0.651881195415792,0.941022348115419,8,"RNA negative / Protein negative",TRUE,0.325261242531211,0.190200754767017
"FT5147PR","(10Z)-12-Hydroxyhexadecenoylcarnitine",NA,"Fatty Acyls","Fatty acid esters",0.565457754333748,FALSE,-0.445987879182387,-0.197821919703154,0.707137853671149,0.954635240195577,6,-0.189910465009964,0.65238687787974,0.941022348115419,8,"RNA negative / Protein negative",TRUE,0.193866192356559,0.189910465009964
"FT1566NR","L-Glutamic acid 5-phosphate","C03287","Carboxylic acids and derivatives","Amino acids, peptides, and analogues",0.40288282465247,FALSE,0.159786931024578,-0.654929646938079,0.158065947122057,0.834619344496697,6,-0.18990928591084,0.652388932097135,0.941022348115419,8,"RNA negative / Protein negative",TRUE,0.422419466424459,0.18990928591084
"FT3989PR","Cyclopropyl-methoxycarbonyl metomidate",NA,"Azoles","Imidazoles",0.284230456880288,FALSE,-0.0772471693486537,-0.367499300949956,0.473567492896219,0.913637146489099,6,-0.189027136486793,0.653926340171218,0.941022348115419,8,"RNA negative / Protein negative",TRUE,0.278263218718374,0.189027136486793
"FT4389NR","N-Palmitoyl Glutamic acid",NA,"Carboxylic acids and derivatives","Amino acids, peptides, and analogues",0.455115403270757,FALSE,0.124679641095982,0.529067946596911,0.280444549633613,0.876885269600792,6,0.188709788581447,0.654479673830536,0.941022348115419,8,"RNA positive / Protein positive",TRUE,0.358888867589179,0.188709788581447
"FT3472NR","Indole-3-acetic-acid-O-glucuronide",NA,"Organooxygen compounds","Carbohydrates and carbohydrate conjugates",1.72345560265466,FALSE,2.30579756899582,-0.226497249227731,0.666063894292264,0.952289076557119,6,-0.188604491310087,0.654663302476803,0.941022348115419,8,"RNA negative / Protein negative",TRUE,0.207550870268909,0.188604491310087
"FT1465NR","O-Succinyl-L-homoserine",NA,"Carboxylic acids and derivatives","Amino acids, peptides, and analogues",1.77765481682249,TRUE,1.07515005333448,0.185875988565877,0.724397013991563,0.962681972315463,6,0.544501269709236,0.162905000618864,0.732547002782891,8,"RNA positive / Protein positive",TRUE,0.365188629137557,0.185875988565877
"FT3119NR","3-(1-Azatricyclo[7.3.1.05,13]trideca-5,7,9(13)-trien-7-yl)-2-cyanoprop-2-enoic acid",NA,"Quinolines and derivatives","Hydroquinolines",0.366760515780711,FALSE,-0.143648945883572,-0.566949445290241,0.240693586563635,0.871836121534285,6,-0.185487398779613,0.660106039505311,0.941022348115419,8,"RNA negative / Protein negative",TRUE,0.376218422034927,0.185487398779613
"FT3773NR","Carbocyclic Thromboxane A2",NA,"Fatty Acyls","Fatty acids and conjugates",0.0315568151880007,FALSE,0.0369139832967983,-0.234117743122912,0.655239512896174,0.952289076557119,6,-0.184685483843985,0.661508377418735,0.941022348115419,8,"RNA negative / Protein negative",TRUE,0.209401613483448,0.184685483843985
"FT1649PR","L-Arginine","C00062","Carboxylic acids and derivatives","Amino acids, peptides, and analogues",0.0820364124665451,FALSE,0.00153453699439785,-0.633655056303636,0.176729602397233,0.842783223920486,6,-0.184622613752994,0.661618357056441,0.941022348115419,8,"RNA negative / Protein negative",TRUE,0.409138835028315,0.184622613752994
"FT4166PR","Farnesylcysteine","C19691","Prenol lipids","Sesquiterpenoids",0.0681669377787018,FALSE,-0.00624664288017261,-0.81351901114107,0.0489202857704938,0.717627196300257,6,-0.184017629344259,0.662676935736856,0.941022348115419,8,"RNA negative / Protein negative",TRUE,0.498768320242665,0.184017629344259
"FT2214NR","(E)-4-[5-(4-Hydroxyphenoxy)-3-penten-1-ynyl]phenol",NA,"Phenols","4-alkoxyphenols",0.349783211169894,FALSE,-0.105999732997535,-0.555146477429391,0.252824917284585,0.872427299627174,6,-0.183776660674493,0.663098709527698,0.941022348115419,8,"RNA negative / Protein negative",TRUE,0.369461569051942,0.183776660674493
"FT2944NR","4-Amino-1-[(2R,3S,4S,5R)-3,4-dihydroxy-5-(hydroxymethyl)oxolan-2-yl]oxypyrimidin-2-one",NA,"Organooxygen compounds","Carbohydrates and carbohydrate conjugates",1.81298347577652,TRUE,0.891301776679149,0.183182320656651,0.728299930247366,0.962681972315463,6,0.568480761995926,0.141479393236745,0.71186192704025,8,"RNA positive / Protein positive",TRUE,0.375831541326288,0.183182320656651
"FT2785PR","Heptyl cinnamate",NA,"Cinnamic acids and derivatives","Cinnamic acid esters",1.19400942663652,FALSE,0.675452314449331,0.716915796266724,0.108862287405645,0.760267849808906,6,0.182524664505415,0.665291353844188,0.941022348115419,8,"RNA positive / Protein positive",TRUE,0.44972023038607,0.182524664505415
"FT0248NR","3-Hydroxy-4-aminopyridine",NA,"Pyridines and derivatives","Aminopyridines and derivatives",1.54095773071653,TRUE,0.766081739247765,0.352879046795256,0.492652318265811,0.923262841337711,6,0.182519675772827,0.665300094862845,0.941022348115419,8,"RNA positive / Protein positive",TRUE,0.267699361284041,0.182519675772827
"FT7474NR","PA(20:4-OH(15S)/P-16:0)",NA,"Glycerophospholipids","Glycerophosphates",0.659597209564103,FALSE,-0.146219227492919,-0.182372035585171,0.729474753394135,0.962681972315463,6,-0.80722106077153,0.0154211603499584,0.501477491291417,8,"RNA negative / Protein negative",TRUE,0.49479654817835,0.182372035585171
"FT1955NR","pentalenene","C01841","Prenol lipids","Sesquiterpenoids",0.693380477838832,FALSE,-0.178368536667567,-0.182072546733055,0.729909069894394,0.962681972315463,6,-0.619001291119175,0.101766085453245,0.672331389202956,8,"RNA negative / Protein negative",TRUE,0.400536918926115,0.182072546733055
"FT2264NR","N'-Benzoyl-N,N'-dimethylbenzohydrazide",NA,"Benzene and substituted derivatives","Benzoic acids and derivatives",0.478395124219575,FALSE,-0.162444480154967,-0.419730290687742,0.407377244702715,0.89803763451898,6,-0.181851206223696,0.666471652766103,0.941022348115419,8,"RNA negative / Protein negative",TRUE,0.300790748455719,0.181851206223696
"FT3600NR","Fructose-1,6-diphosphate",NA,"Organooxygen compounds","Carbohydrates and carbohydrate conjugates",0.609373249606003,FALSE,0.232303444541298,-0.181600989835748,0.730593017459681,0.962681972315463,6,-0.298666778325232,0.472410644160131,0.870407434033231,8,"RNA negative / Protein negative",TRUE,0.24013388408049,0.181600989835748
"FT5483PR","Cetylmannoside",NA,"Fatty Acyls","Fatty acyl glycosides",4.22863598304962,TRUE,5.78271028907271,0.181599981785996,0.730594479667998,0.962681972315463,6,0.27991416868275,0.501931306829646,0.886808924867588,8,"RNA positive / Protein positive",TRUE,0.230757075234373,0.181599981785996
"FT2761PR","Asperitaconic acid C",NA,"Keto acids and derivatives","Medium-chain keto acids and derivatives",0.938954039009564,FALSE,1.33359541030781,-0.212702928014148,0.685757217873719,0.952289076557119,6,-0.181122190360778,0.667749995683262,0.941022348115419,8,"RNA negative / Protein negative",TRUE,0.196912559187463,0.181122190360778
"FT6419NR","Armochaetoglasin K",NA,"Indoles and derivatives","Indoles",0.0712031348703361,FALSE,-0.0284836605751048,-0.592632170056179,0.215121773191318,0.855762031526234,6,-0.181076238555932,0.667830596451729,0.941022348115419,8,"RNA negative / Protein negative",TRUE,0.386854204306055,0.181076238555932
"FT1612PR","D-Arabinose",NA,"Organooxygen compounds","Carbohydrates and carbohydrate conjugates",0.0993419518193267,FALSE,0.00400376402691405,0.937864639151979,0.00567125840568281,0.543555659481085,6,0.180592813855565,0.668678705032159,0.941022348115419,8,"RNA positive / Protein positive",TRUE,0.559228726503772,0.180592813855565
"FT2504NR","Alanylphenylalanine",NA,"Carboxylic acids and derivatives","Amino acids, peptides, and analogues",0.628802057392834,FALSE,0.189661497237231,-0.180278200436752,0.732512240793645,0.962681972315463,6,-0.30653958129805,0.460228859850202,0.86488870185752,8,"RNA negative / Protein negative",TRUE,0.243408890867401,0.180278200436752
"FT1320PR","N1-Methyl-4-pyridone-3-carboxamide","C05843","Pyridines and derivatives","Pyridinecarboxylic acids and derivatives",0.539498658486658,FALSE,0.171536072703682,-0.828053628122743,0.041806487262278,0.717627196300257,6,-0.1798975144047,0.669899058272559,0.941022348115419,8,"RNA negative / Protein negative",TRUE,0.503975571263722,0.1798975144047
"FT3950NR","FA(24:5)",NA,"Fatty Acyls","Fatty acids and conjugates",1.11144561300281,FALSE,0.393105712221016,0.482364685356523,0.332570239886301,0.876885269600792,6,0.17958719196858,0.670443923833937,0.941022348115419,8,"RNA positive / Protein positive",TRUE,0.330975938662551,0.17958719196858
"FT1527NR","2-Keto-3-deoxy-D-gluconic acid","C01216","Keto acids and derivatives","Medium-chain keto acids and derivatives",0.404008339122873,FALSE,-0.131182662787803,-0.17957740720555,0.733529399361992,0.962681972315463,6,-0.32893127732753,0.426296110771473,0.853817210367002,8,"RNA negative / Protein negative",TRUE,0.25425434226654,0.17957740720555
"FT3638PR","Tyrosyl-Leucine",NA,"Carboxylic acids and derivatives","Amino acids, peptides, and analogues",0.324938078209549,FALSE,-0.228568546273118,-0.669916365886008,0.145450643169677,0.802864462892939,6,-0.178307111809889,0.67269281906134,0.941022348115419,8,"RNA negative / Protein negative",TRUE,0.424111738847949,0.178307111809889
"FT3351NR","NAC","C11486","Benzene and substituted derivatives","Anilides",1.07606015962759,FALSE,-0.56396505739147,-0.722738666343584,0.104653698020604,0.760267849808906,6,-0.178252957254272,0.672788006794475,0.941022348115419,8,"RNA negative / Protein negative",TRUE,0.450495811798928,0.178252957254272
"FT3697NR","Sitostanol-beta",NA,"Carboxylic acids and derivatives","Amino acids, peptides, and analogues",0.345307568553481,FALSE,0.0840992075696004,-0.766779525759684,0.0752450449241022,0.760267849808906,6,-0.178248959044822,0.672795034617706,0.941022348115419,8,"RNA negative / Protein negative",TRUE,0.472514242402253,0.178248959044822
"FT7344PR","SM(d18:0/18:1(11Z))",NA,"Sphingolipids","Phosphosphingolipids",1.05351145181133,FALSE,-0.927340473721267,-0.498546241192264,0.314137062183509,0.876885269600792,6,-0.178151388955086,0.672966544137449,0.941022348115419,8,"RNA negative / Protein negative",TRUE,0.338348815073675,0.178151388955086
"FT7081NR","Dipiperamide A",NA,"Benzodioxoles","Unclassified",0.185951400566059,FALSE,0.042293967294112,-0.178045156373951,0.735754288085388,0.962681972315463,6,-0.332362250172969,0.421192775155704,0.850374670932717,8,"RNA negative / Protein negative",TRUE,0.25520370327346,0.178045156373951
"FT1540NR","1-[3,4-Dihydroxy-5-(hydroxymethyl)oxolan-2-yl]-4-hydroxyhydropyridin-2-one",NA,"Organooxygen compounds","Carbohydrates and carbohydrate conjugates",0.807326937811629,FALSE,-0.399067514639236,0.81377339619052,0.0487913202392613,0.717627196300257,6,0.177998469524344,0.673235371967281,0.941022348115419,8,"RNA positive / Protein positive",TRUE,0.495885932857432,0.177998469524344
"FT0811NR","D-Tagatose","C00795","Organooxygen compounds","Carbohydrates and carbohydrate conjugates",0.390895712063628,FALSE,0.117811522038465,0.200884892999372,0.702725989338042,0.954635240195577,6,0.177517430114073,0.674081221998202,0.941022348115419,8,"RNA positive / Protein positive",TRUE,0.189201161556722,0.177517430114073
"FT1316PR","6,8-Dihydroxypurine",NA,"Imidazopyrimidines","Purines and purine derivatives",0.233182387911368,FALSE,0.0544184444647619,0.177248113818193,0.736912121861366,0.962681972315463,6,0.199366509067398,0.635974960995575,0.941022348115419,8,"RNA positive / Protein positive",TRUE,0.188307311442796,0.177248113818193
"FT0870NR","Xylan",NA,"Organooxygen compounds","Carbohydrates and carbohydrate conjugates",0.4705347100132,FALSE,-0.155099513189737,-0.177197860792579,0.736985133880192,0.962681972315463,6,-0.819889781634665,0.0127047500936069,0.501477491291417,8,"RNA negative / Protein negative",TRUE,0.498543821213622,0.177197860792579
"FT5889PR","3alpha,7alpha,24-trihydroxy-5alpha-cholestan-26-oic acid",NA,"Steroids and steroid derivatives","Bile acids, alcohols and derivatives",2.41237863932642,TRUE,2.18857180811745,0.176970975727495,0.737314789180254,0.962681972315463,6,0.470667129563301,0.239169650661353,0.765922923758338,8,"RNA positive / Protein positive",TRUE,0.323819052645398,0.176970975727495
"FT0452NR","5-Methoxy-2-methylthiazole",NA,"Azoles","Thiazoles",0.467560174490938,FALSE,0.198457497722563,-0.176759788137889,0.737621661209906,0.962681972315463,6,-0.393927118394021,0.334240744431686,0.804638828109801,8,"RNA negative / Protein negative",TRUE,0.285343453265955,0.176759788137889
"FT3196NR","2-Dichloromethylene-3a,7a-dichloro-3a,4,7,7a-tetrahydro-4,7-methanoindene-1,3-dione",NA,"Carboxylic acids and derivatives","Tetracarboxylic acids and derivatives",0.714620266717575,FALSE,0.406565139645099,-0.176161225280312,0.73849154811536,0.962681972315463,6,-0.265374809294585,0.525289558783565,0.908503281568598,8,"RNA negative / Protein negative",TRUE,0.220768017287448,0.176161225280312
"FT3529PR","Octanoylcarnitine","C02838","Fatty Acyls","Fatty acid esters",0.115168209164611,FALSE,0.188341909586048,-0.176071847726297,0.738621456106288,0.962681972315463,6,-0.479684402936843,0.229035470054052,0.76410571770673,8,"RNA negative / Protein negative",TRUE,0.32787812533157,0.176071847726297
"FT7572PR","PC(20:4-OH(5S)/16:1)",NA,"Glycerophospholipids","Glycerophosphocholines",2.58383182748105,TRUE,2.51172866397173,0.175238770646642,0.739832515028921,0.962681972315463,6,0.450932669010809,0.262125397641534,0.770668274983688,8,"RNA positive / Protein positive",TRUE,0.313085719828726,0.175238770646642
"FT7203NR","3,4-Dihydrospheroidenone",NA,"Prenol lipids","Tetraterpenoids",0.947989227769396,FALSE,0.289678995290047,0.417152394122916,0.410567029336447,0.899856267857053,6,0.174602596002444,0.679212962056837,0.941022348115419,8,"RNA positive / Protein positive",TRUE,0.29587749506268,0.174602596002444
"FT6313PR","LysoPE(0:0/22:6)",NA,"Glycerophospholipids","Glycerophosphoethanolamines",0.202430156647008,FALSE,-0.042502549639825,-0.202388001982333,0.700562994720334,0.954635240195577,6,-0.17323997947246,0.681615640284064,0.941022348115419,8,"RNA negative / Protein negative",TRUE,0.187813990727397,0.17323997947246
"FT0349NR","Succinic acid","C00042","Carboxylic acids and derivatives","Dicarboxylic acids and derivatives",0.0271170707083087,FALSE,-0.0258533506640689,-0.498733087603838,0.313926479229207,0.876885269600792,6,-0.173225933600997,0.681640419341521,0.941022348115419,8,"RNA negative / Protein negative",TRUE,0.335979510602417,0.173225933600997
"FT6405NR","catechin 3-tetradecanoate",NA,"Flavonoids","Flavans",1.17769602420749,FALSE,0.42756307938128,0.695742782615073,0.124775762815634,0.77386627532767,6,0.172420195690164,0.683062279396685,0.941022348115419,8,"RNA positive / Protein positive",TRUE,0.434081489152619,0.172420195690164
"FT2319PR","Trimethylolmelamine",NA,"Triazines","Aminotriazines",4.4155633353762,TRUE,-6.96124488812441,-0.271173076942745,0.603210718681066,0.939617085707373,6,-0.172092932434217,0.683640023270203,0.941022348115419,8,"RNA negative / Protein negative",TRUE,0.221633004688481,0.172092932434217
"FT3266NR","Grevilline A",NA,"Pyrans","Pyranones and derivatives",0.59057274301688,FALSE,-0.2436841801861,-0.714133053722911,0.110899355760625,0.763351397664114,6,-0.17120609584876,0.685206300067153,0.941022348115419,8,"RNA negative / Protein negative",TRUE,0.442669574785836,0.17120609584876
"FT5364PR","Noscapine","C09592","Phthalide isoquinolines","Unclassified",0.434377652250974,FALSE,0.274526243061665,-0.170894184318936,0.746154190658529,0.966387783245823,6,-0.437896751158713,0.27786596516467,0.779366509938733,8,"RNA negative / Protein negative",TRUE,0.304395467738824,0.170894184318936
"FT2452NR","(2R,4S)-2-Aminoformyl-6-fluoro-spiro[chroman-4,4'-imidazolidine]-2',5'-dione",NA,"Azolidines","Imidazolidines",0.818618431410482,FALSE,0.378418372115499,0.199925629108673,0.704107095742614,0.954635240195577,6,0.170149708958373,0.687073305205923,0.941022348115419,8,"RNA positive / Protein positive",TRUE,0.185037669033523,0.170149708958373
"FT3368PR","gamma-L-Glutamyl-L-pipecolic acid",NA,"Carboxylic acids and derivatives","Amino acids, peptides, and analogues",2.04432543128044,FALSE,1.4956957057536,0.169742661036584,0.74783136967949,0.967631063776347,6,0.197782297694613,0.638715718683367,0.941022348115419,8,"RNA positive / Protein positive",TRUE,0.183762479365599,0.169742661036584
"FT2547PR","1-(m-Methoxycinnamoyl)pyrrolidine",NA,"Cinnamic acids and derivatives","Hydroxycinnamic acids and derivatives",3.00125659348836,TRUE,3.78605219753851,-0.169280007205831,0.748505409506362,0.967631063776347,6,-0.242392481357373,0.563002260865303,0.912481150339734,8,"RNA negative / Protein negative",TRUE,0.205836244281602,0.169280007205831
"FT2869NR","Eicosapentaenoic acid","C06428","Fatty Acyls","Fatty acids and conjugates",0.467264961658911,FALSE,-0.144169987238334,-0.166967792426839,0.751875695764064,0.969196302601314,6,-0.257692986188141,0.537789864694194,0.91110093783846,8,"RNA negative / Protein negative",TRUE,0.21233038930749,0.166967792426839
"FT2494PR","Pentadecylamine",NA,"Organonitrogen compounds","Amines",0.0221057210597791,FALSE,-0.0199529403065679,0.264875902178993,0.611977893197941,0.941660674157451,6,0.166779428793107,0.693038973384458,0.941022348115419,8,"RNA positive / Protein positive",TRUE,0.21582766548605,0.166779428793107
"FT6413NR","PE(20:4(8Z,11Z,14Z,17Z)/0:0)",NA,"Glycerophospholipids","Glycerophosphoethanolamines",0.145489360844068,FALSE,0.0543951033657444,-0.166059744075492,0.753200002237254,0.969196302601314,6,-0.383790799926266,0.347933002230018,0.811067901519473,8,"RNA negative / Protein negative",TRUE,0.274925272000879,0.166059744075492
"FT1741NR","2,4-Thiazolidinedicarboxylic acid, 2-methyl-",NA,"Carboxylic acids and derivatives","Amino acids, peptides, and analogues",0.0233008192409104,FALSE,-0.0501607194517573,0.81768299908746,0.0468291712756915,0.717627196300257,6,0.166059043290563,0.694315914628586,0.941022348115419,8,"RNA positive / Protein positive",TRUE,0.491871021189011,0.166059043290563
"FT0257PR","Piperidine","C01746","Piperidines","Unclassified",0.475557563886368,FALSE,0.154937923270062,-0.520187082081945,0.290099284672563,0.876885269600792,6,-0.165617600562692,0.695098718107711,0.941022348115419,8,"RNA negative / Protein negative",TRUE,0.342902341322318,0.165617600562692
"FT7571NR","PA(a-15:0/20:4-OH)",NA,"Glycerophospholipids","Glycerophosphates",1.178818281173,FALSE,0.401396651840163,0.570568283004768,0.237021304425449,0.866884510440095,6,0.165294538749301,0.695671747782651,0.941022348115419,8,"RNA positive / Protein positive",TRUE,0.367931410877035,0.165294538749301
"FT1029PR","Maleic acid","C01384","Carboxylic acids and derivatives","Dicarboxylic acids and derivatives",0.577495184918277,FALSE,0.173218174803247,0.16413120642588,0.756013959989276,0.970179334647934,6,0.321286131895064,0.437760583305376,0.855874127808828,8,"RNA positive / Protein positive",TRUE,0.242708669160472,0.16413120642588
"FT0685NR","3-Hydroxyglutaric acid",NA,"Hydroxy acids and derivatives","Beta hydroxy acids and derivatives",0.377482247085011,FALSE,-0.0985514028894044,-0.164036547593174,0.756152125414951,0.970179334647934,6,-0.433638300785767,0.283106026983433,0.781484755673081,8,"RNA negative / Protein negative",TRUE,0.298837424189471,0.164036547593174
"FT3854PR","Psilocybine","C07576","Indoles and derivatives","Tryptamines and derivatives",0.127946840901332,FALSE,0.0617216743151975,0.746771312437085,0.0880680368608611,0.760267849808906,6,0.163870329995175,0.698199429901238,0.941022348115419,8,"RNA positive / Protein positive",TRUE,0.45532082121613,0.163870329995175
"FT1380PR","cis-Aconitic acid","C00417","Carboxylic acids and derivatives","Tricarboxylic acids and derivatives",0.579587936289244,FALSE,-0.169152273553253,0.703795709359035,0.118611437463523,0.765141115763805,6,0.163762893697871,0.698390206226115,0.941022348115419,8,"RNA positive / Protein positive",TRUE,0.433779301528453,0.163762893697871
"FT2686PR","2,5-Dimethoxy-4-(ethylthio)phenethylamine",NA,"Benzene and substituted derivatives","Methoxybenzenes",0.138371910589869,FALSE,-0.105451612108753,-0.756909016914124,0.0814573238784502,0.760267849808906,6,-0.163675235365333,0.698545872728578,0.941022348115419,8,"RNA negative / Protein negative",TRUE,0.460292126139729,0.163675235365333
"FT4204NR","Tiapride",NA,"Benzene and substituted derivatives","Benzenesulfonyl compounds",0.566081457381357,FALSE,-0.205970871122068,-0.417464220657714,0.410180744658135,0.899856267857053,6,-0.163584644637228,0.69870675631955,0.941022348115419,8,"RNA negative / Protein negative",TRUE,0.290524432647471,0.163584644637228
"FT4495NR","N-Stearoyl Taurine",NA,"Fatty Acyls","Fatty amides",0.605920371259431,FALSE,-0.211172154560504,0.486729569174834,0.327560144438833,0.876885269600792,6,0.162941503331049,0.6998492173665,0.941022348115419,8,"RNA positive / Protein positive",TRUE,0.324835536252941,0.162941503331049
"FT3301NR","Dodecyl benzenesulfonate",NA,"Benzene and substituted derivatives","Benzenesulfonic acids and derivatives",0.0920913020648896,FALSE,0.0116564872739127,-0.448950016644543,0.371819286174087,0.877630397244442,6,-0.162789462227577,0.700119371577416,0.941022348115419,8,"RNA negative / Protein negative",TRUE,0.30586973943606,0.162789462227577
"FT3752NR","Adenosine monophosphate","C00020","Purine nucleotides","Purine ribonucleotides",0.00204964774581758,FALSE,0.0153816340817158,0.162084534200086,0.759002292209979,0.970179334647934,6,0.455164918227344,0.257113187369572,0.770668274983688,8,"RNA positive / Protein positive",TRUE,0.308624726213715,0.162084534200086
"FT7104NR","OKOHA-PA",NA,"Glycerophospholipids","Glycerophosphates",0.967041548490377,FALSE,0.407031256126396,0.772710180951507,0.0716200215235235,0.760267849808906,6,0.161879093210146,0.701737534561275,0.941022348115419,8,"RNA positive / Protein positive",TRUE,0.467294637080827,0.161879093210146
"FT4278PR","gamma-Glutamyltryptophan",NA,"Carboxylic acids and derivatives","Amino acids, peptides, and analogues",0.102000286932262,FALSE,-0.0551270739021696,-0.498893285136102,0.313745972157466,0.876885269600792,6,-0.161833423641778,0.701818737172546,0.941022348115419,8,"RNA negative / Protein negative",TRUE,0.33036335438894,0.161833423641778
"FT0897NR","Phosphodimethylethanolamine","C13482","Organic phosphoric acids and derivatives","Phosphate esters",0.15474699079846,FALSE,0.0303705076920629,-0.161057022738681,0.760503324306945,0.970179334647934,6,-0.206356019518514,0.62392616737906,0.941022348115419,8,"RNA negative / Protein negative",TRUE,0.183706521128597,0.161057022738681
"FT0302PR","Vinyl carbamate",NA,"Carboxylic acids and derivatives","Amino acids, peptides, and analogues",0.345357613282653,FALSE,0.114580497221464,0.350074239036643,0.496339785761726,0.926723009388672,6,0.160530212263446,0.704136943787433,0.941022348115419,8,"RNA positive / Protein positive",TRUE,0.255302225650045,0.160530212263446
"FT4886NR","Epanolol","C11773","Phenol ethers","Unclassified",0.176601203846829,FALSE,-0.143855235270803,-0.820100658397286,0.0456345489265825,0.717627196300257,6,-0.160357615958063,0.704444114994016,0.941022348115419,8,"RNA negative / Protein negative",TRUE,0.490229137177675,0.160357615958063
"FT6174NR","Phosphoaminophosphonic acid-guanylate ester",NA,"Purine nucleotides","Purine ribonucleotides",0.5686493436629,FALSE,0.200572402022646,-0.548142666422219,0.260133578044758,0.872427299627174,6,-0.159890710649213,0.705275245431332,0.941022348115419,8,"RNA negative / Protein negative",TRUE,0.354016688535716,0.159890710649213
"FT4222PR","EPA (d5)","C06428","Fatty Acyls","Fatty acids and conjugates",0.124695349308704,FALSE,-0.0871334468665038,-0.801080307230312,0.0554180352024795,0.72308367718528,6,-0.158005359771815,0.708633911259787,0.941022348115419,8,"RNA negative / Protein negative",TRUE,0.479542833501063,0.158005359771815
"FT4819PR","Semiplenamide F",NA,"Epoxides","Oxirane carboxylic acids and derivatives",0.517727622695069,FALSE,-0.248011022072719,-0.585529260965971,0.222078856429106,0.865298849559908,6,-0.155979755317585,0.712247007872052,0.941022348115419,8,"RNA negative / Protein negative",TRUE,0.370754508141778,0.155979755317585
"FT5745PR","(22E,24E)-1alpha,25-dihydroxy-26,27-dimethyl-22,23,24,24a-tetradehydro-24a-homovitamin D3",NA,"Steroids and steroid derivatives","Vitamin D and derivatives",0.973934343288588,FALSE,0.571844488342828,-0.427996034725201,0.397206234359944,0.892677652394479,6,-0.155763460295905,0.712633093824746,0.941022348115419,8,"RNA negative / Protein negative",TRUE,0.291879747510553,0.155763460295905
"FT1495NR","Monobutylphthalate",NA,"Benzene and substituted derivatives","Benzoic acids and derivatives",0.0709144659761448,FALSE,0.033270417138901,0.327202172690641,0.526712079702224,0.934141862527685,6,0.155466111623295,0.713163947330118,0.941022348115419,8,"RNA positive / Protein positive",TRUE,0.241334142156968,0.155466111623295
"FT7006NR","PHHdiA-PE",NA,"Glycerophospholipids","Glycerophosphoethanolamines",0.710579472035881,FALSE,0.170879234529165,0.600382020447302,0.207633391744126,0.849464846811998,6,0.155263071995348,0.71352648968617,0.941022348115419,8,"RNA positive / Protein positive",TRUE,0.377822546221325,0.155263071995348
"FT1339NR","N-Acetyl-L-phenylalanine","C03519","Carboxylic acids and derivatives","Amino acids, peptides, and analogues",1.43496320924959,TRUE,0.691210836114116,0.243668504538156,0.641731071523289,0.952289076557119,6,0.155218081772688,0.713606829417269,0.941022348115419,8,"RNA positive / Protein positive",TRUE,0.199443293155422,0.155218081772688
"FT2911PR","Histidylvaline",NA,"Carboxylic acids and derivatives","Amino acids, peptides, and analogues",0.686023686250351,FALSE,0.806118388785403,0.592945171850276,0.214817253002419,0.855762031526234,6,0.155104314662213,0.713809995350716,0.941022348115419,8,"RNA positive / Protein positive",TRUE,0.374024743256245,0.155104314662213
"FT7527PR","PC(21:0/15:1)",NA,"Glycerophospholipids","Glycerophosphocholines",0.122692926327698,FALSE,0.137522493932044,0.406641181539852,0.423658720890759,0.902464442203746,6,0.154883197382924,0.714204909832219,0.941022348115419,8,"RNA positive / Protein positive",TRUE,0.280762189461388,0.154883197382924
"FT4571NR","PA(15:0/0:0)",NA,"Glycerophospholipids","Glycerophosphates",0.495791767607001,FALSE,-0.101081539708292,-0.154776036166356,0.769689823810347,0.970179334647934,6,-0.600012700213723,0.115830246468126,0.683335624083641,8,"RNA negative / Protein negative",TRUE,0.37739436819004,0.154776036166356
"FT7338PR","DG(i-16:0/0:0/LTE4)",NA,"Fatty Acyls","Eicosanoids",2.51251632042194,TRUE,2.3606698268655,0.154739281029318,0.7697436360913,0.970179334647934,6,0.435055865682512,0.281356370874842,0.781296376493086,8,"RNA positive / Protein positive",TRUE,0.294897573355915,0.154739281029318
"FT2404NR","5-Benzylacyclouridine",NA,"Diazines","Pyrimidines and pyrimidine derivatives",0.375695507668397,FALSE,0.157737227203562,-0.154192593959978,0.770544100969489,0.970179334647934,6,-0.419805169915231,0.300456921567396,0.798681961381259,8,"RNA negative / Protein negative",TRUE,0.286998881937604,0.154192593959978
"FT5686PR","(8Z,11Z,14Z,17Z)-Icosa-8,11,14,17-tetraenoylcarnitine",NA,"Fatty Acyls","Fatty acid esters",0.569833176945924,FALSE,-0.170431315188284,-0.154159896200559,0.770591981754575,0.970179334647934,6,-0.67127786638847,0.0683486267145659,0.632530718869754,8,"RNA negative / Protein negative",TRUE,0.412718881294514,0.154159896200559
"FT6013NR","LysoPE(0:0/20:2)",NA,"Glycerophospholipids","Glycerophosphoethanolamines",0.053929261293049,FALSE,0.0216922397601652,-0.153541744209614,0.771497262155599,0.970179334647934,6,-0.580407883519048,0.131440078306601,0.70272845909954,8,"RNA negative / Protein negative",TRUE,0.366974813864331,0.153541744209614
"FT0497NR","L-Aspartic acid","C00049","Carboxylic acids and derivatives","Amino acids, peptides, and analogues",0.0568393778502109,FALSE,-0.00275107667740518,-0.153516914247652,0.771533629188494,0.970179334647934,6,-0.790501533785639,0.0195265391424007,0.514258380867485,8,"RNA negative / Protein negative",TRUE,0.472009224016646,0.153516914247652
"FT3036NR","Necatorine","C08594","Coumarins and derivatives","Unclassified",0.137139247482012,FALSE,0.0250690199801325,0.223805443694392,0.669896916087269,0.952289076557119,6,0.153185337829456,0.717239120869766,0.941643772341087,8,"RNA positive / Protein positive",TRUE,0.188495390761924,0.153185337829456
"FT3769NR","2-(3,7-Dimethyl-2,6-octadienyl)-4-hydroxy-6-methoxyacetophenone",NA,"Organooxygen compounds","Carbonyl compounds",0.16745962598992,FALSE,0.0701448096328461,0.152628292388619,0.772835329645403,0.970179334647934,6,0.170053542941176,0.687243332989767,0.941022348115419,8,"RNA positive / Protein positive",TRUE,0.161340917664898,0.152628292388619
"FT1976PR","Isonicotinylglycine","C16623","Carboxylic acids and derivatives","Amino acids, peptides, and analogues",0.661858224807441,FALSE,0.547038330822499,-0.151446675247021,0.774566784828492,0.970179334647934,6,-0.369732902006676,0.367339010300571,0.820625930062494,8,"RNA negative / Protein negative",TRUE,0.260589788626849,0.151446675247021
"FT1488PR","Cysteine isopropyl ester",NA,"Carboxylic acids and derivatives","Amino acids, peptides, and analogues",0.236565038520558,FALSE,0.123287160230082,0.683341734457279,0.134532634525507,0.777485875998432,6,0.151377453419905,0.720473509709667,0.942458694993899,8,"RNA positive / Protein positive",TRUE,0.417359593938592,0.151377453419905
"FT1939NR","1,2-Difluoro-3,4-dinitrobenzene",NA,"Benzene and substituted derivatives","Nitrobenzenes",0.126605335644835,FALSE,0.0256138346959637,0.223183710851154,0.670782932151012,0.952289076557119,6,0.15050954843975,0.72202752250505,0.942458694993899,8,"RNA positive / Protein positive",TRUE,0.186846629645452,0.15050954843975
"FT7594PR","SM(d18:2/20:5-OH)",NA,"Organonitrogen compounds","Quaternary ammonium salts",3.26945093288781,TRUE,4.1504658419815,0.150320042140061,0.776218261274595,0.970179334647934,6,0.388463258823483,0.341589798753225,0.804638828109801,8,"RNA positive / Protein positive",TRUE,0.269391650481772,0.150320042140061
"FT4468NR","N-Arachidonoyl GABA",NA,"Carboxylic acids and derivatives","Amino acids, peptides, and analogues",1.05989441358365,FALSE,0.370516439677479,0.5923549334991,0.215391642762726,0.855762031526234,6,0.149980994347938,0.722974323672348,0.942458694993899,8,"RNA positive / Protein positive",TRUE,0.371167963923519,0.149980994347938
"FT2654PR","1-hydroxy-2-Oxopropyl tetrahydropterin",NA,"Pteridines and derivatives","Pterins and derivatives",0.594027385671007,FALSE,0.277334094749682,0.149741446071239,0.777066619730684,0.970179334647934,6,0.464137149389863,0.246648047796187,0.767471827294385,8,"RNA positive / Protein positive",TRUE,0.306939297730551,0.149741446071239
"FT2259NR","Ser-Tyr",NA,"Carboxylic acids and derivatives","Amino acids, peptides, and analogues",1.1901528453299,FALSE,1.22956408831327,-0.228709323227466,0.662917673598919,0.952289076557119,6,-0.149112409268119,0.724530890470714,0.942458694993899,8,"RNA negative / Protein negative",TRUE,0.188910866247792,0.149112409268119
"FT2235PR","Cyclo(Pro-Leu)",NA,"Carboxylic acids and derivatives","Amino acids, peptides, and analogues",0.0333761556810768,FALSE,-0.0561294715642529,-0.503812589210489,0.308221766725153,0.876885269600792,6,-0.147394783980642,0.727611422540858,0.944083240203619,8,"RNA negative / Protein negative",TRUE,0.325603686595566,0.147394783980642
"FT6596PR","PC(18:1/2:0)",NA,"Glycerophospholipids","Glycerophosphocholines",0.0330540805677941,FALSE,-0.0102652583616863,-0.487080740243319,0.327158269521556,0.876885269600792,6,-0.146462993060086,0.729283911035729,0.944488235197464,8,"RNA negative / Protein negative",TRUE,0.316771866651702,0.146462993060086
"FT7359PR","PA(5-iso PGF2VI/19:2)",NA,"Fatty Acyls","Eicosanoids",2.60380672439955,TRUE,2.59194921060995,0.146093867905165,0.782418269404716,0.970179334647934,6,0.404437009118925,0.320314699105786,0.801120750861266,8,"RNA positive / Protein positive",TRUE,0.275265438512045,0.146093867905165
"FT7821PR","PC(PGF1alpha/P-16:0)",NA,"Fatty Acyls","Eicosanoids",2.27548647745523,FALSE,2.05637442589772,0.145021359164475,0.783992947467169,0.970179334647934,6,0.427921928176132,0.290215315494957,0.784067374808866,8,"RNA positive / Protein positive",TRUE,0.286471643670303,0.145021359164475
"FT1363PR","2,4-Dihydroxy-nitrophenol",NA,"Phenols","Nitrophenols",0.517399138942518,FALSE,0.248893018398946,-0.236716377994712,0.651557591946835,0.952289076557119,6,-0.144642200502694,0.732554773204807,0.944488235197464,8,"RNA negative / Protein negative",TRUE,0.190679289248703,0.144642200502694
"FT7151NR","FA(40:6)",NA,"Fatty Acyls","Fatty acids and conjugates",0.351721570791476,FALSE,-0.111592950521355,0.342168007808144,0.506778323068321,0.931571565774147,6,0.14338832719333,0.73480927454348,0.944488235197464,8,"RNA positive / Protein positive",TRUE,0.242778167500737,0.14338832719333
"FT2117PR","Car(2:0)","C02571","Fatty Acyls","Fatty acid esters",0.784206096846968,FALSE,-0.347376449225657,-0.238889785574051,0.648481842155695,0.952289076557119,6,-0.143109875599487,0.735310163952945,0.944488235197464,8,"RNA negative / Protein negative",TRUE,0.190999830586769,0.143109875599487
"FT4667PR","3-hydroxydodecanoyl carnitine",NA,"Fatty Acyls","Fatty acid esters",1.35438638947589,TRUE,-0.546085895998188,-0.142454409205459,0.787763818281441,0.970179334647934,6,-0.461724129325024,0.249441042980771,0.770668274983688,8,"RNA negative / Protein negative",TRUE,0.302089269265241,0.142454409205459
"FT2014NR","N-lactoyl-Tyrosine",NA,"Carboxylic acids and derivatives","Amino acids, peptides, and analogues",1.95551097599741,TRUE,1.65517497455375,0.141877430379957,0.788611794388381,0.970179334647934,6,0.306451786128228,0.460364000558307,0.86488870185752,8,"RNA positive / Protein positive",TRUE,0.224164608254092,0.141877430379957
"FT3100NR","cinnamoyltyramine",NA,"Cinnamic acids and derivatives","Cinnamic acid amides",0.166063355823828,FALSE,0.0408753095195975,-0.811430971176269,0.0499848229131927,0.717627196300257,6,-0.141558278587977,0.738102724581229,0.944488235197464,8,"RNA negative / Protein negative",TRUE,0.476494624882123,0.141558278587977
"FT3829PR","8,11,14,17-eicosatetraenoic acid",NA,"Fatty Acyls","Fatty acids and conjugates",0.0114496905721079,FALSE,-0.0010308766207727,-0.783168324819947,0.0654266866931652,0.760267849808906,6,-0.14150309777266,0.738202085161026,0.944488235197464,8,"RNA negative / Protein negative",TRUE,0.462335711296303,0.14150309777266
"FT3795PR","14(R)-Hydroxy-retro-vitamin A",NA,"Prenol lipids","Retinoids",0.381482190093717,FALSE,-0.171647483622654,-0.353241591006742,0.492176289522487,0.923262841337711,6,-0.140981300817901,0.739141808097717,0.944488235197464,8,"RNA negative / Protein negative",TRUE,0.247111445912322,0.140981300817901
"FT2709NR","Tuliposide B",NA,"Organooxygen compounds","Carbohydrates and carbohydrate conjugates",0.903566780335762,FALSE,0.69507608580123,-0.140773339778335,0.790234852344656,0.970179334647934,6,-0.333281744293968,0.419829517583249,0.850374670932717,8,"RNA negative / Protein negative",TRUE,0.237027542036152,0.140773339778335
"FT1647PR","N2-Acetylornithine","C00437","Carboxylic acids and derivatives","Amino acids, peptides, and analogues",0.396136994302901,FALSE,0.168453583549765,0.237321515621004,0.650700878650336,0.952289076557119,6,0.139700312396152,0.74144998087912,0.944819592880144,8,"RNA positive / Protein positive",TRUE,0.188510914008578,0.139700312396152
"FT3476PR","3-Hydroxydodecanedioic acid",NA,"Hydroxy acids and derivatives","Medium-chain hydroxy acids and derivatives",0.0447971433360551,FALSE,-0.019673546683187,-0.382998560467656,0.453592786054367,0.913166175765406,6,-0.139679872048666,0.741486825402352,0.944819592880144,8,"RNA negative / Protein negative",TRUE,0.261339216258161,0.139679872048666
"FT5883PR","Cervonyl carnitine",NA,"Fatty Acyls","Fatty acid esters",0.649774549686291,FALSE,-0.209059684837686,-0.139536765226592,0.792053278071227,0.970179334647934,6,-0.468331173590974,0.241831457581964,0.767471827294385,8,"RNA negative / Protein negative",TRUE,0.303933969408783,0.139536765226592
"FT2921PR","7,8-Dihydroneopterin","C04874","Pteridines and derivatives","Pterins and derivatives",0.0754957852447229,FALSE,0.0237668990812654,0.138712800889591,0.793265301890525,0.970179334647934,6,0.234496927151934,0.576170745756398,0.918463204116019,8,"RNA positive / Protein positive",TRUE,0.186604864020763,0.138712800889591
"FT7217PR","PA(PGJ2/a-15:0)",NA,"Fatty Acyls","Eicosanoids",2.54895517813215,TRUE,2.44808304632822,0.138290709054953,0.793886294318652,0.970179334647934,6,0.418455240867995,0.302176865134921,0.79985900943627,8,"RNA positive / Protein positive",TRUE,0.278372974961474,0.138290709054953
"FT2710NR","Moringyne",NA,"Organooxygen compounds","Carbohydrates and carbohydrate conjugates",0.424944933201586,FALSE,-0.131732474562036,0.218255887329303,0.677814547609992,0.952289076557119,6,0.136976295868596,0.746363885904253,0.945471237871938,8,"RNA positive / Protein positive",TRUE,0.177616091598949,0.136976295868596
"FT4988NR","11beta,20-Dihydroxy-3-oxopregn-4-en-21-oic acid",NA,"Steroids and steroid derivatives","Androstane steroids",0.13445875991576,FALSE,0.0586495073075648,0.135912182631136,0.797387019221101,0.970179334647934,6,0.337940027147178,0.412952015615936,0.848861569349546,8,"RNA positive / Protein positive",TRUE,0.236926104889157,0.135912182631136
"FT6136PR","LysoPE(20:4/0:0)",NA,"Glycerophospholipids","Glycerophosphoethanolamines",0.0602897883239757,FALSE,0.0279773895426264,-0.153579179881397,0.771442432793435,0.970179334647934,6,-0.135892586016163,0.748320898456684,0.945471237871938,8,"RNA negative / Protein negative",TRUE,0.14473588294878,0.135892586016163
"FT6667PR","LysoPC(22:4/0:0)","C04230","Glycerophospholipids","Glycerophosphocholines",0.0746630135447767,FALSE,0.0629814266783962,-0.135553230869228,0.797915527207748,0.970179334647934,6,-0.533140609252038,0.173632976644373,0.738625629999979,8,"RNA negative / Protein negative",TRUE,0.334346920060633,0.135553230869228
"FT3532NR","Hepsulfam",NA,"Organic sulfuric acids and derivatives","Unclassified",0.242671749841205,FALSE,0.0406789909537656,-0.843756812679698,0.0347108012201019,0.717627196300257,6,-0.135144961827815,0.749671677600717,0.945471237871938,8,"RNA negative / Protein negative",TRUE,0.489450887253757,0.135144961827815
"FT1296NR","4-(2-Aminoethyl)benzenesulfonyl fluoride",NA,"Benzene and substituted derivatives","Phenethylamines",0.19291400777584,FALSE,-0.0679384237662507,0.546598079432117,0.261756287486255,0.872427299627174,6,0.134586539535951,0.750680976934455,0.945471237871938,8,"RNA positive / Protein positive",TRUE,0.340592309484034,0.134586539535951
"FT1169NR","4-Acetamidobutanoic acid","C02946","Carboxylic acids and derivatives","Amino acids, peptides, and analogues",1.98833843299756,FALSE,1.84658936521874,0.13438258455873,0.799639509142969,0.970179334647934,6,0.640415106739763,0.0871436232667873,0.646160695925008,8,"RNA positive / Protein positive",TRUE,0.387398845649247,0.13438258455873
"FT1829NR","Cyclo(L-Pro-L-Val)",NA,"Carboxylic acids and derivatives","Amino acids, peptides, and analogues",0.23730504275104,FALSE,0.0581522713935632,0.134344985364045,0.799694889732252,0.970179334647934,6,0.170839399858181,0.685854222943411,0.941022348115419,8,"RNA positive / Protein positive",TRUE,0.152592192611113,0.134344985364045
"FT5660PR","3-beta-Hydroxy-4-beta-methyl-5-alpha-cholest-7-ene-4-alpha-carboxylate","C04840","Steroids and steroid derivatives","Cholestane steroids",0.0709688218133407,FALSE,0.0310540998589802,0.62074183879045,0.18847949806708,0.842783223920486,6,0.133626597898843,0.752416708885538,0.945471237871938,8,"RNA positive / Protein positive",TRUE,0.377184218344646,0.133626597898843
"FT7357PR","PE(21:0/14:0)",NA,"Glycerophospholipids","Glycerophosphoethanolamines",0.193463754718806,FALSE,-0.0536128015969062,-0.13353019320949,0.800895152722225,0.970179334647934,6,-0.512547362902788,0.194019691969707,0.738625629999979,8,"RNA negative / Protein negative",TRUE,0.323038778056139,0.13353019320949
"FT1284NR","4-hydroxy-undecanoic acid",NA,"Hydroxy acids and derivatives","Medium-chain hydroxy acids and derivatives",0.336304849181568,FALSE,0.141768706796799,0.545808301392265,0.262587523371768,0.872427299627174,6,0.132918736192458,0.75369722034391,0.945471237871938,8,"RNA positive / Protein positive",TRUE,0.339363518792362,0.132918736192458
"FT1615PR","TRIETHYLENE GLYCOL",NA,"Organooxygen compounds","Ethers",1.42594358836286,FALSE,-0.814745580410936,-0.524263928899601,0.285651776223649,0.876885269600792,6,-0.132622018812104,0.754234123833496,0.945471237871938,8,"RNA negative / Protein negative",TRUE,0.328442973855852,0.132622018812104
"FT1225PR","Purpald",NA,"Azoles","Triazoles",1.29511802630749,TRUE,0.563202759811597,0.292601472469931,0.573623419781795,0.934141862527685,6,0.131732346343235,0.755844481305771,0.945471237871938,8,"RNA positive / Protein positive",TRUE,0.212166909406583,0.131732346343235
"FT3987NR","SCHEMBL16685713",NA,"Fatty Acyls","Fatty acids and conjugates",0.939027424368453,FALSE,0.38655527258371,0.187751110632353,0.721682492393796,0.961800479900299,6,0.131692444179594,0.755916724520798,0.945471237871938,8,"RNA positive / Protein positive",TRUE,0.159721777405973,0.131692444179594
"FT5014PR","1alpha-Hydroxypregnacalciferol",NA,"Steroids and steroid derivatives","Vitamin D and derivatives",0.618838083255014,FALSE,0.160057593767147,0.267737472522233,0.607989951253371,0.941660674157451,6,0.131439090087076,0.756375460349857,0.945471237871938,8,"RNA positive / Protein positive",TRUE,0.199588281304654,0.131439090087076
"FT1534PR","Pyridoxal","C00250","Pyridines and derivatives","Pyridine carboxaldehydes",0.139873946574033,FALSE,0.00648463817341584,-0.130314291081908,0.805635049933469,0.970179334647934,6,-0.430034649088379,0.287577771642584,0.784067374808866,8,"RNA negative / Protein negative",TRUE,0.280174470085144,0.130314291081908
"FT5425PR","Drophiobiolin B",NA,"Prenol lipids","Sesterterpenoids",1.31309746964949,FALSE,0.851485507436849,0.129721929525843,0.806508571691987,0.970179334647934,6,0.35254367233269,0.391709187863356,0.83238202420963,8,"RNA positive / Protein positive",TRUE,0.241132800929266,0.129721929525843
"FT5167PR","5-Taurinomethyl-2-thiouridine",NA,"Pyrimidine nucleosides","Unclassified",1.84006430912707,FALSE,-1.54630513866162,0.571032966853391,0.236551378969557,0.866884510440095,6,0.129593238020823,0.759719523728143,0.945471237871938,8,"RNA positive / Protein positive",TRUE,0.350313102437107,0.129593238020823
"FT6082PR","LysoPC(0:0/16:0)",NA,"Glycerophospholipids","Glycerophosphocholines",0.140181768853212,FALSE,-0.0291815851397677,-0.372593045351035,0.466973154309678,0.913637146489099,6,-0.129339685818821,0.760179130424927,0.945471237871938,8,"RNA negative / Protein negative",TRUE,0.250966365584928,0.129339685818821
"FT5002NR","S-(1,2-Dicarboxyethyl)glutathione",NA,"Carboxylic acids and derivatives","Amino acids, peptides, and analogues",0.671707552546639,FALSE,-0.230243850678122,0.264959027993679,0.611861955288017,0.941660674157451,6,0.129197928095713,0.760436117256293,0.945471237871938,8,"RNA positive / Protein positive",TRUE,0.197078478044696,0.129197928095713
"FT6180PR","(13Z)-3-Hydroxyicos-13-enoylcarnitine",NA,"Fatty Acyls","Fatty acid esters",0.36251904806021,FALSE,0.165686990864795,-0.129016746862091,0.807548642287932,0.970179334647934,6,-0.285554157628346,0.492979492369672,0.880460366680138,8,"RNA negative / Protein negative",TRUE,0.207285452245219,0.129016746862091
"FT1156NR","Carglumic acid","C05829","Carboxylic acids and derivatives","Amino acids, peptides, and analogues",0.626082502871103,FALSE,-0.252643800160155,-0.128591685244117,0.80817565671151,0.970179334647934,6,-0.791464781149864,0.0192734432534923,0.514258380867485,8,"RNA negative / Protein negative",TRUE,0.46002823319699,0.128591685244117
"FT5326NR","Ximaosteroid B",NA,"Steroids and steroid derivatives","Steroid esters",0.433725234576266,FALSE,0.147061163634047,-0.127424753886054,0.8098973713616,0.970179334647934,6,-0.168525019680618,0.689947395493001,0.941022348115419,8,"RNA negative / Protein negative",TRUE,0.147974886783336,0.127424753886054
"FT4594NR","Almokalant",NA,"Phenol ethers","Unclassified",0.0763653701175553,FALSE,0.0419481558140964,-0.736108827455717,0.0952693269883774,0.760267849808906,6,-0.127243917198014,0.763980406561266,0.945471237871938,8,"RNA negative / Protein negative",TRUE,0.431676372326865,0.127243917198014
"FT3028NR","D-ribulose-1,5-bisphosphate","C01182","Organooxygen compounds","Carbohydrates and carbohydrate conjugates",1.054757593155,FALSE,-0.565564560673653,-0.126844991769723,0.810752958229182,0.970179334647934,6,-0.398609276401722,0.328002362550619,0.802167812667491,8,"RNA negative / Protein negative",TRUE,0.262727134085722,0.126844991769723
"FT3246NR","FA(18:4)",NA,"Fatty Acyls","Fatty acids and conjugates",0.121313899776002,FALSE,0.000273442353997514,-0.126509128596692,0.811248668550405,0.970179334647934,6,-0.615573973848623,0.104228013884911,0.675854684599613,8,"RNA negative / Protein negative",TRUE,0.371041551222657,0.126509128596692
"FT4333NR","FA(22:3;O3)",NA,"Fatty Acyls","Eicosanoids",0.0107516416829457,FALSE,0.0130713408824974,-0.126429722873037,0.81136587205169,0.970179334647934,6,-0.127033972995193,0.764361428779436,0.945471237871938,8,"RNA negative / Protein negative",TRUE,0.126731847934115,0.126429722873037
"FT7679PR","PC(18:2/18:2)",NA,"Glycerophospholipids","Glycerophosphocholines",1.72548878230559,FALSE,-2.27649686124251,-0.408831022507106,0.420920048168452,0.899856267857053,6,-0.12640692230106,0.765499692336608,0.945471237871938,8,"RNA negative / Protein negative",TRUE,0.267618972404083,0.12640692230106
"FT6334PR","LysoPE(22:5/0:0)",NA,"Glycerophospholipids","Glycerophosphoethanolamines",1.14079698239734,FALSE,0.485732052413946,0.492073467905653,0.321464222027769,0.876885269600792,6,0.125703256427446,0.766777469484283,0.945471237871938,8,"RNA positive / Protein positive",TRUE,0.30888836216655,0.125703256427446
"FT7550NR","curcumin diglucoside",NA,"Diarylheptanoids","Linear diarylheptanoids",0.485029898588937,FALSE,0.223693962665648,0.124530238693281,0.814170235754311,0.970179334647934,6,0.369834480162884,0.367197076819404,0.820625930062494,8,"RNA positive / Protein positive",TRUE,0.247182359428082,0.124530238693281
"FT1025NR","S-Carboxymethyl-L-cysteine",NA,"Carboxylic acids and derivatives","Amino acids, peptides, and analogues",0.573741265618534,FALSE,0.206185219902012,0.553554658730612,0.254478885129638,0.872427299627174,6,0.124518006307965,0.768930786216134,0.945471237871938,8,"RNA positive / Protein positive",TRUE,0.339036332519288,0.124518006307965
"FT3902NR","13,14-Dihydroprostaglandin F2alpha",NA,"Fatty Acyls","Eicosanoids",0.00809330451569232,FALSE,-0.0193865515936691,0.124229660436508,0.814614128049971,0.970179334647934,6,0.2379563171586,0.57038811840093,0.914983932164438,8,"RNA positive / Protein positive",TRUE,0.181092988797554,0.124229660436508
"FT4916NR","Trazodone","C07156","Diazinanes","Piperazines",1.03827406467094,FALSE,0.394755331461682,0.124169591816778,0.814702841092552,0.970179334647934,6,0.389103986655137,0.340724165410486,0.804638828109801,8,"RNA positive / Protein positive",TRUE,0.256636789235957,0.124169591816778
"FT1138NR","Glutarylglycine",NA,"Carboxylic acids and derivatives","Amino acids, peptides, and analogues",0.747584111518697,FALSE,0.195499267402462,0.427964588293459,0.397244764077773,0.892677652394479,6,0.123601286717651,0.770597133458106,0.945471237871938,8,"RNA positive / Protein positive",TRUE,0.275782937505555,0.123601286717651
"FT4141NR","19-Hydroxyprostaglandin E1",NA,"Fatty Acyls","Eicosanoids",0.301819388079297,FALSE,0.188715726048662,0.577035562420345,0.230514433605654,0.866884510440095,6,0.12349926055773,0.770782636848483,0.945471237871938,8,"RNA positive / Protein positive",TRUE,0.350267411489038,0.12349926055773
"FT2579PR","Hypusine",NA,"Carboxylic acids and derivatives","Amino acids, peptides, and analogues",0.187123797954447,FALSE,-0.0691844709349538,0.123277409270356,0.816020629190781,0.970179334647934,6,0.263653401968227,0.528081336108613,0.910838453531455,8,"RNA positive / Protein positive",TRUE,0.193465405619291,0.123277409270356
"FT1363NR","Dehydroascorbic acid","C05422","Lactones","Gamma butyrolactones",0.304296772074879,FALSE,0.109290089774632,0.582048280113273,0.225520796314716,0.866884510440095,6,0.122733098093874,0.772175971964028,0.945471237871938,8,"RNA positive / Protein positive",TRUE,0.352390689103573,0.122733098093874
"FT5982NR","Acetyl-4,4'-diapolycopene-4,4'-dioate",NA,"Prenol lipids","Triterpenoids",0.730685723857861,FALSE,0.279123050791315,0.712113636963834,0.112388033711942,0.763983744376561,6,0.122151198281058,0.773234564702769,0.945471237871938,8,"RNA positive / Protein positive",TRUE,0.417132417622446,0.122151198281058
"FT6631NR","LysoPS(22:6/0:0)",NA,"Glycerophospholipids","Glycerophosphoserines",0.81720556639081,FALSE,0.417641217349462,-0.121540092189586,0.818587556472487,0.970179334647934,6,-0.376597791446793,0.357802624690825,0.817897131271182,8,"RNA negative / Protein negative",TRUE,0.24906894181819,0.121540092189586
"FT5570NR","N-Arachidonoyl tyrosine",NA,"Carboxylic acids and derivatives","Amino acids, peptides, and analogues",1.06188065566863,FALSE,0.473263288700445,-0.120877188932937,0.819567302721904,0.970179334647934,6,-0.154109190358495,0.71558771908476,0.941250131626557,8,"RNA negative / Protein negative",TRUE,0.137493189645716,0.120877188932937
"FT0611NR","(-)-5-(2-Propenyl)-2-oxazolidinethione",NA,"Azolidines","Oxazolidines",1.03655238369706,FALSE,0.421423660596248,0.120482065284002,0.820151356569794,0.970179334647934,6,0.376247629851218,0.358286300110176,0.817897131271182,8,"RNA positive / Protein positive",TRUE,0.24836484756761,0.120482065284002
"FT0593NR","Paramethadione","C07411","Azolidines","Oxazolidines",0.238549661074369,FALSE,-0.054409647488453,-0.480054802850018,0.335232737752435,0.876885269600792,6,-0.120331870235588,0.776546252961899,0.945471237871938,8,"RNA negative / Protein negative",TRUE,0.300193336542803,0.120331870235588
"FT2866NR","1,1,1-Tri(butyryloxy)propane",NA,"Carboxylic acids and derivatives","Tricarboxylic acids and derivatives",0.107268798947112,FALSE,0.0419709812514661,0.470960704476207,0.345789423839152,0.876885269600792,6,0.119963012890939,0.777218037312884,0.945471237871938,8,"RNA positive / Protein positive",TRUE,0.295461858683573,0.119963012890939
"FT1872NR","O-Phosphothreonine","C12147","Carboxylic acids and derivatives","Amino acids, peptides, and analogues",0.654560535753741,FALSE,0.180081135837397,0.537785429785182,0.271089169379986,0.872427299627174,6,0.118777165373736,0.779378587111432,0.945471237871938,8,"RNA positive / Protein positive",TRUE,0.328281297579459,0.118777165373736
"FT1302NR","Isopentenyladenine","C04083","Imidazopyrimidines","Purines and purine derivatives",1.72117636906983,TRUE,1.13725818586392,0.118554920244398,0.823000780287824,0.970179334647934,6,0.644155583783861,0.084723153495784,0.646160695925008,8,"RNA positive / Protein positive",TRUE,0.381355252014129,0.118554920244398
"FT0676PR","2-Mercaptopyridine",NA,"Pyridines and derivatives","Hydropyridines",0.240082460542428,FALSE,0.0657034062922804,-0.591132191567453,0.216583521645525,0.855762031526234,6,-0.118547161562489,0.779797784944876,0.945471237871938,8,"RNA negative / Protein negative",TRUE,0.354839676564971,0.118547161562489
"FT1238PR","Thiomorpholine 3-carboxylate","C03901","Carboxylic acids and derivatives","Amino acids, peptides, and analogues",0.0856325893187255,FALSE,-0.0307733310261386,-0.625007190241485,0.184563740218361,0.842783223920486,6,-0.118471181237958,0.779936274528979,0.945471237871938,8,"RNA negative / Protein negative",TRUE,0.371739185739722,0.118471181237958
"FT2403NR","N-lactoyl-Tryptophan",NA,"Carboxylic acids and derivatives","Amino acids, peptides, and analogues",1.92123200125434,TRUE,1.29674390161826,0.118412981186434,0.823210699968589,0.970179334647934,6,0.636658707372346,0.0896142893739583,0.646427276261756,8,"RNA positive / Protein positive",TRUE,0.37753584427939,0.118412981186434
"FT3565NR","Imidazoleacetic acid ribotide","C04437","Organooxygen compounds","Carbohydrates and carbohydrate conjugates",0.607101564360039,FALSE,0.156129264454713,0.118406443106188,0.823220369584696,0.970179334647934,6,0.233555143789899,0.577748461964881,0.918463204116019,8,"RNA positive / Protein positive",TRUE,0.175980793448044,0.118406443106188
"FT3220NR","20-Hydroxyeicosatetraenoic acid","C14748","Fatty Acyls","Fatty acids and conjugates",0.429000566621999,FALSE,-0.189993028532587,-0.361501968490064,0.481368249824571,0.921258038504231,6,-0.118052013945261,0.780700382941708,0.945471237871938,8,"RNA negative / Protein negative",TRUE,0.239776991217663,0.118052013945261
"FT3986PR","D-gamma-Glutamyl-D-glutamic acid",NA,"Carboxylic acids and derivatives","Amino acids, peptides, and analogues",0.289069972343626,FALSE,-0.0967249748075188,-0.117602009170809,0.824410217812024,0.970179334647934,6,-0.358203288379832,0.383608523113811,0.825231915463969,8,"RNA negative / Protein negative",TRUE,0.237902648775321,0.117602009170809
"FT0536PR","D-Cycloserine","C08057","Azolines","Isoxazolines",0.321715484875694,FALSE,-0.0817003538470383,0.11741068736844,0.824693237931606,0.970179334647934,6,0.164368248596839,0.69731544838623,0.941022348115419,8,"RNA positive / Protein positive",TRUE,0.140889467982639,0.11741068736844
"FT3511NR","Ser-Glu-Thr",NA,"Carboxylic acids and derivatives","Amino acids, peptides, and analogues",2.1062979380042,FALSE,1.88960926875271,0.374571184913594,0.464420060341733,0.913637146489099,6,0.117082095381192,0.782469054066584,0.945471237871938,8,"RNA positive / Protein positive",TRUE,0.245826640147393,0.117082095381192
"FT3256NR","L-DOPA-4'-Sulfate",NA,"Carboxylic acids and derivatives","Amino acids, peptides, and analogues",0.203754645515064,FALSE,-0.135337312567718,0.117020069091179,0.825271115022605,0.970179334647934,6,0.344052561767572,0.404001434808149,0.84093611300264,8,"RNA positive / Protein positive",TRUE,0.230536315429375,0.117020069091179
"FT1299NR","1-Acetylproline",NA,"Carboxylic acids and derivatives","Amino acids, peptides, and analogues",0.74391582350421,FALSE,-0.311187382165502,0.713449735388011,0.11140210907679,0.763351397664114,6,0.116906710066225,0.782788960816536,0.945471237871938,8,"RNA positive / Protein positive",TRUE,0.415178222727118,0.116906710066225
"FT3066PR","L-Valyl-L-phenylalanine",NA,"Carboxylic acids and derivatives","Amino acids, peptides, and analogues",1.52158535104254,FALSE,1.21317066693591,0.721654432059256,0.105431796661678,0.760267849808906,6,0.116896071224509,0.782808367158712,0.945471237871938,8,"RNA positive / Protein positive",TRUE,0.419275251641883,0.116896071224509
"FT1228PR","L-Glutamine","C00064","Carboxylic acids and derivatives","Amino acids, peptides, and analogues",1.35174812404191,TRUE,0.755735065980696,0.11661620973857,0.825868637156813,0.970179334647934,6,0.41387785614707,0.308043975190482,0.801120750861266,8,"RNA positive / Protein positive",TRUE,0.26524703294282,0.11661620973857
"FT2660NR","gamma-Pyrufuran",NA,"Benzofurans","Dibenzofurans",0.109461101574928,FALSE,0.0354715008847327,0.248108452698442,0.635473826740582,0.951478587993934,6,0.11616133174863,0.784148843893672,0.945471237871938,8,"RNA positive / Protein positive",TRUE,0.182134892223536,0.11616133174863
"FT2310PR","Heptanoylcholine",NA,"Organonitrogen compounds","Quaternary ammonium salts",0.384243650407026,FALSE,-0.162496009238421,0.619890323021477,0.189265286908315,0.842783223920486,6,0.115735058360428,0.78492676038542,0.945471237871938,8,"RNA positive / Protein positive",TRUE,0.367812690690953,0.115735058360428
"FT5742NR","LysoPC(15:0/0:0)","C04230","Glycerophospholipids","Glycerophosphocholines",0.615024508076417,FALSE,0.147405264960763,0.579181161769309,0.228371654631877,0.866884510440095,6,0.115715127718456,0.784963136102503,0.945471237871938,8,"RNA positive / Protein positive",TRUE,0.347448144743882,0.115715127718456
"FT4787PR","N-Stearoyl Threonine",NA,"Carboxylic acids and derivatives","Amino acids, peptides, and analogues",0.543269710700266,FALSE,0.204189510662131,0.697630203995693,0.123318784018744,0.769221652780598,6,0.115698356938965,0.784993744970139,0.945471237871938,8,"RNA positive / Protein positive",TRUE,0.406664280467329,0.115698356938965
"FT0699NR","(±)-2-Methylthiazolidine",NA,"Azolidines","Thiazolidines",0.754975475797556,FALSE,0.25921293024328,0.115619899838739,0.827342951411626,0.970179334647934,6,0.294778981138361,0.478473136880367,0.870407434033231,8,"RNA positive / Protein positive",TRUE,0.20519944048855,0.115619899838739
"FT3250NR","(-)-Spongiane-15,16-diol",NA,"Prenol lipids","Diterpenoids",0.191623560859423,FALSE,-0.0306678770988703,-0.115398739859147,0.827670265171308,0.970179334647934,6,-0.128385163534459,0.761909914169089,0.945471237871938,8,"RNA negative / Protein negative",TRUE,0.121891951696803,0.115398739859147
"FT5636NR","2-Methylthio-adenosine-5'-diphosphate",NA,"Purine nucleotides","Purine ribonucleotides",0.546453690014105,FALSE,-0.291676395277219,-0.115300352522457,0.827815882534535,0.970179334647934,6,-0.373784223359112,0.361697368034186,0.817897131271182,8,"RNA negative / Protein negative",TRUE,0.244542287940784,0.115300352522457
"FT1872PR","Coumarin-4-carboxylic acid",NA,"Coumarins and derivatives","Unclassified",0.113592166076903,FALSE,-0.027229513868785,-0.115123684064239,0.828077367626073,0.970179334647934,6,-0.526718979270547,0.179860481802069,0.738625629999979,8,"RNA negative / Protein negative",TRUE,0.320921331667393,0.115123684064239
"FT4086PR","1-Methylguanosine","C04545","Purine nucleosides","Unclassified",1.96272872582873,FALSE,1.77740371916176,0.379739827520484,0.457769943934545,0.913166175765406,6,0.114251989066723,0.787634457894512,0.946613732290634,8,"RNA positive / Protein positive",TRUE,0.246995908293603,0.114251989066723
"FT0686NR","D-Ribonolactone","C02674","Organooxygen compounds","Carbohydrates and carbohydrate conjugates",0.47906865867922,FALSE,-0.0935490134007542,-0.113891309047636,0.829901691626625,0.970179334647934,6,-0.452515905347438,0.260244724980696,0.770668274983688,8,"RNA negative / Protein negative",TRUE,0.283203607197537,0.113891309047636
"FT7045PR","23-O-beta-D-Glucopyranosyl-25-methyldolichosterone",NA,"Steroids and steroid derivatives","Steroidal glycosides",0.619366297102078,FALSE,-0.2441035239405,-0.113361907665238,0.830685541024939,0.970179334647934,6,-0.669564907453843,0.0693220877997674,0.632530718869754,8,"RNA negative / Protein negative",TRUE,0.391463407559541,0.113361907665238
"FT1818PR","N-Propionylmethionine",NA,"Carboxylic acids and derivatives","Amino acids, peptides, and analogues",1.53587742690303,TRUE,0.825995461315564,0.395093744382586,0.438196265834368,0.913166175765406,6,0.112117696911979,0.791534376993828,0.948752297101803,8,"RNA positive / Protein positive",TRUE,0.253605720647283,0.112117696911979
"FT0680PR","1H-Imidazole-4-carboxamide",NA,"Carboxylic acids and derivatives","Carboxylic acid derivatives",0.0424107411349592,FALSE,0.010329193979616,-0.110925107874018,0.834294770503808,0.97276112805599,6,-0.259981801250744,0.534054113905342,0.91110093783846,8,"RNA negative / Protein negative",TRUE,0.185453454562381,0.110925107874018
"FT3592NR","N-Oleoyl glycine",NA,"Carboxylic acids and derivatives","Amino acids, peptides, and analogues",0.215280415128919,FALSE,-0.0437590053168346,0.804734031796378,0.0534705691457432,0.722112249337173,6,0.110383817629865,0.794705422991979,0.951310980404665,8,"RNA positive / Protein positive",TRUE,0.457558924713121,0.110383817629865
"FT2384NR","lavendustin c",NA,"Benzene and substituted derivatives","Phenylmethylamines",1.59069643586472,TRUE,0.824013967808514,0.209887889172771,0.689791254068102,0.952829825629325,6,0.109831337243228,0.795716358071621,0.951310980404665,8,"RNA positive / Protein positive",TRUE,0.159859613207999,0.109831337243228
"FT3229NR","Beta-Citryl-L-glutamic acid",NA,"Carboxylic acids and derivatives","Amino acids, peptides, and analogues",1.21746699091612,TRUE,0.519850343659229,0.109687290902086,0.836128904096306,0.973878837312694,6,0.127021052283817,0.76438487958937,0.945471237871938,8,"RNA positive / Protein positive",TRUE,0.118354171592951,0.109687290902086
"FT1645PR","1,3-Benzodioxole-5,6-diamine",NA,"Benzodioxoles","Unclassified",0.141220653814506,FALSE,0.0277033647234623,-0.709143680129136,0.114593254169143,0.765141115763805,6,-0.108764267432257,0.797669597025017,0.951744904294787,8,"RNA negative / Protein negative",TRUE,0.408953973780696,0.108764267432257
"FT3369PR","Phenylalanylaspartic acid",NA,"Carboxylic acids and derivatives","Amino acids, peptides, and analogues",0.707137248137905,FALSE,0.377828171129149,0.497355176421146,0.315480663594641,0.876885269600792,6,0.108514161369613,0.798127541693404,0.951744904294787,8,"RNA positive / Protein positive",TRUE,0.302934668895379,0.108514161369613
"FT3392PR","N6-Methyladenosine",NA,"Purine nucleosides","Unclassified",0.0513654953597511,FALSE,0.0307200749217136,-0.105523993913937,0.842301530495098,0.976786842342559,6,-0.511472403359925,0.195116990181422,0.738625629999979,8,"RNA negative / Protein negative",TRUE,0.308498198636931,0.105523993913937
"FT2533NR","Biopterin","C06313","Pteridines and derivatives","Pterins and derivatives",0.495406352959166,FALSE,0.132395813874199,0.105280317728851,0.842662984048218,0.976786842342559,6,0.256438073200444,0.539842121169509,0.91110093783846,8,"RNA positive / Protein positive",TRUE,0.180859195464648,0.105280317728851
"FT4342NR","Hydrastine",NA,"Phthalide isoquinolines","Unclassified",0.464276834913518,FALSE,0.16516343457928,-0.514296189442917,0.29657153358614,0.876885269600792,6,-0.105098447492113,0.804386707673286,0.954400656359683,8,"RNA negative / Protein negative",TRUE,0.309697318467515,0.105098447492113
"FT0914PR","Methyl sulfate","C02704","Organic sulfuric acids and derivatives","Sulfuric acid esters",0.792810820736276,FALSE,-0.23698153378159,-0.369206323334068,0.471354382852642,0.913637146489099,6,-0.104244222161649,0.805953476107003,0.95535641640575,8,"RNA negative / Protein negative",TRUE,0.236725272747859,0.104244222161649
"FT1565PR","3-Methylhistidine","C01152","Carboxylic acids and derivatives","Amino acids, peptides, and analogues",0.434469665399159,FALSE,-0.123829209631854,-0.104091820725391,0.844426191926992,0.977347207301409,6,-0.345159394956864,0.402389756359031,0.84093611300264,8,"RNA negative / Protein negative",TRUE,0.224625607841128,0.104091820725391
"FT2300NR","voxtalisib",NA,"Pyridines and derivatives","Pyrazolylpyridines",1.54405781202517,TRUE,0.735120883037131,0.10375930182697,0.844919583203368,0.977347207301409,6,0.374521419115621,0.360675038909987,0.817897131271182,8,"RNA positive / Protein positive",TRUE,0.239140360471296,0.10375930182697
"FT2768NR","cis-12-Octadecenoic Acid methyl ester",NA,"Fatty Acyls","Fatty acid esters",0.425142263952137,FALSE,0.174698709456228,-0.10323305570937,0.845700497065967,0.977347207301409,6,-0.612948610971252,0.106136657704202,0.675854684599613,8,"RNA negative / Protein negative",TRUE,0.358090833340311,0.10323305570937
"FT2305NR","15-Methylpalmitate",NA,"Fatty Acyls","Fatty acids and conjugates",1.02328054156002,FALSE,0.432483575587645,-0.272736060712147,0.601039639253196,0.939617085707373,6,-0.103220209014606,0.807832402383126,0.956544900851634,8,"RNA negative / Protein negative",TRUE,0.187978134863377,0.103220209014606
"FT7942PR","PI(22:2/TXB2)",NA,"Glycerophospholipids","Unclassified",1.13600542254421,TRUE,0.547776534845882,0.217359067808895,0.679095958992499,0.952289076557119,6,0.101958642174055,0.810148311086237,0.957074930669308,8,"RNA positive / Protein positive",TRUE,0.159658854991475,0.101958642174055
"FT2711NR","6-Hydroxymelatonin","C05643","Indoles and derivatives","Hydroxyindoles",0.535907414044988,FALSE,0.233978524178765,0.101363499327985,0.848475483634967,0.977347207301409,6,0.113359507671194,0.789264794027997,0.947082396897861,8,"RNA positive / Protein positive",TRUE,0.10736150349959,0.101363499327985
"FT6333NR","Cytochalasin H",NA,"Cytochalasans","Unclassified",0.987777376000251,FALSE,-0.426793068157086,0.0995860578965894,0.85111472969031,0.977347207301409,6,0.231005623781803,0.582026883793946,0.919825042025438,8,"RNA positive / Protein positive",TRUE,0.165295840839196,0.0995860578965894
"FT1825PR","N8-Acetylspermidine","C01029","Carboximidic acids and derivatives","Carboximidic acids",0.802405432372022,FALSE,0.517199792633864,-0.124934991520124,0.813572552375824,0.970179334647934,6,-0.0994888886617917,0.814685609738847,0.957074930669308,8,"RNA negative / Protein negative",TRUE,0.112211940090958,0.0994888886617917
"FT2470PR","Carnosine","C00386","Peptidomimetics","Hybrid peptides",0.601788156980134,FALSE,0.516591604601396,-0.0994801999423515,0.8512719435442,0.977347207301409,6,-0.409345134377575,0.313906949688891,0.801120750861266,8,"RNA negative / Protein negative",TRUE,0.254412667159963,0.0994801999423515
"FT4929NR","Dihydroferulic acid 4-O-glucuronide",NA,"Organooxygen compounds","Carbohydrates and carbohydrate conjugates",0.463134945105012,FALSE,0.182247193911282,-0.0993524065352906,0.851461739065895,0.977347207301409,6,-0.242449825047591,0.562907007514351,0.912481150339734,8,"RNA negative / Protein negative",TRUE,0.170901115791441,0.0993524065352906
"FT2437NR","Pantetheine","C00831","Carboxylic acids and derivatives","Amino acids, peptides, and analogues",0.930248260133532,FALSE,0.467259467888697,0.0990259225143872,0.851946646928062,0.977347207301409,6,0.407660525395556,0.316099355913053,0.801120750861266,8,"RNA positive / Protein positive",TRUE,0.253343223954971,0.0990259225143872
"FT1542NR","Fusaric acid","C10146","Pyridines and derivatives","Pyridinecarboxylic acids and derivatives",0.511831664900563,FALSE,0.663282426599176,-0.0988011610085741,0.852280490623012,0.977347207301409,6,-0.125075391852737,0.767917988037265,0.945471237871938,8,"RNA negative / Protein negative",TRUE,0.111938276430655,0.0988011610085741
"FT2160PR","3-(Carboxymethyl)-3-hydroxypentanedioic acid",NA,"Carboxylic acids and derivatives","Tricarboxylic acids and derivatives",0.117533349334321,FALSE,0.0788904725866324,-0.0981461195440198,0.853253524822267,0.977640291099735,6,-0.280294780209688,0.50132525051692,0.886808924867588,8,"RNA negative / Protein negative",TRUE,0.189220449876854,0.0981461195440198
"FT3266PR","Glutarylcarnitine",NA,"Carboxylic acids and derivatives","Tricarboxylic acids and derivatives",1.62570375488506,FALSE,-1.27874059616829,0.569611156002288,0.23799039212059,0.866884510440095,6,0.0977173304337302,0.817943003329936,0.957074930669308,8,"RNA positive / Protein positive",TRUE,0.333664243218009,0.0977173304337302
"FT0916PR","2-Acetyl-4,5-dihydrothiazole",NA,"Azolines","Thiazolines",0.264669730861457,FALSE,0.0801685916312814,-0.449243125586166,0.371468297480501,0.877630397244442,6,-0.0971020379902359,0.819074886864049,0.957074930669308,8,"RNA negative / Protein negative",TRUE,0.273172581788201,0.0971020379902359
"FT4892PR","MG(18:3/0:0/0:0)",NA,"Fatty Acyls","Lineolic acids and derivatives",0.44944211546136,FALSE,0.212084926742113,0.0949121143776837,0.858059327282176,0.978015994612137,6,0.331914577039736,0.421857181734692,0.850374670932717,8,"RNA positive / Protein positive",TRUE,0.21341334570871,0.0949121143776837
"FT3759PR","Ethynodiol",NA,"Steroids and steroid derivatives","Estrane steroids",0.823244356629952,FALSE,-0.438598875947952,-0.229811975026485,0.66135062987222,0.952289076557119,6,-0.0937009679214534,0.825336329564262,0.959844421108281,8,"RNA negative / Protein negative",TRUE,0.161756471473969,0.0937009679214534
"FT4879PR","N-Benzyloctadecanamide",NA,"Fatty Acyls","Fatty amides",0.0871913086163031,FALSE,0.0502936926110973,0.797983980866928,0.0570935234347462,0.72308367718528,6,0.0936587428655739,0.825414118028398,0.959844421108281,8,"RNA positive / Protein positive",TRUE,0.445821361866251,0.0936587428655739
"FT5382NR","3-Amino-6-{4-[(4-Methylpiperazin-1-Yl)sulfonyl]phenyl}-N-Pyridin-3-Ylpyrazine-2-Carboxamide",NA,"Benzene and substituted derivatives","Benzenesulfonamides",1.08911812591788,FALSE,0.37340190909255,0.0930037941898719,0.860896536441123,0.978015994612137,6,0.36557035664482,0.373176458459016,0.821167837023025,8,"RNA positive / Protein positive",TRUE,0.229287075417346,0.0930037941898719
"FT4145PR","N-(14-Methylhexadecanoyl)pyrrolidine",NA,"Pyrrolidines","N-acylpyrrolidines",0.481300433450354,FALSE,-0.169031349091919,-0.102881696010823,0.846221939014763,0.977347207301409,6,-0.0925086297258942,0.827533371952524,0.959844421108281,8,"RNA negative / Protein negative",TRUE,0.0976951628683585,0.0925086297258942
"FT5752PR","5-methylnonadecanoylcarnitine",NA,"Fatty Acyls","Fatty acid esters",0.458976915610813,FALSE,0.235353811189232,-0.0918233992228382,0.862652007343443,0.978015994612137,6,-0.482399640623711,0.226027953706315,0.763986484259788,8,"RNA negative / Protein negative",TRUE,0.287111519923274,0.0918233992228382
"FT2168NR","9-HYDROXY-8-(2-HYDROXYPROPAN-2-YL)-2H,8H,9H-FURO[2,3-H]CHROMEN-2-ONE",NA,"Coumarins and derivatives","Furanocoumarins",1.68669984994134,FALSE,1.93098155514801,0.211149207449703,0.687983125670605,0.952289076557119,6,0.0917869555750204,0.828863628842505,0.959844421108281,8,"RNA positive / Protein positive",TRUE,0.151468081512362,0.0917869555750204
"FT1488NR","Boc-L-cysteine",NA,"Carboxylic acids and derivatives","Amino acids, peptides, and analogues",1.47645766124927,FALSE,1.03659008035776,0.0908504875576038,0.864099200044437,0.978015994612137,6,0.615456567482173,0.104312946255493,0.675854684599613,8,"RNA positive / Protein positive",TRUE,0.353153527519888,0.0908504875576038
"FT3111NR","5'-phosphoribosyl-N-formylglycinamide","C04376","Glycinamide ribonucleotides","Unclassified",0.316772736255686,FALSE,0.122713321497181,-0.090461808543758,0.864677426998477,0.978015994612137,6,-0.16863535073927,0.689752115912349,0.941022348115419,8,"RNA negative / Protein negative",TRUE,0.129548579641514,0.090461808543758
"FT0618PR","2,5-Dimethylpyrazine",NA,"Diazines","Pyrazines",0.347415462817872,FALSE,0.0879063057859453,0.125474339676371,0.81277621256212,0.970179334647934,6,0.0900645187062883,0.832040016300749,0.959844421108281,8,"RNA positive / Protein positive",TRUE,0.10776942919133,0.0900645187062883
"FT2483PR","5-Hydroxyferulic acid","C05619","Cinnamic acids and derivatives","Hydroxycinnamic acids and derivatives",0.270521391451621,FALSE,-0.0705456852238685,0.285441965437194,0.583465545856378,0.934141862527685,6,0.0896912495214817,0.832728634372352,0.959844421108281,8,"RNA positive / Protein positive",TRUE,0.187566607479338,0.0896912495214817
"FT5995NR","LysoPE(20:3/0:0)",NA,"Glycerophospholipids","Glycerophosphoethanolamines",0.693535499863708,FALSE,0.189688115426929,0.827706577577602,0.0419702679760333,0.717627196300257,6,0.0894061547915903,0.833254648234754,0.959844421108281,8,"RNA positive / Protein positive",TRUE,0.458556366184596,0.0894061547915903
"FT5814PR","MG(24:1/0:0)",NA,"Glycerolipids","Monoradylglycerols",0.0256920742723635,FALSE,0.0196533302093481,0.510186244492886,0.301118823088364,0.876885269600792,6,0.0892707623275085,0.833504472965544,0.959844421108281,8,"RNA positive / Protein positive",TRUE,0.299728503410197,0.0892707623275085
"FT6395NR","LysoPS(20:4/0:0)",NA,"Glycerophospholipids","Glycerophosphoserines",1.01563846056678,FALSE,0.341894447956346,0.28547745547153,0.583416648782633,0.934141862527685,6,0.0890682195714231,0.833878225424243,0.959844421108281,8,"RNA positive / Protein positive",TRUE,0.187272837521476,0.0890682195714231
"FT5026NR","C6S",NA,"Morphinans","Unclassified",0.707369724736461,FALSE,0.236698396553264,-0.25627805294311,0.623998892000963,0.946628255336578,6,-0.0880887558348271,0.835686013884823,0.959844421108281,8,"RNA negative / Protein negative",TRUE,0.172183404388969,0.0880887558348271
"FT2370PR","Benzoic acid sulfate",NA,"Benzene and substituted derivatives","Benzoic acids and derivatives",0.0195013626654897,FALSE,-0.0246886500832173,0.313407260137307,0.545281184502057,0.934141862527685,6,0.0875153424657843,0.836744650698847,0.959844421108281,8,"RNA positive / Protein positive",TRUE,0.200461301301545,0.0875153424657843
"FT4808PR","Nonanedioylcarnitine",NA,"Fatty Acyls","Fatty acid esters",0.319306352048956,FALSE,-0.0867631931352194,-0.087410985437515,0.86921746154423,0.978015994612137,6,-0.105991733431534,0.802748905141769,0.954400656359683,8,"RNA negative / Protein negative",TRUE,0.0967013594345247,0.087410985437515
"FT4449PR","Heptaethylene glycol",NA,"Organooxygen compounds","Ethers",2.01152617805238,FALSE,-1.75550834602362,0.207501736829724,0.693214592865915,0.954635240195577,6,0.08659533005492,0.838443626177608,0.959844421108281,8,"RNA positive / Protein positive",TRUE,0.147048533442322,0.08659533005492
"FT2073NR","N-lauroyl glycine",NA,"Carboxylic acids and derivatives","Amino acids, peptides, and analogues",1.114331901047,FALSE,-0.616146691055985,-0.526384540398096,0.283348683750533,0.876885269600792,6,-0.0865320967386738,0.838560418459975,0.959844421108281,8,"RNA negative / Protein negative",TRUE,0.306458318568385,0.0865320967386738
"FT5119PR","19-Hydroxyprostaglandin F",NA,"Fatty Acyls","Eicosanoids",1.00765640581285,FALSE,0.509119425406232,0.639209031058718,0.171773082453563,0.842783223920486,6,0.086164714808839,0.839239025794006,0.959844421108281,8,"RNA positive / Protein positive",TRUE,0.362686872933778,0.086164714808839
"FT4081NR","Nervonic acid","C08323","Fatty Acyls","Fatty acids and conjugates",1.18367194761454,TRUE,-0.536993518313918,-0.246819385105351,0.637289017224221,0.951478587993934,6,-0.0860979646318034,0.839362332288781,0.959844421108281,8,"RNA negative / Protein negative",TRUE,0.166458674868577,0.0860979646318034
"FT3903NR","FA(24:6)",NA,"Fatty Acyls","Fatty acids and conjugates",0.443970660702014,FALSE,0.147128188509162,-0.0859332259594144,0.871417448844705,0.978015994612137,6,-0.0919675814662733,0.828530648944813,0.959844421108281,8,"RNA negative / Protein negative",TRUE,0.0889504037128438,0.0859332259594144
"FT4441NR","16,17S-DHA-epoxide",NA,"Fatty Acyls","Fatty acids and conjugates",0.4789675845041,FALSE,-0.218593798636155,-0.358232062996128,0.485637903613998,0.921585707949619,6,-0.0851925975036198,0.841035083120657,0.959844421108281,8,"RNA negative / Protein negative",TRUE,0.221712330249874,0.0851925975036198
"FT5374PR","Hyaluronic acid","C00518","Organooxygen compounds","Carbohydrates and carbohydrate conjugates",1.48112063462508,TRUE,0.728278523428015,0.0847219948161905,0.873221067237869,0.978015994612137,6,0.0866036635181821,0.838428234417376,0.959844421108281,8,"RNA positive / Protein positive",TRUE,0.0856628291671863,0.0847219948161905
"FT1947NR","Samin",NA,"Benzodioxoles","Unclassified",0.492527726409638,FALSE,-0.1235158463458,-0.577053591936828,0.230496394545537,0.866884510440095,6,-0.0846950067252045,0.841954650586846,0.959844421108281,8,"RNA negative / Protein negative",TRUE,0.330874299331016,0.0846950067252045
"FT3397PR","XANOMELINE","C11767","Organooxygen compounds","Ethers",0.172816911401793,FALSE,-0.0618562796534682,-0.730429714955543,0.0992076224532362,0.760267849808906,6,-0.0844754706219144,0.842360411697993,0.959844421108281,8,"RNA negative / Protein negative",TRUE,0.407452592788728,0.0844754706219144
"FT6409PR","PC(9:0/9:0)",NA,"Glycerophospholipids","Glycerophosphocholines",0.0711508062707211,FALSE,-0.0510194414948386,-0.210854405967182,0.688405640268829,0.952289076557119,6,-0.0841280718465348,0.843002558951272,0.959844421108281,8,"RNA negative / Protein negative",TRUE,0.147491238906858,0.0841280718465348
"FT4412NR","Shibic acid","C21948","Fatty Acyls","Fatty acids and conjugates",1.06285849112892,FALSE,0.554505129469067,-0.0834292507031316,0.875146476086882,0.978015994612137,6,-0.116477864165136,0.783571297330795,0.945471237871938,8,"RNA negative / Protein negative",TRUE,0.0999535574341338,0.0834292507031316
"FT3654NR","Sphalleroside A",NA,"Organooxygen compounds","Carbohydrates and carbohydrate conjugates",1.25923043843004,FALSE,0.839111364583799,0.352493206763445,0.493159087788583,0.923262841337711,6,0.0831256591109132,0.844855885724434,0.959844421108281,8,"RNA positive / Protein positive",TRUE,0.217809432937179,0.0831256591109132
"FT1650PR","Ethyl lysine",NA,"Carboxylic acids and derivatives","Amino acids, peptides, and analogues",0.403587432258258,FALSE,-0.159152189153088,0.0830357140539709,0.875732691629042,0.978015994612137,6,0.0992620986020601,0.815102483833064,0.957074930669308,8,"RNA positive / Protein positive",TRUE,0.0911489063280155,0.0830357140539709
"FT0712PR","N-ISOPROPYLACRYLAMIDE",NA,"Carboxylic acids and derivatives","Acrylic acids and derivatives",1.24215188793894,FALSE,1.11873731996827,0.0824406793955893,0.876619133528184,0.978015994612137,6,0.675888289173452,0.0657688401914556,0.632530718869754,8,"RNA positive / Protein positive",TRUE,0.379164484284521,0.0824406793955893
"FT2476NR","FA(18:2)","C04056","Fatty Acyls","Lineolic acids and derivatives",0.142711151624601,FALSE,0.089544258318765,-0.0824071466487686,0.876669090931205,0.978015994612137,6,-0.350220290844633,0.395056188098151,0.836218942996864,8,"RNA negative / Protein negative",TRUE,0.216313718746701,0.0824071466487686
"FT1216PR","4-Trimethylammoniobutanoic acid","C01181","Fatty Acyls","Fatty acids and conjugates",0.402870015233489,FALSE,-0.155934224534339,-0.08236971493736,0.87672485737685,0.978015994612137,6,-0.410844100985077,0.311962241956631,0.801120750861266,8,"RNA negative / Protein negative",TRUE,0.246606907961218,0.08236971493736
"FT0986NR","Phosphonoacetic acid","C05682","Organic phosphonic acids and derivatives","Organic phosphonic acids",0.185741189673996,FALSE,0.0513417164901601,-0.336296189294574,0.514572446165992,0.931571565774147,6,-0.0814984647678389,0.847865671264772,0.961235429246558,8,"RNA negative / Protein negative",TRUE,0.208897327031207,0.0814984647678389
"FT3450PR","5'-Amino-5'-deoxyadenosine",NA,"5'-deoxyribonucleosides","Unclassified",1.34678734549139,TRUE,0.506641314766166,0.750265506255103,0.0857633408347151,0.760267849808906,6,0.0809727280115668,0.84883846011658,0.961235429246558,8,"RNA positive / Protein positive",TRUE,0.415619117133335,0.0809727280115668
"FT6256NR","LysoPE(22:4/0:0)",NA,"Glycerophospholipids","Glycerophosphoethanolamines",0.668943844819038,FALSE,0.206305490787879,0.272328221786163,0.601605960033029,0.939617085707373,6,0.0801141004343891,0.85042756641553,0.961471488176052,8,"RNA positive / Protein positive",TRUE,0.176221161110276,0.0801141004343891
"FT5117PR","Gln-Val-Phe",NA,"Carboxylic acids and derivatives","Amino acids, peptides, and analogues",2.098566168661,FALSE,-1.79089213373362,0.124971493100043,0.813518654871826,0.970179334647934,6,0.0799575109047137,0.850717422316574,0.961471488176052,8,"RNA positive / Protein positive",TRUE,0.102464502002378,0.0799575109047137
"FT1799NR","3-Hydroxyhippuric acid",NA,"Benzene and substituted derivatives","Benzoic acids and derivatives",1.38343724436511,FALSE,1.85802080300366,-0.0797801430143263,0.880583680646586,0.978015994612137,6,-0.457847712008195,0.253961072761425,0.770668274983688,8,"RNA negative / Protein negative",TRUE,0.268813927511261,0.0797801430143263
"FT3652NR","Phenylalanylmethionine",NA,"Carboxylic acids and derivatives","Amino acids, peptides, and analogues",0.165527286216088,FALSE,-0.202737785870483,-0.264279272029566,0.612810191066776,0.941899420744624,6,-0.0790176423633788,0.852457477123171,0.961471488176052,8,"RNA negative / Protein negative",TRUE,0.171648457196472,0.0790176423633788
"FT4570PR","9-Deoxy-delta12-PGD2",NA,"Fatty Acyls","Eicosanoids",0.538079552295385,FALSE,-0.221288228790551,-0.0784521468284804,0.882563206014554,0.978015994612137,6,-0.292322287939811,0.48231976988051,0.870407434033231,8,"RNA negative / Protein negative",TRUE,0.185387217384146,0.0784521468284804
"FT4303PR","isopentenyl adenosine","C16427","Purine nucleosides","Unclassified",0.000481915977722769,FALSE,0.00793182170238442,-0.0779154263226485,0.883363365533212,0.978015994612137,6,-0.254258818825013,0.543412741399042,0.911573238881185,8,"RNA negative / Protein negative",TRUE,0.166087122573831,0.0779154263226485
"FT5376NR","Norselic acid A",NA,"Steroids and steroid derivatives","Stigmastanes and derivatives",1.54029205116372,TRUE,0.664297517036997,0.493976393649314,0.319303660739858,0.876885269600792,6,0.0778994221782911,0.854528405962389,0.961471488176052,8,"RNA positive / Protein positive",TRUE,0.285937907913802,0.0778994221782911
"FT5848PR","LysoPC(0:0/14:0)",NA,"Glycerophospholipids","Glycerophosphocholines",0.0684861936520427,FALSE,-0.000426661655435957,-0.0778498677268955,0.883461106937985,0.978015994612137,6,-0.22274509786983,0.595961796287332,0.924586830793991,8,"RNA negative / Protein negative",TRUE,0.150297482798363,0.0778498677268955
"FT4876NR","Ascorbyl palmitate",NA,"Fatty Acyls","Fatty acid esters",0.639411944291155,FALSE,-0.275116651325703,-0.509117337647353,0.302305718474261,0.876885269600792,6,-0.077751585011697,0.854802252987071,0.961471488176052,8,"RNA negative / Protein negative",TRUE,0.293434461329525,0.077751585011697
"FT2086NR","3,5-Dinitrobenzoic acid",NA,"Benzene and substituted derivatives","Benzoic acids and derivatives",1.16072518590311,FALSE,-0.958932612730734,-0.0776280633567947,0.883791802830689,0.978015994612137,6,-0.608290444176997,0.109571849870526,0.675854684599613,8,"RNA negative / Protein negative",TRUE,0.342959253766896,0.0776280633567947
"FT5102NR","Cholestenone","C00599","Steroids and steroid derivatives","Cholestane steroids",0.118451927819693,FALSE,-0.0282072632242859,-0.0773173900667769,0.88425501575944,0.978015994612137,6,-0.209387573361591,0.618722631419409,0.941022348115419,8,"RNA negative / Protein negative",TRUE,0.143352481714184,0.0773173900667769
"FT7896PR","PC(20:5-3OH/20:0)",NA,"Glycerophospholipids","Glycerophosphocholines",3.86626772055152,TRUE,5.07050646337039,0.0766733708267595,0.885215317688189,0.978015994612137,6,0.5743288476137,0.136505623998399,0.708742861088057,8,"RNA positive / Protein positive",TRUE,0.32550110922023,0.0766733708267595
"FT1305PR","Guanine","C00242","Imidazopyrimidines","Purines and purine derivatives",0.786189406853814,FALSE,0.195516190898366,0.0764649840169864,0.885526065294266,0.978015994612137,6,0.542829035916261,0.164460864827846,0.73412888771035,8,"RNA positive / Protein positive",TRUE,0.309647009966623,0.0764649840169864
"FT4087PR","Pro-Gly-Phe",NA,"Carboxylic acids and derivatives","Amino acids, peptides, and analogues",1.27667993595101,FALSE,0.486774111332698,0.0761756552993664,0.885957530448619,0.978015994612137,6,0.445258857898524,0.268920511163258,0.770668274983688,8,"RNA positive / Protein positive",TRUE,0.260717256598945,0.0761756552993664
"FT7903PR","Cyclotricuspidoside C",NA,"Prenol lipids","Terpene glycosides",0.0567629840951648,FALSE,-0.0680828353462028,0.0760585473139656,0.886132174673848,0.978015994612137,6,0.22312186447935,0.59532383293147,0.924586830793991,8,"RNA positive / Protein positive",TRUE,0.149590205896658,0.0760585473139656
"FT1230PR","L-Lysine","C00047","Carboxylic acids and derivatives","Amino acids, peptides, and analogues",0.293868088564958,FALSE,0.0694894986674283,0.0759704962475363,0.886263488107405,0.978015994612137,6,0.100301241209725,0.813192696517099,0.957074930669308,8,"RNA positive / Protein positive",TRUE,0.0881358687286307,0.0759704962475363
"FT5247NR","Etarotene",NA,"Stilbenes","Unclassified",1.01413535642106,FALSE,0.457565807375981,0.565056515588427,0.242623353607448,0.872427299627174,6,0.0759268143796923,0.858183413110784,0.961732059380914,8,"RNA positive / Protein positive",TRUE,0.32049166498406,0.0759268143796923
"FT2632NR","Fluconazole","C07002","Benzene and substituted derivatives","Halobenzenes",1.77963525614292,FALSE,1.32794926647676,0.0756818020330515,0.886694039609622,0.978015994612137,6,0.601638105859508,0.114585798334986,0.679713203740303,8,"RNA positive / Protein positive",TRUE,0.33865995394628,0.0756818020330515
"FT5694NR","Dolicholide",NA,"Steroids and steroid derivatives","Steroid lactones",0.279061774438733,FALSE,0.0682696094695956,-0.187144532887762,0.722560389285272,0.961800479900299,6,-0.0748784506253689,0.860126806343471,0.962292751238201,8,"RNA negative / Protein negative",TRUE,0.131011491756565,0.0748784506253689
"FT4105PR","Toxin T2 tetrol",NA,"Prenol lipids","Sesquiterpenoids",1.78004284693788,FALSE,-1.44561315588727,0.208520539687846,0.691752512022345,0.954591016094327,6,0.0743009039997746,0.861197690039947,0.962718187582748,8,"RNA positive / Protein positive",TRUE,0.14141072184381,0.0743009039997746
"FT5825NR","Lonchocarpol B",NA,"Flavonoids","Flavans",0.0771913340055,FALSE,-0.0191112489033536,0.0740727686503123,0.889094057334194,0.978015994612137,6,0.369889838457046,0.367119735989167,0.820625930062494,8,"RNA positive / Protein positive",TRUE,0.221981303553679,0.0740727686503123
"FT3420PR","5-Methylthioribulose 1-phosphate","C04582","Organooxygen compounds","Carbonyl compounds",0.437365227243242,FALSE,0.146444429355949,0.586660647341569,0.220964736257442,0.865298849559908,6,0.0734565707982717,0.86276358016523,0.963657162832967,8,"RNA positive / Protein positive",TRUE,0.33005860906992,0.0734565707982717
"FT6056NR","alpha-Tocopherol phosphate",NA,"Prenol lipids","Quinone and hydroquinone lipids",0.657223091630967,FALSE,0.234359218562497,0.246182822061392,0.63818584273419,0.951478587993934,6,0.0729713691557806,0.863663606277104,0.963657162832967,8,"RNA positive / Protein positive",TRUE,0.159577095608586,0.0729713691557806
"FT6195PR","Cer(d14:1/18:0)",NA,"Fatty Acyls","Fatty amides",0.527222994920692,FALSE,0.171522191750832,-0.248150436275873,0.635414728655719,0.951478587993934,6,-0.0727299279156361,0.864111516170164,0.963657162832967,8,"RNA negative / Protein negative",TRUE,0.160440182095754,0.0727299279156361
"FT3722PR","6b-Hydroxymethandienone",NA,"Steroids and steroid derivatives","Androstane steroids",0.707410974895287,FALSE,-0.281242892576987,0.0724371290435281,0.891534350228748,0.978015994612137,6,0.172314304574664,0.683249202716591,0.941022348115419,8,"RNA positive / Protein positive",TRUE,0.122375716809096,0.0724371290435281
"FT1856NR","3-Pyroglutamylthiazolidine-4-carboxylic acid",NA,"Carboxylic acids and derivatives","Amino acids, peptides, and analogues",0.101314423793635,FALSE,0.0543714559854627,-0.11253778397767,0.831905955642135,0.970789584142794,6,-0.0714419418842347,0.86650145627889,0.96551952486302,8,"RNA negative / Protein negative",TRUE,0.0919898629309524,0.0714419418842347
"FT3707NR","(+/-)-13-HDoHE",NA,"Fatty Acyls","Fatty acids and conjugates",0.383810444007017,FALSE,-0.157035315723439,-0.409173749870929,0.42049195579543,0.899856267857053,6,-0.0701157749770115,0.868963167311941,0.966747530114003,8,"RNA negative / Protein negative",TRUE,0.23964476242397,0.0701157749770115
"FT4846PR","Asp-Gln-Gln",NA,"Carboxylic acids and derivatives","Amino acids, peptides, and analogues",1.15162962342996,FALSE,0.438936762173746,0.0695761551476195,0.895804170843503,0.981449171646102,6,0.502186855214288,0.20473152954755,0.738625629999979,8,"RNA positive / Protein positive",TRUE,0.285881505180954,0.0695761551476195
"FT2741PR","Pro-Glu",NA,"Carboxylic acids and derivatives","Amino acids, peptides, and analogues",1.39257903187619,FALSE,0.710449417935315,0.212195271997878,0.686484332589622,0.952289076557119,6,0.068703867522875,0.87158504619443,0.96889119170258,8,"RNA positive / Protein positive",TRUE,0.140449569760376,0.068703867522875
"FT3629NR","Xylopine","C09670","Aporphines","Unclassified",0.942791814136373,FALSE,0.471745534668695,0.0681852581404323,0.897880617243692,0.981449171646102,6,0.395597088379503,0.332009422207823,0.804638828109801,8,"RNA positive / Protein positive",TRUE,0.231891173259968,0.0681852581404323
"FT1969NR","4-Hydroxy-3-methoxy-cinnamoylglycine","C02564","Carboxylic acids and derivatives","Amino acids, peptides, and analogues",1.89627140754239,FALSE,1.8263134429431,-0.0681249888683446,0.897970601214716,0.981449171646102,6,-0.269924292234126,0.517937681209296,0.900969197901731,8,"RNA negative / Protein negative",TRUE,0.169024640551236,0.0681249888683446
"FT3198NR","Topsentolide A2",NA,"Fatty Acyls","Eicosanoids",0.643941248964767,FALSE,-0.244787493443437,-0.217270713091284,0.679222232140582,0.952289076557119,6,-0.0678606653207092,0.873151341745565,0.969483763568964,8,"RNA negative / Protein negative",TRUE,0.142565689205997,0.0678606653207092
"FT2303NR","FA(13:3;O)",NA,"Fatty Acyls","Fatty acids and conjugates",0.556381537981303,FALSE,0.183127380910514,0.0917278949292959,0.862794057167686,0.978015994612137,6,0.067668126676006,0.87350904378954,0.969483763568964,8,"RNA positive / Protein positive",TRUE,0.079698010802651,0.067668126676006
"FT1790NR","Homocarnosine","C00884","Peptidomimetics","Hybrid peptides",0.285568308305884,FALSE,-0.0722393026937341,-0.0670468398731211,0.89958043730715,0.981449171646102,6,-0.630678935882342,0.0936300068088217,0.649354375579589,8,"RNA negative / Protein negative",TRUE,0.348862887877732,0.0670468398731211
"FT5945NR","Taurodeoxycholic acid","C05463","Steroids and steroid derivatives","Bile acids, alcohols and derivatives",3.08478503722227,FALSE,4.25899965447187,-0.26215765028063,0.615772130967279,0.944364977040226,6,-0.0668711931583753,0.874989800992907,0.970219384588807,8,"RNA negative / Protein negative",TRUE,0.164514421719503,0.0668711931583753
"FT2817NR","1R-cis-3,3,5-Trimethylcyclohexyl ester5-oxo-L-proline",NA,"Carboxylic acids and derivatives","Amino acids, peptides, and analogues",1.59203361608081,FALSE,2.07900191473677,-0.21953589932857,0.675986528326931,0.952289076557119,6,-0.0664448561414185,0.875782094883018,0.970219384588807,8,"RNA negative / Protein negative",TRUE,0.142990377734994,0.0664448561414185
"FT3674PR","Panaquinquecol 4",NA,"Organooxygen compounds","Carbonyl compounds",0.088182762510295,FALSE,0.0180187957218924,0.0643330283769857,0.903633586226496,0.981449171646102,6,0.241332752699396,0.564763583057082,0.912481150339734,8,"RNA positive / Protein positive",TRUE,0.152832890538191,0.0643330283769857
"FT4889NR","Pramanicin",NA,"Organooxygen compounds","Carbonyl compounds",0.365922507517144,FALSE,-0.11960810607957,0.0642555754291911,0.903749285390602,0.981449171646102,6,0.324920762811958,0.432294289428812,0.855874127808828,8,"RNA positive / Protein positive",TRUE,0.194588169120574,0.0642555754291911
"FT4887PR","Swertiamarin",NA,"Organooxygen compounds","Carbohydrates and carbohydrate conjugates",0.351460818525709,FALSE,0.134764113357731,-0.0639070508730662,0.904269925439959,0.981449171646102,6,-0.451154320153858,0.261861698947936,0.770668274983688,8,"RNA negative / Protein negative",TRUE,0.257530685513462,0.0639070508730662
"FT5738PR","N-hexacosanoylglycine",NA,"Carboxylic acids and derivatives","Amino acids, peptides, and analogues",0.123107811396084,FALSE,-0.124114584060302,-0.0626686480475007,0.906120089082253,0.981449171646102,6,-0.0625040688760636,0.883109748500893,0.975210952430674,8,"RNA negative / Protein negative",TRUE,0.0625863584617822,0.0625040688760636
"FT2595NR","17-ethyl-10,13-dimethyl-4,5,6,7,8,9,11,12,14,15,16,17-dodecahydro-3H-cyclopenta[a]phenanthrene",NA,"Steroids and steroid derivatives","Pregnane steroids",1.13045902135822,TRUE,0.500533940784834,-0.0618504812248928,0.907342582114828,0.981449171646102,6,-0.170928312552187,0.685697105855923,0.941022348115419,8,"RNA negative / Protein negative",TRUE,0.11638939688854,0.0618504812248928
"FT1108NR","cis-2-Methylaconitate","C04225","Carboxylic acids and derivatives","Tricarboxylic acids and derivatives",0.18402642200794,FALSE,-0.0557302444364029,-0.0614909552616225,0.90787981998842,0.981449171646102,6,-0.252264503234991,0.54668777151614,0.912481150339734,8,"RNA negative / Protein negative",TRUE,0.156877729248307,0.0614909552616225
"FT3059NR","Trp-Ala",NA,"Carboxylic acids and derivatives","Amino acids, peptides, and analogues",1.45652535067911,FALSE,2.24229854675157,-0.219399668169229,0.676181032478505,0.952289076557119,6,-0.0612095802376121,0.88551837559178,0.975210952430674,8,"RNA negative / Protein negative",TRUE,0.14030462420342,0.0612095802376121
"FT2625PR","N-Lactoylphenylalanine",NA,"Carboxylic acids and derivatives","Amino acids, peptides, and analogues",1.91975079115568,FALSE,1.57819239984543,0.0608755597699558,0.90879945769787,0.981449171646102,6,0.57262053296219,0.137948331428964,0.708914427173625,8,"RNA positive / Protein positive",TRUE,0.316748046366073,0.0608755597699558
"FT5311PR","Corchoionol C 9-glucoside",NA,"Fatty Acyls","Fatty acyl glycosides",2.13637991698917,FALSE,-1.83422298735287,0.139681094240527,0.79184100415085,0.970179334647934,6,0.0601779778289856,0.887438405454919,0.975210952430674,8,"RNA positive / Protein positive",TRUE,0.0999295360347564,0.0601779778289856
"FT0033PR","Pyrrolidine",NA,"Pyrrolidines","Unclassified",0.93991201853543,FALSE,0.290113784057144,0.0600242471274862,0.910071760296179,0.981449171646102,6,0.398258278392958,0.328468116573468,0.802167812667491,8,"RNA positive / Protein positive",TRUE,0.229141262760222,0.0600242471274862
"FT0981PR","Creatine","C00300","Carboxylic acids and derivatives","Amino acids, peptides, and analogues",0.259425811243779,FALSE,-0.0705748532518577,0.191763764651869,0.71588025021825,0.958164446922498,6,0.0596699942047014,0.888384046577798,0.975210952430674,8,"RNA positive / Protein positive",TRUE,0.125716879428285,0.0596699942047014
"FT5258NR","8-oxo-dGDP","C20176","Purine nucleotides","Purine deoxyribonucleotides",0.322205566519739,FALSE,-0.0801566583778556,-0.059096721500694,0.911458113108649,0.981796961216194,6,-0.335727743154756,0.416212194249791,0.848861569349546,8,"RNA negative / Protein negative",TRUE,0.197412232327725,0.059096721500694
"FT5681NR","LysoPE(0:0/18:2)",NA,"Glycerophospholipids","Glycerophosphoethanolamines",0.885849045479326,FALSE,0.278688969255213,0.368872090616207,0.471787453225942,0.913637146489099,6,0.0581591218170666,0.891197299898125,0.975715762917644,8,"RNA positive / Protein positive",TRUE,0.213515606216637,0.0581591218170666
"FT4023NR","Guanosine monophosphate","C00144","Purine nucleotides","Purine ribonucleotides",0.302344657581843,FALSE,0.107077980161097,0.0580017501687353,0.913094939578515,0.981796961216194,6,0.514081575102886,0.192459270643772,0.738625629999979,8,"RNA positive / Protein positive",TRUE,0.286041662635811,0.0580017501687353
"FT4685PR","MG(20:4/0:0)","C13856","Endocannabinoids","Unclassified",0.361061424458518,FALSE,0.164842899835679,-0.0578429586835694,0.913332327687818,0.981796961216194,6,-0.0622052603521111,0.883665666199765,0.975210952430674,8,"RNA negative / Protein negative",TRUE,0.0600241095178403,0.0578429586835694
"FT1177PR","4-HYDROXY-6-METHYLPYRAN-2-ONE","C02752","Pyrans","Pyranones and derivatives",2.22614337197153,TRUE,1.88657073151433,0.0552331882252863,0.917234467746064,0.982237676396091,6,0.604222828016717,0.112622538672756,0.679635579696196,8,"RNA positive / Protein positive",TRUE,0.329728008121002,0.0552331882252863
"FT2651NR","(R)-Mevalonic acid-5-pyrophosphate",NA,"Organic oxoanionic compounds","Organic pyrophosphates",0.719099327883577,FALSE,0.20658283890785,0.0551797864160476,0.917314326326357,0.982237676396091,6,0.571798427269054,0.138645619217224,0.708914427173625,8,"RNA positive / Protein positive",TRUE,0.313489106842551,0.0551797864160476
"FT5610NR","Withaferin A","C08841","Steroids and steroid derivatives","Steroid lactones",0.175982654044772,FALSE,0.0341140530178454,0.152281187782396,0.773343885208486,0.970179334647934,6,0.0547408943798231,0.897565682055706,0.979350078031602,8,"RNA positive / Protein positive",TRUE,0.10351104108111,0.0547408943798231
"FT1201NR","D-Glucuronic acid","C00191","Organooxygen compounds","Carbohydrates and carbohydrate conjugates",0.718305369514627,FALSE,0.27159468428708,0.282036903766327,0.588161931029283,0.934141862527685,6,0.0527975265602254,0.901188455431874,0.979350078031602,8,"RNA positive / Protein positive",TRUE,0.167417215163276,0.0527975265602254
"FT4555PR","Tetrahydroalstonine",NA,"Yohimbine alkaloids","Unclassified",0.0978010264232083,FALSE,0.0210793263011636,-0.720143356154537,0.106520461710501,0.760267849808906,6,-0.0526293313883584,0.901502071194412,0.979350078031602,8,"RNA negative / Protein negative",TRUE,0.386386343771448,0.0526293313883584
"FT1678NR","2-(Sec-butyldisulfanyl)-1h-imidazole",NA,"Azoles","Imidazoles",1.51840251467124,TRUE,0.770509301002496,-0.441338918647733,0.380973628387919,0.878952884966552,6,-0.0523247915547609,0.902069942749338,0.979350078031602,8,"RNA negative / Protein negative",TRUE,0.246831855101247,0.0523247915547609
"FT2378NR","5-Hydroxyindolin-2-one sulfate",NA,"Organic sulfuric acids and derivatives","Arylsulfates",0.631748744754003,FALSE,-0.224640302465219,-0.0517491897437563,0.922445506996729,0.984744205857598,6,-0.354166913941582,0.389378203347903,0.83238202420963,8,"RNA negative / Protein negative",TRUE,0.202958051842669,0.0517491897437563
"FT6769PR","Rutaretin 9-rutinoside",NA,"Coumarins and derivatives","Coumarin glycosides",1.3112740556603,TRUE,0.73178560685148,0.651050314811705,0.161403740955867,0.834619344496697,6,0.0494926943087636,0.907352628909907,0.982702422532403,8,"RNA positive / Protein positive",TRUE,0.350271504560234,0.0494926943087636
"FT0412NR","3-Hydroxybenzyl alcohol","C03351","Benzene and substituted derivatives","Benzyl alcohols",1.04197167107123,FALSE,-0.715706505714801,-0.0488738732990856,0.926747561474289,0.986100328824774,6,-0.583290821061219,0.129075071925057,0.70272845909954,8,"RNA negative / Protein negative",TRUE,0.316082347180152,0.0488738732990856
"FT5523PR","Nebrosteroid K",NA,"Steroids and steroid derivatives","Cholestane steroids",0.800112799161355,FALSE,0.248635961038165,0.19506102946512,0.711119375359995,0.954794450893584,6,0.0487404043866547,0.908756374900219,0.982702422532403,8,"RNA positive / Protein positive",TRUE,0.121900716925887,0.0487404043866547
"FT4774NR","6-Thioinosine-5'-monophosphate","C04646","Purine nucleotides","Purine ribonucleotides",0.73378686604366,FALSE,0.206048013561314,-0.0486281868067761,0.927115215339931,0.986100328824774,6,-0.0778720994868986,0.854579016351374,0.961471488176052,8,"RNA negative / Protein negative",TRUE,0.0632501431468373,0.0486281868067761
"FT1531PR","2-Keto-glutaramic acid","C00940","Keto acids and derivatives","Short-chain keto acids and derivatives",0.479336903969472,FALSE,-0.12524255784502,0.0485311614876842,0.927260409851046,0.986100328824774,6,0.429803366150657,0.287865936399635,0.784067374808866,8,"RNA positive / Protein positive",TRUE,0.239167263819171,0.0485311614876842
"FT2571NR","3alpha-Tigloyloxytropane N-oxide",NA,"Tropane alkaloids","Unclassified",1.74729306360167,FALSE,2.15882162211261,-0.237812826648292,0.650005505160371,0.952289076557119,6,-0.0484022296881347,0.909387464179914,0.982702422532403,8,"RNA negative / Protein negative",TRUE,0.143107528168213,0.0484022296881347
"FT2115PR","N-lactoyl-Methionine",NA,"Carboxylic acids and derivatives","Amino acids, peptides, and analogues",0.436012462077068,FALSE,-0.165881311842237,-0.543098115745887,0.265447731716927,0.872427299627174,6,-0.0457712144906057,0.914298761096843,0.983847731131081,8,"RNA negative / Protein negative",TRUE,0.294434665118246,0.0457712144906057
"FT2722PR","Genipin","C09780","Prenol lipids","Monoterpenoids",1.74863450671109,FALSE,2.32688225852491,-0.139568933762443,0.792005964990703,0.970179334647934,6,-0.0453103337599514,0.915159331719014,0.983847731131081,8,"RNA negative / Protein negative",TRUE,0.0924396337611971,0.0453103337599514
"FT1108PR","Nicotinamide N-oxide",NA,"Pyridines and derivatives","Pyridinecarboxylic acids and derivatives",0.106722061452115,FALSE,-0.0301437524685847,-0.623202148897004,0.186216688120065,0.842783223920486,6,-0.0450144899566069,0.915711778340377,0.983847731131081,8,"RNA negative / Protein negative",TRUE,0.334108319426805,0.0450144899566069
"FT2139NR","5alpha-Androstane",NA,"Steroids and steroid derivatives","Androstane steroids",0.53198836215818,FALSE,0.13406383614613,-0.044012392103698,0.934024039841258,0.987233402057824,6,-0.0847717471215254,0.84181282108846,0.959844421108281,8,"RNA negative / Protein negative",TRUE,0.0643920696126117,0.044012392103698
"FT1087NR","3-Phosphoglyceric acid","C00597","Organooxygen compounds","Carbohydrates and carbohydrate conjugates",1.08645937713356,FALSE,-0.552638436142055,-0.0433566841896693,0.935005724707708,0.987233402057824,6,-0.391812213771378,0.337076551235963,0.804638828109801,8,"RNA negative / Protein negative",TRUE,0.217584448980524,0.0433566841896693
"FT3821NR","3,4-Dihydroxy-5-[(S)-1,2-dihydroxyethyl]furan-2(5H)-one",NA,"Dihydrofurans","Furanones",0.198708194984506,FALSE,-0.0477851410348859,-0.0433145164085701,0.935068857594337,0.987233402057824,6,-0.476421347793723,0.232676784953615,0.76410571770673,8,"RNA negative / Protein negative",TRUE,0.259867932101147,0.0433145164085701
"FT1474NR","5-Fluoroorotic acid",NA,"Diazines","Pyrimidines and pyrimidine derivatives",0.964990877386396,FALSE,0.324462321719264,-0.558965280173895,0.248874246320948,0.872427299627174,6,-0.0432311617334254,0.919042510323462,0.983847731131081,8,"RNA negative / Protein negative",TRUE,0.30109822095366,0.0432311617334254
"FT3627NR","5-amino-1-(5-phosphonato-D-ribosyl)imidazol-3-ium",NA,"Organooxygen compounds","Carbohydrates and carbohydrate conjugates",0.259153144277289,FALSE,0.0675242776067132,0.398074977053532,0.434427748773764,0.911446453309662,6,0.0429340856978252,0.919597462026577,0.983847731131081,8,"RNA positive / Protein positive",TRUE,0.220504531375679,0.0429340856978252
"FT2324NR","N-(2,4-Dinitrophenyl)ethylenediamine",NA,"Benzene and substituted derivatives","Aniline and substituted anilines",1.15369689934959,FALSE,0.406042347197828,0.0427767624805223,0.935873993838751,0.987233402057824,6,0.309418998060026,0.455805572072757,0.86488870185752,8,"RNA positive / Protein positive",TRUE,0.176097880270274,0.0427767624805223
"FT4713NR","1-O-p-Coumaroyl-(b-D-glucose 6-O-sulfate)",NA,"Cinnamic acids and derivatives","Hydroxycinnamic acids and derivatives",1.39252310328148,FALSE,1.94100837578306,-0.127422310305527,0.809900977218657,0.970179334647934,6,-0.0425698559540982,0.920277898634957,0.983847731131081,8,"RNA negative / Protein negative",TRUE,0.0849960831298127,0.0425698559540982
"FT4739PR","Kinetin riboside",NA,"Purine nucleosides","Unclassified",2.20880426024254,FALSE,-1.9817340043121,0.116167559997669,0.826532494922127,0.970179334647934,6,0.0425429577736786,0.920328150211571,0.983847731131081,8,"RNA positive / Protein positive",TRUE,0.079355258885674,0.0425429577736786
"FT4016NR","WE(20:3/4:0)",NA,"Fatty Acyls","Fatty alcohol esters",0.268638236600424,FALSE,0.089511509191281,-0.0424065752908708,0.936428267309636,0.987233402057824,6,-0.49034696029477,0.217342937145602,0.751801623774117,8,"RNA negative / Protein negative",TRUE,0.26637676779282,0.0424065752908708
"FT3241NR","(+/-)-Equol 4'-sulfate",NA,"Isoflavonoids","Isoflavans",0.52511474986021,FALSE,0.292573358557832,-0.0773749201290306,0.884169236920241,0.978015994612137,6,-0.0402202854494083,0.924668254318189,0.983853818964783,8,"RNA negative / Protein negative",TRUE,0.0587976027892195,0.0402202854494083
"FT5075PR","5alpha-cholestanone","C03238","Steroids and steroid derivatives","Cholestane steroids",0.0932953752083342,FALSE,-0.0189594407460033,0.562327832051993,0.245415822220031,0.872427299627174,6,0.0401928066885711,0.924719610549746,0.983853818964783,8,"RNA positive / Protein positive",TRUE,0.301260319370282,0.0401928066885711
"FT1672NR","Perflutren",NA,"Organofluorides","Unclassified",0.1755522233246,FALSE,-0.0254988018125042,0.416723280629049,0.411098805760582,0.899856267857053,6,0.0394028220443384,0.926196143208283,0.983853818964783,8,"RNA positive / Protein positive",TRUE,0.228063051336694,0.0394028220443384
"FT2392PR","2-Chloro-L-phenylalanine",NA,"Carboxylic acids and derivatives","Amino acids, peptides, and analogues",0.342783797493085,FALSE,0.0560453187014482,-0.379494919932923,0.45808436510401,0.913166175765406,6,-0.0390631040931686,0.926831154979292,0.983853818964783,8,"RNA negative / Protein negative",TRUE,0.209279012013046,0.0390631040931686
"FT0144NR","Methylphosphonfluoridate",NA,"Organic phosphonic acids and derivatives","Organic phosphonic acids",0.94313996085091,FALSE,0.448110773504595,-0.037477272112183,0.943810411106638,0.989226335184295,6,-0.362563513384896,0.377418800829391,0.821206109634071,8,"RNA negative / Protein negative",TRUE,0.200020392748539,0.037477272112183
"FT3678NR","Asp-Pro-Ile",NA,"Carboxylic acids and derivatives","Amino acids, peptides, and analogues",0.648149879841154,FALSE,0.155276469040115,0.38458979364045,0.451557514923842,0.913166175765406,6,0.0370842699502344,0.930530717398773,0.984512795564199,8,"RNA positive / Protein positive",TRUE,0.210837031795342,0.0370842699502344
"FT1817NR","8-Nitroguanine",NA,"Imidazopyrimidines","Purines and purine derivatives",0.591862417859898,FALSE,0.198146436795197,0.0816469566237907,0.877801703577494,0.978015994612137,6,0.0365423689211453,0.931544029662252,0.984512795564199,8,"RNA positive / Protein positive",TRUE,0.059094662772468,0.0365423689211453
"FT2671NR","5-Fluoro-2'-deoxycytidine",NA,"Pyrimidine nucleosides","Pyrimidine 2'-deoxyribonucleosides",0.00425051723027405,FALSE,-0.012084949046102,-0.0364747432112951,0.945312148307939,0.989226335184295,6,-0.316853944828945,0.444464964967786,0.861047822233788,8,"RNA negative / Protein negative",TRUE,0.17666434402012,0.0364747432112951
"FT7030PR","LPS(O-27:2;O/0:0)",NA,"Glycerophospholipids","Glycerophosphoserines",0.229706736699201,FALSE,-0.0556482524633867,-0.0362578211070442,0.945637101141708,0.989226335184295,6,-0.174544950665961,0.679314559452821,0.941022348115419,8,"RNA negative / Protein negative",TRUE,0.105401385886502,0.0362578211070442
"FT1392PR","Favipiravir",NA,"Diazines","Pyrazines",0.942266895905166,FALSE,0.360604342588446,0.376977774312153,0.46131991693893,0.913166175765406,6,0.0357067407592387,0.933106745648939,0.984671312213945,8,"RNA positive / Protein positive",TRUE,0.206342257535696,0.0357067407592387
"FT3195PR","2-amino-hexadecanoic acid",NA,"Fatty Acyls","Fatty acids and conjugates",0.564234662299497,FALSE,-0.205292610459219,-0.0353781305532743,0.946954944018606,0.989226335184295,6,-0.187325149299757,0.656895561917409,0.941022348115419,8,"RNA negative / Protein negative",TRUE,0.111351639926516,0.0353781305532743
"FT2401NR","(2S,3'S)-alpha-Amino-2-carboxy-5-oxo-1-pyrrolidinebutanoic acid",NA,"Carboxylic acids and derivatives","Amino acids, peptides, and analogues",0.259415304930082,FALSE,-0.0717308773205871,0.0353722943617157,0.946963687350779,0.989226335184295,6,0.194770001434236,0.643936973958634,0.941022348115419,8,"RNA positive / Protein positive",TRUE,0.115071147897976,0.0353722943617157
"FT4646PR","Pantetheine 4'-phosphate","C01134","Carboxylic acids and derivatives","Amino acids, peptides, and analogues",0.831055845574988,FALSE,0.375348310120631,0.0351038814344749,0.94736580679753,0.989226335184295,6,0.407970146812978,0.315695861098854,0.801120750861266,8,"RNA positive / Protein positive",TRUE,0.221537014123726,0.0351038814344749
"FT6005NR","(3beta,17alpha,23S)-17,23-Epoxy-3,29-dihydroxy-27-norlanost-8-en-24-one",NA,"Prenol lipids","Triterpenoids",2.34505480633124,FALSE,2.34697470857842,0.0343599636136151,0.948480337388068,0.989226335184295,6,0.0941808959904174,0.824452276825348,0.959844421108281,8,"RNA positive / Protein positive",TRUE,0.0642704298020162,0.0343599636136151
"FT4033PR","5beta-Pregnane-3,20-dione",NA,"Steroids and steroid derivatives","Pregnane steroids",0.256211300644938,FALSE,0.13698988966425,0.0337257311163589,0.949430583569296,0.989226335184295,6,0.402125969971169,0.323353042841439,0.801120750861266,8,"RNA positive / Protein positive",TRUE,0.217925850543764,0.0337257311163589
"FT6446PR","6-Caffeoylsucrose",NA,"Cinnamic acids and derivatives","Hydroxycinnamic acids and derivatives",2.15436790821469,TRUE,1.32038264816003,0.0334867724970612,0.949788616683851,0.989226335184295,6,0.343893303548532,0.40423356289216,0.84093611300264,8,"RNA positive / Protein positive",TRUE,0.188690038022797,0.0334867724970612
"FT3694PR","5'-Methylthioadenosine","C00170","5'-deoxyribonucleosides","5'-deoxy-5'-thionucleosides",0.455965287516852,FALSE,0.120880523576979,-0.202352553851563,0.700613989316752,0.954635240195577,6,-0.0319729233030027,0.940091612390539,0.988855832250127,8,"RNA negative / Protein negative",TRUE,0.117162738577283,0.0319729233030027
"FT7296NR","10,11-Dihydro-12R-hydroxy-leukotriene C4",NA,"Fatty Acyls","Eicosanoids",0.550797065335235,FALSE,-0.3195125464636,0.0319587043008791,0.952078264200308,0.989344666427277,6,0.412239309302169,0.310157317479269,0.801120750861266,8,"RNA positive / Protein positive",TRUE,0.222099006801524,0.0319587043008791
"FT6542NR","Cefozopran",NA,"Lactams","Beta lactams",1.07675741152399,FALSE,0.351585963779097,0.0317708102637905,0.952359819084201,0.989344666427277,6,0.252051037557993,0.547038739419216,0.912481150339734,8,"RNA positive / Protein positive",TRUE,0.141910923910892,0.0317708102637905
"FT5937PR","20-hydroxy-LTE4","C03577","Fatty Acyls","Eicosanoids",0.0941583979471513,FALSE,-0.0264549621644865,0.0309906145951933,0.953528960082245,0.989358298889382,6,0.557476229591095,0.151106229003607,0.726352011141478,8,"RNA positive / Protein positive",TRUE,0.294233422093144,0.0309906145951933
"FT1838PR","Glycylleucine","C02155","Carboxylic acids and derivatives","Amino acids, peptides, and analogues",0.212402699871977,FALSE,0.0436864517141311,-0.0308127810662718,0.953795455651086,0.989358298889382,6,-0.374044122633475,0.361336794964174,0.817897131271182,8,"RNA negative / Protein negative",TRUE,0.202428451849873,0.0308127810662718
"FT1859PR","1,2-Cyclohexanedicarboxylic acid",NA,"Carboxylic acids and derivatives","Dicarboxylic acids and derivatives",1.49548074688816,FALSE,1.13991642801291,0.030291851515212,0.954576120572136,0.989430241218958,6,0.581656682254911,0.130412685969425,0.70272845909954,8,"RNA positive / Protein positive",TRUE,0.305974266885061,0.030291851515212
"FT4528PR","(1S,2R,4R,8S)-p-Menthane-2,8,9-triol 2-glucoside",NA,"Prenol lipids","Terpene glycosides",1.18206860862621,FALSE,-0.812807210092568,0.0446031365799776,0.933139662757431,0.987233402057824,6,0.0294002186103339,0.944906347806937,0.988855832250127,8,"RNA positive / Protein positive",TRUE,0.0370016775951557,0.0294002186103339
"FT2117NR","Mizoribine",NA,"Imidazole ribonucleosides and ribonucleotides","1-ribosyl-imidazolecarboxamides",0.665244414109301,FALSE,0.267579309548316,0.454628344998789,0.365040351433187,0.877630397244442,6,0.0291705541883413,0.945336230281195,0.988855832250127,8,"RNA positive / Protein positive",TRUE,0.241899449593565,0.0291705541883413
"FT2211NR","2-hydroxy-4-oxobutane-1,2,4-tricarboxylic acid","C04115","Carboxylic acids and derivatives","Tricarboxylic acids and derivatives",1.38891933211479,TRUE,0.806683610870847,0.328960257564174,0.524358806291677,0.932714961063584,6,0.0290186630712089,0.945620544171568,0.988855832250127,8,"RNA positive / Protein positive",TRUE,0.178989460317692,0.0290186630712089
"FT4814NR","dIDP","C01344","Purine nucleotides","Purine deoxyribonucleotides",0.0358599792257513,FALSE,-0.0185563965419506,0.61065002909776,0.197878656853718,0.842783223920486,6,0.0285241261662761,0.946546266312529,0.988855832250127,8,"RNA positive / Protein positive",TRUE,0.319587077632018,0.0285241261662761
"FT2979NR","cis-8,11,14-Eicosatrienoic Acid","C03242","Fatty Acyls","Fatty acids and conjugates",0.250644767195414,FALSE,0.0758860261851758,-0.132940645012855,0.801763776787902,0.970179334647934,6,-0.0283364469943386,0.946897596121958,0.988855832250127,8,"RNA negative / Protein negative",TRUE,0.080638546003597,0.0283364469943386
"FT7349NR","PA(P-16:0/18:3)",NA,"Glycerophospholipids","Glycerophosphates",0.529723045512707,FALSE,-0.191670154611352,-0.0278049359704095,0.958303344243475,0.990510327022572,6,-0.532575664838903,0.174176112516806,0.738625629999979,8,"RNA negative / Protein negative",TRUE,0.280190300404656,0.0278049359704095
"FT6350PR","POV-PA",NA,"Glycerophospholipids","Glycerophosphates",0.160364441298174,FALSE,0.0812817362150118,0.490373946541683,0.323398359840081,0.876885269600792,6,0.0276597752392394,0.948164367199256,0.988855832250127,8,"RNA positive / Protein positive",TRUE,0.259016860890461,0.0276597752392394
"FT2543PR","L-Proline, 1-(2-methyl-3-(methylthio)-1-oxopropyl)-, (S)-",NA,"Carboxylic acids and derivatives","Amino acids, peptides, and analogues",0.331447543150985,FALSE,-0.166872590920536,-0.621921430994939,0.187393187630409,0.842783223920486,6,-0.0270398684464213,0.949324954143656,0.988855832250127,8,"RNA negative / Protein negative",TRUE,0.32448064972068,0.0270398684464213
"FT2559NR","WE(14:0/4:0)",NA,"Fatty Acyls","Fatty alcohol esters",0.196352530580325,FALSE,0.0553006084565115,0.63651482226189,0.174170112843889,0.842783223920486,6,0.0269753392937086,0.949445769863335,0.988855832250127,8,"RNA positive / Protein positive",TRUE,0.331745080777799,0.0269753392937086
"FT4028PR","Prostaglandin A2","C05953","Fatty Acyls","Eicosanoids",0.421012996096119,FALSE,-0.123345195618085,-0.333104100369765,0.518824188737796,0.932714961063584,6,-0.0266825569728421,0.949993946707155,0.988855832250127,8,"RNA negative / Protein negative",TRUE,0.179893328671303,0.0266825569728421
"FT5963PR","6-Deoxo-25-methyldolichosterone",NA,"Steroids and steroid derivatives","Bile acids, alcohols and derivatives",3.04083892075863,TRUE,3.36548595910883,0.166457599628694,0.752619715167879,0.969196302601314,6,0.0265438145103425,0.950253720456632,0.988855832250127,8,"RNA positive / Protein positive",TRUE,0.0965007070695184,0.0265438145103425
"FT4956NR","Isoauriculatin",NA,"Isoflavonoids","Isoflavans",0.235274576719166,FALSE,-0.078761693313552,-0.27609202789695,0.596384765136804,0.93759622389105,6,-0.0261796306184862,0.950935616495679,0.988855832250127,8,"RNA negative / Protein negative",TRUE,0.151135829257718,0.0261796306184862
"FT4415PR","SCHEMBL25690336",NA,"Fatty Acyls","Fatty acids and conjugates",0.103032790725999,FALSE,-0.042380547429503,-0.143643711251387,0.78601637051447,0.970179334647934,6,-0.0256444609198002,0.951937712593313,0.988855832250127,8,"RNA negative / Protein negative",TRUE,0.0846440860855935,0.0256444609198002
"FT0818PR","Niacinamide","C00153","Pyridines and derivatives","Pyridinecarboxylic acids and derivatives",0.219491788723574,FALSE,0.0469260437681601,0.0297134379536778,0.955442959894256,0.98959133076166,6,0.0256278516157702,0.951968814117411,0.988855832250127,8,"RNA positive / Protein positive",TRUE,0.027670644784724,0.0256278516157702
"FT3197NR","Camonagrel",NA,"Indanes","Unclassified",0.121967942571508,FALSE,0.0989304386580154,-0.024495149048076,0.963264625123575,0.99231727563098,6,-0.160753966386634,0.703738778566354,0.941022348115419,8,"RNA negative / Protein negative",TRUE,0.0926245577173549,0.024495149048076
"FT2702PR","1-Ethyl citrate",NA,"Carboxylic acids and derivatives","Tricarboxylic acids and derivatives",0.401879558378974,FALSE,0.122487397443479,0.257526358897513,0.622250013249075,0.946367416587904,6,0.023941373337187,0.955127075718577,0.990660077047393,8,"RNA positive / Protein positive",TRUE,0.14073386611735,0.023941373337187
"FT1660NR","1-(2-Hydroxyethyl)-2-hydroxymethyl-5-nitroimidazole",NA,"Azoles","Imidazoles",1.32849673569202,TRUE,0.541763495318698,0.0232698730980517,0.96510149051974,0.992940956592424,6,0.17921061866624,0.671105281533062,0.941022348115419,8,"RNA positive / Protein positive",TRUE,0.101240245882146,0.0232698730980517
"FT0158PR","1,2,3,4-Tetrazine",NA,"Tetrazines","Unclassified",0.435088265155383,FALSE,-0.143138653246218,0.0225880197528968,0.966123732784973,0.993258028310345,6,0.201095089637162,0.63298854999037,0.941022348115419,8,"RNA positive / Protein positive",TRUE,0.11184155469503,0.0225880197528968
"FT3861NR","13,14-Dihydro-lipoxin A4",NA,"Fatty Acyls","Eicosanoids",0.510557015868436,FALSE,-0.270448274694386,-0.394103240973191,0.439450676913625,0.913166175765406,6,-0.0225388263844949,0.957754010465893,0.992646164007029,8,"RNA negative / Protein negative",TRUE,0.208321033678843,0.0225388263844949
"FT7356PR","PC(15:0/17:0)",NA,"Glycerophospholipids","Glycerophosphocholines",0.388245386808566,FALSE,-0.173778362490901,-0.0215472611797412,0.967684110259696,0.993528848513034,6,-0.141486700443447,0.738231611397816,0.944488235197464,8,"RNA negative / Protein negative",TRUE,0.0815169808115942,0.0215472611797412
"FT1852PR","N-Acetyl-L-glutamic acid","C00624","Carboxylic acids and derivatives","Amino acids, peptides, and analogues",0.571045768520382,FALSE,0.195359043581846,-0.0199319017733967,0.970106106619932,0.994412376056246,6,-0.0609691073255791,0.885965903241734,0.975210952430674,8,"RNA negative / Protein negative",TRUE,0.0404505045494879,0.0199319017733967
"FT4038NR","Benzyl edta",NA,"Carboxylic acids and derivatives","Tetracarboxylic acids and derivatives",0.516792608477485,FALSE,-0.218583080235917,-0.384302556557732,0.451924690574227,0.913166175765406,6,-0.0198229853031372,0.962841638229877,0.993240569470699,8,"RNA negative / Protein negative",TRUE,0.202062770930434,0.0198229853031372
"FT1405PR","N,N-Dimethyloctylamine",NA,"Organonitrogen compounds","Amines",0.700383602983317,FALSE,-0.526981996117553,0.537957126842149,0.270906133152638,0.872427299627174,6,0.0185127156366161,0.965296588228118,0.993240569470699,8,"RNA positive / Protein positive",TRUE,0.278234921239383,0.0185127156366161
"FT1146PR","O-Phosphoethanolamine","C00346","Organic phosphoric acids and derivatives","Phosphate esters",0.0652545689744845,FALSE,-0.0113584593847368,0.197389378831755,0.707761330188999,0.954635240195577,6,0.0184328310886952,0.965446269547486,0.993240569470699,8,"RNA positive / Protein positive",TRUE,0.107911104960225,0.0184328310886952
"FT3673NR","Cystinylglycine",NA,"Carboxylic acids and derivatives","Amino acids, peptides, and analogues",0.992175565957881,FALSE,0.399647140864448,0.183217154094345,0.728249433718096,0.962681972315463,6,0.0175847240996435,0.967035438673545,0.993240569470699,8,"RNA positive / Protein positive",TRUE,0.100400939096994,0.0175847240996435
"FT1432PR","2-Quinolinylmethanol",NA,"Quinolines and derivatives","Unclassified",0.379747590429538,FALSE,0.147653954544046,0.369010229793242,0.471608449216377,0.913637146489099,6,0.0174494456611618,0.96728893010648,0.993240569470699,8,"RNA positive / Protein positive",TRUE,0.193229837727202,0.0174494456611618
"FT2409PR","Glycyl-Phenylalanine",NA,"Carboxylic acids and derivatives","Amino acids, peptides, and analogues",1.14757660265931,FALSE,0.526110108051183,-0.0174179175007275,0.973875765906344,0.996338241947131,6,-0.110108919119799,0.795208404378583,0.951310980404665,8,"RNA negative / Protein negative",TRUE,0.0637634183102631,0.0174179175007275
"FT3017NR","Epinephrine sulfoconjugate",NA,"Organic sulfuric acids and derivatives","Arylsulfates",0.827622527257504,FALSE,0.314270695013014,0.0172458942594293,0.974133723255283,0.996338241947131,6,0.181356442770211,0.667339153449508,0.941022348115419,8,"RNA positive / Protein positive",TRUE,0.0993011685148199,0.0172458942594293
"FT3541NR","Docosadienoic acid",NA,"Fatty Acyls","Fatty acids and conjugates",0.199725394795398,FALSE,-0.0459420098542365,-0.0164105254280984,0.975386421578957,0.996669318678933,6,-0.597396773525328,0.117849038219912,0.683335624083641,8,"RNA negative / Protein negative",TRUE,0.306903649476713,0.0164105254280984
"FT2563PR","serine glutamate",NA,"Carboxylic acids and derivatives","Amino acids, peptides, and analogues",0.959037625625831,FALSE,-0.529774023820752,0.0160744196804679,0.97589044718958,0.996669318678933,6,0.126920831454955,0.764566783525319,0.945471237871938,8,"RNA positive / Protein positive",TRUE,0.0714976255677115,0.0160744196804679
"FT5379PR","Methyl N-({(2s,3s)-3-[(Propylamino)carbonyl]oxiran-2-Yl}carbonyl)-L-Isoleucyl-L-Prolinate",NA,"Carboxylic acids and derivatives","Amino acids, peptides, and analogues",2.0544139094256,FALSE,-1.66814343262412,0.113943244128694,0.829824799958742,0.970179334647934,6,0.0156340320636321,0.970690966175897,0.993556717072413,8,"RNA positive / Protein positive",TRUE,0.0647886380961631,0.0156340320636321
"FT6488PR","LysoPS(18:0/0:0)",NA,"Glycerophospholipids","Glycerophosphoserines",0.199626215423636,FALSE,0.112619438700679,0.496887721458101,0.316008562994731,0.876885269600792,6,0.0156030109804009,0.970749102333304,0.993556717072413,8,"RNA positive / Protein positive",TRUE,0.256245366219251,0.0156030109804009
"FT3249NR","FA(20:3;O)",NA,"Fatty Acyls","Eicosanoids",0.0316296770908921,FALSE,0.0229073171578145,-0.0150559984076559,0.977417708858622,0.997496722686973,6,-0.37522643674064,0.359698561511316,0.817897131271182,8,"RNA negative / Protein negative",TRUE,0.195141217574148,0.0150559984076559
"FT4600NR","Variabilin",NA,"Prenol lipids","Diterpenoids",1.43895901277318,TRUE,0.653565746457199,0.359113427673076,0.48448593292727,0.921585707949619,6,0.0146698224256824,0.972498028946968,0.993910310997543,8,"RNA positive / Protein positive",TRUE,0.186891625049379,0.0146698224256824
"FT1886PR","5-Hydroxyindoleacetic acid","C05635","Indoles and derivatives","Indolyl carboxylic acids and derivatives",0.259035306169919,FALSE,0.117346207848531,-0.399720007920719,0.432352837046258,0.911446453309662,6,-0.0144068273846414,0.972990936212548,0.993910310997543,8,"RNA negative / Protein negative",TRUE,0.20706341765268,0.0144068273846414
"FT0178PR","1-Aminocyclopropanecarboxylic acid","C01234","Carboxylic acids and derivatives","Amino acids, peptides, and analogues",1.34509024705095,TRUE,0.682476424106781,0.259798235040885,0.619070204344259,0.94525428566725,6,0.0138969647183281,0.973946545783819,0.993910310997543,8,"RNA positive / Protein positive",TRUE,0.136847599879607,0.0138969647183281
"FT2331NR","FA(16:0;O)",NA,"Fatty Acyls","Fatty acids and conjugates",0.352599601471812,FALSE,0.0779119653419989,0.0131096693689853,0.9803366224829,0.998514767951686,6,0.262653823697685,0.529704955638334,0.91110093783846,8,"RNA positive / Protein positive",TRUE,0.137881746533335,0.0131096693689853
"FT5968PR","Citronellyl beta-sophoroside",NA,"Prenol lipids","Terpene glycosides",1.90094715347244,FALSE,-1.43725635489484,0.247077290394423,0.636925751236401,0.951478587993934,6,0.0129851099947703,0.97565565544563,0.994733110429904,8,"RNA positive / Protein positive",TRUE,0.130031200194597,0.0129851099947703
"FT4480PR","Deutzioside","C11671","Organooxygen compounds","Carbohydrates and carbohydrate conjugates",0.333097270920699,FALSE,0.10500191648168,-0.0124136289824379,0.981380512985188,0.998514767951686,6,-0.154030567910326,0.71572822060556,0.941250131626557,8,"RNA negative / Protein negative",TRUE,0.0832220984463817,0.0124136289824379
"FT2335PR","Propionic acid, 2-methyl-2-((piperidinomethyl)thio)-",NA,"Fatty Acyls","Fatty acids and conjugates",0.0198438345767907,FALSE,-0.0608954223614828,-0.733704875678384,0.0969277343663465,0.760267849808906,6,-0.0123460578316965,0.976853493770057,0.994733110429904,8,"RNA negative / Protein negative",TRUE,0.373025466755041,0.0123460578316965
"FT1034NR","myo-Inositol","C00137","Organooxygen compounds","Alcohols and polyols",0.811132641437282,FALSE,-0.294825920655835,-0.701336455732732,0.120479487977613,0.765141115763805,6,-0.0115633092784886,0.978320727689669,0.994733110429904,8,"RNA negative / Protein negative",TRUE,0.35644988250561,0.0115633092784886
"FT1954NR","Norambreinolide",NA,"Naphthofurans","Unclassified",0.761289914094364,FALSE,0.304835134139098,-0.00927647947811802,0.986085679917599,0.998514767951686,6,-0.15104858592724,0.721062259838728,0.942458694993899,8,"RNA negative / Protein negative",TRUE,0.0801625327026792,0.00927647947811802
"FT3268NR","SCHEMBL12556240",NA,"Carboxylic acids and derivatives","Amino acids, peptides, and analogues",0.10404623516611,FALSE,0.0906641583216484,-0.00924089615726078,0.9861390503234,0.998514767951686,6,-0.318838529741461,0.441457748081023,0.858300397839791,8,"RNA negative / Protein negative",TRUE,0.164039712949361,0.00924089615726078
"FT5194PR","Pipazethate",NA,"Thioethers","Aryl thioethers",2.84790996430174,TRUE,-3.19619950343638,-0.00849172990558279,0.987262711308726,0.998514767951686,6,-0.0168719732536244,0.968371053180064,0.993310705027969,8,"RNA negative / Protein negative",TRUE,0.0126818515796036,0.00849172990558279
"FT7422PR","PC(O-16:1/18:0)",NA,"Glycerophospholipids","Glycerophosphocholines",0.554633582656745,FALSE,-0.190141647317736,-0.367768381608848,0.473218423160198,0.913637146489099,6,-0.00786611582735242,0.985251641214969,0.998072318857172,8,"RNA negative / Protein negative",TRUE,0.1878172487181,0.00786611582735242
"FT6438NR","N-Docosahexaenoyl Tryptophan",NA,"Carboxylic acids and derivatives","Amino acids, peptides, and analogues",0.631709583071141,FALSE,-0.173978852749701,-0.00768906758380532,0.988466625919897,0.998514767951686,6,-0.363830044851035,0.375629246992291,0.821167837023025,8,"RNA negative / Protein negative",TRUE,0.18575955621742,0.00768906758380532
"FT2814NR","N-benzoyl-dl-tyrosine methyl ether",NA,"Carboxylic acids and derivatives","Amino acids, peptides, and analogues",0.303587889025055,FALSE,0.104244792076315,-0.730366215779659,0.0992520577933663,0.760267849808906,6,-0.00747837755198985,0.985978564877149,0.998072318857172,8,"RNA negative / Protein negative",TRUE,0.368922296665824,0.00747837755198985
"FT2300PR","Alliin","C08265","Carboxylic acids and derivatives","Amino acids, peptides, and analogues",0.836146610186896,FALSE,-0.342093697872068,-0.199863342866328,0.704196791873764,0.954635240195577,6,-0.00738890578466259,0.986146305900715,0.998072318857172,8,"RNA negative / Protein negative",TRUE,0.103626124325495,0.00738890578466259
"FT4389PR","(3E,5E,8Z)-Deca-3,5,8-trienedioylcarnitine",NA,"Fatty Acyls","Fatty acid esters",1.51677839440457,FALSE,-0.989987469158321,-0.256181479259067,0.624134241898404,0.946628255336578,6,-0.00713801179744577,0.986616682485784,0.998072318857172,8,"RNA negative / Protein negative",TRUE,0.131659745528257,0.00713801179744577
"FT4246NR","Gossypetin 3-methyl ether",NA,"Flavonoids","O-methylated flavonoids",0.324800117869541,FALSE,0.0993711010346808,0.537248077638627,0.271662316473049,0.872427299627174,6,0.00654910792403789,0.987720773758628,0.998178163837201,8,"RNA positive / Protein positive",TRUE,0.271898592781332,0.00654910792403789
"FT1123NR","Alanylvaline",NA,"Carboxylic acids and derivatives","Amino acids, peptides, and analogues",0.397628610052152,FALSE,-0.380423248474952,-0.00649890919019646,0.990251773458087,0.998514767951686,6,-0.305351458339526,0.462059065173623,0.865663770031763,8,"RNA negative / Protein negative",TRUE,0.155925183764861,0.00649890919019646
"FT6388PR","N-[(4E,8E)-1,3-dihydroxyoctadeca-4,8-dien-2-yl]hexadecanamide",NA,"Sphingolipids","Ceramides",0.0513914372440338,FALSE,0.0188913702168151,0.415725103405699,0.412336681278048,0.899856267857053,6,0.00544195279082922,0.989796539968676,0.998178163837201,8,"RNA positive / Protein positive",TRUE,0.210583528098264,0.00544195279082922
"FT2729NR","Phaclofen",NA,"Benzene and substituted derivatives","Halobenzenes",0.492552031985506,FALSE,0.184578307946979,0.00539804090259218,0.991903017292452,0.998514767951686,6,0.311526154712542,0.452579628422626,0.86488870185752,8,"RNA positive / Protein positive",TRUE,0.158462097807567,0.00539804090259218
"FT1738PR","L-Tyrosine","C00082","Carboxylic acids and derivatives","Amino acids, peptides, and analogues",1.18946508656911,TRUE,0.511938830148247,0.00452262915032739,0.993216102527832,0.998514767951686,6,0.0775075024572003,0.855254408420592,0.961471488176052,8,"RNA positive / Protein positive",TRUE,0.0410150658037639,0.00452262915032739
"FT6169NR","Z-LLNle-CHO",NA,"Carboxylic acids and derivatives","Amino acids, peptides, and analogues",0.161293880970033,FALSE,0.0692984069895153,-0.230960120350932,0.659719823497708,0.952289076557119,6,-0.00432413459531396,0.991892348699812,0.998337858546959,8,"RNA negative / Protein negative",TRUE,0.117642127473123,0.00432413459531396
"FT5173NR","Deoxylimonin","C10897","Steroids and steroid derivatives","Steroid lactones",0.148263551200591,FALSE,0.0670318010295973,0.0038324109136867,0.994251411773495,0.998514767951686,6,0.655726430268431,0.0774855717953489,0.645250270564314,8,"RNA positive / Protein positive",TRUE,0.329779420591059,0.0038324109136867
"FT3264NR","Uridine 3'-monophosphate","C01368","Ribonucleoside 3'-phosphates","Unclassified",0.399915389411386,FALSE,0.124957396111246,0.00309240967164459,0.995361400278886,0.998514767951686,6,0.667016524607414,0.0707853602178491,0.632530718869754,8,"RNA positive / Protein positive",TRUE,0.335054467139529,0.00309240967164459
"FT0857PR","2-Aminoethanesulfonamide",NA,"Organic sulfonic acids and derivatives","Organosulfonic acids and derivatives",0.526705547575248,FALSE,-0.137187875565871,-0.0290213761420915,0.956480157272748,0.989928496105947,6,-0.00244389655023897,0.995417712213883,0.998802702057423,8,"RNA negative / Protein negative",TRUE,0.0157326363461652,0.00244389655023897
"FT3800NR","Biapenem",NA,"Lactams","Beta lactams",0.408778017503716,FALSE,0.145657906117065,-0.00242583849103307,0.996361249401107,0.998514767951686,6,-0.186644255246069,0.65808452524577,0.941022348115419,8,"RNA negative / Protein negative",TRUE,0.0945350468685509,0.00242583849103307
"FT0694PR","Uracil","C00106","Diazines","Pyrimidines and pyrimidine derivatives",0.578719373803388,FALSE,0.144206360756995,0.34526339079237,0.502683787355587,0.931571565774147,6,0.00182217220789242,0.996583434672919,0.998802702057423,8,"RNA positive / Protein positive",TRUE,0.173542781500131,0.00182217220789242
"FT1696PR","Bethanidine",NA,"Benzene and substituted derivatives","Unclassified",0.613311080165352,FALSE,-0.404124665581988,-0.42466479315182,0.401294874279823,0.892812542241502,6,-0.00181514096274408,0.996596618170362,0.998802702057423,8,"RNA negative / Protein negative",TRUE,0.213239967057282,0.00181514096274408
"FT3864NR","13,14-Dihydro-15-keto PGF2a",NA,"Fatty Acyls","Eicosanoids",0.214890528009493,FALSE,-0.125665899161203,-0.520738628273865,0.289496070964517,0.876885269600792,6,-0.00178496464766754,0.996653198394459,0.998802702057423,8,"RNA negative / Protein negative",TRUE,0.261261796460766,0.00178496464766754
"FT4293NR","10,12-Pentacosanedione",NA,"Organooxygen compounds","Carbonyl compounds",0.678488721445119,FALSE,-0.267527047030204,0.000842961375072567,0.998735558236889,0.999454073026987,6,0.204892780571791,0.626442640095952,0.941022348115419,8,"RNA positive / Protein positive",TRUE,0.102867870973432,0.000842961375072567
"FT5037NR","Cysteineglutathione disulfide",NA,"Carboxylic acids and derivatives","Amino acids, peptides, and analogues",0.515927342080082,FALSE,0.16085076096296,0.371009648079736,0.469019925389213,0.913637146489099,6,-0.365404844274813,0.373409421741225,0.821167837023025,8,"RNA positive / Protein negative",FALSE,0.368207246177275,0.365404844274813
"FT0127NR","Mesylate","C11145","Organic sulfonic acids and derivatives","Organosulfonic acids and derivatives",0.334990247363578,FALSE,0.125921973585466,0.33782366490353,0.512541536566513,0.931571565774147,6,-0.406977611284228,0.316990184999169,0.801120750861266,8,"RNA positive / Protein negative",FALSE,0.372400638093879,0.33782366490353
"FT3150PR","Eugenyl benzoate",NA,"Depsides and depsidones","Unclassified",0.267526776433464,FALSE,0.136108321474797,0.335987315950866,0.514983406187169,0.931571565774147,6,-0.367840441757618,0.369987825677138,0.821167837023025,8,"RNA positive / Protein negative",FALSE,0.351913878854242,0.335987315950866
"FT1217NR","D-Ribose","C00121","Organooxygen compounds","Carbohydrates and carbohydrate conjugates",0.571859682066939,FALSE,0.206941267122114,0.33010496590696,0.522828202774872,0.932714961063584,6,-0.404326013149755,0.320460317093899,0.801120750861266,8,"RNA positive / Protein negative",FALSE,0.367215489528358,0.33010496590696
"FT0088NR","L-Alanine","C00041","Carboxylic acids and derivatives","Amino acids, peptides, and analogues",0.360896534673057,FALSE,0.0832834154069502,0.319190906293579,0.537473677725155,0.934141862527685,6,-0.388853517150008,0.341062432663397,0.804638828109801,8,"RNA positive / Protein negative",FALSE,0.354022211721794,0.319190906293579
"FT2071NR","N-(3-oxo-octanoyl)-homoserine thiolactone",NA,"Carboxylic acids and derivatives","Amino acids, peptides, and analogues",0.912127578919195,FALSE,0.402718304710714,-0.315681387759347,0.542207491446477,0.934141862527685,6,0.343102741845892,0.405386705837715,0.84093611300264,8,"RNA negative / Protein positive",FALSE,0.329392064802619,0.315681387759347
"FT2569PR","Cadabicilone",NA,"Prenol lipids","Terpene lactones",0.274801326410548,FALSE,-0.0717940557857366,-0.322453703870064,0.533083230413895,0.934141862527685,6,0.309060095914443,0.456355962003775,0.86488870185752,8,"RNA negative / Protein positive",FALSE,0.315756899892254,0.309060095914443
"FT2166NR","Na-L-Glutamyl-L-aspartic acid",NA,"Carboxylic acids and derivatives","Amino acids, peptides, and analogues",0.40647410920512,FALSE,0.204328303030566,0.304755144648801,0.557019456444911,0.934141862527685,6,-0.365562087600886,0.373188095825126,0.821167837023025,8,"RNA positive / Protein negative",FALSE,0.335158616124843,0.304755144648801
"FT3457NR","dehydroabietadienol",NA,"Prenol lipids","Diterpenoids",0.285543828788054,FALSE,0.193707643436865,0.285139210252722,0.583882716436166,0.934141862527685,6,-0.325876691159245,0.430861395749,0.855463668172405,8,"RNA positive / Protein negative",FALSE,0.305507950705983,0.285139210252722
"FT3840NR","Ala-Ala-Phe",NA,"Carboxylic acids and derivatives","Amino acids, peptides, and analogues",1.43243501864712,FALSE,0.680877672612548,-0.282306694053364,0.587789467029133,0.934141862527685,6,0.308022538823108,0.457948612774483,0.86488870185752,8,"RNA negative / Protein positive",FALSE,0.295164616438236,0.282306694053364
"FT0043NR","Phosphate","C00009","Non-metal oxoanionic compounds","Non-metal phosphates",0.0651219771320245,FALSE,0.012767070262113,0.46569374376847,0.351957039826834,0.876885269600792,6,-0.275113818906736,0.50959896707981,0.894686347744653,8,"RNA positive / Protein negative",FALSE,0.370403781337603,0.275113818906736
"FT4520NR","Murrayazolinol",NA,"Quinolines and derivatives","Benzoquinolines",0.818317604264005,FALSE,0.358650907320363,-0.311018745861958,0.548514716548769,0.934141862527685,6,0.271867952933167,0.514808574296111,0.899302196201478,8,"RNA negative / Protein positive",FALSE,0.291443349397562,0.271867952933167
"FT3925PR","Desogestrel","C07629","Steroids and steroid derivatives","Estrane steroids",0.247006451316569,FALSE,0.0951472685288158,0.265288314528008,0.611402744093859,0.941660674157451,6,-0.388181120544705,0.341971294115191,0.804638828109801,8,"RNA positive / Protein negative",FALSE,0.326734717536356,0.265288314528008
"FT1646NR","N,N-dimethyl-beta-alanine",NA,"Carboxylic acids and derivatives","Carboxylic acid derivatives",0.0698086260829803,FALSE,0.0568549643649285,0.261543981605104,0.616629518880321,0.944467867906927,6,-0.293085658292931,0.481123202586145,0.870407434033231,8,"RNA positive / Protein negative",FALSE,0.277314819949018,0.261543981605104
"FT0881NR","L-Cysteine","C00097","Carboxylic acids and derivatives","Amino acids, peptides, and analogues",0.13253643427801,FALSE,-0.0188580227840206,0.330438047339443,0.52238307904907,0.932714961063584,6,-0.261079016145475,0.532266638068812,0.91110093783846,8,"RNA positive / Protein negative",FALSE,0.295758531742459,0.261079016145475
"FT0430NR","2-Hydroxyethanesulfonate","C05123","Organic sulfonic acids and derivatives","Organosulfonic acids and derivatives",0.496342170731052,FALSE,0.235748242242961,0.260630635674227,0.617906148174956,0.944513683638862,6,-0.506409309808728,0.200329279451473,0.738625629999979,8,"RNA positive / Protein negative",FALSE,0.383519972741477,0.260630635674227
"FT6556NR","PA(14:1/12:0)",NA,"Glycerophospholipids","Glycerophosphates",0.336130854471531,FALSE,0.0685103589785488,-0.284281129063983,0.585065504202104,0.934141862527685,6,0.259499372326861,0.534840733418493,0.91110093783846,8,"RNA negative / Protein positive",FALSE,0.271890250695422,0.259499372326861
"FT5849PR","10-Hydroxyheptadecanoylcarnitine",NA,"Fatty Acyls","Fatty acid esters",0.77120454659261,FALSE,0.353581832057848,0.280849413913474,0.589802073544119,0.93484979445667,6,-0.257584309165799,0.537967480438532,0.91110093783846,8,"RNA positive / Protein negative",FALSE,0.269216861539637,0.257584309165799
"FT0746PR","Betaine",NA,"Carboxylic acids and derivatives","Amino acids, peptides, and analogues",0.805544163482131,FALSE,0.236147661524817,-0.314406123757741,0.543930527349003,0.934141862527685,6,0.254974321108821,0.542239482738838,0.911573238881185,8,"RNA negative / Protein positive",FALSE,0.284690222433281,0.254974321108821
"FT5840NR","LysoPC(17:1/0:0)",NA,"Glycerophospholipids","Glycerophosphocholines",1.22150628608138,FALSE,0.777004165530733,0.49309997955748,0.320298066453455,0.876885269600792,6,-0.249977272185425,0.550452493800763,0.912481150339734,8,"RNA positive / Protein negative",FALSE,0.371538625871453,0.249977272185425
"FT3022NR","N-Acetylneuraminic acid","C19910","Organooxygen compounds","Carbohydrates and carbohydrate conjugates",0.750620388528757,FALSE,0.247480413105748,0.249487772126759,0.633532918771069,0.951478587993934,6,-0.363885813482501,0.375550535569712,0.821167837023025,8,"RNA positive / Protein negative",FALSE,0.30668679280463,0.249487772126759
"FT3228PR","C16 Sphinganine","C13915","Organonitrogen compounds","Amines",0.462019792744621,FALSE,-0.20490512663259,0.257333148529016,0.622520622701605,0.946367416587904,6,-0.248069780995465,0.553599209233595,0.912481150339734,8,"RNA positive / Protein negative",FALSE,0.25270146476224,0.248069780995465
"FT3181PR","6-(1,2,3,4-Tetrahydroxybutyl)oxane-2,3,4,5-tetrol",NA,"Organooxygen compounds","Carbohydrates and carbohydrate conjugates",0.129228221889896,FALSE,-0.0125454793674202,0.465080277625354,0.352677937601578,0.876885269600792,6,-0.245748225723407,0.557437557446474,0.912481150339734,8,"RNA positive / Protein negative",FALSE,0.35541425167438,0.245748225723407
"FT7236NR","OHHdiA-PE",NA,"Glycerophospholipids","Glycerophosphoethanolamines",0.535172847454425,FALSE,0.178899792271049,0.359224128222013,0.4843413030274,0.921585707949619,6,-0.239691548228938,0.567495122570679,0.914552833368238,8,"RNA positive / Protein negative",FALSE,0.299457838225476,0.239691548228938
"FT0852NR","xi-3-Hydroxy-2-oxobutanoic acid",NA,"Keto acids and derivatives","Short-chain keto acids and derivatives",0.193206755329237,FALSE,-0.0321983093668024,0.227900227507875,0.664068058282301,0.952289076557119,6,-0.416675695583563,0.304451389733311,0.800764598657047,8,"RNA positive / Protein negative",FALSE,0.322287961545719,0.227900227507875
"FT4200PR","Val-Pro-Ile",NA,"Carboxylic acids and derivatives","Amino acids, peptides, and analogues",1.35551197108466,FALSE,0.592153465449215,-0.227420915765839,0.664749762267688,0.952289076557119,6,0.279024285757938,0.503349380688746,0.887137205029066,8,"RNA negative / Protein positive",FALSE,0.253222600761889,0.227420915765839
"FT3812PR","t17:0 phytosphingosine",NA,"Organonitrogen compounds","Amines",0.862174254967654,FALSE,0.725333824242555,-0.22546460313281,0.66753376150275,0.952289076557119,6,0.35258727052515,0.391646500780053,0.83238202420963,8,"RNA negative / Protein positive",FALSE,0.28902593682898,0.22546460313281
"FT1666PR","Citrulline","C00327","Carboxylic acids and derivatives","Amino acids, peptides, and analogues",0.268485422704967,FALSE,0.0573612277114136,-0.290984073924319,0.575842951770211,0.934141862527685,6,0.224995963454162,0.592153858974312,0.923679352382002,8,"RNA negative / Protein positive",FALSE,0.257990018689241,0.224995963454162
"FT4598PR","N-(4-Methoxy-3-phenethoxyphenethyl)-N-propylpropan-1-amine",NA,"Benzene and substituted derivatives","Phenethylamines",0.60143828279398,FALSE,-0.317213654600653,0.301446384396395,0.561526628224379,0.934141862527685,6,-0.224473750815404,0.59303659998701,0.923679352382002,8,"RNA positive / Protein negative",FALSE,0.2629600676059,0.224473750815404
"FT3695PR","Ipriflavone","D01338","Isoflavonoids","Isoflav-2-enes",0.00573188343660923,FALSE,-0.000636065521003264,-0.21825380574033,0.677817521258159,0.952289076557119,6,0.211719777694094,0.61472888200693,0.938589333535224,8,"RNA negative / Protein positive",FALSE,0.214986791717212,0.211719777694094
"FT7540PR","Quercetin 3-rhamnosyl-(1->2)-glucosyl-(1->6)-galactoside",NA,"Flavonoids","Flavonoid glycosides",0.738436535623879,FALSE,0.311329564033281,0.465355027406953,0.352355008029558,0.876885269600792,6,-0.208652650992237,0.619982834781925,0.941022348115419,8,"RNA positive / Protein negative",FALSE,0.337003839199595,0.208652650992237
"FT2128PR","Cysteinyl-Threonine",NA,"Carboxylic acids and derivatives","Amino acids, peptides, and analogues",0.0711960528953764,FALSE,-0.0861031797979692,0.237666513593704,0.650212570288009,0.952289076557119,6,-0.206098062850514,0.624369570500677,0.941022348115419,8,"RNA positive / Protein negative",FALSE,0.221882288222109,0.206098062850514
"FT3309NR","Epoxydocosapentaenoic acid",NA,"Fatty Acyls","Fatty acids and conjugates",0.00112573020546159,FALSE,0.0309977410584163,0.204495786686001,0.697532176236177,0.954635240195577,6,-0.261289489356783,0.531924006430824,0.91110093783846,8,"RNA positive / Protein negative",FALSE,0.232892638021392,0.204495786686001
"FT1211PR","OXYQUINOLINE","C19434","Quinolines and derivatives","8-hydroxyquinolines",0.852434268169347,FALSE,0.262726423702999,-0.201472688070012,0.701879981419219,0.954635240195577,6,0.273595601315813,0.512033213602684,0.896701381610731,8,"RNA negative / Protein positive",FALSE,0.237534144692912,0.201472688070012
"FT4716NR","Asp-Trp-Ser",NA,"Carboxylic acids and derivatives","Amino acids, peptides, and analogues",0.0591219532908577,FALSE,0.0303670690726652,0.366981842166869,0.474238999940617,0.913665441713849,6,-0.198159581990598,0.638062674198511,0.941022348115419,8,"RNA positive / Protein negative",FALSE,0.282570712078733,0.198159581990598
"FT7008NR","tauro-24,25-dihydrofusidate",NA,"Steroids and steroid derivatives","Hydroxysteroids",0.868769038942508,FALSE,-0.312797237198668,0.197163478124021,0.708086993847191,0.954635240195577,6,-0.503279266100629,0.203587782176433,0.738625629999979,8,"RNA positive / Protein negative",FALSE,0.350221372112325,0.197163478124021
"FT6633PR","LysoPC(22:6/0:0)","C04230","Glycerophospholipids","Glycerophosphocholines",0.0504996106971918,FALSE,0.061059846075461,0.196094678428045,0.709628208743513,0.954635240195577,6,-0.440433610294063,0.274767200839978,0.773788844385717,8,"RNA positive / Protein negative",FALSE,0.318264144361054,0.196094678428045
"FT2323PR","AKOS014841030",NA,"Peptidomimetics","Hybrid peptides",0.728608211305957,FALSE,0.349938141443562,0.317172945899087,0.540194170616977,0.934141862527685,6,-0.195925391760729,0.641932802272527,0.941022348115419,8,"RNA positive / Protein negative",FALSE,0.256549168829908,0.195925391760729
"FT3001PR","2-Keto-3-Deoxy-D-Mannooctanoic Acid",NA,"Organooxygen compounds","Carbohydrates and carbohydrate conjugates",0.258442481504623,FALSE,-0.111281358096718,-0.207495827047849,0.69322307586364,0.954635240195577,6,0.1957530747837,0.64223158858238,0.941022348115419,8,"RNA negative / Protein positive",FALSE,0.201624450915775,0.1957530747837
"FT4010PR","Pristanic acid",NA,"Prenol lipids","Diterpenoids",0.143876313754685,FALSE,-0.00610461886653342,-0.341971025884835,0.50703922221079,0.931571565774147,6,0.193590139639703,0.645985530523443,0.941022348115419,8,"RNA negative / Protein positive",FALSE,0.267780582762269,0.193590139639703
"FT4855NR","N-Docosahexaenoyl GABA",NA,"Carboxylic acids and derivatives","Amino acids, peptides, and analogues",0.784245970507234,FALSE,0.313891314599099,0.449201678607109,0.37151792190086,0.877630397244442,6,-0.192861109065639,0.64725229627023,0.941022348115419,8,"RNA positive / Protein negative",FALSE,0.321031393836374,0.192861109065639
"FT0772PR","L-Threonine","C00188","Carboxylic acids and derivatives","Amino acids, peptides, and analogues",0.529486825097535,FALSE,0.223850287138848,-0.340365595735074,0.509167068889007,0.931571565774147,6,0.192158631506285,0.648473623676641,0.941022348115419,8,"RNA negative / Protein positive",FALSE,0.266262113620679,0.192158631506285
"FT6274NR","LysoPA(22:4/0:0)",NA,"Glycerophospholipids","Glycerophosphates",0.505155417458906,FALSE,0.288580664622782,0.430940003877277,0.393604774601446,0.891700719007511,6,-0.186630486400527,0.658108574591839,0.941022348115419,8,"RNA positive / Protein negative",FALSE,0.308785245138902,0.186630486400527
"FT5859PR","Cepagenin",NA,"Prenol lipids","Triterpenoids",0.00250467594921436,FALSE,0.00161373501722836,0.401034397418127,0.430697301793363,0.91048624132913,6,-0.186112514876592,0.659013475144829,0.941022348115419,8,"RNA positive / Protein negative",FALSE,0.29357345614736,0.186112514876592
"FT1345NR","Garcinia acid",NA,"Carboxylic acids and derivatives","Tricarboxylic acids and derivatives",0.0428430774895379,FALSE,0.0832863275361618,0.490391280876648,0.323378611051738,0.876885269600792,6,-0.182639358661988,0.665090401312551,0.941022348115419,8,"RNA positive / Protein negative",FALSE,0.336515319769318,0.182639358661988
"FT0227NR","Malonic acid","C00383","Carboxylic acids and derivatives","Dicarboxylic acids and derivatives",0.144094908172908,FALSE,0.0908166997875453,0.464250932250588,0.353653354521781,0.876885269600792,6,-0.181581518265652,0.666944474089435,0.941022348115419,8,"RNA positive / Protein negative",FALSE,0.32291622525812,0.181581518265652
"FT2367NR","Thalidomide arene oxide",NA,"Isoindoles and derivatives","Isoindolines",0.880268958090523,FALSE,0.289088639764614,-0.18085996578039,0.73166804566044,0.962681972315463,6,0.195308217573952,0.643003135476122,0.941022348115419,8,"RNA negative / Protein positive",FALSE,0.188084091677171,0.18085996578039
"FT6455PR","LysoPC(0:0/20:4)",NA,"Glycerophospholipids","Glycerophosphocholines",0.330732409205966,FALSE,0.12883892494866,0.289832004656257,0.57742531267739,0.934141862527685,6,-0.180735277873455,0.668428737753948,0.941022348115419,8,"RNA positive / Protein negative",FALSE,0.235283641264856,0.180735277873455
"FT2821PR","2',3'-Didehydro-2',3'-dideoxyguanosine",NA,"Imidazopyrimidines","Purines and purine derivatives",0.4540445651513,FALSE,0.197084311189683,0.213854158415134,0.684108922761512,0.952289076557119,6,-0.176292276085307,0.676236854132828,0.941022348115419,8,"RNA positive / Protein negative",FALSE,0.195073217250221,0.176292276085307
"FT3700PR","Spiroxamine","C11124","Organooxygen compounds","Ethers",1.00205083423351,FALSE,-0.46262329042717,-0.338210743453317,0.512027257604616,0.931571565774147,6,0.176021223444072,0.676714025632898,0.941022348115419,8,"RNA negative / Protein positive",FALSE,0.257115983448695,0.176021223444072
"FT7867PR","PC(18:0/22:5)","C00157","Glycerophospholipids","Glycerophosphocholines",0.631124546253301,FALSE,-0.26712884801737,-0.523728903446965,0.286233959674637,0.876885269600792,6,0.174551483162231,0.679303046000619,0.941022348115419,8,"RNA negative / Protein positive",FALSE,0.349140193304598,0.174551483162231
"FT3393PR","N-(1-Deoxy-1-fructosyl)threonine",NA,"Organooxygen compounds","Carbohydrates and carbohydrate conjugates",1.03292905739731,FALSE,0.454063510857547,0.173014083283462,0.743068365874163,0.965086925238993,6,-0.198510700736873,0.637455102460082,0.941022348115419,8,"RNA positive / Protein negative",FALSE,0.185762392010167,0.173014083283462
"FT5414NR","Ethametsulfuron-methyl",NA,"Organonitrogen compounds","Sulfonylureas",0.0865820905482521,FALSE,0.039464395799766,0.171844402361781,0.744770721900992,0.966387783245823,6,-0.482936422211905,0.22543581240663,0.763986484259788,8,"RNA positive / Protein negative",FALSE,0.327390412286843,0.171844402361781
"FT4055PR","4-hydroxysphinganine",NA,"Organonitrogen compounds","Amines",0.78395687941454,FALSE,-0.377170143254302,0.171144783435433,0.745789286143837,0.966387783245823,6,-0.190102716512973,0.652051964331086,0.941022348115419,8,"RNA positive / Protein negative",FALSE,0.180623749974203,0.171144783435433
"FT1831PR","(2E)-2-(methoxycarbonylmethyl)but-2-enedioic acid","C11515","Carboxylic acids and derivatives","Tricarboxylic acids and derivatives",0.508876776369748,FALSE,0.157358489296361,0.178327964395829,0.735343544978462,0.962681972315463,6,-0.170950171212405,0.685658481055242,0.941022348115419,8,"RNA positive / Protein negative",FALSE,0.174639067804117,0.170950171212405
"FT2260NR","Cimetidine sulfoxide",NA,"Azoles","Imidazoles",1.69408879764026,FALSE,1.07026461437498,-0.451646653594927,0.368594523110435,0.877630397244442,6,0.170741514957465,0.686027206135435,0.941022348115419,8,"RNA negative / Protein positive",FALSE,0.311194084276196,0.170741514957465
"FT2630NR","2-Amino-7-methoxy-3H-phenoxazin-3-one",NA,"Benzoxazines","Phenoxazines",0.43552177899998,FALSE,0.128147449211716,-0.502884274731668,0.309261442204619,0.876885269600792,6,0.169883533536201,0.687543948713393,0.941022348115419,8,"RNA negative / Protein positive",FALSE,0.336383904133934,0.169883533536201
"FT3130NR","FA(19:0;O)",NA,"Fatty Acyls","Fatty acids and conjugates",0.098065774360205,FALSE,0.109778787204264,0.175440611050619,0.739539062498229,0.962681972315463,6,-0.168678878091444,0.689675079135353,0.941022348115419,8,"RNA positive / Protein negative",FALSE,0.172059744571032,0.168678878091444
"FT3770PR","4-Hydroxy-6-octenoylcarnitine",NA,"Fatty Acyls","Fatty acid esters",1.61357857769856,FALSE,0.901541757394166,-0.381181849017948,0.455920011952997,0.913166175765406,6,0.166960170624181,0.692718692881156,0.941022348115419,8,"RNA negative / Protein positive",FALSE,0.274071009821065,0.166960170624181
"FT6735NR","Uridine diphosphate glucuronic acid","C00167","Pyrimidine nucleotides","Pyrimidine nucleotide sugars",0.299225060846767,FALSE,-0.141579499787437,-0.252210619639577,0.629705654098013,0.951053816341298,6,0.166435947731816,0.693647742634905,0.941022348115419,8,"RNA negative / Protein positive",FALSE,0.209323283685696,0.166435947731816
"FT5206PR","5beta-Cholane-3alpha,24-diol",NA,"Steroids and steroid derivatives","Bile acids, alcohols and derivatives",0.148120037957745,FALSE,0.032966209524366,0.166123849287561,0.753106497075383,0.969196302601314,6,-0.226136268710576,0.590227822562266,0.923431632605835,8,"RNA positive / Protein negative",FALSE,0.196130058999068,0.166123849287561
"FT3436NR","Pro-Ile-Gly",NA,"Carboxylic acids and derivatives","Amino acids, peptides, and analogues",0.44632509451346,FALSE,0.209684251740099,0.22105323091291,0.673820984846552,0.952289076557119,6,-0.165802761136157,0.694770347063848,0.941022348115419,8,"RNA positive / Protein negative",FALSE,0.193427996024534,0.165802761136157
"FT0316NR","L-Valine","C00183","Carboxylic acids and derivatives","Amino acids, peptides, and analogues",1.15241953802114,FALSE,0.485884895137649,-0.165417175827347,0.75413737828696,0.969505631420666,6,0.297205615031047,0.47468553070762,0.870407434033231,8,"RNA negative / Protein positive",FALSE,0.231311395429197,0.165417175827347
"FT2132PR","L-Tryptophan","C00078","Indoles and derivatives","Indolyl carboxylic acids and derivatives",0.925798729394874,FALSE,0.318111224392311,-0.187584565038602,0.721923512375644,0.961800479900299,6,0.163797571791866,0.698328626280215,0.941022348115419,8,"RNA negative / Protein positive",FALSE,0.175691068415234,0.163797571791866
"FT2834NR","Dehydroabietic acid",NA,"Prenol lipids","Diterpenoids",0.349140314822963,FALSE,-0.164769924200942,-0.249300535041621,0.633796305895824,0.951478587993934,6,0.161913495522516,0.701676367282231,0.941022348115419,8,"RNA negative / Protein positive",FALSE,0.205607015282068,0.161913495522516
"FT2805PR","Naxagolide",NA,"Tetralins","Unclassified",1.44457093766076,FALSE,-2.30437299091528,-0.546250195822964,0.262122306608044,0.872427299627174,6,0.161385269951951,0.70261570591061,0.941022348115419,8,"RNA negative / Protein positive",FALSE,0.353817732887458,0.161385269951951
"FT3216NR","AICAR","C04677","Imidazole ribonucleosides and ribonucleotides","1-ribosyl-imidazolecarboxamides",0.094049848402587,FALSE,-0.00769964539340099,0.545399649705483,0.263018027475356,0.872427299627174,6,-0.160901431095946,0.703476400712483,0.941022348115419,8,"RNA positive / Protein negative",FALSE,0.353150540400714,0.160901431095946
"FT6823NR","(25R)-3alpha,7alpha-dihydroxy-5beta-cholestan-27-oyl taurine",NA,"Steroids and steroid derivatives","Bile acids, alcohols and derivatives",0.912700241850724,FALSE,0.310128569840147,-0.158535466839124,0.764189074863099,0.970179334647934,6,0.180102029306116,0.669540038787711,0.941022348115419,8,"RNA negative / Protein positive",FALSE,0.16931874807262,0.158535466839124
"FT1436PR","Propionylcholine",NA,"Organonitrogen compounds","Quaternary ammonium salts",0.290462191436409,FALSE,0.0747925978450492,-0.489390168627027,0.3245198895194,0.876885269600792,6,0.158436880480615,0.707864812852901,0.941022348115419,8,"RNA negative / Protein positive",FALSE,0.323913524553821,0.158436880480615
"FT3561PR","Asp-Gly-Val",NA,"Carboxylic acids and derivatives","Amino acids, peptides, and analogues",0.335296385325531,FALSE,0.0939590289556145,-0.303097560044437,0.559276163094902,0.934141862527685,6,0.158224195450184,0.708243853989013,0.941022348115419,8,"RNA negative / Protein positive",FALSE,0.230660877747311,0.158224195450184
"FT5413NR","Flavin mononucleotide","C00061","Flavin nucleotides","Unclassified",0.0263874386041481,FALSE,0.0167688963367451,0.157667354668793,0.765458693966075,0.970179334647934,6,-0.30238318191317,0.466644240011575,0.868494086216469,8,"RNA positive / Protein negative",FALSE,0.230025268290981,0.157667354668793
"FT3007PR","Isoleucyl-Glutamate",NA,"Carboxylic acids and derivatives","Amino acids, peptides, and analogues",0.575990316379427,FALSE,0.262206246892094,0.21577309602274,0.681363340993379,0.952289076557119,6,-0.157423560813992,0.709671190753964,0.941022348115419,8,"RNA positive / Protein negative",FALSE,0.186598328418366,0.157423560813992
"FT0679PR","Cytosine","C00380","Diazines","Pyrimidines and pyrimidine derivatives",0.491732575532009,FALSE,0.17281789994113,0.168431727098943,0.749741549960129,0.968329151341262,6,-0.15610605750123,0.71202158355005,0.941022348115419,8,"RNA positive / Protein negative",FALSE,0.162268892300087,0.15610605750123
"FT6159PR","(9Z,12Z,15Z,18Z)-Tetracosa-9,12,15,18-tetraenoylcarnitine",NA,"Fatty Acyls","Fatty acid esters",2.48070430509341,FALSE,2.58844721058615,0.16175978621159,0.759476642441438,0.970179334647934,6,-0.155969807455121,0.712264763605219,0.941022348115419,8,"RNA positive / Protein negative",FALSE,0.158864796833355,0.155969807455121
"FT4741PR","N-[[2-(4-Amino-1,2,5-oxadiazol-3-yl)-1-ethylimidazo[5,4-d]pyridin-7-yl]methyl]piperidin-4-amine",NA,"Imidazopyridines","Imidazo-[4,5-c]pyridines",1.77843100257757,FALSE,1.2277433246336,-0.275987515065109,0.596529588888267,0.93759622389105,6,0.153107365808729,0.717378541051818,0.941643772341087,8,"RNA negative / Protein positive",FALSE,0.214547440436919,0.153107365808729
"FT4136NR","L-Prolinamide, 5-oxo-L-prolyl-L-norvalyl-",NA,"Carboxylic acids and derivatives","Amino acids, peptides, and analogues",0.71797229856976,FALSE,0.193262035134849,0.472733368514315,0.343722426365581,0.876885269600792,6,-0.151384501323746,0.720460893617083,0.942458694993899,8,"RNA positive / Protein negative",FALSE,0.31205893491903,0.151384501323746
"FT0695NR","4-Thiazolidinone",NA,"Azolidines","Thiazolidines",1.10997352475068,FALSE,0.473294655140949,-0.151176721587585,0.774962444338473,0.970179334647934,6,0.327979227921366,0.427716817628182,0.854084537831274,8,"RNA negative / Protein positive",FALSE,0.239577974754475,0.151176721587585
"FT4302PR","Berberine","C00757","Protoberberine alkaloids and derivatives","Unclassified",0.255349120588103,FALSE,-0.345781250881409,-0.150361287356289,0.776157791806345,0.970179334647934,6,0.271242949790196,0.515813993210403,0.899930796664958,8,"RNA negative / Protein positive",FALSE,0.210802118573243,0.150361287356289
"FT3313NR","9S,10R-Epoxy-6Z-nonadecene",NA,"Epoxides","Unclassified",0.226417148886291,FALSE,0.119123985249282,0.17332073216189,0.742622185757508,0.965086925238993,6,-0.149430112411615,0.723961447706448,0.942458694993899,8,"RNA positive / Protein negative",FALSE,0.161375422286753,0.149430112411615
"FT1322NR","Indolelactic acid","C02043","Indoles and derivatives","Indolyl carboxylic acids and derivatives",1.26187893312936,FALSE,0.535725781144932,-0.191086028908488,0.716859601888881,0.958164446922498,6,0.149081287198157,0.724586678790051,0.942458694993899,8,"RNA negative / Protein positive",FALSE,0.170083658053322,0.149081287198157
"FT2514NR","FA(18:1)",NA,"Fatty Acyls","Fatty acids and conjugates",0.0248736191413977,FALSE,0.020247287673645,0.160343460769819,0.761546026070762,0.970179334647934,6,-0.14872645066395,0.725222820992739,0.942458694993899,8,"RNA positive / Protein negative",FALSE,0.154534955716885,0.14872645066395
"FT4226NR","Pseudomonine",NA,"Carboxylic acids and derivatives","Amino acids, peptides, and analogues",0.658936193942216,FALSE,0.268320785452666,0.177162124020523,0.737037056224959,0.962681972315463,6,-0.148607399440488,0.725436283879809,0.942458694993899,8,"RNA positive / Protein negative",FALSE,0.162884761730505,0.148607399440488
"FT4369NR","N-palmitoyl glutamine",NA,"Carboxylic acids and derivatives","Amino acids, peptides, and analogues",1.20353997830654,TRUE,0.612088124733966,0.145953151992906,0.782624842573058,0.970179334647934,6,-0.20222405632838,0.631040404183725,0.941022348115419,8,"RNA positive / Protein negative",FALSE,0.174088604160643,0.145953151992906
"FT2746PR","FA(16:6)",NA,"Fatty Acyls","Fatty acids and conjugates",0.223618097989555,FALSE,0.0973440892861476,0.311700385015391,0.54759137989383,0.934141862527685,6,-0.145456019313201,0.731092395646877,0.944488235197464,8,"RNA positive / Protein negative",FALSE,0.228578202164296,0.145456019313201
"FT5477NR","Pro-Ile-Trp",NA,"Carboxylic acids and derivatives","Amino acids, peptides, and analogues",2.80488796712603,TRUE,2.53827289924296,-0.144096082140789,0.785351859322231,0.970179334647934,6,0.316975660754032,0.444280287554771,0.861047822233788,8,"RNA negative / Protein positive",FALSE,0.23053587144741,0.144096082140789
"FT1716PR","alpha-Methylphenylalanine",NA,"Phenylpropanoic acids","Unclassified",0.286808368216253,FALSE,-0.174292174451237,0.32128249659086,0.534658037147593,0.934141862527685,6,-0.143937239643503,0.7338221090925,0.944488235197464,8,"RNA positive / Protein negative",FALSE,0.232609868117181,0.143937239643503
"FT2761NR","(S)-2-Methyl-1-butanol O-beta-D-Glucopyranoside",NA,"Fatty Acyls","Fatty acyl glycosides",2.10332440275017,FALSE,-1.97634068604403,0.143888978716856,0.785656073380397,0.970179334647934,6,-0.172632852409604,0.682686931580206,0.941022348115419,8,"RNA positive / Protein negative",FALSE,0.15826091556323,0.143888978716856
"FT1420PR","1,5-Naphthalenediamine","C19463","Naphthalenes","Unclassified",0.921549731527459,FALSE,0.318195270099716,-0.143800297524688,0.785786342777507,0.970179334647934,6,0.178579762262416,0.672213637704923,0.941022348115419,8,"RNA negative / Protein positive",FALSE,0.161190029893552,0.143800297524688
"FT1276PR","L-Methionine","C00073","Carboxylic acids and derivatives","Amino acids, peptides, and analogues",0.421175809168187,FALSE,0.146809903159797,-0.158480339760872,0.764269687898921,0.970179334647934,6,0.143762420726806,0.734136469333472,0.944488235197464,8,"RNA negative / Protein positive",FALSE,0.151121380243839,0.143762420726806
"FT0453NR","Pyroglutamic acid","C01879","Carboxylic acids and derivatives","Amino acids, peptides, and analogues",0.635036629716501,FALSE,0.189940857584865,0.329574578048704,0.523537229799702,0.932714961063584,6,-0.142871062827264,0.735739814470912,0.944488235197464,8,"RNA positive / Protein negative",FALSE,0.236222820437984,0.142871062827264
"FT5290PR","Aminopentol",NA,"Organonitrogen compounds","Amines",0.299375234741605,FALSE,-0.141723234558871,0.409042142877988,0.420656325826804,0.899856267857053,6,-0.142729844740526,0.73599390955746,0.944488235197464,8,"RNA positive / Protein negative",FALSE,0.275885993809257,0.142729844740526
"FT2082PR","8,9-Dihydroxy-1,5,6,10B-tetrahydropyrrolo[2,1-A]isoquinolin-3(2H)-one",NA,"Tetrahydroisoquinolines","Unclassified",0.48963182540331,FALSE,-0.157808073048418,0.141985364663146,0.788453154390504,0.970179334647934,6,-0.244431977186988,0.559617930759929,0.912481150339734,8,"RNA positive / Protein negative",FALSE,0.193208670925067,0.141985364663146
"FT3164NR","ar-Artemisene",NA,"Prenol lipids","Sesquiterpenoids",1.8387987458512,FALSE,1.47677102645869,-0.548342856345177,0.259923549826698,0.872427299627174,6,0.14095223394155,0.739194163988833,0.944488235197464,8,"RNA negative / Protein positive",FALSE,0.344647545143363,0.14095223394155
"FT7399NR","PKODiA-PC","C13900","Glycerophospholipids","Glycerophosphocholines",0.211792849544278,FALSE,0.120003604877866,0.139976819329837,0.791406089606378,0.970179334647934,6,-0.516163995182413,0.190351959286429,0.738625629999979,8,"RNA positive / Protein negative",FALSE,0.328070407256125,0.139976819329837
"FT1797PR","TRIBUTYLAMINE",NA,"Organonitrogen compounds","Amines",0.541282996712339,FALSE,-0.293873644799819,0.35537827567827,0.489373608494941,0.922975992558806,6,-0.137831205571095,0.744820885964302,0.945471237871938,8,"RNA positive / Protein negative",FALSE,0.246604740624683,0.137831205571095
"FT6047NR","LysoPC(17:0/0:0)","C04230","Glycerophospholipids","Glycerophosphocholines",0.583741763907338,FALSE,0.192226427710479,0.231742179393284,0.658609522629072,0.952289076557119,6,-0.137030472363311,0.746266082521959,0.945471237871938,8,"RNA positive / Protein negative",FALSE,0.184386325878297,0.137030472363311
"FT1215PR","4-Guanidinobutanoic acid","C01035","Carboxylic acids and derivatives","Amino acids, peptides, and analogues",0.0526838006010519,FALSE,-0.00368038142722132,0.136845574931317,0.796012971395591,0.970179334647934,6,-0.210161686534795,0.617396102961404,0.941022348115419,8,"RNA positive / Protein negative",FALSE,0.173503630733056,0.136845574931317
"FT5486NR","Ser-Tyr-Phe",NA,"Carboxylic acids and derivatives","Amino acids, peptides, and analogues",0.191403912722676,FALSE,0.0857885378674962,-0.136325249839678,0.79677889856988,0.970179334647934,6,0.244454995300757,0.559579775425011,0.912481150339734,8,"RNA negative / Protein positive",FALSE,0.190390122570217,0.136325249839678
"FT3157NR","10,11-Dihydroxycarbamazepine",NA,"Benzazepines","Dibenzazepines",1.05902110911008,FALSE,0.408387847988165,-0.234219844897102,0.655094758364893,0.952289076557119,6,0.134320587433902,0.751161770765845,0.945471237871938,8,"RNA negative / Protein positive",FALSE,0.184270216165502,0.134320587433902
"FT3049NR","FA(20:1)",NA,"Fatty Acyls","Fatty acids and conjugates",0.0265274747862572,FALSE,0.0185378777574128,0.134095631322756,0.800062182588566,0.970179334647934,6,-0.630862328950769,0.0935053366746272,0.649354375579589,8,"RNA positive / Protein negative",FALSE,0.382478980136762,0.134095631322756
"FT5601PR","12-Methylpentadecanoylcarnitine",NA,"Fatty Acyls","Fatty acid esters",0.00804310084153225,FALSE,0.00759364290446459,0.131360957000569,0.804091927199267,0.970179334647934,6,-0.477027941329241,0.231997645995894,0.76410571770673,8,"RNA positive / Protein negative",FALSE,0.304194449164905,0.131360957000569
"FT6880NR","WE(21:0/16:1)",NA,"Fatty Acyls","Fatty acid esters",0.334177938204314,FALSE,0.180224007926315,0.472281698445602,0.344248669385174,0.876885269600792,6,-0.131307438095676,0.756613860712597,0.945471237871938,8,"RNA positive / Protein negative",FALSE,0.301794568270639,0.131307438095676
"FT7038NR","Oxidized glutathione","C00127","Carboxylic acids and derivatives","Amino acids, peptides, and analogues",0.264057743564184,FALSE,0.0857970414862958,0.480557642152397,0.334652481880611,0.876885269600792,6,-0.131024440632627,0.757126379894186,0.945471237871938,8,"RNA positive / Protein negative",FALSE,0.305791041392512,0.131024440632627
"FT3496NR","WE(15:3/7:0)",NA,"Prenol lipids","Sesquiterpenoids",0.58277866119757,FALSE,0.214437652913063,0.130695506608389,0.805072965675399,0.970179334647934,6,-0.335110668761868,0.417123511480946,0.848861569349546,8,"RNA positive / Protein negative",FALSE,0.232903087685129,0.130695506608389
"FT2141PR","Xanthurenic acid","C02470","Quinolines and derivatives","Quinoline carboxylic acids",0.588781765547257,FALSE,0.399872990265148,-0.141973183611589,0.788471057647295,0.970179334647934,6,0.130486985274765,0.758099944820426,0.945471237871938,8,"RNA negative / Protein positive",FALSE,0.136230084443177,0.130486985274765
"FT1714PR","Acridine","C20141","Quinolines and derivatives","Benzoquinolines",0.118101146750986,FALSE,0.124518443590908,0.181857689863507,0.7302206839107,0.962681972315463,6,-0.12960660510711,0.759695295303675,0.945471237871938,8,"RNA positive / Protein negative",FALSE,0.155732147485309,0.12960660510711
"FT5986PR","Palmitoyl Ara-C",NA,"Pyrimidine nucleosides","Unclassified",1.21707847540177,FALSE,0.648297778920748,0.376832632955231,0.461506701339382,0.913166175765406,6,-0.129123071609482,0.760571829272743,0.945471237871938,8,"RNA positive / Protein negative",FALSE,0.252977852282356,0.129123071609482
"FT2386NR","N2-gamma-Glutamylglutamine","C05283","Carboxylic acids and derivatives","Amino acids, peptides, and analogues",1.11854366924958,FALSE,0.585170398007996,0.128968973741026,0.807619109612751,0.970179334647934,6,-0.371379048835101,0.365041923154205,0.820625930062494,8,"RNA positive / Protein negative",FALSE,0.250174011288064,0.128968973741026
"FT4286NR","Folipastatin",NA,"Depsides and depsidones","Unclassified",0.801508838293585,FALSE,0.36592111777403,0.128663557750483,0.808069631654943,0.970179334647934,6,-0.322249714150112,0.436308615201914,0.855874127808828,8,"RNA positive / Protein negative",FALSE,0.225456635950297,0.128663557750483
"FT2309NR","4-hydroxy ketorolac",NA,"Organooxygen compounds","Carbonyl compounds",0.432975638873314,FALSE,0.128519503496946,-0.543320977312894,0.265212081221819,0.872427299627174,6,0.128241328631118,0.762170797194839,0.945471237871938,8,"RNA negative / Protein positive",FALSE,0.335781152972006,0.128241328631118
"FT2753NR","N-gamma-Glutamylcysteine",NA,"Carboxylic acids and derivatives","Amino acids, peptides, and analogues",0.314607857479727,FALSE,-0.107626640632349,0.149326797701009,0.777674684688648,0.970179334647934,6,-0.127904580084302,0.762781657164586,0.945471237871938,8,"RNA positive / Protein negative",FALSE,0.138615688892655,0.127904580084302
"FT1832NR","Sarcinic acid","C16665","Fatty Acyls","Fatty acids and conjugates",1.12713036095892,FALSE,0.550789444608999,0.127538415214677,0.809729650128746,0.970179334647934,6,-0.136000703967005,0.748125601234895,0.945471237871938,8,"RNA positive / Protein negative",FALSE,0.131769559590841,0.127538415214677
"FT7201NR","SQMG(18:0/0:0)",NA,"Glycerolipids","Glycosylglycerols",0.333772802564941,FALSE,0.153678983408632,0.563016161887132,0.244710215115696,0.872427299627174,6,-0.127009910653096,0.764405101532274,0.945471237871938,8,"RNA positive / Protein negative",FALSE,0.345013036270114,0.127009910653096
"FT0527NR","5-Deoxy-D-ribose",NA,"Organooxygen compounds","Carbohydrates and carbohydrate conjugates",0.713126049888724,FALSE,0.231619563471665,0.215726674306487,0.681429732309771,0.952289076557119,6,-0.126619524196579,0.765113722239976,0.945471237871938,8,"RNA positive / Protein negative",FALSE,0.171173099251533,0.126619524196579
"FT4779PR","Gln-Phe-Gly",NA,"Carboxylic acids and derivatives","Amino acids, peptides, and analogues",1.57549053911271,FALSE,0.802610448177332,-0.125623740946495,0.812555643077419,0.970179334647934,6,0.358647172774234,0.382976348329496,0.825231915463969,8,"RNA negative / Protein positive",FALSE,0.242135456860364,0.125623740946495
"FT4649NR","Citreoviridin C",NA,"Pyrans","Pyranones and derivatives",0.144662952525108,FALSE,-0.0588810147446523,-0.124503477958305,0.814209754491137,0.970179334647934,6,0.251589194718099,0.547798350654421,0.912481150339734,8,"RNA negative / Protein positive",FALSE,0.188046336338202,0.124503477958305
"FT0213NR","gamma-Aminobutyric acid","C00334","Carboxylic acids and derivatives","Amino acids, peptides, and analogues",0.560721535679626,FALSE,0.155803211656495,0.122314480585216,0.817443242329614,0.970179334647934,6,-0.336230609123119,0.415470173109938,0.848861569349546,8,"RNA positive / Protein negative",FALSE,0.229272544854167,0.122314480585216
"FT4793PR","Firibastat",NA,"Organic sulfonic acids and derivatives","Organosulfonic acids and derivatives",0.418654231204956,FALSE,-0.129626935046103,-0.121688432679903,0.818368336677612,0.970179334647934,6,0.133802646659358,0.752098315742983,0.945471237871938,8,"RNA negative / Protein positive",FALSE,0.12774553966963,0.121688432679903
"FT1260PR","6-Fluoromevalonate",NA,"Lactones","Delta valerolactones",1.29154205402775,FALSE,0.571710447027862,-0.284264273952606,0.585088743752349,0.934141862527685,6,0.120468583607781,0.776297293371917,0.945471237871938,8,"RNA negative / Protein positive",FALSE,0.202366428780194,0.120468583607781
"FT1061PR","p-Octopamine","C04227","Phenols","1-hydroxy-2-unsubstituted benzenoids",1.21117433564934,FALSE,0.491875267040417,-0.1193701269233,0.821795275644861,0.970179334647934,6,0.232443847879861,0.579612041794608,0.918463204116019,8,"RNA negative / Protein positive",FALSE,0.175906987401581,0.1193701269233
"FT2779PR","Valylglutamic acid",NA,"Carboxylic acids and derivatives","Amino acids, peptides, and analogues",1.1220106945094,FALSE,-0.824839502743103,0.118744732879828,0.8227200695467,0.970179334647934,6,-0.456088959314174,0.256025294983888,0.770668274983688,8,"RNA positive / Protein negative",FALSE,0.287416846097001,0.118744732879828
"FT2731PR","C14 sphingosine",NA,"Organonitrogen compounds","Amines",0.643131317730465,FALSE,-0.252592845712302,0.287608436497247,0.580482630694447,0.934141862527685,6,-0.11829491267671,0.780257579278708,0.945471237871938,8,"RNA positive / Protein negative",FALSE,0.202951674586979,0.11829491267671
"FT0745PR","Norvaline","C01799","Carboxylic acids and derivatives","Amino acids, peptides, and analogues",0.921092612882845,FALSE,0.306872432470196,-0.117737623852499,0.824209612408903,0.970179334647934,6,0.263334004891888,0.528599934653477,0.910838453531455,8,"RNA negative / Protein positive",FALSE,0.190535814372193,0.117737623852499
"FT1135NR","N-formylmaleamic acid","C18232","Fatty Acyls","Fatty amides",0.905626553846129,FALSE,-0.41206953462087,-0.309039061470503,0.55119881744388,0.934141862527685,6,0.117195899222275,0.782261487556068,0.945471237871938,8,"RNA negative / Protein positive",FALSE,0.213117480346389,0.117195899222275
"FT7306NR","PHODA-PE",NA,"Glycerophospholipids","Glycerophosphoethanolamines",1.16623505405806,FALSE,0.824404276737949,-0.152841011095515,0.772523694999,0.970179334647934,6,0.117042090028806,0.782542022383102,0.945471237871938,8,"RNA negative / Protein positive",FALSE,0.134941550562161,0.117042090028806
"FT6718NR","LysoPS(22:2/0:0)",NA,"Glycerophospholipids","Glycerophosphoserines",0.597385156816195,FALSE,0.201113645093432,-0.11654330380682,0.825976509775144,0.970179334647934,6,0.208919810476013,0.619524631131806,0.941022348115419,8,"RNA negative / Protein positive",FALSE,0.162731557141416,0.11654330380682
"FT1072NR","5-Hydroxyisourate","C11821","Imidazopyrimidines","Purines and purine derivatives",0.640049234698477,FALSE,0.253970266640213,0.271217918742091,0.603148402951652,0.939617085707373,6,-0.115646299930637,0.78508875735747,0.945471237871938,8,"RNA positive / Protein negative",FALSE,0.193432109336364,0.115646299930637
"FT0555NR","Tetrahydrothiophene-3-ol 1,1-dioxide",NA,"Thiolanes","Unclassified",1.50308369970015,FALSE,1.42553373963161,0.253792140472511,0.627485222350157,0.948730374227248,6,-0.115472599141827,0.785405805922313,0.945471237871938,8,"RNA positive / Protein negative",FALSE,0.184632369807169,0.115472599141827
"FT2033NR","Palmitelaidic acid","C08362","Fatty Acyls","Fatty acids and conjugates",0.390236890656804,FALSE,0.177567275347432,0.115383913547905,0.82769220851615,0.970179334647934,6,-0.424464535132002,0.294556792584155,0.788123164802902,8,"RNA positive / Protein negative",FALSE,0.269924224339953,0.115383913547905
"FT0971NR","2,5-Dihydro-2,4,5-trimethylthiazole",NA,"Azolines","Thiazolines",0.203643565404359,FALSE,0.0279935502264795,-0.454284021742034,0.365450166471622,0.877630397244442,6,0.11420898205034,0.787713005349452,0.946613732290634,8,"RNA negative / Protein positive",FALSE,0.284246501896187,0.11420898205034
"FT2868NR","Epoxyeicosatrienoic acid",NA,"Fatty Acyls","Lineolic acids and derivatives",0.872065540478466,FALSE,0.362741430295379,-0.113474952393034,0.830518155200451,0.970179334647934,6,0.162802250016307,0.700096648538409,0.941022348115419,8,"RNA negative / Protein positive",FALSE,0.138138601204671,0.113474952393034
"FT1450PR","Fudosteine",NA,"Carboxylic acids and derivatives","Amino acids, peptides, and analogues",0.0916394296753722,FALSE,-0.0437714866331017,-0.388077872842929,0.447106315199094,0.913166175765406,6,0.113251688728589,0.789461797127199,0.947082396897861,8,"RNA negative / Protein positive",FALSE,0.250664780785759,0.113251688728589
"FT1849PR","Lanthionine ketimine",NA,"Carboxylic acids and derivatives","Amino acids, peptides, and analogues",0.441084510092082,FALSE,0.305450924443816,-0.109333222064078,0.836653638093939,0.973878837312694,6,0.162336181225308,0.700924946820246,0.941022348115419,8,"RNA negative / Protein positive",FALSE,0.135834701644693,0.109333222064078
"FT2339NR","S-Cysteinosuccinic acid",NA,"Carboxylic acids and derivatives","Amino acids, peptides, and analogues",0.905002931110426,FALSE,0.32094830355048,-0.14277503943228,0.78729265487317,0.970179334647934,6,0.109332417945097,0.796629499922768,0.951586566317342,8,"RNA negative / Protein positive",FALSE,0.126053728688688,0.109332417945097
"FT6734NR","PS(22:1/0:0)",NA,"Glycerophospholipids","Glycerophosphoserines",0.553427455810199,FALSE,0.172541930768549,-0.107734790086652,0.839023042142532,0.975005055656025,6,0.247076098395967,0.55524096895062,0.912481150339734,8,"RNA negative / Protein positive",FALSE,0.177405444241309,0.107734790086652
"FT5418NR","Heliocide H2",NA,"Anthracenes","Anthraquinones",0.0355250910253049,FALSE,-0.000303802496604363,-0.21816414171149,0.67794561325122,0.952289076557119,6,0.106006144928121,0.802722487390651,0.954400656359683,8,"RNA negative / Protein positive",FALSE,0.162085143319806,0.106006144928121
"FT1683NR","1-H-Inden-1-one,2,3-dihydro-3,3,5,6-tetramethyl",NA,"Indanes","Indanones",0.380505876622788,FALSE,-0.126202131359252,-0.128030208243874,0.809004006207211,0.970179334647934,6,0.105057099193135,0.80446253315827,0.954400656359683,8,"RNA negative / Protein positive",FALSE,0.116543653718505,0.105057099193135
"FT3810PR","pregna-5,20-dien-3beta-ol",NA,"Steroids and steroid derivatives","Androstane steroids",0.348149022757453,FALSE,0.156697358894047,0.288151408560623,0.579735670711686,0.934141862527685,6,-0.102949923436739,0.808328474320822,0.956544900851634,8,"RNA positive / Protein negative",FALSE,0.195550665998681,0.102949923436739
"FT0553PR","Thiomorpholine",NA,"Thiazinanes","Thiomorpholines",0.704041269804967,FALSE,0.254736517810982,-0.101914477551468,0.847657554128208,0.977347207301409,6,0.280928766667907,0.500316362741513,0.886808924867588,8,"RNA negative / Protein positive",FALSE,0.191421622109687,0.101914477551468
"FT1507PR","L-Phenylalanine","C00079","Carboxylic acids and derivatives","Amino acids, peptides, and analogues",1.15040586221975,FALSE,0.456450855450131,-0.280537299583002,0.590233358384168,0.93484979445667,6,0.100324967207668,0.813149101071536,0.957074930669308,8,"RNA negative / Protein positive",FALSE,0.190431133395335,0.100324967207668
"FT1683PR","Serotonin","C00780","Indoles and derivatives","Tryptamines and derivatives",0.732594553844589,FALSE,0.394544343302615,0.121295971359608,0.818948339347793,0.970179334647934,6,-0.0999086606190393,0.81391410633502,0.957074930669308,8,"RNA positive / Protein negative",FALSE,0.110602315989324,0.0999086606190393
"FT1435PR","Aminovaleric acid betaine",NA,"Fatty Acyls","Fatty acids and conjugates",0.819741187694427,FALSE,0.254012541577396,-0.0995844680639063,0.851117090789243,0.977347207301409,6,0.441655690623462,0.273280546286294,0.773715054965699,8,"RNA negative / Protein positive",FALSE,0.270620079343684,0.0995844680639063
"FT1449PR","S-Allylcysteine","C16759","Carboxylic acids and derivatives","Amino acids, peptides, and analogues",0.0261020111506032,FALSE,-0.0245202139322521,-0.606595601438949,0.201707517841906,0.842783223920486,6,0.0988580113033662,0.815845350708138,0.957074930669308,8,"RNA negative / Protein positive",FALSE,0.352726806371158,0.0988580113033662
"FT0490NR","Ornithine","C00077","Carboxylic acids and derivatives","Amino acids, peptides, and analogues",0.306336684690969,FALSE,0.0609846982533116,-0.51911629833592,0.291271731880448,0.876885269600792,6,0.098625757249223,0.81627237669922,0.957074930669308,8,"RNA negative / Protein positive",FALSE,0.308871027792571,0.098625757249223
"FT5337PR","N-Oleoyl Glutamine",NA,"Carboxylic acids and derivatives","Amino acids, peptides, and analogues",1.64971924147447,TRUE,1.11725260710427,0.337818395873848,0.512548538134441,0.931571565774147,6,-0.0985448968467427,0.816421057196465,0.957074930669308,8,"RNA positive / Protein negative",FALSE,0.218181646360295,0.0985448968467427
"FT3783PR","Enigmol",NA,"Organonitrogen compounds","Amines",0.354257516284124,FALSE,-0.168918054523088,0.319380755198781,0.537217935144412,0.934141862527685,6,-0.0983921207159484,0.816701984404065,0.957074930669308,8,"RNA positive / Protein negative",FALSE,0.208886437957365,0.0983921207159484
"FT3586PR","2-(4-Methyl-3-pentenyl)anthraquinone",NA,"Anthracenes","Anthraquinones",0.392640414548445,FALSE,0.162122406314014,0.105889929898412,0.841758759956576,0.976786842342559,6,-0.0983341101445398,0.816808659645656,0.957074930669308,8,"RNA positive / Protein negative",FALSE,0.102112020021476,0.0983341101445398
"FT6459PR","Norgarmultinone A",NA,"Organooxygen compounds","Carbonyl compounds",1.01597516768971,FALSE,0.434614160371862,-0.0976828713305325,0.853941735216519,0.977640291099735,6,0.391528513726726,0.337457802576036,0.804638828109801,8,"RNA negative / Protein positive",FALSE,0.244605692528629,0.0976828713305325
"FT6607NR","4-(cytidine 5'-diphospho)-2-C-methyl-D-erythritol","C11435","Pyrimidine nucleotides","Pyrimidine ribonucleotides",0.878866558012458,FALSE,0.375317791896282,-0.099546781099135,0.851173060832343,0.977347207301409,6,0.0976280226534301,0.818107275688032,0.957074930669308,8,"RNA negative / Protein positive",FALSE,0.0985874018762825,0.0976280226534301
"FT5348PR","5beta-Cholane-3alpha,7alpha,23,24-tetrol",NA,"Steroids and steroid derivatives","Bile acids, alcohols and derivatives",0.669599088255414,FALSE,-0.360667401212418,0.335464346323866,0.515679443311354,0.931571565774147,6,-0.097383748434095,0.818556622199459,0.957074930669308,8,"RNA positive / Protein negative",FALSE,0.21642404737898,0.097383748434095
"FT6704PR","LysoPG(22:6/0:0)",NA,"Glycerophospholipids","Glycerophosphoglycerols",0.043840372147619,FALSE,0.00914863271779664,0.0969849283447369,0.854978731302137,0.978015994612137,6,-0.160188205821077,0.704745649693469,0.941022348115419,8,"RNA positive / Protein negative",FALSE,0.128586567082907,0.0969849283447369
"FT4836PR","MG(18:1-O(9S,10R)/0:0/0:0)",NA,"Glycerolipids","Monoradylglycerols",0.869331552646248,FALSE,-0.386710673654737,0.0962632913294413,0.856051080736717,0.978015994612137,6,-0.562095360404161,0.147022853077735,0.717039432551467,8,"RNA positive / Protein negative",FALSE,0.329179325866801,0.0962632913294413
"FT1509PR","2-Amino-3-(4-hydroxyphenyl)propanal",NA,"Benzene and substituted derivatives","Phenethylamines",1.20693271529783,TRUE,0.503718441761582,-0.0958840819830192,0.856614644508952,0.978015994612137,6,0.24222891092158,0.563273997906842,0.912481150339734,8,"RNA negative / Protein positive",FALSE,0.1690564964523,0.0958840819830192
"FT2931PR","Muscone",NA,"Organooxygen compounds","Carbonyl compounds",0.308362254963454,FALSE,-0.120587671600434,0.442360507463863,0.379740414265101,0.878952884966552,6,-0.0946920003515227,0.823510973041644,0.959844421108281,8,"RNA positive / Protein negative",FALSE,0.268526253907693,0.0946920003515227
"FT1643NR","(2r)-2-[(R)-Amino(Carboxy)methyl]-5-Methyl-3,6-Dihydro-2h-1,3-Thiazine-4-Carboxylic Acid",NA,"Carboxylic acids and derivatives","Amino acids, peptides, and analogues",0.330505357753635,FALSE,0.160286732768912,0.0941902497310924,0.85913244408023,0.978015994612137,6,-0.266910672895318,0.522803323119175,0.90532649991072,8,"RNA positive / Protein negative",FALSE,0.180550461313205,0.0941902497310924
"FT2731NR","1-(3-Carboxypropylcarbamoyl)-5-fluorouracil",NA,"Carboxylic acids and derivatives","Amino acids, peptides, and analogues",0.563112317734692,FALSE,0.261134897715047,-0.0939256677406715,0.859525805968087,0.978015994612137,6,0.344260705995391,0.403698139521861,0.84093611300264,8,"RNA negative / Protein positive",FALSE,0.219093186868031,0.0939256677406715
"FT4027NR","N-palmitoyl taurine",NA,"Fatty Acyls","Fatty amides",0.0330908933776465,FALSE,0.0205786168401644,0.596302356226581,0.211562018056864,0.855473160224122,6,-0.0898887581677421,0.832364252953128,0.959844421108281,8,"RNA positive / Protein negative",FALSE,0.343095557197161,0.0898887581677421
"FT4318PR","Juglone glucoside",NA,"Organooxygen compounds","Carbohydrates and carbohydrate conjugates",0.0574934750971185,FALSE,0.0501292995522987,0.0888439691958317,0.867084680074493,0.978015994612137,6,-0.22484843923566,0.592403187632534,0.923679352382002,8,"RNA positive / Protein negative",FALSE,0.156846204215746,0.0888439691958317
"FT1737PR","Meta-Tyrosine","C20807","Carboxylic acids and derivatives","Amino acids, peptides, and analogues",1.37377423084182,TRUE,0.61738426779125,-0.0860188619932176,0.871289944311025,0.978015994612137,6,0.151434360860164,0.720371644182285,0.942458694993899,8,"RNA negative / Protein positive",FALSE,0.118726611426691,0.0860188619932176
"FT7525PR","PC(18:0/18:1)",NA,"Glycerophospholipids","Glycerophosphocholines",0.325715213037541,FALSE,-0.0955813612937189,-0.231258923291409,0.659295558409995,0.952289076557119,6,0.0860177138752867,0.839510581960499,0.959844421108281,8,"RNA negative / Protein positive",FALSE,0.158638318583348,0.0860177138752867
"FT1453PR","L-Carnitine","C00318","Organonitrogen compounds","Quaternary ammonium salts",0.204002864937124,FALSE,-0.0772561792861025,0.15941870107664,0.762897707506196,0.970179334647934,6,-0.0853564072231983,0.840732390588407,0.959844421108281,8,"RNA positive / Protein negative",FALSE,0.122387554149919,0.0853564072231983
"FT5340PR","26-oxohexacosanoic acid",NA,"Fatty Acyls","Fatty acids and conjugates",0.0977692354835322,FALSE,0.065239381499665,0.561029125875687,0.246749302187423,0.872427299627174,6,-0.0832385372000036,0.844647158048798,0.959844421108281,8,"RNA positive / Protein negative",FALSE,0.322133831537845,0.0832385372000036
"FT2284PR","Tetradecylamine",NA,"Organonitrogen compounds","Amines",0.892578681633522,FALSE,-0.414201076468686,0.469098050523832,0.347966136415014,0.876885269600792,6,-0.0831264316354226,0.844854457189683,0.959844421108281,8,"RNA positive / Protein negative",FALSE,0.276112241079627,0.0831264316354226
"FT3452NR","Glycineamideribotide","C03838","Glycinamide ribonucleotides","Unclassified",0.36501358896602,FALSE,0.173683958673314,0.0827475083973289,0.876162029711107,0.978015994612137,6,-0.168078395888547,0.690738046366724,0.941022348115419,8,"RNA positive / Protein negative",FALSE,0.125412952142938,0.0827475083973289
"FT1391PR","Benzenesulfonamide",NA,"Benzene and substituted derivatives","Benzenesulfonamides",0.746697523609871,FALSE,0.293615280481529,-0.289819701008146,0.577442217907889,0.934141862527685,6,0.0824214700280018,0.846158209408412,0.960541159540168,8,"RNA negative / Protein positive",FALSE,0.186120585518074,0.0824214700280018
"FT2973PR","FA(17:6)",NA,"Fatty Acyls","Fatty acids and conjugates",0.516043922314737,FALSE,0.289900512074963,0.081448211193317,0.878097839234038,0.978015994612137,6,-0.184396354930226,0.662014198904455,0.941022348115419,8,"RNA positive / Protein negative",FALSE,0.132922283061772,0.081448211193317
"FT1404PR","Decylamine",NA,"Organonitrogen compounds","Amines",0.420105250019547,FALSE,-0.228673122994221,0.342999282862588,0.505677752650634,0.931571565774147,6,-0.0809837995052658,0.848817972427331,0.961235429246558,8,"RNA positive / Protein negative",FALSE,0.211991541183927,0.0809837995052658
"FT0179PR","t-4-AMINOCROTONIC ACID (TACA)",NA,"Fatty Acyls","Fatty acids and conjugates",0.714579544026033,FALSE,0.336927034670066,-0.2727298639946,0.601048242931356,0.939617085707373,6,0.0796492498564425,0.85128807327192,0.961471488176052,8,"RNA negative / Protein positive",FALSE,0.176189556925521,0.0796492498564425
"FT2852PR","L-Aspartyl-4-phosphate","C03082","Carboxylic acids and derivatives","Amino acids, peptides, and analogues",0.312501349454061,FALSE,0.0716452548195276,-0.283364391148268,0.586329838751297,0.934141862527685,6,0.0782248194465899,0.853925699207789,0.961471488176052,8,"RNA negative / Protein positive",FALSE,0.180794605297429,0.0782248194465899
"FT4202NR","7-Hydroxy-6-methyl-8-ribityl lumazine","C05995","Pteridines and derivatives","Unclassified",1.10933861590247,FALSE,0.436557917012048,0.0777756467355871,0.883571764332205,0.978015994612137,6,-0.15720843632038,0.710054831335852,0.941022348115419,8,"RNA positive / Protein negative",FALSE,0.117492041527984,0.0777756467355871
"FT3374NR","(+)-Disparlure",NA,"Epoxides","Unclassified",0.137087471196422,FALSE,0.0424266423339478,0.07752956810504,0.883938656521734,0.978015994612137,6,-0.30828412474005,0.457546865778764,0.86488870185752,8,"RNA positive / Protein negative",FALSE,0.192906846422545,0.07752956810504
"FT4958NR","11beta-Hydroxy-3,20-dioxopregn-4-en-21-oic acid",NA,"Steroids and steroid derivatives","Oxosteroids",0.577353916425675,FALSE,-0.184838325900051,-0.108434497454109,0.83798574241097,0.974613852586672,6,0.0770227564323983,0.856152487504761,0.961705533909457,8,"RNA negative / Protein positive",FALSE,0.0927286269432535,0.0770227564323983
"FT2267PR","Valylhydroxyproline",NA,"Carboxylic acids and derivatives","Amino acids, peptides, and analogues",1.44623096304275,TRUE,0.682661097470564,-0.076459819151616,0.885533767297753,0.978015994612137,6,0.29118961467406,0.484097364182252,0.871875614560801,8,"RNA negative / Protein positive",FALSE,0.183824716912838,0.076459819151616
"FT2097NR","Androst-5-ene group",NA,"Steroids and steroid derivatives","Androstane steroids",0.848678574120122,FALSE,0.376121832566215,-0.0761283621615966,0.886028058766791,0.978015994612137,6,0.140955346344433,0.73918855781908,0.944488235197464,8,"RNA negative / Protein positive",FALSE,0.108541854253015,0.0761283621615966
"FT6484PR","PC(6:0/6:0)",NA,"Glycerophospholipids","Glycerophosphocholines",0.0929824920594616,FALSE,0.0496653845779473,0.20529092725843,0.696389536978111,0.954635240195577,6,-0.0756339985381968,0.858726155119111,0.961732059380914,8,"RNA positive / Protein negative",FALSE,0.140462462898313,0.0756339985381968
"FT1896NR","N-Acetyltryptophan",NA,"Carboxylic acids and derivatives","Amino acids, peptides, and analogues",1.07017078444524,FALSE,0.508485392417833,-0.0810357900809029,0.878712387762383,0.978015994612137,6,0.0756280897911223,0.858737107638527,0.961732059380914,8,"RNA negative / Protein positive",FALSE,0.0783319399360126,0.0756280897911223
"FT4077PR","Androstane-3,11-dione, (5beta), 17beta-hydroxy-17alpha-methyl-,",NA,"Steroids and steroid derivatives","Androstane steroids",0.117753020709416,FALSE,-0.0673473244969688,-0.0742783035425267,0.888787451279554,0.978015994612137,6,0.206536267270396,0.623616397048825,0.941022348115419,8,"RNA negative / Protein positive",FALSE,0.140407285406462,0.0742783035425267
"FT1016PR","L-Asparagine","C00152","Carboxylic acids and derivatives","Amino acids, peptides, and analogues",0.775318406810761,FALSE,0.355475740186966,-0.0740957247090797,0.889059812236697,0.978015994612137,6,0.384949581841365,0.346354858095546,0.808741494447555,8,"RNA negative / Protein positive",FALSE,0.229522653275222,0.0740957247090797
"FT2547NR","Xanthosine","C01762","Purine nucleosides","Unclassified",0.0762654181000333,FALSE,0.0464149557208322,0.0737293674948688,0.889606345902246,0.978015994612137,6,-0.444996892334551,0.269236334230313,0.770668274983688,8,"RNA positive / Protein negative",FALSE,0.25936312991471,0.0737293674948688
"FT0034PR","3-Buten-1-amine","C12244","Organonitrogen compounds","Amines",0.985135666759972,FALSE,0.324601066279282,-0.0729009207761742,0.890842336420405,0.978015994612137,6,0.427911255123753,0.290228669584917,0.784067374808866,8,"RNA negative / Protein positive",FALSE,0.250406087949964,0.0729009207761742
"FT6832NR","PA(14:1/14:1)",NA,"Glycerophospholipids","Glycerophosphates",0.441652504862954,FALSE,0.15193599972233,-0.0727368987605176,0.891087064830197,0.978015994612137,6,0.256131190876176,0.540344420670049,0.91110093783846,8,"RNA negative / Protein positive",FALSE,0.164434044818347,0.0727368987605176
"FT2573NR","Myristoylglycine",NA,"Carboxylic acids and derivatives","Amino acids, peptides, and analogues",0.355518463537345,FALSE,0.167690028431497,0.0730514611589575,0.890617728406389,0.978015994612137,6,-0.07108348875721,0.867166746864061,0.96551952486302,8,"RNA positive / Protein negative",FALSE,0.0720674749580837,0.07108348875721
"FT2836NR","11Z-heptadecen-1-ol",NA,"Fatty Acyls","Fatty alcohols",0.261354144400933,FALSE,0.0810386128042162,0.0644264674148726,0.903494008592218,0.981449171646102,6,-0.450978731266485,0.262070586410817,0.770668274983688,8,"RNA positive / Protein negative",FALSE,0.257702599340679,0.0644264674148726
"FT5988NR","Gemcitabine triphosphate",NA,"Diazines","Pyrimidines and pyrimidine derivatives",0.736970085871293,FALSE,-0.210429003679684,0.0641410634174142,0.903920345479212,0.981449171646102,6,-0.106485390045816,0.801844075067162,0.954400656359683,8,"RNA positive / Protein negative",FALSE,0.0853132267316153,0.0641410634174142
"FT2912PR","6-Phenylundecane",NA,"Benzene and substituted derivatives","Unclassified",0.0842774536166625,FALSE,-0.0144167804475877,0.0641364006765146,0.903927310818347,0.981449171646102,6,-0.266934048183083,0.522765517340624,0.90532649991072,8,"RNA positive / Protein negative",FALSE,0.165535224429799,0.0641364006765146
"FT3993NR","N-Arachidonoylglycine",NA,"Carboxylic acids and derivatives","Amino acids, peptides, and analogues",0.058187119953774,FALSE,-0.00227019103237357,0.0636973641813299,0.904583175112166,0.981449171646102,6,-0.230246006472676,0.583303685186863,0.919825042025438,8,"RNA positive / Protein negative",FALSE,0.146971685327003,0.0636973641813299
"FT4919NR","Dodec-2-enedioylcarnitine",NA,"Fatty Acyls","Fatty acid esters",0.232969850830144,FALSE,-0.106969366672735,-0.0633222348844656,0.905143599427854,0.981449171646102,6,0.232840483881911,0.578946671672062,0.918463204116019,8,"RNA negative / Protein positive",FALSE,0.148081359383188,0.0633222348844656
"FT2611PR","(S)-2,3-Dihydro-7-hydroxy-2-methyl-4-oxo-4H-1-benzopyran-5-acetic acid",NA,"Benzopyrans","1-benzopyrans",0.677303885473039,FALSE,-0.241236848281451,-0.239915327234168,0.647031696002488,0.952289076557119,6,0.0621515752840753,0.88376554887625,0.975210952430674,8,"RNA negative / Protein positive",FALSE,0.151033451259122,0.0621515752840753
"FT0714NR","Xanthine","C00385","Imidazopyrimidines","Purines and purine derivatives",0.512459559404453,FALSE,0.144514612534711,0.381068942604781,0.456064770975558,0.913166175765406,6,-0.0614217941399654,0.885123460812053,0.975210952430674,8,"RNA positive / Protein negative",FALSE,0.221245368372373,0.0614217941399654
"FT2110NR","4-hydroxylamino-2,6-dinitrotoluene","C16392","Benzene and substituted derivatives","Toluenes",0.579203090428317,FALSE,0.2665215075144,-0.0608161899111817,0.908888182785544,0.981449171646102,6,0.121862452359057,0.773759965107127,0.945471237871938,8,"RNA negative / Protein positive",FALSE,0.0913393211351191,0.0608161899111817
"FT3805PR","3-v-2-propylpentanoylcarnitine",NA,"Fatty Acyls","Fatty acid esters",0.0665956639602508,FALSE,0.0849577078446322,0.0606468345544722,0.909141278865747,0.981449171646102,6,-0.445077113289055,0.269139601134472,0.770668274983688,8,"RNA positive / Protein negative",FALSE,0.252861973921764,0.0606468345544722
"FT1428PR","Succinimidyl carbonate",NA,"Pyrrolidines","Pyrrolidones",0.200015752412576,FALSE,-0.0844905249834523,-0.0826284591894336,0.87633938255954,0.978015994612137,6,0.0602830799377107,0.887242766210455,0.975210952430674,8,"RNA negative / Protein positive",FALSE,0.0714557695635722,0.0602830799377107
"FT3240NR","Quinol glucuronide",NA,"Organooxygen compounds","Carbohydrates and carbohydrate conjugates",0.102691798695785,FALSE,0.0299828130703283,0.0599474729788504,0.910186507134056,0.981449171646102,6,-0.105399901208189,0.803833935055853,0.954400656359683,8,"RNA positive / Protein negative",FALSE,0.0826736870935197,0.0599474729788504
"FT2136PR","3-Hydroxy-N6,N6,N6-trimethyl-L-lysine","C01259","Carboxylic acids and derivatives","Amino acids, peptides, and analogues",1.18246553865189,FALSE,-1.33129181758779,0.425440867949939,0.400341082185523,0.892812542241502,6,-0.0597953101247136,0.888150752959305,0.975210952430674,8,"RNA positive / Protein negative",FALSE,0.242618089037326,0.0597953101247136
"FT1523PR","3-Aminopiperidine-2,6-dione",NA,"Carboxylic acids and derivatives","Amino acids, peptides, and analogues",0.819760749618516,FALSE,0.447501469383013,0.222271800617687,0.672082940816539,0.952289076557119,6,-0.0588938335558571,0.88982913676166,0.975210952430674,8,"RNA positive / Protein negative",FALSE,0.140582817086772,0.0588938335558571
"FT1448NR","3-hydroxybenzoic acid-3-O-sulphate",NA,"Organic sulfuric acids and derivatives","Arylsulfates",0.34541500057913,FALSE,-0.135959826225005,0.183008263370975,0.728552263560327,0.962681972315463,6,-0.0588759132859775,0.889862504656971,0.975210952430674,8,"RNA positive / Protein negative",FALSE,0.120942088328476,0.0588759132859775
"FT5985PR","LysoPE(0:0/18:0)",NA,"Glycerophospholipids","Glycerophosphoethanolamines",0.169820558641764,FALSE,-0.0280590950999377,0.0587471804208631,0.911980604419913,0.981796961216194,6,-0.238266574078957,0.569870481631137,0.914983932164438,8,"RNA positive / Protein negative",FALSE,0.14850687724991,0.0587471804208631
"FT4567NR","Val-Asn-Glu",NA,"Carboxylic acids and derivatives","Amino acids, peptides, and analogues",0.866638609430551,FALSE,0.375910829089998,0.583828824010518,0.223757570752179,0.866884510440095,6,-0.0578768436432337,0.891723014316412,0.975715762917644,8,"RNA positive / Protein negative",FALSE,0.320852833826876,0.0578768436432337
"FT3161NR","all-trans-4-hydroxyretinoic acid","C16677","Prenol lipids","Retinoids",0.133317653837778,FALSE,0.039217344017665,-0.0566906505409115,0.915055121241343,0.982237676396091,6,0.421367350845453,0.298472448174565,0.795546066453813,8,"RNA negative / Protein positive",FALSE,0.239029000693182,0.0566906505409115
"FT7000NR","FA(20:4)",NA,"Fatty Acyls","Fatty acids and conjugates",0.89413532505658,FALSE,0.27967722437013,-0.0560244624440795,0.916051229455492,0.982237676396091,6,0.0886966697321871,0.834563917548492,0.959844421108281,8,"RNA negative / Protein positive",FALSE,0.0723605660881333,0.0560244624440795
"FT0251NR","Glycolic acid","C00160","Hydroxy acids and derivatives","Alpha hydroxy acids and derivatives",0.204036476927597,FALSE,-0.0442627623746523,0.0559539571994107,0.916156655793576,0.982237676396091,6,-0.652259181992248,0.0796148110021965,0.645250270564314,8,"RNA positive / Protein negative",FALSE,0.354106569595829,0.0559539571994107
"FT4436PR","N-Benzoyl-tyrosinyl-glycine",NA,"Carboxylic acids and derivatives","Amino acids, peptides, and analogues",0.1032047226643,FALSE,-0.169724051126752,-0.30681723122108,0.554215551386099,0.934141862527685,6,0.0555628840459463,0.896033813361616,0.979350078031602,8,"RNA negative / Protein positive",FALSE,0.181190057633513,0.0555628840459463
"FT4519NR","(-)-Tylophorine",NA,"Phenanthrenes and derivatives","Phenanthroindolizidines",0.0415687029430121,FALSE,-0.0067002046682022,-0.604453610473248,0.203742429295199,0.842783223920486,6,0.0548510144789844,0.897360444932089,0.979350078031602,8,"RNA negative / Protein positive",FALSE,0.329652312476116,0.0548510144789844
"FT1798PR","Dodecylamine",NA,"Organonitrogen compounds","Amines",0.800636377934107,FALSE,-0.393157631261638,0.0547352367278752,0.917979136818776,0.982237676396091,6,-0.204305142765553,0.627454145606669,0.941022348115419,8,"RNA positive / Protein negative",FALSE,0.129520189746714,0.0547352367278752
"FT4989NR","FA(22:6;O3)",NA,"Fatty Acyls","Eicosanoids",0.49595165555535,FALSE,-0.297092769884601,-0.329755873837215,0.523294840729016,0.932714961063584,6,0.0542424453205308,0.898494731997184,0.979350078031602,8,"RNA negative / Protein positive",FALSE,0.191999159578873,0.0542424453205308
"FT0777PR","2-Amino-1-phenylethanol","C02735","Organonitrogen compounds","Amines",1.1592543963905,FALSE,0.466703706377463,-0.380211124259086,0.457165068537462,0.913166175765406,6,0.0540834983696617,0.898791011501869,0.979350078031602,8,"RNA negative / Protein positive",FALSE,0.217147311314374,0.0540834983696617
"FT1114NR","Ectoine","C06231","Carboxylic acids and derivatives","Amino acids, peptides, and analogues",1.37031195093395,FALSE,0.797124589528211,0.0539272238696496,0.919187578301544,0.982296217883758,6,-0.0590235480470897,0.889587610042676,0.975210952430674,8,"RNA positive / Protein negative",FALSE,0.0564753859583697,0.0539272238696496
"FT2320PR","gamma-Glutamyl-beta-aminopropiononitrile","C06114","Carboxylic acids and derivatives","Amino acids, peptides, and analogues",1.02324150034829,FALSE,0.38943136360528,-0.0537543026304211,0.919446208256401,0.982296217883758,6,0.578165223490191,0.133296426249972,0.70272845909954,8,"RNA negative / Protein positive",FALSE,0.315959763060306,0.0537543026304211
"FT7015NR","14-chlorotetracosane-1,15-disulfate",NA,"Organic sulfuric acids and derivatives","Sulfuric acid esters",0.616028156015873,FALSE,0.220645240136248,0.483585295592696,0.331166412939135,0.876885269600792,6,-0.0534171562623101,0.900033194062121,0.979350078031602,8,"RNA positive / Protein negative",FALSE,0.268501225927503,0.0534171562623101
"FT2248PR","Ferulic acid","C01494","Cinnamic acids and derivatives","Hydroxycinnamic acids and derivatives",0.168203609060462,FALSE,0.0959911886565636,-0.0493114455917584,0.926092784928145,0.986100328824774,6,0.307166051582756,0.45926501749876,0.86488870185752,8,"RNA negative / Protein positive",FALSE,0.178238748587257,0.0493114455917584
"FT2254NR","Ara-HX",NA,"Purine nucleosides","Unclassified",0.642617684505153,FALSE,0.171290271060443,-0.048916997670503,0.92668302956744,0.986100328824774,6,0.531184502487627,0.175517464710756,0.738625629999979,8,"RNA negative / Protein positive",FALSE,0.290050750079065,0.048916997670503
"FT1843NR","DL-Dopa","C00355","Carboxylic acids and derivatives","Amino acids, peptides, and analogues",0.84367114360926,FALSE,0.366006274504382,-0.294328991250246,0.571255307905737,0.934141862527685,6,0.0487573393428233,0.908724772597274,0.982702422532403,8,"RNA negative / Protein positive",FALSE,0.171543165296535,0.0487573393428233
"FT5013PR","cholesta-6,8(14)-dien-3beta,5alpha-diol",NA,"Steroids and steroid derivatives","Cholestane steroids",0.459379961146303,FALSE,0.151755392370547,0.116600439608014,0.825891970701088,0.970179334647934,6,-0.0470235881480944,0.911960660248315,0.98381402951114,8,"RNA positive / Protein negative",FALSE,0.0818120138780543,0.0470235881480944
"FT1892PR","(S)-11,12,13-Trinor-7-calamenone",NA,"Tetralins","Unclassified",0.129179816895796,FALSE,-0.0963108017794033,-0.196700039584399,0.708755191952236,0.954635240195577,6,0.0467963639846159,0.912384832549812,0.98381402951114,8,"RNA negative / Protein positive",FALSE,0.121748201784507,0.0467963639846159
"FT5711NR","LPC(O-16:1/0:0)",NA,"Glycerophospholipids","Glycerophosphocholines",0.955634719228459,FALSE,0.311508232979731,0.547513413788432,0.260794184202999,0.872427299627174,6,-0.0467167878949175,0.912533386053015,0.98381402951114,8,"RNA positive / Protein negative",FALSE,0.297115100841675,0.0467167878949175
"FT2749PR","Leucylleucine","C11332","Carboxylic acids and derivatives","Amino acids, peptides, and analogues",0.194561747988694,FALSE,-0.0721637367624871,0.0465637675900324,0.930204828033413,0.987233402057824,6,-0.0755209349148358,0.858935734525995,0.961732059380914,8,"RNA positive / Protein negative",FALSE,0.0610423512524341,0.0465637675900324
"FT5906NR","Sitosteryl 3E-pentenoate",NA,"Prenol lipids","Triterpenoids",0.382425495353998,FALSE,0.10580278303463,-0.497780114745968,0.315001061359016,0.876885269600792,6,0.0462814092782824,0.913346194646484,0.983847731131081,8,"RNA negative / Protein positive",FALSE,0.272030762012125,0.0462814092782824
"FT1533PR","Tartaric acid","C00898","Organooxygen compounds","Carbohydrates and carbohydrate conjugates",0.564342909385418,FALSE,0.241537643256915,-0.0462070345727176,0.930738776230663,0.987233402057824,6,0.54112022505986,0.166059056048919,0.73412888771035,8,"RNA negative / Protein positive",FALSE,0.293663629816289,0.0462070345727176
"FT1060PR","Dopamine","C03758","Phenols","Benzenediols",1.20423313988917,TRUE,0.509545962395061,-0.0457814275905803,0.93137583615648,0.987233402057824,6,0.0518950065082187,0.902871419168317,0.979457399471311,8,"RNA negative / Protein positive",FALSE,0.0488382170493995,0.0457814275905803
"FT4840PR","Gondoyl-EA",NA,"Organonitrogen compounds","Amines",0.0191592705685507,FALSE,-0.00777322179108979,-0.127590205955699,0.809653228176393,0.970179334647934,6,0.0444051572211921,0.916849714076145,0.983847731131081,8,"RNA negative / Protein positive",FALSE,0.0859976815884455,0.0444051572211921
"FT0778PR","Isoindoline",NA,"Isoindoles and derivatives","Isoindoles",1.71401398238097,TRUE,0.965299382945214,-0.0440639359126234,0.933946874070881,0.987233402057824,6,0.248842662040448,0.552323448907949,0.912481150339734,8,"RNA negative / Protein positive",FALSE,0.146453298976536,0.0440639359126234
"FT4409NR","2-beta-Ethoxydihydrophytuberin",NA,"Prenol lipids","Sesquiterpenoids",0.250723114926905,FALSE,0.0987222104192976,-0.702916965647473,0.119277467812477,0.765141115763805,6,0.0431813896475386,0.919135484883503,0.983847731131081,8,"RNA negative / Protein positive",FALSE,0.373049177647506,0.0431813896475386
"FT2054NR","MG(12:0/0:0/0:0)",NA,"Glycerolipids","Monoradylglycerols",0.557345669169706,FALSE,-0.187493189490519,0.0428647331090091,0.935742279852692,0.987233402057824,6,-0.244763102476938,0.55906913811469,0.912481150339734,8,"RNA positive / Protein negative",FALSE,0.143813917792973,0.0428647331090091
"FT1089NR","2-deoxy-ribonic acid",NA,"Hydroxy acids and derivatives","Beta hydroxy acids and derivatives",1.11424940800638,FALSE,0.594448207306795,0.450837550026011,0.369561054580933,0.877630397244442,6,-0.0425703343602542,0.920277004871621,0.983847731131081,8,"RNA positive / Protein negative",FALSE,0.246703942193132,0.0425703343602542
"FT3764NR","Inosinic acid","C00130","Purine nucleotides","Purine ribonucleotides",0.756421931717866,FALSE,-0.343140410929054,-0.0417854153263589,0.937358356115409,0.987233402057824,6,0.0661878072872158,0.876259831561914,0.970219384588807,8,"RNA negative / Protein positive",FALSE,0.0539866113067873,0.0417854153263589
"FT4070NR","Corylin",NA,"Isoflavonoids","Pyranoisoflavonoids",0.197226163575888,FALSE,-0.14377315765722,-0.65186594667885,0.160699521650915,0.834619344496697,6,0.0417287153939512,0.921849438208245,0.983853818964783,8,"RNA negative / Protein positive",FALSE,0.346797331036401,0.0417287153939512
"FT3007NR","FA(20:2)",NA,"Fatty Acyls","Fatty acids and conjugates",0.386816880882987,FALSE,0.135903395628432,0.041655858035884,0.937552353787481,0.987233402057824,6,-0.483118825463251,0.225234779569092,0.763986484259788,8,"RNA positive / Protein negative",FALSE,0.262387341749567,0.041655858035884
"FT2416NR","5-(3-Aminopropylphosphanyloxy)-2-(hydroxymethyl)pyran-4-one",NA,"Pyrans","Pyranones and derivatives",0.895249132414319,FALSE,0.398190839761683,0.410150107061489,0.419273202762272,0.899856267857053,6,-0.0415840125749642,0.922119815200051,0.983853818964783,8,"RNA positive / Protein negative",FALSE,0.225867059818226,0.0415840125749642
"FT4535NR","1,3,8-Trihydroxy-4-methyl-2,7-diprenylxanthone",NA,"Benzopyrans","1-benzopyrans",0.676316384978863,FALSE,0.25818325792108,-0.229352720160214,0.662003202513857,0.952289076557119,6,0.0413688652588865,0.922521829670248,0.983853818964783,8,"RNA negative / Protein positive",FALSE,0.13536079270955,0.0413688652588865
"FT0089NR","1-Nitropropane",NA,"Allyl-type 1,3-dipolar organic compounds","Organic nitro compounds",0.216903156505739,FALSE,-0.0954919541133865,0.0408760582692765,0.938720061520795,0.987394215642056,6,-0.121489244318981,0.774439163486355,0.945471237871938,8,"RNA positive / Protein negative",FALSE,0.0811826512941288,0.0408760582692765
"FT7020NR","Bastaxanthol B",NA,"Prenol lipids","Triterpenoids",0.820730036304078,FALSE,0.293135961318297,-0.0406058077732749,0.939124764410094,0.987394215642056,6,0.31245858746701,0.451155110670766,0.86488870185752,8,"RNA negative / Protein positive",FALSE,0.176532197620143,0.0406058077732749
"FT4994PR","(10Z,12E)-Pentadeca-10,12-dienoylcarnitine",NA,"Fatty Acyls","Fatty acid esters",0.237492468363314,FALSE,0.0458646227640649,-0.311466641579522,0.547907955824254,0.934141862527685,6,0.0403409468328279,0.924442747791015,0.983853818964783,8,"RNA negative / Protein positive",FALSE,0.175903794206175,0.0403409468328279
"FT3221NR","FA(20:4;O)",NA,"Fatty Acyls","Eicosanoids",0.161735258354316,FALSE,-0.0333095694710517,0.0400772015657699,0.939916383292938,0.987480127764711,6,-0.157913010303671,0.708798533481959,0.941022348115419,8,"RNA positive / Protein negative",FALSE,0.0989951059347206,0.0400772015657699
"FT6218NR","AKOS016036387",NA,"Prenol lipids","Triterpenoids",0.665825158438082,FALSE,0.313096773344564,0.42327310100331,0.403007177862999,0.892812542241502,6,-0.0394295608178276,0.9261461636707,0.983853818964783,8,"RNA positive / Protein negative",FALSE,0.231351330910569,0.0394295608178276
"FT2720PR","Cytidine","C00475","Pyrimidine nucleosides","Unclassified",0.696816290374474,FALSE,0.230507814777547,0.288078458758133,0.579836012047189,0.934141862527685,6,-0.0387489098446039,0.927418487077768,0.983853818964783,8,"RNA positive / Protein negative",FALSE,0.163413684301369,0.0387489098446039
"FT2747PR","Butanoyl (2S)-2-amino-5-(diaminomethylideneamino)pentanoate",NA,"Carboxylic acids and derivatives","Amino acids, peptides, and analogues",0.750179687168856,FALSE,0.256147812279097,0.0902476825834784,0.864995993757568,0.978015994612137,6,-0.0383724294716304,0.928122290078061,0.983853818964783,8,"RNA positive / Protein negative",FALSE,0.0643100560275544,0.0383724294716304
"FT4872NR","Trp-Asp-Ile",NA,"Carboxylic acids and derivatives","Amino acids, peptides, and analogues",0.603490829356448,FALSE,0.291865909578046,0.290633659802974,0.576324121270164,0.934141862527685,6,-0.0380082293141294,0.928803174862019,0.983853818964783,8,"RNA positive / Protein negative",FALSE,0.164320944558552,0.0380082293141294
"FT1278NR","3-ethylphenyl Sulfate",NA,"Organic sulfuric acids and derivatives","Arylsulfates",0.194423025557696,FALSE,0.0246230321830297,0.0367570607910208,0.944889239706214,0.989226335184295,6,-0.31197118466152,0.451899507896725,0.86488870185752,8,"RNA positive / Protein negative",FALSE,0.17436412272627,0.0367570607910208
"FT4020NR","4-Amino-5-hydroxymethyl-2-methylpyrimidine diphosphate",NA,"Organic oxoanionic compounds","Organic pyrophosphates",1.07630180217965,FALSE,0.44487461732923,0.120074573050194,0.820753752203806,0.970179334647934,6,-0.0366447605676434,0.931352559149364,0.984512795564199,8,"RNA positive / Protein negative",FALSE,0.0783596668089186,0.0366447605676434
"FT0633PR","2,3-Diaminopyridine",NA,"Pyridines and derivatives","Aminopyridines and derivatives",1.10589964787929,FALSE,0.591677383193332,0.0362176152452594,0.945697330738546,0.989226335184295,6,-0.214179494523855,0.610525715887371,0.93524488785384,8,"RNA positive / Protein negative",FALSE,0.125198554884557,0.0362176152452594
"FT2635NR","3'-Hydroxyamobarbital",NA,"Diazines","Pyrimidines and pyrimidine derivatives",0.359241842503894,FALSE,0.0922496099256135,-0.177969750341242,0.735863813087157,0.962681972315463,6,0.035781714253442,0.932966529329977,0.984671312213945,8,"RNA negative / Protein positive",FALSE,0.106875732297342,0.035781714253442
"FT2691NR","Emtricitabine","C12599","Nucleoside and nucleotide analogues","3'-thia pyrimidine nucleosides",1.08816552647299,FALSE,-0.526819441260568,0.0332706592027509,0.950112425453787,0.989226335184295,6,-0.052676372536357,0.901414357413725,0.979350078031602,8,"RNA positive / Protein negative",FALSE,0.0429735158695539,0.0332706592027509
"FT0351NR","2-hydroxy-2-methyl-butyric acid",NA,"Fatty Acyls","Fatty acids and conjugates",0.409659823790406,FALSE,-0.120846722750885,0.423695415591016,0.40248731215206,0.892812542241502,6,-0.0324295372076794,0.939237235947413,0.988855832250127,8,"RNA positive / Protein negative",FALSE,0.228062476399348,0.0324295372076794
"FT2253NR","Inosine","C00294","Purine nucleosides","Unclassified",0.551740508134152,FALSE,0.135709103416332,-0.0320464351645357,0.951946802681158,0.989344666427277,6,0.379674389240222,0.353565742565295,0.817059577575325,8,"RNA negative / Protein positive",FALSE,0.205860412202379,0.0320464351645357
"FT1014NR","Pyrophosphate","C00013","Non-metal oxoanionic compounds","Non-metal pyrophosphates",0.0257139769556475,FALSE,-0.0101073505520845,0.447536592340815,0.37351344009253,0.877630397244442,6,-0.0316548726775266,0.940686750764034,0.988855832250127,8,"RNA positive / Protein negative",FALSE,0.239595732509171,0.0316548726775266
"FT0239NR","Glyceric acid","C00258","Organooxygen compounds","Carbohydrates and carbohydrate conjugates",0.133511610207893,FALSE,0.078137470988231,0.611917037656433,0.196688304261416,0.842783223920486,6,-0.0303837383574333,0.943065542623201,0.988855832250127,8,"RNA positive / Protein negative",FALSE,0.321150388006933,0.0303837383574333
"FT5211PR","N-Stearoyl Valine",NA,"Carboxylic acids and derivatives","Amino acids, peptides, and analogues",1.38556060479122,FALSE,1.05047615032909,-0.0623718185969316,0.906563592893498,0.981449171646102,6,0.0303259707510318,0.943173657371856,0.988855832250127,8,"RNA negative / Protein positive",FALSE,0.0463488946739817,0.0303259707510318
"FT5053PR","3-Deoxy-25-hydroxyvitamin D3",NA,"Steroids and steroid derivatives","Vitamin D and derivatives",0.510094523358264,FALSE,0.111955971617216,0.472051188556151,0.344517349007931,0.876885269600792,6,-0.0292975513079008,0.945098517516968,0.988855832250127,8,"RNA positive / Protein negative",FALSE,0.250674369932026,0.0292975513079008
"FT2684NR","2-hydroxyflutamide","C14204","Benzene and substituted derivatives","Trifluoromethylbenzenes",1.78879578480713,TRUE,1.0197564815958,-0.0276960822750167,0.958466499045566,0.990510327022572,6,0.139700097680215,0.741450367910735,0.944819592880144,8,"RNA negative / Protein positive",FALSE,0.0836980899776161,0.0276960822750167
"FT3122PR","Valyl-Gamma-glutamate",NA,"Carboxylic acids and derivatives","Amino acids, peptides, and analogues",0.5031493116644,FALSE,0.168577988755849,0.411933421711277,0.417050182274765,0.899856267857053,6,-0.027297665419762,0.94884229815092,0.988855832250127,8,"RNA positive / Protein negative",FALSE,0.219615543565519,0.027297665419762
"FT5370PR","5alpha-Tomatidan-3-one",NA,"Steroids and steroid derivatives","Steroidal alkaloids",0.434396910537813,FALSE,-0.149085238963684,0.0267784906125328,0.959841865342441,0.990748684967143,6,-0.452135953381892,0.260695440490937,0.770668274983688,8,"RNA positive / Protein negative",FALSE,0.239457221997213,0.0267784906125328
"FT5853NR","N-Arachidonoyl Tryptophan",NA,"Carboxylic acids and derivatives","Amino acids, peptides, and analogues",0.513651893431669,FALSE,-0.151817705299536,0.0248094233676992,0.962793500141377,0.99231727563098,6,-0.147155272757347,0.728041236168501,0.944083240203619,8,"RNA positive / Protein negative",FALSE,0.085982348062523,0.0248094233676992
"FT2901NR","Arabinosylhypoxanthine",NA,"Purine nucleosides","Unclassified",0.0666819519623159,FALSE,0.0173355445072967,-0.575505073946436,0.232047781778563,0.866884510440095,6,0.0245680696162338,0.95395340241586,0.990179480988614,8,"RNA negative / Protein positive",FALSE,0.300036571781335,0.0245680696162338
"FT2565PR","Valylaspartic acid",NA,"Carboxylic acids and derivatives","Amino acids, peptides, and analogues",0.466249966334634,FALSE,0.211690992941263,0.0241500870947464,0.963781911845762,0.99231727563098,6,-0.613653218788318,0.105622465141975,0.675854684599613,8,"RNA positive / Protein negative",FALSE,0.318901652941532,0.0241500870947464
"FT3268PR","[(1S,2S,4S,5S)-2-(6-Aminopurin-9-yl)-5-(hydroxymethyl)-4-bicyclo[3.1.0]hexanyl]methanol",NA,"Nucleoside and nucleotide analogues","Cyclopentyl nucleosides",1.56186060950954,FALSE,0.766262047946064,-0.0214595175813333,0.967815664798822,0.993528848513034,6,0.371070568145278,0.36547189237746,0.820625930062494,8,"RNA negative / Protein positive",FALSE,0.196265042863306,0.0214595175813333
"FT1509NR","N-Acetyl-L-tyrosine","C01657","Carboxylic acids and derivatives","Amino acids, peptides, and analogues",1.14403994102868,FALSE,0.630586360420518,0.0201466518509482,0.969784110861468,0.994412376056246,6,-0.145107696095432,0.731718222644515,0.944488235197464,8,"RNA positive / Protein negative",FALSE,0.08262717397319,0.0201466518509482
"FT4027PR","Sterebin D",NA,"Prenol lipids","Sesquiterpenoids",0.424508939047662,FALSE,-0.137881671438388,-0.388890538820893,0.44607128759673,0.913166175765406,6,0.019898306973983,0.962700521488738,0.993240569470699,8,"RNA negative / Protein positive",FALSE,0.204394422897438,0.019898306973983
"FT0068NR","3-Hydroxybutyric acid","C01089","Hydroxy acids and derivatives","Beta hydroxy acids and derivatives",0.262056695597126,FALSE,0.0510266749981962,0.220792433925018,0.674193087288237,0.952289076557119,6,-0.0198258805807021,0.962836213850608,0.993240569470699,8,"RNA positive / Protein negative",FALSE,0.12030915725286,0.0198258805807021
"FT4977PR","Prenyl arabinosyl-(1->6)-glucoside",NA,"Fatty Acyls","Fatty acyl glycosides",1.05262557218327,FALSE,0.578672459439916,-0.224784772647949,0.668501825329995,0.952289076557119,6,0.0196170783180754,0.963227413608639,0.993240569470699,8,"RNA negative / Protein positive",FALSE,0.122200925483012,0.0196170783180754
"FT1396PR","Imidazolepropionic acid","C20522","Azoles","Imidazoles",0.661323585015484,FALSE,0.37097539022698,-0.422691670243683,0.40372328473753,0.892812542241502,6,0.0191231926076055,0.964152754507357,0.993240569470699,8,"RNA negative / Protein positive",FALSE,0.220907431425644,0.0191231926076055
"FT6847PR","Polyoxyethylene sorbitan monooleate",NA,"Fatty Acyls","Fatty acid esters",0.761102905508616,FALSE,0.321612403658598,-0.0193948223993323,0.970911414170819,0.994504990509285,6,0.0187187302926794,0.964910578429508,0.993240569470699,8,"RNA negative / Protein positive",FALSE,0.0190567763460058,0.0187187302926794
"FT5220PR","Amperozide",NA,"Benzene and substituted derivatives","Diphenylmethanes",1.78280116861601,FALSE,-1.207840576085,0.463052401906213,0.355064672564171,0.876885269600792,6,-0.018010930861685,0.966236807212662,0.993240569470699,8,"RNA positive / Protein negative",FALSE,0.240531666383949,0.018010930861685
"FT3426NR","Docosapentaenoic acid (22n-3)","C16513","Fatty Acyls","Fatty acids and conjugates",1.45094876680016,TRUE,0.655863882714163,0.329047011543447,0.52424276114027,0.932714961063584,6,-0.0172886887950214,0.967590167389677,0.993240569470699,8,"RNA positive / Protein negative",FALSE,0.173167850169234,0.0172886887950214
"FT5637NR","Adenosine 3',5'-diphosphate","C00054","Purine nucleotides","Purine ribonucleotides",0.919265218060195,FALSE,0.567236586870032,-0.0679045478259969,0.898299733133625,0.981449171646102,6,0.0156347886776516,0.970689548218062,0.993556717072413,8,"RNA negative / Protein positive",FALSE,0.0417696682518242,0.0156347886776516
"FT1858PR","Prenylcysteine",NA,"Carboxylic acids and derivatives","Amino acids, peptides, and analogues",0.0833281221633174,FALSE,-0.00444912648320375,-0.435005100435146,0.388650234559016,0.889165257025645,6,0.0141787252494691,0.973418452989542,0.993910310997543,8,"RNA negative / Protein positive",FALSE,0.224591912842307,0.0141787252494691
"FT3308PR","5-hydroxyindole thiazolidine carboxylate",NA,"Carboxylic acids and derivatives","Amino acids, peptides, and analogues",0.860046810323747,FALSE,0.517600909335848,-0.0133524029982343,0.979972585780354,0.998514767951686,6,0.222187191550272,0.5969068899018,0.924586830793991,8,"RNA negative / Protein positive",FALSE,0.117769797274253,0.0133524029982343
"FT2119PR","1-Carboxyethylisoleucine",NA,"Carboxylic acids and derivatives","Amino acids, peptides, and analogues",1.13980573934838,FALSE,0.611057228803014,-0.0121642749806715,0.981754487500358,0.998514767951686,6,0.538922319126361,0.168127002180126,0.73412888771035,8,"RNA negative / Protein positive",FALSE,0.275543297053516,0.0121642749806715
"FT3488NR","Angeloylsenkyunolide F",NA,"Isobenzofurans","Unclassified",0.758624728664343,FALSE,0.704550066738031,-0.146801467163542,0.781379634297751,0.970179334647934,6,0.012138684093612,0.97724220298389,0.994733110429904,8,"RNA negative / Protein positive",FALSE,0.0794700756285768,0.012138684093612
"FT2503PR","Pro-Ile",NA,"Carboxylic acids and derivatives","Amino acids, peptides, and analogues",1.56632882721796,TRUE,0.796330224014364,-0.337201087069676,0.513369022226078,0.931571565774147,6,0.0119103538916055,0.977670198315202,0.994733110429904,8,"RNA negative / Protein positive",FALSE,0.174555720480641,0.0119103538916055
"FT5181NR","tigemonam",NA,"Lactams","Beta lactams",1.36140773341711,TRUE,0.544997639549596,-0.0099607474571427,0.985059372949486,0.998514767951686,6,0.167648386392152,0.691499516112589,0.941022348115419,8,"RNA negative / Protein positive",FALSE,0.0888045669246475,0.0099607474571427
"FT3568NR","Rabelomycin",NA,"Angucyclines","Unclassified",0.344425982000305,FALSE,-0.146745745044718,-0.604700530429072,0.203507428204852,0.842783223920486,6,0.00967367870755297,0.981862983970859,0.997607142605961,8,"RNA negative / Protein positive",FALSE,0.307187104568312,0.00967367870755297
"FT1183PR","Iptakalim",NA,"Organonitrogen compounds","Amines",0.49886508132621,FALSE,-0.28053757815277,0.305610246203763,0.555856265910837,0.934141862527685,6,-0.00865789196442525,0.983767263783124,0.998072318857172,8,"RNA positive / Protein negative",FALSE,0.157134069084094,0.00865789196442525
"FT4449NR","FA(26:3;O)",NA,"Fatty Acyls","Fatty acids and conjugates",0.997331152389888,FALSE,0.440811344980415,0.00858273610784143,0.987126211954824,0.998514767951686,6,-0.116880647714905,0.782836501401324,0.945471237871938,8,"RNA positive / Protein negative",FALSE,0.0627316919113735,0.00858273610784143
"FT5785PR","LysoPE(18:2/0:0)",NA,"Glycerophospholipids","Glycerophosphoethanolamines",0.00782460227699369,FALSE,0.00186959399431938,0.00829580767890214,0.987556573942152,0.998514767951686,6,-0.475680868498451,0.233507199241798,0.76410571770673,8,"RNA positive / Protein negative",FALSE,0.241988338088677,0.00829580767890214
"FT2483NR","Phosphohistidine",NA,"Carboxylic acids and derivatives","Amino acids, peptides, and analogues",0.368796730820716,FALSE,0.0987012754297836,0.230614822092795,0.660210183522216,0.952289076557119,6,-0.00823863410365537,0.984553260038971,0.998072318857172,8,"RNA positive / Protein negative",FALSE,0.119426728098225,0.00823863410365537
"FT6925NR","4-[3-[3-[Bis[4-(2-methylpropyl)phenyl]methylamino]benzoyl]indol-1-yl]butanoic acid",NA,"Indoles and derivatives","Benzoylindoles",0.99467869462642,FALSE,0.390686071365446,-0.00765796320846681,0.98851327973563,0.998514767951686,6,0.314590287485645,0.447905333727111,0.86488870185752,8,"RNA negative / Protein positive",FALSE,0.161124125347056,0.00765796320846681
"FT1188NR","5,6-Dihydroxyindole-2-carboxylic acid","C04185","Indoles and derivatives","Indolecarboxylic acids and derivatives",0.329141764163281,FALSE,0.134268872123166,-0.00658673895907518,0.990120034444651,0.998514767951686,6,0.194073995205056,0.645145191532241,0.941022348115419,8,"RNA negative / Protein positive",FALSE,0.100330367082066,0.00658673895907518
"FT4512PR","4,5-dehydro Docosahexaenoic Acid",NA,"Fatty Acyls","Fatty acids and conjugates",0.00233804617634084,FALSE,0.000518256063695792,-0.439634137684326,0.383034635377007,0.882121155313604,6,0.00614552866748038,0.988477423871928,0.998178163837201,8,"RNA negative / Protein positive",FALSE,0.222889833175903,0.00614552866748038
"FT2007NR","FA(16:2)",NA,"Fatty Acyls","Fatty acids and conjugates",1.03359112552859,FALSE,0.605170086275398,0.092895763093754,0.861057183057014,0.978015994612137,6,-0.00584796784715389,0.989035310275348,0.998178163837201,8,"RNA positive / Protein negative",FALSE,0.0493718654704539,0.00584796784715389
"FT2693PR","Dioctylamine",NA,"Organonitrogen compounds","Amines",0.562210511492595,FALSE,-0.156303092166319,0.00516099616225016,0.992258574490466,0.998514767951686,6,-0.0304012173112543,0.943032830101914,0.988855832250127,8,"RNA positive / Protein negative",FALSE,0.0177811067367522,0.00516099616225016
"FT0482NR","Monoethyl malonic acid",NA,"Carboxylic acids and derivatives","Dicarboxylic acids and derivatives",0.80458853475371,FALSE,-0.347968152348418,-0.914917112374498,0.010550684979144,0.543555659481085,6,0.00482071152021897,0.990961305935821,0.998178163837201,8,"RNA negative / Protein positive",FALSE,0.459868911947358,0.00482071152021897
"FT2903PR","Shikimate-3-phosphate",NA,"Organic phosphoric acids and derivatives","Phosphate esters",0.204767509416391,FALSE,0.0464123292951627,-0.398481720817456,0.433914413123064,0.911446453309662,6,0.00479066966350144,0.991017631815413,0.998178163837201,8,"RNA negative / Protein positive",FALSE,0.201636195240479,0.00479066966350144
"FT6081PR","O-(17-carboxyheptadecanoyl)carnitine",NA,"Fatty Acyls","Fatty acid esters",3.01729842876408,FALSE,4.30629480269051,-0.00460982450120227,0.993085312228693,0.998514767951686,6,0.564448086025839,0.144966659106369,0.716608236859144,8,"RNA negative / Protein positive",FALSE,0.28452895526352,0.00460982450120227
"FT4051NR","Ibandronate",NA,"Organic phosphonic acids and derivatives","Bisphosphonates",0.222968785499673,FALSE,-0.0767421643851697,0.00404478398350194,0.993932857111641,0.998514767951686,6,-0.256025873979096,0.540516840453663,0.91110093783846,8,"RNA positive / Protein negative",FALSE,0.130035328981299,0.00404478398350194
"FT1136NR","Kynurenic acid","C01717","Quinolines and derivatives","Quinoline carboxylic acids",0.00242101818561064,FALSE,-0.0285983231478374,0.0265918287451931,0.960121658760395,0.990748684967143,6,-0.00392770909832172,0.99263562118076,0.998365119715714,8,"RNA positive / Protein negative",FALSE,0.0152597689217574,0.00392770909832172
"FT3384NR","Cyclic AMP","C00575","Purine nucleotides","Cyclic purine nucleotides",0.488062740335022,FALSE,0.154838093491881,0.00338816247862364,0.994917775729516,0.998514767951686,6,-0.0505692146876474,0.905344245818298,0.981376266462447,8,"RNA positive / Protein negative",FALSE,0.0269786885831355,0.00338816247862364
"FT6833PR","PHODiA-PA",NA,"Glycerophospholipids","Glycerophosphates",0.0555469521938339,FALSE,-0.00929105300965474,0.00286096808660479,0.995708559578803,0.998514767951686,6,-0.134591077864345,0.750672773056414,0.945471237871938,8,"RNA positive / Protein negative",FALSE,0.0687260229754749,0.00286096808660479
"FT3490NR","Dehydroepiandrosterone","C01227","Steroids and steroid derivatives","Androstane steroids",0.147110322721337,FALSE,-0.0356457896460151,-0.00254860192109909,0.99617710539541,0.998514767951686,6,0.250553072664323,0.549503872417277,0.912481150339734,8,"RNA negative / Protein positive",FALSE,0.126550837292711,0.00254860192109909
"FT3962NR","(2S)-2-Amino-4-[2-amino-3-(2-amino-3-hydroxybenzoyl)oxyphenyl]-4-oxobutanoic acid",NA,"Depsides and depsidones","Unclassified",0.163135742868594,FALSE,-0.205645567321869,-0.279191504226347,0.592093938832729,0.93484979445667,6,0.00233680475764603,0.995618507029998,0.998802702057423,8,"RNA negative / Protein positive",FALSE,0.140764154491997,0.00233680475764603
"FT4212PR","Benzamide, 3-(3-((2-(3,4-dihydroxyphenyl)ethyl)amino)butyl)-",NA,"Phenols","Benzenediols",0.195738380852167,FALSE,-0.143436780263544,-0.00158351920719169,0.997624723174576,0.999061187858772,6,0.018933652286378,0.964507885295665,0.993240569470699,8,"RNA negative / Protein positive",FALSE,0.0102585857467849,0.00158351920719169
"FT6623NR","FA(35:0)",NA,"Fatty Acyls","Fatty acids and conjugates",0.670538691098117,FALSE,0.264890993629482,0.684457056670829,0.133642136432398,0.777485875998432,6,-0.000915589078390979,0.998283271437443,0.999517591037622,8,"RNA positive / Protein negative",FALSE,0.34268632287461,0.000915589078390979
"FT0435NR","Imidazoleacetic acid","C02835","Azoles","Imidazoles",1.36792808042455,TRUE,0.711455414276897,0.249004752197748,0.634212438173331,0.951478587993934,6,-0.000639692449821096,0.998800576983793,0.999517591037622,8,"RNA positive / Protein negative",FALSE,0.124822222323785,0.000639692449821096
"FT3366NR","(4E,7E,10Z,13E,16E,19E)-docosa-4,7,10,13,16,19-hexaenoic acid",NA,"Fatty Acyls","Fatty acids and conjugates",0.389887936517533,FALSE,-0.0715476247550877,0.000298737512273205,0.99955189374492,0.99955189374492,6,-0.581367263632314,0.130650391226946,0.70272845909954,8,"RNA positive / Protein negative",FALSE,0.290833000572293,0.000298737512273205
"FT3467PR","Bacillamidin G",NA,"Carboximidic acids and derivatives","Carboximidic acids",0.130494190103328,FALSE,-0.0322129227405213,0.541288592615781,0.267364087537759,0.872427299627174,6,-0.00011728231618972,0.999780095659161,0.999780095659161,8,"RNA positive / Protein negative",FALSE,0.270702937465985,0.00011728231618972
