"Category","TermID","Description","Count","SetSize","CandidateSize","BackgroundSize","GeneRatio","GeneRatioFraction","BgRatio","FoldEnrichment","Pvalue","OverlapEntrez","FDR","OverlapGenes"
"MF","GO:0004866","endopeptidase inhibitor activity",10,56,72,7153,0.138888888888889,"10/72","56/7153",17.7405753968254,1.38040565430185e-10,"16644/11625/11699/59083/20701/94175/20703/20700/20704/20714",6.86766680124207e-08,"Kng1/Ahsg/Ambp/Fetub/Serpina1b/Hrg/Serpina1d/Serpina1a/Serpina1e/Serpina3k"
"MF","GO:0030414","peptidase inhibitor activity",10,57,72,7153,0.138888888888889,"10/72","57/7153",17.4293372319688,1.66086258796664e-10,"16644/11625/11699/59083/20701/94175/20703/20700/20704/20714",6.86766680124207e-08,"Kng1/Ahsg/Ambp/Fetub/Serpina1b/Hrg/Serpina1d/Serpina1a/Serpina1e/Serpina3k"
"MF","GO:0061134","peptidase regulator activity",11,79,72,7153,0.152777777777778,"11/72","79/7153",13.8331575246132,2.56327548480729e-10,"16644/11625/11699/59083/20701/94175/20703/20700/11783/20704/20714",6.94641495945185e-08,"Kng1/Ahsg/Ambp/Fetub/Serpina1b/Hrg/Serpina1d/Serpina1a/Apaf1/Serpina1e/Serpina3k"
"MF","GO:0061135","endopeptidase regulator activity",10,61,72,7153,0.138888888888889,"10/72","61/7153",16.2864298724954,3.35981376515204e-10,"16644/11625/11699/59083/20701/94175/20703/20700/20704/20714",6.94641495945185e-08,"Kng1/Ahsg/Ambp/Fetub/Serpina1b/Hrg/Serpina1d/Serpina1a/Serpina1e/Serpina3k"
"MF","GO:0004867","serine-type endopeptidase inhibitor activity",7,33,72,7153,0.0972222222222222,"7/72","33/7153",21.0736531986532,2.697337898664e-08,"11699/20701/94175/20703/20700/20704/20714",4.46139688439025e-06,"Ambp/Serpina1b/Hrg/Serpina1d/Serpina1a/Serpina1e/Serpina3k"
"BP","GO:0010466","negative regulation of peptidase activity",11,90,75,7231,0.146666666666667,"11/75","90/7231",11.7838518518519,1.51980019308819e-09,"16644/11625/11540/11699/59083/20701/94175/20703/20700/20704/20714",6.76007125885627e-06,"Kng1/Ahsg/Adora2a/Ambp/Fetub/Serpina1b/Hrg/Serpina1d/Serpina1a/Serpina1e/Serpina3k"
"BP","GO:0010951","negative regulation of endopeptidase activity",10,74,75,7231,0.133333333333333,"10/75","74/7231",13.0288288288288,3.28534218987276e-09,"16644/11625/11540/59083/20701/94175/20703/20700/20704/20714",7.30660103027703e-06,"Kng1/Ahsg/Adora2a/Fetub/Serpina1b/Hrg/Serpina1d/Serpina1a/Serpina1e/Serpina3k"
"MF","GO:0004857","enzyme inhibitor activity",11,162,72,7153,0.152777777777778,"11/72","162/7153",6.74579903978052,5.24858805327483e-07,"16644/11625/13136/11699/59083/20701/94175/20703/20700/20704/20714",7.23430386676381e-05,"Kng1/Ahsg/Cd55/Ambp/Fetub/Serpina1b/Hrg/Serpina1d/Serpina1a/Serpina1e/Serpina3k"
"MF","GO:0140678","molecular function inhibitor activity",12,213,72,7153,0.166666666666667,"12/72","213/7153",5.59702660406886,1.13500019739878e-06,"16644/11625/13136/11699/59083/20701/94175/209268/20703/20700/20704/20714",0.000134092166178399,"Kng1/Ahsg/Cd55/Ambp/Fetub/Serpina1b/Hrg/Igsf1/Serpina1d/Serpina1a/Serpina1e/Serpina3k"
"MF","GO:0004869","cysteine-type endopeptidase inhibitor activity",4,10,72,7153,0.0555555555555556,"4/72","10/7153",39.7388888888889,1.89354058314919e-06,"16644/11625/59083/94175",0.000195744757783047,"Kng1/Ahsg/Fetub/Hrg"
"BP","GO:0052547","regulation of peptidase activity",12,178,75,7231,0.16,"12/75","178/7231",6.49977528089888,2.31319990572312e-07,"16644/11625/11540/11699/59083/20701/94175/20703/20700/11783/20704/20714",0.000257767139983694,"Kng1/Ahsg/Adora2a/Ambp/Fetub/Serpina1b/Hrg/Serpina1d/Serpina1a/Apaf1/Serpina1e/Serpina3k"
"BP","GO:0045861","negative regulation of proteolysis",11,148,75,7231,0.146666666666667,"11/75","148/7231",7.16585585585586,2.89756227499657e-07,"16644/11625/11540/11699/59083/20701/94175/20703/20700/20704/20714",0.000257767139983694,"Kng1/Ahsg/Adora2a/Ambp/Fetub/Serpina1b/Hrg/Serpina1d/Serpina1a/Serpina1e/Serpina3k"
"BP","GO:0051346","negative regulation of hydrolase activity",11,148,75,7231,0.146666666666667,"11/75","148/7231",7.16585585585586,2.89756227499657e-07,"16644/11625/11540/11699/59083/20701/94175/20703/20700/20704/20714",0.000257767139983694,"Kng1/Ahsg/Adora2a/Ambp/Fetub/Serpina1b/Hrg/Serpina1d/Serpina1a/Serpina1e/Serpina3k"
"BP","GO:0052548","regulation of endopeptidase activity",11,156,75,7231,0.146666666666667,"11/75","156/7231",6.79837606837607,4.93851949231068e-07,"16644/11625/11540/59083/20701/94175/20703/20700/11783/20704/20714",0.000366108911696632,"Kng1/Ahsg/Adora2a/Fetub/Serpina1b/Hrg/Serpina1d/Serpina1a/Apaf1/Serpina1e/Serpina3k"
"BP","GO:0010288","response to lead ion",4,10,75,7231,0.0533333333333333,"4/75","10/7231",38.5653333333333,2.13887320961022e-06,"20701/20703/20700/20704",0.00135910114804947,"Serpina1b/Serpina1d/Serpina1a/Serpina1e"
"BP","GO:0043086","negative regulation of catalytic activity",12,313,75,7231,0.16,"12/75","313/7231",3.69635782747604,7.8580195906824e-05,"16644/11625/11540/11699/59083/20701/94175/94245/20703/20700/20704/20714",0.0436905889241941,"Kng1/Ahsg/Adora2a/Ambp/Fetub/Serpina1b/Hrg/Dtnbp1/Serpina1d/Serpina1a/Serpina1e/Serpina3k"
"MF","GO:0003823","antigen binding",3,17,72,7153,0.0416666666666667,"3/72","17/7153",17.531862745098,0.000600976991268631,"621968/14999/16136",0.055223107975462,"Trbv1/H2-DMb1/Igll1"
"CC","GO:0005615","extracellular space",14,429,75,7294,0.186666666666667,"14/75","429/7294",3.17376845376845,9.83256788981925e-05,"235312/16644/11625/16206/11699/59083/20701/20703/20700/20704/12279/20714/14473/54447",0.0586021046233227,"C1qtnf5/Kng1/Ahsg/Lrig1/Ambp/Fetub/Serpina1b/Serpina1d/Serpina1a/Serpina1e/C9/Serpina3k/Gc/Asah2"
"BP","GO:0030262","apoptotic nuclear changes",3,10,75,7231,0.04,"3/75","10/7231",28.924,0.000122070802123045,"66454/11783/106025",0.0603301030937005,"Nmnat1/Apaf1/Sharpin"
"BP","GO:0006921","cellular component disassembly involved in execution phase of apoptosis",3,11,75,7231,0.04,"3/75","11/7231",26.2945454545455,0.000166596838672803,"66454/11783/106025",0.0697940656632645,"Nmnat1/Apaf1/Sharpin"
"BP","GO:0030162","regulation of proteolysis",12,340,75,7231,0.16,"12/75","340/7231",3.40282352941176,0.000172602230731994,"16644/11625/11540/11699/59083/20701/94175/20703/20700/11783/20704/20714",0.0697940656632645,"Kng1/Ahsg/Adora2a/Ambp/Fetub/Serpina1b/Hrg/Serpina1d/Serpina1a/Apaf1/Serpina1e/Serpina3k"
"BP","GO:0006959","humoral immune response",5,53,75,7231,0.0666666666666667,"5/75","53/7231",9.09559748427673,0.000204252814826236,"16644/13136/22353/94175/12279",0.0757097100289249,"Kng1/Cd55/Vip/Hrg/C9"
"BP","GO:0006953","acute-phase response",3,13,75,7231,0.04,"3/75","13/7231",22.2492307692308,0.000284483629971795,"11625/20701/20700",0.0973371681626573,"Ahsg/Serpina1b/Serpina1a"
"MF","GO:0002020","protease binding",5,86,72,7153,0.0694444444444444,"5/72","86/7153",5.77600129198966,0.00166177622673879,"16644/20701/20703/20700/20704",0.137428893951298,"Kng1/Serpina1b/Serpina1d/Serpina1a/Serpina1e"
"BP","GO:0061844","antimicrobial humoral immune response mediated by antimicrobial peptide",3,16,75,7231,0.04,"3/75","16/7231",18.0775,0.000544692975502691,"16644/22353/94175",0.173056739645427,"Kng1/Vip/Hrg"
"BP","GO:0031640","killing of cells of another organism",3,17,75,7231,0.04,"3/75","17/7231",17.0141176470588,0.000656497082022983,"16644/94175/12279",0.182506188802389,"Kng1/Hrg/C9"
"BP","GO:0141061","disruption of cell in another organism",3,17,75,7231,0.04,"3/75","17/7231",17.0141176470588,0.000656497082022983,"16644/94175/12279",0.182506188802389,"Kng1/Hrg/C9"
"BP","GO:0050433","regulation of catecholamine secretion",4,41,75,7231,0.0533333333333333,"4/75","41/7231",9.40617886178862,0.000808569524837601,"22353/11540/54524/94245",0.211559838028097,"Vip/Adora2a/Syt6/Dtnbp1"
"BP","GO:0141060","disruption of anatomical structure in another organism",3,19,75,7231,0.04,"3/75","19/7231",15.2231578947368,0.000921662517018755,"16644/94175/12279",0.227753048649968,"Kng1/Hrg/C9"
"BP","GO:0044092","negative regulation of molecular function",13,472,75,7231,0.173333333333333,"13/75","472/7231",2.65545197740113,0.00100118350077913,"16644/11625/11472/11540/11699/59083/20701/94175/94245/20703/20700/20704/20714",0.234382326919241,"Kng1/Ahsg/Actn2/Adora2a/Ambp/Fetub/Serpina1b/Hrg/Dtnbp1/Serpina1d/Serpina1a/Serpina1e/Serpina3k"
"BP","GO:0050432","catecholamine secretion",4,48,75,7231,0.0533333333333333,"4/75","48/7231",8.03444444444444,0.00147084985699497,"22353/11540/54524/94245",0.327117008195681,"Vip/Adora2a/Syt6/Dtnbp1"
"BP","GO:0019730","antimicrobial humoral response",3,24,75,7231,0.04,"3/75","24/7231",12.0516666666667,0.00185478127424234,"16644/22353/94175",0.392860338468091,"Kng1/Vip/Hrg"
"CC","GO:0030312","external encapsulating structure",7,179,75,7294,0.0933333333333333,"7/75","179/7294",3.80320297951583,0.00231965605594096,"16644/11625/16206/11699/94175/20700/20714",0.460838336446938,"Kng1/Ahsg/Lrig1/Ambp/Hrg/Serpina1a/Serpina3k"
"CC","GO:0031012","extracellular matrix",7,179,75,7294,0.0933333333333333,"7/75","179/7294",3.80320297951583,0.00231965605594096,"16644/11625/16206/11699/94175/20700/20714",0.460838336446938,"Kng1/Ahsg/Lrig1/Ambp/Hrg/Serpina1a/Serpina3k"
"MF","GO:0004553","hydrolase activity, hydrolyzing O-glycosyl compounds",3,39,72,7153,0.0416666666666667,"3/72","39/7153",7.64209401709402,0.00689452440246277,"94284/54447/238023",0.499952985733403,"Ugt1a6a/Asah2/Hexd"
"MF","GO:0005179","hormone activity",2,13,72,7153,0.0277777777777778,"2/72","13/7153",15.284188034188,0.00725445686674829,"16644/22353",0.499952985733403,"Kng1/Vip"
"BP","GO:0051937","catecholamine transport",4,56,75,7231,0.0533333333333333,"4/75","56/7231",6.88666666666667,0.00260836729173337,"22353/11540/54524/94245",0.527364441528638,"Vip/Adora2a/Syt6/Dtnbp1"
"CC","GO:0005865","striated muscle thin filament",2,10,75,7294,0.0266666666666667,"2/75","10/7294",19.4506666666667,0.00445070188082537,"11472/225288",0.536763327692553,"Actn2/Fhod3"
"CC","GO:0062023","collagen-containing extracellular matrix",6,152,75,7294,0.08,"6/75","152/7294",3.83894736842105,0.00457778296689672,"16644/11625/11699/94175/20700/20714",0.536763327692553,"Kng1/Ahsg/Ambp/Hrg/Serpina1a/Serpina3k"
"CC","GO:0036379","myofilament",2,11,75,7294,0.0266666666666667,"2/75","11/7294",17.6824242424242,0.00540365766133442,"11472/225288",0.536763327692553,"Actn2/Fhod3"
"BP","GO:0097194","execution phase of apoptosis",3,29,75,7231,0.04,"3/75","29/7231",9.97379310344828,0.0032264026304708,"66454/11783/106025",0.623958213058005,"Nmnat1/Apaf1/Sharpin"
"BP","GO:0009725","response to hormone",10,355,75,7231,0.133333333333333,"10/75","355/7231",2.71586854460094,0.00343029801648808,"20788/11625/11472/20701/94284/20703/20606/20700/20704/20714",0.627264123391877,"Srebf2/Ahsg/Actn2/Serpina1b/Ugt1a6a/Serpina1d/Sstr2/Serpina1a/Serpina1e/Serpina3k"
"BP","GO:0051336","regulation of hydrolase activity",12,479,75,7231,0.16,"12/75","479/7231",2.41536534446764,0.00352554026186981,"16644/11625/11540/11699/59083/20701/94175/20703/20700/11783/20704/20714",0.627264123391877,"Kng1/Ahsg/Adora2a/Ambp/Fetub/Serpina1b/Hrg/Serpina1d/Serpina1a/Apaf1/Serpina1e/Serpina3k"
"BP","GO:0001906","cell killing",4,63,75,7231,0.0533333333333333,"4/75","63/7231",6.12148148148148,0.00400576804757628,"16644/13136/94175/12279",0.685294472139203,"Kng1/Cd55/Hrg/C9"
"MF","GO:0016409","palmitoyltransferase activity",2,16,72,7153,0.0277777777777778,"2/72","16/7153",12.4184027777778,0.0109455002554272,"68268/20773",0.696302208556791,"Zdhhc21/Sptlc2"
"BP","GO:0015844","monoamine transport",4,65,75,7231,0.0533333333333333,"4/75","65/7231",5.93312820512821,0.00448271859612657,"22353/11540/54524/94245",0.738486382058184,"Vip/Adora2a/Syt6/Dtnbp1"
"BP","GO:0009566","fertilization",4,66,75,7231,0.0533333333333333,"4/75","66/7231",5.84323232323232,0.00473496511717794,"56449/59083/54524/22068",0.752183030043124,"Ybx3/Fetub/Syt6/Trpc6"
"BP","GO:0014049","positive regulation of glutamate secretion",2,11,75,7231,0.0266666666666667,"2/75","11/7231",17.529696969697,0.00549535361467645,"11540/94245",0.793139123315357,"Adora2a/Dtnbp1"
"BP","GO:0002526","acute inflammatory response",3,35,75,7231,0.04,"3/75","35/7231",8.264,0.00552772320655937,"11625/20701/20700",0.793139123315357,"Ahsg/Serpina1b/Serpina1a"
"BP","GO:0051954","positive regulation of amine transport",3,35,75,7231,0.04,"3/75","35/7231",8.264,0.00552772320655937,"22353/11540/94245",0.793139123315357,"Vip/Adora2a/Dtnbp1"
"MF","GO:0016798","hydrolase activity, acting on glycosyl bonds",3,51,72,7153,0.0416666666666667,"3/72","51/7153",5.84395424836601,0.0144197417820385,"94284/54447/238023",0.851794746696133,"Ugt1a6a/Asah2/Hexd"
"BP","GO:0051952","regulation of amine transport",4,72,75,7231,0.0533333333333333,"4/75","72/7231",5.3562962962963,0.00645110787490237,"22353/11540/54524/94245",0.856937206670115,"Vip/Adora2a/Syt6/Dtnbp1"
"BP","GO:0006670","sphingosine metabolic process",2,12,75,7231,0.0266666666666667,"2/75","12/7231",16.0688888888889,0.00655032936753235,"20773/54447",0.856937206670115,"Sptlc2/Asah2"
"BP","GO:0009620","response to fungus",2,12,75,7231,0.0266666666666667,"2/75","12/7231",16.0688888888889,0.00655032936753235,"22353/94175",0.856937206670115,"Vip/Hrg"
"BP","GO:0043434","response to peptide hormone",7,218,75,7231,0.0933333333333333,"7/75","218/7231",3.09584097859327,0.00717630401778648,"11625/11472/20701/20703/20700/20704/20714",0.900084877932923,"Ahsg/Actn2/Serpina1b/Serpina1d/Serpina1a/Serpina1e/Serpina3k"
"BP","GO:0010035","response to inorganic substance",8,275,75,7231,0.106666666666667,"8/75","275/7231",2.80475151515152,0.00732695074199174,"11540/20701/54524/94175/20703/20700/20704/22068",0.900084877932923,"Adora2a/Serpina1b/Syt6/Hrg/Serpina1d/Serpina1a/Serpina1e/Trpc6"
"BP","GO:0006958","complement activation, classical pathway",2,13,75,7231,0.0266666666666667,"2/75","13/7231",14.8328205128205,0.00768957404708882,"13136/12279",0.900084877932923,"Cd55/C9"
"BP","GO:0046519","sphingoid metabolic process",2,13,75,7231,0.0266666666666667,"2/75","13/7231",14.8328205128205,0.00768957404708882,"20773/54447",0.900084877932923,"Sptlc2/Asah2"
"BP","GO:0015837","amine transport",4,77,75,7231,0.0533333333333333,"4/75","77/7231",5.00848484848485,0.00816300267751454,"22353/11540/54524/94245",0.931000920758581,"Vip/Adora2a/Syt6/Dtnbp1"
"BP","GO:0002250","adaptive immune response",5,122,75,7231,0.0666666666666667,"5/75","122/7231",3.95136612021858,0.00848689646993414,"14999/16136/13136/12279/76438",0.943742887456676,"H2-DMb1/Igll1/Cd55/C9/Rftn1"
"BP","GO:0034312","diol biosynthetic process",2,14,75,7231,0.0266666666666667,"2/75","14/7231",13.7733333333333,0.00891127375684916,"20773/54447",0.966764528547929,"Sptlc2/Asah2"
"BP","GO:0097305","response to alcohol",4,81,75,7231,0.0533333333333333,"4/75","81/7231",4.76115226337449,0.00972951329175337,"20701/20703/20700/20704",1,"Serpina1b/Serpina1d/Serpina1a/Serpina1e"
"BP","GO:0010038","response to metal ion",6,182,75,7231,0.08,"6/75","182/7231",3.17846153846154,0.0112126810226289,"20701/54524/94175/20703/20700/20704",1,"Serpina1b/Syt6/Hrg/Serpina1d/Serpina1a/Serpina1e"
"BP","GO:0014048","regulation of glutamate secretion",2,16,75,7231,0.0266666666666667,"2/75","16/7231",12.0516666666667,0.0115949207637755,"11540/94245",1,"Adora2a/Dtnbp1"
"BP","GO:0016064","immunoglobulin mediated immune response",3,46,75,7231,0.04,"3/75","46/7231",6.28782608695652,0.0118203728742171,"16136/13136/12279",1,"Igll1/Cd55/C9"
"BP","GO:0019724","B cell mediated immunity",3,46,75,7231,0.04,"3/75","46/7231",6.28782608695652,0.0118203728742171,"16136/13136/12279",1,"Igll1/Cd55/C9"
"BP","GO:0002449","lymphocyte mediated immunity",4,91,75,7231,0.0533333333333333,"4/75","91/7231",4.23794871794872,0.014466775466552,"16136/13136/12279/76438",1,"Igll1/Cd55/C9/Rftn1"
"BP","GO:0001956","positive regulation of neurotransmitter secretion",2,18,75,7231,0.0266666666666667,"2/75","18/7231",10.7125925925926,0.0145873064429367,"11540/94245",1,"Adora2a/Dtnbp1"
"BP","GO:0002455","humoral immune response mediated by circulating immunoglobulin",2,18,75,7231,0.0266666666666667,"2/75","18/7231",10.7125925925926,0.0145873064429367,"13136/12279",1,"Cd55/C9"
"BP","GO:0034311","diol metabolic process",2,18,75,7231,0.0266666666666667,"2/75","18/7231",10.7125925925926,0.0145873064429367,"20773/54447",1,"Sptlc2/Asah2"
"BP","GO:0071384","cellular response to corticosteroid stimulus",2,18,75,7231,0.0266666666666667,"2/75","18/7231",10.7125925925926,0.0145873064429367,"94284/20606",1,"Ugt1a6a/Sstr2"
"BP","GO:0071385","cellular response to glucocorticoid stimulus",2,18,75,7231,0.0266666666666667,"2/75","18/7231",10.7125925925926,0.0145873064429367,"94284/20606",1,"Ugt1a6a/Sstr2"
"BP","GO:0007338","single fertilization",3,50,75,7231,0.04,"3/75","50/7231",5.7848,0.0148193813574837,"59083/54524/22068",1,"Fetub/Syt6/Trpc6"
"BP","GO:0002460","adaptive immune response based on somatic recombination of immune receptors built from immunoglobulin superfamily domains",4,92,75,7231,0.0533333333333333,"4/75","92/7231",4.19188405797101,0.0150080496414861,"16136/13136/12279/76438",1,"Igll1/Cd55/C9/Rftn1"
"BP","GO:1901652","response to peptide",7,252,75,7231,0.0933333333333333,"7/75","252/7231",2.67814814814815,0.0151812232165963,"11625/11472/20701/20703/20700/20704/20714",1,"Ahsg/Actn2/Serpina1b/Serpina1d/Serpina1a/Serpina1e/Serpina3k"
"BP","GO:0015850","organic hydroxy compound transport",5,142,75,7231,0.0666666666666667,"5/75","142/7231",3.39483568075117,0.0156473853338192,"20788/22353/11540/54524/94245",1,"Srebf2/Vip/Adora2a/Syt6/Dtnbp1"
"BP","GO:0006956","complement activation",2,20,75,7231,0.0266666666666667,"2/75","20/7231",9.64133333333333,0.0178748925282579,"13136/12279",1,"Cd55/C9"
"BP","GO:0043267","negative regulation of potassium ion transport",2,20,75,7231,0.0266666666666667,"2/75","20/7231",9.64133333333333,0.0178748925282579,"11472/22353",1,"Actn2/Vip"
"BP","GO:0045214","sarcomere organization",2,20,75,7231,0.0266666666666667,"2/75","20/7231",9.64133333333333,0.0178748925282579,"11472/225288",1,"Actn2/Fhod3"
"BP","GO:0007204","positive regulation of cytosolic calcium ion concentration",3,57,75,7231,0.04,"3/75","57/7231",5.07438596491228,0.0210150138763204,"16644/13136/22068",1,"Kng1/Cd55/Trpc6"
"BP","GO:0051590","positive regulation of neurotransmitter transport",2,22,75,7231,0.0266666666666667,"2/75","22/7231",8.76484848484849,0.0214445551870093,"11540/94245",1,"Adora2a/Dtnbp1"
"BP","GO:0007186","G protein-coupled receptor signaling pathway",7,271,75,7231,0.0933333333333333,"7/75","271/7231",2.49038130381304,0.0217486137733688,"68268/14709/11472/22353/11540/20606/330485",1,"Zdhhc21/Gng8/Actn2/Vip/Adora2a/Sstr2/Tmem145"
"MF","GO:0042805","actinin binding",2,23,72,7153,0.0277777777777778,"2/72","23/7153",8.63888888888889,0.0220555553136924,"11540/22068",1,"Adora2a/Trpc6"
"BP","GO:0030195","negative regulation of blood coagulation",2,23,75,7231,0.0266666666666667,"2/75","23/7231",8.38376811594203,0.023331174649538,"16644/94175",1,"Kng1/Hrg"
"BP","GO:0051957","positive regulation of amino acid transport",2,23,75,7231,0.0266666666666667,"2/75","23/7231",8.38376811594203,0.023331174649538,"11540/94245",1,"Adora2a/Dtnbp1"
"BP","GO:1900047","negative regulation of hemostasis",2,23,75,7231,0.0266666666666667,"2/75","23/7231",8.38376811594203,0.023331174649538,"16644/94175",1,"Kng1/Hrg"
"BP","GO:0014047","glutamate secretion",2,24,75,7231,0.0266666666666667,"2/75","24/7231",8.03444444444444,0.0252835740472921,"11540/94245",1,"Adora2a/Dtnbp1"
"BP","GO:0050819","negative regulation of coagulation",2,24,75,7231,0.0266666666666667,"2/75","24/7231",8.03444444444444,0.0252835740472921,"16644/94175",1,"Kng1/Hrg"
"BP","GO:0042311","vasodilation",2,26,75,7231,0.0266666666666667,"2/75","26/7231",7.41641025641026,0.0293796214926829,"16644/11540",1,"Kng1/Adora2a"
"BP","GO:0062197","cellular response to chemical stress",5,169,75,7231,0.0666666666666667,"5/75","169/7231",2.85246548323471,0.0305202767406254,"93734/56449/234371/11699/22068",1,"Mpv17l/Ybx3/Tmem161a/Ambp/Trpc6"
"BP","GO:0014059","regulation of dopamine secretion",2,27,75,7231,0.0266666666666667,"2/75","27/7231",7.14172839506173,0.0315202833731953,"54524/94245",1,"Syt6/Dtnbp1"
"BP","GO:0046513","ceramide biosynthetic process",2,28,75,7231,0.0266666666666667,"2/75","28/7231",6.88666666666667,0.0337207522178982,"20773/54447",1,"Sptlc2/Asah2"
"BP","GO:0051968","positive regulation of synaptic transmission, glutamatergic",2,29,75,7231,0.0266666666666667,"2/75","29/7231",6.64919540229885,0.035979592928078,"11540/94245",1,"Adora2a/Dtnbp1"
"BP","GO:0014046","dopamine secretion",2,30,75,7231,0.0266666666666667,"2/75","30/7231",6.42755555555556,0.0382953930394721,"54524/94245",1,"Syt6/Dtnbp1"
"BP","GO:0051384","response to glucocorticoid",2,30,75,7231,0.0266666666666667,"2/75","30/7231",6.42755555555556,0.0382953930394721,"94284/20606",1,"Ugt1a6a/Sstr2"
"BP","GO:0071478","cellular response to radiation",3,73,75,7231,0.04,"3/75","73/7231",3.96219178082192,0.0397444595689371,"234371/239364/18971",1,"Tmem161a/Tspyl5/Pold1"
"CC","GO:1905360","GTPase complex",2,31,75,7294,0.0266666666666667,"2/75","31/7294",6.27440860215054,0.0400337192190741,"14709/52187",1,"Gng8/Rragd"
"MF","GO:0003682","chromatin binding",6,252,72,7153,0.0833333333333333,"6/72","252/7153",2.36541005291005,0.040628835446528,"20788/71765/239364/18971/20687/494448",1,"Srebf2/Klhdc3/Tspyl5/Pold1/Sp3/Cbx6"
"BP","GO:0030239","myofibril assembly",2,32,75,7231,0.0266666666666667,"2/75","32/7231",6.02583333333333,0.0430923329555731,"11472/225288",1,"Actn2/Fhod3"
"BP","GO:0031960","response to corticosteroid",2,32,75,7231,0.0266666666666667,"2/75","32/7231",6.02583333333333,0.0430923329555731,"94284/20606",1,"Ugt1a6a/Sstr2"
"BP","GO:0032892","positive regulation of organic acid transport",2,32,75,7231,0.0266666666666667,"2/75","32/7231",6.02583333333333,0.0430923329555731,"11540/94245",1,"Adora2a/Dtnbp1"
"BP","GO:0046173","polyol biosynthetic process",2,32,75,7231,0.0266666666666667,"2/75","32/7231",6.02583333333333,0.0430923329555731,"20773/54447",1,"Sptlc2/Asah2"
"BP","GO:0061045","negative regulation of wound healing",2,32,75,7231,0.0266666666666667,"2/75","32/7231",6.02583333333333,0.0430923329555731,"16644/94175",1,"Kng1/Hrg"
"BP","GO:0002443","leukocyte mediated immunity",4,129,75,7231,0.0533333333333333,"4/75","129/7231",2.98956072351421,0.0445140188686391,"16136/13136/12279/76438",1,"Igll1/Cd55/C9/Rftn1"
"BP","GO:0035150","regulation of tube size",3,77,75,7231,0.04,"3/75","77/7231",3.75636363636364,0.0454050130270781,"16644/68268/11540",1,"Kng1/Zdhhc21/Adora2a"
"BP","GO:0035296","regulation of tube diameter",3,77,75,7231,0.04,"3/75","77/7231",3.75636363636364,0.0454050130270781,"16644/68268/11540",1,"Kng1/Zdhhc21/Adora2a"
"BP","GO:0097746","blood vessel diameter maintenance",3,77,75,7231,0.04,"3/75","77/7231",3.75636363636364,0.0454050130270781,"16644/68268/11540",1,"Kng1/Zdhhc21/Adora2a"
"BP","GO:0007200","phospholipase C-activating G protein-coupled receptor signaling pathway",2,33,75,7231,0.0266666666666667,"2/75","33/7231",5.84323232323232,0.0455707582788203,"11472/22353",1,"Actn2/Vip"
"BP","GO:0046634","regulation of alpha-beta T cell activation",2,33,75,7231,0.0266666666666667,"2/75","33/7231",5.84323232323232,0.0455707582788203,"13136/11540",1,"Cd55/Adora2a"
"BP","GO:0051955","regulation of amino acid transport",2,33,75,7231,0.0266666666666667,"2/75","33/7231",5.84323232323232,0.0455707582788203,"11540/94245",1,"Adora2a/Dtnbp1"
"BP","GO:0050878","regulation of body fluid levels",4,132,75,7231,0.0533333333333333,"4/75","132/7231",2.92161616161616,0.0477489077077403,"16644/11540/94175/94245",1,"Kng1/Adora2a/Hrg/Dtnbp1"
"MF","GO:0004527","exonuclease activity",2,35,72,7153,0.0277777777777778,"2/72","35/7153",5.67698412698413,0.0480241907996805,"112403/18971",1,"Dxo/Pold1"
"BP","GO:0022404","molting cycle process",2,34,75,7231,0.0266666666666667,"2/75","34/7231",5.67137254901961,0.0481007134492171,"68268/16206",1,"Zdhhc21/Lrig1"
"BP","GO:0022405","hair cycle process",2,34,75,7231,0.0266666666666667,"2/75","34/7231",5.67137254901961,0.0481007134492171,"68268/16206",1,"Zdhhc21/Lrig1"
"BP","GO:0030193","regulation of blood coagulation",2,34,75,7231,0.0266666666666667,"2/75","34/7231",5.67137254901961,0.0481007134492171,"16644/94175",1,"Kng1/Hrg"
"BP","GO:0055002","striated muscle cell development",2,34,75,7231,0.0266666666666667,"2/75","34/7231",5.67137254901961,0.0481007134492171,"11472/225288",1,"Actn2/Fhod3"
"BP","GO:1900046","regulation of hemostasis",2,34,75,7231,0.0266666666666667,"2/75","34/7231",5.67137254901961,0.0481007134492171,"16644/94175",1,"Kng1/Hrg"
"BP","GO:0046165","alcohol biosynthetic process",3,79,75,7231,0.04,"3/75","79/7231",3.66126582278481,0.0483779618483259,"20788/20773/54447",1,"Srebf2/Sptlc2/Asah2"
"BP","GO:1903037","regulation of leukocyte cell-cell adhesion",4,133,75,7231,0.0533333333333333,"4/75","133/7231",2.89964912280702,0.0488556703221856,"14999/68268/13136/11540",1,"H2-DMb1/Zdhhc21/Cd55/Adora2a"
"BP","GO:0098542","defense response to other organism",8,392,75,7231,0.106666666666667,"8/75","392/7231",1.96761904761905,0.0491586544436471,"16644/13136/22353/94175/106025/12279/14302/76438",1,"Kng1/Cd55/Vip/Hrg/Sharpin/C9/Frk/Rftn1"
"MF","GO:0140767","enzyme-substrate adaptor activity",2,36,72,7153,0.0277777777777778,"2/72","36/7153",5.51929012345679,0.0505254059146081,"66454/71765",1,"Nmnat1/Klhdc3"
"BP","GO:0042303","molting cycle",2,35,75,7231,0.0266666666666667,"2/75","35/7231",5.50933333333333,0.0506808946760448,"68268/16206",1,"Zdhhc21/Lrig1"
"BP","GO:0042633","hair cycle",2,35,75,7231,0.0266666666666667,"2/75","35/7231",5.50933333333333,0.0506808946760448,"68268/16206",1,"Zdhhc21/Lrig1"
"BP","GO:0034614","cellular response to reactive oxygen species",3,81,75,7231,0.04,"3/75","81/7231",3.57086419753086,0.0514446695689218,"93734/11699/22068",1,"Mpv17l/Ambp/Trpc6"
"MF","GO:0001227","DNA-binding transcription repressor activity, RNA polymerase II-specific",2,37,72,7153,0.0277777777777778,"2/72","37/7153",5.37012012012012,0.0530727804702444,"20788/20687",1,"Srebf2/Sp3"
"BP","GO:0006487","protein N-linked glycosylation",2,36,75,7231,0.0266666666666667,"2/75","36/7231",5.3562962962963,0.053310019029257,"20701/20700",1,"Serpina1b/Serpina1a"
"BP","GO:0050818","regulation of coagulation",2,36,75,7231,0.0266666666666667,"2/75","36/7231",5.3562962962963,0.053310019029257,"16644/94175",1,"Kng1/Hrg"
"BP","GO:0034599","cellular response to oxidative stress",4,137,75,7231,0.0533333333333333,"4/75","137/7231",2.81498783454988,0.0534247089048146,"93734/234371/11699/22068",1,"Mpv17l/Tmem161a/Ambp/Trpc6"
"MF","GO:0001217","DNA-binding transcription repressor activity",2,38,72,7153,0.0277777777777778,"2/72","38/7153",5.22880116959064,0.0556651608704517,"20788/20687",1,"Srebf2/Sp3"
"BP","GO:0015872","dopamine transport",2,37,75,7231,0.0266666666666667,"2/75","37/7231",5.21153153153153,0.0559868241565031,"54524/94245",1,"Syt6/Dtnbp1"
"BP","GO:0034103","regulation of tissue remodeling",2,37,75,7231,0.0266666666666667,"2/75","37/7231",5.21153153153153,0.0559868241565031,"11625/94175",1,"Ahsg/Hrg"
"BP","GO:0007596","blood coagulation",3,84,75,7231,0.04,"3/75","84/7231",3.44333333333333,0.0562180699846843,"16644/94175/94245",1,"Kng1/Hrg/Dtnbp1"
"BP","GO:0050817","coagulation",3,85,75,7231,0.04,"3/75","85/7231",3.40282352941176,0.0578548291007967,"16644/94175/94245",1,"Kng1/Hrg/Dtnbp1"
"BP","GO:1902074","response to salt",5,202,75,7231,0.0666666666666667,"5/75","202/7231",2.38646864686469,0.0580037044335026,"20701/54524/20703/20700/20704",1,"Serpina1b/Syt6/Serpina1d/Serpina1a/Serpina1e"
"BP","GO:0008584","male gonad development",2,38,75,7231,0.0266666666666667,"2/75","38/7231",5.07438596491228,0.0587100680036575,"56449/11625",1,"Ybx3/Ahsg"
"BP","GO:0042102","positive regulation of T cell proliferation",2,38,75,7231,0.0266666666666667,"2/75","38/7231",5.07438596491228,0.0587100680036575,"14999/13136",1,"H2-DMb1/Cd55"
"BP","GO:0046546","development of primary male sexual characteristics",2,38,75,7231,0.0266666666666667,"2/75","38/7231",5.07438596491228,0.0587100680036575,"56449/11625",1,"Ybx3/Ahsg"
"BP","GO:0006954","inflammatory response",6,268,75,7231,0.08,"6/75","268/7231",2.15850746268657,0.0587772418941842,"16644/11625/11540/20701/20700/106025",1,"Kng1/Ahsg/Adora2a/Serpina1b/Serpina1a/Sharpin"
"BP","GO:0071214","cellular response to abiotic stimulus",4,142,75,7231,0.0533333333333333,"4/75","142/7231",2.71586854460094,0.0594539862542556,"56449/234371/239364/18971",1,"Ybx3/Tmem161a/Tspyl5/Pold1"
"BP","GO:0104004","cellular response to environmental stimulus",4,142,75,7231,0.0533333333333333,"4/75","142/7231",2.71586854460094,0.0594539862542556,"56449/234371/239364/18971",1,"Ybx3/Tmem161a/Tspyl5/Pold1"
"BP","GO:0007188","adenylate cyclase-modulating G protein-coupled receptor signaling pathway",3,86,75,7231,0.04,"3/75","86/7231",3.36325581395349,0.0595141395397436,"22353/11540/20606",1,"Vip/Adora2a/Sstr2"
"BP","GO:0007599","hemostasis",3,86,75,7231,0.04,"3/75","86/7231",3.36325581395349,0.0595141395397436,"16644/94175/94245",1,"Kng1/Hrg/Dtnbp1"
"CC","GO:0005882","intermediate filament",2,39,75,7294,0.0266666666666667,"2/75","39/7294",4.98735042735043,0.0605484336036476,"73737/11540",1,"Bbln/Adora2a"
"BP","GO:0002252","immune effector process",5,205,75,7231,0.0666666666666667,"5/75","205/7231",2.35154471544715,0.0610355077240416,"14999/16136/13136/12279/76438",1,"H2-DMb1/Igll1/Cd55/C9/Rftn1"
"BP","GO:0002456","T cell mediated immunity",2,39,75,7231,0.0266666666666667,"2/75","39/7231",4.9442735042735,0.0614785285388103,"13136/76438",1,"Cd55/Rftn1"
"BP","GO:0030148","sphingolipid biosynthetic process",2,40,75,7231,0.0266666666666667,"2/75","40/7231",4.82066666666667,0.0642910034796815,"20773/54447",1,"Sptlc2/Asah2"
"MF","GO:0030545","signaling receptor regulator activity",3,92,72,7153,0.0416666666666667,"3/72","92/7153",3.23958333333333,0.0650987679717343,"16644/22353/209268",1,"Kng1/Vip/Igsf1"
"BP","GO:0006766","vitamin metabolic process",2,42,75,7231,0.0266666666666667,"2/75","42/7231",4.59111111111111,0.0700432845857344,"94284/14473",1,"Ugt1a6a/Gc"
"BP","GO:0006939","smooth muscle contraction",2,43,75,7231,0.0266666666666667,"2/75","43/7231",4.48434108527132,0.0729807825283557,"68268/20606",1,"Zdhhc21/Sstr2"
"BP","GO:0019882","antigen processing and presentation",2,43,75,7231,0.0266666666666667,"2/75","43/7231",4.48434108527132,0.0729807825283557,"14999/76438",1,"H2-DMb1/Rftn1"
"BP","GO:0046661","male sex differentiation",2,43,75,7231,0.0266666666666667,"2/75","43/7231",4.48434108527132,0.0729807825283557,"56449/11625",1,"Ybx3/Ahsg"
"BP","GO:0055013","cardiac muscle cell development",2,43,75,7231,0.0266666666666667,"2/75","43/7231",4.48434108527132,0.0729807825283557,"11472/225288",1,"Actn2/Fhod3"
"MF","GO:0020037","heme binding",2,45,72,7153,0.0277777777777778,"2/72","45/7153",4.41543209876543,0.0749788001700319,"11699/94175",1,"Ambp/Hrg"
"BP","GO:2001233","regulation of apoptotic signaling pathway",5,218,75,7231,0.0666666666666667,"5/75","218/7231",2.21131498470948,0.0752041817060168,"93734/56449/234371/11540/11783",1,"Mpv17l/Ybx3/Tmem161a/Adora2a/Apaf1"
"BP","GO:0007159","leukocyte cell-cell adhesion",4,155,75,7231,0.0533333333333333,"4/75","155/7231",2.48808602150538,0.0767564719183577,"14999/68268/13136/11540",1,"H2-DMb1/Zdhhc21/Cd55/Adora2a"
"BP","GO:0006865","amino acid transport",3,96,75,7231,0.04,"3/75","96/7231",3.01291666666667,0.0773099660260401,"11540/94281/94245",1,"Adora2a/Sfxn4/Dtnbp1"
"BP","GO:0034644","cellular response to UV",2,45,75,7231,0.0266666666666667,"2/75","45/7231",4.28503703703704,0.0789728632239635,"234371/18971",1,"Tmem161a/Pold1"
"CC","GO:0031234","extrinsic component of cytoplasmic side of plasma membrane",2,46,75,7294,0.0266666666666667,"2/75","46/7294",4.22840579710145,0.080815334301723,"14709/14302",1,"Gng8/Frk"
"BP","GO:0006672","ceramide metabolic process",2,47,75,7231,0.0266666666666667,"2/75","47/7231",4.10269503546099,0.0851137642966574,"20773/54447",1,"Sptlc2/Asah2"
"BP","GO:0055006","cardiac cell development",2,47,75,7231,0.0266666666666667,"2/75","47/7231",4.10269503546099,0.0851137642966574,"11472/225288",1,"Actn2/Fhod3"
"MF","GO:0046906","tetrapyrrole binding",2,49,72,7153,0.0277777777777778,"2/72","49/7153",4.05498866213152,0.0868393264367819,"11699/94175",1,"Ambp/Hrg"
"BP","GO:0034097","response to cytokine",7,372,75,7231,0.0933333333333333,"7/75","372/7231",1.814229390681,0.0898624343936901,"56449/20701/20703/20700/20704/106025/20714",1,"Ybx3/Serpina1b/Serpina1d/Serpina1a/Serpina1e/Sharpin/Serpina3k"
"BP","GO:1903035","negative regulation of response to wounding",2,49,75,7231,0.0266666666666667,"2/75","49/7231",3.9352380952381,0.0913949849018601,"16644/94175",1,"Kng1/Hrg"
"BP","GO:0007189","adenylate cyclase-activating G protein-coupled receptor signaling pathway",2,50,75,7231,0.0266666666666667,"2/75","50/7231",3.85653333333333,0.0945856350495425,"22353/11540",1,"Vip/Adora2a"
"BP","GO:0050671","positive regulation of lymphocyte proliferation",2,50,75,7231,0.0266666666666667,"2/75","50/7231",3.85653333333333,0.0945856350495425,"14999/13136",1,"H2-DMb1/Cd55"
"MF","GO:0030276","clathrin binding",2,52,72,7153,0.0277777777777778,"2/72","52/7153",3.82104700854701,0.096079428187748,"54524/22068",1,"Syt6/Trpc6"
"MF","GO:0008409","5'-3' exonuclease activity",1,10,72,7153,0.0138888888888889,"1/72","10/7153",9.93472222222222,0.0962758504536194,"112403",1,"Dxo"
"MF","GO:0016505","peptidase activator activity involved in apoptotic process",1,10,72,7153,0.0138888888888889,"1/72","10/7153",9.93472222222222,0.0962758504536194,"11783",1,"Apaf1"
"MF","GO:0051427","hormone receptor binding",1,10,72,7153,0.0138888888888889,"1/72","10/7153",9.93472222222222,0.0962758504536194,"22353",1,"Vip"
"MF","GO:1901681","sulfur compound binding",3,109,72,7153,0.0416666666666667,"3/72","109/7153",2.73432721712538,0.0966771243934915,"11699/94175/54632",1,"Ambp/Hrg/Ftsj1"
"BP","GO:1901617","organic hydroxy compound biosynthetic process",3,106,75,7231,0.04,"3/75","106/7231",2.72867924528302,0.0971610428629569,"20788/20773/54447",1,"Srebf2/Sptlc2/Asah2"
"BP","GO:0032890","regulation of organic acid transport",2,51,75,7231,0.0266666666666667,"2/75","51/7231",3.78091503267974,0.0978083033223551,"11540/94245",1,"Adora2a/Dtnbp1"
"BP","GO:0032946","positive regulation of mononuclear cell proliferation",2,51,75,7231,0.0266666666666667,"2/75","51/7231",3.78091503267974,0.0978083033223551,"14999/13136",1,"H2-DMb1/Cd55"
"BP","GO:0071482","cellular response to light stimulus",2,51,75,7231,0.0266666666666667,"2/75","51/7231",3.78091503267974,0.0978083033223551,"234371/18971",1,"Tmem161a/Pold1"
"CC","GO:0030686","90S preribosome",1,10,75,7294,0.0133333333333333,"1/75","10/7294",9.72533333333333,0.0982524573568783,"230082",1,"Nol6"
"CC","GO:0030894","replisome",1,10,75,7294,0.0133333333333333,"1/75","10/7294",9.72533333333333,0.0982524573568783,"18971",1,"Pold1"
"CC","GO:0043601","nuclear replisome",1,10,75,7294,0.0133333333333333,"1/75","10/7294",9.72533333333333,0.0982524573568783,"18971",1,"Pold1"
"BP","GO:0001829","trophectodermal cell differentiation",1,10,75,7231,0.0133333333333333,"1/75","10/7231",9.64133333333333,0.0990693700227798,"20687",1,"Sp3"
"BP","GO:0006301","postreplication repair",1,10,75,7231,0.0133333333333333,"1/75","10/7231",9.64133333333333,0.0990693700227798,"18971",1,"Pold1"
"BP","GO:0010893","positive regulation of steroid biosynthetic process",1,10,75,7231,0.0133333333333333,"1/75","10/7231",9.64133333333333,0.0990693700227798,"20788",1,"Srebf2"
"BP","GO:0030449","regulation of complement activation",1,10,75,7231,0.0133333333333333,"1/75","10/7231",9.64133333333333,0.0990693700227798,"13136",1,"Cd55"
"BP","GO:0030836","positive regulation of actin filament depolymerization",1,10,75,7231,0.0133333333333333,"1/75","10/7231",9.64133333333333,0.0990693700227798,"11472",1,"Actn2"
"BP","GO:0030953","astral microtubule organization",1,10,75,7231,0.0133333333333333,"1/75","10/7231",9.64133333333333,0.0990693700227798,"83679",1,"Pde4dip"
"BP","GO:0032925","regulation of activin receptor signaling pathway",1,10,75,7231,0.0133333333333333,"1/75","10/7231",9.64133333333333,0.0990693700227798,"209268",1,"Igsf1"
"BP","GO:0034138","toll-like receptor 3 signaling pathway",1,10,75,7231,0.0133333333333333,"1/75","10/7231",9.64133333333333,0.0990693700227798,"76438",1,"Rftn1"
"BP","GO:0042759","long-chain fatty acid biosynthetic process",1,10,75,7231,0.0133333333333333,"1/75","10/7231",9.64133333333333,0.0990693700227798,"54447",1,"Asah2"
"BP","GO:0043201","response to leucine",1,10,75,7231,0.0133333333333333,"1/75","10/7231",9.64133333333333,0.0990693700227798,"52187",1,"Rragd"
"BP","GO:0044241","lipid digestion",1,10,75,7231,0.0133333333333333,"1/75","10/7231",9.64133333333333,0.0990693700227798,"54447",1,"Asah2"
"BP","GO:0045187","regulation of circadian sleep/wake cycle, sleep",1,10,75,7231,0.0133333333333333,"1/75","10/7231",9.64133333333333,0.0990693700227798,"11540",1,"Adora2a"
"BP","GO:0046641","positive regulation of alpha-beta T cell proliferation",1,10,75,7231,0.0133333333333333,"1/75","10/7231",9.64133333333333,0.0990693700227798,"13136",1,"Cd55"
"BP","GO:0071233","cellular response to leucine",1,10,75,7231,0.0133333333333333,"1/75","10/7231",9.64133333333333,0.0990693700227798,"52187",1,"Rragd"
"BP","GO:1901550","regulation of endothelial cell development",1,10,75,7231,0.0133333333333333,"1/75","10/7231",9.64133333333333,0.0990693700227798,"68268",1,"Zdhhc21"
"BP","GO:1903140","regulation of establishment of endothelial barrier",1,10,75,7231,0.0133333333333333,"1/75","10/7231",9.64133333333333,0.0990693700227798,"68268",1,"Zdhhc21"
"BP","GO:2000009","negative regulation of protein localization to cell surface",1,10,75,7231,0.0133333333333333,"1/75","10/7231",9.64133333333333,0.0990693700227798,"11472",1,"Actn2"
"BP","GO:2000516","positive regulation of CD4-positive, alpha-beta T cell activation",1,10,75,7231,0.0133333333333333,"1/75","10/7231",9.64133333333333,0.0990693700227798,"13136",1,"Cd55"
"BP","GO:0046631","alpha-beta T cell activation",2,52,75,7231,0.0266666666666667,"2/75","52/7231",3.70820512820513,0.10106200436458,"13136/11540",1,"Cd55/Adora2a"
"BP","GO:0009101","glycoprotein biosynthetic process",3,108,75,7231,0.04,"3/75","108/7231",2.67814814814815,0.101360081643608,"56846/20701/20700",1,"Necab3/Serpina1b/Serpina1a"
"BP","GO:0022414","reproductive process",8,459,75,7231,0.106666666666667,"8/75","459/7231",1.680406681191,0.101526979652774,"56449/11625/22353/71765/59083/54524/22068/20687",1,"Ybx3/Ahsg/Vip/Klhdc3/Fetub/Syt6/Trpc6/Sp3"
"BP","GO:0000302","response to reactive oxygen species",3,109,75,7231,0.04,"3/75","109/7231",2.65357798165138,0.103486814141707,"93734/11699/22068",1,"Mpv17l/Ambp/Trpc6"
"BP","GO:0015800","acidic amino acid transport",2,53,75,7231,0.0266666666666667,"2/75","53/7231",3.63823899371069,0.104345769320415,"11540/94245",1,"Adora2a/Dtnbp1"
"MF","GO:0001618","virus receptor activity",1,11,72,7153,0.0138888888888889,"1/72","11/7153",9.03156565656566,0.105385207693902,"13136",1,"Cd55"
"MF","GO:0016408","C-acyltransferase activity",1,11,72,7153,0.0138888888888889,"1/72","11/7153",9.03156565656566,0.105385207693902,"20773",1,"Sptlc2"
"MF","GO:0019706","protein-cysteine S-palmitoyltransferase activity",1,11,72,7153,0.0138888888888889,"1/72","11/7153",9.03156565656566,0.105385207693902,"68268",1,"Zdhhc21"
"MF","GO:0019707","protein-cysteine S-acyltransferase activity",1,11,72,7153,0.0138888888888889,"1/72","11/7153",9.03156565656566,0.105385207693902,"68268",1,"Zdhhc21"
"MF","GO:0030547","signaling receptor inhibitor activity",1,11,72,7153,0.0138888888888889,"1/72","11/7153",9.03156565656566,0.105385207693902,"209268",1,"Igsf1"
"MF","GO:0033764","steroid dehydrogenase activity, acting on the CH-OH group of donors, NAD or NADP as acceptor",1,11,72,7153,0.0138888888888889,"1/72","11/7153",9.03156565656566,0.105385207693902,"192970",1,"Dhrs11"
"MF","GO:0035256","G protein-coupled glutamate receptor binding",1,11,72,7153,0.0138888888888889,"1/72","11/7153",9.03156565656566,0.105385207693902,"11540",1,"Adora2a"
"BP","GO:0003018","vascular process in circulatory system",3,110,75,7231,0.04,"3/75","110/7231",2.62945454545455,0.105631396531097,"16644/68268/11540",1,"Kng1/Zdhhc21/Adora2a"
"CC","GO:1903561","extracellular vesicle",2,54,75,7294,0.0266666666666667,"2/75","54/7294",3.60197530864198,0.106116557913241,"54447/238023",1,"Asah2/Hexd"
"CC","GO:0032993","protein-DNA complex",6,317,75,7294,0.08,"6/75","317/7294",1.8407570977918,0.106635990655966,"66454/71765/239364/18971/20687/494448",1,"Nmnat1/Klhdc3/Tspyl5/Pold1/Sp3/Cbx6"
"BP","GO:0000003","reproduction",8,465,75,7231,0.106666666666667,"8/75","465/7231",1.65872401433692,0.107358075051181,"56449/11625/22353/71765/59083/54524/22068/20687",1,"Ybx3/Ahsg/Vip/Klhdc3/Fetub/Syt6/Trpc6/Sp3"
"CC","GO:0000137","Golgi cis cisterna",1,11,75,7294,0.0133333333333333,"1/75","11/7294",8.84121212121212,0.107537337326432,"56846",1,"Necab3"
"BP","GO:0019751","polyol metabolic process",2,54,75,7231,0.0266666666666667,"2/75","54/7231",3.57086419753086,0.107658645605307,"20773/54447",1,"Sptlc2/Asah2"
"BP","GO:0002369","T cell cytokine production",1,11,75,7231,0.0133333333333333,"1/75","11/7231",8.76484848484849,0.108426771663591,"13136",1,"Cd55"
"BP","GO:0002504","antigen processing and presentation of peptide or polysaccharide antigen via MHC class II",1,11,75,7231,0.0133333333333333,"1/75","11/7231",8.76484848484849,0.108426771663591,"14999",1,"H2-DMb1"
"BP","GO:0007271","synaptic transmission, cholinergic",1,11,75,7231,0.0133333333333333,"1/75","11/7231",8.76484848484849,0.108426771663591,"11540",1,"Adora2a"
"BP","GO:0007340","acrosome reaction",1,11,75,7231,0.0133333333333333,"1/75","11/7231",8.76484848484849,0.108426771663591,"54524",1,"Syt6"
"BP","GO:0018230","peptidyl-L-cysteine S-palmitoylation",1,11,75,7231,0.0133333333333333,"1/75","11/7231",8.76484848484849,0.108426771663591,"68268",1,"Zdhhc21"
"BP","GO:0018231","peptidyl-S-diacylglycerol-L-cysteine biosynthetic process from peptidyl-cysteine",1,11,75,7231,0.0133333333333333,"1/75","11/7231",8.76484848484849,0.108426771663591,"68268",1,"Zdhhc21"
"BP","GO:0042537","benzene-containing compound metabolic process",1,11,75,7231,0.0133333333333333,"1/75","11/7231",8.76484848484849,0.108426771663591,"94284",1,"Ugt1a6a"
"BP","GO:0042749","regulation of circadian sleep/wake cycle",1,11,75,7231,0.0133333333333333,"1/75","11/7231",8.76484848484849,0.108426771663591,"11540",1,"Adora2a"
"BP","GO:0042983","amyloid precursor protein biosynthetic process",1,11,75,7231,0.0133333333333333,"1/75","11/7231",8.76484848484849,0.108426771663591,"56846",1,"Necab3"
"BP","GO:0042984","regulation of amyloid precursor protein biosynthetic process",1,11,75,7231,0.0133333333333333,"1/75","11/7231",8.76484848484849,0.108426771663591,"56846",1,"Necab3"
"BP","GO:0046636","negative regulation of alpha-beta T cell activation",1,11,75,7231,0.0133333333333333,"1/75","11/7231",8.76484848484849,0.108426771663591,"11540",1,"Adora2a"
"BP","GO:0046794","transport of virus",1,11,75,7231,0.0133333333333333,"1/75","11/7231",8.76484848484849,0.108426771663591,"52009",1,"Jpt2"
"BP","GO:0048143","astrocyte activation",1,11,75,7231,0.0133333333333333,"1/75","11/7231",8.76484848484849,0.108426771663591,"11540",1,"Adora2a"
"BP","GO:0060546","negative regulation of necroptotic process",1,11,75,7231,0.0133333333333333,"1/75","11/7231",8.76484848484849,0.108426771663591,"56449",1,"Ybx3"
"BP","GO:0071474","cellular hyperosmotic response",1,11,75,7231,0.0133333333333333,"1/75","11/7231",8.76484848484849,0.108426771663591,"56449",1,"Ybx3"
"BP","GO:0099011","neuronal dense core vesicle exocytosis",1,11,75,7231,0.0133333333333333,"1/75","11/7231",8.76484848484849,0.108426771663591,"54524",1,"Syt6"
"BP","GO:1903427","negative regulation of reactive oxygen species biosynthetic process",1,11,75,7231,0.0133333333333333,"1/75","11/7231",8.76484848484849,0.108426771663591,"93734",1,"Mpv17l"
"BP","GO:1904994","regulation of leukocyte adhesion to vascular endothelial cell",1,11,75,7231,0.0133333333333333,"1/75","11/7231",8.76484848484849,0.108426771663591,"68268",1,"Zdhhc21"
"BP","GO:0046467","membrane lipid biosynthetic process",2,55,75,7231,0.0266666666666667,"2/75","55/7231",3.50593939393939,0.110999696680165,"20773/54447",1,"Sptlc2/Asah2"
"BP","GO:0050728","negative regulation of inflammatory response",2,56,75,7231,0.0266666666666667,"2/75","56/7231",3.44333333333333,0.114368001828393,"11540/106025",1,"Adora2a/Sharpin"
"BP","GO:0061041","regulation of wound healing",2,56,75,7231,0.0266666666666667,"2/75","56/7231",3.44333333333333,0.114368001828393,"16644/94175",1,"Kng1/Hrg"
"MF","GO:0008171","O-methyltransferase activity",1,12,72,7153,0.0138888888888889,"1/72","12/7153",8.27893518518519,0.114404007056271,"54632",1,"Ftsj1"
"MF","GO:0008175","tRNA methyltransferase activity",1,12,72,7153,0.0138888888888889,"1/72","12/7153",8.27893518518519,0.114404007056271,"54632",1,"Ftsj1"
"MF","GO:0016229","steroid dehydrogenase activity",1,12,72,7153,0.0138888888888889,"1/72","12/7153",8.27893518518519,0.114404007056271,"192970",1,"Dhrs11"
"MF","GO:0043395","heparan sulfate proteoglycan binding",1,12,72,7153,0.0138888888888889,"1/72","12/7153",8.27893518518519,0.114404007056271,"94175",1,"Hrg"
"MF","GO:0090482","vitamin transmembrane transporter activity",1,12,72,7153,0.0138888888888889,"1/72","12/7153",8.27893518518519,0.114404007056271,"14473",1,"Gc"
"CC","GO:0005828","kinetochore microtubule",1,12,75,7294,0.0133333333333333,"1/75","12/7294",8.10444444444444,0.116727876898109,"73737",1,"Bbln"
"CC","GO:0070847","core mediator complex",1,12,75,7294,0.0133333333333333,"1/75","12/7294",8.10444444444444,0.116727876898109,"26896",1,"Med14"
"BP","GO:0001779","natural killer cell differentiation",1,12,75,7231,0.0133333333333333,"1/75","12/7231",8.03444444444444,0.117688266417778,"20687",1,"Sp3"
"BP","GO:0002347","response to tumor cell",1,12,75,7231,0.0133333333333333,"1/75","12/7231",8.03444444444444,0.117688266417778,"94175",1,"Hrg"
"BP","GO:0002478","antigen processing and presentation of exogenous peptide antigen",1,12,75,7231,0.0133333333333333,"1/75","12/7231",8.03444444444444,0.117688266417778,"14999",1,"H2-DMb1"
"BP","GO:0006744","ubiquinone biosynthetic process",1,12,75,7231,0.0133333333333333,"1/75","12/7231",8.03444444444444,0.117688266417778,"227683",1,"Coq4"
"BP","GO:0009110","vitamin biosynthetic process",1,12,75,7231,0.0133333333333333,"1/75","12/7231",8.03444444444444,0.117688266417778,"94284",1,"Ugt1a6a"
"BP","GO:0010039","response to iron ion",1,12,75,7231,0.0133333333333333,"1/75","12/7231",8.03444444444444,0.117688266417778,"94175",1,"Hrg"
"BP","GO:0010623","programmed cell death involved in cell development",1,12,75,7231,0.0133333333333333,"1/75","12/7231",8.03444444444444,0.117688266417778,"56449",1,"Ybx3"
"BP","GO:0014829","vascular associated smooth muscle contraction",1,12,75,7231,0.0133333333333333,"1/75","12/7231",8.03444444444444,0.117688266417778,"68268",1,"Zdhhc21"
"BP","GO:0015874","norepinephrine transport",1,12,75,7231,0.0133333333333333,"1/75","12/7231",8.03444444444444,0.117688266417778,"11540",1,"Adora2a"
"BP","GO:0020027","hemoglobin metabolic process",1,12,75,7231,0.0133333333333333,"1/75","12/7231",8.03444444444444,0.117688266417778,"11699",1,"Ambp"
"BP","GO:0031000","response to caffeine",1,12,75,7231,0.0133333333333333,"1/75","12/7231",8.03444444444444,0.117688266417778,"11540",1,"Adora2a"
"BP","GO:0031076","embryonic camera-type eye development",1,12,75,7231,0.0133333333333333,"1/75","12/7231",8.03444444444444,0.117688266417778,"20687",1,"Sp3"
"BP","GO:0032230","positive regulation of synaptic transmission, GABAergic",1,12,75,7231,0.0133333333333333,"1/75","12/7231",8.03444444444444,0.117688266417778,"11540",1,"Adora2a"
"BP","GO:0032924","activin receptor signaling pathway",1,12,75,7231,0.0133333333333333,"1/75","12/7231",8.03444444444444,0.117688266417778,"209268",1,"Igsf1"
"BP","GO:0050802","circadian sleep/wake cycle, sleep",1,12,75,7231,0.0133333333333333,"1/75","12/7231",8.03444444444444,0.117688266417778,"11540",1,"Adora2a"
"BP","GO:0062099","negative regulation of programmed necrotic cell death",1,12,75,7231,0.0133333333333333,"1/75","12/7231",8.03444444444444,0.117688266417778,"56449",1,"Ybx3"
"BP","GO:0072525","pyridine-containing compound biosynthetic process",1,12,75,7231,0.0133333333333333,"1/75","12/7231",8.03444444444444,0.117688266417778,"66454",1,"Nmnat1"
"BP","GO:0090205","positive regulation of cholesterol metabolic process",1,12,75,7231,0.0133333333333333,"1/75","12/7231",8.03444444444444,0.117688266417778,"20788",1,"Srebf2"
"BP","GO:1901017","negative regulation of potassium ion transmembrane transporter activity",1,12,75,7231,0.0133333333333333,"1/75","12/7231",8.03444444444444,0.117688266417778,"11472",1,"Actn2"
"BP","GO:1902230","negative regulation of intrinsic apoptotic signaling pathway in response to DNA damage",1,12,75,7231,0.0133333333333333,"1/75","12/7231",8.03444444444444,0.117688266417778,"234371",1,"Tmem161a"
"BP","GO:0055007","cardiac muscle cell differentiation",2,57,75,7231,0.0266666666666667,"2/75","57/7231",3.38292397660819,0.117762655935741,"11472/225288",1,"Actn2/Fhod3"
"CC","GO:0043230","extracellular organelle",2,58,75,7294,0.0266666666666667,"2/75","58/7294",3.3535632183908,0.119472537383724,"54447/238023",1,"Asah2/Hexd"
"CC","GO:0065010","extracellular membrane-bounded organelle",2,58,75,7294,0.0266666666666667,"2/75","58/7294",3.3535632183908,0.119472537383724,"54447/238023",1,"Asah2/Hexd"
"BP","GO:0050778","positive regulation of immune response",5,252,75,7231,0.0666666666666667,"5/75","252/7231",1.91296296296296,0.119936128110333,"14999/13136/94175/12279/76438",1,"H2-DMb1/Cd55/Hrg/C9/Rftn1"
"MF","GO:0008528","G protein-coupled peptide receptor activity",1,13,72,7153,0.0138888888888889,"1/72","13/7153",7.64209401709402,0.123333136238732,"20606",1,"Sstr2"
"MF","GO:0140272","exogenous protein binding",1,13,72,7153,0.0138888888888889,"1/72","13/7153",7.64209401709402,0.123333136238732,"13136",1,"Cd55"
"CC","GO:0009898","cytoplasmic side of plasma membrane",3,119,75,7294,0.04,"3/75","119/7294",2.45176470588235,0.123348269179856,"14709/54524/14302",1,"Gng8/Syt6/Frk"
"BP","GO:2001243","negative regulation of intrinsic apoptotic signaling pathway",2,59,75,7231,0.0266666666666667,"2/75","59/7231",3.26824858757062,0.124627467280905,"56449/234371",1,"Ybx3/Tmem161a"
"MF","GO:0016779","nucleotidyltransferase activity",2,61,72,7153,0.0277777777777778,"2/72","61/7153",3.25728597449909,0.125311990315819,"66454/18971",1,"Nmnat1/Pold1"
"CC","GO:0005767","secondary lysosome",1,13,75,7294,0.0133333333333333,"1/75","13/7294",7.48102564102564,0.125825021807837,"94175",1,"Hrg"
"CC","GO:0031082","BLOC complex",1,13,75,7294,0.0133333333333333,"1/75","13/7294",7.48102564102564,0.125825021807837,"94245",1,"Dtnbp1"
"CC","GO:0031083","BLOC-1 complex",1,13,75,7294,0.0133333333333333,"1/75","13/7294",7.48102564102564,0.125825021807837,"94245",1,"Dtnbp1"
"CC","GO:0098871","postsynaptic actin cytoskeleton",1,13,75,7294,0.0133333333333333,"1/75","13/7294",7.48102564102564,0.125825021807837,"11472",1,"Actn2"
"CC","GO:0045111","intermediate filament cytoskeleton",2,60,75,7294,0.0266666666666667,"2/75","60/7294",3.24177777777778,0.126301536605709,"73737/11540",1,"Bbln/Adora2a"
"BP","GO:0001975","response to amphetamine",1,13,75,7231,0.0133333333333333,"1/75","13/7231",7.41641025641026,0.126854824115335,"11540",1,"Adora2a"
"BP","GO:0007205","protein kinase C-activating G protein-coupled receptor signaling pathway",1,13,75,7231,0.0133333333333333,"1/75","13/7231",7.41641025641026,0.126854824115335,"11540",1,"Adora2a"
"BP","GO:0019731","antibacterial humoral response",1,13,75,7231,0.0133333333333333,"1/75","13/7231",7.41641025641026,0.126854824115335,"22353",1,"Vip"
"BP","GO:0022410","circadian sleep/wake cycle process",1,13,75,7231,0.0133333333333333,"1/75","13/7231",7.41641025641026,0.126854824115335,"11540",1,"Adora2a"
"BP","GO:0032620","interleukin-17 production",1,13,75,7231,0.0133333333333333,"1/75","13/7231",7.41641025641026,0.126854824115335,"76438",1,"Rftn1"
"BP","GO:0032660","regulation of interleukin-17 production",1,13,75,7231,0.0133333333333333,"1/75","13/7231",7.41641025641026,0.126854824115335,"76438",1,"Rftn1"
"BP","GO:0035795","negative regulation of mitochondrial membrane permeability",1,13,75,7231,0.0133333333333333,"1/75","13/7231",7.41641025641026,0.126854824115335,"93734",1,"Mpv17l"
"BP","GO:0043116","negative regulation of vascular permeability",1,13,75,7231,0.0133333333333333,"1/75","13/7231",7.41641025641026,0.126854824115335,"11540",1,"Adora2a"
"BP","GO:0045109","intermediate filament organization",1,13,75,7231,0.0133333333333333,"1/75","13/7231",7.41641025641026,0.126854824115335,"73737",1,"Bbln"
"BP","GO:0045940","positive regulation of steroid metabolic process",1,13,75,7231,0.0133333333333333,"1/75","13/7231",7.41641025641026,0.126854824115335,"20788",1,"Srebf2"
"BP","GO:0046514","ceramide catabolic process",1,13,75,7231,0.0133333333333333,"1/75","13/7231",7.41641025641026,0.126854824115335,"54447",1,"Asah2"
"BP","GO:0060134","prepulse inhibition",1,13,75,7231,0.0133333333333333,"1/75","13/7231",7.41641025641026,0.126854824115335,"11540",1,"Adora2a"
"BP","GO:0060155","platelet dense granule organization",1,13,75,7231,0.0133333333333333,"1/75","13/7231",7.41641025641026,0.126854824115335,"94245",1,"Dtnbp1"
"BP","GO:0061000","negative regulation of dendritic spine development",1,13,75,7231,0.0133333333333333,"1/75","13/7231",7.41641025641026,0.126854824115335,"94245",1,"Dtnbp1"
"BP","GO:0071027","nuclear RNA surveillance",1,13,75,7231,0.0133333333333333,"1/75","13/7231",7.41641025641026,0.126854824115335,"112403",1,"Dxo"
"BP","GO:0071480","cellular response to gamma radiation",1,13,75,7231,0.0133333333333333,"1/75","13/7231",7.41641025641026,0.126854824115335,"239364",1,"Tspyl5"
"BP","GO:1900746","regulation of vascular endothelial growth factor signaling pathway",1,13,75,7231,0.0133333333333333,"1/75","13/7231",7.41641025641026,0.126854824115335,"94175",1,"Hrg"
"BP","GO:1901663","quinone biosynthetic process",1,13,75,7231,0.0133333333333333,"1/75","13/7231",7.41641025641026,0.126854824115335,"227683",1,"Coq4"
"BP","GO:1990504","dense core granule exocytosis",1,13,75,7231,0.0133333333333333,"1/75","13/7231",7.41641025641026,0.126854824115335,"54524",1,"Syt6"
"BP","GO:0070665","positive regulation of leukocyte proliferation",2,60,75,7231,0.0266666666666667,"2/75","60/7231",3.21377777777778,0.128095890359078,"14999/13136",1,"H2-DMb1/Cd55"
"BP","GO:0032102","negative regulation of response to external stimulus",4,188,75,7231,0.0533333333333333,"4/75","188/7231",2.0513475177305,0.130512382525667,"16644/11540/94175/106025",1,"Kng1/Adora2a/Hrg/Sharpin"
"BP","GO:0006835","dicarboxylic acid transport",2,61,75,7231,0.0266666666666667,"2/75","61/7231",3.16109289617486,0.131587193655861,"11540/94245",1,"Adora2a/Dtnbp1"
"BP","GO:0050727","regulation of inflammatory response",3,122,75,7231,0.04,"3/75","122/7231",2.37081967213115,0.132677355343975,"11625/11540/106025",1,"Ahsg/Adora2a/Sharpin"
"CC","GO:0016592","mediator complex",1,14,75,7294,0.0133333333333333,"1/75","14/7294",6.94666666666667,0.1348297084394,"26896",1,"Med14"
"CC","GO:0030670","phagocytic vesicle membrane",1,14,75,7294,0.0133333333333333,"1/75","14/7294",6.94666666666667,0.1348297084394,"94175",1,"Hrg"
"CC","GO:0031462","Cul2-RING ubiquitin ligase complex",1,14,75,7294,0.0133333333333333,"1/75","14/7294",6.94666666666667,0.1348297084394,"71765",1,"Klhdc3"
"CC","GO:0030016","myofibril",3,124,75,7294,0.04,"3/75","124/7294",2.35290322580645,0.134873456443154,"11472/83679/225288",1,"Actn2/Pde4dip/Fhod3"
"BP","GO:0051966","regulation of synaptic transmission, glutamatergic",2,62,75,7231,0.0266666666666667,"2/75","62/7231",3.11010752688172,0.135100546862121,"11540/94245",1,"Adora2a/Dtnbp1"
"BP","GO:2000241","regulation of reproductive process",2,62,75,7231,0.0266666666666667,"2/75","62/7231",3.11010752688172,0.135100546862121,"56449/22353",1,"Ybx3/Vip"
"MF","GO:0004930","G protein-coupled receptor activity",2,64,72,7153,0.0277777777777778,"2/72","64/7153",3.10460069444444,0.13548495692807,"11540/20606",1,"Adora2a/Sstr2"
"BP","GO:0002920","regulation of humoral immune response",1,14,75,7231,0.0133333333333333,"1/75","14/7231",6.88666666666667,0.135927404912141,"13136",1,"Cd55"
"BP","GO:0006775","fat-soluble vitamin metabolic process",1,14,75,7231,0.0133333333333333,"1/75","14/7231",6.88666666666667,0.135927404912141,"14473",1,"Gc"
"BP","GO:0014075","response to amine",1,14,75,7231,0.0133333333333333,"1/75","14/7231",6.88666666666667,0.135927404912141,"11540",1,"Adora2a"
"BP","GO:0030431","sleep",1,14,75,7231,0.0133333333333333,"1/75","14/7231",6.88666666666667,0.135927404912141,"11540",1,"Adora2a"
"BP","GO:0038166","angiotensin-activated signaling pathway",1,14,75,7231,0.0133333333333333,"1/75","14/7231",6.88666666666667,0.135927404912141,"11472",1,"Actn2"
"BP","GO:0045601","regulation of endothelial cell differentiation",1,14,75,7231,0.0133333333333333,"1/75","14/7231",6.88666666666667,0.135927404912141,"68268",1,"Zdhhc21"
"BP","GO:0048641","regulation of skeletal muscle tissue development",1,14,75,7231,0.0133333333333333,"1/75","14/7231",6.88666666666667,0.135927404912141,"56449",1,"Ybx3"
"BP","GO:1901018","positive regulation of potassium ion transmembrane transporter activity",1,14,75,7231,0.0133333333333333,"1/75","14/7231",6.88666666666667,0.135927404912141,"11472",1,"Actn2"
"BP","GO:1901380","negative regulation of potassium ion transmembrane transport",1,14,75,7231,0.0133333333333333,"1/75","14/7231",6.88666666666667,0.135927404912141,"11472",1,"Actn2"
"BP","GO:1901881","positive regulation of protein depolymerization",1,14,75,7231,0.0133333333333333,"1/75","14/7231",6.88666666666667,0.135927404912141,"11472",1,"Actn2"
"BP","GO:1902547","regulation of cellular response to vascular endothelial growth factor stimulus",1,14,75,7231,0.0133333333333333,"1/75","14/7231",6.88666666666667,0.135927404912141,"94175",1,"Hrg"
"BP","GO:1902932","positive regulation of alcohol biosynthetic process",1,14,75,7231,0.0133333333333333,"1/75","14/7231",6.88666666666667,0.135927404912141,"20788",1,"Srebf2"
"BP","GO:1905709","negative regulation of membrane permeability",1,14,75,7231,0.0133333333333333,"1/75","14/7231",6.88666666666667,0.135927404912141,"93734",1,"Mpv17l"
"BP","GO:0065004","protein-DNA complex assembly",2,63,75,7231,0.0266666666666667,"2/75","63/7231",3.06074074074074,0.138635134007139,"26896/239364",1,"Med14/Tspyl5"
"BP","GO:0014070","response to organic cyclic compound",6,339,75,7231,0.08,"6/75","339/7231",1.70643067846608,0.138654639028823,"11540/94175/94284/94245/20606/76438",1,"Adora2a/Hrg/Ugt1a6a/Dtnbp1/Sstr2/Rftn1"
"BP","GO:0043207","response to external biotic stimulus",8,495,75,7231,0.106666666666667,"8/75","495/7231",1.55819528619529,0.139255965258667,"16644/13136/22353/94175/106025/12279/14302/76438",1,"Kng1/Cd55/Vip/Hrg/Sharpin/C9/Frk/Rftn1"
"BP","GO:0051707","response to other organism",8,495,75,7231,0.106666666666667,"8/75","495/7231",1.55819528619529,0.139255965258667,"16644/13136/22353/94175/106025/12279/14302/76438",1,"Kng1/Cd55/Vip/Hrg/Sharpin/C9/Frk/Rftn1"
"MF","GO:0016417","S-acyltransferase activity",1,15,72,7153,0.0138888888888889,"1/72","15/7153",6.62314814814815,0.140925892044687,"68268",1,"Zdhhc21"
"MF","GO:0017025","TBP-class protein binding",1,15,72,7153,0.0138888888888889,"1/72","15/7153",6.62314814814815,0.140925892044687,"67088",1,"Cand2"
"MF","GO:0031681","G-protein beta-subunit binding",1,15,72,7153,0.0138888888888889,"1/72","15/7153",6.62314814814815,0.140925892044687,"14709",1,"Gng8"
"BP","GO:0007162","negative regulation of cell adhesion",3,126,75,7231,0.04,"3/75","126/7231",2.29555555555556,0.142189376998379,"16644/11540/94175",1,"Kng1/Adora2a/Hrg"
"BP","GO:0008202","steroid metabolic process",3,127,75,7231,0.04,"3/75","127/7231",2.27748031496063,0.144602942611278,"20788/192970/14473",1,"Srebf2/Dhrs11/Gc"
"BP","GO:0006684","sphingomyelin metabolic process",1,15,75,7231,0.0133333333333333,"1/75","15/7231",6.42755555555556,0.144906959385134,"20773",1,"Sptlc2"
"BP","GO:0006743","ubiquinone metabolic process",1,15,75,7231,0.0133333333333333,"1/75","15/7231",6.42755555555556,0.144906959385134,"227683",1,"Coq4"
"BP","GO:0006972","hyperosmotic response",1,15,75,7231,0.0133333333333333,"1/75","15/7231",6.42755555555556,0.144906959385134,"56449",1,"Ybx3"
"BP","GO:0010800","positive regulation of peptidyl-threonine phosphorylation",1,15,75,7231,0.0133333333333333,"1/75","15/7231",6.42755555555556,0.144906959385134,"22068",1,"Trpc6"
"BP","GO:0019884","antigen processing and presentation of exogenous antigen",1,15,75,7231,0.0133333333333333,"1/75","15/7231",6.42755555555556,0.144906959385134,"14999",1,"H2-DMb1"
"BP","GO:0030851","granulocyte differentiation",1,15,75,7231,0.0133333333333333,"1/75","15/7231",6.42755555555556,0.144906959385134,"20687",1,"Sp3"
"BP","GO:0031579","membrane raft organization",1,15,75,7231,0.0133333333333333,"1/75","15/7231",6.42755555555556,0.144906959385134,"76438",1,"Rftn1"
"BP","GO:0032355","response to estradiol",1,15,75,7231,0.0133333333333333,"1/75","15/7231",6.42755555555556,0.144906959385134,"20606",1,"Sstr2"
"BP","GO:0032369","negative regulation of lipid transport",1,15,75,7231,0.0133333333333333,"1/75","15/7231",6.42755555555556,0.144906959385134,"20788",1,"Srebf2"
"BP","GO:0035767","endothelial cell chemotaxis",1,15,75,7231,0.0133333333333333,"1/75","15/7231",6.42755555555556,0.144906959385134,"94175",1,"Hrg"
"BP","GO:0042730","fibrinolysis",1,15,75,7231,0.0133333333333333,"1/75","15/7231",6.42755555555556,0.144906959385134,"94175",1,"Hrg"
"BP","GO:0045005","DNA-templated DNA replication maintenance of fidelity",1,15,75,7231,0.0133333333333333,"1/75","15/7231",6.42755555555556,0.144906959385134,"18971",1,"Pold1"
"BP","GO:0045540","regulation of cholesterol biosynthetic process",1,15,75,7231,0.0133333333333333,"1/75","15/7231",6.42755555555556,0.144906959385134,"20788",1,"Srebf2"
"BP","GO:0051180","vitamin transport",1,15,75,7231,0.0133333333333333,"1/75","15/7231",6.42755555555556,0.144906959385134,"14473",1,"Gc"
"BP","GO:0071875","adrenergic receptor signaling pathway",1,15,75,7231,0.0133333333333333,"1/75","15/7231",6.42755555555556,0.144906959385134,"68268",1,"Zdhhc21"
"BP","GO:0106118","regulation of sterol biosynthetic process",1,15,75,7231,0.0133333333333333,"1/75","15/7231",6.42755555555556,0.144906959385134,"20788",1,"Srebf2"
"BP","GO:1901028","regulation of mitochondrial outer membrane permeabilization involved in apoptotic signaling pathway",1,15,75,7231,0.0133333333333333,"1/75","15/7231",6.42755555555556,0.144906959385134,"93734",1,"Mpv17l"
"BP","GO:0043266","regulation of potassium ion transport",2,65,75,7231,0.0266666666666667,"2/75","65/7231",2.9665641025641,0.145764816716478,"11472/22353",1,"Actn2/Vip"
"BP","GO:0022407","regulation of cell-cell adhesion",4,198,75,7231,0.0533333333333333,"4/75","198/7231",1.94774410774411,0.149279666327243,"14999/68268/13136/11540",1,"H2-DMb1/Zdhhc21/Cd55/Adora2a"
"BP","GO:0010927","cellular component assembly involved in morphogenesis",2,66,75,7231,0.0266666666666667,"2/75","66/7231",2.92161616161616,0.149358350231084,"11472/225288",1,"Actn2/Fhod3"
"BP","GO:0042129","regulation of T cell proliferation",2,66,75,7231,0.0266666666666667,"2/75","66/7231",2.92161616161616,0.149358350231084,"14999/13136",1,"H2-DMb1/Cd55"
"BP","GO:0048041","focal adhesion assembly",2,66,75,7231,0.0266666666666667,"2/75","66/7231",2.92161616161616,0.149358350231084,"11472/94175",1,"Actn2/Hrg"
"BP","GO:0048839","inner ear development",2,66,75,7231,0.0266666666666667,"2/75","66/7231",2.92161616161616,0.149358350231084,"235312/16206",1,"C1qtnf5/Lrig1"
"BP","GO:0071356","cellular response to tumor necrosis factor",2,66,75,7231,0.0266666666666667,"2/75","66/7231",2.92161616161616,0.149358350231084,"56449/106025",1,"Ybx3/Sharpin"
"MF","GO:0001653","peptide receptor activity",1,16,72,7153,0.0138888888888889,"1/72","16/7153",6.20920138888889,0.149591251497305,"20606",1,"Sstr2"
"MF","GO:0051393","alpha-actinin binding",1,16,72,7153,0.0138888888888889,"1/72","16/7153",6.20920138888889,0.149591251497305,"11540",1,"Adora2a"
"MF","GO:0070566","adenylyltransferase activity",1,16,72,7153,0.0138888888888889,"1/72","16/7153",6.20920138888889,0.149591251497305,"66454",1,"Nmnat1"
"CC","GO:0005921","gap junction",1,16,75,7294,0.0133333333333333,"1/75","16/7294",6.07833333333333,0.152565406188802,"56449",1,"Ybx3"
"CC","GO:0031519","PcG protein complex",1,16,75,7294,0.0133333333333333,"1/75","16/7294",6.07833333333333,0.152565406188802,"494448",1,"Cbx6"
"BP","GO:0006665","sphingolipid metabolic process",2,67,75,7231,0.0266666666666667,"2/75","67/7231",2.87800995024876,0.15296999319474,"20773/54447",1,"Sptlc2/Asah2"
"BP","GO:0042742","defense response to bacterium",2,67,75,7231,0.0266666666666667,"2/75","67/7231",2.87800995024876,0.15296999319474,"22353/106025",1,"Vip/Sharpin"
"BP","GO:0007339","binding of sperm to zona pellucida",1,16,75,7231,0.0133333333333333,"1/75","16/7231",6.02583333333333,0.153794428626558,"59083",1,"Fetub"
"BP","GO:0030194","positive regulation of blood coagulation",1,16,75,7231,0.0133333333333333,"1/75","16/7231",6.02583333333333,0.153794428626558,"94175",1,"Hrg"
"BP","GO:0042745","circadian sleep/wake cycle",1,16,75,7231,0.0133333333333333,"1/75","16/7231",6.02583333333333,0.153794428626558,"11540",1,"Adora2a"
"BP","GO:0050829","defense response to Gram-negative bacterium",1,16,75,7231,0.0133333333333333,"1/75","16/7231",6.02583333333333,0.153794428626558,"22353",1,"Vip"
"BP","GO:0060080","inhibitory postsynaptic potential",1,16,75,7231,0.0133333333333333,"1/75","16/7231",6.02583333333333,0.153794428626558,"11540",1,"Adora2a"
"BP","GO:0060384","innervation",1,16,75,7231,0.0133333333333333,"1/75","16/7231",6.02583333333333,0.153794428626558,"16206",1,"Lrig1"
"BP","GO:0060544","regulation of necroptotic process",1,16,75,7231,0.0133333333333333,"1/75","16/7231",6.02583333333333,0.153794428626558,"56449",1,"Ybx3"
"BP","GO:0071025","RNA surveillance",1,16,75,7231,0.0133333333333333,"1/75","16/7231",6.02583333333333,0.153794428626558,"112403",1,"Dxo"
"BP","GO:0110154","RNA decapping",1,16,75,7231,0.0133333333333333,"1/75","16/7231",6.02583333333333,0.153794428626558,"112403",1,"Dxo"
"BP","GO:1900048","positive regulation of hemostasis",1,16,75,7231,0.0133333333333333,"1/75","16/7231",6.02583333333333,0.153794428626558,"94175",1,"Hrg"
"BP","GO:0050863","regulation of T cell activation",3,131,75,7231,0.04,"3/75","131/7231",2.20793893129771,0.154392542618647,"14999/13136/11540",1,"H2-DMb1/Cd55/Adora2a"
"CC","GO:0043292","contractile fiber",3,133,75,7294,0.04,"3/75","133/7294",2.19368421052632,0.156510016888089,"11472/83679/225288",1,"Actn2/Pde4dip/Fhod3"
"BP","GO:0042110","T cell activation",4,202,75,7231,0.0533333333333333,"4/75","202/7231",1.90917491749175,0.157068598045121,"14999/13136/11540/20687",1,"H2-DMb1/Cd55/Adora2a/Sp3"
"MF","GO:0004536","DNA nuclease activity",1,17,72,7153,0.0138888888888889,"1/72","17/7153",5.84395424836601,0.158170406589387,"18971",1,"Pold1"
"BP","GO:0006936","muscle contraction",3,133,75,7231,0.04,"3/75","133/7231",2.17473684210526,0.159365326155211,"68268/11472/20606",1,"Zdhhc21/Actn2/Sstr2"
"MF","GO:0004518","nuclease activity",2,71,72,7153,0.0277777777777778,"2/72","71/7153",2.79851330203443,0.159886370875897,"112403/18971",1,"Dxo/Pold1"
"MF","GO:0019842","vitamin binding",2,71,72,7153,0.0277777777777778,"2/72","71/7153",2.79851330203443,0.159886370875897,"20773/14473",1,"Sptlc2/Gc"
"CC","GO:0016235","aggresome",1,17,75,7294,0.0133333333333333,"1/75","17/7294",5.72078431372549,0.161298244129973,"18971",1,"Pold1"
"CC","GO:0035371","microtubule plus-end",1,17,75,7294,0.0133333333333333,"1/75","17/7294",5.72078431372549,0.161298244129973,"83679",1,"Pde4dip"
"CC","GO:0043596","nuclear replication fork",1,17,75,7294,0.0133333333333333,"1/75","17/7294",5.72078431372549,0.161298244129973,"18971",1,"Pold1"
"BP","GO:2001234","negative regulation of apoptotic signaling pathway",3,134,75,7231,0.04,"3/75","134/7231",2.15850746268657,0.161870410401767,"93734/56449/234371",1,"Mpv17l/Ybx3/Tmem161a"
"BP","GO:0032101","regulation of response to external stimulus",7,434,75,7231,0.0933333333333333,"7/75","434/7231",1.55505376344086,0.162032061541593,"16644/11625/13136/11540/94175/106025/76438",1,"Kng1/Ahsg/Cd55/Adora2a/Hrg/Sharpin/Rftn1"
"BP","GO:0002092","positive regulation of receptor internalization",1,17,75,7231,0.0133333333333333,"1/75","17/7231",5.67137254901961,0.162590744337301,"94245",1,"Dtnbp1"
"BP","GO:0006284","base-excision repair",1,17,75,7231,0.0133333333333333,"1/75","17/7231",5.67137254901961,0.162590744337301,"18971",1,"Pold1"
"BP","GO:0010803","regulation of tumor necrosis factor-mediated signaling pathway",1,17,75,7231,0.0133333333333333,"1/75","17/7231",5.67137254901961,0.162590744337301,"106025",1,"Sharpin"
"BP","GO:0015697","quaternary ammonium group transport",1,17,75,7231,0.0133333333333333,"1/75","17/7231",5.67137254901961,0.162590744337301,"11540",1,"Adora2a"
"BP","GO:0018345","protein palmitoylation",1,17,75,7231,0.0133333333333333,"1/75","17/7231",5.67137254901961,0.162590744337301,"68268",1,"Zdhhc21"
"BP","GO:0035036","sperm-egg recognition",1,17,75,7231,0.0133333333333333,"1/75","17/7231",5.67137254901961,0.162590744337301,"59083",1,"Fetub"
"BP","GO:0140894","endolysosomal toll-like receptor signaling pathway",1,17,75,7231,0.0133333333333333,"1/75","17/7231",5.67137254901961,0.162590744337301,"76438",1,"Rftn1"
"BP","GO:1902895","positive regulation of miRNA transcription",1,17,75,7231,0.0133333333333333,"1/75","17/7231",5.67137254901961,0.162590744337301,"20788",1,"Srebf2"
"BP","GO:1903358","regulation of Golgi organization",1,17,75,7231,0.0133333333333333,"1/75","17/7231",5.67137254901961,0.162590744337301,"83679",1,"Pde4dip"
"BP","GO:2001135","regulation of endocytic recycling",1,17,75,7231,0.0133333333333333,"1/75","17/7231",5.67137254901961,0.162590744337301,"11472",1,"Actn2"
"BP","GO:0008406","gonad development",2,70,75,7231,0.0266666666666667,"2/75","70/7231",2.75466666666667,0.163906171931217,"56449/11625",1,"Ybx3/Ahsg"
"BP","GO:0035051","cardiocyte differentiation",2,70,75,7231,0.0266666666666667,"2/75","70/7231",2.75466666666667,0.163906171931217,"11472/225288",1,"Actn2/Fhod3"
"BP","GO:0045137","development of primary sexual characteristics",2,70,75,7231,0.0266666666666667,"2/75","70/7231",2.75466666666667,0.163906171931217,"56449/11625",1,"Ybx3/Ahsg"
"MF","GO:0046982","protein heterodimerization activity",3,139,72,7153,0.0416666666666667,"3/72","139/7153",2.14418465227818,0.164086612002905,"52187/54524/94284",1,"Rragd/Syt6/Ugt1a6a"
"BP","GO:0009100","glycoprotein metabolic process",3,136,75,7231,0.04,"3/75","136/7231",2.12676470588235,0.166916819411059,"56846/20701/20700",1,"Necab3/Serpina1b/Serpina1a"
"BP","GO:0030155","regulation of cell adhesion",6,360,75,7231,0.08,"6/75","360/7231",1.60688888888889,0.169031303579823,"14999/16644/68268/13136/11540/94175",1,"H2-DMb1/Kng1/Zdhhc21/Cd55/Adora2a/Hrg"
"MF","GO:0048018","receptor ligand activity",2,74,72,7153,0.0277777777777778,"2/72","74/7153",2.68506006006006,0.170583718366196,"16644/22353",1,"Kng1/Vip"
"BP","GO:0042755","eating behavior",1,18,75,7231,0.0133333333333333,"1/75","18/7231",5.3562962962963,0.171296828919322,"11540",1,"Adora2a"
"BP","GO:0043330","response to exogenous dsRNA",1,18,75,7231,0.0133333333333333,"1/75","18/7231",5.3562962962963,0.171296828919322,"76438",1,"Rftn1"
"BP","GO:0043537","negative regulation of blood vessel endothelial cell migration",1,18,75,7231,0.0133333333333333,"1/75","18/7231",5.3562962962963,0.171296828919322,"94175",1,"Hrg"
"BP","GO:0046640","regulation of alpha-beta T cell proliferation",1,18,75,7231,0.0133333333333333,"1/75","18/7231",5.3562962962963,0.171296828919322,"13136",1,"Cd55"
"BP","GO:0048490","anterograde synaptic vesicle transport",1,18,75,7231,0.0133333333333333,"1/75","18/7231",5.3562962962963,0.171296828919322,"94245",1,"Dtnbp1"
"BP","GO:0048520","positive regulation of behavior",1,18,75,7231,0.0133333333333333,"1/75","18/7231",5.3562962962963,0.171296828919322,"11540",1,"Adora2a"
"BP","GO:0050820","positive regulation of coagulation",1,18,75,7231,0.0133333333333333,"1/75","18/7231",5.3562962962963,0.171296828919322,"94175",1,"Hrg"
"BP","GO:0062098","regulation of programmed necrotic cell death",1,18,75,7231,0.0133333333333333,"1/75","18/7231",5.3562962962963,0.171296828919322,"56449",1,"Ybx3"
"BP","GO:0099514","synaptic vesicle cytoskeletal transport",1,18,75,7231,0.0133333333333333,"1/75","18/7231",5.3562962962963,0.171296828919322,"94245",1,"Dtnbp1"
"BP","GO:0099517","synaptic vesicle transport along microtubule",1,18,75,7231,0.0133333333333333,"1/75","18/7231",5.3562962962963,0.171296828919322,"94245",1,"Dtnbp1"
"BP","GO:1902229","regulation of intrinsic apoptotic signaling pathway in response to DNA damage",1,18,75,7231,0.0133333333333333,"1/75","18/7231",5.3562962962963,0.171296828919322,"234371",1,"Tmem161a"
"MF","GO:0060090","molecular adaptor activity",6,374,72,7153,0.0833333333333333,"6/72","374/7153",1.59380570409982,0.173343382424116,"73737/11472/66454/83679/71765/52187",1,"Bbln/Actn2/Nmnat1/Pde4dip/Klhdc3/Rragd"
"BP","GO:0032414","positive regulation of ion transmembrane transporter activity",2,73,75,7231,0.0266666666666667,"2/75","73/7231",2.64146118721461,0.174979214743004,"11472/22068",1,"Actn2/Trpc6"
"MF","GO:0016706","2-oxoglutarate-dependent dioxygenase activity",1,19,72,7153,0.0138888888888889,"1/72","19/7153",5.22880116959064,0.17507347797241,"67014",1,"Riox2"
"MF","GO:0043028","cysteine-type endopeptidase regulator activity involved in apoptotic process",1,19,72,7153,0.0138888888888889,"1/72","19/7153",5.22880116959064,0.17507347797241,"11783",1,"Apaf1"
"CC","GO:0030673","axolemma",1,19,75,7294,0.0133333333333333,"1/75","19/7294",5.11859649122807,0.178498397625772,"11540",1,"Adora2a"
"CC","GO:0099571","postsynaptic cytoskeleton",1,19,75,7294,0.0133333333333333,"1/75","19/7294",5.11859649122807,0.178498397625772,"11472",1,"Actn2"
"BP","GO:0007044","cell-substrate junction assembly",2,74,75,7231,0.0266666666666667,"2/75","74/7231",2.60576576576577,0.17869742529378,"11472/94175",1,"Actn2/Hrg"
"BP","GO:0009411","response to UV",2,74,75,7231,0.0266666666666667,"2/75","74/7231",2.60576576576577,0.17869742529378,"234371/18971",1,"Tmem161a/Pold1"
"BP","GO:0048771","tissue remodeling",2,74,75,7231,0.0266666666666667,"2/75","74/7231",2.60576576576577,0.17869742529378,"11625/94175",1,"Ahsg/Hrg"
"BP","GO:0007423","sensory organ development",4,213,75,7231,0.0533333333333333,"4/75","213/7231",1.81057902973396,0.179248245714131,"235312/14709/16206/20687",1,"C1qtnf5/Gng8/Lrig1/Sp3"
"BP","GO:0001963","synaptic transmission, dopaminergic",1,19,75,7231,0.0133333333333333,"1/75","19/7231",5.07438596491228,0.179913595567187,"11540",1,"Adora2a"
"BP","GO:0002711","positive regulation of T cell mediated immunity",1,19,75,7231,0.0133333333333333,"1/75","19/7231",5.07438596491228,0.179913595567187,"13136",1,"Cd55"
"BP","GO:0030488","tRNA methylation",1,19,75,7231,0.0133333333333333,"1/75","19/7231",5.07438596491228,0.179913595567187,"54632",1,"Ftsj1"
"BP","GO:0046633","alpha-beta T cell proliferation",1,19,75,7231,0.0133333333333333,"1/75","19/7231",5.07438596491228,0.179913595567187,"13136",1,"Cd55"
"BP","GO:0048002","antigen processing and presentation of peptide antigen",1,19,75,7231,0.0133333333333333,"1/75","19/7231",5.07438596491228,0.179913595567187,"14999",1,"H2-DMb1"
"BP","GO:2000514","regulation of CD4-positive, alpha-beta T cell activation",1,19,75,7231,0.0133333333333333,"1/75","19/7231",5.07438596491228,0.179913595567187,"13136",1,"Cd55"
"BP","GO:2000630","positive regulation of miRNA metabolic process",1,19,75,7231,0.0133333333333333,"1/75","19/7231",5.07438596491228,0.179913595567187,"20788",1,"Srebf2"
"MF","GO:0005539","glycosaminoglycan binding",2,77,72,7153,0.0277777777777778,"2/72","77/7153",2.58044733044733,0.18139952482353,"11699/94175",1,"Ambp/Hrg"
"CC","GO:0098562","cytoplasmic side of membrane",3,143,75,7294,0.04,"3/75","143/7294",2.04027972027972,0.181724545220851,"14709/54524/14302",1,"Gng8/Syt6/Frk"
"BP","GO:0006694","steroid biosynthetic process",2,75,75,7231,0.0266666666666667,"2/75","75/7231",2.57102222222222,0.182428125694547,"20788/192970",1,"Srebf2/Dhrs11"
"BP","GO:0034612","response to tumor necrosis factor",2,75,75,7231,0.0266666666666667,"2/75","75/7231",2.57102222222222,0.182428125694547,"56449/106025",1,"Ybx3/Sharpin"
"BP","GO:0048562","embryonic organ morphogenesis",2,75,75,7231,0.0266666666666667,"2/75","75/7231",2.57102222222222,0.182428125694547,"16206/20687",1,"Lrig1/Sp3"
"BP","GO:0045892","negative regulation of DNA-templated transcription",6,369,75,7231,0.08,"6/75","369/7231",1.56769647696477,0.182863612316944,"20788/56449/66454/20687/494448/14302",1,"Srebf2/Ybx3/Nmnat1/Sp3/Cbx6/Frk"
"BP","GO:1902679","negative regulation of RNA biosynthetic process",6,370,75,7231,0.08,"6/75","370/7231",1.56345945945946,0.184428699127964,"20788/56449/66454/20687/494448/14302",1,"Srebf2/Ybx3/Nmnat1/Sp3/Cbx6/Frk"
"MF","GO:0030546","signaling receptor activator activity",2,78,72,7153,0.0277777777777778,"2/72","78/7153",2.54736467236467,0.185028271233599,"16644/22353",1,"Kng1/Vip"
"MF","GO:0042277","peptide binding",3,148,72,7153,0.0416666666666667,"3/72","148/7153",2.01379504504505,0.186545564213429,"621968/14999/20606",1,"Trbv1/H2-DMb1/Sstr2"
"CC","GO:0000152","nuclear ubiquitin ligase complex",1,20,75,7294,0.0133333333333333,"1/75","20/7294",4.86266666666667,0.186967486310043,"494448",1,"Cbx6"
"CC","GO:0046930","pore complex",1,20,75,7294,0.0133333333333333,"1/75","20/7294",4.86266666666667,0.186967486310043,"12279",1,"C9"
"CC","GO:0097038","perinuclear endoplasmic reticulum",1,20,75,7294,0.0133333333333333,"1/75","20/7294",4.86266666666667,0.186967486310043,"54524",1,"Syt6"
"CC","GO:0000228","nuclear chromosome",2,77,75,7294,0.0266666666666667,"2/75","77/7294",2.52606060606061,0.187430359863235,"18971/230082",1,"Pold1/Nol6"
"BP","GO:0010543","regulation of platelet activation",1,20,75,7231,0.0133333333333333,"1/75","20/7231",4.82066666666667,0.18844194835871,"94175",1,"Hrg"
"BP","GO:0010883","regulation of lipid storage",1,20,75,7231,0.0133333333333333,"1/75","20/7231",4.82066666666667,0.18844194835871,"20788",1,"Srebf2"
"BP","GO:0038084","vascular endothelial growth factor signaling pathway",1,20,75,7231,0.0133333333333333,"1/75","20/7231",4.82066666666667,0.18844194835871,"94175",1,"Hrg"
"BP","GO:0045124","regulation of bone resorption",1,20,75,7231,0.0133333333333333,"1/75","20/7231",4.82066666666667,0.18844194835871,"11625",1,"Ahsg"
"BP","GO:0046622","positive regulation of organ growth",1,20,75,7231,0.0133333333333333,"1/75","20/7231",4.82066666666667,0.18844194835871,"56449",1,"Ybx3"
"BP","GO:0061756","leukocyte adhesion to vascular endothelial cell",1,20,75,7231,0.0133333333333333,"1/75","20/7231",4.82066666666667,0.18844194835871,"68268",1,"Zdhhc21"
"BP","GO:0098869","cellular oxidant detoxification",1,20,75,7231,0.0133333333333333,"1/75","20/7231",4.82066666666667,0.18844194835871,"11699",1,"Ambp"
"BP","GO:0032411","positive regulation of transporter activity",2,77,75,7231,0.0266666666666667,"2/75","77/7231",2.50424242424242,0.189924419764398,"11472/22068",1,"Actn2/Trpc6"
"BP","GO:0044283","small molecule biosynthetic process",5,295,75,7231,0.0666666666666667,"5/75","295/7231",1.63412429378531,0.190571921251752,"20788/227683/94284/20773/54447",1,"Srebf2/Coq4/Ugt1a6a/Sptlc2/Asah2"
"MF","GO:0004715","non-membrane spanning protein tyrosine kinase activity",1,21,72,7153,0.0138888888888889,"1/72","21/7153",4.73082010582011,0.191641773445314,"14302",1,"Frk"
"BP","GO:0055088","lipid homeostasis",2,78,75,7231,0.0266666666666667,"2/75","78/7231",2.47213675213675,0.193688754472647,"20788/18971",1,"Srebf2/Pold1"
"BP","GO:2001235","positive regulation of apoptotic signaling pathway",2,78,75,7231,0.0266666666666667,"2/75","78/7231",2.47213675213675,0.193688754472647,"11540/11783",1,"Adora2a/Apaf1"
"CC","GO:0000794","condensed nuclear chromosome",1,21,75,7294,0.0133333333333333,"1/75","21/7294",4.63111111111111,0.195350417094583,"230082",1,"Nol6"
"BP","GO:0007218","neuropeptide signaling pathway",1,21,75,7231,0.0133333333333333,"1/75","21/7231",4.59111111111111,0.196882782344717,"20606",1,"Sstr2"
"BP","GO:0010874","regulation of cholesterol efflux",1,21,75,7231,0.0133333333333333,"1/75","21/7231",4.59111111111111,0.196882782344717,"20788",1,"Srebf2"
"BP","GO:0014002","astrocyte development",1,21,75,7231,0.0133333333333333,"1/75","21/7231",4.59111111111111,0.196882782344717,"11540",1,"Adora2a"
"BP","GO:0030149","sphingolipid catabolic process",1,21,75,7231,0.0133333333333333,"1/75","21/7231",4.59111111111111,0.196882782344717,"54447",1,"Asah2"
"BP","GO:0031663","lipopolysaccharide-mediated signaling pathway",1,21,75,7231,0.0133333333333333,"1/75","21/7231",4.59111111111111,0.196882782344717,"13136",1,"Cd55"
"BP","GO:0035019","somatic stem cell population maintenance",1,21,75,7231,0.0133333333333333,"1/75","21/7231",4.59111111111111,0.196882782344717,"26896",1,"Med14"
"BP","GO:0050853","B cell receptor signaling pathway",1,21,75,7231,0.0133333333333333,"1/75","21/7231",4.59111111111111,0.196882782344717,"76438",1,"Rftn1"
"BP","GO:0070266","necroptotic process",1,21,75,7231,0.0133333333333333,"1/75","21/7231",4.59111111111111,0.196882782344717,"56449",1,"Ybx3"
"BP","GO:1904385","cellular response to angiotensin",1,21,75,7231,0.0133333333333333,"1/75","21/7231",4.59111111111111,0.196882782344717,"11472",1,"Actn2"
"BP","GO:0006486","protein glycosylation",2,79,75,7231,0.0266666666666667,"2/75","79/7231",2.44084388185654,0.197463060774578,"20701/20700",1,"Serpina1b/Serpina1a"
"BP","GO:0043271","negative regulation of monoatomic ion transport",2,79,75,7231,0.0266666666666667,"2/75","79/7231",2.44084388185654,0.197463060774578,"11472/22353",1,"Actn2/Vip"
"BP","GO:0043413","macromolecule glycosylation",2,79,75,7231,0.0266666666666667,"2/75","79/7231",2.44084388185654,0.197463060774578,"20701/20700",1,"Serpina1b/Serpina1a"
"BP","GO:0043583","ear development",2,79,75,7231,0.0266666666666667,"2/75","79/7231",2.44084388185654,0.197463060774578,"235312/16206",1,"C1qtnf5/Lrig1"
"BP","GO:0046928","regulation of neurotransmitter secretion",2,79,75,7231,0.0266666666666667,"2/75","79/7231",2.44084388185654,0.197463060774578,"11540/94245",1,"Adora2a/Dtnbp1"
"BP","GO:0031345","negative regulation of cell projection organization",3,148,75,7231,0.04,"3/75","148/7231",1.95432432432432,0.198114733701587,"94175/94245/22068",1,"Hrg/Dtnbp1/Trpc6"
"MF","GO:0016504","peptidase activator activity",1,22,72,7153,0.0138888888888889,"1/72","22/7153",4.51578282828283,0.199802428564766,"11783",1,"Apaf1"
"BP","GO:0050670","regulation of lymphocyte proliferation",2,80,75,7231,0.0266666666666667,"2/75","80/7231",2.41033333333333,0.20124673762057,"14999/13136",1,"H2-DMb1/Cd55"
"BP","GO:0002699","positive regulation of immune effector process",2,81,75,7231,0.0266666666666667,"2/75","81/7231",2.38057613168724,0.205039195039599,"14999/13136",1,"H2-DMb1/Cd55"
"BP","GO:0032944","regulation of mononuclear cell proliferation",2,81,75,7231,0.0266666666666667,"2/75","81/7231",2.38057613168724,0.205039195039599,"14999/13136",1,"H2-DMb1/Cd55"
"BP","GO:0071383","cellular response to steroid hormone stimulus",2,81,75,7231,0.0266666666666667,"2/75","81/7231",2.38057613168724,0.205039195039599,"94284/20606",1,"Ugt1a6a/Sstr2"
"BP","GO:0150115","cell-substrate junction organization",2,81,75,7231,0.0266666666666667,"2/75","81/7231",2.38057613168724,0.205039195039599,"11472/94175",1,"Actn2/Hrg"
"BP","GO:0032438","melanosome organization",1,22,75,7231,0.0133333333333333,"1/75","22/7231",4.38242424242424,0.205236983637941,"94245",1,"Dtnbp1"
"BP","GO:0033628","regulation of cell adhesion mediated by integrin",1,22,75,7231,0.0133333333333333,"1/75","22/7231",4.38242424242424,0.205236983637941,"94175",1,"Hrg"
"BP","GO:0042181","ketone biosynthetic process",1,22,75,7231,0.0133333333333333,"1/75","22/7231",4.38242424242424,0.205236983637941,"227683",1,"Coq4"
"BP","GO:0046466","membrane lipid catabolic process",1,22,75,7231,0.0133333333333333,"1/75","22/7231",4.38242424242424,0.205236983637941,"54447",1,"Asah2"
"BP","GO:0046635","positive regulation of alpha-beta T cell activation",1,22,75,7231,0.0133333333333333,"1/75","22/7231",4.38242424242424,0.205236983637941,"13136",1,"Cd55"
"BP","GO:0060261","positive regulation of transcription initiation by RNA polymerase II",1,22,75,7231,0.0133333333333333,"1/75","22/7231",4.38242424242424,0.205236983637941,"26896",1,"Med14"
"BP","GO:1905953","negative regulation of lipid localization",1,22,75,7231,0.0133333333333333,"1/75","22/7231",4.38242424242424,0.205236983637941,"20788",1,"Srebf2"
"BP","GO:1990776","response to angiotensin",1,22,75,7231,0.0133333333333333,"1/75","22/7231",4.38242424242424,0.205236983637941,"11472",1,"Actn2"
"MF","GO:0000977","RNA polymerase II transcription regulatory region sequence-specific DNA binding",3,156,72,7153,0.0416666666666667,"3/72","156/7153",1.9105235042735,0.207154328373736,"20788/56449/20687",1,"Srebf2/Ybx3/Sp3"
"MF","GO:0008408","3'-5' exonuclease activity",1,23,72,7153,0.0138888888888889,"1/72","23/7153",4.31944444444444,0.207881831894361,"18971",1,"Pold1"
"MF","GO:0043394","proteoglycan binding",1,23,72,7153,0.0138888888888889,"1/72","23/7153",4.31944444444444,0.207881831894361,"94175",1,"Hrg"
"BP","GO:0007548","sex differentiation",2,82,75,7231,0.0266666666666667,"2/75","82/7231",2.35154471544715,0.208839853979305,"56449/11625",1,"Ybx3/Ahsg"
"BP","GO:0010959","regulation of metal ion transport",4,228,75,7231,0.0533333333333333,"4/75","228/7231",1.69146198830409,0.211080935416204,"11472/22353/11540/22068",1,"Actn2/Vip/Adora2a/Trpc6"
"CC","GO:1990752","microtubule end",1,23,75,7294,0.0133333333333333,"1/75","23/7294",4.22840579710145,0.211861255512278,"83679",1,"Pde4dip"
"BP","GO:0006979","response to oxidative stress",4,229,75,7231,0.0533333333333333,"4/75","229/7231",1.68407569141194,0.213260402664175,"93734/234371/11699/22068",1,"Mpv17l/Tmem161a/Ambp/Trpc6"
"BP","GO:0001825","blastocyst formation",1,23,75,7231,0.0133333333333333,"1/75","23/7231",4.19188405797101,0.213505429501051,"20687",1,"Sp3"
"BP","GO:0001974","blood vessel remodeling",1,23,75,7231,0.0133333333333333,"1/75","23/7231",4.19188405797101,0.213505429501051,"94175",1,"Hrg"
"BP","GO:0006940","regulation of smooth muscle contraction",1,23,75,7231,0.0133333333333333,"1/75","23/7231",4.19188405797101,0.213505429501051,"68268",1,"Zdhhc21"
"BP","GO:0007020","microtubule nucleation",1,23,75,7231,0.0133333333333333,"1/75","23/7231",4.19188405797101,0.213505429501051,"83679",1,"Pde4dip"
"BP","GO:0010559","regulation of glycoprotein biosynthetic process",1,23,75,7231,0.0133333333333333,"1/75","23/7231",4.19188405797101,0.213505429501051,"56846",1,"Necab3"
"BP","GO:0031116","positive regulation of microtubule polymerization",1,23,75,7231,0.0133333333333333,"1/75","23/7231",4.19188405797101,0.213505429501051,"83679",1,"Pde4dip"
"BP","GO:0043331","response to dsRNA",1,23,75,7231,0.0133333333333333,"1/75","23/7231",4.19188405797101,0.213505429501051,"76438",1,"Rftn1"
"BP","GO:0048753","pigment granule organization",1,23,75,7231,0.0133333333333333,"1/75","23/7231",4.19188405797101,0.213505429501051,"94245",1,"Dtnbp1"
"BP","GO:0051894","positive regulation of focal adhesion assembly",1,23,75,7231,0.0133333333333333,"1/75","23/7231",4.19188405797101,0.213505429501051,"94175",1,"Hrg"
"BP","GO:0097345","mitochondrial outer membrane permeabilization",1,23,75,7231,0.0133333333333333,"1/75","23/7231",4.19188405797101,0.213505429501051,"93734",1,"Mpv17l"
"BP","GO:1901381","positive regulation of potassium ion transmembrane transport",1,23,75,7231,0.0133333333333333,"1/75","23/7231",4.19188405797101,0.213505429501051,"11472",1,"Actn2"
"BP","GO:1901661","quinone metabolic process",1,23,75,7231,0.0133333333333333,"1/75","23/7231",4.19188405797101,0.213505429501051,"227683",1,"Coq4"
"BP","GO:2000144","positive regulation of DNA-templated transcription initiation",1,23,75,7231,0.0133333333333333,"1/75","23/7231",4.19188405797101,0.213505429501051,"26896",1,"Med14"
"CC","GO:0030863","cortical cytoskeleton",2,84,75,7294,0.0266666666666667,"2/75","84/7294",2.31555555555556,0.213697202263601,"11472/83679",1,"Actn2/Pde4dip"
"MF","GO:0035064","methylated histone binding",1,24,72,7153,0.0138888888888889,"1/72","24/7153",4.13946759259259,0.215880781137503,"494448",1,"Cbx6"
"MF","GO:0140034","methylation-dependent protein binding",1,24,72,7153,0.0138888888888889,"1/72","24/7153",4.13946759259259,0.215880781137503,"494448",1,"Cbx6"
"BP","GO:0006643","membrane lipid metabolic process",2,84,75,7231,0.0266666666666667,"2/75","84/7231",2.29555555555556,0.216463513859424,"20773/54447",1,"Sptlc2/Asah2"
"MF","GO:0140110","transcription regulator activity",5,319,72,7153,0.0694444444444444,"5/72","319/7153",1.55716649251132,0.217290778781192,"20788/67014/11472/26896/20687",1,"Srebf2/Riox2/Actn2/Med14/Sp3"
"BP","GO:0050865","regulation of cell activation",4,232,75,7231,0.0533333333333333,"4/75","232/7231",1.66229885057471,0.219837591371731,"14999/13136/11540/94175",1,"H2-DMb1/Cd55/Adora2a/Hrg"
"BP","GO:0001964","startle response",1,24,75,7231,0.0133333333333333,"1/75","24/7231",4.01722222222222,0.221688988433822,"11540",1,"Adora2a"
"BP","GO:0002286","T cell activation involved in immune response",1,24,75,7231,0.0133333333333333,"1/75","24/7231",4.01722222222222,0.221688988433822,"14999",1,"H2-DMb1"
"BP","GO:0002709","regulation of T cell mediated immunity",1,24,75,7231,0.0133333333333333,"1/75","24/7231",4.01722222222222,0.221688988433822,"13136",1,"Cd55"
"BP","GO:0009988","cell-cell recognition",1,24,75,7231,0.0133333333333333,"1/75","24/7231",4.01722222222222,0.221688988433822,"59083",1,"Fetub"
"BP","GO:0042743","hydrogen peroxide metabolic process",1,24,75,7231,0.0133333333333333,"1/75","24/7231",4.01722222222222,0.221688988433822,"93734",1,"Mpv17l"
"BP","GO:0051123","RNA polymerase II preinitiation complex assembly",1,24,75,7231,0.0133333333333333,"1/75","24/7231",4.01722222222222,0.221688988433822,"26896",1,"Med14"
"BP","GO:0070897","transcription preinitiation complex assembly",1,24,75,7231,0.0133333333333333,"1/75","24/7231",4.01722222222222,0.221688988433822,"26896",1,"Med14"
"BP","GO:1901861","regulation of muscle tissue development",1,24,75,7231,0.0133333333333333,"1/75","24/7231",4.01722222222222,0.221688988433822,"56449",1,"Ybx3"
"BP","GO:1902110","positive regulation of mitochondrial membrane permeability involved in apoptotic process",1,24,75,7231,0.0133333333333333,"1/75","24/7231",4.01722222222222,0.221688988433822,"93734",1,"Mpv17l"
"BP","GO:1903426","regulation of reactive oxygen species biosynthetic process",1,24,75,7231,0.0133333333333333,"1/75","24/7231",4.01722222222222,0.221688988433822,"93734",1,"Mpv17l"
"MF","GO:0008173","RNA methyltransferase activity",1,25,72,7153,0.0138888888888889,"1/72","25/7153",3.97388888888889,0.223800066276808,"54632",1,"Ftsj1"
"MF","GO:0016796","exonuclease activity, active with either ribo- or deoxyribonucleic acids and producing 5'-phosphomonoesters",1,25,72,7153,0.0138888888888889,"1/72","25/7153",3.97388888888889,0.223800066276808,"18971",1,"Pold1"
"MF","GO:0051539","4 iron, 4 sulfur cluster binding",1,25,72,7153,0.0138888888888889,"1/72","25/7153",3.97388888888889,0.223800066276808,"18971",1,"Pold1"
"CC","GO:0000151","ubiquitin ligase complex",3,159,75,7294,0.04,"3/75","159/7294",1.83496855345912,0.224104042984445,"71765/106025/494448",1,"Klhdc3/Sharpin/Cbx6"
"BP","GO:0060541","respiratory system development",2,86,75,7231,0.0266666666666667,"2/75","86/7231",2.24217054263566,0.224113297266703,"14709/20687",1,"Gng8/Sp3"
"BP","GO:0045087","innate immune response",5,314,75,7231,0.0666666666666667,"5/75","314/7231",1.53524416135881,0.225776824672929,"13136/22353/12279/14302/76438",1,"Cd55/Vip/C9/Frk/Rftn1"
"BP","GO:0043588","skin development",2,87,75,7231,0.0266666666666667,"2/75","87/7231",2.21639846743295,0.227946649239518,"68268/106025",1,"Zdhhc21/Sharpin"
"BP","GO:0009611","response to wounding",4,236,75,7231,0.0533333333333333,"4/75","236/7231",1.63412429378531,0.228693569746222,"16644/66454/94175/94245",1,"Kng1/Nmnat1/Hrg/Dtnbp1"
"MF","GO:0140030","modification-dependent protein binding",2,90,72,7153,0.0277777777777778,"2/72","90/7153",2.20771604938272,0.229255441167179,"106025/494448",1,"Sharpin/Cbx6"
"BP","GO:0050776","regulation of immune response",5,316,75,7231,0.0666666666666667,"5/75","316/7231",1.52552742616034,0.229596555332201,"14999/13136/94175/12279/76438",1,"H2-DMb1/Cd55/Hrg/C9/Rftn1"
"BP","GO:0097190","apoptotic signaling pathway",5,316,75,7231,0.0666666666666667,"5/75","316/7231",1.52552742616034,0.229596555332201,"93734/56449/234371/11540/11783",1,"Mpv17l/Ybx3/Tmem161a/Adora2a/Apaf1"
"BP","GO:0002712","regulation of B cell mediated immunity",1,25,75,7231,0.0133333333333333,"1/75","25/7231",3.85653333333333,0.229788520259473,"13136",1,"Cd55"
"BP","GO:0002889","regulation of immunoglobulin mediated immune response",1,25,75,7231,0.0133333333333333,"1/75","25/7231",3.85653333333333,0.229788520259473,"13136",1,"Cd55"
"BP","GO:0006984","ER-nucleus signaling pathway",1,25,75,7231,0.0133333333333333,"1/75","25/7231",3.85653333333333,0.229788520259473,"20788",1,"Srebf2"
"BP","GO:0007617","mating behavior",1,25,75,7231,0.0133333333333333,"1/75","25/7231",3.85653333333333,0.229788520259473,"22353",1,"Vip"
"BP","GO:0010332","response to gamma radiation",1,25,75,7231,0.0133333333333333,"1/75","25/7231",3.85653333333333,0.229788520259473,"239364",1,"Tspyl5"
"BP","GO:0019674","NAD metabolic process",1,25,75,7231,0.0133333333333333,"1/75","25/7231",3.85653333333333,0.229788520259473,"66454",1,"Nmnat1"
"BP","GO:0043114","regulation of vascular permeability",1,25,75,7231,0.0133333333333333,"1/75","25/7231",3.85653333333333,0.229788520259473,"11540",1,"Adora2a"
"BP","GO:0046850","regulation of bone remodeling",1,25,75,7231,0.0133333333333333,"1/75","25/7231",3.85653333333333,0.229788520259473,"11625",1,"Ahsg"
"BP","GO:0048706","embryonic skeletal system development",1,25,75,7231,0.0133333333333333,"1/75","25/7231",3.85653333333333,0.229788520259473,"20687",1,"Sp3"
"BP","GO:0050830","defense response to Gram-positive bacterium",1,25,75,7231,0.0133333333333333,"1/75","25/7231",3.85653333333333,0.229788520259473,"22353",1,"Vip"
"BP","GO:0061900","glial cell activation",1,25,75,7231,0.0133333333333333,"1/75","25/7231",3.85653333333333,0.229788520259473,"11540",1,"Adora2a"
"BP","GO:0071479","cellular response to ionizing radiation",1,25,75,7231,0.0133333333333333,"1/75","25/7231",3.85653333333333,0.229788520259473,"239364",1,"Tspyl5"
"BP","GO:0090181","regulation of cholesterol metabolic process",1,25,75,7231,0.0133333333333333,"1/75","25/7231",3.85653333333333,0.229788520259473,"20788",1,"Srebf2"
"BP","GO:0120033","negative regulation of plasma membrane bounded cell projection assembly",1,25,75,7231,0.0133333333333333,"1/75","25/7231",3.85653333333333,0.229788520259473,"94175",1,"Hrg"
"BP","GO:1902893","regulation of miRNA transcription",1,25,75,7231,0.0133333333333333,"1/75","25/7231",3.85653333333333,0.229788520259473,"20788",1,"Srebf2"
"BP","GO:2000242","negative regulation of reproductive process",1,25,75,7231,0.0133333333333333,"1/75","25/7231",3.85653333333333,0.229788520259473,"56449",1,"Ybx3"
"BP","GO:0019953","sexual reproduction",5,317,75,7231,0.0666666666666667,"5/75","317/7231",1.52071503680336,0.23151382044666,"56449/71765/59083/54524/22068",1,"Ybx3/Klhdc3/Fetub/Syt6/Trpc6"
"CC","GO:0140534","endoplasmic reticulum protein-containing complex",2,89,75,7294,0.0266666666666667,"2/75","89/7294",2.18546816479401,0.232675033502377,"20788/20773",1,"Srebf2/Sptlc2"
"BP","GO:0042098","T cell proliferation",2,89,75,7231,0.0266666666666667,"2/75","89/7231",2.16659176029963,0.235627689649897,"14999/13136",1,"H2-DMb1/Cd55"
"BP","GO:0050870","positive regulation of T cell activation",2,89,75,7231,0.0266666666666667,"2/75","89/7231",2.16659176029963,0.235627689649897,"14999/13136",1,"H2-DMb1/Cd55"
"BP","GO:1903034","regulation of response to wounding",2,89,75,7231,0.0266666666666667,"2/75","89/7231",2.16659176029963,0.235627689649897,"16644/94175",1,"Kng1/Hrg"
"CC","GO:0005834","heterotrimeric G-protein complex",1,26,75,7294,0.0133333333333333,"1/75","26/7294",3.74051282051282,0.236002671808234,"14709",1,"Gng8"
"BP","GO:1901615","organic hydroxy compound metabolic process",4,240,75,7231,0.0533333333333333,"4/75","240/7231",1.60688888888889,0.237641836678014,"20788/20773/14473/54447",1,"Srebf2/Sptlc2/Gc/Asah2"
"BP","GO:0007212","dopamine receptor signaling pathway",1,26,75,7231,0.0133333333333333,"1/75","26/7231",3.70820512820513,0.237804876210145,"94245",1,"Dtnbp1"
"BP","GO:0030101","natural killer cell activation",1,26,75,7231,0.0133333333333333,"1/75","26/7231",3.70820512820513,0.237804876210145,"20687",1,"Sp3"
"BP","GO:0030219","megakaryocyte differentiation",1,26,75,7231,0.0133333333333333,"1/75","26/7231",3.70820512820513,0.237804876210145,"20687",1,"Sp3"
"BP","GO:0031112","positive regulation of microtubule polymerization or depolymerization",1,26,75,7231,0.0133333333333333,"1/75","26/7231",3.70820512820513,0.237804876210145,"83679",1,"Pde4dip"
"BP","GO:0043243","positive regulation of protein-containing complex disassembly",1,26,75,7231,0.0133333333333333,"1/75","26/7231",3.70820512820513,0.237804876210145,"11472",1,"Actn2"
"BP","GO:0050922","negative regulation of chemotaxis",1,26,75,7231,0.0133333333333333,"1/75","26/7231",3.70820512820513,0.237804876210145,"94175",1,"Hrg"
"BP","GO:0060260","regulation of transcription initiation by RNA polymerase II",1,26,75,7231,0.0133333333333333,"1/75","26/7231",3.70820512820513,0.237804876210145,"26896",1,"Med14"
"BP","GO:0060612","adipose tissue development",1,26,75,7231,0.0133333333333333,"1/75","26/7231",3.70820512820513,0.237804876210145,"20773",1,"Sptlc2"
"BP","GO:1902686","mitochondrial outer membrane permeabilization involved in programmed cell death",1,26,75,7231,0.0133333333333333,"1/75","26/7231",3.70820512820513,0.237804876210145,"93734",1,"Mpv17l"
"BP","GO:1903018","regulation of glycoprotein metabolic process",1,26,75,7231,0.0133333333333333,"1/75","26/7231",3.70820512820513,0.237804876210145,"56846",1,"Necab3"
"MF","GO:0003684","damaged DNA binding",1,27,72,7153,0.0138888888888889,"1/72","27/7153",3.67952674897119,0.239402766011627,"18971",1,"Pold1"
"BP","GO:0035249","synaptic transmission, glutamatergic",2,90,75,7231,0.0266666666666667,"2/75","90/7231",2.14251851851852,0.239474373938299,"11540/94245",1,"Adora2a/Dtnbp1"
"CC","GO:0005667","transcription regulator complex",3,165,75,7294,0.04,"3/75","165/7294",1.76824242424242,0.240492740885922,"67014/26896/20687",1,"Riox2/Med14/Sp3"
"BP","GO:0042060","wound healing",3,164,75,7231,0.04,"3/75","164/7231",1.76365853658537,0.241668430176741,"16644/94175/94245",1,"Kng1/Hrg/Dtnbp1"
"BP","GO:0097193","intrinsic apoptotic signaling pathway",3,164,75,7231,0.04,"3/75","164/7231",1.76365853658537,0.241668430176741,"56449/234371/11783",1,"Ybx3/Tmem161a/Apaf1"
"BP","GO:0006066","alcohol metabolic process",3,165,75,7231,0.04,"3/75","165/7231",1.7529696969697,0.244447202446944,"20788/20773/54447",1,"Srebf2/Sptlc2/Asah2"
"BP","GO:0006767","water-soluble vitamin metabolic process",1,27,75,7231,0.0133333333333333,"1/75","27/7231",3.57086419753086,0.245738899011566,"94284",1,"Ugt1a6a"
"BP","GO:0010799","regulation of peptidyl-threonine phosphorylation",1,27,75,7231,0.0133333333333333,"1/75","27/7231",3.57086419753086,0.245738899011566,"22068",1,"Trpc6"
"BP","GO:0032968","positive regulation of transcription elongation by RNA polymerase II",1,27,75,7231,0.0133333333333333,"1/75","27/7231",3.57086419753086,0.245738899011566,"26896",1,"Med14"
"BP","GO:0033344","cholesterol efflux",1,27,75,7231,0.0133333333333333,"1/75","27/7231",3.57086419753086,0.245738899011566,"20788",1,"Srebf2"
"BP","GO:0035794","positive regulation of mitochondrial membrane permeability",1,27,75,7231,0.0133333333333333,"1/75","27/7231",3.57086419753086,0.245738899011566,"93734",1,"Mpv17l"
"BP","GO:0048512","circadian behavior",1,27,75,7231,0.0133333333333333,"1/75","27/7231",3.57086419753086,0.245738899011566,"11540",1,"Adora2a"
"BP","GO:0061614","miRNA transcription",1,27,75,7231,0.0133333333333333,"1/75","27/7231",3.57086419753086,0.245738899011566,"20788",1,"Srebf2"
"BP","GO:0090303","positive regulation of wound healing",1,27,75,7231,0.0133333333333333,"1/75","27/7231",3.57086419753086,0.245738899011566,"94175",1,"Hrg"
"BP","GO:1902930","regulation of alcohol biosynthetic process",1,27,75,7231,0.0133333333333333,"1/75","27/7231",3.57086419753086,0.245738899011566,"20788",1,"Srebf2"
"BP","GO:2000142","regulation of DNA-templated transcription initiation",1,27,75,7231,0.0133333333333333,"1/75","27/7231",3.57086419753086,0.245738899011566,"26896",1,"Med14"
"BP","GO:2000243","positive regulation of reproductive process",1,27,75,7231,0.0133333333333333,"1/75","27/7231",3.57086419753086,0.245738899011566,"22353",1,"Vip"
"MF","GO:0051213","dioxygenase activity",1,28,72,7153,0.0138888888888889,"1/72","28/7153",3.54811507936508,0.247087722627844,"67014",1,"Riox2"
"BP","GO:0070085","glycosylation",2,92,75,7231,0.0266666666666667,"2/75","92/7231",2.09594202898551,0.247177632290512,"20701/20700",1,"Serpina1b/Serpina1a"
"BP","GO:0070663","regulation of leukocyte proliferation",2,92,75,7231,0.0266666666666667,"2/75","92/7231",2.09594202898551,0.247177632290512,"14999/13136",1,"H2-DMb1/Cd55"
"BP","GO:0046942","carboxylic acid transport",3,166,75,7231,0.04,"3/75","166/7231",1.74240963855422,0.247231407972356,"11540/94281/94245",1,"Adora2a/Sfxn4/Dtnbp1"
"BP","GO:0051249","regulation of lymphocyte activation",3,166,75,7231,0.04,"3/75","166/7231",1.74240963855422,0.247231407972356,"14999/13136/11540",1,"H2-DMb1/Cd55/Adora2a"
"BP","GO:0015849","organic acid transport",3,167,75,7231,0.04,"3/75","167/7231",1.73197604790419,0.250020847129406,"11540/94281/94245",1,"Adora2a/Sfxn4/Dtnbp1"
"BP","GO:0051588","regulation of neurotransmitter transport",2,93,75,7231,0.0266666666666667,"2/75","93/7231",2.07340501792115,0.251033259200748,"11540/94245",1,"Adora2a/Dtnbp1"
"CC","GO:0005657","replication fork",1,28,75,7294,0.0133333333333333,"1/75","28/7294",3.47333333333333,0.251690084338955,"18971",1,"Pold1"
"CC","GO:0017053","transcription repressor complex",1,28,75,7294,0.0133333333333333,"1/75","28/7294",3.47333333333333,0.251690084338955,"20687",1,"Sp3"
"BP","GO:0002720","positive regulation of cytokine production involved in immune response",1,28,75,7231,0.0133333333333333,"1/75","28/7231",3.44333333333333,0.253591422966887,"13136",1,"Cd55"
"BP","GO:0006826","iron ion transport",1,28,75,7231,0.0133333333333333,"1/75","28/7231",3.44333333333333,0.253591422966887,"94175",1,"Hrg"
"BP","GO:0007622","rhythmic behavior",1,28,75,7231,0.0133333333333333,"1/75","28/7231",3.44333333333333,0.253591422966887,"11540",1,"Adora2a"
"BP","GO:0010591","regulation of lamellipodium assembly",1,28,75,7231,0.0133333333333333,"1/75","28/7231",3.44333333333333,0.253591422966887,"94175",1,"Hrg"
"BP","GO:0045103","intermediate filament-based process",1,28,75,7231,0.0133333333333333,"1/75","28/7231",3.44333333333333,0.253591422966887,"73737",1,"Bbln"
"BP","GO:0045104","intermediate filament cytoskeleton organization",1,28,75,7231,0.0133333333333333,"1/75","28/7231",3.44333333333333,0.253591422966887,"73737",1,"Bbln"
"BP","GO:0051085","chaperone cofactor-dependent protein refolding",1,28,75,7231,0.0133333333333333,"1/75","28/7231",3.44333333333333,0.253591422966887,"14999",1,"H2-DMb1"
"BP","GO:0051938","L-glutamate import",1,28,75,7231,0.0133333333333333,"1/75","28/7231",3.44333333333333,0.253591422966887,"94245",1,"Dtnbp1"
"BP","GO:0150117","positive regulation of cell-substrate junction organization",1,28,75,7231,0.0133333333333333,"1/75","28/7231",3.44333333333333,0.253591422966887,"94175",1,"Hrg"
"BP","GO:1902108","regulation of mitochondrial membrane permeability involved in apoptotic process",1,28,75,7231,0.0133333333333333,"1/75","28/7231",3.44333333333333,0.253591422966887,"93734",1,"Mpv17l"
"BP","GO:1903409","reactive oxygen species biosynthetic process",1,28,75,7231,0.0133333333333333,"1/75","28/7231",3.44333333333333,0.253591422966887,"93734",1,"Mpv17l"
"BP","GO:1905710","positive regulation of membrane permeability",1,28,75,7231,0.0133333333333333,"1/75","28/7231",3.44333333333333,0.253591422966887,"93734",1,"Mpv17l"
"BP","GO:2000378","negative regulation of reactive oxygen species metabolic process",1,28,75,7231,0.0133333333333333,"1/75","28/7231",3.44333333333333,0.253591422966887,"93734",1,"Mpv17l"
"MF","GO:1990756","ubiquitin ligase-substrate adaptor activity",1,29,72,7153,0.0138888888888889,"1/72","29/7153",3.4257662835249,0.2546960993255,"71765",1,"Klhdc3"
"CC","GO:0030666","endocytic vesicle membrane",1,29,75,7294,0.0133333333333333,"1/75","29/7294",3.3535632183908,0.25941417512819,"94175",1,"Hrg"
"BP","GO:0010596","negative regulation of endothelial cell migration",1,29,75,7231,0.0133333333333333,"1/75","29/7231",3.32459770114943,0.261363274039701,"94175",1,"Hrg"
"BP","GO:0015695","organic cation transport",1,29,75,7231,0.0133333333333333,"1/75","29/7231",3.32459770114943,0.261363274039701,"11540",1,"Adora2a"
"BP","GO:0035710","CD4-positive, alpha-beta T cell activation",1,29,75,7231,0.0133333333333333,"1/75","29/7231",3.32459770114943,0.261363274039701,"13136",1,"Cd55"
"BP","GO:0042472","inner ear morphogenesis",1,29,75,7231,0.0133333333333333,"1/75","29/7231",3.32459770114943,0.261363274039701,"16206",1,"Lrig1"
"BP","GO:0043268","positive regulation of potassium ion transport",1,29,75,7231,0.0133333333333333,"1/75","29/7231",3.32459770114943,0.261363274039701,"11472",1,"Actn2"
"BP","GO:0061028","establishment of endothelial barrier",1,29,75,7231,0.0133333333333333,"1/75","29/7231",3.32459770114943,0.261363274039701,"68268",1,"Zdhhc21"
"BP","GO:0071470","cellular response to osmotic stress",1,29,75,7231,0.0133333333333333,"1/75","29/7231",3.32459770114943,0.261363274039701,"56449",1,"Ybx3"
"BP","GO:0097300","programmed necrotic cell death",1,29,75,7231,0.0133333333333333,"1/75","29/7231",3.32459770114943,0.261363274039701,"56449",1,"Ybx3"
"BP","GO:1900273","positive regulation of long-term synaptic potentiation",1,29,75,7231,0.0133333333333333,"1/75","29/7231",3.32459770114943,0.261363274039701,"11540",1,"Adora2a"
"MF","GO:0043531","ADP binding",1,30,72,7153,0.0138888888888889,"1/72","30/7153",3.31157407407407,0.262228648574316,"11783",1,"Apaf1"
"BP","GO:0030308","negative regulation of cell growth",2,96,75,7231,0.0266666666666667,"2/75","96/7231",2.00861111111111,0.262610640171131,"11625/94175",1,"Ahsg/Hrg"
"BP","GO:0043281","regulation of cysteine-type endopeptidase activity involved in apoptotic process",2,96,75,7231,0.0266666666666667,"2/75","96/7231",2.00861111111111,0.262610640171131,"11540/11783",1,"Adora2a/Apaf1"
"BP","GO:0048608","reproductive structure development",2,97,75,7231,0.0266666666666667,"2/75","97/7231",1.98790378006873,0.266471794188209,"56449/11625",1,"Ybx3/Ahsg"
"BP","GO:0090596","sensory organ morphogenesis",2,97,75,7231,0.0266666666666667,"2/75","97/7231",1.98790378006873,0.266471794188209,"16206/20687",1,"Lrig1/Sp3"
"BP","GO:1903039","positive regulation of leukocyte cell-cell adhesion",2,97,75,7231,0.0266666666666667,"2/75","97/7231",1.98790378006873,0.266471794188209,"14999/13136",1,"H2-DMb1/Cd55"
"BP","GO:0001892","embryonic placenta development",1,30,75,7231,0.0133333333333333,"1/75","30/7231",3.21377777777778,0.269055269936261,"20687",1,"Sp3"
"BP","GO:0030500","regulation of bone mineralization",1,30,75,7231,0.0133333333333333,"1/75","30/7231",3.21377777777778,0.269055269936261,"11625",1,"Ahsg"
"BP","GO:0032228","regulation of synaptic transmission, GABAergic",1,30,75,7231,0.0133333333333333,"1/75","30/7231",3.21377777777778,0.269055269936261,"11540",1,"Adora2a"
"BP","GO:0032371","regulation of sterol transport",1,30,75,7231,0.0133333333333333,"1/75","30/7231",3.21377777777778,0.269055269936261,"20788",1,"Srebf2"
"BP","GO:0032374","regulation of cholesterol transport",1,30,75,7231,0.0133333333333333,"1/75","30/7231",3.21377777777778,0.269055269936261,"20788",1,"Srebf2"
"BP","GO:0035924","cellular response to vascular endothelial growth factor stimulus",1,30,75,7231,0.0133333333333333,"1/75","30/7231",3.21377777777778,0.269055269936261,"94175",1,"Hrg"
"BP","GO:1903350","response to dopamine",1,30,75,7231,0.0133333333333333,"1/75","30/7231",3.21377777777778,0.269055269936261,"94245",1,"Dtnbp1"
"BP","GO:1903351","cellular response to dopamine",1,30,75,7231,0.0133333333333333,"1/75","30/7231",3.21377777777778,0.269055269936261,"94245",1,"Dtnbp1"
"BP","GO:2000628","regulation of miRNA metabolic process",1,30,75,7231,0.0133333333333333,"1/75","30/7231",3.21377777777778,0.269055269936261,"20788",1,"Srebf2"
"MF","GO:0042393","histone binding",2,102,72,7153,0.0277777777777778,"2/72","102/7153",1.94798474945534,0.274148110403126,"239364/494448",1,"Tspyl5/Cbx6"
"BP","GO:0009267","cellular response to starvation",2,99,75,7231,0.0266666666666667,"2/75","99/7231",1.94774410774411,0.274194582633875,"20788/52187",1,"Srebf2/Rragd"
"BP","GO:0061458","reproductive system development",2,99,75,7231,0.0266666666666667,"2/75","99/7231",1.94774410774411,0.274194582633875,"56449/11625",1,"Ybx3/Ahsg"
"CC","GO:0019897","extrinsic component of plasma membrane",2,100,75,7294,0.0266666666666667,"2/75","100/7294",1.94506666666667,0.274720569889845,"14709/14302",1,"Gng8/Frk"
"BP","GO:0002824","positive regulation of adaptive immune response based on somatic recombination of immune receptors built from immunoglobulin superfamily domains",1,31,75,7231,0.0133333333333333,"1/75","31/7231",3.11010752688172,0.27666822018689,"13136",1,"Cd55"
"BP","GO:0050810","regulation of steroid biosynthetic process",1,31,75,7231,0.0133333333333333,"1/75","31/7231",3.11010752688172,0.27666822018689,"20788",1,"Srebf2"
"MF","GO:0000981","DNA-binding transcription factor activity, RNA polymerase II-specific",2,103,72,7153,0.0277777777777778,"2/72","103/7153",1.92907227615965,0.277895458192894,"20788/20687",1,"Srebf2/Sp3"
"BP","GO:0048738","cardiac muscle tissue development",2,100,75,7231,0.0266666666666667,"2/75","100/7231",1.92826666666667,0.27805539342076,"11472/225288",1,"Actn2/Fhod3"
"BP","GO:2001242","regulation of intrinsic apoptotic signaling pathway",2,100,75,7231,0.0266666666666667,"2/75","100/7231",1.92826666666667,0.27805539342076,"56449/234371",1,"Ybx3/Tmem161a"
"CC","GO:0045121","membrane raft",3,179,75,7294,0.04,"3/75","179/7294",1.62994413407821,0.279448631060278,"13136/54447/76438",1,"Cd55/Asah2/Rftn1"
"CC","GO:0098857","membrane microdomain",3,179,75,7294,0.04,"3/75","179/7294",1.62994413407821,0.279448631060278,"13136/54447/76438",1,"Cd55/Asah2/Rftn1"
"BP","GO:0060537","muscle tissue development",3,178,75,7231,0.04,"3/75","178/7231",1.62494382022472,0.2809943586429,"56449/11472/225288",1,"Ybx3/Actn2/Fhod3"
"BP","GO:0090066","regulation of anatomical structure size",5,343,75,7231,0.0666666666666667,"5/75","343/7231",1.40544217687075,0.282862591009237,"16644/68268/11472/11540/225288",1,"Kng1/Zdhhc21/Actn2/Adora2a/Fhod3"
"BP","GO:0001942","hair follicle development",1,32,75,7231,0.0133333333333333,"1/75","32/7231",3.01291666666667,0.28420292622661,"68268",1,"Zdhhc21"
"BP","GO:0006334","nucleosome assembly",1,32,75,7231,0.0133333333333333,"1/75","32/7231",3.01291666666667,0.28420292622661,"239364",1,"Tspyl5"
"BP","GO:0006805","xenobiotic metabolic process",1,32,75,7231,0.0133333333333333,"1/75","32/7231",3.01291666666667,0.28420292622661,"94284",1,"Ugt1a6a"
"BP","GO:0018198","peptidyl-cysteine modification",1,32,75,7231,0.0133333333333333,"1/75","32/7231",3.01291666666667,0.28420292622661,"68268",1,"Zdhhc21"
"BP","GO:0019098","reproductive behavior",1,32,75,7231,0.0133333333333333,"1/75","32/7231",3.01291666666667,0.28420292622661,"22353",1,"Vip"
"BP","GO:0030216","keratinocyte differentiation",1,32,75,7231,0.0133333333333333,"1/75","32/7231",3.01291666666667,0.28420292622661,"106025",1,"Sharpin"
"BP","GO:0030866","cortical actin cytoskeleton organization",1,32,75,7231,0.0133333333333333,"1/75","32/7231",3.01291666666667,0.28420292622661,"225288",1,"Fhod3"
"BP","GO:0031341","regulation of cell killing",1,32,75,7231,0.0133333333333333,"1/75","32/7231",3.01291666666667,0.28420292622661,"13136",1,"Cd55"
"BP","GO:0034198","cellular response to amino acid starvation",1,32,75,7231,0.0133333333333333,"1/75","32/7231",3.01291666666667,0.28420292622661,"52187",1,"Rragd"
"BP","GO:0045453","bone resorption",1,32,75,7231,0.0133333333333333,"1/75","32/7231",3.01291666666667,0.28420292622661,"11625",1,"Ahsg"
"BP","GO:0090288","negative regulation of cellular response to growth factor stimulus",1,32,75,7231,0.0133333333333333,"1/75","32/7231",3.01291666666667,0.28420292622661,"94175",1,"Hrg"
"BP","GO:2000008","regulation of protein localization to cell surface",1,32,75,7231,0.0133333333333333,"1/75","32/7231",3.01291666666667,0.28420292622661,"11472",1,"Actn2"
"MF","GO:0030374","nuclear receptor coactivator activity",1,33,72,7153,0.0138888888888889,"1/72","33/7153",3.01052188552188,0.284378747405045,"11472",1,"Actn2"
"MF","GO:0140296","general transcription initiation factor binding",1,33,72,7153,0.0138888888888889,"1/72","33/7153",3.01052188552188,0.284378747405045,"67088",1,"Cand2"
"BP","GO:0055001","muscle cell development",2,102,75,7231,0.0266666666666667,"2/75","102/7231",1.89045751633987,0.285773851035219,"11472/225288",1,"Actn2/Fhod3"
"BP","GO:0032870","cellular response to hormone stimulus",4,262,75,7231,0.0533333333333333,"4/75","262/7231",1.47195928753181,0.288196260546002,"11625/11472/94284/20606",1,"Ahsg/Actn2/Ugt1a6a/Sstr2"
"BP","GO:0048545","response to steroid hormone",2,103,75,7231,0.0266666666666667,"2/75","103/7231",1.87210355987055,0.289630723317127,"94284/20606",1,"Ugt1a6a/Sstr2"
"BP","GO:0031329","regulation of cellular catabolic process",5,347,75,7231,0.0666666666666667,"5/75","347/7231",1.38924111431316,0.290976387440418,"112403/66454/52187/11783/20773",1,"Dxo/Nmnat1/Rragd/Apaf1/Sptlc2"
"BP","GO:0032526","response to retinoic acid",1,33,75,7231,0.0133333333333333,"1/75","33/7231",2.92161616161616,0.291660181474978,"234371",1,"Tmem161a"
"BP","GO:0046627","negative regulation of insulin receptor signaling pathway",1,33,75,7231,0.0133333333333333,"1/75","33/7231",2.92161616161616,0.291660181474978,"11625",1,"Ahsg"
"BP","GO:0051084","'de novo' post-translational protein folding",1,33,75,7231,0.0133333333333333,"1/75","33/7231",2.92161616161616,0.291660181474978,"14999",1,"H2-DMb1"
"BP","GO:0070167","regulation of biomineral tissue development",1,33,75,7231,0.0133333333333333,"1/75","33/7231",2.92161616161616,0.291660181474978,"11625",1,"Ahsg"
"BP","GO:0070301","cellular response to hydrogen peroxide",1,33,75,7231,0.0133333333333333,"1/75","33/7231",2.92161616161616,0.291660181474978,"22068",1,"Trpc6"
"BP","GO:0050657","nucleic acid transport",2,104,75,7231,0.0266666666666667,"2/75","104/7231",1.85410256410256,0.293485521429971,"230082/76438",1,"Nol6/Rftn1"
"BP","GO:0050658","RNA transport",2,104,75,7231,0.0266666666666667,"2/75","104/7231",1.85410256410256,0.293485521429971,"230082/76438",1,"Nol6/Rftn1"
"BP","GO:0051236","establishment of RNA localization",2,104,75,7231,0.0266666666666667,"2/75","104/7231",1.85410256410256,0.293485521429971,"230082/76438",1,"Nol6/Rftn1"
"BP","GO:0071248","cellular response to metal ion",2,104,75,7231,0.0266666666666667,"2/75","104/7231",1.85410256410256,0.293485521429971,"54524/94175",1,"Syt6/Hrg"
"MF","GO:0005509","calcium ion binding",4,273,72,7153,0.0555555555555556,"4/72","273/7153",1.45563695563696,0.295041725458927,"56846/11472/54524/54447",1,"Necab3/Actn2/Syt6/Asah2"
"BP","GO:0051253","negative regulation of RNA metabolic process",6,436,75,7231,0.08,"6/75","436/7231",1.32678899082569,0.297725433894109,"20788/56449/66454/20687/494448/14302",1,"Srebf2/Ybx3/Nmnat1/Sp3/Cbx6/Frk"
"MF","GO:0008194","UDP-glycosyltransferase activity",1,35,72,7153,0.0138888888888889,"1/72","35/7153",2.83849206349206,0.298779813166651,"94284",1,"Ugt1a6a"
"BP","GO:0001938","positive regulation of endothelial cell proliferation",1,34,75,7231,0.0133333333333333,"1/75","34/7231",2.8356862745098,0.299040771415153,"22353",1,"Vip"
"BP","GO:0002708","positive regulation of lymphocyte mediated immunity",1,34,75,7231,0.0133333333333333,"1/75","34/7231",2.8356862745098,0.299040771415153,"13136",1,"Cd55"
"BP","GO:0006458","'de novo' protein folding",1,34,75,7231,0.0133333333333333,"1/75","34/7231",2.8356862745098,0.299040771415153,"14999",1,"H2-DMb1"
"BP","GO:0043506","regulation of JUN kinase activity",1,34,75,7231,0.0133333333333333,"1/75","34/7231",2.8356862745098,0.299040771415153,"94245",1,"Dtnbp1"
"BP","GO:0046718","viral entry into host cell",1,34,75,7231,0.0133333333333333,"1/75","34/7231",2.8356862745098,0.299040771415153,"52009",1,"Jpt2"
"BP","GO:0048662","negative regulation of smooth muscle cell proliferation",1,34,75,7231,0.0133333333333333,"1/75","34/7231",2.8356862745098,0.299040771415153,"22353",1,"Vip"
"BP","GO:1990748","cellular detoxification",1,34,75,7231,0.0133333333333333,"1/75","34/7231",2.8356862745098,0.299040771415153,"11699",1,"Ambp"
"BP","GO:0003012","muscle system process",3,185,75,7231,0.04,"3/75","185/7231",1.56345945945946,0.300906333359085,"68268/11472/20606",1,"Zdhhc21/Actn2/Sstr2"
"BP","GO:0008544","epidermis development",2,106,75,7231,0.0266666666666667,"2/75","106/7231",1.81911949685535,0.30118743225677,"68268/106025",1,"Zdhhc21/Sharpin"
"BP","GO:1903305","regulation of regulated secretory pathway",2,106,75,7231,0.0266666666666667,"2/75","106/7231",1.81911949685535,0.30118743225677,"54524/94245",1,"Syt6/Dtnbp1"
"BP","GO:0001894","tissue homeostasis",2,107,75,7231,0.0266666666666667,"2/75","107/7231",1.80211838006231,0.305033832518772,"11625/11540",1,"Ahsg/Adora2a"
"BP","GO:0014706","striated muscle tissue development",2,107,75,7231,0.0266666666666667,"2/75","107/7231",1.80211838006231,0.305033832518772,"11472/225288",1,"Actn2/Fhod3"
"BP","GO:0060249","anatomical structure homeostasis",2,107,75,7231,0.0266666666666667,"2/75","107/7231",1.80211838006231,0.305033832518772,"11625/11540",1,"Ahsg/Adora2a"
"MF","GO:0030170","pyridoxal phosphate binding",1,36,72,7153,0.0138888888888889,"1/72","36/7153",2.75964506172839,0.305872796230995,"20773",1,"Sptlc2"
"BP","GO:0002718","regulation of cytokine production involved in immune response",1,35,75,7231,0.0133333333333333,"1/75","35/7231",2.75466666666667,0.306345473672186,"13136",1,"Cd55"
"BP","GO:0002821","positive regulation of adaptive immune response",1,35,75,7231,0.0133333333333333,"1/75","35/7231",2.75466666666667,0.306345473672186,"13136",1,"Cd55"
"BP","GO:0007193","adenylate cyclase-inhibiting G protein-coupled receptor signaling pathway",1,35,75,7231,0.0133333333333333,"1/75","35/7231",2.75466666666667,0.306345473672186,"20606",1,"Sstr2"
"BP","GO:0032786","positive regulation of DNA-templated transcription, elongation",1,35,75,7231,0.0133333333333333,"1/75","35/7231",2.75466666666667,0.306345473672186,"26896",1,"Med14"
"BP","GO:0033059","cellular pigmentation",1,35,75,7231,0.0133333333333333,"1/75","35/7231",2.75466666666667,0.306345473672186,"94245",1,"Dtnbp1"
"BP","GO:0033209","tumor necrosis factor-mediated signaling pathway",1,35,75,7231,0.0133333333333333,"1/75","35/7231",2.75466666666667,0.306345473672186,"106025",1,"Sharpin"
"BP","GO:0050766","positive regulation of phagocytosis",1,35,75,7231,0.0133333333333333,"1/75","35/7231",2.75466666666667,0.306345473672186,"11625",1,"Ahsg"
"BP","GO:0150076","neuroinflammatory response",1,35,75,7231,0.0133333333333333,"1/75","35/7231",2.75466666666667,0.306345473672186,"11540",1,"Adora2a"
"BP","GO:1902743","regulation of lamellipodium organization",1,35,75,7231,0.0133333333333333,"1/75","35/7231",2.75466666666667,0.306345473672186,"94175",1,"Hrg"
"BP","GO:0045807","positive regulation of endocytosis",2,108,75,7231,0.0266666666666667,"2/75","108/7231",1.78543209876543,0.308876733478681,"11625/94245",1,"Ahsg/Dtnbp1"
"MF","GO:0003779","actin binding",4,280,72,7153,0.0555555555555556,"4/72","280/7153",1.41924603174603,0.311055088877884,"11472/22068/225288/14473",1,"Actn2/Trpc6/Fhod3/Gc"
"MF","GO:0016747","acyltransferase activity, transferring groups other than amino-acyl groups",2,112,72,7153,0.0277777777777778,"2/72","112/7153",1.77405753968254,0.311542547013907,"68268/20773",1,"Zdhhc21/Sptlc2"
"MF","GO:0005544","calcium-dependent phospholipid binding",1,37,72,7153,0.0138888888888889,"1/72","37/7153",2.68506006006006,0.312895018891016,"54524",1,"Syt6"
"MF","GO:0070279","vitamin B6 binding",1,37,72,7153,0.0138888888888889,"1/72","37/7153",2.68506006006006,0.312895018891016,"20773",1,"Sptlc2"
"CC","GO:0030017","sarcomere",2,110,75,7294,0.0266666666666667,"2/75","110/7294",1.76824242424242,0.312905383630418,"11472/225288",1,"Actn2/Fhod3"
"MF","GO:0000976","transcription cis-regulatory region binding",3,195,72,7153,0.0416666666666667,"3/72","195/7153",1.5284188034188,0.313009807892332,"20788/56449/20687",1,"Srebf2/Ybx3/Sp3"
"BP","GO:0001954","positive regulation of cell-matrix adhesion",1,36,75,7231,0.0133333333333333,"1/75","36/7231",2.67814814814815,0.313575058090555,"94175",1,"Hrg"
"BP","GO:0033363","secretory granule organization",1,36,75,7231,0.0133333333333333,"1/75","36/7231",2.67814814814815,0.313575058090555,"94245",1,"Dtnbp1"
"BP","GO:0043154","negative regulation of cysteine-type endopeptidase activity involved in apoptotic process",1,36,75,7231,0.0133333333333333,"1/75","36/7231",2.67814814814815,0.313575058090555,"11540",1,"Adora2a"
"BP","GO:0050868","negative regulation of T cell activation",1,36,75,7231,0.0133333333333333,"1/75","36/7231",2.67814814814815,0.313575058090555,"11540",1,"Adora2a"
"BP","GO:1900077","negative regulation of cellular response to insulin stimulus",1,36,75,7231,0.0133333333333333,"1/75","36/7231",2.67814814814815,0.313575058090555,"11625",1,"Ahsg"
"BP","GO:1990928","response to amino acid starvation",1,36,75,7231,0.0133333333333333,"1/75","36/7231",2.67814814814815,0.313575058090555,"52187",1,"Rragd"
"BP","GO:0043524","negative regulation of neuron apoptotic process",2,110,75,7231,0.0266666666666667,"2/75","110/7231",1.7529696969697,0.316550693703752,"66454/11540",1,"Nmnat1/Adora2a"
"BP","GO:2000116","regulation of cysteine-type endopeptidase activity",2,110,75,7231,0.0266666666666667,"2/75","110/7231",1.7529696969697,0.316550693703752,"11540/11783",1,"Adora2a/Apaf1"
"BP","GO:0002831","regulation of response to biotic stimulus",3,191,75,7231,0.04,"3/75","191/7231",1.51434554973822,0.318042751713897,"13136/94175/76438",1,"Cd55/Hrg/Rftn1"
"CC","GO:0032040","small-subunit processome",1,37,75,7294,0.0133333333333333,"1/75","37/7294",2.62846846846847,0.318439995173868,"230082",1,"Nol6"
"CC","GO:0099092","postsynaptic density, intracellular component",1,37,75,7294,0.0133333333333333,"1/75","37/7294",2.62846846846847,0.318439995173868,"11472",1,"Actn2"
"MF","GO:0001786","phosphatidylserine binding",1,38,72,7153,0.0138888888888889,"1/72","38/7153",2.61440058479532,0.319847177215896,"54524",1,"Syt6"
"MF","GO:0004860","protein kinase inhibitor activity",1,38,72,7153,0.0138888888888889,"1/72","38/7153",2.61440058479532,0.319847177215896,"11625",1,"Ahsg"
"MF","GO:0016811","hydrolase activity, acting on carbon-nitrogen (but not peptide) bonds, in linear amides",1,38,72,7153,0.0138888888888889,"1/72","38/7153",2.61440058479532,0.319847177215896,"54447",1,"Asah2"
"BP","GO:0034767","positive regulation of monoatomic ion transmembrane transport",2,111,75,7231,0.0266666666666667,"2/75","111/7231",1.73717717717718,0.3203810989439,"11472/22068",1,"Actn2/Trpc6"
"BP","GO:0051251","positive regulation of lymphocyte activation",2,111,75,7231,0.0266666666666667,"2/75","111/7231",1.73717717717718,0.3203810989439,"14999/13136",1,"H2-DMb1/Cd55"
"BP","GO:0001510","RNA methylation",1,37,75,7231,0.0133333333333333,"1/75","37/7231",2.60576576576577,0.320730286810945,"54632",1,"Ftsj1"
"BP","GO:0001885","endothelial cell development",1,37,75,7231,0.0133333333333333,"1/75","37/7231",2.60576576576577,0.320730286810945,"68268",1,"Zdhhc21"
"BP","GO:0010823","negative regulation of mitochondrion organization",1,37,75,7231,0.0133333333333333,"1/75","37/7231",2.60576576576577,0.320730286810945,"93734",1,"Mpv17l"
"BP","GO:0034243","regulation of transcription elongation by RNA polymerase II",1,37,75,7231,0.0133333333333333,"1/75","37/7231",2.60576576576577,0.320730286810945,"26896",1,"Med14"
"BP","GO:0042471","ear morphogenesis",1,37,75,7231,0.0133333333333333,"1/75","37/7231",2.60576576576577,0.320730286810945,"16206",1,"Lrig1"
"BP","GO:0044409","entry into host",1,37,75,7231,0.0133333333333333,"1/75","37/7231",2.60576576576577,0.320730286810945,"52009",1,"Jpt2"
"BP","GO:0046902","regulation of mitochondrial membrane permeability",1,37,75,7231,0.0133333333333333,"1/75","37/7231",2.60576576576577,0.320730286810945,"93734",1,"Mpv17l"
"BP","GO:1901016","regulation of potassium ion transmembrane transporter activity",1,37,75,7231,0.0133333333333333,"1/75","37/7231",2.60576576576577,0.320730286810945,"11472",1,"Actn2"
"BP","GO:1904263","positive regulation of TORC1 signaling",1,37,75,7231,0.0133333333333333,"1/75","37/7231",2.60576576576577,0.320730286810945,"52187",1,"Rragd"
"BP","GO:2001259","positive regulation of cation channel activity",1,37,75,7231,0.0133333333333333,"1/75","37/7231",2.60576576576577,0.320730286810945,"11472",1,"Actn2"
"BP","GO:0009314","response to radiation",3,192,75,7231,0.04,"3/75","192/7231",1.50645833333333,0.320902248983512,"234371/239364/18971",1,"Tmem161a/Tspyl5/Pold1"
"BP","GO:0015711","organic anion transport",3,192,75,7231,0.04,"3/75","192/7231",1.50645833333333,0.320902248983512,"11540/94281/94245",1,"Adora2a/Sfxn4/Dtnbp1"
"BP","GO:0000122","negative regulation of transcription by RNA polymerase II",4,276,75,7231,0.0533333333333333,"4/75","276/7231",1.39729468599034,0.321191635826461,"20788/56449/494448/14302",1,"Srebf2/Ybx3/Cbx6/Frk"
"MF","GO:0001067","transcription regulatory region nucleic acid binding",3,198,72,7153,0.0416666666666667,"3/72","198/7153",1.50526094276094,0.321336530661657,"20788/56449/20687",1,"Srebf2/Ybx3/Sp3"
"BP","GO:0033993","response to lipid",4,277,75,7231,0.0533333333333333,"4/75","277/7231",1.39225030084236,0.323563531647236,"234371/13136/94284/20606",1,"Tmem161a/Cd55/Ugt1a6a/Sstr2"
"BP","GO:0031330","negative regulation of cellular catabolic process",2,112,75,7231,0.0266666666666667,"2/75","112/7231",1.72166666666667,0.324206696614653,"66454/52187",1,"Nmnat1/Rragd"
"BP","GO:0031348","negative regulation of defense response",2,112,75,7231,0.0266666666666667,"2/75","112/7231",1.72166666666667,0.324206696614653,"11540/106025",1,"Adora2a/Sharpin"
"CC","GO:0000792","heterochromatin",1,38,75,7294,0.0133333333333333,"1/75","38/7294",2.55929824561403,0.325483814983976,"494448",1,"Cbx6"
"CC","GO:0031985","Golgi cisterna",1,38,75,7294,0.0133333333333333,"1/75","38/7294",2.55929824561403,0.325483814983976,"56846",1,"Necab3"
"BP","GO:0002253","activation of immune response",3,194,75,7231,0.04,"3/75","194/7231",1.49092783505155,0.326622712637909,"13136/12279/76438",1,"Cd55/C9/Rftn1"
"BP","GO:0051402","neuron apoptotic process",3,194,75,7231,0.04,"3/75","194/7231",1.49092783505155,0.326622712637909,"66454/11540/11783",1,"Nmnat1/Adora2a/Apaf1"
"MF","GO:0019210","kinase inhibitor activity",1,39,72,7153,0.0138888888888889,"1/72","39/7153",2.54736467236467,0.326729960524463,"11625",1,"Ahsg"
"MF","GO:0031593","polyubiquitin modification-dependent protein binding",1,39,72,7153,0.0138888888888889,"1/72","39/7153",2.54736467236467,0.326729960524463,"106025",1,"Sharpin"
"BP","GO:0010633","negative regulation of epithelial cell migration",1,38,75,7231,0.0133333333333333,"1/75","38/7231",2.53719298245614,0.327811914346277,"94175",1,"Hrg"
"BP","GO:0010659","cardiac muscle cell apoptotic process",1,38,75,7231,0.0133333333333333,"1/75","38/7231",2.53719298245614,0.327811914346277,"11783",1,"Apaf1"
"BP","GO:0017158","regulation of calcium ion-dependent exocytosis",1,38,75,7231,0.0133333333333333,"1/75","38/7231",2.53719298245614,0.327811914346277,"54524",1,"Syt6"
"BP","GO:0042632","cholesterol homeostasis",1,38,75,7231,0.0133333333333333,"1/75","38/7231",2.53719298245614,0.327811914346277,"20788",1,"Srebf2"
"BP","GO:0045666","positive regulation of neuron differentiation",1,38,75,7231,0.0133333333333333,"1/75","38/7231",2.53719298245614,0.327811914346277,"22068",1,"Trpc6"
"BP","GO:0047496","vesicle transport along microtubule",1,38,75,7231,0.0133333333333333,"1/75","38/7231",2.53719298245614,0.327811914346277,"94245",1,"Dtnbp1"
"BP","GO:0051480","regulation of cytosolic calcium ion concentration",1,38,75,7231,0.0133333333333333,"1/75","38/7231",2.53719298245614,0.327811914346277,"22068",1,"Trpc6"
"BP","GO:0097237","cellular response to toxic substance",1,38,75,7231,0.0133333333333333,"1/75","38/7231",2.53719298245614,0.327811914346277,"11699",1,"Ambp"
"BP","GO:0140747","regulation of ncRNA transcription",1,38,75,7231,0.0133333333333333,"1/75","38/7231",2.53719298245614,0.327811914346277,"20788",1,"Srebf2"
"BP","GO:0008064","regulation of actin polymerization or depolymerization",2,113,75,7231,0.0266666666666667,"2/75","113/7231",1.70643067846608,0.328027177086363,"11472/225288",1,"Actn2/Fhod3"
"BP","GO:0046651","lymphocyte proliferation",2,113,75,7231,0.0266666666666667,"2/75","113/7231",1.70643067846608,0.328027177086363,"14999/13136",1,"H2-DMb1/Cd55"
"BP","GO:0009617","response to bacterium",3,195,75,7231,0.04,"3/75","195/7231",1.48328205128205,0.329483360361588,"13136/22353/106025",1,"Cd55/Vip/Sharpin"
"MF","GO:0003700","DNA-binding transcription factor activity",2,117,72,7153,0.0277777777777778,"2/72","117/7153",1.69824311490978,0.330117175784098,"20788/20687",1,"Srebf2/Sp3"
"BP","GO:0030832","regulation of actin filament length",2,114,75,7231,0.0266666666666667,"2/75","114/7231",1.69146198830409,0.331842237491976,"11472/225288",1,"Actn2/Fhod3"
"BP","GO:0006919","activation of cysteine-type endopeptidase activity involved in apoptotic process",1,39,75,7231,0.0133333333333333,"1/75","39/7231",2.47213675213675,0.334820687657,"11783",1,"Apaf1"
"BP","GO:0033627","cell adhesion mediated by integrin",1,39,75,7231,0.0133333333333333,"1/75","39/7231",2.47213675213675,0.334820687657,"94175",1,"Hrg"
"BP","GO:0048260","positive regulation of receptor-mediated endocytosis",1,39,75,7231,0.0133333333333333,"1/75","39/7231",2.47213675213675,0.334820687657,"94245",1,"Dtnbp1"
"BP","GO:0048489","synaptic vesicle transport",1,39,75,7231,0.0133333333333333,"1/75","39/7231",2.47213675213675,0.334820687657,"94245",1,"Dtnbp1"
"BP","GO:0055092","sterol homeostasis",1,39,75,7231,0.0133333333333333,"1/75","39/7231",2.47213675213675,0.334820687657,"20788",1,"Srebf2"
"BP","GO:0070059","intrinsic apoptotic signaling pathway in response to endoplasmic reticulum stress",1,39,75,7231,0.0133333333333333,"1/75","39/7231",2.47213675213675,0.334820687657,"11783",1,"Apaf1"
"BP","GO:0071867","response to monoamine",1,39,75,7231,0.0133333333333333,"1/75","39/7231",2.47213675213675,0.334820687657,"94245",1,"Dtnbp1"
"BP","GO:0071868","cellular response to monoamine stimulus",1,39,75,7231,0.0133333333333333,"1/75","39/7231",2.47213675213675,0.334820687657,"94245",1,"Dtnbp1"
"BP","GO:0071869","response to catecholamine",1,39,75,7231,0.0133333333333333,"1/75","39/7231",2.47213675213675,0.334820687657,"94245",1,"Dtnbp1"
"BP","GO:0071870","cellular response to catecholamine stimulus",1,39,75,7231,0.0133333333333333,"1/75","39/7231",2.47213675213675,0.334820687657,"94245",1,"Dtnbp1"
"BP","GO:1903036","positive regulation of response to wounding",1,39,75,7231,0.0133333333333333,"1/75","39/7231",2.47213675213675,0.334820687657,"94175",1,"Hrg"
"MF","GO:0033218","amide binding",3,203,72,7153,0.0416666666666667,"3/72","203/7153",1.4681855500821,0.335222584764774,"621968/14999/20606",1,"Trbv1/H2-DMb1/Sstr2"
"BP","GO:0042594","response to starvation",2,115,75,7231,0.0266666666666667,"2/75","115/7231",1.67675362318841,0.335651581623345,"20788/52187",1,"Srebf2/Rragd"
"BP","GO:0071241","cellular response to inorganic substance",2,115,75,7231,0.0266666666666667,"2/75","115/7231",1.67675362318841,0.335651581623345,"54524/94175",1,"Syt6/Hrg"
"CC","GO:0000785","chromatin",4,285,75,7294,0.0533333333333333,"4/75","285/7294",1.36495906432749,0.336725485030925,"66454/71765/239364/494448",1,"Nmnat1/Klhdc3/Tspyl5/Cbx6"
"BP","GO:0031347","regulation of defense response",4,283,75,7231,0.0533333333333333,"4/75","283/7231",1.36273262661955,0.33782279914845,"11625/11540/106025/76438",1,"Ahsg/Adora2a/Sharpin/Rftn1"
"CC","GO:0016328","lateral plasma membrane",1,40,75,7294,0.0133333333333333,"1/75","40/7294",2.43133333333333,0.339356669152087,"235312",1,"C1qtnf5"
"BP","GO:0006469","negative regulation of protein kinase activity",2,116,75,7231,0.0266666666666667,"2/75","116/7231",1.66229885057471,0.339454919828923,"11540/94245",1,"Adora2a/Dtnbp1"
"BP","GO:0032943","mononuclear cell proliferation",2,116,75,7231,0.0266666666666667,"2/75","116/7231",1.66229885057471,0.339454919828923,"14999/13136",1,"H2-DMb1/Cd55"
"MF","GO:0016651","oxidoreductase activity, acting on NAD(P)H",1,41,72,7153,0.0138888888888889,"1/72","41/7153",2.42310298102981,0.340290126002733,"11699",1,"Ambp"
"MF","GO:0003924","GTPase activity",3,205,72,7153,0.0416666666666667,"3/72","205/7153",1.45386178861789,0.340776512588813,"76877/11842/52187",1,"Rab36/Arf3/Rragd"
"BP","GO:0002367","cytokine production involved in immune response",1,40,75,7231,0.0133333333333333,"1/75","40/7231",2.41033333333333,0.34175734622565,"13136",1,"Cd55"
"BP","GO:0002698","negative regulation of immune effector process",1,40,75,7231,0.0133333333333333,"1/75","40/7231",2.41033333333333,0.34175734622565,"13136",1,"Cd55"
"BP","GO:0006261","DNA-templated DNA replication",1,40,75,7231,0.0133333333333333,"1/75","40/7231",2.41033333333333,0.34175734622565,"18971",1,"Pold1"
"BP","GO:0006695","cholesterol biosynthetic process",1,40,75,7231,0.0133333333333333,"1/75","40/7231",2.41033333333333,0.34175734622565,"20788",1,"Srebf2"
"BP","GO:0010658","striated muscle cell apoptotic process",1,40,75,7231,0.0133333333333333,"1/75","40/7231",2.41033333333333,0.34175734622565,"11783",1,"Apaf1"
"BP","GO:0019229","regulation of vasoconstriction",1,40,75,7231,0.0133333333333333,"1/75","40/7231",2.41033333333333,0.34175734622565,"68268",1,"Zdhhc21"
"BP","GO:0032413","negative regulation of ion transmembrane transporter activity",1,40,75,7231,0.0133333333333333,"1/75","40/7231",2.41033333333333,0.34175734622565,"11472",1,"Actn2"
"BP","GO:0046849","bone remodeling",1,40,75,7231,0.0133333333333333,"1/75","40/7231",2.41033333333333,0.34175734622565,"11625",1,"Ahsg"
"BP","GO:0099171","presynaptic modulation of chemical synaptic transmission",1,40,75,7231,0.0133333333333333,"1/75","40/7231",2.41033333333333,0.34175734622565,"11540",1,"Adora2a"
"BP","GO:1902653","secondary alcohol biosynthetic process",1,40,75,7231,0.0133333333333333,"1/75","40/7231",2.41033333333333,0.34175734622565,"20788",1,"Srebf2"
"BP","GO:0046649","lymphocyte activation",4,285,75,7231,0.0533333333333333,"4/75","285/7231",1.35316959064328,0.342584240915336,"14999/13136/11540/20687",1,"H2-DMb1/Cd55/Adora2a/Sp3"
"CC","GO:0005876","spindle microtubule",1,41,75,7294,0.0133333333333333,"1/75","41/7294",2.3720325203252,0.34618714196896,"73737",1,"Bbln"
"BP","GO:0006367","transcription initiation at RNA polymerase II promoter",1,41,75,7231,0.0133333333333333,"1/75","41/7231",2.35154471544715,0.34862262213068,"26896",1,"Med14"
"BP","GO:0006890","retrograde vesicle-mediated transport, Golgi to endoplasmic reticulum",1,41,75,7231,0.0133333333333333,"1/75","41/7231",2.35154471544715,0.34862262213068,"11842",1,"Arf3"
"BP","GO:0007528","neuromuscular junction development",1,41,75,7231,0.0133333333333333,"1/75","41/7231",2.35154471544715,0.34862262213068,"55983",1,"Pdzrn3"
"BP","GO:0010586","miRNA metabolic process",1,41,75,7231,0.0133333333333333,"1/75","41/7231",2.35154471544715,0.34862262213068,"20788",1,"Srebf2"
"BP","GO:0021675","nerve development",1,41,75,7231,0.0133333333333333,"1/75","41/7231",2.35154471544715,0.34862262213068,"16206",1,"Lrig1"
"BP","GO:0030278","regulation of ossification",1,41,75,7231,0.0133333333333333,"1/75","41/7231",2.35154471544715,0.34862262213068,"11625",1,"Ahsg"
"BP","GO:0030282","bone mineralization",1,41,75,7231,0.0133333333333333,"1/75","41/7231",2.35154471544715,0.34862262213068,"11625",1,"Ahsg"
"BP","GO:0030834","regulation of actin filament depolymerization",1,41,75,7231,0.0133333333333333,"1/75","41/7231",2.35154471544715,0.34862262213068,"11472",1,"Actn2"
"BP","GO:0030865","cortical cytoskeleton organization",1,41,75,7231,0.0133333333333333,"1/75","41/7231",2.35154471544715,0.34862262213068,"225288",1,"Fhod3"
"BP","GO:0031122","cytoplasmic microtubule organization",1,41,75,7231,0.0133333333333333,"1/75","41/7231",2.35154471544715,0.34862262213068,"83679",1,"Pde4dip"
"BP","GO:0035176","social behavior",1,41,75,7231,0.0133333333333333,"1/75","41/7231",2.35154471544715,0.34862262213068,"14709",1,"Gng8"
"BP","GO:0043535","regulation of blood vessel endothelial cell migration",1,41,75,7231,0.0133333333333333,"1/75","41/7231",2.35154471544715,0.34862262213068,"94175",1,"Hrg"
"BP","GO:0050848","regulation of calcium-mediated signaling",1,41,75,7231,0.0133333333333333,"1/75","41/7231",2.35154471544715,0.34862262213068,"52009",1,"Jpt2"
"BP","GO:0051703","biological process involved in intraspecies interaction between organisms",1,41,75,7231,0.0133333333333333,"1/75","41/7231",2.35154471544715,0.34862262213068,"14709",1,"Gng8"
"BP","GO:1903038","negative regulation of leukocyte cell-cell adhesion",1,41,75,7231,0.0133333333333333,"1/75","41/7231",2.35154471544715,0.34862262213068,"11540",1,"Adora2a"
"BP","GO:2000117","negative regulation of cysteine-type endopeptidase activity",1,41,75,7231,0.0133333333333333,"1/75","41/7231",2.35154471544715,0.34862262213068,"11540",1,"Adora2a"
"MF","GO:1990837","sequence-specific double-stranded DNA binding",3,208,72,7153,0.0416666666666667,"3/72","208/7153",1.43289262820513,0.349103389486993,"20788/56449/20687",1,"Srebf2/Ybx3/Sp3"
"BP","GO:1903532","positive regulation of secretion by cell",3,202,75,7231,0.04,"3/75","202/7231",1.43188118811881,0.349501185914927,"22353/11540/94245",1,"Vip/Adora2a/Dtnbp1"
"BP","GO:0043066","negative regulation of apoptotic process",6,464,75,7231,0.08,"6/75","464/7231",1.24672413793103,0.349788045806335,"93734/56449/234371/66454/22353/11540",1,"Mpv17l/Ybx3/Tmem161a/Nmnat1/Vip/Adora2a"
"BP","GO:0002697","regulation of immune effector process",2,119,75,7231,0.0266666666666667,"2/75","119/7231",1.62039215686275,0.350826098613907,"14999/13136",1,"H2-DMb1/Cd55"
"BP","GO:0045926","negative regulation of growth",2,119,75,7231,0.0266666666666667,"2/75","119/7231",1.62039215686275,0.350826098613907,"11625/94175",1,"Ahsg/Hrg"
"BP","GO:0002684","positive regulation of immune system process",5,376,75,7231,0.0666666666666667,"5/75","376/7231",1.28209219858156,0.350873214556778,"14999/13136/94175/12279/76438",1,"H2-DMb1/Cd55/Hrg/C9/Rftn1"
"BP","GO:0001503","ossification",2,120,75,7231,0.0266666666666667,"2/75","120/7231",1.60688888888889,0.354602644227741,"11625/20687",1,"Ahsg/Sp3"
"BP","GO:0022409","positive regulation of cell-cell adhesion",2,120,75,7231,0.0266666666666667,"2/75","120/7231",1.60688888888889,0.354602644227741,"14999/13136",1,"H2-DMb1/Cd55"
"BP","GO:0002702","positive regulation of production of molecular mediator of immune response",1,42,75,7231,0.0133333333333333,"1/75","42/7231",2.29555555555556,0.355417240119581,"13136",1,"Cd55"
"BP","GO:0002705","positive regulation of leukocyte mediated immunity",1,42,75,7231,0.0133333333333333,"1/75","42/7231",2.29555555555556,0.355417240119581,"13136",1,"Cd55"
"BP","GO:0006289","nucleotide-excision repair",1,42,75,7231,0.0133333333333333,"1/75","42/7231",2.29555555555556,0.355417240119581,"18971",1,"Pold1"
"BP","GO:0016126","sterol biosynthetic process",1,42,75,7231,0.0133333333333333,"1/75","42/7231",2.29555555555556,0.355417240119581,"20788",1,"Srebf2"
"BP","GO:1902905","positive regulation of supramolecular fiber organization",2,121,75,7231,0.0266666666666667,"2/75","121/7231",1.593608815427,0.358371830520513,"11472/83679",1,"Actn2/Pde4dip"
"CC","GO:0005881","cytoplasmic microtubule",1,43,75,7294,0.0133333333333333,"1/75","43/7294",2.26170542635659,0.359639721828531,"83679",1,"Pde4dip"
"CC","GO:0099091","postsynaptic specialization, intracellular component",1,43,75,7294,0.0133333333333333,"1/75","43/7294",2.26170542635659,0.359639721828531,"11472",1,"Actn2"
"BP","GO:0007517","muscle organ development",2,122,75,7231,0.0266666666666667,"2/75","122/7231",1.58054644808743,0.362133405106789,"56449/94245",1,"Ybx3/Dtnbp1"
"BP","GO:0003014","renal system process",1,43,75,7231,0.0133333333333333,"1/75","43/7231",2.24217054263566,0.362141917681277,"11540",1,"Adora2a"
"BP","GO:0007586","digestion",1,43,75,7231,0.0133333333333333,"1/75","43/7231",2.24217054263566,0.362141917681277,"54447",1,"Asah2"
"BP","GO:0034728","nucleosome organization",1,43,75,7231,0.0133333333333333,"1/75","43/7231",2.24217054263566,0.362141917681277,"239364",1,"Tspyl5"
"BP","GO:0071230","cellular response to amino acid stimulus",1,43,75,7231,0.0133333333333333,"1/75","43/7231",2.24217054263566,0.362141917681277,"52187",1,"Rragd"
"BP","GO:0071709","membrane assembly",1,43,75,7231,0.0133333333333333,"1/75","43/7231",2.24217054263566,0.362141917681277,"76438",1,"Rftn1"
"BP","GO:0090559","regulation of membrane permeability",1,43,75,7231,0.0133333333333333,"1/75","43/7231",2.24217054263566,0.362141917681277,"93734",1,"Mpv17l"
"BP","GO:0098754","detoxification",1,43,75,7231,0.0133333333333333,"1/75","43/7231",2.24217054263566,0.362141917681277,"11699",1,"Ambp"
"BP","GO:0071396","cellular response to lipid",3,207,75,7231,0.04,"3/75","207/7231",1.39729468599034,0.363773046844744,"13136/94284/20606",1,"Cd55/Ugt1a6a/Sstr2"
"MF","GO:0003725","double-stranded RNA binding",1,45,72,7153,0.0138888888888889,"1/72","45/7153",2.20771604938272,0.366607552476064,"76438",1,"Rftn1"
"BP","GO:0002694","regulation of leukocyte activation",3,208,75,7231,0.04,"3/75","208/7231",1.39057692307692,0.366622891464972,"14999/13136/11540",1,"H2-DMb1/Cd55/Adora2a"
"BP","GO:0051093","negative regulation of developmental process",5,384,75,7231,0.0666666666666667,"5/75","384/7231",1.25538194444444,0.367596193113804,"56449/11625/94175/94245/22068",1,"Ybx3/Ahsg/Hrg/Dtnbp1/Trpc6"
"MF","GO:0003712","transcription coregulator activity",3,215,72,7153,0.0416666666666667,"3/72","215/7153",1.38624031007752,0.368495333496654,"67014/11472/26896",1,"Riox2/Actn2/Med14"
"BP","GO:0008630","intrinsic apoptotic signaling pathway in response to DNA damage",1,44,75,7231,0.0133333333333333,"1/75","44/7231",2.19121212121212,0.368797365117824,"234371",1,"Tmem161a"
"BP","GO:0030042","actin filament depolymerization",1,44,75,7231,0.0133333333333333,"1/75","44/7231",2.19121212121212,0.368797365117824,"11472",1,"Actn2"
"BP","GO:0046620","regulation of organ growth",1,44,75,7231,0.0133333333333333,"1/75","44/7231",2.19121212121212,0.368797365117824,"56449",1,"Ybx3"
"BP","GO:0061462","protein localization to lysosome",1,44,75,7231,0.0133333333333333,"1/75","44/7231",2.19121212121212,0.368797365117824,"56700",1,"Glmp"
"BP","GO:0098773","skin epidermis development",1,44,75,7231,0.0133333333333333,"1/75","44/7231",2.19121212121212,0.368797365117824,"68268",1,"Zdhhc21"
"BP","GO:0061061","muscle structure development",4,296,75,7231,0.0533333333333333,"4/75","296/7231",1.30288288288288,0.368805137383887,"56449/11472/94245/225288",1,"Ybx3/Actn2/Dtnbp1/Fhod3"
"BP","GO:0006403","RNA localization",2,124,75,7231,0.0266666666666667,"2/75","124/7231",1.55505376344086,0.369632738914198,"230082/76438",1,"Nol6/Rftn1"
"CC","GO:0098552","side of membrane",4,299,75,7294,0.0533333333333333,"4/75","299/7294",1.30104793756968,0.369800089823998,"14709/13136/54524/14302",1,"Gng8/Cd55/Syt6/Frk"
"BP","GO:0048598","embryonic morphogenesis",3,210,75,7231,0.04,"3/75","210/7231",1.37733333333333,0.372316949618527,"16206/11783/20687",1,"Lrig1/Apaf1/Sp3"
"MF","GO:0005496","steroid binding",1,46,72,7153,0.0138888888888889,"1/72","46/7153",2.15972222222222,0.373023457965896,"14473",1,"Gc"
"MF","GO:0051536","iron-sulfur cluster binding",1,46,72,7153,0.0138888888888889,"1/72","46/7153",2.15972222222222,0.373023457965896,"18971",1,"Pold1"
"MF","GO:0051540","metal cluster binding",1,46,72,7153,0.0138888888888889,"1/72","46/7153",2.15972222222222,0.373023457965896,"18971",1,"Pold1"
"MF","GO:0072341","modified amino acid binding",1,46,72,7153,0.0138888888888889,"1/72","46/7153",2.15972222222222,0.373023457965896,"54524",1,"Syt6"
"BP","GO:0044403","biological process involved in symbiotic interaction",2,125,75,7231,0.0266666666666667,"2/75","125/7231",1.54261333333333,0.373370022386117,"52009/94175",1,"Jpt2/Hrg"
"BP","GO:0051495","positive regulation of cytoskeleton organization",2,125,75,7231,0.0266666666666667,"2/75","125/7231",1.54261333333333,0.373370022386117,"11472/83679",1,"Actn2/Pde4dip"
"BP","GO:0051047","positive regulation of secretion",3,211,75,7231,0.04,"3/75","211/7231",1.37080568720379,0.375160894238798,"22353/11540/94245",1,"Vip/Adora2a/Dtnbp1"
"MF","GO:0046983","protein dimerization activity",6,492,72,7153,0.0833333333333333,"6/72","492/7153",1.2115514905149,0.375188035999428,"20788/11699/52187/54524/94284/22068",1,"Srebf2/Ambp/Rragd/Syt6/Ugt1a6a/Trpc6"
"BP","GO:0019218","regulation of steroid metabolic process",1,45,75,7231,0.0133333333333333,"1/75","45/7231",2.14251851851852,0.375384285615413,"20788",1,"Srebf2"
"BP","GO:0019915","lipid storage",1,45,75,7231,0.0133333333333333,"1/75","45/7231",2.14251851851852,0.375384285615413,"20788",1,"Srebf2"
"BP","GO:0030856","regulation of epithelial cell differentiation",1,45,75,7231,0.0133333333333333,"1/75","45/7231",2.14251851851852,0.375384285615413,"68268",1,"Zdhhc21"
"BP","GO:0031113","regulation of microtubule polymerization",1,45,75,7231,0.0133333333333333,"1/75","45/7231",2.14251851851852,0.375384285615413,"83679",1,"Pde4dip"
"BP","GO:0050795","regulation of behavior",1,45,75,7231,0.0133333333333333,"1/75","45/7231",2.14251851851852,0.375384285615413,"11540",1,"Adora2a"
"BP","GO:0090101","negative regulation of transmembrane receptor protein serine/threonine kinase signaling pathway",1,45,75,7231,0.0133333333333333,"1/75","45/7231",2.14251851851852,0.375384285615413,"209268",1,"Igsf1"
"BP","GO:0007160","cell-matrix adhesion",2,126,75,7231,0.0266666666666667,"2/75","126/7231",1.53037037037037,0.377098742473016,"11472/94175",1,"Actn2/Hrg"
"BP","GO:0031669","cellular response to nutrient levels",2,126,75,7231,0.0266666666666667,"2/75","126/7231",1.53037037037037,0.377098742473016,"20788/52187",1,"Srebf2/Rragd"
"MF","GO:0000978","RNA polymerase II cis-regulatory region sequence-specific DNA binding",2,130,72,7153,0.0277777777777778,"2/72","130/7153",1.5284188034188,0.377720794533401,"20788/20687",1,"Srebf2/Sp3"
"MF","GO:0003713","transcription coactivator activity",2,130,72,7153,0.0277777777777778,"2/72","130/7153",1.5284188034188,0.377720794533401,"11472/26896",1,"Actn2/Med14"
"MF","GO:0016209","antioxidant activity",1,47,72,7153,0.0138888888888889,"1/72","47/7153",2.1137706855792,0.379375267593933,"11699",1,"Ambp"
"BP","GO:0051250","negative regulation of lymphocyte activation",1,46,75,7231,0.0133333333333333,"1/75","46/7231",2.09594202898551,0.381903375314667,"11540",1,"Adora2a"
"BP","GO:1990542","mitochondrial transmembrane transport",1,46,75,7231,0.0133333333333333,"1/75","46/7231",2.09594202898551,0.381903375314667,"94281",1,"Sfxn4"
"BP","GO:0043069","negative regulation of programmed cell death",6,482,75,7231,0.08,"6/75","482/7231",1.20016597510373,0.383778807138983,"93734/56449/234371/66454/22353/11540",1,"Mpv17l/Ybx3/Tmem161a/Nmnat1/Vip/Adora2a"
"BP","GO:0033673","negative regulation of kinase activity",2,128,75,7231,0.0266666666666667,"2/75","128/7231",1.50645833333333,0.384529602305716,"11540/94245",1,"Adora2a/Dtnbp1"
"MF","GO:0004843","cysteine-type deubiquitinase activity",1,48,72,7153,0.0138888888888889,"1/72","48/7153",2.0697337962963,0.38566361275763,"78787",1,"Usp54"
"BP","GO:0045934","negative regulation of nucleobase-containing compound metabolic process",6,484,75,7231,0.08,"6/75","484/7231",1.19520661157025,0.387566052259757,"20788/56449/66454/20687/494448/14302",1,"Srebf2/Ybx3/Nmnat1/Sp3/Cbx6/Frk"
"BP","GO:0030837","negative regulation of actin filament polymerization",1,47,75,7231,0.0133333333333333,"1/75","47/7231",2.0513475177305,0.388355323380276,"225288",1,"Fhod3"
"BP","GO:0032008","positive regulation of TOR signaling",1,47,75,7231,0.0133333333333333,"1/75","47/7231",2.0513475177305,0.388355323380276,"52187",1,"Rragd"
"BP","GO:0032410","negative regulation of transporter activity",1,47,75,7231,0.0133333333333333,"1/75","47/7231",2.0513475177305,0.388355323380276,"11472",1,"Actn2"
"BP","GO:0032784","regulation of DNA-templated transcription elongation",1,47,75,7231,0.0133333333333333,"1/75","47/7231",2.0513475177305,0.388355323380276,"26896",1,"Med14"
"BP","GO:0008154","actin polymerization or depolymerization",2,130,75,7231,0.0266666666666667,"2/75","130/7231",1.48328205128205,0.391923591829389,"11472/225288",1,"Actn2/Fhod3"
"BP","GO:0001676","long-chain fatty acid metabolic process",1,48,75,7231,0.0133333333333333,"1/75","48/7231",2.00861111111111,0.394740812069931,"54447",1,"Asah2"
"BP","GO:0001843","neural tube closure",1,48,75,7231,0.0133333333333333,"1/75","48/7231",2.00861111111111,0.394740812069931,"11783",1,"Apaf1"
"BP","GO:0006970","response to osmotic stress",1,48,75,7231,0.0133333333333333,"1/75","48/7231",2.00861111111111,0.394740812069931,"56449",1,"Ybx3"
"BP","GO:0007631","feeding behavior",1,48,75,7231,0.0133333333333333,"1/75","48/7231",2.00861111111111,0.394740812069931,"11540",1,"Adora2a"
"BP","GO:0008089","anterograde axonal transport",1,48,75,7231,0.0133333333333333,"1/75","48/7231",2.00861111111111,0.394740812069931,"94245",1,"Dtnbp1"
"BP","GO:0016525","negative regulation of angiogenesis",1,48,75,7231,0.0133333333333333,"1/75","48/7231",2.00861111111111,0.394740812069931,"94175",1,"Hrg"
"BP","GO:0030183","B cell differentiation",1,48,75,7231,0.0133333333333333,"1/75","48/7231",2.00861111111111,0.394740812069931,"20687",1,"Sp3"
"BP","GO:0042310","vasoconstriction",1,48,75,7231,0.0133333333333333,"1/75","48/7231",2.00861111111111,0.394740812069931,"68268",1,"Zdhhc21"
"BP","GO:0060606","tube closure",1,48,75,7231,0.0133333333333333,"1/75","48/7231",2.00861111111111,0.394740812069931,"11783",1,"Apaf1"
"BP","GO:1901343","negative regulation of vasculature development",1,48,75,7231,0.0133333333333333,"1/75","48/7231",2.00861111111111,0.394740812069931,"94175",1,"Hrg"
"BP","GO:2000181","negative regulation of blood vessel morphogenesis",1,48,75,7231,0.0133333333333333,"1/75","48/7231",2.00861111111111,0.394740812069931,"94175",1,"Hrg"
"BP","GO:0008285","negative regulation of cell population proliferation",5,397,75,7231,0.0666666666666667,"5/75","397/7231",1.21427371956339,0.394813440543118,"22353/11540/94175/94245/22068",1,"Vip/Adora2a/Hrg/Dtnbp1/Trpc6"
"BP","GO:0002696","positive regulation of leukocyte activation",2,131,75,7231,0.0266666666666667,"2/75","131/7231",1.47195928753181,0.395606243755137,"14999/13136",1,"H2-DMb1/Cd55"
"BP","GO:0031032","actomyosin structure organization",2,131,75,7231,0.0266666666666667,"2/75","131/7231",1.47195928753181,0.395606243755137,"11472/225288",1,"Actn2/Fhod3"
"BP","GO:0070661","leukocyte proliferation",2,131,75,7231,0.0266666666666667,"2/75","131/7231",1.47195928753181,0.395606243755137,"14999/13136",1,"H2-DMb1/Cd55"
"MF","GO:0005546","phosphatidylinositol-4,5-bisphosphate binding",1,50,72,7153,0.0138888888888889,"1/72","50/7153",1.98694444444444,0.39805240468154,"11472",1,"Actn2"
"CC","GO:0016234","inclusion body",1,49,75,7294,0.0133333333333333,"1/75","49/7294",1.9847619047619,0.398380174332072,"18971",1,"Pold1"
"BP","GO:0045785","positive regulation of cell adhesion",3,220,75,7231,0.04,"3/75","220/7231",1.31472727272727,0.400640559685704,"14999/13136/94175",1,"H2-DMb1/Cd55/Hrg"
"BP","GO:0006400","tRNA modification",1,49,75,7231,0.0133333333333333,"1/75","49/7231",1.96761904761905,0.401060516802599,"54632",1,"Ftsj1"
"BP","GO:0034394","protein localization to cell surface",1,49,75,7231,0.0133333333333333,"1/75","49/7231",1.96761904761905,0.401060516802599,"11472",1,"Actn2"
"BP","GO:0044091","membrane biogenesis",1,49,75,7231,0.0133333333333333,"1/75","49/7231",1.96761904761905,0.401060516802599,"76438",1,"Rftn1"
"BP","GO:0045446","endothelial cell differentiation",1,49,75,7231,0.0133333333333333,"1/75","49/7231",1.96761904761905,0.401060516802599,"68268",1,"Zdhhc21"
"BP","GO:0048708","astrocyte differentiation",1,49,75,7231,0.0133333333333333,"1/75","49/7231",1.96761904761905,0.401060516802599,"11540",1,"Adora2a"
"BP","GO:0061001","regulation of dendritic spine morphogenesis",1,49,75,7231,0.0133333333333333,"1/75","49/7231",1.96761904761905,0.401060516802599,"94245",1,"Dtnbp1"
"BP","GO:2000300","regulation of synaptic vesicle exocytosis",1,49,75,7231,0.0133333333333333,"1/75","49/7231",1.96761904761905,0.401060516802599,"94245",1,"Dtnbp1"
"MF","GO:0038023","signaling receptor activity",3,227,72,7153,0.0416666666666667,"3/72","227/7153",1.31295888399413,0.401511964531462,"11540/209268/20606",1,"Adora2a/Igsf1/Sstr2"
"MF","GO:0060089","molecular transducer activity",3,227,72,7153,0.0416666666666667,"3/72","227/7153",1.31295888399413,0.401511964531462,"11540/209268/20606",1,"Adora2a/Igsf1/Sstr2"
"MF","GO:0000987","cis-regulatory region sequence-specific DNA binding",2,137,72,7153,0.0277777777777778,"2/72","137/7153",1.45032441200324,0.40280474655752,"20788/20687",1,"Srebf2/Sp3"
"CC","GO:0000323","lytic vacuole",4,313,75,7294,0.0533333333333333,"4/75","313/7294",1.2428541001065,0.402821908637911,"14999/56700/52187/94175",1,"H2-DMb1/Glmp/Rragd/Hrg"
"CC","GO:0005764","lysosome",4,313,75,7294,0.0533333333333333,"4/75","313/7294",1.2428541001065,0.402821908637911,"14999/56700/52187/94175",1,"H2-DMb1/Glmp/Rragd/Hrg"
"BP","GO:0007269","neurotransmitter secretion",2,133,75,7231,0.0266666666666667,"2/75","133/7231",1.44982456140351,0.402941873854524,"11540/94245",1,"Adora2a/Dtnbp1"
"BP","GO:0015931","nucleobase-containing compound transport",2,133,75,7231,0.0266666666666667,"2/75","133/7231",1.44982456140351,0.402941873854524,"230082/76438",1,"Nol6/Rftn1"
"BP","GO:0099643","signal release from synapse",2,133,75,7231,0.0266666666666667,"2/75","133/7231",1.44982456140351,0.402941873854524,"11540/94245",1,"Adora2a/Dtnbp1"
"BP","GO:0008015","blood circulation",3,221,75,7231,0.04,"3/75","221/7231",1.30877828054299,0.403456480585503,"16644/68268/11540",1,"Kng1/Zdhhc21/Adora2a"
"MF","GO:0016746","acyltransferase activity",4,320,72,7153,0.0555555555555556,"4/72","320/7153",1.24184027777778,0.403460586642748,"68268/55983/106025/20773",1,"Zdhhc21/Pdzrn3/Sharpin/Sptlc2"
"MF","GO:0008081","phosphoric diester hydrolase activity",1,51,72,7153,0.0138888888888889,"1/72","51/7153",1.94798474945534,0.404154083811898,"433022",1,"Plcxd2"
"MF","GO:0008201","heparin binding",1,51,72,7153,0.0138888888888889,"1/72","51/7153",1.94798474945534,0.404154083811898,"94175",1,"Hrg"
"CC","GO:0070062","extracellular exosome",1,50,75,7294,0.0133333333333333,"1/75","50/7294",1.94506666666667,0.404608122837951,"54447",1,"Asah2"
"MF","GO:0016462","pyrophosphatase activity",5,414,72,7153,0.0694444444444444,"5/72","414/7153",1.19984567901235,0.404831003711214,"76877/11842/112403/52187/66387",1,"Rab36/Arf3/Dxo/Rragd/Nudt8"
"BP","GO:0002833","positive regulation of response to biotic stimulus",2,134,75,7231,0.0266666666666667,"2/75","134/7231",1.43900497512438,0.406594471785626,"94175/76438",1,"Hrg/Rftn1"
"MF","GO:0016818","hydrolase activity, acting on acid anhydrides, in phosphorus-containing anhydrides",5,415,72,7153,0.0694444444444444,"5/72","415/7153",1.19695448460509,0.406861852054434,"76877/11842/112403/52187/66387",1,"Rab36/Arf3/Dxo/Rragd/Nudt8"
"BP","GO:0022411","cellular component disassembly",4,312,75,7231,0.0533333333333333,"4/75","312/7231",1.23606837606838,0.406862314656176,"11472/66454/11783/106025",1,"Actn2/Nmnat1/Apaf1/Sharpin"
"BP","GO:0007098","centrosome cycle",1,50,75,7231,0.0133333333333333,"1/75","50/7231",1.92826666666667,0.407315106226131,"83679",1,"Pde4dip"
"BP","GO:0014020","primary neural tube formation",1,50,75,7231,0.0133333333333333,"1/75","50/7231",1.92826666666667,0.407315106226131,"11783",1,"Apaf1"
"BP","GO:0015807","L-amino acid transport",1,50,75,7231,0.0133333333333333,"1/75","50/7231",1.92826666666667,0.407315106226131,"94245",1,"Dtnbp1"
"BP","GO:0046364","monosaccharide biosynthetic process",1,50,75,7231,0.0133333333333333,"1/75","50/7231",1.92826666666667,0.407315106226131,"94284",1,"Ugt1a6a"
"BP","GO:0051893","regulation of focal adhesion assembly",1,50,75,7231,0.0133333333333333,"1/75","50/7231",1.92826666666667,0.407315106226131,"94175",1,"Hrg"
"BP","GO:0051932","synaptic transmission, GABAergic",1,50,75,7231,0.0133333333333333,"1/75","50/7231",1.92826666666667,0.407315106226131,"11540",1,"Adora2a"
"BP","GO:0071229","cellular response to acid chemical",1,50,75,7231,0.0133333333333333,"1/75","50/7231",1.92826666666667,0.407315106226131,"52187",1,"Rragd"
"BP","GO:0090109","regulation of cell-substrate junction assembly",1,50,75,7231,0.0133333333333333,"1/75","50/7231",1.92826666666667,0.407315106226131,"94175",1,"Hrg"
"BP","GO:1905954","positive regulation of lipid localization",1,50,75,7231,0.0133333333333333,"1/75","50/7231",1.92826666666667,0.407315106226131,"20788",1,"Srebf2"
"CC","GO:0005694","chromosome",6,499,75,7294,0.08,"6/75","499/7294",1.16937875751503,0.407813390444975,"66454/71765/239364/18971/494448/230082",1,"Nmnat1/Klhdc3/Tspyl5/Pold1/Cbx6/Nol6"
"MF","GO:0016817","hydrolase activity, acting on acid anhydrides",5,416,72,7153,0.0694444444444444,"5/72","416/7153",1.19407719017094,0.408892074859657,"76877/11842/112403/52187/66387",1,"Rab36/Arf3/Dxo/Rragd/Nudt8"
"MF","GO:0043178","alcohol binding",1,52,72,7153,0.0138888888888889,"1/72","52/7153",1.9105235042735,0.41019476333394,"22068",1,"Trpc6"
"CC","GO:0098686","hippocampal mossy fiber to CA3 synapse",1,51,75,7294,0.0133333333333333,"1/75","51/7294",1.90692810457516,0.410772450666106,"94245",1,"Dtnbp1"
"BP","GO:0001701","in utero embryonic development",3,224,75,7231,0.04,"3/75","224/7231",1.29125,0.411882960658455,"56449/20701/20687",1,"Ybx3/Serpina1b/Sp3"
"BP","GO:0042274","ribosomal small subunit biogenesis",1,51,75,7231,0.0133333333333333,"1/75","51/7231",1.89045751633987,0.413505242284206,"230082",1,"Nol6"
"BP","GO:0042752","regulation of circadian rhythm",1,51,75,7231,0.0133333333333333,"1/75","51/7231",1.89045751633987,0.413505242284206,"11540",1,"Adora2a"
"BP","GO:0043123","positive regulation of canonical NF-kappaB signal transduction",1,51,75,7231,0.0133333333333333,"1/75","51/7231",1.89045751633987,0.413505242284206,"106025",1,"Sharpin"
"BP","GO:1900271","regulation of long-term synaptic potentiation",1,51,75,7231,0.0133333333333333,"1/75","51/7231",1.89045751633987,0.413505242284206,"11540",1,"Adora2a"
"BP","GO:0051146","striated muscle cell differentiation",2,136,75,7231,0.0266666666666667,"2/75","136/7231",1.4178431372549,0.413868319321651,"11472/225288",1,"Actn2/Fhod3"
"MF","GO:0003697","single-stranded DNA binding",1,53,72,7153,0.0138888888888889,"1/72","53/7153",1.87447589098532,0.416175044567563,"56449",1,"Ybx3"
"MF","GO:0101005","deubiquitinase activity",1,53,72,7153,0.0138888888888889,"1/72","53/7153",1.87447589098532,0.416175044567563,"78787",1,"Usp54"
"BP","GO:0051924","regulation of calcium ion transport",2,137,75,7231,0.0266666666666667,"2/75","137/7231",1.40749391727494,0.41748921757002,"11540/22068",1,"Adora2a/Trpc6"
"BP","GO:0016567","protein ubiquitination",4,317,75,7231,0.0533333333333333,"4/75","317/7231",1.21657202944269,0.418689210562448,"55983/67088/239364/106025",1,"Pdzrn3/Cand2/Tspyl5/Sharpin"
"BP","GO:0002706","regulation of lymphocyte mediated immunity",1,52,75,7231,0.0133333333333333,"1/75","52/7231",1.85410256410256,0.41963158028263,"13136",1,"Cd55"
"BP","GO:0006352","DNA-templated transcription initiation",1,52,75,7231,0.0133333333333333,"1/75","52/7231",1.85410256410256,0.41963158028263,"26896",1,"Med14"
"BP","GO:0030168","platelet activation",1,52,75,7231,0.0133333333333333,"1/75","52/7231",1.85410256410256,0.41963158028263,"94175",1,"Hrg"
"BP","GO:0042982","amyloid precursor protein metabolic process",1,52,75,7231,0.0133333333333333,"1/75","52/7231",1.85410256410256,0.41963158028263,"56846",1,"Necab3"
"BP","GO:0043279","response to alkaloid",1,52,75,7231,0.0133333333333333,"1/75","52/7231",1.85410256410256,0.41963158028263,"11540",1,"Adora2a"
"BP","GO:0046626","regulation of insulin receptor signaling pathway",1,52,75,7231,0.0133333333333333,"1/75","52/7231",1.85410256410256,0.41963158028263,"11625",1,"Ahsg"
"BP","GO:0046889","positive regulation of lipid biosynthetic process",1,52,75,7231,0.0133333333333333,"1/75","52/7231",1.85410256410256,0.41963158028263,"20788",1,"Srebf2"
"BP","GO:0099518","vesicle cytoskeletal trafficking",1,52,75,7231,0.0133333333333333,"1/75","52/7231",1.85410256410256,0.41963158028263,"94245",1,"Dtnbp1"
"BP","GO:1904063","negative regulation of cation transmembrane transport",1,52,75,7231,0.0133333333333333,"1/75","52/7231",1.85410256410256,0.41963158028263,"11472",1,"Actn2"
"BP","GO:0031668","cellular response to extracellular stimulus",2,138,75,7231,0.0266666666666667,"2/75","138/7231",1.39729468599034,0.421099205654863,"20788/52187",1,"Srebf2/Rragd"
"BP","GO:0032956","regulation of actin cytoskeleton organization",3,228,75,7231,0.04,"3/75","228/7231",1.26859649122807,0.423064395659818,"11472/94175/225288",1,"Actn2/Hrg/Fhod3"
"BP","GO:0051052","regulation of DNA metabolic process",3,228,75,7231,0.04,"3/75","228/7231",1.26859649122807,0.423064395659818,"234371/66454/11783",1,"Tmem161a/Nmnat1/Apaf1"
"BP","GO:0043009","chordate embryonic development",4,319,75,7231,0.0533333333333333,"4/75","319/7231",1.20894461859979,0.423407046443068,"56449/20701/11783/20687",1,"Ybx3/Serpina1b/Apaf1/Sp3"
"BP","GO:0006813","potassium ion transport",2,139,75,7231,0.0266666666666667,"2/75","139/7231",1.38724220623501,0.424698119415908,"11472/22353",1,"Actn2/Vip"
"BP","GO:0000041","transition metal ion transport",1,53,75,7231,0.0133333333333333,"1/75","53/7231",1.81911949685535,0.425694768954981,"94175",1,"Hrg"
"BP","GO:0002822","regulation of adaptive immune response based on somatic recombination of immune receptors built from immunoglobulin superfamily domains",1,53,75,7231,0.0133333333333333,"1/75","53/7231",1.81911949685535,0.425694768954981,"13136",1,"Cd55"
"BP","GO:0010212","response to ionizing radiation",1,53,75,7231,0.0133333333333333,"1/75","53/7231",1.81911949685535,0.425694768954981,"239364",1,"Tspyl5"
"BP","GO:0010507","negative regulation of autophagy",1,53,75,7231,0.0133333333333333,"1/75","53/7231",1.81911949685535,0.425694768954981,"52187",1,"Rragd"
"BP","GO:0030032","lamellipodium assembly",1,53,75,7231,0.0133333333333333,"1/75","53/7231",1.81911949685535,0.425694768954981,"94175",1,"Hrg"
"BP","GO:0043200","response to amino acid",1,53,75,7231,0.0133333333333333,"1/75","53/7231",1.81911949685535,0.425694768954981,"52187",1,"Rragd"
"BP","GO:0043473","pigmentation",1,53,75,7231,0.0133333333333333,"1/75","53/7231",1.81911949685535,0.425694768954981,"94245",1,"Dtnbp1"
"BP","GO:0048593","camera-type eye morphogenesis",1,53,75,7231,0.0133333333333333,"1/75","53/7231",1.81911949685535,0.425694768954981,"20687",1,"Sp3"
"BP","GO:0050764","regulation of phagocytosis",1,53,75,7231,0.0133333333333333,"1/75","53/7231",1.81911949685535,0.425694768954981,"11625",1,"Ahsg"
"BP","GO:0050852","T cell receptor signaling pathway",1,53,75,7231,0.0133333333333333,"1/75","53/7231",1.81911949685535,0.425694768954981,"76438",1,"Rftn1"
"BP","GO:0061077","chaperone-mediated protein folding",1,53,75,7231,0.0133333333333333,"1/75","53/7231",1.81911949685535,0.425694768954981,"14999",1,"H2-DMb1"
"BP","GO:0097479","synaptic vesicle localization",1,53,75,7231,0.0133333333333333,"1/75","53/7231",1.81911949685535,0.425694768954981,"94245",1,"Dtnbp1"
"BP","GO:0098781","ncRNA transcription",1,53,75,7231,0.0133333333333333,"1/75","53/7231",1.81911949685535,0.425694768954981,"20788",1,"Srebf2"
"MF","GO:0005262","calcium channel activity",1,55,72,7153,0.0138888888888889,"1/72","55/7153",1.80631313131313,0.427956788286047,"22068",1,"Trpc6"
"BP","GO:0001775","cell activation",5,413,75,7231,0.0666666666666667,"5/75","413/7231",1.16723163841808,0.428217595509158,"14999/13136/11540/94175/20687",1,"H2-DMb1/Cd55/Adora2a/Hrg/Sp3"
"BP","GO:0070647","protein modification by small protein conjugation or removal",5,413,75,7231,0.0666666666666667,"5/75","413/7231",1.16723163841808,0.428217595509158,"55983/78787/67088/239364/106025",1,"Pdzrn3/Usp54/Cand2/Tspyl5/Sharpin"
"BP","GO:0048568","embryonic organ development",2,140,75,7231,0.0266666666666667,"2/75","140/7231",1.37733333333333,0.428285799166046,"16206/20687",1,"Lrig1/Sp3"
"BP","GO:0050867","positive regulation of cell activation",2,140,75,7231,0.0266666666666667,"2/75","140/7231",1.37733333333333,0.428285799166046,"14999/13136",1,"H2-DMb1/Cd55"
"CC","GO:0000781","chromosome, telomeric region",1,54,75,7294,0.0133333333333333,"1/75","54/7294",1.80098765432099,0.428890090407122,"18971",1,"Pold1"
"CC","GO:0005795","Golgi stack",1,54,75,7294,0.0133333333333333,"1/75","54/7294",1.80098765432099,0.428890090407122,"56846",1,"Necab3"
"CC","GO:0030864","cortical actin cytoskeleton",1,54,75,7294,0.0133333333333333,"1/75","54/7294",1.80098765432099,0.428890090407122,"11472",1,"Actn2"
"CC","GO:0005765","lysosomal membrane",2,142,75,7294,0.0266666666666667,"2/75","142/7294",1.36976525821596,0.431046278776539,"14999/94175",1,"H2-DMb1/Hrg"
"CC","GO:0098852","lytic vacuole membrane",2,142,75,7294,0.0266666666666667,"2/75","142/7294",1.36976525821596,0.431046278776539,"14999/94175",1,"H2-DMb1/Hrg"
"BP","GO:0001936","regulation of endothelial cell proliferation",1,54,75,7231,0.0133333333333333,"1/75","54/7231",1.78543209876543,0.431695450527616,"22353",1,"Vip"
"BP","GO:0016239","positive regulation of macroautophagy",1,54,75,7231,0.0133333333333333,"1/75","54/7231",1.78543209876543,0.431695450527616,"20773",1,"Sptlc2"
"BP","GO:0032091","negative regulation of protein binding",1,54,75,7231,0.0133333333333333,"1/75","54/7231",1.78543209876543,0.431695450527616,"94245",1,"Dtnbp1"
"BP","GO:0042542","response to hydrogen peroxide",1,54,75,7231,0.0133333333333333,"1/75","54/7231",1.78543209876543,0.431695450527616,"22068",1,"Trpc6"
"MF","GO:0016705","oxidoreductase activity, acting on paired donors, with incorporation or reduction of molecular oxygen",1,56,72,7153,0.0138888888888889,"1/72","56/7153",1.77405753968254,0.433759424415013,"67014",1,"Riox2"
"MF","GO:0016758","hexosyltransferase activity",1,56,72,7153,0.0138888888888889,"1/72","56/7153",1.77405753968254,0.433759424415013,"94284",1,"Ugt1a6a"
"BP","GO:0034655","nucleobase-containing compound catabolic process",3,232,75,7231,0.04,"3/75","232/7231",1.24672413793103,0.43417790298262,"112403/66454/11783",1,"Dxo/Nmnat1/Apaf1"
"MF","GO:0051015","actin filament binding",2,146,72,7153,0.0277777777777778,"2/72","146/7153",1.36092085235921,0.434358389642289,"11472/225288",1,"Actn2/Fhod3"
"CC","GO:0032589","neuron projection membrane",1,55,75,7294,0.0133333333333333,"1/75","55/7294",1.76824242424242,0.434806284221966,"11540",1,"Adora2a"
"BP","GO:0043270","positive regulation of monoatomic ion transport",2,142,75,7231,0.0266666666666667,"2/75","142/7231",1.35793427230047,0.435426839814604,"11472/22068",1,"Actn2/Trpc6"
"BP","GO:0043269","regulation of monoatomic ion transport",4,325,75,7231,0.0533333333333333,"4/75","325/7231",1.18662564102564,0.437508724584468,"11472/22353/11540/22068",1,"Actn2/Vip/Adora2a/Trpc6"
"BP","GO:0001889","liver development",1,55,75,7231,0.0133333333333333,"1/75","55/7231",1.7529696969697,0.43763426078405,"20687",1,"Sp3"
"BP","GO:0001890","placenta development",1,55,75,7231,0.0133333333333333,"1/75","55/7231",1.7529696969697,0.43763426078405,"20687",1,"Sp3"
"BP","GO:0001959","regulation of cytokine-mediated signaling pathway",1,55,75,7231,0.0133333333333333,"1/75","55/7231",1.7529696969697,0.43763426078405,"106025",1,"Sharpin"
"BP","GO:0030301","cholesterol transport",1,55,75,7231,0.0133333333333333,"1/75","55/7231",1.7529696969697,0.43763426078405,"20788",1,"Srebf2"
"BP","GO:0031214","biomineral tissue development",1,55,75,7231,0.0133333333333333,"1/75","55/7231",1.7529696969697,0.43763426078405,"11625",1,"Ahsg"
"BP","GO:0043534","blood vessel endothelial cell migration",1,55,75,7231,0.0133333333333333,"1/75","55/7231",1.7529696969697,0.43763426078405,"94175",1,"Hrg"
"BP","GO:0150116","regulation of cell-substrate junction organization",1,55,75,7231,0.0133333333333333,"1/75","55/7231",1.7529696969697,0.43763426078405,"94175",1,"Hrg"
"MF","GO:0048306","calcium-dependent protein binding",1,57,72,7153,0.0138888888888889,"1/72","57/7153",1.74293372319688,0.439504009654145,"54524",1,"Syt6"
"BP","GO:0071407","cellular response to organic cyclic compound",3,234,75,7231,0.04,"3/75","234/7231",1.23606837606838,0.439707110275568,"94284/94245/20606",1,"Ugt1a6a/Dtnbp1/Sstr2"
"CC","GO:0030684","preribosome",1,56,75,7294,0.0133333333333333,"1/75","56/7294",1.73666666666667,0.440662000299235,"230082",1,"Nol6"
"BP","GO:0009792","embryo development ending in birth or egg hatching",4,327,75,7231,0.0533333333333333,"4/75","327/7231",1.17936799184506,0.442190141623621,"56449/20701/11783/20687",1,"Ybx3/Serpina1b/Apaf1/Sp3"
"BP","GO:0003158","endothelium development",1,56,75,7231,0.0133333333333333,"1/75","56/7231",1.72166666666667,0.443511829128698,"68268",1,"Zdhhc21"
"BP","GO:0006368","transcription elongation by RNA polymerase II",1,56,75,7231,0.0133333333333333,"1/75","56/7231",1.72166666666667,0.443511829128698,"26896",1,"Med14"
"BP","GO:0007565","female pregnancy",1,56,75,7231,0.0133333333333333,"1/75","56/7231",1.72166666666667,0.443511829128698,"20687",1,"Sp3"
"BP","GO:0044000","movement in host",1,56,75,7231,0.0133333333333333,"1/75","56/7231",1.72166666666667,0.443511829128698,"52009",1,"Jpt2"
"BP","GO:0051899","membrane depolarization",1,56,75,7231,0.0133333333333333,"1/75","56/7231",1.72166666666667,0.443511829128698,"11540",1,"Adora2a"
"BP","GO:0061008","hepaticobiliary system development",1,56,75,7231,0.0133333333333333,"1/75","56/7231",1.72166666666667,0.443511829128698,"20687",1,"Sp3"
"MF","GO:0003727","single-stranded RNA binding",1,58,72,7153,0.0138888888888889,"1/72","58/7153",1.71288314176245,0.445191116658782,"494448",1,"Cbx6"
"BP","GO:0032271","regulation of protein polymerization",2,145,75,7231,0.0266666666666667,"2/75","145/7231",1.32983908045977,0.446050402724568,"83679/225288",1,"Pde4dip/Fhod3"
"BP","GO:0001841","neural tube formation",1,57,75,7231,0.0133333333333333,"1/75","57/7231",1.69146198830409,0.449328778650001,"11783",1,"Apaf1"
"BP","GO:0002090","regulation of receptor internalization",1,57,75,7231,0.0133333333333333,"1/75","57/7231",1.69146198830409,0.449328778650001,"94245",1,"Dtnbp1"
"BP","GO:0002819","regulation of adaptive immune response",1,57,75,7231,0.0133333333333333,"1/75","57/7231",1.69146198830409,0.449328778650001,"13136",1,"Cd55"
"BP","GO:0006497","protein lipidation",1,57,75,7231,0.0133333333333333,"1/75","57/7231",1.69146198830409,0.449328778650001,"68268",1,"Zdhhc21"
"BP","GO:0015918","sterol transport",1,57,75,7231,0.0133333333333333,"1/75","57/7231",1.69146198830409,0.449328778650001,"20788",1,"Srebf2"
"BP","GO:0019362","pyridine nucleotide metabolic process",1,57,75,7231,0.0133333333333333,"1/75","57/7231",1.69146198830409,0.449328778650001,"66454",1,"Nmnat1"
"BP","GO:0031023","microtubule organizing center organization",1,57,75,7231,0.0133333333333333,"1/75","57/7231",1.69146198830409,0.449328778650001,"83679",1,"Pde4dip"
"BP","GO:0031398","positive regulation of protein ubiquitination",1,57,75,7231,0.0133333333333333,"1/75","57/7231",1.69146198830409,0.449328778650001,"239364",1,"Tspyl5"
"BP","GO:0046496","nicotinamide nucleotide metabolic process",1,57,75,7231,0.0133333333333333,"1/75","57/7231",1.69146198830409,0.449328778650001,"66454",1,"Nmnat1"
"BP","GO:1901379","regulation of potassium ion transmembrane transport",1,57,75,7231,0.0133333333333333,"1/75","57/7231",1.69146198830409,0.449328778650001,"11472",1,"Actn2"
"MF","GO:0003690","double-stranded DNA binding",3,245,72,7153,0.0416666666666667,"3/72","245/7153",1.21649659863946,0.450127719321661,"20788/56449/20687",1,"Srebf2/Ybx3/Sp3"
"MF","GO:0005525","GTP binding",3,245,72,7153,0.0416666666666667,"3/72","245/7153",1.21649659863946,0.450127719321661,"76877/11842/52187",1,"Rab36/Arf3/Rragd"
"BP","GO:0003013","circulatory system process",3,238,75,7231,0.04,"3/75","238/7231",1.21529411764706,0.450706485935903,"16644/68268/11540",1,"Kng1/Zdhhc21/Adora2a"
"MF","GO:0004713","protein tyrosine kinase activity",1,59,72,7153,0.0138888888888889,"1/72","59/7153",1.68385122410546,0.450821312515098,"14302",1,"Frk"
"MF","GO:0019783","ubiquitin-like protein peptidase activity",1,59,72,7153,0.0138888888888889,"1/72","59/7153",1.68385122410546,0.450821312515098,"78787",1,"Usp54"
"BP","GO:0040008","regulation of growth",4,331,75,7231,0.0533333333333333,"4/75","331/7231",1.16511581067472,0.451521010485895,"56449/11625/94175/76438",1,"Ybx3/Ahsg/Hrg/Rftn1"
"CC","GO:1990234","transferase complex",5,428,75,7294,0.0666666666666667,"5/75","428/7294",1.13613707165109,0.451637770326223,"71765/18971/106025/20773/494448",1,"Klhdc3/Pold1/Sharpin/Sptlc2/Cbx6"
"CC","GO:0016528","sarcoplasm",1,58,75,7294,0.0133333333333333,"1/75","58/7294",1.6767816091954,0.452194433004016,"94245",1,"Dtnbp1"
"BP","GO:0046394","carboxylic acid biosynthetic process",2,147,75,7231,0.0266666666666667,"2/75","147/7231",1.31174603174603,0.453072497539229,"94284/54447",1,"Ugt1a6a/Asah2"
"BP","GO:0048813","dendrite morphogenesis",2,147,75,7231,0.0266666666666667,"2/75","147/7231",1.31174603174603,0.453072497539229,"94245/22068",1,"Dtnbp1/Trpc6"
"BP","GO:0002695","negative regulation of leukocyte activation",1,58,75,7231,0.0133333333333333,"1/75","58/7231",1.66229885057471,0.455085726182932,"11540",1,"Adora2a"
"BP","GO:0002700","regulation of production of molecular mediator of immune response",1,58,75,7231,0.0133333333333333,"1/75","58/7231",1.66229885057471,0.455085726182932,"13136",1,"Cd55"
"BP","GO:0017156","calcium-ion regulated exocytosis",1,58,75,7231,0.0133333333333333,"1/75","58/7231",1.66229885057471,0.455085726182932,"54524",1,"Syt6"
"BP","GO:0071277","cellular response to calcium ion",1,58,75,7231,0.0133333333333333,"1/75","58/7231",1.66229885057471,0.455085726182932,"54524",1,"Syt6"
"BP","GO:0071901","negative regulation of protein serine/threonine kinase activity",1,58,75,7231,0.0133333333333333,"1/75","58/7231",1.66229885057471,0.455085726182932,"94245",1,"Dtnbp1"
"BP","GO:0046700","heterocycle catabolic process",3,240,75,7231,0.04,"3/75","240/7231",1.20516666666667,0.456175143597566,"112403/66454/11783",1,"Dxo/Nmnat1/Apaf1"
"CC","GO:0031902","late endosome membrane",1,59,75,7294,0.0133333333333333,"1/75","59/7294",1.6483615819209,0.45787235140157,"14999",1,"H2-DMb1"
"BP","GO:0044270","cellular nitrogen compound catabolic process",3,241,75,7231,0.04,"3/75","241/7231",1.20016597510373,0.458901395388121,"112403/66454/11783",1,"Dxo/Nmnat1/Apaf1"
"BP","GO:0016053","organic acid biosynthetic process",2,149,75,7231,0.0266666666666667,"2/75","149/7231",1.29413870246085,0.460045160147803,"94284/54447",1,"Ugt1a6a/Asah2"
"BP","GO:0050806","positive regulation of synaptic transmission",2,149,75,7231,0.0266666666666667,"2/75","149/7231",1.29413870246085,0.460045160147803,"11540/94245",1,"Adora2a/Dtnbp1"
"BP","GO:0051348","negative regulation of transferase activity",2,149,75,7231,0.0266666666666667,"2/75","149/7231",1.29413870246085,0.460045160147803,"11540/94245",1,"Adora2a/Dtnbp1"
"BP","GO:0002285","lymphocyte activation involved in immune response",1,59,75,7231,0.0133333333333333,"1/75","59/7231",1.63412429378531,0.460783282370899,"14999",1,"H2-DMb1"
"BP","GO:0002753","cytosolic pattern recognition receptor signaling pathway",1,59,75,7231,0.0133333333333333,"1/75","59/7231",1.63412429378531,0.460783282370899,"76438",1,"Rftn1"
"BP","GO:0009913","epidermal cell differentiation",1,59,75,7231,0.0133333333333333,"1/75","59/7231",1.63412429378531,0.460783282370899,"106025",1,"Sharpin"
"BP","GO:0051053","negative regulation of DNA metabolic process",1,59,75,7231,0.0133333333333333,"1/75","59/7231",1.63412429378531,0.460783282370899,"66454",1,"Nmnat1"
"BP","GO:0098930","axonal transport",1,59,75,7231,0.0133333333333333,"1/75","59/7231",1.63412429378531,0.460783282370899,"94245",1,"Dtnbp1"
"BP","GO:0008610","lipid biosynthetic process",4,335,75,7231,0.0533333333333333,"4/75","335/7231",1.1512039800995,0.460805781889218,"20788/192970/20773/54447",1,"Srebf2/Dhrs11/Sptlc2/Asah2"
"CC","GO:0070161","anchoring junction",5,433,75,7294,0.0666666666666667,"5/75","433/7294",1.12301770592764,0.461841352654181,"235312/56449/73737/11472/22068",1,"C1qtnf5/Ybx3/Bbln/Actn2/Trpc6"
"BP","GO:0034764","positive regulation of transmembrane transport",2,150,75,7231,0.0266666666666667,"2/75","150/7231",1.28551111111111,0.4635126502389,"11472/22068",1,"Actn2/Trpc6"
"BP","GO:0051493","regulation of cytoskeleton organization",4,337,75,7231,0.0533333333333333,"4/75","337/7231",1.14437190900099,0.465429615305268,"11472/83679/94175/225288",1,"Actn2/Pde4dip/Hrg/Fhod3"
"BP","GO:0001838","embryonic epithelial tube formation",1,60,75,7231,0.0133333333333333,"1/75","60/7231",1.60688888888889,0.466422051727031,"11783",1,"Apaf1"
"BP","GO:0016579","protein deubiquitination",1,60,75,7231,0.0133333333333333,"1/75","60/7231",1.60688888888889,0.466422051727031,"78787",1,"Usp54"
"BP","GO:0042158","lipoprotein biosynthetic process",1,60,75,7231,0.0133333333333333,"1/75","60/7231",1.60688888888889,0.466422051727031,"68268",1,"Zdhhc21"
"BP","GO:0044703","multi-organism reproductive process",1,60,75,7231,0.0133333333333333,"1/75","60/7231",1.60688888888889,0.466422051727031,"20687",1,"Sp3"
"BP","GO:0051702","biological process involved in interaction with symbiont",1,60,75,7231,0.0133333333333333,"1/75","60/7231",1.60688888888889,0.466422051727031,"94175",1,"Hrg"
"BP","GO:0051881","regulation of mitochondrial membrane potential",1,60,75,7231,0.0133333333333333,"1/75","60/7231",1.60688888888889,0.466422051727031,"11540",1,"Adora2a"
"BP","GO:0060759","regulation of response to cytokine stimulus",1,60,75,7231,0.0133333333333333,"1/75","60/7231",1.60688888888889,0.466422051727031,"106025",1,"Sharpin"
"BP","GO:0072175","epithelial tube formation",1,60,75,7231,0.0133333333333333,"1/75","60/7231",1.60688888888889,0.466422051727031,"11783",1,"Apaf1"
"BP","GO:1900076","regulation of cellular response to insulin stimulus",1,60,75,7231,0.0133333333333333,"1/75","60/7231",1.60688888888889,0.466422051727031,"11625",1,"Ahsg"
"BP","GO:0001819","positive regulation of cytokine production",2,151,75,7231,0.0266666666666667,"2/75","151/7231",1.27699779249448,0.466967424840146,"13136/76438",1,"Cd55/Rftn1"
"BP","GO:0014074","response to purine-containing compound",1,61,75,7231,0.0133333333333333,"1/75","61/7231",1.58054644808743,0.472002632694884,"11540",1,"Adora2a"
"BP","GO:0034766","negative regulation of monoatomic ion transmembrane transport",1,61,75,7231,0.0133333333333333,"1/75","61/7231",1.58054644808743,0.472002632694884,"11472",1,"Actn2"
"BP","GO:0071466","cellular response to xenobiotic stimulus",1,61,75,7231,0.0133333333333333,"1/75","61/7231",1.58054644808743,0.472002632694884,"94284",1,"Ugt1a6a"
"MF","GO:0035254","glutamate receptor binding",1,63,72,7153,0.0138888888888889,"1/72","63/7153",1.57694003527337,0.472784134235336,"11540",1,"Adora2a"
"CC","GO:0005923","bicellular tight junction",1,62,75,7294,0.0133333333333333,"1/75","62/7294",1.56860215053763,0.474560000443604,"235312",1,"C1qtnf5"
"BP","GO:0071417","cellular response to organonitrogen compound",4,341,75,7231,0.0533333333333333,"4/75","341/7231",1.13094819159335,0.474637735090097,"11625/11472/52187/94245",1,"Ahsg/Actn2/Rragd/Dtnbp1"
"CC","GO:0019898","extrinsic component of membrane",2,155,75,7294,0.0266666666666667,"2/75","155/7294",1.25488172043011,0.476090098806568,"14709/14302",1,"Gng8/Frk"
"BP","GO:0009416","response to light stimulus",2,154,75,7231,0.0266666666666667,"2/75","154/7231",1.25212121212121,0.47725435946245,"234371/18971",1,"Tmem161a/Pold1"
"BP","GO:0010657","muscle cell apoptotic process",1,62,75,7231,0.0133333333333333,"1/75","62/7231",1.55505376344086,0.477525617708536,"11783",1,"Apaf1"
"BP","GO:0032272","negative regulation of protein polymerization",1,62,75,7231,0.0133333333333333,"1/75","62/7231",1.55505376344086,0.477525617708536,"225288",1,"Fhod3"
"BP","GO:0046785","microtubule polymerization",1,62,75,7231,0.0133333333333333,"1/75","62/7231",1.55505376344086,0.477525617708536,"83679",1,"Pde4dip"
"BP","GO:0048592","eye morphogenesis",1,62,75,7231,0.0133333333333333,"1/75","62/7231",1.55505376344086,0.477525617708536,"20687",1,"Sp3"
"BP","GO:0050779","RNA destabilization",1,62,75,7231,0.0133333333333333,"1/75","62/7231",1.55505376344086,0.477525617708536,"112403",1,"Dxo"
"MF","GO:0019001","guanyl nucleotide binding",3,257,72,7153,0.0416666666666667,"3/72","257/7153",1.15969520103761,0.481690828223992,"76877/11842/52187",1,"Rab36/Arf3/Rragd"
"MF","GO:0032561","guanyl ribonucleotide binding",3,257,72,7153,0.0416666666666667,"3/72","257/7153",1.15969520103761,0.481690828223992,"76877/11842/52187",1,"Rab36/Arf3/Rragd"
"MF","GO:0043565","sequence-specific DNA binding",3,257,72,7153,0.0416666666666667,"3/72","257/7153",1.15969520103761,0.481690828223992,"20788/56449/20687",1,"Srebf2/Ybx3/Sp3"
"BP","GO:0001824","blastocyst development",1,63,75,7231,0.0133333333333333,"1/75","63/7231",1.53037037037037,0.482991593252107,"20687",1,"Sp3"
"BP","GO:0001935","endothelial cell proliferation",1,63,75,7231,0.0133333333333333,"1/75","63/7231",1.53037037037037,0.482991593252107,"22353",1,"Vip"
"BP","GO:0002244","hematopoietic progenitor cell differentiation",1,63,75,7231,0.0133333333333333,"1/75","63/7231",1.53037037037037,0.482991593252107,"20687",1,"Sp3"
"BP","GO:0032273","positive regulation of protein polymerization",1,63,75,7231,0.0133333333333333,"1/75","63/7231",1.53037037037037,0.482991593252107,"83679",1,"Pde4dip"
"BP","GO:0043280","positive regulation of cysteine-type endopeptidase activity involved in apoptotic process",1,63,75,7231,0.0133333333333333,"1/75","63/7231",1.53037037037037,0.482991593252107,"11783",1,"Apaf1"
"BP","GO:0072524","pyridine-containing compound metabolic process",1,63,75,7231,0.0133333333333333,"1/75","63/7231",1.53037037037037,0.482991593252107,"66454",1,"Nmnat1"
"BP","GO:0019439","aromatic compound catabolic process",3,250,75,7231,0.04,"3/75","250/7231",1.15696,0.483179901886377,"112403/66454/11783",1,"Dxo/Nmnat1/Apaf1"
"MF","GO:0019003","GDP binding",1,65,72,7153,0.0138888888888889,"1/72","65/7153",1.5284188034188,0.483438421996776,"52187",1,"Rragd"
"MF","GO:0140640","catalytic activity, acting on a nucleic acid",3,258,72,7153,0.0416666666666667,"3/72","258/7153",1.15520025839793,0.484284963961085,"112403/18971/54632",1,"Dxo/Pold1/Ftsj1"
"CC","GO:0005901","caveola",1,64,75,7294,0.0133333333333333,"1/75","64/7294",1.51958333333333,0.48540246582743,"54447",1,"Asah2"
"BP","GO:0032446","protein modification by small protein conjugation",4,347,75,7231,0.0533333333333333,"4/75","347/7231",1.11139289145053,0.488344023778601,"55983/67088/239364/106025",1,"Pdzrn3/Cand2/Tspyl5/Sharpin"
"BP","GO:0045321","leukocyte activation",4,347,75,7231,0.0533333333333333,"4/75","347/7231",1.11139289145053,0.488344023778601,"14999/13136/11540/20687",1,"H2-DMb1/Cd55/Adora2a/Sp3"
"BP","GO:0001101","response to acid chemical",1,64,75,7231,0.0133333333333333,"1/75","64/7231",1.50645833333333,0.488401139918693,"52187",1,"Rragd"
"BP","GO:0006405","RNA export from nucleus",1,64,75,7231,0.0133333333333333,"1/75","64/7231",1.50645833333333,0.488401139918693,"230082",1,"Nol6"
"BP","GO:0044706","multi-multicellular organism process",1,64,75,7231,0.0133333333333333,"1/75","64/7231",1.50645833333333,0.488401139918693,"20687",1,"Sp3"
"BP","GO:0045739","positive regulation of DNA repair",1,64,75,7231,0.0133333333333333,"1/75","64/7231",1.50645833333333,0.488401139918693,"234371",1,"Tmem161a"
"BP","GO:0051321","meiotic cell cycle",1,64,75,7231,0.0133333333333333,"1/75","64/7231",1.50645833333333,0.488401139918693,"71765",1,"Klhdc3"
"BP","GO:0060997","dendritic spine morphogenesis",1,64,75,7231,0.0133333333333333,"1/75","64/7231",1.50645833333333,0.488401139918693,"94245",1,"Dtnbp1"
"BP","GO:0072665","protein localization to vacuole",1,64,75,7231,0.0133333333333333,"1/75","64/7231",1.50645833333333,0.488401139918693,"56700",1,"Glmp"
"MF","GO:0016810","hydrolase activity, acting on carbon-nitrogen (but not peptide) bonds",1,66,72,7153,0.0138888888888889,"1/72","66/7153",1.50526094276094,0.488685661502452,"54447",1,"Asah2"
"BP","GO:0032970","regulation of actin filament-based process",3,253,75,7231,0.04,"3/75","253/7231",1.14324110671937,0.491163329649392,"11472/94175/225288",1,"Actn2/Hrg/Fhod3"
"MF","GO:0008289","lipid binding",5,458,72,7153,0.0694444444444444,"5/72","458/7153",1.08457666181465,0.492969566958439,"11472/13136/11540/54524/14473",1,"Actn2/Cd55/Adora2a/Syt6/Gc"
"BP","GO:0060079","excitatory postsynaptic potential",1,65,75,7231,0.0133333333333333,"1/75","65/7231",1.48328205128205,0.493754832468728,"11540",1,"Adora2a"
"BP","GO:1901361","organic cyclic compound catabolic process",3,254,75,7231,0.04,"3/75","254/7231",1.13874015748032,0.493811655075949,"112403/66454/11783",1,"Dxo/Nmnat1/Apaf1"
"MF","GO:0019905","syntaxin binding",1,67,72,7153,0.0138888888888889,"1/72","67/7153",1.4827943615257,0.493880332360618,"54524",1,"Syt6"
"BP","GO:0048732","gland development",2,159,75,7231,0.0266666666666667,"2/75","159/7231",1.2127463312369,0.494135234667149,"68268/20687",1,"Zdhhc21/Sp3"
"BP","GO:0030001","metal ion transport",5,446,75,7231,0.0666666666666667,"5/75","446/7231",1.08086696562033,0.495907122305182,"11472/22353/11540/94175/22068",1,"Actn2/Vip/Adora2a/Hrg/Trpc6"
"BP","GO:0006937","regulation of muscle contraction",1,66,75,7231,0.0133333333333333,"1/75","66/7231",1.46080808080808,0.499053239887768,"68268",1,"Zdhhc21"
"BP","GO:0008037","cell recognition",1,66,75,7231,0.0133333333333333,"1/75","66/7231",1.46080808080808,0.499053239887768,"59083",1,"Fetub"
"BP","GO:0031110","regulation of microtubule polymerization or depolymerization",1,66,75,7231,0.0133333333333333,"1/75","66/7231",1.46080808080808,0.499053239887768,"83679",1,"Pde4dip"
"BP","GO:0035148","tube formation",1,66,75,7231,0.0133333333333333,"1/75","66/7231",1.46080808080808,0.499053239887768,"11783",1,"Apaf1"
"BP","GO:0050866","negative regulation of cell activation",1,66,75,7231,0.0133333333333333,"1/75","66/7231",1.46080808080808,0.499053239887768,"11540",1,"Adora2a"
"BP","GO:0071496","cellular response to external stimulus",2,161,75,7231,0.0266666666666667,"2/75","161/7231",1.19768115942029,0.500793041465132,"20788/52187",1,"Srebf2/Rragd"
"BP","GO:0017157","regulation of exocytosis",2,162,75,7231,0.0266666666666667,"2/75","162/7231",1.19028806584362,0.50410135460332,"54524/94245",1,"Syt6/Dtnbp1"
"BP","GO:0018107","peptidyl-threonine phosphorylation",1,67,75,7231,0.0133333333333333,"1/75","67/7231",1.43900497512438,0.504296925443724,"22068",1,"Trpc6"
"BP","GO:0032368","regulation of lipid transport",1,67,75,7231,0.0133333333333333,"1/75","67/7231",1.43900497512438,0.504296925443724,"20788",1,"Srebf2"
"BP","GO:0050679","positive regulation of epithelial cell proliferation",1,67,75,7231,0.0133333333333333,"1/75","67/7231",1.43900497512438,0.504296925443724,"22353",1,"Vip"
"BP","GO:0051928","positive regulation of calcium ion transport",1,67,75,7231,0.0133333333333333,"1/75","67/7231",1.43900497512438,0.504296925443724,"22068",1,"Trpc6"
"BP","GO:0060998","regulation of dendritic spine development",1,67,75,7231,0.0133333333333333,"1/75","67/7231",1.43900497512438,0.504296925443724,"94245",1,"Dtnbp1"
"CC","GO:0070160","tight junction",1,68,75,7294,0.0133333333333333,"1/75","68/7294",1.43019607843137,0.506429397381867,"235312",1,"C1qtnf5"
"MF","GO:0003730","mRNA 3'-UTR binding",1,70,72,7153,0.0138888888888889,"1/72","70/7153",1.41924603174603,0.509154100875524,"56449",1,"Ybx3"
"MF","GO:0015085","calcium ion transmembrane transporter activity",1,70,72,7153,0.0138888888888889,"1/72","70/7153",1.41924603174603,0.509154100875524,"22068",1,"Trpc6"
"MF","GO:0043130","ubiquitin binding",1,70,72,7153,0.0138888888888889,"1/72","70/7153",1.41924603174603,0.509154100875524,"106025",1,"Sharpin"
"MF","GO:1902936","phosphatidylinositol bisphosphate binding",1,70,72,7153,0.0138888888888889,"1/72","70/7153",1.41924603174603,0.509154100875524,"11472",1,"Actn2"
"BP","GO:0016331","morphogenesis of embryonic epithelium",1,68,75,7231,0.0133333333333333,"1/75","68/7231",1.4178431372549,0.509486446743517,"11783",1,"Apaf1"
"BP","GO:0022408","negative regulation of cell-cell adhesion",1,68,75,7231,0.0133333333333333,"1/75","68/7231",1.4178431372549,0.509486446743517,"11540",1,"Adora2a"
"BP","GO:0050851","antigen receptor-mediated signaling pathway",1,68,75,7231,0.0133333333333333,"1/75","68/7231",1.4178431372549,0.509486446743517,"76438",1,"Rftn1"
"BP","GO:0097581","lamellipodium organization",1,68,75,7231,0.0133333333333333,"1/75","68/7231",1.4178431372549,0.509486446743517,"94175",1,"Hrg"
"BP","GO:1903432","regulation of TORC1 signaling",1,68,75,7231,0.0133333333333333,"1/75","68/7231",1.4178431372549,0.509486446743517,"52187",1,"Rragd"
"BP","GO:0001505","regulation of neurotransmitter levels",2,164,75,7231,0.0266666666666667,"2/75","164/7231",1.17577235772358,0.510676425156546,"11540/94245",1,"Adora2a/Dtnbp1"
"BP","GO:0071375","cellular response to peptide hormone stimulus",2,164,75,7231,0.0266666666666667,"2/75","164/7231",1.17577235772358,0.510676425156546,"11625/11472",1,"Ahsg/Actn2"
"MF","GO:0008757","S-adenosylmethionine-dependent methyltransferase activity",1,71,72,7153,0.0138888888888889,"1/72","71/7153",1.39925665101721,0.514143639875519,"54632",1,"Ftsj1"
"BP","GO:0007605","sensory perception of sound",1,69,75,7231,0.0133333333333333,"1/75","69/7231",1.39729468599034,0.514622355789201,"16206",1,"Lrig1"
"BP","GO:0071222","cellular response to lipopolysaccharide",1,69,75,7231,0.0133333333333333,"1/75","69/7231",1.39729468599034,0.514622355789201,"13136",1,"Cd55"
"MF","GO:0030674","protein-macromolecule adaptor activity",3,270,72,7153,0.0416666666666667,"3/72","270/7153",1.10385802469136,0.514935955164952,"11472/66454/71765",1,"Actn2/Nmnat1/Klhdc3"
"BP","GO:0016042","lipid catabolic process",2,166,75,7231,0.0266666666666667,"2/75","166/7231",1.16160642570281,0.517195622281401,"433022/54447",1,"Plcxd2/Asah2"
"BP","GO:0043254","regulation of protein-containing complex assembly",3,263,75,7231,0.04,"3/75","263/7231",1.09977186311787,0.517344692116286,"83679/94175/225288",1,"Pde4dip/Hrg/Fhod3"
"MF","GO:0016616","oxidoreductase activity, acting on the CH-OH group of donors, NAD or NADP as acceptor",1,72,72,7153,0.0138888888888889,"1/72","72/7153",1.3798225308642,0.519083156668651,"192970",1,"Dhrs11"
"MF","GO:0051117","ATPase binding",1,72,72,7153,0.0138888888888889,"1/72","72/7153",1.3798225308642,0.519083156668651,"22068",1,"Trpc6"
"BP","GO:0006354","DNA-templated transcription elongation",1,70,75,7231,0.0133333333333333,"1/75","70/7231",1.37733333333333,0.51970519903352,"26896",1,"Med14"
"BP","GO:0008033","tRNA processing",1,70,75,7231,0.0133333333333333,"1/75","70/7231",1.37733333333333,0.51970519903352,"54632",1,"Ftsj1"
"BP","GO:0050777","negative regulation of immune response",1,70,75,7231,0.0133333333333333,"1/75","70/7231",1.37733333333333,0.51970519903352,"13136",1,"Cd55"
"BP","GO:0072384","organelle transport along microtubule",1,70,75,7231,0.0133333333333333,"1/75","70/7231",1.37733333333333,0.51970519903352,"94245",1,"Dtnbp1"
"BP","GO:1901879","regulation of protein depolymerization",1,70,75,7231,0.0133333333333333,"1/75","70/7231",1.37733333333333,0.51970519903352,"11472",1,"Actn2"
"BP","GO:0043523","regulation of neuron apoptotic process",2,167,75,7231,0.0266666666666667,"2/75","167/7231",1.15465069860279,0.520434104404456,"66454/11540",1,"Nmnat1/Adora2a"
"BP","GO:0045055","regulated exocytosis",2,168,75,7231,0.0266666666666667,"2/75","168/7231",1.14777777777778,0.523658427088641,"54524/94245",1,"Syt6/Dtnbp1"
"BP","GO:0045927","positive regulation of growth",2,168,75,7231,0.0266666666666667,"2/75","168/7231",1.14777777777778,0.523658427088641,"56449/76438",1,"Ybx3/Rftn1"
"BP","GO:0032456","endocytic recycling",1,71,75,7231,0.0133333333333333,"1/75","71/7231",1.35793427230047,0.524735517434928,"11472",1,"Actn2"
"BP","GO:0051701","biological process involved in interaction with host",1,71,75,7231,0.0133333333333333,"1/75","71/7231",1.35793427230047,0.524735517434928,"52009",1,"Jpt2"
"BP","GO:0061912","selective autophagy",1,71,75,7231,0.0133333333333333,"1/75","71/7231",1.35793427230047,0.524735517434928,"20773",1,"Sptlc2"
"BP","GO:0071219","cellular response to molecule of bacterial origin",1,71,75,7231,0.0133333333333333,"1/75","71/7231",1.35793427230047,0.524735517434928,"13136",1,"Cd55"
"BP","GO:0051241","negative regulation of multicellular organismal process",5,461,75,7231,0.0666666666666667,"5/75","461/7231",1.04569775849602,0.525783733605181,"16644/11625/11540/94175/22068",1,"Kng1/Ahsg/Adora2a/Hrg/Trpc6"
"BP","GO:1901699","cellular response to nitrogen compound",4,364,75,7231,0.0533333333333333,"4/75","364/7231",1.05948717948718,0.52639347018627,"11625/11472/52187/94245",1,"Ahsg/Actn2/Rragd/Dtnbp1"
"BP","GO:0032412","regulation of monoatomic ion transmembrane transporter activity",2,169,75,7231,0.0266666666666667,"2/75","169/7231",1.14098619329389,0.52686853238943,"11472/22068",1,"Actn2/Trpc6"
"MF","GO:0016614","oxidoreductase activity, acting on CH-OH group of donors",1,74,72,7153,0.0138888888888889,"1/72","74/7153",1.34253003003003,0.528814096815038,"192970",1,"Dhrs11"
"MF","GO:0140097","catalytic activity, acting on DNA",1,74,72,7153,0.0138888888888889,"1/72","74/7153",1.34253003003003,0.528814096815038,"18971",1,"Pold1"
"BP","GO:0018210","peptidyl-threonine modification",1,72,75,7231,0.0133333333333333,"1/75","72/7231",1.33907407407407,0.529713846512076,"22068",1,"Trpc6"
"BP","GO:0030218","erythrocyte differentiation",1,72,75,7231,0.0133333333333333,"1/75","72/7231",1.33907407407407,0.529713846512076,"20687",1,"Sp3"
"BP","GO:0048814","regulation of dendrite morphogenesis",1,72,75,7231,0.0133333333333333,"1/75","72/7231",1.33907407407407,0.529713846512076,"22068",1,"Trpc6"
"BP","GO:2001056","positive regulation of cysteine-type endopeptidase activity",1,72,75,7231,0.0133333333333333,"1/75","72/7231",1.33907407407407,0.529713846512076,"11783",1,"Apaf1"
"BP","GO:1902903","regulation of supramolecular fiber organization",3,268,75,7231,0.04,"3/75","268/7231",1.07925373134328,0.530172638489505,"11472/83679/225288",1,"Actn2/Pde4dip/Fhod3"
"CC","GO:0044304","main axon",1,73,75,7294,0.0133333333333333,"1/75","73/7294",1.33223744292237,0.531524284829914,"11540",1,"Adora2a"
"BP","GO:0006836","neurotransmitter transport",2,171,75,7231,0.0266666666666667,"2/75","171/7231",1.12764132553606,0.533245872382841,"11540/94245",1,"Adora2a/Dtnbp1"
"BP","GO:0001952","regulation of cell-matrix adhesion",1,73,75,7231,0.0133333333333333,"1/75","73/7231",1.32073059360731,0.534640716397758,"94175",1,"Hrg"
"BP","GO:0008637","apoptotic mitochondrial changes",1,73,75,7231,0.0133333333333333,"1/75","73/7231",1.32073059360731,0.534640716397758,"93734",1,"Mpv17l"
"BP","GO:0038202","TORC1 signaling",1,73,75,7231,0.0133333333333333,"1/75","73/7231",1.32073059360731,0.534640716397758,"52187",1,"Rragd"
"CC","GO:0016324","apical plasma membrane",2,173,75,7294,0.0266666666666667,"2/75","173/7294",1.12431599229287,0.534839072427825,"235312/13136",1,"C1qtnf5/Cd55"
"CC","GO:0005773","vacuole",4,373,75,7294,0.0533333333333333,"4/75","373/7294",1.04293118856122,0.539023943018379,"14999/56700/52187/94175",1,"H2-DMb1/Glmp/Rragd/Hrg"
"CC","GO:0030133","transport vesicle",3,274,75,7294,0.04,"3/75","274/7294",1.06481751824818,0.539370305617385,"235312/54524/94245",1,"C1qtnf5/Syt6/Dtnbp1"
"CC","GO:0045211","postsynaptic membrane",3,274,75,7294,0.04,"3/75","274/7294",1.06481751824818,0.539370305617385,"11472/11540/94245",1,"Actn2/Adora2a/Dtnbp1"
"BP","GO:0051129","negative regulation of cellular component organization",5,468,75,7231,0.0666666666666667,"5/75","468/7231",1.03005698005698,0.539479235969687,"93734/94175/94245/22068/225288",1,"Mpv17l/Hrg/Dtnbp1/Trpc6/Fhod3"
"BP","GO:0007519","skeletal muscle tissue development",1,74,75,7231,0.0133333333333333,"1/75","74/7231",1.30288288288288,0.539516651892333,"56449",1,"Ybx3"
"BP","GO:0010811","positive regulation of cell-substrate adhesion",1,74,75,7231,0.0133333333333333,"1/75","74/7231",1.30288288288288,0.539516651892333,"94175",1,"Hrg"
"BP","GO:0051100","negative regulation of binding",1,74,75,7231,0.0133333333333333,"1/75","74/7231",1.30288288288288,0.539516651892333,"94245",1,"Dtnbp1"
"BP","GO:0070646","protein modification by small protein removal",1,74,75,7231,0.0133333333333333,"1/75","74/7231",1.30288288288288,0.539516651892333,"78787",1,"Usp54"
"BP","GO:1903322","positive regulation of protein modification by small protein conjugation or removal",1,74,75,7231,0.0133333333333333,"1/75","74/7231",1.30288288288288,0.539516651892333,"239364",1,"Tspyl5"
"BP","GO:2001257","regulation of cation channel activity",1,74,75,7231,0.0133333333333333,"1/75","74/7231",1.30288288288288,0.539516651892333,"11472",1,"Actn2"
"MF","GO:0016757","glycosyltransferase activity",1,77,72,7153,0.0138888888888889,"1/72","77/7153",1.29022366522367,0.54304754732559,"94284",1,"Ugt1a6a"
"BP","GO:0006633","fatty acid biosynthetic process",1,75,75,7231,0.0133333333333333,"1/75","75/7231",1.28551111111111,0.544342172516627,"54447",1,"Asah2"
"BP","GO:0051897","positive regulation of phosphatidylinositol 3-kinase/protein kinase B signal transduction",1,75,75,7231,0.0133333333333333,"1/75","75/7231",1.28551111111111,0.544342172516627,"239364",1,"Tspyl5"
"BP","GO:0022898","regulation of transmembrane transporter activity",2,175,75,7231,0.0266666666666667,"2/75","175/7231",1.10186666666667,0.545827685152554,"11472/22068",1,"Actn2/Trpc6"
"CC","GO:0030175","filopodium",1,76,75,7294,0.0133333333333333,"1/75","76/7294",1.27964912280702,0.545972467680201,"11472",1,"Actn2"
"CC","GO:0045335","phagocytic vesicle",1,76,75,7294,0.0133333333333333,"1/75","76/7294",1.27964912280702,0.545972467680201,"94175",1,"Hrg"
"MF","GO:0004842","ubiquitin-protein transferase activity",2,181,72,7153,0.0277777777777778,"2/72","181/7153",1.09775936157152,0.547953139963913,"55983/106025",1,"Pdzrn3/Sharpin"
"BP","GO:0042254","ribosome biogenesis",2,176,75,7231,0.0266666666666667,"2/75","176/7231",1.09560606060606,0.548936864963437,"67014/230082",1,"Riox2/Nol6"
"BP","GO:0002440","production of molecular mediator of immune response",1,76,75,7231,0.0133333333333333,"1/75","76/7231",1.26859649122807,0.549117792564315,"13136",1,"Cd55"
"BP","GO:0002703","regulation of leukocyte mediated immunity",1,76,75,7231,0.0133333333333333,"1/75","76/7231",1.26859649122807,0.549117792564315,"13136",1,"Cd55"
"BP","GO:0008088","axo-dendritic transport",1,76,75,7231,0.0133333333333333,"1/75","76/7231",1.26859649122807,0.549117792564315,"94245",1,"Dtnbp1"
"BP","GO:0008203","cholesterol metabolic process",1,76,75,7231,0.0133333333333333,"1/75","76/7231",1.26859649122807,0.549117792564315,"20788",1,"Srebf2"
"BP","GO:0009636","response to toxic substance",1,76,75,7231,0.0133333333333333,"1/75","76/7231",1.26859649122807,0.549117792564315,"11699",1,"Ambp"
"BP","GO:0021782","glial cell development",1,76,75,7231,0.0133333333333333,"1/75","76/7231",1.26859649122807,0.549117792564315,"11540",1,"Adora2a"
"BP","GO:0045834","positive regulation of lipid metabolic process",1,76,75,7231,0.0133333333333333,"1/75","76/7231",1.26859649122807,0.549117792564315,"20788",1,"Srebf2"
"CC","GO:0005774","vacuolar membrane",2,178,75,7294,0.0266666666666667,"2/75","178/7294",1.092734082397,0.550359300332827,"14999/94175",1,"H2-DMb1/Hrg"
"MF","GO:0004888","transmembrane signaling receptor activity",2,182,72,7153,0.0277777777777778,"2/72","182/7153",1.09172771672772,0.550962837354642,"11540/20606",1,"Adora2a/Sstr2"
"CC","GO:0098797","plasma membrane protein complex",3,279,75,7294,0.04,"3/75","279/7294",1.04573476702509,0.551767436822478,"14999/14709/12279",1,"H2-DMb1/Gng8/C9"
"BP","GO:0002683","negative regulation of immune system process",2,177,75,7231,0.0266666666666667,"2/75","177/7231",1.08941619585687,0.552031456151342,"13136/11540",1,"Cd55/Adora2a"
"MF","GO:0008168","methyltransferase activity",1,79,72,7153,0.0138888888888889,"1/72","79/7153",1.25755977496484,0.552300088995268,"54632",1,"Ftsj1"
"BP","GO:0021915","neural tube development",1,77,75,7231,0.0133333333333333,"1/75","77/7231",1.25212121212121,0.553844021153788,"11783",1,"Apaf1"
"BP","GO:0042157","lipoprotein metabolic process",1,77,75,7231,0.0133333333333333,"1/75","77/7231",1.25212121212121,0.553844021153788,"68268",1,"Zdhhc21"
"BP","GO:1903530","regulation of secretion by cell",4,377,75,7231,0.0533333333333333,"4/75","377/7231",1.02295313881521,0.55459514772188,"22353/11540/54524/94245",1,"Vip/Adora2a/Syt6/Dtnbp1"
"CC","GO:0043296","apical junction complex",1,78,75,7294,0.0133333333333333,"1/75","78/7294",1.24683760683761,0.55535941346656,"235312",1,"C1qtnf5"
"CC","GO:0099512","supramolecular fiber",5,481,75,7294,0.0666666666666667,"5/75","481/7294",1.01094941094941,0.556528773446236,"73737/11472/83679/11540/225288",1,"Bbln/Actn2/Pde4dip/Adora2a/Fhod3"
"MF","GO:0008270","zinc ion binding",3,287,72,7153,0.0416666666666667,"3/72","287/7153",1.03847270615563,0.556702787055009,"55983/94175/54447",1,"Pdzrn3/Hrg/Asah2"
"CC","GO:0099081","supramolecular polymer",5,482,75,7294,0.0666666666666667,"5/75","482/7294",1.0088520055325,0.558422152701174,"73737/11472/83679/11540/225288",1,"Bbln/Actn2/Pde4dip/Adora2a/Fhod3"
"BP","GO:0016125","sterol metabolic process",1,78,75,7231,0.0133333333333333,"1/75","78/7231",1.23606837606838,0.558521362279517,"20788",1,"Srebf2"
"BP","GO:0019827","stem cell population maintenance",1,78,75,7231,0.0133333333333333,"1/75","78/7231",1.23606837606838,0.558521362279517,"26896",1,"Med14"
"BP","GO:0043122","regulation of canonical NF-kappaB signal transduction",1,78,75,7231,0.0133333333333333,"1/75","78/7231",1.23606837606838,0.558521362279517,"106025",1,"Sharpin"
"BP","GO:0060538","skeletal muscle organ development",1,78,75,7231,0.0133333333333333,"1/75","78/7231",1.23606837606838,0.558521362279517,"56449",1,"Ybx3"
"BP","GO:0098727","maintenance of cell number",1,78,75,7231,0.0133333333333333,"1/75","78/7231",1.23606837606838,0.558521362279517,"26896",1,"Med14"
"CC","GO:0090575","RNA polymerase II transcription regulator complex",1,79,75,7294,0.0133333333333333,"1/75","79/7294",1.23105485232068,0.559980816458523,"26896",1,"Med14"
"BP","GO:0045944","positive regulation of transcription by RNA polymerase II",4,380,75,7231,0.0533333333333333,"4/75","380/7231",1.01487719298246,0.560981993674184,"20788/26896/56700/20687",1,"Srebf2/Med14/Glmp/Sp3"
"MF","GO:0140993","histone modifying activity",1,81,72,7153,0.0138888888888889,"1/72","81/7153",1.22650891632373,0.561367831821738,"67014",1,"Riox2"
"BP","GO:0010594","regulation of endothelial cell migration",1,79,75,7231,0.0133333333333333,"1/75","79/7231",1.22042194092827,0.563150314862913,"94175",1,"Hrg"
"BP","GO:0034101","erythrocyte homeostasis",1,79,75,7231,0.0133333333333333,"1/75","79/7231",1.22042194092827,0.563150314862913,"20687",1,"Sp3"
"BP","GO:1905952","regulation of lipid localization",1,79,75,7231,0.0133333333333333,"1/75","79/7231",1.22042194092827,0.563150314862913,"20788",1,"Srebf2"
"BP","GO:0001933","negative regulation of protein phosphorylation",2,181,75,7231,0.0266666666666667,"2/75","181/7231",1.06534069981584,0.564263257470788,"11540/94245",1,"Adora2a/Dtnbp1"
"CC","GO:0044853","plasma membrane raft",1,80,75,7294,0.0133333333333333,"1/75","80/7294",1.21566666666667,0.564554820445441,"54447",1,"Asah2"
"BP","GO:0051051","negative regulation of transport",3,282,75,7231,0.04,"3/75","282/7231",1.02567375886525,0.565087554399396,"20788/11472/22353",1,"Srebf2/Actn2/Vip"
"MF","GO:0008234","cysteine-type peptidase activity",1,82,72,7153,0.0138888888888889,"1/72","82/7153",1.2115514905149,0.5658335439412,"78787",1,"Usp54"
"MF","GO:0030165","PDZ domain binding",1,82,72,7153,0.0138888888888889,"1/72","82/7153",1.2115514905149,0.5658335439412,"20606",1,"Sstr2"
"BP","GO:0032409","regulation of transporter activity",2,182,75,7231,0.0266666666666667,"2/75","182/7231",1.05948717948718,0.567284417040306,"11472/22068",1,"Actn2/Trpc6"
"BP","GO:0071216","cellular response to biotic stimulus",1,80,75,7231,0.0133333333333333,"1/75","80/7231",1.20516666666667,0.56773137280269,"13136",1,"Cd55"
"BP","GO:0099565","chemical synaptic transmission, postsynaptic",1,80,75,7231,0.0133333333333333,"1/75","80/7231",1.20516666666667,0.56773137280269,"11540",1,"Adora2a"
"BP","GO:0006259","DNA metabolic process",4,384,75,7231,0.0533333333333333,"4/75","384/7231",1.00430555555556,0.569423651341522,"234371/66454/18971/11783",1,"Tmem161a/Nmnat1/Pold1/Apaf1"
"BP","GO:0048609","multicellular organismal reproductive process",3,284,75,7231,0.04,"3/75","284/7231",1.01845070422535,0.569949431713242,"56449/22353/20687",1,"Ybx3/Vip/Sp3"
"MF","GO:0032182","ubiquitin-like protein binding",1,83,72,7153,0.0138888888888889,"1/72","83/7153",1.19695448460509,0.570254415789062,"106025",1,"Sharpin"
"MF","GO:0140101","catalytic activity, acting on a tRNA",1,83,72,7153,0.0138888888888889,"1/72","83/7153",1.19695448460509,0.570254415789062,"54632",1,"Ftsj1"
"MF","GO:0042803","protein homodimerization activity",4,396,72,7153,0.0555555555555556,"4/72","396/7153",1.00350729517396,0.570261904989094,"11699/54524/94284/22068",1,"Ambp/Syt6/Ugt1a6a/Trpc6"
"BP","GO:0007006","mitochondrial membrane organization",1,81,75,7231,0.0133333333333333,"1/75","81/7231",1.19028806584362,0.572265025024729,"93734",1,"Mpv17l"
"BP","GO:0009451","RNA modification",1,81,75,7231,0.0133333333333333,"1/75","81/7231",1.19028806584362,0.572265025024729,"54632",1,"Ftsj1"
"BP","GO:0010950","positive regulation of endopeptidase activity",1,81,75,7231,0.0133333333333333,"1/75","81/7231",1.19028806584362,0.572265025024729,"11783",1,"Apaf1"
"BP","GO:0034763","negative regulation of transmembrane transport",1,81,75,7231,0.0133333333333333,"1/75","81/7231",1.19028806584362,0.572265025024729,"11472",1,"Actn2"
"BP","GO:0050954","sensory perception of mechanical stimulus",1,81,75,7231,0.0133333333333333,"1/75","81/7231",1.19028806584362,0.572265025024729,"16206",1,"Lrig1"
"BP","GO:2000377","regulation of reactive oxygen species metabolic process",1,81,75,7231,0.0133333333333333,"1/75","81/7231",1.19028806584362,0.572265025024729,"93734",1,"Mpv17l"
"CC","GO:0031594","neuromuscular junction",1,82,75,7294,0.0133333333333333,"1/75","82/7294",1.1860162601626,0.573562545178822,"55983",1,"Pdzrn3"
"BP","GO:0010506","regulation of autophagy",2,185,75,7231,0.0266666666666667,"2/75","185/7231",1.04230630630631,0.57625919510252,"52187/20773",1,"Rragd/Sptlc2"
"BP","GO:0051258","protein polymerization",2,185,75,7231,0.0266666666666667,"2/75","185/7231",1.04230630630631,0.57625919510252,"83679/225288",1,"Pde4dip/Fhod3"
"BP","GO:0030324","lung development",1,82,75,7231,0.0133333333333333,"1/75","82/7231",1.17577235772358,0.576751755531462,"20687",1,"Sp3"
"MF","GO:0003714","transcription corepressor activity",1,85,72,7153,0.0138888888888889,"1/72","85/7153",1.1687908496732,0.578963410188836,"67014",1,"Riox2"
"BP","GO:0002573","myeloid leukocyte differentiation",1,83,75,7231,0.0133333333333333,"1/75","83/7231",1.16160642570281,0.581192043450771,"20687",1,"Sp3"
"BP","GO:0030323","respiratory tube development",1,83,75,7231,0.0133333333333333,"1/75","83/7231",1.16160642570281,0.581192043450771,"20687",1,"Sp3"
"BP","GO:0035265","organ growth",1,83,75,7231,0.0133333333333333,"1/75","83/7231",1.16160642570281,0.581192043450771,"56449",1,"Ybx3"
"BP","GO:0071897","DNA biosynthetic process",1,83,75,7231,0.0133333333333333,"1/75","83/7231",1.16160642570281,0.581192043450771,"18971",1,"Pold1"
"BP","GO:1902652","secondary alcohol metabolic process",1,83,75,7231,0.0133333333333333,"1/75","83/7231",1.16160642570281,0.581192043450771,"20788",1,"Srebf2"
"BP","GO:0007169","transmembrane receptor protein tyrosine kinase signaling pathway",3,289,75,7231,0.04,"3/75","289/7231",1.00083044982699,0.581961418471934,"11625/94175/14302",1,"Ahsg/Hrg/Frk"
"CC","GO:0030018","Z disc",1,84,75,7294,0.0133333333333333,"1/75","84/7294",1.15777777777778,0.582386367620799,"11472",1,"Actn2"
"MF","GO:0043022","ribosome binding",1,86,72,7153,0.0138888888888889,"1/72","86/7153",1.15520025839793,0.583252407708135,"56449",1,"Ybx3"
"BP","GO:0071824","protein-DNA complex organization",3,290,75,7231,0.04,"3/75","290/7231",0.997379310344828,0.584339073642166,"26896/239364/494448",1,"Med14/Tspyl5/Cbx6"
"BP","GO:0048646","anatomical structure formation involved in morphogenesis",5,492,75,7231,0.0666666666666667,"5/75","492/7231",0.979810298102981,0.585055067001857,"11472/94175/11783/20687/225288",1,"Actn2/Hrg/Apaf1/Sp3/Fhod3"
"BP","GO:0000956","nuclear-transcribed mRNA catabolic process",1,84,75,7231,0.0133333333333333,"1/75","84/7231",1.14777777777778,0.585586363084402,"112403",1,"Dxo"
"BP","GO:0016241","regulation of macroautophagy",1,84,75,7231,0.0133333333333333,"1/75","84/7231",1.14777777777778,0.585586363084402,"20773",1,"Sptlc2"
"BP","GO:0019722","calcium-mediated signaling",1,84,75,7231,0.0133333333333333,"1/75","84/7231",1.14777777777778,0.585586363084402,"52009",1,"Jpt2"
"BP","GO:0050768","negative regulation of neurogenesis",1,84,75,7231,0.0133333333333333,"1/75","84/7231",1.14777777777778,0.585586363084402,"22068",1,"Trpc6"
"BP","GO:0062013","positive regulation of small molecule metabolic process",1,84,75,7231,0.0133333333333333,"1/75","84/7231",1.14777777777778,0.585586363084402,"20788",1,"Srebf2"
"BP","GO:0110053","regulation of actin filament organization",2,189,75,7231,0.0266666666666667,"2/75","189/7231",1.02024691358025,0.588017885389115,"11472/225288",1,"Actn2/Fhod3"
"MF","GO:0019787","ubiquitin-like protein transferase activity",2,195,72,7153,0.0277777777777778,"2/72","195/7153",1.01894586894587,0.588827126856107,"55983/106025",1,"Pdzrn3/Sharpin"
"BP","GO:0043065","positive regulation of apoptotic process",3,292,75,7231,0.04,"3/75","292/7231",0.99054794520548,0.589069382580872,"11540/94175/11783",1,"Adora2a/Hrg/Apaf1"
"BP","GO:0006612","protein targeting to membrane",1,85,75,7231,0.0133333333333333,"1/75","85/7231",1.13427450980392,0.58993518395591,"68268",1,"Zdhhc21"
"BP","GO:0009790","embryo development",5,495,75,7231,0.0666666666666667,"5/75","495/7231",0.973872053872054,0.590588681030956,"56449/16206/20701/11783/20687",1,"Ybx3/Lrig1/Serpina1b/Apaf1/Sp3"
"CC","GO:0031674","I band",1,86,75,7294,0.0133333333333333,"1/75","86/7294",1.13085271317829,0.591029992618631,"11472",1,"Actn2"
"BP","GO:0098609","cell-cell adhesion",4,395,75,7231,0.0533333333333333,"4/75","395/7231",0.976337552742616,0.592185343648984,"14999/68268/13136/11540",1,"H2-DMb1/Zdhhc21/Cd55/Adora2a"
"BP","GO:0051046","regulation of secretion",4,396,75,7231,0.0533333333333333,"4/75","396/7231",0.973872053872054,0.594220701105791,"22353/11540/54524/94245",1,"Vip/Adora2a/Syt6/Dtnbp1"
"BP","GO:0008286","insulin receptor signaling pathway",1,86,75,7231,0.0133333333333333,"1/75","86/7231",1.12108527131783,0.594238970858136,"11625",1,"Ahsg"
"BP","GO:0043543","protein acylation",1,86,75,7231,0.0133333333333333,"1/75","86/7231",1.12108527131783,0.594238970858136,"68268",1,"Zdhhc21"
"BP","GO:0090092","regulation of transmembrane receptor protein serine/threonine kinase signaling pathway",1,86,75,7231,0.0133333333333333,"1/75","86/7231",1.12108527131783,0.594238970858136,"209268",1,"Igsf1"
"MF","GO:0140098","catalytic activity, acting on RNA",2,197,72,7153,0.0277777777777778,"2/72","197/7153",1.00860124083474,0.594442836357586,"112403/54632",1,"Dxo/Ftsj1"
"MF","GO:0016741","transferase activity, transferring one-carbon groups",1,89,72,7153,0.0138888888888889,"1/72","89/7153",1.11626092384519,0.595862562084691,"54632",1,"Ftsj1"
"BP","GO:0031589","cell-substrate adhesion",2,192,75,7231,0.0266666666666667,"2/75","192/7231",1.00430555555556,0.59668065962971,"11472/94175",1,"Actn2/Hrg"
"BP","GO:0042692","muscle cell differentiation",2,192,75,7231,0.0266666666666667,"2/75","192/7231",1.00430555555556,0.59668065962971,"11472/225288",1,"Actn2/Fhod3"
"BP","GO:1901653","cellular response to peptide",2,192,75,7231,0.0266666666666667,"2/75","192/7231",1.00430555555556,0.59668065962971,"11625/11472",1,"Ahsg/Actn2"
"BP","GO:0002064","epithelial cell development",1,87,75,7231,0.0133333333333333,"1/75","87/7231",1.10819923371647,0.598498183900213,"68268",1,"Zdhhc21"
"BP","GO:0006282","regulation of DNA repair",1,87,75,7231,0.0133333333333333,"1/75","87/7231",1.10819923371647,0.598498183900213,"234371",1,"Tmem161a"
"BP","GO:0010952","positive regulation of peptidase activity",1,87,75,7231,0.0133333333333333,"1/75","87/7231",1.10819923371647,0.598498183900213,"11783",1,"Apaf1"
"BP","GO:0031109","microtubule polymerization or depolymerization",1,87,75,7231,0.0133333333333333,"1/75","87/7231",1.10819923371647,0.598498183900213,"83679",1,"Pde4dip"
"BP","GO:0045664","regulation of neuron differentiation",1,87,75,7231,0.0133333333333333,"1/75","87/7231",1.10819923371647,0.598498183900213,"22068",1,"Trpc6"
"BP","GO:0048660","regulation of smooth muscle cell proliferation",1,87,75,7231,0.0133333333333333,"1/75","87/7231",1.10819923371647,0.598498183900213,"22353",1,"Vip"
"CC","GO:0005911","cell-cell junction",3,300,75,7294,0.04,"3/75","300/7294",0.972533333333333,0.601682975033398,"235312/56449/22068",1,"C1qtnf5/Ybx3/Trpc6"
"BP","GO:0060078","regulation of postsynaptic membrane potential",1,88,75,7231,0.0133333333333333,"1/75","88/7231",1.09560606060606,0.602713278554116,"11540",1,"Adora2a"
"BP","GO:0097061","dendritic spine organization",1,88,75,7231,0.0133333333333333,"1/75","88/7231",1.09560606060606,0.602713278554116,"94245",1,"Dtnbp1"
"BP","GO:0043068","positive regulation of programmed cell death",3,298,75,7231,0.04,"3/75","298/7231",0.970604026845638,0.603058197089532,"11540/94175/11783",1,"Adora2a/Hrg/Apaf1"
"BP","GO:0006260","DNA replication",1,89,75,7231,0.0133333333333333,"1/75","89/7231",1.08329588014981,0.606884705700755,"18971",1,"Pold1"
"BP","GO:0051961","negative regulation of nervous system development",1,89,75,7231,0.0133333333333333,"1/75","89/7231",1.08329588014981,0.606884705700755,"22068",1,"Trpc6"
"CC","GO:0097060","synaptic membrane",4,406,75,7294,0.0533333333333333,"4/75","406/7294",0.95816091954023,0.607285717432012,"11472/11540/54524/94245",1,"Actn2/Adora2a/Syt6/Dtnbp1"
"CC","GO:0031461","cullin-RING ubiquitin ligase complex",1,90,75,7294,0.0133333333333333,"1/75","90/7294",1.08059259259259,0.607791102940447,"71765",1,"Klhdc3"
"MF","GO:0016755","aminoacyltransferase activity",2,202,72,7153,0.0277777777777778,"2/72","202/7153",0.983635863586359,0.608236357752512,"55983/106025",1,"Pdzrn3/Sharpin"
"BP","GO:0002221","pattern recognition receptor signaling pathway",1,90,75,7231,0.0133333333333333,"1/75","90/7231",1.07125925925926,0.611012911675614,"76438",1,"Rftn1"
"BP","GO:0002758","innate immune response-activating signaling pathway",1,90,75,7231,0.0133333333333333,"1/75","90/7231",1.07125925925926,0.611012911675614,"76438",1,"Rftn1"
"BP","GO:0051261","protein depolymerization",1,90,75,7231,0.0133333333333333,"1/75","90/7231",1.07125925925926,0.611012911675614,"11472",1,"Actn2"
"BP","GO:1904064","positive regulation of cation transmembrane transport",1,90,75,7231,0.0133333333333333,"1/75","90/7231",1.07125925925926,0.611012911675614,"11472",1,"Actn2"
"BP","GO:0042326","negative regulation of phosphorylation",2,198,75,7231,0.0266666666666667,"2/75","198/7231",0.973872053872054,0.613603664506808,"11540/94245",1,"Adora2a/Dtnbp1"
"BP","GO:0010821","regulation of mitochondrion organization",1,91,75,7231,0.0133333333333333,"1/75","91/7231",1.05948717948718,0.615098338313946,"93734",1,"Mpv17l"
"BP","GO:1901875","positive regulation of post-translational protein modification",1,91,75,7231,0.0133333333333333,"1/75","91/7231",1.05948717948718,0.615098338313946,"239364",1,"Tspyl5"
"BP","GO:1901890","positive regulation of cell junction assembly",1,91,75,7231,0.0133333333333333,"1/75","91/7231",1.05948717948718,0.615098338313946,"94175",1,"Hrg"
"BP","GO:0031667","response to nutrient levels",2,199,75,7231,0.0266666666666667,"2/75","199/7231",0.968978224455611,0.616371975022781,"20788/52187",1,"Srebf2/Rragd"
"BP","GO:0009895","negative regulation of catabolic process",2,200,75,7231,0.0266666666666667,"2/75","200/7231",0.964133333333333,0.619125383613273,"66454/52187",1,"Nmnat1/Rragd"
"BP","GO:0031331","positive regulation of cellular catabolic process",2,200,75,7231,0.0266666666666667,"2/75","200/7231",0.964133333333333,0.619125383613273,"112403/20773",1,"Dxo/Sptlc2"
"BP","GO:0048259","regulation of receptor-mediated endocytosis",1,92,75,7231,0.0133333333333333,"1/75","92/7231",1.04797101449275,0.619141422995522,"94245",1,"Dtnbp1"
"BP","GO:0048659","smooth muscle cell proliferation",1,92,75,7231,0.0133333333333333,"1/75","92/7231",1.04797101449275,0.619141422995522,"22353",1,"Vip"
"BP","GO:0061448","connective tissue development",1,92,75,7231,0.0133333333333333,"1/75","92/7231",1.04797101449275,0.619141422995522,"20773",1,"Sptlc2"
"BP","GO:0072330","monocarboxylic acid biosynthetic process",1,92,75,7231,0.0133333333333333,"1/75","92/7231",1.04797101449275,0.619141422995522,"54447",1,"Asah2"
"BP","GO:0060627","regulation of vesicle-mediated transport",4,409,75,7231,0.0533333333333333,"4/75","409/7231",0.942917685411573,0.620146703755332,"11625/11472/54524/94245",1,"Ahsg/Actn2/Syt6/Dtnbp1"
"BP","GO:0090150","establishment of protein localization to membrane",2,201,75,7231,0.0266666666666667,"2/75","201/7231",0.959336650082919,0.621863897255677,"68268/76438",1,"Zdhhc21/Rftn1"
"BP","GO:0007167","enzyme-linked receptor protein signaling pathway",4,410,75,7231,0.0533333333333333,"4/75","410/7231",0.940617886178862,0.622099167829519,"11625/94175/209268/14302",1,"Ahsg/Hrg/Igsf1/Frk"
"CC","GO:0005938","cell cortex",2,203,75,7294,0.0266666666666667,"2/75","203/7294",0.95816091954023,0.622524458555957,"11472/83679",1,"Actn2/Pde4dip"
"BP","GO:0046890","regulation of lipid biosynthetic process",1,93,75,7231,0.0133333333333333,"1/75","93/7231",1.03670250896057,0.623142598688944,"20788",1,"Srebf2"
"MF","GO:0000149","SNARE binding",1,96,72,7153,0.0138888888888889,"1/72","96/7153",1.03486689814815,0.623841496328875,"54524",1,"Syt6"
"BP","GO:0034660","ncRNA metabolic process",3,308,75,7231,0.04,"3/75","308/7231",0.939090909090909,0.625687172624847,"20788/54632/230082",1,"Srebf2/Ftsj1/Nol6"
"BP","GO:0007249","canonical NF-kappaB signal transduction",1,94,75,7231,0.0133333333333333,"1/75","94/7231",1.02567375886525,0.627102293995518,"106025",1,"Sharpin"
"BP","GO:0016051","carbohydrate biosynthetic process",1,94,75,7231,0.0133333333333333,"1/75","94/7231",1.02567375886525,0.627102293995518,"94284",1,"Ugt1a6a"
"BP","GO:0042113","B cell activation",1,94,75,7231,0.0133333333333333,"1/75","94/7231",1.02567375886525,0.627102293995518,"20687",1,"Sp3"
"BP","GO:0051592","response to calcium ion",1,94,75,7231,0.0133333333333333,"1/75","94/7231",1.02567375886525,0.627102293995518,"54524",1,"Syt6"
"BP","GO:0009896","positive regulation of catabolic process",3,309,75,7231,0.04,"3/75","309/7231",0.936051779935275,0.627902272171196,"112403/22353/20773",1,"Dxo/Vip/Sptlc2"
"BP","GO:0030100","regulation of endocytosis",2,204,75,7231,0.0266666666666667,"2/75","204/7231",0.945228758169935,0.629990159715136,"11625/94245",1,"Ahsg/Dtnbp1"
"BP","GO:0032504","multicellular organism reproduction",3,310,75,7231,0.04,"3/75","310/7231",0.933032258064516,0.630108611612348,"56449/22353/20687",1,"Ybx3/Vip/Sp3"
"BP","GO:0002366","leukocyte activation involved in immune response",1,95,75,7231,0.0133333333333333,"1/75","95/7231",1.01487719298246,0.631020933192707,"14999",1,"H2-DMb1"
"BP","GO:0002429","immune response-activating cell surface receptor signaling pathway",1,95,75,7231,0.0133333333333333,"1/75","95/7231",1.01487719298246,0.631020933192707,"76438",1,"Rftn1"
"BP","GO:0010508","positive regulation of autophagy",1,95,75,7231,0.0133333333333333,"1/75","95/7231",1.01487719298246,0.631020933192707,"20773",1,"Sptlc2"
"BP","GO:0043244","regulation of protein-containing complex disassembly",1,95,75,7231,0.0133333333333333,"1/75","95/7231",1.01487719298246,0.631020933192707,"11472",1,"Actn2"
"BP","GO:0060291","long-term synaptic potentiation",1,95,75,7231,0.0133333333333333,"1/75","95/7231",1.01487719298246,0.631020933192707,"11540",1,"Adora2a"
"BP","GO:0032496","response to lipopolysaccharide",1,96,75,7231,0.0133333333333333,"1/75","96/7231",1.00430555555556,0.634898936277145,"13136",1,"Cd55"
"BP","GO:0006281","DNA repair",2,207,75,7231,0.0266666666666667,"2/75","207/7231",0.931529790660226,0.637982753865084,"234371/18971",1,"Tmem161a/Pold1"
"BP","GO:0006816","calcium ion transport",2,207,75,7231,0.0266666666666667,"2/75","207/7231",0.931529790660226,0.637982753865084,"11540/22068",1,"Adora2a/Trpc6"
"BP","GO:0002768","immune response-regulating cell surface receptor signaling pathway",1,97,75,7231,0.0133333333333333,"1/75","97/7231",0.993951890034364,0.638736719007238,"76438",1,"Rftn1"
"BP","GO:0007623","circadian rhythm",1,97,75,7231,0.0133333333333333,"1/75","97/7231",0.993951890034364,0.638736719007238,"11540",1,"Adora2a"
"BP","GO:0016079","synaptic vesicle exocytosis",1,97,75,7231,0.0133333333333333,"1/75","97/7231",0.993951890034364,0.638736719007238,"94245",1,"Dtnbp1"
"BP","GO:0030833","regulation of actin filament polymerization",1,97,75,7231,0.0133333333333333,"1/75","97/7231",0.993951890034364,0.638736719007238,"225288",1,"Fhod3"
"BP","GO:0032006","regulation of TOR signaling",1,97,75,7231,0.0133333333333333,"1/75","97/7231",0.993951890034364,0.638736719007238,"52187",1,"Rragd"
"BP","GO:0043405","regulation of MAP kinase activity",1,97,75,7231,0.0133333333333333,"1/75","97/7231",0.993951890034364,0.638736719007238,"94245",1,"Dtnbp1"
"BP","GO:0050920","regulation of chemotaxis",1,97,75,7231,0.0133333333333333,"1/75","97/7231",0.993951890034364,0.638736719007238,"94175",1,"Hrg"
"BP","GO:0106027","neuron projection organization",1,97,75,7231,0.0133333333333333,"1/75","97/7231",0.993951890034364,0.638736719007238,"94245",1,"Dtnbp1"
"CC","GO:0034703","cation channel complex",1,98,75,7294,0.0133333333333333,"1/75","98/7294",0.992380952380952,0.639305969305753,"22068",1,"Trpc6"
"BP","GO:0002263","cell activation involved in immune response",1,98,75,7231,0.0133333333333333,"1/75","98/7231",0.983809523809524,0.642534692945345,"14999",1,"H2-DMb1"
"BP","GO:0043414","macromolecule methylation",1,98,75,7231,0.0133333333333333,"1/75","98/7231",0.983809523809524,0.642534692945345,"54632",1,"Ftsj1"
"MF","GO:0031072","heat shock protein binding",1,101,72,7153,0.0138888888888889,"1/72","101/7153",0.983635863586359,0.642648176107431,"11783",1,"Apaf1"
"BP","GO:0009991","response to extracellular stimulus",2,210,75,7231,0.0266666666666667,"2/75","210/7231",0.918222222222222,0.645842089055752,"20788/52187",1,"Srebf2/Rragd"
"BP","GO:0002237","response to molecule of bacterial origin",1,99,75,7231,0.0133333333333333,"1/75","99/7231",0.973872053872054,0.646293265499544,"13136",1,"Cd55"
"MF","GO:0019887","protein kinase regulator activity",1,102,72,7153,0.0138888888888889,"1/72","102/7153",0.973992374727669,0.646296691609454,"11625",1,"Ahsg"
"CC","GO:0005777","peroxisome",1,100,75,7294,0.0133333333333333,"1/75","100/7294",0.972533333333333,0.646785941013385,"93734",1,"Mpv17l"
"CC","GO:0030496","midbody",1,100,75,7294,0.0133333333333333,"1/75","100/7294",0.972533333333333,0.646785941013385,"94245",1,"Dtnbp1"
"CC","GO:0042579","microbody",1,100,75,7294,0.0133333333333333,"1/75","100/7294",0.972533333333333,0.646785941013385,"93734",1,"Mpv17l"
"CC","GO:0043204","perikaryon",1,100,75,7294,0.0133333333333333,"1/75","100/7294",0.972533333333333,0.646785941013385,"16644",1,"Kng1"
"BP","GO:0030855","epithelial cell differentiation",2,211,75,7231,0.0266666666666667,"2/75","211/7231",0.913870458135861,0.648432339723857,"68268/106025",1,"Zdhhc21/Sharpin"
"BP","GO:0034470","ncRNA processing",2,211,75,7231,0.0266666666666667,"2/75","211/7231",0.913870458135861,0.648432339723857,"54632/230082",1,"Ftsj1/Nol6"
"MF","GO:0030246","carbohydrate binding",1,103,72,7153,0.0138888888888889,"1/72","103/7153",0.964536138079827,0.649908468407656,"11699",1,"Ambp"
"BP","GO:0030217","T cell differentiation",1,100,75,7231,0.0133333333333333,"1/75","100/7231",0.964133333333333,0.650012839964986,"20687",1,"Sp3"
"BP","GO:0031623","receptor internalization",1,100,75,7231,0.0133333333333333,"1/75","100/7231",0.964133333333333,0.650012839964986,"94245",1,"Dtnbp1"
"CC","GO:0048786","presynaptic active zone",1,101,75,7294,0.0133333333333333,"1/75","101/7294",0.962904290429043,0.650468322779301,"11540",1,"Adora2a"
"CC","GO:0005743","mitochondrial inner membrane",4,429,75,7294,0.0533333333333333,"4/75","429/7294",0.906790986790987,0.65118235596743,"227683/11699/94284/94281",1,"Coq4/Ambp/Ugt1a6a/Sfxn4"
"BP","GO:0043487","regulation of RNA stability",1,101,75,7231,0.0133333333333333,"1/75","101/7231",0.954587458745875,0.65369381556485,"112403",1,"Dxo"
"BP","GO:0050714","positive regulation of protein secretion",1,101,75,7231,0.0133333333333333,"1/75","101/7231",0.954587458745875,0.65369381556485,"11540",1,"Adora2a"
"BP","GO:0002262","myeloid cell homeostasis",1,102,75,7231,0.0133333333333333,"1/75","102/7231",0.945228758169935,0.657336587490885,"20687",1,"Sp3"
"BP","GO:0007051","spindle organization",1,102,75,7231,0.0133333333333333,"1/75","102/7231",0.945228758169935,0.657336587490885,"83679",1,"Pde4dip"
"BP","GO:0071560","cellular response to transforming growth factor beta stimulus",1,102,75,7231,0.0133333333333333,"1/75","102/7231",0.945228758169935,0.657336587490885,"11783",1,"Apaf1"
"CC","GO:0098839","postsynaptic density membrane",1,103,75,7294,0.0133333333333333,"1/75","103/7294",0.9442071197411,0.657719820237223,"11472",1,"Actn2"
"BP","GO:0140694","non-membrane-bounded organelle assembly",2,215,75,7231,0.0266666666666667,"2/75","215/7231",0.896868217054264,0.658646278038766,"11472/225288",1,"Actn2/Fhod3"
"BP","GO:0002218","activation of innate immune response",1,103,75,7231,0.0133333333333333,"1/75","103/7231",0.936051779935275,0.660941546943569,"76438",1,"Rftn1"
"BP","GO:0051260","protein homooligomerization",1,103,75,7231,0.0133333333333333,"1/75","103/7231",0.936051779935275,0.660941546943569,"12279",1,"C9"
"BP","GO:0071559","response to transforming growth factor beta",1,104,75,7231,0.0133333333333333,"1/75","104/7231",0.927051282051282,0.664509081171857,"11783",1,"Apaf1"
"BP","GO:0007030","Golgi organization",1,105,75,7231,0.0133333333333333,"1/75","105/7231",0.918222222222222,0.668039573512548,"83679",1,"Pde4dip"
"BP","GO:0031333","negative regulation of protein-containing complex assembly",1,105,75,7231,0.0133333333333333,"1/75","105/7231",0.918222222222222,0.668039573512548,"225288",1,"Fhod3"
"BP","GO:0046034","ATP metabolic process",1,105,75,7231,0.0133333333333333,"1/75","105/7231",0.918222222222222,0.668039573512548,"66454",1,"Nmnat1"
"BP","GO:0050773","regulation of dendrite development",1,105,75,7231,0.0133333333333333,"1/75","105/7231",0.918222222222222,0.668039573512548,"22068",1,"Trpc6"
"BP","GO:0023061","signal release",3,328,75,7231,0.04,"3/75","328/7231",0.881829268292683,0.66831128789204,"11540/54524/94245",1,"Adora2a/Syt6/Dtnbp1"
"BP","GO:0042180","cellular ketone metabolic process",1,106,75,7231,0.0133333333333333,"1/75","106/7231",0.909559748427673,0.67153340342927,"227683",1,"Coq4"
"CC","GO:0042383","sarcolemma",1,107,75,7294,0.0133333333333333,"1/75","107/7294",0.908909657320872,0.671780383578315,"94245",1,"Dtnbp1"
"BP","GO:0006364","rRNA processing",1,107,75,7231,0.0133333333333333,"1/75","107/7231",0.901059190031153,0.674990946551067,"230082",1,"Nol6"
"BP","GO:0010639","negative regulation of organelle organization",2,222,75,7231,0.0266666666666667,"2/75","222/7231",0.868588588588589,0.675958417078144,"93734/225288",1,"Mpv17l/Fhod3"
"BP","GO:0030036","actin cytoskeleton organization",4,439,75,7231,0.0533333333333333,"4/75","439/7231",0.878481397114655,0.676010945712239,"11472/94175/94245/225288",1,"Actn2/Hrg/Dtnbp1/Fhod3"
"BP","GO:0050905","neuromuscular process",1,108,75,7231,0.0133333333333333,"1/75","108/7231",0.892716049382716,0.678412574710622,"11540",1,"Adora2a"
"CC","GO:0070382","exocytic vesicle",2,225,75,7294,0.0266666666666667,"2/75","225/7294",0.864474074074074,0.678496503252605,"54524/94245",1,"Syt6/Dtnbp1"
"MF","GO:0003729","mRNA binding",2,231,72,7153,0.0277777777777778,"2/72","231/7153",0.86014911014911,0.681354353126713,"56449/112403",1,"Ybx3/Dxo"
"BP","GO:0006839","mitochondrial transport",1,109,75,7231,0.0133333333333333,"1/75","109/7231",0.884525993883792,0.681798655982096,"93734",1,"Mpv17l"
"BP","GO:0043542","endothelial cell migration",1,109,75,7231,0.0133333333333333,"1/75","109/7231",0.884525993883792,0.681798655982096,"94175",1,"Hrg"
"CC","GO:0045177","apical part of cell",2,227,75,7294,0.0266666666666667,"2/75","227/7294",0.856857562408223,0.683241012164057,"235312/13136",1,"C1qtnf5/Cd55"
"BP","GO:0010977","negative regulation of neuron projection development",1,110,75,7231,0.0133333333333333,"1/75","110/7231",0.876484848484849,0.685149554718594,"94245",1,"Dtnbp1"
"BP","GO:0030041","actin filament polymerization",1,110,75,7231,0.0133333333333333,"1/75","110/7231",0.876484848484849,0.685149554718594,"225288",1,"Fhod3"
"BP","GO:0060326","cell chemotaxis",1,110,75,7231,0.0133333333333333,"1/75","110/7231",0.876484848484849,0.685149554718594,"94175",1,"Hrg"
"BP","GO:0060996","dendritic spine development",1,110,75,7231,0.0133333333333333,"1/75","110/7231",0.876484848484849,0.685149554718594,"94245",1,"Dtnbp1"
"BP","GO:0070507","regulation of microtubule cytoskeleton organization",1,110,75,7231,0.0133333333333333,"1/75","110/7231",0.876484848484849,0.685149554718594,"83679",1,"Pde4dip"
"CC","GO:0019866","organelle inner membrane",4,449,75,7294,0.0533333333333333,"4/75","449/7294",0.866399406087602,0.686694533385077,"227683/11699/94284/94281",1,"Coq4/Ambp/Ugt1a6a/Sfxn4"
"MF","GO:0044325","transmembrane transporter binding",1,114,72,7153,0.0138888888888889,"1/72","114/7153",0.87146686159844,0.687315076957141,"11472",1,"Actn2"
"BP","GO:0051168","nuclear export",1,111,75,7231,0.0133333333333333,"1/75","111/7231",0.868588588588589,0.688465631589273,"230082",1,"Nol6"
"BP","GO:0051896","regulation of phosphatidylinositol 3-kinase/protein kinase B signal transduction",1,111,75,7231,0.0133333333333333,"1/75","111/7231",0.868588588588589,0.688465631589273,"239364",1,"Tspyl5"
"CC","GO:0005925","focal adhesion",1,112,75,7294,0.0133333333333333,"1/75","112/7294",0.868333333333333,0.688556928360179,"11472",1,"Actn2"
"MF","GO:0019207","kinase regulator activity",1,115,72,7153,0.0138888888888889,"1/72","115/7153",0.863888888888889,0.690513445256485,"11625",1,"Ahsg"
"BP","GO:0031929","TOR signaling",1,112,75,7231,0.0133333333333333,"1/75","112/7231",0.860833333333333,0.691747243616071,"52187",1,"Rragd"
"BP","GO:0099175","regulation of postsynapse organization",1,112,75,7231,0.0133333333333333,"1/75","112/7231",0.860833333333333,0.691747243616071,"94245",1,"Dtnbp1"
"BP","GO:0006909","phagocytosis",1,113,75,7231,0.0133333333333333,"1/75","113/7231",0.853215339233038,0.694994744210087,"11625",1,"Ahsg"
"MF","GO:1901981","phosphatidylinositol phosphate binding",1,117,72,7153,0.0138888888888889,"1/72","117/7153",0.849121557454891,0.696813706500503,"11472",1,"Actn2"
"BP","GO:0032103","positive regulation of response to external stimulus",2,231,75,7231,0.0266666666666667,"2/75","231/7231",0.834747474747475,0.697180147644045,"94175/76438",1,"Hrg/Rftn1"
"BP","GO:1901137","carbohydrate derivative biosynthetic process",3,343,75,7231,0.04,"3/75","343/7231",0.843265306122449,0.697942608351677,"56846/20701/20700",1,"Necab3/Serpina1b/Serpina1a"
"CC","GO:0005789","endoplasmic reticulum membrane",3,346,75,7294,0.04,"3/75","346/7294",0.843236994219653,0.697952033892778,"56846/20788/94245",1,"Necab3/Srebf2/Dtnbp1"
"BP","GO:0031396","regulation of protein ubiquitination",1,114,75,7231,0.0133333333333333,"1/75","114/7231",0.845730994152047,0.698208483207592,"239364",1,"Tspyl5"
"BP","GO:0045732","positive regulation of protein catabolic process",1,114,75,7231,0.0133333333333333,"1/75","114/7231",0.845730994152047,0.698208483207592,"22353",1,"Vip"
"BP","GO:0090257","regulation of muscle system process",1,114,75,7231,0.0133333333333333,"1/75","114/7231",0.845730994152047,0.698208483207592,"68268",1,"Zdhhc21"
"BP","GO:0090287","regulation of cellular response to growth factor stimulus",1,114,75,7231,0.0133333333333333,"1/75","114/7231",0.845730994152047,0.698208483207592,"94175",1,"Hrg"
"BP","GO:1903522","regulation of blood circulation",1,114,75,7231,0.0133333333333333,"1/75","114/7231",0.845730994152047,0.698208483207592,"68268",1,"Zdhhc21"
"BP","GO:0010563","negative regulation of phosphorus metabolic process",2,233,75,7231,0.0266666666666667,"2/75","233/7231",0.82758226037196,0.701740043492643,"11540/94245",1,"Adora2a/Dtnbp1"
"BP","GO:0042886","amide transport",2,233,75,7231,0.0266666666666667,"2/75","233/7231",0.82758226037196,0.701740043492643,"11540/94245",1,"Adora2a/Dtnbp1"
"BP","GO:0045936","negative regulation of phosphate metabolic process",2,233,75,7231,0.0266666666666667,"2/75","233/7231",0.82758226037196,0.701740043492643,"11540/94245",1,"Adora2a/Dtnbp1"
"BP","GO:0099003","vesicle-mediated transport in synapse",2,233,75,7231,0.0266666666666667,"2/75","233/7231",0.82758226037196,0.701740043492643,"54524/94245",1,"Syt6/Dtnbp1"
"BP","GO:0072593","reactive oxygen species metabolic process",1,116,75,7231,0.0133333333333333,"1/75","116/7231",0.831149425287356,0.704536058097672,"93734",1,"Mpv17l"
"BP","GO:0097435","supramolecular fiber organization",4,457,75,7231,0.0533333333333333,"4/75","457/7231",0.843880379285193,0.706763940538623,"73737/11472/83679/225288",1,"Bbln/Actn2/Pde4dip/Fhod3"
"CC","GO:0030055","cell-substrate junction",1,118,75,7294,0.0133333333333333,"1/75","118/7294",0.824180790960452,0.707574941843183,"11472",1,"Actn2"
"BP","GO:0010721","negative regulation of cell development",1,117,75,7231,0.0133333333333333,"1/75","117/7231",0.824045584045584,0.707650576107886,"22068",1,"Trpc6"
"BP","GO:0045765","regulation of angiogenesis",1,117,75,7231,0.0133333333333333,"1/75","117/7231",0.824045584045584,0.707650576107886,"94175",1,"Hrg"
"BP","GO:0048639","positive regulation of developmental growth",1,117,75,7231,0.0133333333333333,"1/75","117/7231",0.824045584045584,0.707650576107886,"56449",1,"Ybx3"
"BP","GO:0051494","negative regulation of cytoskeleton organization",1,117,75,7231,0.0133333333333333,"1/75","117/7231",0.824045584045584,0.707650576107886,"225288",1,"Fhod3"
"BP","GO:0009306","protein secretion",2,236,75,7231,0.0266666666666667,"2/75","236/7231",0.817062146892655,0.708474879038289,"235312/11540",1,"C1qtnf5/Adora2a"
"CC","GO:0000793","condensed chromosome",1,119,75,7294,0.0133333333333333,"1/75","119/7294",0.817254901960784,0.710631223805524,"230082",1,"Nol6"
"BP","GO:0035592","establishment of protein localization to extracellular region",2,237,75,7231,0.0266666666666667,"2/75","237/7231",0.813614627285513,0.710691990684937,"235312/11540",1,"C1qtnf5/Adora2a"
"BP","GO:0071692","protein localization to extracellular region",2,237,75,7231,0.0266666666666667,"2/75","237/7231",0.813614627285513,0.710691990684937,"235312/11540",1,"C1qtnf5/Adora2a"
"BP","GO:0032259","methylation",1,118,75,7231,0.0133333333333333,"1/75","118/7231",0.817062146892655,0.710732696826456,"54632",1,"Ftsj1"
"BP","GO:0050730","regulation of peptidyl-tyrosine phosphorylation",1,118,75,7231,0.0133333333333333,"1/75","118/7231",0.817062146892655,0.710732696826456,"94175",1,"Hrg"
"BP","GO:1901342","regulation of vasculature development",1,118,75,7231,0.0133333333333333,"1/75","118/7231",0.817062146892655,0.710732696826456,"94175",1,"Hrg"
"BP","GO:1902533","positive regulation of intracellular signal transduction",4,460,75,7231,0.0533333333333333,"4/75","460/7231",0.838376811594203,0.711684471959647,"66454/239364/52187/106025",1,"Nmnat1/Tspyl5/Rragd/Sharpin"
"CC","GO:0009897","external side of plasma membrane",1,120,75,7294,0.0133333333333333,"1/75","120/7294",0.810444444444445,0.713655984532296,"13136",1,"Cd55"
"BP","GO:0031334","positive regulation of protein-containing complex assembly",1,119,75,7231,0.0133333333333333,"1/75","119/7231",0.810196078431373,0.713782752743511,"83679",1,"Pde4dip"
"CC","GO:0098827","endoplasmic reticulum subcompartment",3,356,75,7294,0.04,"3/75","356/7294",0.819550561797753,0.716435729862303,"56846/20788/94245",1,"Necab3/Srebf2/Dtnbp1"
"BP","GO:0006399","tRNA metabolic process",1,120,75,7231,0.0133333333333333,"1/75","120/7231",0.803444444444445,0.71680107298314,"54632",1,"Ftsj1"
"BP","GO:0001558","regulation of cell growth",2,240,75,7231,0.0266666666666667,"2/75","240/7231",0.803444444444445,0.717260434936874,"11625/94175",1,"Ahsg/Hrg"
"BP","GO:0016358","dendrite development",2,241,75,7231,0.0266666666666667,"2/75","241/7231",0.800110650069156,0.719422435267826,"94245/22068",1,"Dtnbp1/Trpc6"
"BP","GO:0010632","regulation of epithelial cell migration",1,121,75,7231,0.0133333333333333,"1/75","121/7231",0.796804407713499,0.719787983336995,"94175",1,"Hrg"
"BP","GO:0033002","muscle cell proliferation",1,121,75,7231,0.0133333333333333,"1/75","121/7231",0.796804407713499,0.719787983336995,"22353",1,"Vip"
"BP","GO:1902075","cellular response to salt",1,121,75,7231,0.0133333333333333,"1/75","121/7231",0.796804407713499,0.719787983336995,"54524",1,"Syt6"
"MF","GO:0001664","G protein-coupled receptor binding",1,125,72,7153,0.0138888888888889,"1/72","125/7153",0.794777777777778,0.720774462471778,"11540",1,"Adora2a"
"BP","GO:0048871","multicellular organismal-level homeostasis",3,356,75,7231,0.04,"3/75","356/7231",0.81247191011236,0.722005177768451,"11625/11540/20687",1,"Ahsg/Adora2a/Sp3"
"BP","GO:0009205","purine ribonucleoside triphosphate metabolic process",1,122,75,7231,0.0133333333333333,"1/75","122/7231",0.790273224043716,0.722743806297575,"66454",1,"Nmnat1"
"CC","GO:0005874","microtubule",2,245,75,7294,0.0266666666666667,"2/75","245/7294",0.793904761904762,0.723444517636878,"73737/83679",1,"Bbln/Pde4dip"
"CC","GO:0032279","asymmetric synapse",3,361,75,7294,0.04,"3/75","361/7294",0.808199445983379,0.725352287692739,"11472/11540/94245",1,"Actn2/Adora2a/Dtnbp1"
"BP","GO:0016072","rRNA metabolic process",1,123,75,7231,0.0133333333333333,"1/75","123/7231",0.783848238482385,0.725668861091173,"230082",1,"Nol6"
"BP","GO:0060562","epithelial tube morphogenesis",1,123,75,7231,0.0133333333333333,"1/75","123/7231",0.783848238482385,0.725668861091173,"11783",1,"Apaf1"
"BP","GO:0071805","potassium ion transmembrane transport",1,123,75,7231,0.0133333333333333,"1/75","123/7231",0.783848238482385,0.725668861091173,"11472",1,"Actn2"
"MF","GO:0017111","ribonucleoside triphosphate phosphatase activity",3,370,72,7153,0.0416666666666667,"3/72","370/7153",0.805518018018018,0.727744319101804,"76877/11842/52187",1,"Rab36/Arf3/Rragd"
"CC","GO:0030672","synaptic vesicle membrane",1,125,75,7294,0.0133333333333333,"1/75","125/7294",0.778026666666667,0.72831808381492,"94245",1,"Dtnbp1"
"CC","GO:0031256","leading edge membrane",1,125,75,7294,0.0133333333333333,"1/75","125/7294",0.778026666666667,0.72831808381492,"11540",1,"Adora2a"
"CC","GO:0099501","exocytic vesicle membrane",1,125,75,7294,0.0133333333333333,"1/75","125/7294",0.778026666666667,0.72831808381492,"94245",1,"Dtnbp1"
"BP","GO:0019058","viral life cycle",1,124,75,7231,0.0133333333333333,"1/75","124/7231",0.77752688172043,0.728563463710497,"52009",1,"Jpt2"
"BP","GO:0032388","positive regulation of intracellular transport",1,124,75,7231,0.0133333333333333,"1/75","124/7231",0.77752688172043,0.728563463710497,"11472",1,"Actn2"
"BP","GO:0045089","positive regulation of innate immune response",1,124,75,7231,0.0133333333333333,"1/75","124/7231",0.77752688172043,0.728563463710497,"76438",1,"Rftn1"
"MF","GO:0016491","oxidoreductase activity",3,372,72,7153,0.0416666666666667,"3/72","372/7153",0.801187275985663,0.73115920392796,"67014/192970/11699",1,"Riox2/Dhrs11/Ambp"
"BP","GO:0000209","protein polyubiquitination",1,125,75,7231,0.0133333333333333,"1/75","125/7231",0.771306666666667,0.731427926946984,"106025",1,"Sharpin"
"BP","GO:0032869","cellular response to insulin stimulus",1,125,75,7231,0.0133333333333333,"1/75","125/7231",0.771306666666667,0.731427926946984,"11625",1,"Ahsg"
"BP","GO:0050678","regulation of epithelial cell proliferation",1,125,75,7231,0.0133333333333333,"1/75","125/7231",0.771306666666667,0.731427926946984,"22353",1,"Vip"
"BP","GO:0120032","regulation of plasma membrane bounded cell projection assembly",1,125,75,7231,0.0133333333333333,"1/75","125/7231",0.771306666666667,0.731427926946984,"94175",1,"Hrg"
"BP","GO:1902904","negative regulation of supramolecular fiber organization",1,125,75,7231,0.0133333333333333,"1/75","125/7231",0.771306666666667,0.731427926946984,"225288",1,"Fhod3"
"BP","GO:0007507","heart development",2,247,75,7231,0.0266666666666667,"2/75","247/7231",0.780674763832659,0.732109122414836,"11472/225288",1,"Actn2/Fhod3"
"CC","GO:0042175","nuclear outer membrane-endoplasmic reticulum membrane network",3,366,75,7294,0.04,"3/75","366/7294",0.797158469945355,0.734053761611426,"56846/20788/94245",1,"Necab3/Srebf2/Dtnbp1"
"BP","GO:0043010","camera-type eye development",1,126,75,7231,0.0133333333333333,"1/75","126/7231",0.765185185185185,0.734262560422776,"20687",1,"Sp3"
"BP","GO:0043393","regulation of protein binding",1,126,75,7231,0.0133333333333333,"1/75","126/7231",0.765185185185185,0.734262560422776,"94245",1,"Dtnbp1"
"CC","GO:0099513","polymeric cytoskeletal fiber",3,367,75,7294,0.04,"3/75","367/7294",0.794986376021798,0.735768386277464,"73737/83679/11540",1,"Bbln/Pde4dip/Adora2a"
"CC","GO:0099634","postsynaptic specialization membrane",1,128,75,7294,0.0133333333333333,"1/75","128/7294",0.759791666666667,0.736757127553084,"11472",1,"Actn2"
"BP","GO:0009199","ribonucleoside triphosphate metabolic process",1,127,75,7231,0.0133333333333333,"1/75","127/7231",0.759160104986877,0.737067670622395,"66454",1,"Nmnat1"
"BP","GO:0010810","regulation of cell-substrate adhesion",1,127,75,7231,0.0133333333333333,"1/75","127/7231",0.759160104986877,0.737067670622395,"94175",1,"Hrg"
"BP","GO:0050821","protein stabilization",1,127,75,7231,0.0133333333333333,"1/75","127/7231",0.759160104986877,0.737067670622395,"56700",1,"Glmp"
"BP","GO:0060491","regulation of cell projection assembly",1,127,75,7231,0.0133333333333333,"1/75","127/7231",0.759160104986877,0.737067670622395,"94175",1,"Hrg"
"BP","GO:0098876","vesicle-mediated transport to the plasma membrane",1,127,75,7231,0.0133333333333333,"1/75","127/7231",0.759160104986877,0.737067670622395,"11472",1,"Actn2"
"BP","GO:0001817","regulation of cytokine production",2,250,75,7231,0.0266666666666667,"2/75","250/7231",0.771306666666667,0.738271203054943,"13136/76438",1,"Cd55/Rftn1"
"BP","GO:0002181","cytoplasmic translation",1,128,75,7231,0.0133333333333333,"1/75","128/7231",0.753229166666667,0.739843560924101,"54632",1,"Ftsj1"
"MF","GO:0005516","calmodulin binding",1,132,72,7153,0.0138888888888889,"1/72","132/7153",0.752630471380471,0.740201619942945,"11540",1,"Adora2a"
"CC","GO:0098685","Schaffer collateral - CA1 synapse",1,130,75,7294,0.0133333333333333,"1/75","130/7294",0.748102564102564,0.74223891980381,"94245",1,"Dtnbp1"
"BP","GO:0044242","cellular lipid catabolic process",1,129,75,7231,0.0133333333333333,"1/75","129/7231",0.747390180878553,0.742590531630942,"54447",1,"Asah2"
"CC","GO:0098858","actin-based cell projection",1,131,75,7294,0.0133333333333333,"1/75","131/7294",0.742391857506361,0.744937423574708,"11472",1,"Actn2"
"BP","GO:0009144","purine nucleoside triphosphate metabolic process",1,130,75,7231,0.0133333333333333,"1/75","130/7231",0.741641025641026,0.745308880001497,"66454",1,"Nmnat1"
"BP","GO:0010970","transport along microtubule",1,130,75,7231,0.0133333333333333,"1/75","130/7231",0.741641025641026,0.745308880001497,"94245",1,"Dtnbp1"
"BP","GO:0006457","protein folding",1,131,75,7231,0.0133333333333333,"1/75","131/7231",0.735979643765903,0.747998900280315,"14999",1,"H2-DMb1"
"BP","GO:0030029","actin filament-based process",4,484,75,7231,0.0533333333333333,"4/75","484/7231",0.796804407713499,0.748941282662504,"11472/94175/94245/225288",1,"Actn2/Hrg/Dtnbp1/Fhod3"
"MF","GO:0016788","hydrolase activity, acting on ester bonds",3,383,72,7153,0.0416666666666667,"3/72","383/7153",0.778176675369887,0.749356308593921,"112403/18971/433022",1,"Dxo/Pold1/Plcxd2"
"BP","GO:0019932","second-messenger-mediated signaling",1,132,75,7231,0.0133333333333333,"1/75","132/7231",0.73040404040404,0.750660883728058,"52009",1,"Jpt2"
"MF","GO:0043021","ribonucleoprotein complex binding",1,136,72,7153,0.0138888888888889,"1/72","136/7153",0.730494281045752,0.750697894377662,"56449",1,"Ybx3"
"CC","GO:0009986","cell surface",3,376,75,7294,0.04,"3/75","376/7294",0.775957446808511,0.750818221991492,"13136/11699/94175",1,"Cd55/Ambp/Hrg"
"BP","GO:1903320","regulation of protein modification by small protein conjugation or removal",1,134,75,7231,0.0133333333333333,"1/75","134/7231",0.719502487562189,0.755901890432288,"239364",1,"Tspyl5"
"BP","GO:0040007","growth",4,490,75,7231,0.0533333333333333,"4/75","490/7231",0.787047619047619,0.757673883812764,"56449/11625/94175/76438",1,"Ybx3/Ahsg/Hrg/Rftn1"
"BP","GO:0007178","transmembrane receptor protein serine/threonine kinase signaling pathway",1,135,75,7231,0.0133333333333333,"1/75","135/7231",0.714172839506173,0.758481481557774,"209268",1,"Igsf1"
"BP","GO:0006325","chromatin organization",2,261,75,7231,0.0266666666666667,"2/75","261/7231",0.738799489144317,0.759857357352437,"239364/494448",1,"Tspyl5/Cbx6"
"CC","GO:0061695","transferase complex, transferring phosphorus-containing groups",1,137,75,7294,0.0133333333333333,"1/75","137/7294",0.709878345498783,0.76055285651226,"18971",1,"Pold1"
"BP","GO:0018108","peptidyl-tyrosine phosphorylation",1,136,75,7231,0.0133333333333333,"1/75","136/7231",0.708921568627451,0.761034171648412,"94175",1,"Hrg"
"BP","GO:0018212","peptidyl-tyrosine modification",1,136,75,7231,0.0133333333333333,"1/75","136/7231",0.708921568627451,0.761034171648412,"94175",1,"Hrg"
"BP","GO:0030522","intracellular receptor signaling pathway",1,136,75,7231,0.0133333333333333,"1/75","136/7231",0.708921568627451,0.761034171648412,"76438",1,"Rftn1"
"BP","GO:0099111","microtubule-based transport",1,136,75,7231,0.0133333333333333,"1/75","136/7231",0.708921568627451,0.761034171648412,"94245",1,"Dtnbp1"
"BP","GO:0006887","exocytosis",2,262,75,7231,0.0266666666666667,"2/75","262/7231",0.735979643765903,0.761742740625917,"54524/94245",1,"Syt6/Dtnbp1"
"BP","GO:0048511","rhythmic process",1,137,75,7231,0.0133333333333333,"1/75","137/7231",0.70374695863747,0.763560237487224,"11540",1,"Adora2a"
"MF","GO:0000287","magnesium ion binding",1,142,72,7153,0.0138888888888889,"1/72","142/7153",0.699628325508607,0.765662950130477,"112403",1,"Dxo"
"BP","GO:0009410","response to xenobiotic stimulus",1,138,75,7231,0.0133333333333333,"1/75","138/7231",0.698647342995169,0.766059953048044,"94284",1,"Ugt1a6a"
"BP","GO:0019221","cytokine-mediated signaling pathway",1,138,75,7231,0.0133333333333333,"1/75","138/7231",0.698647342995169,0.766059953048044,"106025",1,"Sharpin"
"BP","GO:0043491","phosphatidylinositol 3-kinase/protein kinase B signal transduction",1,138,75,7231,0.0133333333333333,"1/75","138/7231",0.698647342995169,0.766059953048044,"239364",1,"Tspyl5"
"BP","GO:0001932","regulation of protein phosphorylation",4,496,75,7231,0.0533333333333333,"4/75","496/7231",0.77752688172043,0.766176571832434,"11540/94175/94245/22068",1,"Adora2a/Hrg/Dtnbp1/Trpc6"
"BP","GO:0031400","negative regulation of protein modification process",2,265,75,7231,0.0266666666666667,"2/75","265/7231",0.727647798742138,0.767323500119829,"11540/94245",1,"Adora2a/Dtnbp1"
"BP","GO:0043161","proteasome-mediated ubiquitin-dependent protein catabolic process",2,265,75,7231,0.0266666666666667,"2/75","265/7231",0.727647798742138,0.767323500119829,"71765/106025",1,"Klhdc3/Sharpin"
"BP","GO:0009628","response to abiotic stimulus",4,497,75,7231,0.0533333333333333,"4/75","497/7231",0.775962441314554,0.76757146200842,"56449/234371/239364/18971",1,"Ybx3/Tmem161a/Tspyl5/Pold1"
"BP","GO:0030098","lymphocyte differentiation",1,139,75,7231,0.0133333333333333,"1/75","139/7231",0.693621103117506,0.768533589523639,"20687",1,"Sp3"
"CC","GO:0030139","endocytic vesicle",1,141,75,7294,0.0133333333333333,"1/75","141/7294",0.689739952718676,0.770435132676477,"94175",1,"Hrg"
"BP","GO:0008654","phospholipid biosynthetic process",1,140,75,7231,0.0133333333333333,"1/75","140/7231",0.688666666666667,0.77098141535355,"20773",1,"Sptlc2"
"BP","GO:0051259","protein complex oligomerization",1,140,75,7231,0.0133333333333333,"1/75","140/7231",0.688666666666667,0.77098141535355,"12279",1,"C9"
"BP","GO:0022613","ribonucleoprotein complex biogenesis",2,268,75,7231,0.0266666666666667,"2/75","268/7231",0.719502487562189,0.772792321757341,"67014/230082",1,"Riox2/Nol6"
"BP","GO:0034765","regulation of monoatomic ion transmembrane transport",2,268,75,7231,0.0266666666666667,"2/75","268/7231",0.719502487562189,0.772792321757341,"11472/22068",1,"Actn2/Trpc6"
"BP","GO:0120031","plasma membrane bounded cell projection assembly",2,268,75,7231,0.0266666666666667,"2/75","268/7231",0.719502487562189,0.772792321757341,"11472/94175",1,"Actn2/Hrg"
"BP","GO:0009141","nucleoside triphosphate metabolic process",1,142,75,7231,0.0133333333333333,"1/75","142/7231",0.678967136150235,0.775800695233481,"66454",1,"Nmnat1"
"MF","GO:0061630","ubiquitin protein ligase activity",1,147,72,7153,0.0138888888888889,"1/72","147/7153",0.675831443688586,0.777454339705671,"55983",1,"Pdzrn3"
"CC","GO:0098984","neuron to neuron synapse",3,395,75,7294,0.04,"3/75","395/7294",0.738632911392405,0.780377521471307,"11472/11540/94245",1,"Actn2/Adora2a/Dtnbp1"
"MF","GO:0140677","molecular function activator activity",3,404,72,7153,0.0416666666666667,"3/72","404/7153",0.737726897689769,0.78140756689715,"16644/22353/11783",1,"Kng1/Vip/Apaf1"
"BP","GO:0005975","carbohydrate metabolic process",2,273,75,7231,0.0266666666666667,"2/75","273/7231",0.706324786324786,0.781662328157587,"94284/238023",1,"Ugt1a6a/Hexd"
"BP","GO:0001654","eye development",1,145,75,7231,0.0133333333333333,"1/75","145/7231",0.664919540229885,0.782842590926632,"20687",1,"Sp3"
"MF","GO:0046914","transition metal ion binding",3,405,72,7153,0.0416666666666667,"3/72","405/7153",0.735905349794239,0.782847959038926,"55983/94175/54447",1,"Pdzrn3/Hrg/Asah2"
"BP","GO:0030031","cell projection assembly",2,274,75,7231,0.0266666666666667,"2/75","274/7231",0.70374695863747,0.783400127631439,"11472/94175",1,"Actn2/Hrg"
"BP","GO:0032535","regulation of cellular component size",2,274,75,7231,0.0266666666666667,"2/75","274/7231",0.70374695863747,0.783400127631439,"11472/225288",1,"Actn2/Fhod3"
"BP","GO:0001816","cytokine production",2,275,75,7231,0.0266666666666667,"2/75","275/7231",0.701187878787879,0.785125991097477,"13136/76438",1,"Cd55/Rftn1"
"BP","GO:0005996","monosaccharide metabolic process",1,147,75,7231,0.0133333333333333,"1/75","147/7231",0.655873015873016,0.787415481438869,"94284",1,"Ugt1a6a"
"BP","GO:0006402","mRNA catabolic process",1,147,75,7231,0.0133333333333333,"1/75","147/7231",0.655873015873016,0.787415481438869,"112403",1,"Dxo"
"BP","GO:0032868","response to insulin",1,147,75,7231,0.0133333333333333,"1/75","147/7231",0.655873015873016,0.787415481438869,"11625",1,"Ahsg"
"BP","GO:0032886","regulation of microtubule-based process",1,147,75,7231,0.0133333333333333,"1/75","147/7231",0.655873015873016,0.787415481438869,"83679",1,"Pde4dip"
"BP","GO:1903828","negative regulation of protein localization",1,147,75,7231,0.0133333333333333,"1/75","147/7231",0.655873015873016,0.787415481438869,"11472",1,"Actn2"
"BP","GO:0030705","cytoskeleton-dependent intracellular transport",1,148,75,7231,0.0133333333333333,"1/75","148/7231",0.651441441441442,0.789666164512285,"94245",1,"Dtnbp1"
"BP","GO:0051054","positive regulation of DNA metabolic process",1,148,75,7231,0.0133333333333333,"1/75","148/7231",0.651441441441442,0.789666164512285,"234371",1,"Tmem161a"
"BP","GO:0051650","establishment of vesicle localization",1,148,75,7231,0.0133333333333333,"1/75","148/7231",0.651441441441442,0.789666164512285,"94245",1,"Dtnbp1"
"BP","GO:0150063","visual system development",1,148,75,7231,0.0133333333333333,"1/75","148/7231",0.651441441441442,0.789666164512285,"20687",1,"Sp3"
"BP","GO:0048880","sensory system development",1,149,75,7231,0.0133333333333333,"1/75","149/7231",0.647069351230425,0.791893333460694,"20687",1,"Sp3"
"BP","GO:0071363","cellular response to growth factor stimulus",2,282,75,7231,0.0266666666666667,"2/75","282/7231",0.683782505910166,0.796877591225053,"94175/11783",1,"Hrg/Apaf1"
"MF","GO:0005261","monoatomic cation channel activity",1,156,72,7153,0.0138888888888889,"1/72","156/7153",0.636841168091168,0.797222727154178,"22068",1,"Trpc6"
"MF","GO:0061659","ubiquitin-like protein ligase activity",1,156,72,7153,0.0138888888888889,"1/72","156/7153",0.636841168091168,0.797222727154178,"55983",1,"Pdzrn3"
"BP","GO:0010001","glial cell differentiation",1,152,75,7231,0.0133333333333333,"1/75","152/7231",0.634298245614035,0.798436167052252,"11540",1,"Adora2a"
"BP","GO:1903131","mononuclear cell differentiation",1,152,75,7231,0.0133333333333333,"1/75","152/7231",0.634298245614035,0.798436167052252,"20687",1,"Sp3"
"BP","GO:0030336","negative regulation of cell migration",1,153,75,7231,0.0133333333333333,"1/75","153/7231",0.630152505446623,0.800571678772987,"94175",1,"Hrg"
"BP","GO:0042391","regulation of membrane potential",2,285,75,7231,0.0266666666666667,"2/75","285/7231",0.676584795321638,0.801740639664937,"11472/11540",1,"Actn2/Adora2a"
"CC","GO:0030658","transport vesicle membrane",1,155,75,7294,0.0133333333333333,"1/75","155/7294",0.627440860215054,0.801957011667651,"94245",1,"Dtnbp1"
"BP","GO:0050673","epithelial cell proliferation",1,154,75,7231,0.0133333333333333,"1/75","154/7231",0.626060606060606,0.80268486386652,"22353",1,"Vip"
"MF","GO:0005543","phospholipid binding",2,296,72,7153,0.0277777777777778,"2/72","296/7153",0.671265015015015,0.805543222697902,"11472/54524",1,"Actn2/Syt6"
"BP","GO:0045859","regulation of protein kinase activity",2,289,75,7231,0.0266666666666667,"2/75","289/7231",0.66722029988466,0.808066653975406,"11540/94245",1,"Adora2a/Dtnbp1"
"BP","GO:1901873","regulation of post-translational protein modification",1,157,75,7231,0.0133333333333333,"1/75","157/7231",0.614097664543524,0.808892750705657,"239364",1,"Tspyl5"
"BP","GO:0051604","protein maturation",2,290,75,7231,0.0266666666666667,"2/75","290/7231",0.664919540229885,0.80962031772772,"14999/11699",1,"H2-DMb1/Ambp"
"BP","GO:0070848","response to growth factor",2,290,75,7231,0.0266666666666667,"2/75","290/7231",0.664919540229885,0.80962031772772,"94175/11783",1,"Hrg/Apaf1"
"BP","GO:0006874","intracellular calcium ion homeostasis",1,158,75,7231,0.0133333333333333,"1/75","158/7231",0.610210970464135,0.8109189089891,"22068",1,"Trpc6"
"BP","GO:2000146","negative regulation of cell motility",1,158,75,7231,0.0133333333333333,"1/75","158/7231",0.610210970464135,0.8109189089891,"94175",1,"Hrg"
"CC","GO:0005813","centrosome",2,296,75,7294,0.0266666666666667,"2/75","296/7294",0.657117117117117,0.814873037244483,"83679/52187",1,"Pde4dip/Rragd"
"BP","GO:0001501","skeletal system development",1,160,75,7231,0.0133333333333333,"1/75","160/7231",0.602583333333333,0.81490784941534,"20687",1,"Sp3"
"BP","GO:0045088","regulation of innate immune response",1,160,75,7231,0.0133333333333333,"1/75","160/7231",0.602583333333333,0.81490784941534,"76438",1,"Rftn1"
"BP","GO:0070588","calcium ion transmembrane transport",1,160,75,7231,0.0133333333333333,"1/75","160/7231",0.602583333333333,0.81490784941534,"22068",1,"Trpc6"
"BP","GO:0071900","regulation of protein serine/threonine kinase activity",1,160,75,7231,0.0133333333333333,"1/75","160/7231",0.602583333333333,0.81490784941534,"94245",1,"Dtnbp1"
"BP","GO:0060429","epithelium development",3,417,75,7231,0.04,"3/75","417/7231",0.693621103117506,0.815722316604001,"68268/11783/106025",1,"Zdhhc21/Apaf1/Sharpin"
"BP","GO:0016049","cell growth",2,294,75,7231,0.0266666666666667,"2/75","294/7231",0.655873015873016,0.815725341331053,"11625/94175",1,"Ahsg/Hrg"
"CC","GO:0030426","growth cone",1,162,75,7294,0.0133333333333333,"1/75","162/7294",0.600329218106996,0.816075722267577,"94245",1,"Dtnbp1"
"CC","GO:0098687","chromosomal region",1,162,75,7294,0.0133333333333333,"1/75","162/7294",0.600329218106996,0.816075722267577,"18971",1,"Pold1"
"BP","GO:0010631","epithelial cell migration",1,161,75,7231,0.0133333333333333,"1/75","161/7231",0.598840579710145,0.816871066965029,"94175",1,"Hrg"
"BP","GO:0034976","response to endoplasmic reticulum stress",1,161,75,7231,0.0133333333333333,"1/75","161/7231",0.598840579710145,0.816871066965029,"11783",1,"Apaf1"
"BP","GO:0090130","tissue migration",1,161,75,7231,0.0133333333333333,"1/75","161/7231",0.598840579710145,0.816871066965029,"94175",1,"Hrg"
"BP","GO:0090132","epithelium migration",1,161,75,7231,0.0133333333333333,"1/75","161/7231",0.598840579710145,0.816871066965029,"94175",1,"Hrg"
"BP","GO:0007015","actin filament organization",2,295,75,7231,0.0266666666666667,"2/75","295/7231",0.653649717514124,0.81722447748602,"11472/225288",1,"Actn2/Fhod3"
"CC","GO:0034702","monoatomic ion channel complex",1,163,75,7294,0.0133333333333333,"1/75","163/7294",0.596646216768916,0.818009867083888,"22068",1,"Trpc6"
"MF","GO:0061629","RNA polymerase II-specific DNA-binding transcription factor binding",1,167,72,7153,0.0138888888888889,"1/72","167/7153",0.594893546240852,0.819044957016209,"20687",1,"Sp3"
"CC","GO:0005770","late endosome",1,164,75,7294,0.0133333333333333,"1/75","164/7294",0.593008130081301,0.819923940841946,"14999",1,"H2-DMb1"
"BP","GO:0002757","immune response-activating signaling pathway",1,163,75,7231,0.0133333333333333,"1/75","163/7231",0.591492842535787,0.820736068678094,"76438",1,"Rftn1"
"BP","GO:0006897","endocytosis",3,421,75,7231,0.04,"3/75","421/7231",0.687030878859857,0.820830964982531,"11625/52009/94245",1,"Ahsg/Jpt2/Dtnbp1"
"BP","GO:0051648","vesicle localization",1,165,75,7231,0.0133333333333333,"1/75","165/7231",0.584323232323232,0.824520563090396,"94245",1,"Dtnbp1"
"BP","GO:0055074","calcium ion homeostasis",1,165,75,7231,0.0133333333333333,"1/75","165/7231",0.584323232323232,0.824520563090396,"22068",1,"Trpc6"
"CC","GO:0030427","site of polarized growth",1,167,75,7294,0.0133333333333333,"1/75","167/7294",0.582355289421158,0.825547780371217,"94245",1,"Dtnbp1"
"MF","GO:0008134","transcription factor binding",2,310,72,7153,0.0277777777777778,"2/72","310/7153",0.64094982078853,0.825988979389297,"67088/20687",1,"Cand2/Sp3"
"BP","GO:0002764","immune response-regulating signaling pathway",1,166,75,7231,0.0133333333333333,"1/75","166/7231",0.580803212851406,0.826383138489238,"76438",1,"Rftn1"
"BP","GO:1902532","negative regulation of intracellular signal transduction",2,302,75,7231,0.0266666666666667,"2/75","302/7231",0.638498896247241,0.827421138964313,"56449/234371",1,"Ybx3/Tmem161a"
"BP","GO:0019216","regulation of lipid metabolic process",1,167,75,7231,0.0133333333333333,"1/75","167/7231",0.577325349301397,0.828226204959628,"20788",1,"Srebf2"
"BP","GO:0050708","regulation of protein secretion",1,168,75,7231,0.0133333333333333,"1/75","168/7231",0.573888888888889,0.830049964108556,"11540",1,"Adora2a"
"CC","GO:0015629","actin cytoskeleton",2,307,75,7294,0.0266666666666667,"2/75","307/7294",0.63357220412595,0.830714697778574,"11472/225288",1,"Actn2/Fhod3"
"CC","GO:0030659","cytoplasmic vesicle membrane",3,433,75,7294,0.04,"3/75","433/7294",0.673810623556582,0.830994868504322,"14999/94175/94245",1,"H2-DMb1/Hrg/Dtnbp1"
"BP","GO:0006401","RNA catabolic process",1,169,75,7231,0.0133333333333333,"1/75","169/7231",0.570493096646943,0.831854615487837,"112403",1,"Dxo"
"BP","GO:0031349","positive regulation of defense response",1,169,75,7231,0.0133333333333333,"1/75","169/7231",0.570493096646943,0.831854615487837,"76438",1,"Rftn1"
"BP","GO:0003006","developmental process involved in reproduction",2,306,75,7231,0.0266666666666667,"2/75","306/7231",0.630152505446623,0.833019273175569,"56449/11625",1,"Ybx3/Ahsg"
"BP","GO:0016032","viral process",1,170,75,7231,0.0133333333333333,"1/75","170/7231",0.567137254901961,0.833640356614771,"52009",1,"Jpt2"
"BP","GO:0051235","maintenance of location",1,170,75,7231,0.0133333333333333,"1/75","170/7231",0.567137254901961,0.833640356614771,"20788",1,"Srebf2"
"BP","GO:1901888","regulation of cell junction assembly",1,170,75,7231,0.0133333333333333,"1/75","170/7231",0.567137254901961,0.833640356614771,"94175",1,"Hrg"
"BP","GO:0031401","positive regulation of protein modification process",3,432,75,7231,0.04,"3/75","432/7231",0.669537037037037,0.83427405046154,"239364/94245/22068",1,"Tspyl5/Dtnbp1/Trpc6"
"BP","GO:0034329","cell junction assembly",2,307,75,7231,0.0266666666666667,"2/75","307/7231",0.628099891422367,0.834393410517002,"11472/94175",1,"Actn2/Hrg"
"BP","GO:0040013","negative regulation of locomotion",1,171,75,7231,0.0133333333333333,"1/75","171/7231",0.563820662768031,0.835407382992606,"94175",1,"Hrg"
"BP","GO:0006898","receptor-mediated endocytosis",1,172,75,7231,0.0133333333333333,"1/75","172/7231",0.560542635658915,0.837155888130787,"94245",1,"Dtnbp1"
"BP","GO:0006935","chemotaxis",1,172,75,7231,0.0133333333333333,"1/75","172/7231",0.560542635658915,0.837155888130787,"94175",1,"Hrg"
"BP","GO:0007626","locomotory behavior",1,172,75,7231,0.0133333333333333,"1/75","172/7231",0.560542635658915,0.837155888130787,"11540",1,"Adora2a"
"BP","GO:0042330","taxis",1,172,75,7231,0.0133333333333333,"1/75","172/7231",0.560542635658915,0.837155888130787,"94175",1,"Hrg"
"CC","GO:0043197","dendritic spine",1,174,75,7294,0.0133333333333333,"1/75","174/7294",0.558927203065134,0.83800496821274,"94245",1,"Dtnbp1"
"BP","GO:0006164","purine nucleotide biosynthetic process",1,174,75,7231,0.0133333333333333,"1/75","174/7231",0.554099616858237,0.840598098877086,"66454",1,"Nmnat1"
"BP","GO:0032984","protein-containing complex disassembly",1,175,75,7231,0.0133333333333333,"1/75","175/7231",0.550933333333333,0.842292181714584,"11472",1,"Actn2"
"BP","GO:0048872","homeostasis of number of cells",1,175,75,7231,0.0133333333333333,"1/75","175/7231",0.550933333333333,0.842292181714584,"20687",1,"Sp3"
"BP","GO:0007610","behavior",3,439,75,7231,0.04,"3/75","439/7231",0.658861047835991,0.8423790028762,"14709/22353/11540",1,"Gng8/Vip/Adora2a"
"MF","GO:0035091","phosphatidylinositol binding",1,181,72,7153,0.0138888888888889,"1/72","181/7153",0.548879680785758,0.843496945712686,"11472",1,"Actn2"
"CC","GO:0012506","vesicle membrane",3,444,75,7294,0.04,"3/75","444/7294",0.657117117117117,0.843682593784646,"14999/94175/94245",1,"H2-DMb1/Hrg/Dtnbp1"
"BP","GO:0007283","spermatogenesis",1,176,75,7231,0.0133333333333333,"1/75","176/7231",0.54780303030303,0.843968497810304,"56449",1,"Ybx3"
"BP","GO:0007600","sensory perception",1,176,75,7231,0.0133333333333333,"1/75","176/7231",0.54780303030303,0.843968497810304,"16206",1,"Lrig1"
"BP","GO:0048232","male gamete generation",1,176,75,7231,0.0133333333333333,"1/75","176/7231",0.54780303030303,0.843968497810304,"56449",1,"Ybx3"
"CC","GO:0044309","neuron spine",1,178,75,7294,0.0133333333333333,"1/75","178/7294",0.546367041198502,0.844724901576293,"94245",1,"Dtnbp1"
"BP","GO:0072522","purine-containing compound biosynthetic process",1,179,75,7231,0.0133333333333333,"1/75","179/7231",0.538621973929236,0.848892674656581,"66454",1,"Nmnat1"
"BP","GO:0035295","tube development",3,446,75,7231,0.04,"3/75","446/7231",0.648520179372197,0.850145669882312,"94175/11783/20687",1,"Hrg/Apaf1/Sp3"
"MF","GO:0016772","transferase activity, transferring phosphorus-containing groups",3,460,72,7153,0.0416666666666667,"3/72","460/7153",0.647916666666667,0.850920900207474,"66454/18971/14302",1,"Nmnat1/Pold1/Frk"
"CC","GO:0005819","spindle",1,182,75,7294,0.0133333333333333,"1/75","182/7294",0.534358974358974,0.85116964043515,"73737",1,"Bbln"
"BP","GO:0010638","positive regulation of organelle organization",2,321,75,7231,0.0266666666666667,"2/75","321/7231",0.600706126687435,0.852602477109349,"11472/83679",1,"Actn2/Pde4dip"
"BP","GO:0030099","myeloid cell differentiation",1,182,75,7231,0.0133333333333333,"1/75","182/7231",0.52974358974359,0.853663457399085,"20687",1,"Sp3"
"BP","GO:0045862","positive regulation of proteolysis",1,182,75,7231,0.0133333333333333,"1/75","182/7231",0.52974358974359,0.853663457399085,"11783",1,"Apaf1"
"BP","GO:0062012","regulation of small molecule metabolic process",1,182,75,7231,0.0133333333333333,"1/75","182/7231",0.52974358974359,0.853663457399085,"20788",1,"Srebf2"
"BP","GO:0001934","positive regulation of protein phosphorylation",2,323,75,7231,0.0266666666666667,"2/75","323/7231",0.596986584107327,0.855052098733836,"94245/22068",1,"Dtnbp1/Trpc6"
"BP","GO:0010498","proteasomal protein catabolic process",2,323,75,7231,0.0266666666666667,"2/75","323/7231",0.596986584107327,0.855052098733836,"71765/106025",1,"Klhdc3/Sharpin"
"BP","GO:0007018","microtubule-based movement",1,183,75,7231,0.0133333333333333,"1/75","183/7231",0.526848816029144,0.855220449978893,"94245",1,"Dtnbp1"
"BP","GO:0006914","autophagy",2,324,75,7231,0.0266666666666667,"2/75","324/7231",0.595144032921811,0.856263164253052,"52187/20773",1,"Rragd/Sptlc2"
"BP","GO:0061919","process utilizing autophagic mechanism",2,324,75,7231,0.0266666666666667,"2/75","324/7231",0.595144032921811,0.856263164253052,"52187/20773",1,"Rragd/Sptlc2"
"BP","GO:0031647","regulation of protein stability",1,185,75,7231,0.0133333333333333,"1/75","185/7231",0.521153153153153,0.858285561867643,"56700",1,"Glmp"
"BP","GO:0016197","endosomal transport",1,186,75,7231,0.0133333333333333,"1/75","186/7231",0.518351254480287,0.859794018135019,"11472",1,"Actn2"
"BP","GO:0071345","cellular response to cytokine stimulus",2,327,75,7231,0.0266666666666667,"2/75","327/7231",0.589683995922528,0.859842041120384,"56449/106025",1,"Ybx3/Sharpin"
"CC","GO:0042734","presynaptic membrane",1,188,75,7294,0.0133333333333333,"1/75","188/7294",0.517304964539007,0.860344970176665,"11540",1,"Adora2a"
"BP","GO:0080135","regulation of cellular response to stress",2,328,75,7231,0.0266666666666667,"2/75","328/7231",0.587886178861789,0.861017076416263,"56449/234371",1,"Ybx3/Tmem161a"
"BP","GO:0032787","monocarboxylic acid metabolic process",2,330,75,7231,0.0266666666666667,"2/75","330/7231",0.584323232323232,0.863340589175051,"94284/54447",1,"Ugt1a6a/Asah2"
"BP","GO:0043549","regulation of kinase activity",2,330,75,7231,0.0266666666666667,"2/75","330/7231",0.584323232323232,0.863340589175051,"11540/94245",1,"Adora2a/Dtnbp1"
"BP","GO:0072657","protein localization to membrane",3,460,75,7231,0.04,"3/75","460/7231",0.628782608695652,0.864703423989562,"68268/11472/76438",1,"Zdhhc21/Actn2/Rftn1"
"BP","GO:0002009","morphogenesis of an epithelium",1,192,75,7231,0.0133333333333333,"1/75","192/7231",0.502152777777778,0.868517706263559,"11783",1,"Apaf1"
"BP","GO:0051098","regulation of binding",1,192,75,7231,0.0133333333333333,"1/75","192/7231",0.502152777777778,0.868517706263559,"94245",1,"Dtnbp1"
"BP","GO:0044089","positive regulation of cellular component biogenesis",2,336,75,7231,0.0266666666666667,"2/75","336/7231",0.573888888888889,0.870102562852387,"83679/94175",1,"Pde4dip/Hrg"
"BP","GO:0016236","macroautophagy",1,194,75,7231,0.0133333333333333,"1/75","194/7231",0.496975945017182,0.871304843675087,"20773",1,"Sptlc2"
"BP","GO:0010628","positive regulation of gene expression",3,469,75,7231,0.04,"3/75","469/7231",0.616716417910448,0.873404923079745,"13136/94245/76438",1,"Cd55/Dtnbp1/Rftn1"
"CC","GO:0014069","postsynaptic density",2,342,75,7294,0.0266666666666667,"2/75","342/7294",0.568732943469786,0.87340688066556,"11472/94245",1,"Actn2/Dtnbp1"
"MF","GO:0015075","monoatomic ion transmembrane transporter activity",2,351,72,7153,0.0277777777777778,"2/72","351/7153",0.566081038303261,0.875338354066729,"94281/22068",1,"Sfxn4/Trpc6"
"BP","GO:0009165","nucleotide biosynthetic process",1,197,75,7231,0.0133333333333333,"1/75","197/7231",0.489407783417936,0.875376595723824,"66454",1,"Nmnat1"
"BP","GO:1904062","regulation of monoatomic cation transmembrane transport",1,197,75,7231,0.0133333333333333,"1/75","197/7231",0.489407783417936,0.875376595723824,"11472",1,"Actn2"
"BP","GO:0006974","DNA damage response",2,341,75,7231,0.0266666666666667,"2/75","341/7231",0.565474095796677,0.875504943435627,"234371/18971",1,"Tmem161a/Pold1"
"CC","GO:0005815","microtubule organizing center",2,344,75,7294,0.0266666666666667,"2/75","344/7294",0.565426356589147,0.875523957776939,"83679/52187",1,"Pde4dip/Rragd"
"CC","GO:0031253","cell projection membrane",1,199,75,7294,0.0133333333333333,"1/75","199/7294",0.488710217755444,0.87573994754618,"11540",1,"Adora2a"
"BP","GO:0006869","lipid transport",1,198,75,7231,0.0133333333333333,"1/75","198/7231",0.486936026936027,0.876705392328987,"20788",1,"Srebf2"
"BP","GO:0048167","regulation of synaptic plasticity",1,198,75,7231,0.0133333333333333,"1/75","198/7231",0.486936026936027,0.876705392328987,"11540",1,"Adora2a"
"BP","GO:0051222","positive regulation of protein transport",1,198,75,7231,0.0133333333333333,"1/75","198/7231",0.486936026936027,0.876705392328987,"11540",1,"Adora2a"
"BP","GO:1901293","nucleoside phosphate biosynthetic process",1,198,75,7231,0.0133333333333333,"1/75","198/7231",0.486936026936027,0.876705392328987,"66454",1,"Nmnat1"
"BP","GO:0072359","circulatory system development",3,473,75,7231,0.04,"3/75","473/7231",0.611501057082453,0.877113948672046,"11472/94175/225288",1,"Actn2/Hrg/Fhod3"
"BP","GO:0099504","synaptic vesicle cycle",1,199,75,7231,0.0133333333333333,"1/75","199/7231",0.484489112227806,0.878020207567907,"94245",1,"Dtnbp1"
"CC","GO:0098791","Golgi apparatus subcompartment",1,201,75,7294,0.0133333333333333,"1/75","201/7294",0.483847429519071,0.878353308061563,"56846",1,"Necab3"
"BP","GO:0009887","animal organ morphogenesis",2,345,75,7231,0.0266666666666667,"2/75","345/7231",0.558917874396135,0.879679356539699,"16206/20687",1,"Lrig1/Sp3"
"BP","GO:0006338","chromatin remodeling",1,203,75,7231,0.0133333333333333,"1/75","203/7231",0.474942528735632,0.883142535499842,"239364",1,"Tspyl5"
"BP","GO:0042327","positive regulation of phosphorylation",2,349,75,7231,0.0266666666666667,"2/75","349/7231",0.55251193887297,0.883726268818583,"94245/22068",1,"Dtnbp1/Trpc6"
"BP","GO:0048812","neuron projection morphogenesis",3,481,75,7231,0.04,"3/75","481/7231",0.601330561330561,0.884249394065,"11540/94245/22068",1,"Adora2a/Dtnbp1/Trpc6"
"MF","GO:0005216","monoatomic ion channel activity",1,210,72,7153,0.0138888888888889,"1/72","210/7153",0.473082010582011,0.884250839215524,"22068",1,"Trpc6"
"BP","GO:0030900","forebrain development",1,204,75,7231,0.0133333333333333,"1/75","204/7231",0.472614379084967,0.88438959153819,"11783",1,"Apaf1"
"BP","GO:0048638","regulation of developmental growth",1,205,75,7231,0.0133333333333333,"1/75","205/7231",0.470308943089431,0.885623515066671,"56449",1,"Ybx3"
"CC","GO:0099503","secretory vesicle",2,354,75,7294,0.0266666666666667,"2/75","354/7294",0.549453860640301,0.885635380361563,"54524/94245",1,"Syt6/Dtnbp1"
"BP","GO:0035239","tube morphogenesis",2,352,75,7231,0.0266666666666667,"2/75","352/7231",0.54780303030303,0.886679751838135,"94175/11783",1,"Hrg/Apaf1"
"CC","GO:0010008","endosome membrane",1,208,75,7294,0.0133333333333333,"1/75","208/7294",0.467564102564103,0.887080126776574,"14999",1,"H2-DMb1"
"BP","GO:0034762","regulation of transmembrane transport",2,353,75,7231,0.0266666666666667,"2/75","353/7231",0.546251180358829,0.887648953989527,"11472/22068",1,"Actn2/Trpc6"
"BP","GO:0042063","gliogenesis",1,207,75,7231,0.0133333333333333,"1/75","207/7231",0.465764895330113,0.888052508981639,"11540",1,"Adora2a"
"BP","GO:0099173","postsynapse organization",1,207,75,7231,0.0133333333333333,"1/75","207/7231",0.465764895330113,0.888052508981639,"94245",1,"Dtnbp1"
"BP","GO:0007611","learning or memory",1,208,75,7231,0.0133333333333333,"1/75","208/7231",0.463525641025641,0.889247848079927,"22353",1,"Vip"
"BP","GO:0043410","positive regulation of MAPK cascade",1,208,75,7231,0.0133333333333333,"1/75","208/7231",0.463525641025641,0.889247848079927,"66454",1,"Nmnat1"
"BP","GO:0002521","leukocyte differentiation",1,209,75,7231,0.0133333333333333,"1/75","209/7231",0.461307814992026,0.890430592120082,"20687",1,"Sp3"
"BP","GO:1904951","positive regulation of establishment of protein localization",1,209,75,7231,0.0133333333333333,"1/75","209/7231",0.461307814992026,0.890430592120082,"11540",1,"Adora2a"
"BP","GO:0006631","fatty acid metabolic process",1,210,75,7231,0.0133333333333333,"1/75","210/7231",0.459111111111111,0.89160087203905,"54447",1,"Asah2"
"MF","GO:0008233","peptidase activity",1,217,72,7153,0.0138888888888889,"1/72","217/7153",0.457821300563236,0.892399680593296,"78787",1,"Usp54"
"BP","GO:0120039","plasma membrane bounded cell projection morphogenesis",3,491,75,7231,0.04,"3/75","491/7231",0.58908350305499,0.892657631116841,"11540/94245/22068",1,"Adora2a/Dtnbp1/Trpc6"
"CC","GO:0008021","synaptic vesicle",1,213,75,7294,0.0133333333333333,"1/75","213/7294",0.456588419405321,0.892932436848278,"94245",1,"Dtnbp1"
"MF","GO:0042578","phosphoric ester hydrolase activity",1,220,72,7153,0.0138888888888889,"1/72","220/7153",0.451578282828283,0.895716365031761,"433022",1,"Plcxd2"
"BP","GO:0006605","protein targeting",1,214,75,7231,0.0133333333333333,"1/75","214/7231",0.450529595015576,0.896159922529935,"68268",1,"Zdhhc21"
"BP","GO:0048858","cell projection morphogenesis",3,496,75,7231,0.04,"3/75","496/7231",0.583145161290323,0.896656923711047,"11540/94245/22068",1,"Adora2a/Dtnbp1/Trpc6"
"BP","GO:0042176","regulation of protein catabolic process",1,215,75,7231,0.0133333333333333,"1/75","215/7231",0.448434108527132,0.897269799373352,"22353",1,"Vip"
"MF","GO:0046873","metal ion transmembrane transporter activity",1,223,72,7153,0.0138888888888889,"1/72","223/7153",0.445503238664674,0.898932192249692,"22068",1,"Trpc6"
"BP","GO:0022603","regulation of anatomical structure morphogenesis",3,499,75,7231,0.04,"3/75","499/7231",0.579639278557114,0.898992966178935,"94175/94245/22068",1,"Hrg/Dtnbp1/Trpc6"
"CC","GO:0016604","nuclear body",2,369,75,7294,0.0266666666666667,"2/75","369/7294",0.527118337850045,0.899404742582918,"66454/494448",1,"Nmnat1/Cbx6"
"BP","GO:0120035","regulation of plasma membrane bounded cell projection organization",3,500,75,7231,0.04,"3/75","500/7231",0.57848,0.899761224209408,"94175/94245/22068",1,"Hrg/Dtnbp1/Trpc6"
"MF","GO:0015267","channel activity",1,226,72,7153,0.0138888888888889,"1/72","226/7153",0.43958947885939,0.902050187321116,"22068",1,"Trpc6"
"MF","GO:0022803","passive transmembrane transporter activity",1,226,72,7153,0.0138888888888889,"1/72","226/7153",0.43958947885939,0.902050187321116,"22068",1,"Trpc6"
"BP","GO:0006644","phospholipid metabolic process",1,220,75,7231,0.0133333333333333,"1/75","220/7231",0.438242424242424,0.902646007872366,"20773",1,"Sptlc2"
"BP","GO:0006913","nucleocytoplasmic transport",1,220,75,7231,0.0133333333333333,"1/75","220/7231",0.438242424242424,0.902646007872366,"230082",1,"Nol6"
"BP","GO:0051169","nuclear transport",1,220,75,7231,0.0133333333333333,"1/75","220/7231",0.438242424242424,0.902646007872366,"230082",1,"Nol6"
"BP","GO:0010256","endomembrane system organization",2,372,75,7231,0.0266666666666667,"2/75","372/7231",0.518351254480287,0.904682763398063,"83679/94245",1,"Pde4dip/Dtnbp1"
"BP","GO:0090407","organophosphate biosynthetic process",2,372,75,7231,0.0266666666666667,"2/75","372/7231",0.518351254480287,0.904682763398063,"66454/20773",1,"Nmnat1/Sptlc2"
"CC","GO:0099572","postsynaptic specialization",2,377,75,7294,0.0266666666666667,"2/75","377/7294",0.515932802829355,0.906110818716726,"11472/94245",1,"Actn2/Dtnbp1"
"BP","GO:0001667","ameboidal-type cell migration",1,224,75,7231,0.0133333333333333,"1/75","224/7231",0.430416666666667,0.906746269507052,"94175",1,"Hrg"
"BP","GO:0048729","tissue morphogenesis",1,224,75,7231,0.0133333333333333,"1/75","224/7231",0.430416666666667,0.906746269507052,"11783",1,"Apaf1"
"BP","GO:0072659","protein localization to plasma membrane",1,224,75,7231,0.0133333333333333,"1/75","224/7231",0.430416666666667,0.906746269507052,"11472",1,"Actn2"
"BP","GO:0001525","angiogenesis",1,225,75,7231,0.0133333333333333,"1/75","225/7231",0.428503703703704,0.907744418470513,"94175",1,"Hrg"
"BP","GO:0010876","lipid localization",1,225,75,7231,0.0133333333333333,"1/75","225/7231",0.428503703703704,0.907744418470513,"20788",1,"Srebf2"
"BP","GO:0032386","regulation of intracellular transport",1,225,75,7231,0.0133333333333333,"1/75","225/7231",0.428503703703704,0.907744418470513,"11472",1,"Actn2"
"BP","GO:0048193","Golgi vesicle transport",1,227,75,7231,0.0133333333333333,"1/75","227/7231",0.424728340675477,0.909709197794254,"11842",1,"Arf3"
"BP","GO:0050890","cognition",1,231,75,7231,0.0133333333333333,"1/75","231/7231",0.417373737373737,0.913515719045922,"22353",1,"Vip"
"MF","GO:0140297","DNA-binding transcription factor binding",1,239,72,7153,0.0138888888888889,"1/72","239/7153",0.415678754067875,0.914500866580341,"20687",1,"Sp3"
"BP","GO:0050807","regulation of synapse organization",1,233,75,7231,0.0133333333333333,"1/75","233/7231",0.41379113018598,0.915359156569657,"94245",1,"Dtnbp1"
"CC","GO:1902495","transmembrane transporter complex",1,237,75,7294,0.0133333333333333,"1/75","237/7294",0.410351617440225,0.917112464441445,"22068",1,"Trpc6"
"BP","GO:0006511","ubiquitin-dependent protein catabolic process",2,389,75,7231,0.0266666666666667,"2/75","389/7231",0.495698371893745,0.91787718387384,"71765/106025",1,"Klhdc3/Sharpin"
"BP","GO:0010562","positive regulation of phosphorus metabolic process",2,390,75,7231,0.0266666666666667,"2/75","390/7231",0.49442735042735,0.918598140313483,"94245/22068",1,"Dtnbp1/Trpc6"
"BP","GO:0010975","regulation of neuron projection development",2,390,75,7231,0.0266666666666667,"2/75","390/7231",0.49442735042735,0.918598140313483,"94245/22068",1,"Dtnbp1/Trpc6"
"BP","GO:0045937","positive regulation of phosphate metabolic process",2,390,75,7231,0.0266666666666667,"2/75","390/7231",0.49442735042735,0.918598140313483,"94245/22068",1,"Dtnbp1/Trpc6"
"BP","GO:0051338","regulation of transferase activity",2,390,75,7231,0.0266666666666667,"2/75","390/7231",0.49442735042735,0.918598140313483,"11540/94245",1,"Adora2a/Dtnbp1"
"BP","GO:0009150","purine ribonucleotide metabolic process",1,238,75,7231,0.0133333333333333,"1/75","238/7231",0.405098039215686,0.919799842054533,"66454",1,"Nmnat1"
"BP","GO:0098662","inorganic cation transmembrane transport",2,392,75,7231,0.0266666666666667,"2/75","392/7231",0.491904761904762,0.920022515900839,"11472/22068",1,"Actn2/Trpc6"
"BP","GO:0050803","regulation of synapse structure or activity",1,239,75,7231,0.0133333333333333,"1/75","239/7231",0.403403068340307,0.920659989608646,"94245",1,"Dtnbp1"
"BP","GO:0007005","mitochondrion organization",2,394,75,7231,0.0266666666666667,"2/75","394/7231",0.489407783417936,0.921423786280247,"93734/106025",1,"Mpv17l/Sharpin"
"BP","GO:0007276","gamete generation",1,240,75,7231,0.0133333333333333,"1/75","240/7231",0.401722222222222,0.921511033770452,"56449",1,"Ybx3"
"BP","GO:0098655","monoatomic cation transmembrane transport",2,395,75,7231,0.0266666666666667,"2/75","395/7231",0.488168776371308,0.922115860375152,"11472/22068",1,"Actn2/Trpc6"
"BP","GO:0019941","modification-dependent protein catabolic process",2,396,75,7231,0.0266666666666667,"2/75","396/7231",0.486936026936027,0.922802281752876,"71765/106025",1,"Klhdc3/Sharpin"
"MF","GO:0051020","GTPase binding",1,249,72,7153,0.0138888888888889,"1/72","249/7153",0.398984828201696,0.923003871834608,"52187",1,"Rragd"
"BP","GO:0043632","modification-dependent macromolecule catabolic process",2,404,75,7231,0.0266666666666667,"2/75","404/7231",0.477293729372937,0.928094996126438,"71765/106025",1,"Klhdc3/Sharpin"
"CC","GO:0005730","nucleolus",2,410,75,7294,0.0266666666666667,"2/75","410/7294",0.474406504065041,0.929644030256511,"67014/230082",1,"Riox2/Nol6"
"CC","GO:1990351","transporter complex",1,254,75,7294,0.0133333333333333,"1/75","254/7294",0.382887139107612,0.930894193352928,"22068",1,"Trpc6"
"BP","GO:0016050","vesicle organization",1,252,75,7231,0.0133333333333333,"1/75","252/7231",0.382592592592593,0.931047139580975,"94245",1,"Dtnbp1"
"BP","GO:0009259","ribonucleotide metabolic process",1,254,75,7231,0.0133333333333333,"1/75","254/7231",0.379580052493438,0.932521288733285,"66454",1,"Nmnat1"
"BP","GO:0048514","blood vessel morphogenesis",1,258,75,7231,0.0133333333333333,"1/75","258/7231",0.373695090439277,0.935376920780264,"94175",1,"Hrg"
"BP","GO:0045596","negative regulation of cell differentiation",1,259,75,7231,0.0133333333333333,"1/75","259/7231",0.372252252252252,0.936071991903379,"22068",1,"Trpc6"
"BP","GO:0019693","ribose phosphate metabolic process",1,260,75,7231,0.0133333333333333,"1/75","260/7231",0.370820512820513,0.936759685622146,"66454",1,"Nmnat1"
"BP","GO:0098771","inorganic ion homeostasis",1,261,75,7231,0.0133333333333333,"1/75","261/7231",0.369399744572158,0.937440079192414,"22068",1,"Trpc6"
"BP","GO:0098660","inorganic ion transmembrane transport",2,424,75,7231,0.0266666666666667,"2/75","424/7231",0.454779874213837,0.939886391853718,"11472/22068",1,"Actn2/Trpc6"
"BP","GO:0060284","regulation of cell development",2,425,75,7231,0.0266666666666667,"2/75","425/7231",0.453709803921569,0.940425707553046,"68268/22068",1,"Zdhhc21/Trpc6"
"BP","GO:0030003","intracellular monoatomic cation homeostasis",1,267,75,7231,0.0133333333333333,"1/75","267/7231",0.361098626716604,0.941373364286121,"22068",1,"Trpc6"
"BP","GO:0050767","regulation of neurogenesis",1,268,75,7231,0.0133333333333333,"1/75","268/7231",0.359751243781095,0.942004753958513,"22068",1,"Trpc6"
"BP","GO:0050808","synapse organization",2,428,75,7231,0.0266666666666667,"2/75","428/7231",0.450529595015576,0.942016633584035,"55983/94245",1,"Pdzrn3/Dtnbp1"
"BP","GO:0006873","intracellular monoatomic ion homeostasis",1,271,75,7231,0.0133333333333333,"1/75","271/7231",0.355768757687577,0.943858942732396,"22068",1,"Trpc6"
"BP","GO:0050804","modulation of chemical synaptic transmission",2,436,75,7231,0.0266666666666667,"2/75","436/7231",0.442262996941896,0.946066867655218,"11540/94245",1,"Adora2a/Dtnbp1"
"BP","GO:0048667","cell morphogenesis involved in neuron differentiation",2,437,75,7231,0.0266666666666667,"2/75","437/7231",0.441250953470633,0.946554079702464,"94245/22068",1,"Dtnbp1/Trpc6"
"BP","GO:0099177","regulation of trans-synaptic signaling",2,437,75,7231,0.0266666666666667,"2/75","437/7231",0.441250953470633,0.946554079702464,"11540/94245",1,"Adora2a/Dtnbp1"
"MF","GO:0022890","inorganic cation transmembrane transporter activity",1,285,72,7153,0.0138888888888889,"1/72","285/7153",0.348586744639376,0.947259469415117,"22068",1,"Trpc6"
"CC","GO:0048471","perinuclear region of cytoplasm",2,444,75,7294,0.0266666666666667,"2/75","444/7294",0.438078078078078,0.948061858679693,"54524/14473",1,"Syt6/Gc"
"MF","GO:0004672","protein kinase activity",1,287,72,7153,0.0138888888888889,"1/72","287/7153",0.346157568718544,0.948359553104293,"14302",1,"Frk"
"BP","GO:0007017","microtubule-based process",2,443,75,7231,0.0266666666666667,"2/75","443/7231",0.435274642588412,0.949391735208064,"83679/94245",1,"Pde4dip/Dtnbp1"
"MF","GO:0008324","monoatomic cation transmembrane transporter activity",1,291,72,7153,0.0138888888888889,"1/72","291/7153",0.341399389079801,0.950492278132943,"22068",1,"Trpc6"
"BP","GO:0051345","positive regulation of hydrolase activity",1,283,75,7231,0.0133333333333333,"1/75","283/7231",0.340683156654888,0.950708488539643,"11783",1,"Apaf1"
"MF","GO:1901702","salt transmembrane transporter activity",1,292,72,7153,0.0138888888888889,"1/72","292/7153",0.340230213089802,0.951011741259499,"22068",1,"Trpc6"
"MF","GO:0008047","enzyme activator activity",1,294,72,7153,0.0138888888888889,"1/72","294/7153",0.337915721844293,0.952034595613439,"11783",1,"Apaf1"
"BP","GO:0051656","establishment of organelle localization",1,287,75,7231,0.0133333333333333,"1/75","287/7231",0.335934959349593,0.952803023497985,"94245",1,"Dtnbp1"
"CC","GO:0150034","distal axon",1,290,75,7294,0.0133333333333333,"1/75","290/7294",0.33535632183908,0.953049605897307,"94245",1,"Dtnbp1"
"BP","GO:1990778","protein localization to cell periphery",1,288,75,7231,0.0133333333333333,"1/75","288/7231",0.334768518518519,0.953312783468845,"11472",1,"Actn2"
"BP","GO:0034220","monoatomic ion transmembrane transport",2,453,75,7231,0.0266666666666667,"2/75","453/7231",0.425665930831494,0.953808953819206,"11472/22068",1,"Actn2/Trpc6"
"BP","GO:0044057","regulation of system process",1,294,75,7231,0.0133333333333333,"1/75","294/7231",0.327936507936508,0.95625922656089,"68268",1,"Zdhhc21"
"BP","GO:0051603","proteolysis involved in protein catabolic process",2,461,75,7231,0.0266666666666667,"2/75","461/7231",0.418279103398409,0.957078762661547,"71765/106025",1,"Klhdc3/Sharpin"
"BP","GO:0000226","microtubule cytoskeleton organization",1,298,75,7231,0.0133333333333333,"1/75","298/7231",0.323534675615213,0.958120795074667,"83679",1,"Pde4dip"
"BP","GO:0001568","blood vessel development",1,298,75,7231,0.0133333333333333,"1/75","298/7231",0.323534675615213,0.958120795074667,"94175",1,"Hrg"
"BP","GO:0055080","monoatomic cation homeostasis",1,298,75,7231,0.0133333333333333,"1/75","298/7231",0.323534675615213,0.958120795074667,"22068",1,"Trpc6"
"BP","GO:0010608","post-transcriptional regulation of gene expression",1,301,75,7231,0.0133333333333333,"1/75","301/7231",0.32031007751938,0.959465463244287,"112403",1,"Dxo"
"BP","GO:0006163","purine nucleotide metabolic process",1,303,75,7231,0.0133333333333333,"1/75","303/7231",0.318195819581958,0.960338149117889,"66454",1,"Nmnat1"
"BP","GO:0050801","monoatomic ion homeostasis",1,303,75,7231,0.0133333333333333,"1/75","303/7231",0.318195819581958,0.960338149117889,"22068",1,"Trpc6"
"MF","GO:0019904","protein domain specific binding",2,484,72,7153,0.0277777777777778,"2/72","484/7153",0.410525711662075,0.960558928888631,"11472/20606",1,"Actn2/Sstr2"
"BP","GO:0043408","regulation of MAPK cascade",1,311,75,7231,0.0133333333333333,"1/75","311/7231",0.310010718113612,0.963647308037941,"66454",1,"Nmnat1"
"BP","GO:0001944","vasculature development",1,315,75,7231,0.0133333333333333,"1/75","315/7231",0.306074074074074,0.965198186030517,"94175",1,"Hrg"
"CC","GO:0031252","cell leading edge",1,321,75,7294,0.0133333333333333,"1/75","321/7294",0.302969885773624,0.966396587876334,"11540",1,"Adora2a"
"BP","GO:0072521","purine-containing compound metabolic process",1,320,75,7231,0.0133333333333333,"1/75","320/7231",0.301291666666667,0.967045249888477,"66454",1,"Nmnat1"
"BP","GO:0007417","central nervous system development",2,491,75,7231,0.0266666666666667,"2/75","491/7231",0.392722335369993,0.967497210921238,"11540/11783",1,"Adora2a/Apaf1"
"BP","GO:0070925","organelle assembly",2,493,75,7231,0.0266666666666667,"2/75","493/7231",0.391129141311697,0.968098864910589,"11472/225288",1,"Actn2/Fhod3"
"BP","GO:0044255","cellular lipid metabolic process",2,495,75,7231,0.0266666666666667,"2/75","495/7231",0.389548821548822,0.968689948283009,"20773/54447",1,"Sptlc2/Asah2"
"MF","GO:0015318","inorganic molecular entity transmembrane transporter activity",1,336,72,7153,0.0138888888888889,"1/72","336/7153",0.295676256613757,0.969248708301907,"22068",1,"Trpc6"
"BP","GO:1903829","positive regulation of protein localization",1,327,75,7231,0.0133333333333333,"1/75","327/7231",0.294841997961264,0.969469658454863,"11540",1,"Adora2a"
"BP","GO:0051960","regulation of nervous system development",1,329,75,7231,0.0133333333333333,"1/75","329/7231",0.293049645390071,0.97012942161973,"22068",1,"Trpc6"
"BP","GO:0051223","regulation of protein transport",1,334,75,7231,0.0133333333333333,"1/75","334/7231",0.288662674650699,0.971717912879344,"11540",1,"Adora2a"
"BP","GO:0009117","nucleotide metabolic process",1,338,75,7231,0.0133333333333333,"1/75","338/7231",0.285246548323471,0.972928441600353,"66454",1,"Nmnat1"
"MF","GO:0016773","phosphotransferase activity, alcohol group as acceptor",1,353,72,7153,0.0138888888888889,"1/72","353/7153",0.281436890147938,0.974332832438447,"14302",1,"Frk"
"BP","GO:0006753","nucleoside phosphate metabolic process",1,344,75,7231,0.0133333333333333,"1/75","344/7231",0.280271317829457,0.974648995884875,"66454",1,"Nmnat1"
"BP","GO:0000165","MAPK cascade",1,347,75,7231,0.0133333333333333,"1/75","347/7231",0.277848222862632,0.975468350483368,"66454",1,"Nmnat1"
"BP","GO:0007420","brain development",1,349,75,7231,0.0133333333333333,"1/75","349/7231",0.276255969436485,0.976000013283113,"11783",1,"Apaf1"
"BP","GO:0070201","regulation of establishment of protein localization",1,350,75,7231,0.0133333333333333,"1/75","350/7231",0.275466666666667,0.976261565012809,"11540",1,"Adora2a"
"BP","GO:0030097","hemopoiesis",1,366,75,7231,0.0133333333333333,"1/75","366/7231",0.263424408014572,0.98008342357652,"20687",1,"Sp3"
"BP","GO:0060322","head development",1,373,75,7231,0.0133333333333333,"1/75","373/7231",0.258480786416443,0.981558143748048,"11783",1,"Apaf1"
"BP","GO:0048589","developmental growth",1,376,75,7231,0.0133333333333333,"1/75","376/7231",0.256418439716312,0.982156685090289,"56449",1,"Ybx3"
"MF","GO:0016301","kinase activity",1,388,72,7153,0.0138888888888889,"1/72","388/7153",0.256049541809851,0.982332815533757,"14302",1,"Frk"
"BP","GO:0055082","intracellular chemical homeostasis",1,381,75,7231,0.0133333333333333,"1/75","381/7231",0.253053368328959,0.983111942357678,"22068",1,"Trpc6"
"BP","GO:0055086","nucleobase-containing small molecule metabolic process",1,382,75,7231,0.0133333333333333,"1/75","382/7231",0.25239092495637,0.983296848098288,"66454",1,"Nmnat1"
"BP","GO:0051640","organelle localization",1,400,75,7231,0.0133333333333333,"1/75","400/7231",0.241033333333333,0.986303320256022,"94245",1,"Dtnbp1"
"BP","GO:0045597","positive regulation of cell differentiation",1,407,75,7231,0.0133333333333333,"1/75","407/7231",0.236887796887797,0.987322373310109,"22068",1,"Trpc6"
"BP","GO:0019725","cellular homeostasis",1,451,75,7231,0.0133333333333333,"1/75","451/7231",0.213776792313378,0.992216336077031,"22068",1,"Trpc6"
"BP","GO:0016071","mRNA metabolic process",1,464,75,7231,0.0133333333333333,"1/75","464/7231",0.207787356321839,0.993265175735617,"112403",1,"Dxo"
"BP","GO:0030334","regulation of cell migration",1,478,75,7231,0.0133333333333333,"1/75","478/7231",0.201701534170153,0.994239007527837,"94175",1,"Hrg"
"BP","GO:2000145","regulation of cell motility",1,499,75,7231,0.0133333333333333,"1/75","499/7231",0.193213092852371,0.995445001003673,"94175",1,"Hrg"
"BP","GO:0006412","translation",1,500,75,7231,0.0133333333333333,"1/75","500/7231",0.192826666666667,0.995495747427429,"54632",1,"Ftsj1"
"BP","GO:0000002","mitochondrial genome maintenance",0,21,75,7231,0,"0/75","21/7231",0,1,"",1,""
"BP","GO:0000018","regulation of DNA recombination",0,54,75,7231,0,"0/75","54/7231",0,1,"",1,""
"BP","GO:0000027","ribosomal large subunit assembly",0,19,75,7231,0,"0/75","19/7231",0,1,"",1,""
"BP","GO:0000028","ribosomal small subunit assembly",0,14,75,7231,0,"0/75","14/7231",0,1,"",1,""
"BP","GO:0000038","very long-chain fatty acid metabolic process",0,20,75,7231,0,"0/75","20/7231",0,1,"",1,""
"BP","GO:0000045","autophagosome assembly",0,84,75,7231,0,"0/75","84/7231",0,1,"",1,""
"MF","GO:0000049","tRNA binding",0,60,72,7153,0,"0/72","60/7153",0,1,"",1,""
"BP","GO:0000054","ribosomal subunit export from nucleus",0,10,75,7231,0,"0/75","10/7231",0,1,"",1,""
"MF","GO:0000062","fatty-acyl-CoA binding",0,16,72,7153,0,"0/72","16/7153",0,1,"",1,""
"BP","GO:0000070","mitotic sister chromatid segregation",0,84,75,7231,0,"0/75","84/7231",0,1,"",1,""
"BP","GO:0000075","cell cycle checkpoint signaling",0,66,75,7231,0,"0/75","66/7231",0,1,"",1,""
"BP","GO:0000077","DNA damage checkpoint signaling",0,42,75,7231,0,"0/75","42/7231",0,1,"",1,""
"BP","GO:0000079","regulation of cyclin-dependent protein serine/threonine kinase activity",0,22,75,7231,0,"0/75","22/7231",0,1,"",1,""
"BP","GO:0000082","G1/S transition of mitotic cell cycle",0,109,75,7231,0,"0/75","109/7231",0,1,"",1,""
"BP","GO:0000086","G2/M transition of mitotic cell cycle",0,51,75,7231,0,"0/75","51/7231",0,1,"",1,""
"BP","GO:0000096","sulfur amino acid metabolic process",0,20,75,7231,0,"0/75","20/7231",0,1,"",1,""
"BP","GO:0000097","sulfur amino acid biosynthetic process",0,11,75,7231,0,"0/75","11/7231",0,1,"",1,""
"CC","GO:0000118","histone deacetylase complex",0,46,75,7294,0,"0/75","46/7294",0,1,"",1,""
"CC","GO:0000123","histone acetyltransferase complex",0,31,75,7294,0,"0/75","31/7294",0,1,"",1,""
"BP","GO:0000132","establishment of mitotic spindle orientation",0,19,75,7231,0,"0/75","19/7231",0,1,"",1,""
"CC","GO:0000139","Golgi membrane",0,128,75,7294,0,"0/75","128/7294",0,1,"",1,""
"CC","GO:0000145","exocyst",0,14,75,7294,0,"0/75","14/7294",0,1,"",1,""
"MF","GO:0000146","microfilament motor activity",0,14,72,7153,0,"0/72","14/7153",0,1,"",1,""
"CC","GO:0000153","cytoplasmic ubiquitin ligase complex",0,10,75,7294,0,"0/75","10/7294",0,1,"",1,""
"BP","GO:0000154","rRNA modification",0,14,75,7231,0,"0/75","14/7231",0,1,"",1,""
"CC","GO:0000159","protein phosphatase type 2A complex",0,13,75,7294,0,"0/75","13/7294",0,1,"",1,""
"CC","GO:0000164","protein phosphatase type 1 complex",0,12,75,7294,0,"0/75","12/7294",0,1,"",1,""
"MF","GO:0000175","3'-5'-RNA exonuclease activity",0,18,72,7153,0,"0/72","18/7153",0,1,"",1,""
"CC","GO:0000176","nuclear exosome (RNase complex)",0,14,75,7294,0,"0/75","14/7294",0,1,"",1,""
"CC","GO:0000177","cytoplasmic exosome (RNase complex)",0,15,75,7294,0,"0/75","15/7294",0,1,"",1,""
"CC","GO:0000178","exosome (RNase complex)",0,18,75,7294,0,"0/75","18/7294",0,1,"",1,""
"BP","GO:0000184","nuclear-transcribed mRNA catabolic process, nonsense-mediated decay",0,30,75,7231,0,"0/75","30/7231",0,1,"",1,""
"BP","GO:0000212","meiotic spindle organization",0,10,75,7231,0,"0/75","10/7231",0,1,"",1,""
"MF","GO:0000217","DNA secondary structure binding",0,11,72,7153,0,"0/72","11/7153",0,1,"",1,""
"CC","GO:0000242","pericentriolar material",0,12,75,7294,0,"0/75","12/7294",0,1,"",1,""
"BP","GO:0000244","spliceosomal tri-snRNP complex assembly",0,10,75,7231,0,"0/75","10/7231",0,1,"",1,""
"BP","GO:0000245","spliceosomal complex assembly",0,34,75,7231,0,"0/75","34/7231",0,1,"",1,""
"BP","GO:0000266","mitochondrial fission",0,33,75,7231,0,"0/75","33/7231",0,1,"",1,""
"BP","GO:0000271","polysaccharide biosynthetic process",0,34,75,7231,0,"0/75","34/7231",0,1,"",1,""
"BP","GO:0000272","polysaccharide catabolic process",0,16,75,7231,0,"0/75","16/7231",0,1,"",1,""
"BP","GO:0000278","mitotic cell cycle",0,415,75,7231,0,"0/75","415/7231",0,1,"",1,""
"BP","GO:0000280","nuclear division",0,151,75,7231,0,"0/75","151/7231",0,1,"",1,""
"BP","GO:0000281","mitotic cytokinesis",0,55,75,7231,0,"0/75","55/7231",0,1,"",1,""
"BP","GO:0000288","nuclear-transcribed mRNA catabolic process, deadenylation-dependent decay",0,40,75,7231,0,"0/75","40/7231",0,1,"",1,""
"BP","GO:0000289","nuclear-transcribed mRNA poly(A) tail shortening",0,16,75,7231,0,"0/75","16/7231",0,1,"",1,""
"BP","GO:0000290","deadenylation-dependent decapping of nuclear-transcribed mRNA",0,10,75,7231,0,"0/75","10/7231",0,1,"",1,""
"BP","GO:0000291","nuclear-transcribed mRNA catabolic process, exonucleolytic",0,14,75,7231,0,"0/75","14/7231",0,1,"",1,""
"MF","GO:0000295","adenine nucleotide transmembrane transporter activity",0,15,72,7153,0,"0/72","15/7153",0,1,"",1,""
"BP","GO:0000301","retrograde transport, vesicle recycling within Golgi",0,10,75,7231,0,"0/75","10/7231",0,1,"",1,""
"BP","GO:0000303","response to superoxide",0,15,75,7231,0,"0/75","15/7231",0,1,"",1,""
"BP","GO:0000305","response to oxygen radical",0,16,75,7231,0,"0/75","16/7231",0,1,"",1,""
"CC","GO:0000307","cyclin-dependent protein kinase holoenzyme complex",0,19,75,7294,0,"0/75","19/7294",0,1,"",1,""
"CC","GO:0000313","organellar ribosome",0,83,75,7294,0,"0/75","83/7294",0,1,"",1,""
"CC","GO:0000314","organellar small ribosomal subunit",0,31,75,7294,0,"0/75","31/7294",0,1,"",1,""
"CC","GO:0000315","organellar large ribosomal subunit",0,52,75,7294,0,"0/75","52/7294",0,1,"",1,""
"BP","GO:0000338","protein deneddylation",0,11,75,7231,0,"0/75","11/7231",0,1,"",1,""
"MF","GO:0000339","RNA cap binding",0,14,72,7153,0,"0/72","14/7153",0,1,"",1,""
"MF","GO:0000340","RNA 7-methylguanosine cap binding",0,12,72,7153,0,"0/72","12/7153",0,1,"",1,""
"CC","GO:0000346","transcription export complex",0,12,75,7294,0,"0/75","12/7294",0,1,"",1,""
"BP","GO:0000375","RNA splicing, via transesterification reactions",0,207,75,7231,0,"0/75","207/7231",0,1,"",1,""
"BP","GO:0000377","RNA splicing, via transesterification reactions with bulged adenosine as nucleophile",0,207,75,7231,0,"0/75","207/7231",0,1,"",1,""
"BP","GO:0000380","alternative mRNA splicing, via spliceosome",0,58,75,7231,0,"0/75","58/7231",0,1,"",1,""
"BP","GO:0000381","regulation of alternative mRNA splicing, via spliceosome",0,43,75,7231,0,"0/75","43/7231",0,1,"",1,""
"BP","GO:0000387","spliceosomal snRNP assembly",0,30,75,7231,0,"0/75","30/7231",0,1,"",1,""
"BP","GO:0000398","mRNA splicing, via spliceosome",0,207,75,7231,0,"0/75","207/7231",0,1,"",1,""
"CC","GO:0000407","phagophore assembly site",0,32,75,7294,0,"0/75","32/7294",0,1,"",1,""
"BP","GO:0000413","protein peptidyl-prolyl isomerization",0,20,75,7231,0,"0/75","20/7231",0,1,"",1,""
"CC","GO:0000421","autophagosome membrane",0,32,75,7294,0,"0/75","32/7294",0,1,"",1,""
"BP","GO:0000422","autophagy of mitochondrion",0,68,75,7231,0,"0/75","68/7231",0,1,"",1,""
"BP","GO:0000423","mitophagy",0,30,75,7231,0,"0/75","30/7231",0,1,"",1,""
"CC","GO:0000428","DNA-directed RNA polymerase complex",0,43,75,7294,0,"0/75","43/7294",0,1,"",1,""
"BP","GO:0000460","maturation of 5.8S rRNA",0,18,75,7231,0,"0/75","18/7231",0,1,"",1,""
"BP","GO:0000462","maturation of SSU-rRNA from tricistronic rRNA transcript (SSU-rRNA, 5.8S rRNA, LSU-rRNA)",0,12,75,7231,0,"0/75","12/7231",0,1,"",1,""
"BP","GO:0000463","maturation of LSU-rRNA from tricistronic rRNA transcript (SSU-rRNA, 5.8S rRNA, LSU-rRNA)",0,11,75,7231,0,"0/75","11/7231",0,1,"",1,""
"BP","GO:0000466","maturation of 5.8S rRNA from tricistronic rRNA transcript (SSU-rRNA, 5.8S rRNA, LSU-rRNA)",0,14,75,7231,0,"0/75","14/7231",0,1,"",1,""
"BP","GO:0000470","maturation of LSU-rRNA",0,19,75,7231,0,"0/75","19/7231",0,1,"",1,""
"CC","GO:0000502","proteasome complex",0,58,75,7294,0,"0/75","58/7294",0,1,"",1,""
"BP","GO:0000578","embryonic axis specification",0,11,75,7231,0,"0/75","11/7231",0,1,"",1,""
"BP","GO:0000723","telomere maintenance",0,75,75,7231,0,"0/75","75/7231",0,1,"",1,""
"BP","GO:0000724","double-strand break repair via homologous recombination",0,53,75,7231,0,"0/75","53/7231",0,1,"",1,""
"BP","GO:0000725","recombinational repair",0,54,75,7231,0,"0/75","54/7231",0,1,"",1,""
"BP","GO:0000768","syncytium formation by plasma membrane fusion",0,24,75,7231,0,"0/75","24/7231",0,1,"",1,""
"MF","GO:0000774","adenyl-nucleotide exchange factor activity",0,13,72,7153,0,"0/72","13/7153",0,1,"",1,""
"CC","GO:0000775","chromosome, centromeric region",0,113,75,7294,0,"0/75","113/7294",0,1,"",1,""
"CC","GO:0000776","kinetochore",0,86,75,7294,0,"0/75","86/7294",0,1,"",1,""
"CC","GO:0000779","condensed chromosome, centromeric region",0,88,75,7294,0,"0/75","88/7294",0,1,"",1,""
"CC","GO:0000786","nucleosome",0,30,75,7294,0,"0/75","30/7294",0,1,"",1,""
"CC","GO:0000791","euchromatin",0,33,75,7294,0,"0/75","33/7294",0,1,"",1,""
"CC","GO:0000803","sex chromosome",0,15,75,7294,0,"0/75","15/7294",0,1,"",1,""
"BP","GO:0000819","sister chromatid segregation",0,110,75,7231,0,"0/75","110/7231",0,1,"",1,""
"BP","GO:0000910","cytokinesis",0,106,75,7231,0,"0/75","106/7231",0,1,"",1,""
"CC","GO:0000922","spindle pole",0,63,75,7294,0,"0/75","63/7294",0,1,"",1,""
"CC","GO:0000930","gamma-tubulin complex",0,10,75,7294,0,"0/75","10/7294",0,1,"",1,""
"CC","GO:0000932","P-body",0,51,75,7294,0,"0/75","51/7294",0,1,"",1,""
"BP","GO:0000959","mitochondrial RNA metabolic process",0,33,75,7231,0,"0/75","33/7231",0,1,"",1,""
"BP","GO:0000963","mitochondrial RNA processing",0,12,75,7231,0,"0/75","12/7231",0,1,"",1,""
"CC","GO:0000974","Prp19 complex",0,13,75,7294,0,"0/75","13/7294",0,1,"",1,""
"MF","GO:0000979","RNA polymerase II core promoter sequence-specific DNA binding",0,10,72,7153,0,"0/72","10/7153",0,1,"",1,""
"MF","GO:0000993","RNA polymerase II complex binding",0,28,72,7153,0,"0/72","28/7153",0,1,"",1,""
"MF","GO:0001046","core promoter sequence-specific DNA binding",0,20,72,7153,0,"0/72","20/7153",0,1,"",1,""
"MF","GO:0001091","RNA polymerase II general transcription initiation factor binding",0,17,72,7153,0,"0/72","17/7153",0,1,"",1,""
"MF","GO:0001098","basal transcription machinery binding",0,44,72,7153,0,"0/72","44/7153",0,1,"",1,""
"MF","GO:0001099","basal RNA polymerase II transcription machinery binding",0,44,72,7153,0,"0/72","44/7153",0,1,"",1,""
"MF","GO:0001216","DNA-binding transcription activator activity",0,58,72,7153,0,"0/72","58/7153",0,1,"",1,""
"MF","GO:0001221","transcription coregulator binding",0,50,72,7153,0,"0/72","50/7153",0,1,"",1,""
"MF","GO:0001222","transcription corepressor binding",0,27,72,7153,0,"0/72","27/7153",0,1,"",1,""
"MF","GO:0001223","transcription coactivator binding",0,17,72,7153,0,"0/72","17/7153",0,1,"",1,""
"MF","GO:0001228","DNA-binding transcription activator activity, RNA polymerase II-specific",0,57,72,7153,0,"0/72","57/7153",0,1,"",1,""
"BP","GO:0001504","neurotransmitter uptake",0,29,75,7231,0,"0/75","29/7231",0,1,"",1,""
"BP","GO:0001508","action potential",0,90,75,7231,0,"0/75","90/7231",0,1,"",1,""
"BP","GO:0001516","prostaglandin biosynthetic process",0,14,75,7231,0,"0/75","14/7231",0,1,"",1,""
"BP","GO:0001523","retinoid metabolic process",0,18,75,7231,0,"0/75","18/7231",0,1,"",1,""
"BP","GO:0001539","cilium or flagellum-dependent cell motility",0,34,75,7231,0,"0/75","34/7231",0,1,"",1,""
"MF","GO:0001540","amyloid-beta binding",0,40,72,7153,0,"0/72","40/7153",0,1,"",1,""
"BP","GO:0001541","ovarian follicle development",0,26,75,7231,0,"0/75","26/7231",0,1,"",1,""
"BP","GO:0001556","oocyte maturation",0,13,75,7231,0,"0/75","13/7231",0,1,"",1,""
"BP","GO:0001569","branching involved in blood vessel morphogenesis",0,12,75,7231,0,"0/75","12/7231",0,1,"",1,""
"BP","GO:0001570","vasculogenesis",0,32,75,7231,0,"0/75","32/7231",0,1,"",1,""
"BP","GO:0001578","microtubule bundle formation",0,28,75,7231,0,"0/75","28/7231",0,1,"",1,""
"BP","GO:0001649","osteoblast differentiation",0,58,75,7231,0,"0/75","58/7231",0,1,"",1,""
"CC","GO:0001650","fibrillar center",0,75,75,7294,0,"0/75","75/7294",0,1,"",1,""
"BP","GO:0001655","urogenital system development",0,23,75,7231,0,"0/75","23/7231",0,1,"",1,""
"BP","GO:0001656","metanephros development",0,15,75,7231,0,"0/75","15/7231",0,1,"",1,""
"BP","GO:0001657","ureteric bud development",0,21,75,7231,0,"0/75","21/7231",0,1,"",1,""
"BP","GO:0001658","branching involved in ureteric bud morphogenesis",0,10,75,7231,0,"0/75","10/7231",0,1,"",1,""
"BP","GO:0001659","temperature homeostasis",0,76,75,7231,0,"0/75","76/7231",0,1,"",1,""
"BP","GO:0001662","behavioral fear response",0,41,75,7231,0,"0/75","41/7231",0,1,"",1,""
"BP","GO:0001666","response to hypoxia",0,116,75,7231,0,"0/75","116/7231",0,1,"",1,""
"CC","GO:0001669","acrosomal vesicle",0,42,75,7294,0,"0/75","42/7294",0,1,"",1,""
"MF","GO:0001671","ATPase activator activity",0,25,72,7153,0,"0/72","25/7153",0,1,"",1,""
"CC","GO:0001673","male germ cell nucleus",0,23,75,7294,0,"0/75","23/7294",0,1,"",1,""
"BP","GO:0001675","acrosome assembly",0,10,75,7231,0,"0/75","10/7231",0,1,"",1,""
"BP","GO:0001678","intracellular glucose homeostasis",0,96,75,7231,0,"0/75","96/7231",0,1,"",1,""
"BP","GO:0001702","gastrulation with mouth forming second",0,14,75,7231,0,"0/75","14/7231",0,1,"",1,""
"BP","GO:0001704","formation of primary germ layer",0,39,75,7231,0,"0/75","39/7231",0,1,"",1,""
"BP","GO:0001706","endoderm formation",0,16,75,7231,0,"0/75","16/7231",0,1,"",1,""
"BP","GO:0001707","mesoderm formation",0,21,75,7231,0,"0/75","21/7231",0,1,"",1,""
"BP","GO:0001708","cell fate specification",0,29,75,7231,0,"0/75","29/7231",0,1,"",1,""
"CC","GO:0001725","stress fiber",0,64,75,7294,0,"0/75","64/7294",0,1,"",1,""
"CC","GO:0001726","ruffle",0,125,75,7294,0,"0/75","125/7294",0,1,"",1,""
"MF","GO:0001727","lipid kinase activity",0,27,72,7153,0,"0/72","27/7153",0,1,"",1,""
"BP","GO:0001731","formation of translation preinitiation complex",0,10,75,7231,0,"0/75","10/7231",0,1,"",1,""
"BP","GO:0001736","establishment of planar polarity",0,19,75,7231,0,"0/75","19/7231",0,1,"",1,""
"BP","GO:0001738","morphogenesis of a polarized epithelium",0,36,75,7231,0,"0/75","36/7231",0,1,"",1,""
"CC","GO:0001750","photoreceptor outer segment",0,31,75,7294,0,"0/75","31/7294",0,1,"",1,""
"BP","GO:0001754","eye photoreceptor cell differentiation",0,20,75,7231,0,"0/75","20/7231",0,1,"",1,""
"BP","GO:0001755","neural crest cell migration",0,21,75,7231,0,"0/75","21/7231",0,1,"",1,""
"BP","GO:0001756","somitogenesis",0,19,75,7231,0,"0/75","19/7231",0,1,"",1,""
"BP","GO:0001763","morphogenesis of a branching structure",0,65,75,7231,0,"0/75","65/7231",0,1,"",1,""
"BP","GO:0001764","neuron migration",0,114,75,7231,0,"0/75","114/7231",0,1,"",1,""
"CC","GO:0001772","immunological synapse",0,21,75,7294,0,"0/75","21/7294",0,1,"",1,""
"BP","GO:0001774","microglial cell activation",0,19,75,7231,0,"0/75","19/7231",0,1,"",1,""
"BP","GO:0001776","leukocyte homeostasis",0,56,75,7231,0,"0/75","56/7231",0,1,"",1,""
"BP","GO:0001778","plasma membrane repair",0,20,75,7231,0,"0/75","20/7231",0,1,"",1,""
"BP","GO:0001780","neutrophil homeostasis",0,14,75,7231,0,"0/75","14/7231",0,1,"",1,""
"BP","GO:0001782","B cell homeostasis",0,22,75,7231,0,"0/75","22/7231",0,1,"",1,""
"BP","GO:0001783","B cell apoptotic process",0,15,75,7231,0,"0/75","15/7231",0,1,"",1,""
"MF","GO:0001784","phosphotyrosine residue binding",0,25,72,7153,0,"0/72","25/7153",0,1,"",1,""
"BP","GO:0001818","negative regulation of cytokine production",0,99,75,7231,0,"0/75","99/7231",0,1,"",1,""
"BP","GO:0001822","kidney development",0,99,75,7231,0,"0/75","99/7231",0,1,"",1,""
"BP","GO:0001823","mesonephros development",0,21,75,7231,0,"0/75","21/7231",0,1,"",1,""
"BP","GO:0001832","blastocyst growth",0,13,75,7231,0,"0/75","13/7231",0,1,"",1,""
"BP","GO:0001835","blastocyst hatching",0,15,75,7231,0,"0/75","15/7231",0,1,"",1,""
"BP","GO:0001836","release of cytochrome c from mitochondria",0,36,75,7231,0,"0/75","36/7231",0,1,"",1,""
"BP","GO:0001837","epithelial to mesenchymal transition",0,63,75,7231,0,"0/75","63/7231",0,1,"",1,""
"MF","GO:0001846","opsonin binding",0,11,72,7153,0,"0/72","11/7153",0,1,"",1,""
"MF","GO:0001848","complement binding",0,13,72,7153,0,"0/72","13/7153",0,1,"",1,""
"BP","GO:0001881","receptor recycling",0,35,75,7231,0,"0/75","35/7231",0,1,"",1,""
"CC","GO:0001891","phagocytic cup",0,17,75,7294,0,"0/75","17/7294",0,1,"",1,""
"BP","GO:0001893","maternal placenta development",0,15,75,7231,0,"0/75","15/7231",0,1,"",1,""
"BP","GO:0001895","retina homeostasis",0,15,75,7231,0,"0/75","15/7231",0,1,"",1,""
"BP","GO:0001909","leukocyte mediated cytotoxicity",0,42,75,7231,0,"0/75","42/7231",0,1,"",1,""
"BP","GO:0001910","regulation of leukocyte mediated cytotoxicity",0,24,75,7231,0,"0/75","24/7231",0,1,"",1,""
"BP","GO:0001911","negative regulation of leukocyte mediated cytotoxicity",0,11,75,7231,0,"0/75","11/7231",0,1,"",1,""
"BP","GO:0001912","positive regulation of leukocyte mediated cytotoxicity",0,17,75,7231,0,"0/75","17/7231",0,1,"",1,""
"BP","GO:0001913","T cell mediated cytotoxicity",0,18,75,7231,0,"0/75","18/7231",0,1,"",1,""
"BP","GO:0001914","regulation of T cell mediated cytotoxicity",0,13,75,7231,0,"0/75","13/7231",0,1,"",1,""
"BP","GO:0001916","positive regulation of T cell mediated cytotoxicity",0,11,75,7231,0,"0/75","11/7231",0,1,"",1,""
"CC","GO:0001917","photoreceptor inner segment",0,25,75,7294,0,"0/75","25/7294",0,1,"",1,""
"BP","GO:0001919","regulation of receptor recycling",0,20,75,7231,0,"0/75","20/7231",0,1,"",1,""
"BP","GO:0001921","positive regulation of receptor recycling",0,11,75,7231,0,"0/75","11/7231",0,1,"",1,""
"BP","GO:0001937","negative regulation of endothelial cell proliferation",0,21,75,7231,0,"0/75","21/7231",0,1,"",1,""
"BP","GO:0001941","postsynaptic membrane organization",0,37,75,7231,0,"0/75","37/7231",0,1,"",1,""
"BP","GO:0001947","heart looping",0,14,75,7231,0,"0/75","14/7231",0,1,"",1,""
"BP","GO:0001953","negative regulation of cell-matrix adhesion",0,20,75,7231,0,"0/75","20/7231",0,1,"",1,""
"BP","GO:0001958","endochondral ossification",0,17,75,7231,0,"0/75","17/7231",0,1,"",1,""
"BP","GO:0001960","negative regulation of cytokine-mediated signaling pathway",0,29,75,7231,0,"0/75","29/7231",0,1,"",1,""
"BP","GO:0001961","positive regulation of cytokine-mediated signaling pathway",0,17,75,7231,0,"0/75","17/7231",0,1,"",1,""
"MF","GO:0001965","G-protein alpha-subunit binding",0,25,72,7153,0,"0/72","25/7153",0,1,"",1,""
"BP","GO:0001967","suckling behavior",0,11,75,7231,0,"0/75","11/7231",0,1,"",1,""
"MF","GO:0001968","fibronectin binding",0,13,72,7153,0,"0/72","13/7153",0,1,"",1,""
"BP","GO:0001990","regulation of systemic arterial blood pressure by hormone",0,11,75,7231,0,"0/75","11/7231",0,1,"",1,""
"BP","GO:0002011","morphogenesis of an epithelial sheet",0,30,75,7231,0,"0/75","30/7231",0,1,"",1,""
"BP","GO:0002021","response to dietary excess",0,16,75,7231,0,"0/75","16/7231",0,1,"",1,""
"BP","GO:0002026","regulation of the force of heart contraction",0,18,75,7231,0,"0/75","18/7231",0,1,"",1,""
"BP","GO:0002027","regulation of heart rate",0,37,75,7231,0,"0/75","37/7231",0,1,"",1,""
"BP","GO:0002028","regulation of sodium ion transport",0,60,75,7231,0,"0/75","60/7231",0,1,"",1,""
"BP","GO:0002029","desensitization of G protein-coupled receptor signaling pathway",0,14,75,7231,0,"0/75","14/7231",0,1,"",1,""
"MF","GO:0002039","p53 binding",0,40,72,7153,0,"0/72","40/7153",0,1,"",1,""
"BP","GO:0002040","sprouting angiogenesis",0,48,75,7231,0,"0/75","48/7231",0,1,"",1,""
"BP","GO:0002042","cell migration involved in sprouting angiogenesis",0,24,75,7231,0,"0/75","24/7231",0,1,"",1,""
"BP","GO:0002052","positive regulation of neuroblast proliferation",0,18,75,7231,0,"0/75","18/7231",0,1,"",1,""
"BP","GO:0002062","chondrocyte differentiation",0,36,75,7231,0,"0/75","36/7231",0,1,"",1,""
"BP","GO:0002065","columnar/cuboidal epithelial cell differentiation",0,36,75,7231,0,"0/75","36/7231",0,1,"",1,""
"BP","GO:0002066","columnar/cuboidal epithelial cell development",0,15,75,7231,0,"0/75","15/7231",0,1,"",1,""
"BP","GO:0002067","glandular epithelial cell differentiation",0,17,75,7231,0,"0/75","17/7231",0,1,"",1,""
"BP","GO:0002082","regulation of oxidative phosphorylation",0,18,75,7231,0,"0/75","18/7231",0,1,"",1,""
"BP","GO:0002084","protein depalmitoylation",0,10,75,7231,0,"0/75","10/7231",0,1,"",1,""
"BP","GO:0002088","lens development in camera-type eye",0,29,75,7231,0,"0/75","29/7231",0,1,"",1,""
"BP","GO:0002091","negative regulation of receptor internalization",0,13,75,7231,0,"0/75","13/7231",0,1,"",1,""
"BP","GO:0002093","auditory receptor cell morphogenesis",0,11,75,7231,0,"0/75","11/7231",0,1,"",1,""
"BP","GO:0002097","tRNA wobble base modification",0,14,75,7231,0,"0/75","14/7231",0,1,"",1,""
"BP","GO:0002098","tRNA wobble uridine modification",0,14,75,7231,0,"0/75","14/7231",0,1,"",1,""
"CC","GO:0002102","podosome",0,24,75,7294,0,"0/75","24/7294",0,1,"",1,""
"MF","GO:0002161","aminoacyl-tRNA editing activity",0,12,72,7153,0,"0/72","12/7153",0,1,"",1,""
"BP","GO:0002183","cytoplasmic translational initiation",0,26,75,7231,0,"0/75","26/7231",0,1,"",1,""
"BP","GO:0002200","somatic diversification of immune receptors",0,26,75,7231,0,"0/75","26/7231",0,1,"",1,""
"BP","GO:0002204","somatic recombination of immunoglobulin genes involved in immune response",0,17,75,7231,0,"0/75","17/7231",0,1,"",1,""
"BP","GO:0002208","somatic diversification of immunoglobulins involved in immune response",0,17,75,7231,0,"0/75","17/7231",0,1,"",1,""
"BP","GO:0002209","behavioral defense response",0,42,75,7231,0,"0/75","42/7231",0,1,"",1,""
"BP","GO:0002220","innate immune response activating cell surface receptor signaling pathway",0,21,75,7231,0,"0/75","21/7231",0,1,"",1,""
"BP","GO:0002224","toll-like receptor signaling pathway",0,21,75,7231,0,"0/75","21/7231",0,1,"",1,""
"BP","GO:0002228","natural killer cell mediated immunity",0,24,75,7231,0,"0/75","24/7231",0,1,"",1,""
"BP","GO:0002230","positive regulation of defense response to virus by host",0,11,75,7231,0,"0/75","11/7231",0,1,"",1,""
"BP","GO:0002260","lymphocyte homeostasis",0,37,75,7231,0,"0/75","37/7231",0,1,"",1,""
"BP","GO:0002269","leukocyte activation involved in inflammatory response",0,21,75,7231,0,"0/75","21/7231",0,1,"",1,""
"BP","GO:0002274","myeloid leukocyte activation",0,85,75,7231,0,"0/75","85/7231",0,1,"",1,""
"BP","GO:0002275","myeloid cell activation involved in immune response",0,39,75,7231,0,"0/75","39/7231",0,1,"",1,""
"BP","GO:0002279","mast cell activation involved in immune response",0,23,75,7231,0,"0/75","23/7231",0,1,"",1,""
"BP","GO:0002287","alpha-beta T cell activation involved in immune response",0,11,75,7231,0,"0/75","11/7231",0,1,"",1,""
"BP","GO:0002292","T cell differentiation involved in immune response",0,13,75,7231,0,"0/75","13/7231",0,1,"",1,""
"BP","GO:0002293","alpha-beta T cell differentiation involved in immune response",0,11,75,7231,0,"0/75","11/7231",0,1,"",1,""
"BP","GO:0002294","CD4-positive, alpha-beta T cell differentiation involved in immune response",0,11,75,7231,0,"0/75","11/7231",0,1,"",1,""
"BP","GO:0002312","B cell activation involved in immune response",0,30,75,7231,0,"0/75","30/7231",0,1,"",1,""
"BP","GO:0002313","mature B cell differentiation involved in immune response",0,10,75,7231,0,"0/75","10/7231",0,1,"",1,""
"BP","GO:0002335","mature B cell differentiation",0,12,75,7231,0,"0/75","12/7231",0,1,"",1,""
"BP","GO:0002377","immunoglobulin production",0,39,75,7231,0,"0/75","39/7231",0,1,"",1,""
"BP","GO:0002381","immunoglobulin production involved in immunoglobulin-mediated immune response",0,18,75,7231,0,"0/75","18/7231",0,1,"",1,""
"BP","GO:0002431","Fc receptor mediated stimulatory signaling pathway",0,11,75,7231,0,"0/75","11/7231",0,1,"",1,""
"BP","GO:0002437","inflammatory response to antigenic stimulus",0,24,75,7231,0,"0/75","24/7231",0,1,"",1,""
"BP","GO:0002438","acute inflammatory response to antigenic stimulus",0,12,75,7231,0,"0/75","12/7231",0,1,"",1,""
"BP","GO:0002444","myeloid leukocyte mediated immunity",0,47,75,7231,0,"0/75","47/7231",0,1,"",1,""
"BP","GO:0002446","neutrophil mediated immunity",0,13,75,7231,0,"0/75","13/7231",0,1,"",1,""
"BP","GO:0002448","mast cell mediated immunity",0,22,75,7231,0,"0/75","22/7231",0,1,"",1,""
"BP","GO:0002474","antigen processing and presentation of peptide antigen via MHC class I",0,11,75,7231,0,"0/75","11/7231",0,1,"",1,""
"BP","GO:0002520","immune system development",0,73,75,7231,0,"0/75","73/7231",0,1,"",1,""
"BP","GO:0002532","production of molecular mediator involved in inflammatory response",0,37,75,7231,0,"0/75","37/7231",0,1,"",1,""
"BP","GO:0002534","cytokine production involved in inflammatory response",0,22,75,7231,0,"0/75","22/7231",0,1,"",1,""
"BP","GO:0002548","monocyte chemotaxis",0,15,75,7231,0,"0/75","15/7231",0,1,"",1,""
"BP","GO:0002562","somatic diversification of immune receptors via germline recombination within a single locus",0,22,75,7231,0,"0/75","22/7231",0,1,"",1,""
"BP","GO:0002637","regulation of immunoglobulin production",0,27,75,7231,0,"0/75","27/7231",0,1,"",1,""
"BP","GO:0002639","positive regulation of immunoglobulin production",0,17,75,7231,0,"0/75","17/7231",0,1,"",1,""
"BP","GO:0002673","regulation of acute inflammatory response",0,14,75,7231,0,"0/75","14/7231",0,1,"",1,""
"BP","GO:0002685","regulation of leukocyte migration",0,91,75,7231,0,"0/75","91/7231",0,1,"",1,""
"BP","GO:0002686","negative regulation of leukocyte migration",0,21,75,7231,0,"0/75","21/7231",0,1,"",1,""
"BP","GO:0002687","positive regulation of leukocyte migration",0,58,75,7231,0,"0/75","58/7231",0,1,"",1,""
"BP","GO:0002688","regulation of leukocyte chemotaxis",0,43,75,7231,0,"0/75","43/7231",0,1,"",1,""
"BP","GO:0002690","positive regulation of leukocyte chemotaxis",0,35,75,7231,0,"0/75","35/7231",0,1,"",1,""
"BP","GO:0002691","regulation of cellular extravasation",0,17,75,7231,0,"0/75","17/7231",0,1,"",1,""
"BP","GO:0002693","positive regulation of cellular extravasation",0,11,75,7231,0,"0/75","11/7231",0,1,"",1,""
"BP","GO:0002701","negative regulation of production of molecular mediator of immune response",0,10,75,7231,0,"0/75","10/7231",0,1,"",1,""
"BP","GO:0002704","negative regulation of leukocyte mediated immunity",0,22,75,7231,0,"0/75","22/7231",0,1,"",1,""
"BP","GO:0002707","negative regulation of lymphocyte mediated immunity",0,18,75,7231,0,"0/75","18/7231",0,1,"",1,""
"BP","GO:0002714","positive regulation of B cell mediated immunity",0,14,75,7231,0,"0/75","14/7231",0,1,"",1,""
"BP","GO:0002715","regulation of natural killer cell mediated immunity",0,14,75,7231,0,"0/75","14/7231",0,1,"",1,""
"BP","GO:0002717","positive regulation of natural killer cell mediated immunity",0,10,75,7231,0,"0/75","10/7231",0,1,"",1,""
"BP","GO:0002752","cell surface pattern recognition receptor signaling pathway",0,21,75,7231,0,"0/75","21/7231",0,1,"",1,""
"BP","GO:0002761","regulation of myeloid leukocyte differentiation",0,40,75,7231,0,"0/75","40/7231",0,1,"",1,""
"BP","GO:0002762","negative regulation of myeloid leukocyte differentiation",0,16,75,7231,0,"0/75","16/7231",0,1,"",1,""
"BP","GO:0002763","positive regulation of myeloid leukocyte differentiation",0,16,75,7231,0,"0/75","16/7231",0,1,"",1,""
"BP","GO:0002790","peptide secretion",0,171,75,7231,0,"0/75","171/7231",0,1,"",1,""
"BP","GO:0002791","regulation of peptide secretion",0,135,75,7231,0,"0/75","135/7231",0,1,"",1,""
"BP","GO:0002792","negative regulation of peptide secretion",0,36,75,7231,0,"0/75","36/7231",0,1,"",1,""
"BP","GO:0002793","positive regulation of peptide secretion",0,83,75,7231,0,"0/75","83/7231",0,1,"",1,""
"BP","GO:0002820","negative regulation of adaptive immune response",0,13,75,7231,0,"0/75","13/7231",0,1,"",1,""
"BP","GO:0002823","negative regulation of adaptive immune response based on somatic recombination of immune receptors built from immunoglobulin superfamily domains",0,13,75,7231,0,"0/75","13/7231",0,1,"",1,""
"BP","GO:0002832","negative regulation of response to biotic stimulus",0,65,75,7231,0,"0/75","65/7231",0,1,"",1,""
"BP","GO:0002861","regulation of inflammatory response to antigenic stimulus",0,17,75,7231,0,"0/75","17/7231",0,1,"",1,""
"BP","GO:0002863","positive regulation of inflammatory response to antigenic stimulus",0,10,75,7231,0,"0/75","10/7231",0,1,"",1,""
"BP","GO:0002864","regulation of acute inflammatory response to antigenic stimulus",0,10,75,7231,0,"0/75","10/7231",0,1,"",1,""
"BP","GO:0002886","regulation of myeloid leukocyte mediated immunity",0,29,75,7231,0,"0/75","29/7231",0,1,"",1,""
"BP","GO:0002888","positive regulation of myeloid leukocyte mediated immunity",0,13,75,7231,0,"0/75","13/7231",0,1,"",1,""
"BP","GO:0002891","positive regulation of immunoglobulin mediated immune response",0,14,75,7231,0,"0/75","14/7231",0,1,"",1,""
"BP","GO:0002902","regulation of B cell apoptotic process",0,11,75,7231,0,"0/75","11/7231",0,1,"",1,""
"BP","GO:0002931","response to ischemia",0,32,75,7231,0,"0/75","32/7231",0,1,"",1,""
"BP","GO:0003002","regionalization",0,97,75,7231,0,"0/75","97/7231",0,1,"",1,""
"BP","GO:0003007","heart morphogenesis",0,88,75,7231,0,"0/75","88/7231",0,1,"",1,""
"BP","GO:0003009","skeletal muscle contraction",0,12,75,7231,0,"0/75","12/7231",0,1,"",1,""
"BP","GO:0003015","heart process",0,108,75,7231,0,"0/75","108/7231",0,1,"",1,""
"BP","GO:0003016","respiratory system process",0,23,75,7231,0,"0/75","23/7231",0,1,"",1,""
"BP","GO:0003044","regulation of systemic arterial blood pressure mediated by a chemical signal",0,15,75,7231,0,"0/75","15/7231",0,1,"",1,""
"BP","GO:0003073","regulation of systemic arterial blood pressure",0,36,75,7231,0,"0/75","36/7231",0,1,"",1,""
"BP","GO:0003084","positive regulation of systemic arterial blood pressure",0,10,75,7231,0,"0/75","10/7231",0,1,"",1,""
"BP","GO:0003085","negative regulation of systemic arterial blood pressure",0,10,75,7231,0,"0/75","10/7231",0,1,"",1,""
"BP","GO:0003143","embryonic heart tube morphogenesis",0,18,75,7231,0,"0/75","18/7231",0,1,"",1,""
"BP","GO:0003148","outflow tract septum morphogenesis",0,10,75,7231,0,"0/75","10/7231",0,1,"",1,""
"BP","GO:0003151","outflow tract morphogenesis",0,26,75,7231,0,"0/75","26/7231",0,1,"",1,""
"BP","GO:0003170","heart valve development",0,17,75,7231,0,"0/75","17/7231",0,1,"",1,""
"BP","GO:0003179","heart valve morphogenesis",0,14,75,7231,0,"0/75","14/7231",0,1,"",1,""
"BP","GO:0003197","endocardial cushion development",0,13,75,7231,0,"0/75","13/7231",0,1,"",1,""
"BP","GO:0003205","cardiac chamber development",0,57,75,7231,0,"0/75","57/7231",0,1,"",1,""
"BP","GO:0003206","cardiac chamber morphogenesis",0,36,75,7231,0,"0/75","36/7231",0,1,"",1,""
"BP","GO:0003208","cardiac ventricle morphogenesis",0,17,75,7231,0,"0/75","17/7231",0,1,"",1,""
"BP","GO:0003229","ventricular cardiac muscle tissue development",0,15,75,7231,0,"0/75","15/7231",0,1,"",1,""
"BP","GO:0003231","cardiac ventricle development",0,43,75,7231,0,"0/75","43/7231",0,1,"",1,""
"BP","GO:0003254","regulation of membrane depolarization",0,34,75,7231,0,"0/75","34/7231",0,1,"",1,""
"BP","GO:0003279","cardiac septum development",0,36,75,7231,0,"0/75","36/7231",0,1,"",1,""
"BP","GO:0003281","ventricular septum development",0,26,75,7231,0,"0/75","26/7231",0,1,"",1,""
"BP","GO:0003298","physiological muscle hypertrophy",0,21,75,7231,0,"0/75","21/7231",0,1,"",1,""
"BP","GO:0003299","muscle hypertrophy in response to stress",0,11,75,7231,0,"0/75","11/7231",0,1,"",1,""
"BP","GO:0003300","cardiac muscle hypertrophy",0,54,75,7231,0,"0/75","54/7231",0,1,"",1,""
"BP","GO:0003301","physiological cardiac muscle hypertrophy",0,21,75,7231,0,"0/75","21/7231",0,1,"",1,""
"BP","GO:0003333","amino acid transmembrane transport",0,56,75,7231,0,"0/75","56/7231",0,1,"",1,""
"BP","GO:0003341","cilium movement",0,43,75,7231,0,"0/75","43/7231",0,1,"",1,""
"BP","GO:0003382","epithelial cell morphogenesis",0,15,75,7231,0,"0/75","15/7231",0,1,"",1,""
"BP","GO:0003401","axis elongation",0,10,75,7231,0,"0/75","10/7231",0,1,"",1,""
"BP","GO:0003407","neural retina development",0,24,75,7231,0,"0/75","24/7231",0,1,"",1,""
"MF","GO:0003678","DNA helicase activity",0,17,72,7153,0,"0/72","17/7153",0,1,"",1,""
"MF","GO:0003724","RNA helicase activity",0,38,72,7153,0,"0/72","38/7153",0,1,"",1,""
"MF","GO:0003735","structural constituent of ribosome",0,142,72,7153,0,"0/72","142/7153",0,1,"",1,""
"MF","GO:0003743","translation initiation factor activity",0,45,72,7153,0,"0/72","45/7153",0,1,"",1,""
"MF","GO:0003746","translation elongation factor activity",0,15,72,7153,0,"0/72","15/7153",0,1,"",1,""
"MF","GO:0003755","peptidyl-prolyl cis-trans isomerase activity",0,27,72,7153,0,"0/72","27/7153",0,1,"",1,""
"MF","GO:0003756","protein disulfide isomerase activity",0,12,72,7153,0,"0/72","12/7153",0,1,"",1,""
"MF","GO:0003774","cytoskeletal motor activity",0,37,72,7153,0,"0/72","37/7153",0,1,"",1,""
"MF","GO:0003777","microtubule motor activity",0,18,72,7153,0,"0/72","18/7153",0,1,"",1,""
"MF","GO:0003785","actin monomer binding",0,15,72,7153,0,"0/72","15/7153",0,1,"",1,""
"MF","GO:0003899","DNA-directed 5'-3' RNA polymerase activity",0,10,72,7153,0,"0/72","10/7153",0,1,"",1,""
"MF","GO:0003925","G protein activity",0,42,72,7153,0,"0/72","42/7153",0,1,"",1,""
"MF","GO:0003954","NADH dehydrogenase activity",0,18,72,7153,0,"0/72","18/7153",0,1,"",1,""
"MF","GO:0003955","NAD(P)H dehydrogenase (quinone) activity",0,20,72,7153,0,"0/72","20/7153",0,1,"",1,""
"MF","GO:0003995","acyl-CoA dehydrogenase activity",0,11,72,7153,0,"0/72","11/7153",0,1,"",1,""
"MF","GO:0004016","adenylate cyclase activity",0,10,72,7153,0,"0/72","10/7153",0,1,"",1,""
"MF","GO:0004029","aldehyde dehydrogenase (NAD+) activity",0,12,72,7153,0,"0/72","12/7153",0,1,"",1,""
"MF","GO:0004030","aldehyde dehydrogenase [NAD(P)+] activity",0,13,72,7153,0,"0/72","13/7153",0,1,"",1,""
"MF","GO:0004033","aldo-keto reductase (NADP) activity",0,14,72,7153,0,"0/72","14/7153",0,1,"",1,""
"MF","GO:0004112","cyclic-nucleotide phosphodiesterase activity",0,15,72,7153,0,"0/72","15/7153",0,1,"",1,""
"MF","GO:0004114","3',5'-cyclic-nucleotide phosphodiesterase activity",0,13,72,7153,0,"0/72","13/7153",0,1,"",1,""
"MF","GO:0004115","3',5'-cyclic-AMP phosphodiesterase activity",0,10,72,7153,0,"0/72","10/7153",0,1,"",1,""
"MF","GO:0004175","endopeptidase activity",0,116,72,7153,0,"0/72","116/7153",0,1,"",1,""
"MF","GO:0004177","aminopeptidase activity",0,26,72,7153,0,"0/72","26/7153",0,1,"",1,""
"MF","GO:0004180","carboxypeptidase activity",0,18,72,7153,0,"0/72","18/7153",0,1,"",1,""
"MF","GO:0004190","aspartic-type endopeptidase activity",0,12,72,7153,0,"0/72","12/7153",0,1,"",1,""
"MF","GO:0004197","cysteine-type endopeptidase activity",0,35,72,7153,0,"0/72","35/7153",0,1,"",1,""
"MF","GO:0004222","metalloendopeptidase activity",0,27,72,7153,0,"0/72","27/7153",0,1,"",1,""
"MF","GO:0004252","serine-type endopeptidase activity",0,31,72,7153,0,"0/72","31/7153",0,1,"",1,""
"MF","GO:0004364","glutathione transferase activity",0,17,72,7153,0,"0/72","17/7153",0,1,"",1,""
"MF","GO:0004386","helicase activity",0,62,72,7153,0,"0/72","62/7153",0,1,"",1,""
"MF","GO:0004402","histone acetyltransferase activity",0,16,72,7153,0,"0/72","16/7153",0,1,"",1,""
"MF","GO:0004407","histone deacetylase activity",0,13,72,7153,0,"0/72","13/7153",0,1,"",1,""
"MF","GO:0004435","phosphatidylinositol phospholipase C activity",0,10,72,7153,0,"0/72","10/7153",0,1,"",1,""
"MF","GO:0004438","phosphatidylinositol-3-phosphate phosphatase activity",0,11,72,7153,0,"0/72","11/7153",0,1,"",1,""
"MF","GO:0004467","long-chain fatty acid-CoA ligase activity",0,10,72,7153,0,"0/72","10/7153",0,1,"",1,""
"MF","GO:0004497","monooxygenase activity",0,30,72,7153,0,"0/72","30/7153",0,1,"",1,""
"MF","GO:0004519","endonuclease activity",0,40,72,7153,0,"0/72","40/7153",0,1,"",1,""
"MF","GO:0004520","DNA endonuclease activity",0,11,72,7153,0,"0/72","11/7153",0,1,"",1,""
"MF","GO:0004521","RNA endonuclease activity",0,26,72,7153,0,"0/72","26/7153",0,1,"",1,""
"MF","GO:0004532","RNA exonuclease activity",0,21,72,7153,0,"0/72","21/7153",0,1,"",1,""
"MF","GO:0004540","RNA nuclease activity",0,48,72,7153,0,"0/72","48/7153",0,1,"",1,""
"MF","GO:0004550","nucleoside diphosphate kinase activity",0,11,72,7153,0,"0/72","11/7153",0,1,"",1,""
"MF","GO:0004601","peroxidase activity",0,27,72,7153,0,"0/72","27/7153",0,1,"",1,""
"MF","GO:0004602","glutathione peroxidase activity",0,12,72,7153,0,"0/72","12/7153",0,1,"",1,""
"MF","GO:0004620","phospholipase activity",0,42,72,7153,0,"0/72","42/7153",0,1,"",1,""
"MF","GO:0004622","lysophospholipase activity",0,10,72,7153,0,"0/72","10/7153",0,1,"",1,""
"MF","GO:0004629","phospholipase C activity",0,11,72,7153,0,"0/72","11/7153",0,1,"",1,""
"MF","GO:0004674","protein serine/threonine kinase activity",0,229,72,7153,0,"0/72","229/7153",0,1,"",1,""
"MF","GO:0004683","calmodulin-dependent protein kinase activity",0,19,72,7153,0,"0/72","19/7153",0,1,"",1,""
"MF","GO:0004693","cyclin-dependent protein serine/threonine kinase activity",0,13,72,7153,0,"0/72","13/7153",0,1,"",1,""
"MF","GO:0004697","protein kinase C activity",0,12,72,7153,0,"0/72","12/7153",0,1,"",1,""
"MF","GO:0004698","calcium-dependent protein kinase C activity",0,11,72,7153,0,"0/72","11/7153",0,1,"",1,""
"MF","GO:0004707","MAP kinase activity",0,12,72,7153,0,"0/72","12/7153",0,1,"",1,""
"MF","GO:0004708","MAP kinase kinase activity",0,11,72,7153,0,"0/72","11/7153",0,1,"",1,""
"MF","GO:0004709","MAP kinase kinase kinase activity",0,12,72,7153,0,"0/72","12/7153",0,1,"",1,""
"MF","GO:0004712","protein serine/threonine/tyrosine kinase activity",0,24,72,7153,0,"0/72","24/7153",0,1,"",1,""
"MF","GO:0004714","transmembrane receptor protein tyrosine kinase activity",0,25,72,7153,0,"0/72","25/7153",0,1,"",1,""
"MF","GO:0004721","phosphoprotein phosphatase activity",0,101,72,7153,0,"0/72","101/7153",0,1,"",1,""
"MF","GO:0004722","protein serine/threonine phosphatase activity",0,50,72,7153,0,"0/72","50/7153",0,1,"",1,""
"MF","GO:0004725","protein tyrosine phosphatase activity",0,53,72,7153,0,"0/72","53/7153",0,1,"",1,""
"MF","GO:0004812","aminoacyl-tRNA ligase activity",0,41,72,7153,0,"0/72","41/7153",0,1,"",1,""
"MF","GO:0004864","protein phosphatase inhibitor activity",0,23,72,7153,0,"0/72","23/7153",0,1,"",1,""
"MF","GO:0004890","GABA-A receptor activity",0,11,72,7153,0,"0/72","11/7153",0,1,"",1,""
"MF","GO:0004970","ionotropic glutamate receptor activity",0,15,72,7153,0,"0/72","15/7153",0,1,"",1,""
"MF","GO:0005048","signal sequence binding",0,36,72,7153,0,"0/72","36/7153",0,1,"",1,""
"MF","GO:0005078","MAP-kinase scaffold activity",0,12,72,7153,0,"0/72","12/7153",0,1,"",1,""
"MF","GO:0005080","protein kinase C binding",0,45,72,7153,0,"0/72","45/7153",0,1,"",1,""
"MF","GO:0005085","guanyl-nucleotide exchange factor activity",0,131,72,7153,0,"0/72","131/7153",0,1,"",1,""
"MF","GO:0005092","GDP-dissociation inhibitor activity",0,12,72,7153,0,"0/72","12/7153",0,1,"",1,""
"MF","GO:0005096","GTPase activator activity",0,161,72,7153,0,"0/72","161/7153",0,1,"",1,""
"MF","GO:0005109","frizzled binding",0,10,72,7153,0,"0/72","10/7153",0,1,"",1,""
"MF","GO:0005112","Notch binding",0,12,72,7153,0,"0/72","12/7153",0,1,"",1,""
"MF","GO:0005125","cytokine activity",0,16,72,7153,0,"0/72","16/7153",0,1,"",1,""
"MF","GO:0005126","cytokine receptor binding",0,70,72,7153,0,"0/72","70/7153",0,1,"",1,""
"MF","GO:0005154","epidermal growth factor receptor binding",0,19,72,7153,0,"0/72","19/7153",0,1,"",1,""
"MF","GO:0005158","insulin receptor binding",0,19,72,7153,0,"0/72","19/7153",0,1,"",1,""
"MF","GO:0005160","transforming growth factor beta receptor binding",0,10,72,7153,0,"0/72","10/7153",0,1,"",1,""
"MF","GO:0005178","integrin binding",0,82,72,7153,0,"0/72","82/7153",0,1,"",1,""
"MF","GO:0005198","structural molecule activity",0,356,72,7153,0,"0/72","356/7153",0,1,"",1,""
"MF","GO:0005200","structural constituent of cytoskeleton",0,53,72,7153,0,"0/72","53/7153",0,1,"",1,""
"MF","GO:0005201","extracellular matrix structural constituent",0,49,72,7153,0,"0/72","49/7153",0,1,"",1,""
"MF","GO:0005217","intracellular ligand-gated monoatomic ion channel activity",0,14,72,7153,0,"0/72","14/7153",0,1,"",1,""
"MF","GO:0005227","calcium activated cation channel activity",0,10,72,7153,0,"0/72","10/7153",0,1,"",1,""
"MF","GO:0005230","extracellular ligand-gated monoatomic ion channel activity",0,32,72,7153,0,"0/72","32/7153",0,1,"",1,""
"MF","GO:0005231","excitatory extracellular ligand-gated monoatomic ion channel activity",0,10,72,7153,0,"0/72","10/7153",0,1,"",1,""
"MF","GO:0005237","inhibitory extracellular ligand-gated monoatomic ion channel activity",0,11,72,7153,0,"0/72","11/7153",0,1,"",1,""
"MF","GO:0005242","inward rectifier potassium channel activity",0,13,72,7153,0,"0/72","13/7153",0,1,"",1,""
"MF","GO:0005244","voltage-gated monoatomic ion channel activity",0,107,72,7153,0,"0/72","107/7153",0,1,"",1,""
"MF","GO:0005245","voltage-gated calcium channel activity",0,24,72,7153,0,"0/72","24/7153",0,1,"",1,""
"MF","GO:0005246","calcium channel regulator activity",0,28,72,7153,0,"0/72","28/7153",0,1,"",1,""
"MF","GO:0005248","voltage-gated sodium channel activity",0,17,72,7153,0,"0/72","17/7153",0,1,"",1,""
"MF","GO:0005249","voltage-gated potassium channel activity",0,50,72,7153,0,"0/72","50/7153",0,1,"",1,""
"MF","GO:0005251","delayed rectifier potassium channel activity",0,13,72,7153,0,"0/72","13/7153",0,1,"",1,""
"MF","GO:0005253","monoatomic anion channel activity",0,48,72,7153,0,"0/72","48/7153",0,1,"",1,""
"MF","GO:0005254","chloride channel activity",0,39,72,7153,0,"0/72","39/7153",0,1,"",1,""
"MF","GO:0005267","potassium channel activity",0,64,72,7153,0,"0/72","64/7153",0,1,"",1,""
"MF","GO:0005272","sodium channel activity",0,23,72,7153,0,"0/72","23/7153",0,1,"",1,""
"MF","GO:0005283","amino acid:sodium symporter activity",0,16,72,7153,0,"0/72","16/7153",0,1,"",1,""
"MF","GO:0005310","dicarboxylic acid transmembrane transporter activity",0,15,72,7153,0,"0/72","15/7153",0,1,"",1,""
"MF","GO:0005313","L-glutamate transmembrane transporter activity",0,12,72,7153,0,"0/72","12/7153",0,1,"",1,""
"MF","GO:0005319","lipid transporter activity",0,88,72,7153,0,"0/72","88/7153",0,1,"",1,""
"MF","GO:0005324","long-chain fatty acid transporter activity",0,14,72,7153,0,"0/72","14/7153",0,1,"",1,""
"MF","GO:0005326","neurotransmitter transmembrane transporter activity",0,11,72,7153,0,"0/72","11/7153",0,1,"",1,""
"MF","GO:0005342","organic acid transmembrane transporter activity",0,77,72,7153,0,"0/72","77/7153",0,1,"",1,""
"MF","GO:0005343","organic acid:sodium symporter activity",0,21,72,7153,0,"0/72","21/7153",0,1,"",1,""
"MF","GO:0005346","purine ribonucleotide transmembrane transporter activity",0,14,72,7153,0,"0/72","14/7153",0,1,"",1,""
"MF","GO:0005385","zinc ion transmembrane transporter activity",0,13,72,7153,0,"0/72","13/7153",0,1,"",1,""
"MF","GO:0005416","amino acid:monoatomic cation symporter activity",0,19,72,7153,0,"0/72","19/7153",0,1,"",1,""
"MF","GO:0005452","solute:inorganic anion antiporter activity",0,11,72,7153,0,"0/72","11/7153",0,1,"",1,""
"MF","GO:0005484","SNAP receptor activity",0,31,72,7153,0,"0/72","31/7153",0,1,"",1,""
"MF","GO:0005501","retinoid binding",0,12,72,7153,0,"0/72","12/7153",0,1,"",1,""
"MF","GO:0005504","fatty acid binding",0,28,72,7153,0,"0/72","28/7153",0,1,"",1,""
"MF","GO:0005506","iron ion binding",0,53,72,7153,0,"0/72","53/7153",0,1,"",1,""
"MF","GO:0005507","copper ion binding",0,33,72,7153,0,"0/72","33/7153",0,1,"",1,""
"MF","GO:0005518","collagen binding",0,36,72,7153,0,"0/72","36/7153",0,1,"",1,""
"MF","GO:0005521","lamin binding",0,14,72,7153,0,"0/72","14/7153",0,1,"",1,""
"MF","GO:0005522","profilin binding",0,11,72,7153,0,"0/72","11/7153",0,1,"",1,""
"MF","GO:0005540","hyaluronic acid binding",0,13,72,7153,0,"0/72","13/7153",0,1,"",1,""
"MF","GO:0005545","1-phosphatidylinositol binding",0,11,72,7153,0,"0/72","11/7153",0,1,"",1,""
"MF","GO:0005547","phosphatidylinositol-3,4,5-trisphosphate binding",0,29,72,7153,0,"0/72","29/7153",0,1,"",1,""
"MF","GO:0005548","phospholipid transporter activity",0,36,72,7153,0,"0/72","36/7153",0,1,"",1,""
"CC","GO:0005581","collagen trimer",0,14,75,7294,0,"0/75","14/7294",0,1,"",1,""
"CC","GO:0005604","basement membrane",0,44,75,7294,0,"0/75","44/7294",0,1,"",1,""
"CC","GO:0005635","nuclear envelope",0,270,75,7294,0,"0/75","270/7294",0,1,"",1,""
"CC","GO:0005637","nuclear inner membrane",0,20,75,7294,0,"0/75","20/7294",0,1,"",1,""
"CC","GO:0005640","nuclear outer membrane",0,11,75,7294,0,"0/75","11/7294",0,1,"",1,""
"CC","GO:0005643","nuclear pore",0,62,75,7294,0,"0/75","62/7294",0,1,"",1,""
"CC","GO:0005652","nuclear lamina",0,13,75,7294,0,"0/75","13/7294",0,1,"",1,""
"CC","GO:0005665","RNA polymerase II, core complex",0,12,75,7294,0,"0/75","12/7294",0,1,"",1,""
"CC","GO:0005669","transcription factor TFIID complex",0,12,75,7294,0,"0/75","12/7294",0,1,"",1,""
"CC","GO:0005680","anaphase-promoting complex",0,13,75,7294,0,"0/75","13/7294",0,1,"",1,""
"CC","GO:0005681","spliceosomal complex",0,147,75,7294,0,"0/75","147/7294",0,1,"",1,""
"CC","GO:0005682","U5 snRNP",0,13,75,7294,0,"0/75","13/7294",0,1,"",1,""
"CC","GO:0005684","U2-type spliceosomal complex",0,75,75,7294,0,"0/75","75/7294",0,1,"",1,""
"CC","GO:0005685","U1 snRNP",0,16,75,7294,0,"0/75","16/7294",0,1,"",1,""
"CC","GO:0005686","U2 snRNP",0,20,75,7294,0,"0/75","20/7294",0,1,"",1,""
"CC","GO:0005689","U12-type spliceosomal complex",0,19,75,7294,0,"0/75","19/7294",0,1,"",1,""
"CC","GO:0005697","telomerase holoenzyme complex",0,16,75,7294,0,"0/75","16/7294",0,1,"",1,""
"CC","GO:0005721","pericentric heterochromatin",0,10,75,7294,0,"0/75","10/7294",0,1,"",1,""
"CC","GO:0005732","sno(s)RNA-containing ribonucleoprotein complex",0,15,75,7294,0,"0/75","15/7294",0,1,"",1,""
"CC","GO:0005741","mitochondrial outer membrane",0,145,75,7294,0,"0/75","145/7294",0,1,"",1,""
"CC","GO:0005742","mitochondrial outer membrane translocase complex",0,10,75,7294,0,"0/75","10/7294",0,1,"",1,""
"CC","GO:0005744","TIM23 mitochondrial import inner membrane translocase complex",0,10,75,7294,0,"0/75","10/7294",0,1,"",1,""
"CC","GO:0005746","mitochondrial respirasome",0,75,75,7294,0,"0/75","75/7294",0,1,"",1,""
"CC","GO:0005747","mitochondrial respiratory chain complex I",0,45,75,7294,0,"0/75","45/7294",0,1,"",1,""
"CC","GO:0005750","mitochondrial respiratory chain complex III",0,12,75,7294,0,"0/75","12/7294",0,1,"",1,""
"CC","GO:0005751","mitochondrial respiratory chain complex IV",0,17,75,7294,0,"0/75","17/7294",0,1,"",1,""
"CC","GO:0005753","mitochondrial proton-transporting ATP synthase complex",0,16,75,7294,0,"0/75","16/7294",0,1,"",1,""
"CC","GO:0005758","mitochondrial intermembrane space",0,50,75,7294,0,"0/75","50/7294",0,1,"",1,""
"CC","GO:0005759","mitochondrial matrix",0,239,75,7294,0,"0/75","239/7294",0,1,"",1,""
"CC","GO:0005761","mitochondrial ribosome",0,83,75,7294,0,"0/75","83/7294",0,1,"",1,""
"CC","GO:0005762","mitochondrial large ribosomal subunit",0,52,75,7294,0,"0/75","52/7294",0,1,"",1,""
"CC","GO:0005763","mitochondrial small ribosomal subunit",0,31,75,7294,0,"0/75","31/7294",0,1,"",1,""
"CC","GO:0005769","early endosome",0,223,75,7294,0,"0/75","223/7294",0,1,"",1,""
"CC","GO:0005771","multivesicular body",0,36,75,7294,0,"0/75","36/7294",0,1,"",1,""
"CC","GO:0005775","vacuolar lumen",0,16,75,7294,0,"0/75","16/7294",0,1,"",1,""
"CC","GO:0005776","autophagosome",0,70,75,7294,0,"0/75","70/7294",0,1,"",1,""
"CC","GO:0005778","peroxisomal membrane",0,35,75,7294,0,"0/75","35/7294",0,1,"",1,""
"CC","GO:0005782","peroxisomal matrix",0,20,75,7294,0,"0/75","20/7294",0,1,"",1,""
"CC","GO:0005788","endoplasmic reticulum lumen",0,43,75,7294,0,"0/75","43/7294",0,1,"",1,""
"CC","GO:0005790","smooth endoplasmic reticulum",0,26,75,7294,0,"0/75","26/7294",0,1,"",1,""
"CC","GO:0005791","rough endoplasmic reticulum",0,28,75,7294,0,"0/75","28/7294",0,1,"",1,""
"CC","GO:0005793","endoplasmic reticulum-Golgi intermediate compartment",0,48,75,7294,0,"0/75","48/7294",0,1,"",1,""
"CC","GO:0005796","Golgi lumen",0,15,75,7294,0,"0/75","15/7294",0,1,"",1,""
"CC","GO:0005797","Golgi medial cisterna",0,12,75,7294,0,"0/75","12/7294",0,1,"",1,""
"CC","GO:0005798","Golgi-associated vesicle",0,74,75,7294,0,"0/75","74/7294",0,1,"",1,""
"CC","GO:0005801","cis-Golgi network",0,32,75,7294,0,"0/75","32/7294",0,1,"",1,""
"CC","GO:0005802","trans-Golgi network",0,162,75,7294,0,"0/75","162/7294",0,1,"",1,""
"CC","GO:0005811","lipid droplet",0,63,75,7294,0,"0/75","63/7294",0,1,"",1,""
"CC","GO:0005814","centriole",0,43,75,7294,0,"0/75","43/7294",0,1,"",1,""
"CC","GO:0005838","proteasome regulatory particle",0,21,75,7294,0,"0/75","21/7294",0,1,"",1,""
"CC","GO:0005839","proteasome core complex",0,16,75,7294,0,"0/75","16/7294",0,1,"",1,""
"CC","GO:0005840","ribosome",0,204,75,7294,0,"0/75","204/7294",0,1,"",1,""
"CC","GO:0005844","polysome",0,66,75,7294,0,"0/75","66/7294",0,1,"",1,""
"CC","GO:0005845","mRNA cap binding complex",0,10,75,7294,0,"0/75","10/7294",0,1,"",1,""
"CC","GO:0005847","mRNA cleavage and polyadenylation specificity factor complex",0,16,75,7294,0,"0/75","16/7294",0,1,"",1,""
"CC","GO:0005849","mRNA cleavage factor complex",0,19,75,7294,0,"0/75","19/7294",0,1,"",1,""
"CC","GO:0005852","eukaryotic translation initiation factor 3 complex",0,14,75,7294,0,"0/75","14/7294",0,1,"",1,""
"CC","GO:0005868","cytoplasmic dynein complex",0,18,75,7294,0,"0/75","18/7294",0,1,"",1,""
"CC","GO:0005871","kinesin complex",0,22,75,7294,0,"0/75","22/7294",0,1,"",1,""
"CC","GO:0005875","microtubule associated complex",0,61,75,7294,0,"0/75","61/7294",0,1,"",1,""
"CC","GO:0005883","neurofilament",0,11,75,7294,0,"0/75","11/7294",0,1,"",1,""
"CC","GO:0005884","actin filament",0,89,75,7294,0,"0/75","89/7294",0,1,"",1,""
"CC","GO:0005891","voltage-gated calcium channel complex",0,20,75,7294,0,"0/75","20/7294",0,1,"",1,""
"CC","GO:0005902","microvillus",0,50,75,7294,0,"0/75","50/7294",0,1,"",1,""
"CC","GO:0005903","brush border",0,69,75,7294,0,"0/75","69/7294",0,1,"",1,""
"CC","GO:0005905","clathrin-coated pit",0,58,75,7294,0,"0/75","58/7294",0,1,"",1,""
"CC","GO:0005912","adherens junction",0,103,75,7294,0,"0/75","103/7294",0,1,"",1,""
"CC","GO:0005929","cilium",0,242,75,7294,0,"0/75","242/7294",0,1,"",1,""
"CC","GO:0005930","axoneme",0,43,75,7294,0,"0/75","43/7294",0,1,"",1,""
"CC","GO:0005940","septin ring",0,10,75,7294,0,"0/75","10/7294",0,1,"",1,""
"CC","GO:0005942","phosphatidylinositol 3-kinase complex",0,12,75,7294,0,"0/75","12/7294",0,1,"",1,""
"BP","GO:0005976","polysaccharide metabolic process",0,55,75,7231,0,"0/75","55/7231",0,1,"",1,""
"BP","GO:0005977","glycogen metabolic process",0,48,75,7231,0,"0/75","48/7231",0,1,"",1,""
"BP","GO:0005978","glycogen biosynthetic process",0,28,75,7231,0,"0/75","28/7231",0,1,"",1,""
"BP","GO:0005979","regulation of glycogen biosynthetic process",0,17,75,7231,0,"0/75","17/7231",0,1,"",1,""
"BP","GO:0005980","glycogen catabolic process",0,16,75,7231,0,"0/75","16/7231",0,1,"",1,""
"BP","GO:0006006","glucose metabolic process",0,107,75,7231,0,"0/75","107/7231",0,1,"",1,""
"BP","GO:0006007","glucose catabolic process",0,22,75,7231,0,"0/75","22/7231",0,1,"",1,""
"BP","GO:0006022","aminoglycan metabolic process",0,28,75,7231,0,"0/75","28/7231",0,1,"",1,""
"BP","GO:0006023","aminoglycan biosynthetic process",0,10,75,7231,0,"0/75","10/7231",0,1,"",1,""
"BP","GO:0006024","glycosaminoglycan biosynthetic process",0,10,75,7231,0,"0/75","10/7231",0,1,"",1,""
"BP","GO:0006026","aminoglycan catabolic process",0,11,75,7231,0,"0/75","11/7231",0,1,"",1,""
"BP","GO:0006027","glycosaminoglycan catabolic process",0,10,75,7231,0,"0/75","10/7231",0,1,"",1,""
"BP","GO:0006029","proteoglycan metabolic process",0,21,75,7231,0,"0/75","21/7231",0,1,"",1,""
"BP","GO:0006040","amino sugar metabolic process",0,23,75,7231,0,"0/75","23/7231",0,1,"",1,""
"BP","GO:0006044","N-acetylglucosamine metabolic process",0,10,75,7231,0,"0/75","10/7231",0,1,"",1,""
"BP","GO:0006081","cellular aldehyde metabolic process",0,42,75,7231,0,"0/75","42/7231",0,1,"",1,""
"BP","GO:0006084","acetyl-CoA metabolic process",0,28,75,7231,0,"0/75","28/7231",0,1,"",1,""
"BP","GO:0006085","acetyl-CoA biosynthetic process",0,18,75,7231,0,"0/75","18/7231",0,1,"",1,""
"BP","GO:0006086","acetyl-CoA biosynthetic process from pyruvate",0,11,75,7231,0,"0/75","11/7231",0,1,"",1,""
"BP","GO:0006089","lactate metabolic process",0,16,75,7231,0,"0/75","16/7231",0,1,"",1,""
"BP","GO:0006090","pyruvate metabolic process",0,85,75,7231,0,"0/75","85/7231",0,1,"",1,""
"BP","GO:0006091","generation of precursor metabolites and energy",0,317,75,7231,0,"0/75","317/7231",0,1,"",1,""
"BP","GO:0006094","gluconeogenesis",0,42,75,7231,0,"0/75","42/7231",0,1,"",1,""
"BP","GO:0006096","glycolytic process",0,61,75,7231,0,"0/75","61/7231",0,1,"",1,""
"BP","GO:0006098","pentose-phosphate shunt",0,15,75,7231,0,"0/75","15/7231",0,1,"",1,""
"BP","GO:0006099","tricarboxylic acid cycle",0,27,75,7231,0,"0/75","27/7231",0,1,"",1,""
"BP","GO:0006103","2-oxoglutarate metabolic process",0,13,75,7231,0,"0/75","13/7231",0,1,"",1,""
"BP","GO:0006109","regulation of carbohydrate metabolic process",0,97,75,7231,0,"0/75","97/7231",0,1,"",1,""
"BP","GO:0006110","regulation of glycolytic process",0,31,75,7231,0,"0/75","31/7231",0,1,"",1,""
"BP","GO:0006111","regulation of gluconeogenesis",0,21,75,7231,0,"0/75","21/7231",0,1,"",1,""
"BP","GO:0006112","energy reserve metabolic process",0,51,75,7231,0,"0/75","51/7231",0,1,"",1,""
"BP","GO:0006119","oxidative phosphorylation",0,120,75,7231,0,"0/75","120/7231",0,1,"",1,""
"BP","GO:0006120","mitochondrial electron transport, NADH to ubiquinone",0,27,75,7231,0,"0/75","27/7231",0,1,"",1,""
"BP","GO:0006122","mitochondrial electron transport, ubiquinol to cytochrome c",0,12,75,7231,0,"0/75","12/7231",0,1,"",1,""
"BP","GO:0006123","mitochondrial electron transport, cytochrome c to oxygen",0,13,75,7231,0,"0/75","13/7231",0,1,"",1,""
"BP","GO:0006140","regulation of nucleotide metabolic process",0,33,75,7231,0,"0/75","33/7231",0,1,"",1,""
"BP","GO:0006144","purine nucleobase metabolic process",0,17,75,7231,0,"0/75","17/7231",0,1,"",1,""
"BP","GO:0006167","AMP biosynthetic process",0,15,75,7231,0,"0/75","15/7231",0,1,"",1,""
"BP","GO:0006177","GMP biosynthetic process",0,15,75,7231,0,"0/75","15/7231",0,1,"",1,""
"BP","GO:0006188","IMP biosynthetic process",0,14,75,7231,0,"0/75","14/7231",0,1,"",1,""
"BP","GO:0006195","purine nucleotide catabolic process",0,36,75,7231,0,"0/75","36/7231",0,1,"",1,""
"BP","GO:0006206","pyrimidine nucleobase metabolic process",0,11,75,7231,0,"0/75","11/7231",0,1,"",1,""
"BP","GO:0006220","pyrimidine nucleotide metabolic process",0,27,75,7231,0,"0/75","27/7231",0,1,"",1,""
"BP","GO:0006221","pyrimidine nucleotide biosynthetic process",0,20,75,7231,0,"0/75","20/7231",0,1,"",1,""
"BP","GO:0006275","regulation of DNA replication",0,42,75,7231,0,"0/75","42/7231",0,1,"",1,""
"BP","GO:0006278","RNA-templated DNA biosynthetic process",0,42,75,7231,0,"0/75","42/7231",0,1,"",1,""
"BP","GO:0006302","double-strand break repair",0,103,75,7231,0,"0/75","103/7231",0,1,"",1,""
"BP","GO:0006303","double-strand break repair via nonhomologous end joining",0,19,75,7231,0,"0/75","19/7231",0,1,"",1,""
"BP","GO:0006304","DNA modification",0,31,75,7231,0,"0/75","31/7231",0,1,"",1,""
"BP","GO:0006305","DNA alkylation",0,15,75,7231,0,"0/75","15/7231",0,1,"",1,""
"BP","GO:0006306","DNA methylation",0,15,75,7231,0,"0/75","15/7231",0,1,"",1,""
"BP","GO:0006310","DNA recombination",0,97,75,7231,0,"0/75","97/7231",0,1,"",1,""
"BP","GO:0006337","nucleosome disassembly",0,12,75,7231,0,"0/75","12/7231",0,1,"",1,""
"BP","GO:0006346","DNA methylation-dependent heterochromatin formation",0,13,75,7231,0,"0/75","13/7231",0,1,"",1,""
"BP","GO:0006353","DNA-templated transcription termination",0,16,75,7231,0,"0/75","16/7231",0,1,"",1,""
"BP","GO:0006356","regulation of transcription by RNA polymerase I",0,26,75,7231,0,"0/75","26/7231",0,1,"",1,""
"BP","GO:0006359","regulation of transcription by RNA polymerase III",0,15,75,7231,0,"0/75","15/7231",0,1,"",1,""
"BP","GO:0006360","transcription by RNA polymerase I",0,32,75,7231,0,"0/75","32/7231",0,1,"",1,""
"BP","GO:0006376","mRNA splice site recognition",0,21,75,7231,0,"0/75","21/7231",0,1,"",1,""
"BP","GO:0006378","mRNA polyadenylation",0,16,75,7231,0,"0/75","16/7231",0,1,"",1,""
"BP","GO:0006383","transcription by RNA polymerase III",0,23,75,7231,0,"0/75","23/7231",0,1,"",1,""
"BP","GO:0006390","mitochondrial transcription",0,10,75,7231,0,"0/75","10/7231",0,1,"",1,""
"BP","GO:0006397","mRNA processing",0,339,75,7231,0,"0/75","339/7231",0,1,"",1,""
"BP","GO:0006406","mRNA export from nucleus",0,47,75,7231,0,"0/75","47/7231",0,1,"",1,""
"BP","GO:0006413","translational initiation",0,84,75,7231,0,"0/75","84/7231",0,1,"",1,""
"BP","GO:0006414","translational elongation",0,51,75,7231,0,"0/75","51/7231",0,1,"",1,""
"BP","GO:0006415","translational termination",0,11,75,7231,0,"0/75","11/7231",0,1,"",1,""
"BP","GO:0006417","regulation of translation",0,242,75,7231,0,"0/75","242/7231",0,1,"",1,""
"BP","GO:0006418","tRNA aminoacylation for protein translation",0,41,75,7231,0,"0/75","41/7231",0,1,"",1,""
"BP","GO:0006446","regulation of translational initiation",0,44,75,7231,0,"0/75","44/7231",0,1,"",1,""
"BP","GO:0006470","protein dephosphorylation",0,155,75,7231,0,"0/75","155/7231",0,1,"",1,""
"BP","GO:0006473","protein acetylation",0,62,75,7231,0,"0/75","62/7231",0,1,"",1,""
"BP","GO:0006474","N-terminal protein amino acid acetylation",0,10,75,7231,0,"0/75","10/7231",0,1,"",1,""
"BP","GO:0006475","internal protein amino acid acetylation",0,38,75,7231,0,"0/75","38/7231",0,1,"",1,""
"BP","GO:0006476","protein deacetylation",0,36,75,7231,0,"0/75","36/7231",0,1,"",1,""
"BP","GO:0006479","protein methylation",0,51,75,7231,0,"0/75","51/7231",0,1,"",1,""
"BP","GO:0006493","protein O-linked glycosylation",0,25,75,7231,0,"0/75","25/7231",0,1,"",1,""
"BP","GO:0006505","GPI anchor metabolic process",0,14,75,7231,0,"0/75","14/7231",0,1,"",1,""
"BP","GO:0006506","GPI anchor biosynthetic process",0,13,75,7231,0,"0/75","13/7231",0,1,"",1,""
"BP","GO:0006509","membrane protein ectodomain proteolysis",0,25,75,7231,0,"0/75","25/7231",0,1,"",1,""
"BP","GO:0006513","protein monoubiquitination",0,30,75,7231,0,"0/75","30/7231",0,1,"",1,""
"BP","GO:0006515","protein quality control for misfolded or incompletely synthesized proteins",0,22,75,7231,0,"0/75","22/7231",0,1,"",1,""
"BP","GO:0006516","glycoprotein catabolic process",0,15,75,7231,0,"0/75","15/7231",0,1,"",1,""
"BP","GO:0006520","amino acid metabolic process",0,175,75,7231,0,"0/75","175/7231",0,1,"",1,""
"BP","GO:0006525","arginine metabolic process",0,10,75,7231,0,"0/75","10/7231",0,1,"",1,""
"BP","GO:0006536","glutamate metabolic process",0,22,75,7231,0,"0/75","22/7231",0,1,"",1,""
"BP","GO:0006541","glutamine metabolic process",0,17,75,7231,0,"0/75","17/7231",0,1,"",1,""
"BP","GO:0006575","cellular modified amino acid metabolic process",0,61,75,7231,0,"0/75","61/7231",0,1,"",1,""
"BP","GO:0006576","biogenic amine metabolic process",0,42,75,7231,0,"0/75","42/7231",0,1,"",1,""
"BP","GO:0006577","amino-acid betaine metabolic process",0,10,75,7231,0,"0/75","10/7231",0,1,"",1,""
"BP","GO:0006584","catecholamine metabolic process",0,28,75,7231,0,"0/75","28/7231",0,1,"",1,""
"BP","GO:0006606","protein import into nucleus",0,110,75,7231,0,"0/75","110/7231",0,1,"",1,""
"BP","GO:0006607","NLS-bearing protein import into nucleus",0,10,75,7231,0,"0/75","10/7231",0,1,"",1,""
"BP","GO:0006611","protein export from nucleus",0,40,75,7231,0,"0/75","40/7231",0,1,"",1,""
"BP","GO:0006613","cotranslational protein targeting to membrane",0,15,75,7231,0,"0/75","15/7231",0,1,"",1,""
"BP","GO:0006614","SRP-dependent cotranslational protein targeting to membrane",0,14,75,7231,0,"0/75","14/7231",0,1,"",1,""
"BP","GO:0006620","post-translational protein targeting to endoplasmic reticulum membrane",0,15,75,7231,0,"0/75","15/7231",0,1,"",1,""
"BP","GO:0006622","protein targeting to lysosome",0,22,75,7231,0,"0/75","22/7231",0,1,"",1,""
"BP","GO:0006623","protein targeting to vacuole",0,35,75,7231,0,"0/75","35/7231",0,1,"",1,""
"BP","GO:0006625","protein targeting to peroxisome",0,16,75,7231,0,"0/75","16/7231",0,1,"",1,""
"BP","GO:0006626","protein targeting to mitochondrion",0,60,75,7231,0,"0/75","60/7231",0,1,"",1,""
"BP","GO:0006635","fatty acid beta-oxidation",0,53,75,7231,0,"0/75","53/7231",0,1,"",1,""
"BP","GO:0006636","unsaturated fatty acid biosynthetic process",0,18,75,7231,0,"0/75","18/7231",0,1,"",1,""
"BP","GO:0006637","acyl-CoA metabolic process",0,59,75,7231,0,"0/75","59/7231",0,1,"",1,""
"BP","GO:0006638","neutral lipid metabolic process",0,68,75,7231,0,"0/75","68/7231",0,1,"",1,""
"BP","GO:0006639","acylglycerol metabolic process",0,67,75,7231,0,"0/75","67/7231",0,1,"",1,""
"BP","GO:0006641","triglyceride metabolic process",0,49,75,7231,0,"0/75","49/7231",0,1,"",1,""
"BP","GO:0006650","glycerophospholipid metabolic process",0,166,75,7231,0,"0/75","166/7231",0,1,"",1,""
"BP","GO:0006654","phosphatidic acid biosynthetic process",0,17,75,7231,0,"0/75","17/7231",0,1,"",1,""
"BP","GO:0006656","phosphatidylcholine biosynthetic process",0,17,75,7231,0,"0/75","17/7231",0,1,"",1,""
"BP","GO:0006658","phosphatidylserine metabolic process",0,12,75,7231,0,"0/75","12/7231",0,1,"",1,""
"BP","GO:0006661","phosphatidylinositol biosynthetic process",0,52,75,7231,0,"0/75","52/7231",0,1,"",1,""
"BP","GO:0006662","glycerol ether metabolic process",0,11,75,7231,0,"0/75","11/7231",0,1,"",1,""
"BP","GO:0006664","glycolipid metabolic process",0,39,75,7231,0,"0/75","39/7231",0,1,"",1,""
"BP","GO:0006687","glycosphingolipid metabolic process",0,22,75,7231,0,"0/75","22/7231",0,1,"",1,""
"BP","GO:0006690","icosanoid metabolic process",0,34,75,7231,0,"0/75","34/7231",0,1,"",1,""
"BP","GO:0006692","prostanoid metabolic process",0,22,75,7231,0,"0/75","22/7231",0,1,"",1,""
"BP","GO:0006693","prostaglandin metabolic process",0,21,75,7231,0,"0/75","21/7231",0,1,"",1,""
"BP","GO:0006720","isoprenoid metabolic process",0,40,75,7231,0,"0/75","40/7231",0,1,"",1,""
"BP","GO:0006721","terpenoid metabolic process",0,25,75,7231,0,"0/75","25/7231",0,1,"",1,""
"BP","GO:0006730","one-carbon metabolic process",0,21,75,7231,0,"0/75","21/7231",0,1,"",1,""
"BP","GO:0006734","NADH metabolic process",0,14,75,7231,0,"0/75","14/7231",0,1,"",1,""
"BP","GO:0006735","NADH regeneration",0,16,75,7231,0,"0/75","16/7231",0,1,"",1,""
"BP","GO:0006739","NADP metabolic process",0,38,75,7231,0,"0/75","38/7231",0,1,"",1,""
"BP","GO:0006740","NADPH regeneration",0,17,75,7231,0,"0/75","17/7231",0,1,"",1,""
"BP","GO:0006749","glutathione metabolic process",0,41,75,7231,0,"0/75","41/7231",0,1,"",1,""
"BP","GO:0006750","glutathione biosynthetic process",0,10,75,7231,0,"0/75","10/7231",0,1,"",1,""
"BP","GO:0006754","ATP biosynthetic process",0,81,75,7231,0,"0/75","81/7231",0,1,"",1,""
"BP","GO:0006760","folic acid-containing compound metabolic process",0,11,75,7231,0,"0/75","11/7231",0,1,"",1,""
"BP","GO:0006778","porphyrin-containing compound metabolic process",0,30,75,7231,0,"0/75","30/7231",0,1,"",1,""
"BP","GO:0006779","porphyrin-containing compound biosynthetic process",0,24,75,7231,0,"0/75","24/7231",0,1,"",1,""
"BP","GO:0006783","heme biosynthetic process",0,20,75,7231,0,"0/75","20/7231",0,1,"",1,""
"BP","GO:0006790","sulfur compound metabolic process",0,153,75,7231,0,"0/75","153/7231",0,1,"",1,""
"BP","GO:0006801","superoxide metabolic process",0,31,75,7231,0,"0/75","31/7231",0,1,"",1,""
"BP","GO:0006809","nitric oxide biosynthetic process",0,45,75,7231,0,"0/75","45/7231",0,1,"",1,""
"BP","GO:0006814","sodium ion transport",0,127,75,7231,0,"0/75","127/7231",0,1,"",1,""
"BP","GO:0006817","phosphate ion transport",0,11,75,7231,0,"0/75","11/7231",0,1,"",1,""
"BP","GO:0006820","monoatomic anion transport",0,79,75,7231,0,"0/75","79/7231",0,1,"",1,""
"BP","GO:0006821","chloride transport",0,54,75,7231,0,"0/75","54/7231",0,1,"",1,""
"BP","GO:0006829","zinc ion transport",0,19,75,7231,0,"0/75","19/7231",0,1,"",1,""
"BP","GO:0006837","serotonin transport",0,12,75,7231,0,"0/75","12/7231",0,1,"",1,""
"BP","GO:0006851","mitochondrial calcium ion transmembrane transport",0,16,75,7231,0,"0/75","16/7231",0,1,"",1,""
"BP","GO:0006862","nucleotide transport",0,23,75,7231,0,"0/75","23/7231",0,1,"",1,""
"BP","GO:0006878","intracellular copper ion homeostasis",0,12,75,7231,0,"0/75","12/7231",0,1,"",1,""
"BP","GO:0006879","intracellular iron ion homeostasis",0,32,75,7231,0,"0/75","32/7231",0,1,"",1,""
"BP","GO:0006882","intracellular zinc ion homeostasis",0,17,75,7231,0,"0/75","17/7231",0,1,"",1,""
"BP","GO:0006883","intracellular sodium ion homeostasis",0,13,75,7231,0,"0/75","13/7231",0,1,"",1,""
"BP","GO:0006884","cell volume homeostasis",0,24,75,7231,0,"0/75","24/7231",0,1,"",1,""
"BP","GO:0006885","regulation of pH",0,53,75,7231,0,"0/75","53/7231",0,1,"",1,""
"BP","GO:0006888","endoplasmic reticulum to Golgi vesicle-mediated transport",0,94,75,7231,0,"0/75","94/7231",0,1,"",1,""
"BP","GO:0006891","intra-Golgi vesicle-mediated transport",0,27,75,7231,0,"0/75","27/7231",0,1,"",1,""
"BP","GO:0006892","post-Golgi vesicle-mediated transport",0,84,75,7231,0,"0/75","84/7231",0,1,"",1,""
"BP","GO:0006893","Golgi to plasma membrane transport",0,51,75,7231,0,"0/75","51/7231",0,1,"",1,""
"BP","GO:0006895","Golgi to endosome transport",0,10,75,7231,0,"0/75","10/7231",0,1,"",1,""
"BP","GO:0006896","Golgi to vacuole transport",0,16,75,7231,0,"0/75","16/7231",0,1,"",1,""
"BP","GO:0006900","vesicle budding from membrane",0,60,75,7231,0,"0/75","60/7231",0,1,"",1,""
"BP","GO:0006901","vesicle coating",0,28,75,7231,0,"0/75","28/7231",0,1,"",1,""
"BP","GO:0006903","vesicle targeting",0,50,75,7231,0,"0/75","50/7231",0,1,"",1,""
"BP","GO:0006904","vesicle docking involved in exocytosis",0,41,75,7231,0,"0/75","41/7231",0,1,"",1,""
"BP","GO:0006906","vesicle fusion",0,100,75,7231,0,"0/75","100/7231",0,1,"",1,""
"BP","GO:0006907","pinocytosis",0,15,75,7231,0,"0/75","15/7231",0,1,"",1,""
"BP","GO:0006911","phagocytosis, engulfment",0,34,75,7231,0,"0/75","34/7231",0,1,"",1,""
"BP","GO:0006925","inflammatory cell apoptotic process",0,13,75,7231,0,"0/75","13/7231",0,1,"",1,""
"BP","GO:0006929","substrate-dependent cell migration",0,19,75,7231,0,"0/75","19/7231",0,1,"",1,""
"BP","GO:0006941","striated muscle contraction",0,76,75,7231,0,"0/75","76/7231",0,1,"",1,""
"BP","GO:0006942","regulation of striated muscle contraction",0,38,75,7231,0,"0/75","38/7231",0,1,"",1,""
"BP","GO:0006949","syncytium formation",0,25,75,7231,0,"0/75","25/7231",0,1,"",1,""
"BP","GO:0006986","response to unfolded protein",0,60,75,7231,0,"0/75","60/7231",0,1,"",1,""
"BP","GO:0006997","nucleus organization",0,80,75,7231,0,"0/75","80/7231",0,1,"",1,""
"BP","GO:0006998","nuclear envelope organization",0,39,75,7231,0,"0/75","39/7231",0,1,"",1,""
"BP","GO:0006999","nuclear pore organization",0,13,75,7231,0,"0/75","13/7231",0,1,"",1,""
"BP","GO:0007004","telomere maintenance via telomerase",0,42,75,7231,0,"0/75","42/7231",0,1,"",1,""
"BP","GO:0007007","inner mitochondrial membrane organization",0,30,75,7231,0,"0/75","30/7231",0,1,"",1,""
"BP","GO:0007009","plasma membrane organization",0,84,75,7231,0,"0/75","84/7231",0,1,"",1,""
"BP","GO:0007019","microtubule depolymerization",0,36,75,7231,0,"0/75","36/7231",0,1,"",1,""
"BP","GO:0007026","negative regulation of microtubule depolymerization",0,26,75,7231,0,"0/75","26/7231",0,1,"",1,""
"BP","GO:0007029","endoplasmic reticulum organization",0,76,75,7231,0,"0/75","76/7231",0,1,"",1,""
"BP","GO:0007031","peroxisome organization",0,29,75,7231,0,"0/75","29/7231",0,1,"",1,""
"BP","GO:0007032","endosome organization",0,49,75,7231,0,"0/75","49/7231",0,1,"",1,""
"BP","GO:0007033","vacuole organization",0,153,75,7231,0,"0/75","153/7231",0,1,"",1,""
"BP","GO:0007034","vacuolar transport",0,125,75,7231,0,"0/75","125/7231",0,1,"",1,""
"BP","GO:0007035","vacuolar acidification",0,17,75,7231,0,"0/75","17/7231",0,1,"",1,""
"BP","GO:0007039","protein catabolic process in the vacuole",0,16,75,7231,0,"0/75","16/7231",0,1,"",1,""
"BP","GO:0007040","lysosome organization",0,64,75,7231,0,"0/75","64/7231",0,1,"",1,""
"BP","GO:0007041","lysosomal transport",0,96,75,7231,0,"0/75","96/7231",0,1,"",1,""
"BP","GO:0007042","lysosomal lumen acidification",0,10,75,7231,0,"0/75","10/7231",0,1,"",1,""
"BP","GO:0007043","cell-cell junction assembly",0,76,75,7231,0,"0/75","76/7231",0,1,"",1,""
"BP","GO:0007052","mitotic spindle organization",0,71,75,7231,0,"0/75","71/7231",0,1,"",1,""
"BP","GO:0007059","chromosome segregation",0,174,75,7231,0,"0/75","174/7231",0,1,"",1,""
"BP","GO:0007062","sister chromatid cohesion",0,23,75,7231,0,"0/75","23/7231",0,1,"",1,""
"BP","GO:0007064","mitotic sister chromatid cohesion",0,12,75,7231,0,"0/75","12/7231",0,1,"",1,""
"BP","GO:0007080","mitotic metaphase chromosome alignment",0,27,75,7231,0,"0/75","27/7231",0,1,"",1,""
"BP","GO:0007088","regulation of mitotic nuclear division",0,40,75,7231,0,"0/75","40/7231",0,1,"",1,""
"BP","GO:0007091","metaphase/anaphase transition of mitotic cell cycle",0,46,75,7231,0,"0/75","46/7231",0,1,"",1,""
"BP","GO:0007093","mitotic cell cycle checkpoint signaling",0,47,75,7231,0,"0/75","47/7231",0,1,"",1,""
"BP","GO:0007094","mitotic spindle assembly checkpoint signaling",0,13,75,7231,0,"0/75","13/7231",0,1,"",1,""
"BP","GO:0007095","mitotic G2 DNA damage checkpoint signaling",0,10,75,7231,0,"0/75","10/7231",0,1,"",1,""
"BP","GO:0007097","nuclear migration",0,26,75,7231,0,"0/75","26/7231",0,1,"",1,""
"BP","GO:0007127","meiosis I",0,16,75,7231,0,"0/75","16/7231",0,1,"",1,""
"BP","GO:0007156","homophilic cell adhesion via plasma membrane adhesion molecules",0,54,75,7231,0,"0/75","54/7231",0,1,"",1,""
"BP","GO:0007157","heterophilic cell-cell adhesion via plasma membrane cell adhesion molecules",0,27,75,7231,0,"0/75","27/7231",0,1,"",1,""
"BP","GO:0007163","establishment or maintenance of cell polarity",0,142,75,7231,0,"0/75","142/7231",0,1,"",1,""
"BP","GO:0007164","establishment of tissue polarity",0,19,75,7231,0,"0/75","19/7231",0,1,"",1,""
"BP","GO:0007173","epidermal growth factor receptor signaling pathway",0,60,75,7231,0,"0/75","60/7231",0,1,"",1,""
"BP","GO:0007176","regulation of epidermal growth factor-activated receptor activity",0,13,75,7231,0,"0/75","13/7231",0,1,"",1,""
"BP","GO:0007179","transforming growth factor beta receptor signaling pathway",0,82,75,7231,0,"0/75","82/7231",0,1,"",1,""
"BP","GO:0007213","G protein-coupled acetylcholine receptor signaling pathway",0,15,75,7231,0,"0/75","15/7231",0,1,"",1,""
"BP","GO:0007214","gamma-aminobutyric acid signaling pathway",0,23,75,7231,0,"0/75","23/7231",0,1,"",1,""
"BP","GO:0007215","glutamate receptor signaling pathway",0,41,75,7231,0,"0/75","41/7231",0,1,"",1,""
"BP","GO:0007216","G protein-coupled glutamate receptor signaling pathway",0,12,75,7231,0,"0/75","12/7231",0,1,"",1,""
"BP","GO:0007219","Notch signaling pathway",0,66,75,7231,0,"0/75","66/7231",0,1,"",1,""
"BP","GO:0007224","smoothened signaling pathway",0,54,75,7231,0,"0/75","54/7231",0,1,"",1,""
"BP","GO:0007229","integrin-mediated signaling pathway",0,57,75,7231,0,"0/75","57/7231",0,1,"",1,""
"BP","GO:0007252","I-kappaB phosphorylation",0,12,75,7231,0,"0/75","12/7231",0,1,"",1,""
"BP","GO:0007254","JNK cascade",0,81,75,7231,0,"0/75","81/7231",0,1,"",1,""
"BP","GO:0007259","receptor signaling pathway via JAK-STAT",0,53,75,7231,0,"0/75","53/7231",0,1,"",1,""
"BP","GO:0007260","tyrosine phosphorylation of STAT protein",0,23,75,7231,0,"0/75","23/7231",0,1,"",1,""
"BP","GO:0007263","nitric oxide mediated signal transduction",0,17,75,7231,0,"0/75","17/7231",0,1,"",1,""
"BP","GO:0007264","small GTPase mediated signal transduction",0,273,75,7231,0,"0/75","273/7231",0,1,"",1,""
"BP","GO:0007265","Ras protein signal transduction",0,211,75,7231,0,"0/75","211/7231",0,1,"",1,""
"BP","GO:0007266","Rho protein signal transduction",0,77,75,7231,0,"0/75","77/7231",0,1,"",1,""
"BP","GO:0007272","ensheathment of neurons",0,106,75,7231,0,"0/75","106/7231",0,1,"",1,""
"BP","GO:0007274","neuromuscular synaptic transmission",0,16,75,7231,0,"0/75","16/7231",0,1,"",1,""
"BP","GO:0007281","germ cell development",0,113,75,7231,0,"0/75","113/7231",0,1,"",1,""
"BP","GO:0007286","spermatid development",0,60,75,7231,0,"0/75","60/7231",0,1,"",1,""
"BP","GO:0007289","spermatid nucleus differentiation",0,10,75,7231,0,"0/75","10/7231",0,1,"",1,""
"BP","GO:0007292","female gamete generation",0,48,75,7231,0,"0/75","48/7231",0,1,"",1,""
"BP","GO:0007346","regulation of mitotic cell cycle",0,227,75,7231,0,"0/75","227/7231",0,1,"",1,""
"BP","GO:0007368","determination of left/right symmetry",0,28,75,7231,0,"0/75","28/7231",0,1,"",1,""
"BP","GO:0007369","gastrulation",0,75,75,7231,0,"0/75","75/7231",0,1,"",1,""
"BP","GO:0007389","pattern specification process",0,109,75,7231,0,"0/75","109/7231",0,1,"",1,""
"BP","GO:0007405","neuroblast proliferation",0,43,75,7231,0,"0/75","43/7231",0,1,"",1,""
"BP","GO:0007409","axonogenesis",0,317,75,7231,0,"0/75","317/7231",0,1,"",1,""
"BP","GO:0007411","axon guidance",0,131,75,7231,0,"0/75","131/7231",0,1,"",1,""
"BP","GO:0007413","axonal fasciculation",0,18,75,7231,0,"0/75","18/7231",0,1,"",1,""
"BP","GO:0007416","synapse assembly",0,165,75,7231,0,"0/75","165/7231",0,1,"",1,""
"BP","GO:0007422","peripheral nervous system development",0,43,75,7231,0,"0/75","43/7231",0,1,"",1,""
"BP","GO:0007431","salivary gland development",0,12,75,7231,0,"0/75","12/7231",0,1,"",1,""
"BP","GO:0007435","salivary gland morphogenesis",0,11,75,7231,0,"0/75","11/7231",0,1,"",1,""
"BP","GO:0007492","endoderm development",0,29,75,7231,0,"0/75","29/7231",0,1,"",1,""
"BP","GO:0007498","mesoderm development",0,36,75,7231,0,"0/75","36/7231",0,1,"",1,""
"BP","GO:0007520","myoblast fusion",0,18,75,7231,0,"0/75","18/7231",0,1,"",1,""
"BP","GO:0007549","dosage compensation",0,16,75,7231,0,"0/75","16/7231",0,1,"",1,""
"BP","GO:0007566","embryo implantation",0,22,75,7231,0,"0/75","22/7231",0,1,"",1,""
"BP","GO:0007584","response to nutrient",0,36,75,7231,0,"0/75","36/7231",0,1,"",1,""
"BP","GO:0007585","respiratory gaseous exchange by respiratory system",0,31,75,7231,0,"0/75","31/7231",0,1,"",1,""
"BP","GO:0007589","body fluid secretion",0,39,75,7231,0,"0/75","39/7231",0,1,"",1,""
"BP","GO:0007595","lactation",0,15,75,7231,0,"0/75","15/7231",0,1,"",1,""
"BP","GO:0007601","visual perception",0,39,75,7231,0,"0/75","39/7231",0,1,"",1,""
"BP","GO:0007606","sensory perception of chemical stimulus",0,21,75,7231,0,"0/75","21/7231",0,1,"",1,""
"BP","GO:0007608","sensory perception of smell",0,13,75,7231,0,"0/75","13/7231",0,1,"",1,""
"BP","GO:0007612","learning",0,131,75,7231,0,"0/75","131/7231",0,1,"",1,""
"BP","GO:0007613","memory",0,100,75,7231,0,"0/75","100/7231",0,1,"",1,""
"BP","GO:0007616","long-term memory",0,26,75,7231,0,"0/75","26/7231",0,1,"",1,""
"BP","GO:0007625","grooming behavior",0,13,75,7231,0,"0/75","13/7231",0,1,"",1,""
"BP","GO:0007628","adult walking behavior",0,32,75,7231,0,"0/75","32/7231",0,1,"",1,""
"BP","GO:0007632","visual behavior",0,50,75,7231,0,"0/75","50/7231",0,1,"",1,""
"MF","GO:0008013","beta-catenin binding",0,54,72,7153,0,"0/72","54/7153",0,1,"",1,""
"BP","GO:0008016","regulation of heart contraction",0,83,75,7231,0,"0/75","83/7231",0,1,"",1,""
"MF","GO:0008017","microtubule binding",0,137,72,7153,0,"0/72","137/7153",0,1,"",1,""
"CC","GO:0008023","transcription elongation factor complex",0,28,75,7294,0,"0/75","28/7294",0,1,"",1,""
"MF","GO:0008028","monocarboxylic acid transmembrane transporter activity",0,26,72,7153,0,"0/72","26/7153",0,1,"",1,""
"BP","GO:0008038","neuron recognition",0,33,75,7231,0,"0/75","33/7231",0,1,"",1,""
"BP","GO:0008045","motor neuron axon guidance",0,14,75,7231,0,"0/75","14/7231",0,1,"",1,""
"BP","GO:0008053","mitochondrial fusion",0,26,75,7231,0,"0/75","26/7231",0,1,"",1,""
"MF","GO:0008066","glutamate receptor activity",0,22,72,7153,0,"0/72","22/7153",0,1,"",1,""
"CC","GO:0008076","voltage-gated potassium channel complex",0,45,75,7294,0,"0/75","45/7294",0,1,"",1,""
"MF","GO:0008080","N-acetyltransferase activity",0,31,72,7153,0,"0/72","31/7153",0,1,"",1,""
"MF","GO:0008083","growth factor activity",0,23,72,7153,0,"0/72","23/7153",0,1,"",1,""
"BP","GO:0008090","retrograde axonal transport",0,21,75,7231,0,"0/75","21/7231",0,1,"",1,""
"MF","GO:0008093","cytoskeletal anchor activity",0,10,72,7153,0,"0/72","10/7153",0,1,"",1,""
"MF","GO:0008094","ATP-dependent activity, acting on DNA",0,38,72,7153,0,"0/72","38/7153",0,1,"",1,""
"MF","GO:0008097","5S rRNA binding",0,11,72,7153,0,"0/72","11/7153",0,1,"",1,""
"MF","GO:0008106","alcohol dehydrogenase (NADP+) activity",0,11,72,7153,0,"0/72","11/7153",0,1,"",1,""
"MF","GO:0008135","translation factor activity, RNA binding",0,68,72,7153,0,"0/72","68/7153",0,1,"",1,""
"MF","GO:0008137","NADH dehydrogenase (ubiquinone) activity",0,16,72,7153,0,"0/72","16/7153",0,1,"",1,""
"MF","GO:0008138","protein tyrosine/serine/threonine phosphatase activity",0,19,72,7153,0,"0/72","19/7153",0,1,"",1,""
"MF","GO:0008139","nuclear localization sequence binding",0,20,72,7153,0,"0/72","20/7153",0,1,"",1,""
"MF","GO:0008143","poly(A) binding",0,16,72,7153,0,"0/72","16/7153",0,1,"",1,""
"MF","GO:0008157","protein phosphatase 1 binding",0,16,72,7153,0,"0/72","16/7153",0,1,"",1,""
"MF","GO:0008170","N-methyltransferase activity",0,41,72,7153,0,"0/72","41/7153",0,1,"",1,""
"CC","GO:0008180","COP9 signalosome",0,27,75,7294,0,"0/75","27/7294",0,1,"",1,""
"MF","GO:0008186","ATP-dependent activity, acting on RNA",0,38,72,7153,0,"0/72","38/7153",0,1,"",1,""
"MF","GO:0008187","poly-pyrimidine tract binding",0,19,72,7153,0,"0/72","19/7153",0,1,"",1,""
"MF","GO:0008198","ferrous iron binding",0,16,72,7153,0,"0/72","16/7153",0,1,"",1,""
"MF","GO:0008200","ion channel inhibitor activity",0,24,72,7153,0,"0/72","24/7153",0,1,"",1,""
"BP","GO:0008206","bile acid metabolic process",0,10,75,7231,0,"0/75","10/7231",0,1,"",1,""
"BP","GO:0008207","C21-steroid hormone metabolic process",0,10,75,7231,0,"0/75","10/7231",0,1,"",1,""
"BP","GO:0008211","glucocorticoid metabolic process",0,11,75,7231,0,"0/75","11/7231",0,1,"",1,""
"BP","GO:0008213","protein alkylation",0,51,75,7231,0,"0/75","51/7231",0,1,"",1,""
"BP","GO:0008217","regulation of blood pressure",0,72,75,7231,0,"0/75","72/7231",0,1,"",1,""
"MF","GO:0008235","metalloexopeptidase activity",0,31,72,7153,0,"0/72","31/7153",0,1,"",1,""
"MF","GO:0008236","serine-type peptidase activity",0,43,72,7153,0,"0/72","43/7153",0,1,"",1,""
"MF","GO:0008237","metallopeptidase activity",0,67,72,7153,0,"0/72","67/7153",0,1,"",1,""
"MF","GO:0008238","exopeptidase activity",0,52,72,7153,0,"0/72","52/7153",0,1,"",1,""
"CC","GO:0008250","oligosaccharyltransferase complex",0,12,75,7294,0,"0/75","12/7294",0,1,"",1,""
"MF","GO:0008252","nucleotidase activity",0,10,72,7153,0,"0/72","10/7153",0,1,"",1,""
"MF","GO:0008266","poly(U) RNA binding",0,16,72,7153,0,"0/72","16/7153",0,1,"",1,""
"MF","GO:0008276","protein methyltransferase activity",0,41,72,7153,0,"0/72","41/7153",0,1,"",1,""
"BP","GO:0008277","regulation of G protein-coupled receptor signaling pathway",0,77,75,7231,0,"0/75","77/7231",0,1,"",1,""
"CC","GO:0008287","protein serine/threonine phosphatase complex",0,37,75,7294,0,"0/75","37/7294",0,1,"",1,""
"BP","GO:0008299","isoprenoid biosynthetic process",0,17,75,7231,0,"0/75","17/7231",0,1,"",1,""
"CC","GO:0008305","integrin complex",0,14,75,7294,0,"0/75","14/7294",0,1,"",1,""
"BP","GO:0008306","associative learning",0,80,75,7231,0,"0/75","80/7231",0,1,"",1,""
"MF","GO:0008307","structural constituent of muscle",0,11,72,7153,0,"0/72","11/7153",0,1,"",1,""
"MF","GO:0008308","voltage-gated monoatomic anion channel activity",0,10,72,7153,0,"0/72","10/7153",0,1,"",1,""
"MF","GO:0008320","protein transmembrane transporter activity",0,19,72,7153,0,"0/72","19/7153",0,1,"",1,""
"MF","GO:0008327","methyl-CpG binding",0,10,72,7153,0,"0/72","10/7153",0,1,"",1,""
"CC","GO:0008328","ionotropic glutamate receptor complex",0,36,75,7294,0,"0/75","36/7294",0,1,"",1,""
"BP","GO:0008333","endosome to lysosome transport",0,59,75,7231,0,"0/75","59/7231",0,1,"",1,""
"BP","GO:0008334","histone mRNA metabolic process",0,14,75,7231,0,"0/75","14/7231",0,1,"",1,""
"BP","GO:0008340","determination of adult lifespan",0,24,75,7231,0,"0/75","24/7231",0,1,"",1,""
"BP","GO:0008344","adult locomotory behavior",0,72,75,7231,0,"0/75","72/7231",0,1,"",1,""
"BP","GO:0008347","glial cell migration",0,49,75,7231,0,"0/75","49/7231",0,1,"",1,""
"BP","GO:0008360","regulation of cell shape",0,102,75,7231,0,"0/75","102/7231",0,1,"",1,""
"BP","GO:0008361","regulation of cell size",0,149,75,7231,0,"0/75","149/7231",0,1,"",1,""
"BP","GO:0008366","axon ensheathment",0,106,75,7231,0,"0/75","106/7231",0,1,"",1,""
"MF","GO:0008374","O-acyltransferase activity",0,33,72,7153,0,"0/72","33/7153",0,1,"",1,""
"MF","GO:0008375","acetylglucosaminyltransferase activity",0,11,72,7153,0,"0/72","11/7153",0,1,"",1,""
"BP","GO:0008380","RNA splicing",0,291,75,7231,0,"0/75","291/7231",0,1,"",1,""
"MF","GO:0008474","palmitoyl-(protein) hydrolase activity",0,10,72,7153,0,"0/72","10/7153",0,1,"",1,""
"MF","GO:0008483","transaminase activity",0,17,72,7153,0,"0/72","17/7153",0,1,"",1,""
"MF","GO:0008509","monoatomic anion transmembrane transporter activity",0,75,72,7153,0,"0/72","75/7153",0,1,"",1,""
"MF","GO:0008514","organic anion transmembrane transporter activity",0,109,72,7153,0,"0/72","109/7153",0,1,"",1,""
"MF","GO:0008525","phosphatidylcholine transporter activity",0,13,72,7153,0,"0/72","13/7153",0,1,"",1,""
"MF","GO:0008526","phosphatidylinositol transfer activity",0,10,72,7153,0,"0/72","10/7153",0,1,"",1,""
"BP","GO:0008535","respiratory chain complex IV assembly",0,20,75,7231,0,"0/75","20/7231",0,1,"",1,""
"CC","GO:0008540","proteasome regulatory particle, base subcomplex",0,12,75,7294,0,"0/75","12/7294",0,1,"",1,""
"BP","GO:0008542","visual learning",0,48,75,7231,0,"0/75","48/7231",0,1,"",1,""
"BP","GO:0008543","fibroblast growth factor receptor signaling pathway",0,25,75,7231,0,"0/75","25/7231",0,1,"",1,""
"BP","GO:0008585","female gonad development",0,38,75,7231,0,"0/75","38/7231",0,1,"",1,""
"BP","GO:0008589","regulation of smoothened signaling pathway",0,35,75,7231,0,"0/75","35/7231",0,1,"",1,""
"BP","GO:0008593","regulation of Notch signaling pathway",0,33,75,7231,0,"0/75","33/7231",0,1,"",1,""
"BP","GO:0008608","attachment of spindle microtubules to kinetochore",0,15,75,7231,0,"0/75","15/7231",0,1,"",1,""
"BP","GO:0008625","extrinsic apoptotic signaling pathway via death domain receptors",0,42,75,7231,0,"0/75","42/7231",0,1,"",1,""
"BP","GO:0008631","intrinsic apoptotic signaling pathway in response to oxidative stress",0,37,75,7231,0,"0/75","37/7231",0,1,"",1,""
"BP","GO:0008643","carbohydrate transport",0,67,75,7231,0,"0/75","67/7231",0,1,"",1,""
"BP","GO:0008645","hexose transmembrane transport",0,56,75,7231,0,"0/75","56/7231",0,1,"",1,""
"BP","GO:0008652","amino acid biosynthetic process",0,47,75,7231,0,"0/75","47/7231",0,1,"",1,""
"BP","GO:0009048","dosage compensation by inactivation of X chromosome",0,14,75,7231,0,"0/75","14/7231",0,1,"",1,""
"MF","GO:0009055","electron transfer activity",0,41,72,7153,0,"0/72","41/7153",0,1,"",1,""
"BP","GO:0009060","aerobic respiration",0,153,75,7231,0,"0/75","153/7231",0,1,"",1,""
"BP","GO:0009062","fatty acid catabolic process",0,71,75,7231,0,"0/75","71/7231",0,1,"",1,""
"BP","GO:0009063","amino acid catabolic process",0,57,75,7231,0,"0/75","57/7231",0,1,"",1,""
"BP","GO:0009064","glutamine family amino acid metabolic process",0,46,75,7231,0,"0/75","46/7231",0,1,"",1,""
"BP","GO:0009065","glutamine family amino acid catabolic process",0,18,75,7231,0,"0/75","18/7231",0,1,"",1,""
"BP","GO:0009066","aspartate family amino acid metabolic process",0,24,75,7231,0,"0/75","24/7231",0,1,"",1,""
"BP","GO:0009067","aspartate family amino acid biosynthetic process",0,14,75,7231,0,"0/75","14/7231",0,1,"",1,""
"BP","GO:0009069","serine family amino acid metabolic process",0,24,75,7231,0,"0/75","24/7231",0,1,"",1,""
"BP","GO:0009070","serine family amino acid biosynthetic process",0,11,75,7231,0,"0/75","11/7231",0,1,"",1,""
"BP","GO:0009081","branched-chain amino acid metabolic process",0,21,75,7231,0,"0/75","21/7231",0,1,"",1,""
"BP","GO:0009083","branched-chain amino acid catabolic process",0,19,75,7231,0,"0/75","19/7231",0,1,"",1,""
"BP","GO:0009084","glutamine family amino acid biosynthetic process",0,10,75,7231,0,"0/75","10/7231",0,1,"",1,""
"BP","GO:0009112","nucleobase metabolic process",0,27,75,7231,0,"0/75","27/7231",0,1,"",1,""
"BP","GO:0009116","nucleoside metabolic process",0,29,75,7231,0,"0/75","29/7231",0,1,"",1,""
"BP","GO:0009119","ribonucleoside metabolic process",0,21,75,7231,0,"0/75","21/7231",0,1,"",1,""
"BP","GO:0009123","nucleoside monophosphate metabolic process",0,52,75,7231,0,"0/75","52/7231",0,1,"",1,""
"BP","GO:0009124","nucleoside monophosphate biosynthetic process",0,37,75,7231,0,"0/75","37/7231",0,1,"",1,""
"BP","GO:0009125","nucleoside monophosphate catabolic process",0,17,75,7231,0,"0/75","17/7231",0,1,"",1,""
"BP","GO:0009126","purine nucleoside monophosphate metabolic process",0,34,75,7231,0,"0/75","34/7231",0,1,"",1,""
"BP","GO:0009127","purine nucleoside monophosphate biosynthetic process",0,23,75,7231,0,"0/75","23/7231",0,1,"",1,""
"BP","GO:0009128","purine nucleoside monophosphate catabolic process",0,11,75,7231,0,"0/75","11/7231",0,1,"",1,""
"BP","GO:0009129","pyrimidine nucleoside monophosphate metabolic process",0,17,75,7231,0,"0/75","17/7231",0,1,"",1,""
"BP","GO:0009130","pyrimidine nucleoside monophosphate biosynthetic process",0,12,75,7231,0,"0/75","12/7231",0,1,"",1,""
"BP","GO:0009132","nucleoside diphosphate metabolic process",0,25,75,7231,0,"0/75","25/7231",0,1,"",1,""
"BP","GO:0009133","nucleoside diphosphate biosynthetic process",0,11,75,7231,0,"0/75","11/7231",0,1,"",1,""
"BP","GO:0009134","nucleoside diphosphate catabolic process",0,10,75,7231,0,"0/75","10/7231",0,1,"",1,""
"BP","GO:0009135","purine nucleoside diphosphate metabolic process",0,11,75,7231,0,"0/75","11/7231",0,1,"",1,""
"BP","GO:0009142","nucleoside triphosphate biosynthetic process",0,99,75,7231,0,"0/75","99/7231",0,1,"",1,""
"BP","GO:0009145","purine nucleoside triphosphate biosynthetic process",0,89,75,7231,0,"0/75","89/7231",0,1,"",1,""
"BP","GO:0009147","pyrimidine nucleoside triphosphate metabolic process",0,14,75,7231,0,"0/75","14/7231",0,1,"",1,""
"BP","GO:0009148","pyrimidine nucleoside triphosphate biosynthetic process",0,12,75,7231,0,"0/75","12/7231",0,1,"",1,""
"BP","GO:0009151","purine deoxyribonucleotide metabolic process",0,16,75,7231,0,"0/75","16/7231",0,1,"",1,""
"BP","GO:0009152","purine ribonucleotide biosynthetic process",0,156,75,7231,0,"0/75","156/7231",0,1,"",1,""
"BP","GO:0009154","purine ribonucleotide catabolic process",0,30,75,7231,0,"0/75","30/7231",0,1,"",1,""
"BP","GO:0009155","purine deoxyribonucleotide catabolic process",0,10,75,7231,0,"0/75","10/7231",0,1,"",1,""
"BP","GO:0009156","ribonucleoside monophosphate biosynthetic process",0,32,75,7231,0,"0/75","32/7231",0,1,"",1,""
"BP","GO:0009158","ribonucleoside monophosphate catabolic process",0,15,75,7231,0,"0/75","15/7231",0,1,"",1,""
"BP","GO:0009159","deoxyribonucleoside monophosphate catabolic process",0,13,75,7231,0,"0/75","13/7231",0,1,"",1,""
"BP","GO:0009161","ribonucleoside monophosphate metabolic process",0,45,75,7231,0,"0/75","45/7231",0,1,"",1,""
"BP","GO:0009162","deoxyribonucleoside monophosphate metabolic process",0,20,75,7231,0,"0/75","20/7231",0,1,"",1,""
"BP","GO:0009163","nucleoside biosynthetic process",0,12,75,7231,0,"0/75","12/7231",0,1,"",1,""
"BP","GO:0009164","nucleoside catabolic process",0,10,75,7231,0,"0/75","10/7231",0,1,"",1,""
"BP","GO:0009166","nucleotide catabolic process",0,48,75,7231,0,"0/75","48/7231",0,1,"",1,""
"BP","GO:0009167","purine ribonucleoside monophosphate metabolic process",0,32,75,7231,0,"0/75","32/7231",0,1,"",1,""
"BP","GO:0009168","purine ribonucleoside monophosphate biosynthetic process",0,22,75,7231,0,"0/75","22/7231",0,1,"",1,""
"BP","GO:0009169","purine ribonucleoside monophosphate catabolic process",0,10,75,7231,0,"0/75","10/7231",0,1,"",1,""
"BP","GO:0009170","purine deoxyribonucleoside monophosphate metabolic process",0,10,75,7231,0,"0/75","10/7231",0,1,"",1,""
"BP","GO:0009173","pyrimidine ribonucleoside monophosphate metabolic process",0,12,75,7231,0,"0/75","12/7231",0,1,"",1,""
"BP","GO:0009176","pyrimidine deoxyribonucleoside monophosphate metabolic process",0,11,75,7231,0,"0/75","11/7231",0,1,"",1,""
"BP","GO:0009179","purine ribonucleoside diphosphate metabolic process",0,11,75,7231,0,"0/75","11/7231",0,1,"",1,""
"BP","GO:0009185","ribonucleoside diphosphate metabolic process",0,20,75,7231,0,"0/75","20/7231",0,1,"",1,""
"BP","GO:0009187","cyclic nucleotide metabolic process",0,18,75,7231,0,"0/75","18/7231",0,1,"",1,""
"BP","GO:0009190","cyclic nucleotide biosynthetic process",0,10,75,7231,0,"0/75","10/7231",0,1,"",1,""
"BP","GO:0009200","deoxyribonucleoside triphosphate metabolic process",0,11,75,7231,0,"0/75","11/7231",0,1,"",1,""
"BP","GO:0009201","ribonucleoside triphosphate biosynthetic process",0,93,75,7231,0,"0/75","93/7231",0,1,"",1,""
"BP","GO:0009206","purine ribonucleoside triphosphate biosynthetic process",0,88,75,7231,0,"0/75","88/7231",0,1,"",1,""
"BP","GO:0009208","pyrimidine ribonucleoside triphosphate metabolic process",0,10,75,7231,0,"0/75","10/7231",0,1,"",1,""
"BP","GO:0009215","purine deoxyribonucleoside triphosphate metabolic process",0,10,75,7231,0,"0/75","10/7231",0,1,"",1,""
"BP","GO:0009218","pyrimidine ribonucleotide metabolic process",0,21,75,7231,0,"0/75","21/7231",0,1,"",1,""
"BP","GO:0009219","pyrimidine deoxyribonucleotide metabolic process",0,15,75,7231,0,"0/75","15/7231",0,1,"",1,""
"BP","GO:0009220","pyrimidine ribonucleotide biosynthetic process",0,15,75,7231,0,"0/75","15/7231",0,1,"",1,""
"BP","GO:0009225","nucleotide-sugar metabolic process",0,27,75,7231,0,"0/75","27/7231",0,1,"",1,""
"BP","GO:0009226","nucleotide-sugar biosynthetic process",0,17,75,7231,0,"0/75","17/7231",0,1,"",1,""
"BP","GO:0009247","glycolipid biosynthetic process",0,21,75,7231,0,"0/75","21/7231",0,1,"",1,""
"BP","GO:0009250","glucan biosynthetic process",0,28,75,7231,0,"0/75","28/7231",0,1,"",1,""
"BP","GO:0009251","glucan catabolic process",0,16,75,7231,0,"0/75","16/7231",0,1,"",1,""
"BP","GO:0009260","ribonucleotide biosynthetic process",0,168,75,7231,0,"0/75","168/7231",0,1,"",1,""
"BP","GO:0009261","ribonucleotide catabolic process",0,36,75,7231,0,"0/75","36/7231",0,1,"",1,""
"BP","GO:0009262","deoxyribonucleotide metabolic process",0,33,75,7231,0,"0/75","33/7231",0,1,"",1,""
"BP","GO:0009263","deoxyribonucleotide biosynthetic process",0,13,75,7231,0,"0/75","13/7231",0,1,"",1,""
"BP","GO:0009264","deoxyribonucleotide catabolic process",0,17,75,7231,0,"0/75","17/7231",0,1,"",1,""
"BP","GO:0009265","2'-deoxyribonucleotide biosynthetic process",0,13,75,7231,0,"0/75","13/7231",0,1,"",1,""
"BP","GO:0009266","response to temperature stimulus",0,85,75,7231,0,"0/75","85/7231",0,1,"",1,""
"BP","GO:0009268","response to pH",0,20,75,7231,0,"0/75","20/7231",0,1,"",1,""
"CC","GO:0009295","nucleoid",0,33,75,7294,0,"0/75","33/7294",0,1,"",1,""
"BP","GO:0009299","mRNA transcription",0,20,75,7231,0,"0/75","20/7231",0,1,"",1,""
"BP","GO:0009303","rRNA transcription",0,19,75,7231,0,"0/75","19/7231",0,1,"",1,""
"BP","GO:0009308","amine metabolic process",0,51,75,7231,0,"0/75","51/7231",0,1,"",1,""
"BP","GO:0009309","amine biosynthetic process",0,12,75,7231,0,"0/75","12/7231",0,1,"",1,""
"BP","GO:0009311","oligosaccharide metabolic process",0,19,75,7231,0,"0/75","19/7231",0,1,"",1,""
"BP","GO:0009313","oligosaccharide catabolic process",0,10,75,7231,0,"0/75","10/7231",0,1,"",1,""
"BP","GO:0009394","2'-deoxyribonucleotide metabolic process",0,32,75,7231,0,"0/75","32/7231",0,1,"",1,""
"BP","GO:0009395","phospholipid catabolic process",0,29,75,7231,0,"0/75","29/7231",0,1,"",1,""
"BP","GO:0009408","response to heat",0,50,75,7231,0,"0/75","50/7231",0,1,"",1,""
"BP","GO:0009409","response to cold",0,25,75,7231,0,"0/75","25/7231",0,1,"",1,""
"BP","GO:0009437","carnitine metabolic process",0,10,75,7231,0,"0/75","10/7231",0,1,"",1,""
"BP","GO:0009581","detection of external stimulus",0,37,75,7231,0,"0/75","37/7231",0,1,"",1,""
"BP","GO:0009582","detection of abiotic stimulus",0,37,75,7231,0,"0/75","37/7231",0,1,"",1,""
"BP","GO:0009583","detection of light stimulus",0,13,75,7231,0,"0/75","13/7231",0,1,"",1,""
"BP","GO:0009612","response to mechanical stimulus",0,77,75,7231,0,"0/75","77/7231",0,1,"",1,""
"BP","GO:0009615","response to virus",0,134,75,7231,0,"0/75","134/7231",0,1,"",1,""
"BP","GO:0009649","entrainment of circadian clock",0,10,75,7231,0,"0/75","10/7231",0,1,"",1,""
"BP","GO:0009651","response to salt stress",0,12,75,7231,0,"0/75","12/7231",0,1,"",1,""
"BP","GO:0009712","catechol-containing compound metabolic process",0,28,75,7231,0,"0/75","28/7231",0,1,"",1,""
"BP","GO:0009743","response to carbohydrate",0,117,75,7231,0,"0/75","117/7231",0,1,"",1,""
"BP","GO:0009746","response to hexose",0,109,75,7231,0,"0/75","109/7231",0,1,"",1,""
"BP","GO:0009749","response to glucose",0,108,75,7231,0,"0/75","108/7231",0,1,"",1,""
"BP","GO:0009755","hormone-mediated signaling pathway",0,74,75,7231,0,"0/75","74/7231",0,1,"",1,""
"BP","GO:0009791","post-embryonic development",0,52,75,7231,0,"0/75","52/7231",0,1,"",1,""
"BP","GO:0009798","axis specification",0,24,75,7231,0,"0/75","24/7231",0,1,"",1,""
"BP","GO:0009799","specification of symmetry",0,32,75,7231,0,"0/75","32/7231",0,1,"",1,""
"BP","GO:0009855","determination of bilateral symmetry",0,32,75,7231,0,"0/75","32/7231",0,1,"",1,""
"BP","GO:0009880","embryonic pattern specification",0,20,75,7231,0,"0/75","20/7231",0,1,"",1,""
"BP","GO:0009914","hormone transport",0,193,75,7231,0,"0/75","193/7231",0,1,"",1,""
"CC","GO:0009925","basal plasma membrane",0,153,75,7294,0,"0/75","153/7294",0,1,"",1,""
"MF","GO:0009931","calcium-dependent protein serine/threonine kinase activity",0,16,72,7153,0,"0/72","16/7153",0,1,"",1,""
"BP","GO:0009948","anterior/posterior axis specification",0,14,75,7231,0,"0/75","14/7231",0,1,"",1,""
"BP","GO:0009952","anterior/posterior pattern specification",0,50,75,7231,0,"0/75","50/7231",0,1,"",1,""
"BP","GO:0009953","dorsal/ventral pattern formation",0,25,75,7231,0,"0/75","25/7231",0,1,"",1,""
"MF","GO:0009975","cyclase activity",0,14,72,7153,0,"0/72","14/7153",0,1,"",1,""
"BP","GO:0009994","oocyte differentiation",0,22,75,7231,0,"0/75","22/7231",0,1,"",1,""
"BP","GO:0010043","response to zinc ion",0,19,75,7231,0,"0/75","19/7231",0,1,"",1,""
"BP","GO:0010155","regulation of proton transport",0,17,75,7231,0,"0/75","17/7231",0,1,"",1,""
"BP","GO:0010171","body morphogenesis",0,25,75,7231,0,"0/75","25/7231",0,1,"",1,""
"BP","GO:0010232","vascular transport",0,13,75,7231,0,"0/75","13/7231",0,1,"",1,""
"BP","GO:0010257","NADH dehydrogenase complex assembly",0,57,75,7231,0,"0/75","57/7231",0,1,"",1,""
"MF","GO:0010314","phosphatidylinositol-5-phosphate binding",0,11,72,7153,0,"0/72","11/7153",0,1,"",1,""
"BP","GO:0010324","membrane invagination",0,46,75,7231,0,"0/75","46/7231",0,1,"",1,""
"BP","GO:0010389","regulation of G2/M transition of mitotic cell cycle",0,40,75,7231,0,"0/75","40/7231",0,1,"",1,""
"BP","GO:0010453","regulation of cell fate commitment",0,15,75,7231,0,"0/75","15/7231",0,1,"",1,""
"BP","GO:0010458","exit from mitosis",0,15,75,7231,0,"0/75","15/7231",0,1,"",1,""
"BP","GO:0010463","mesenchymal cell proliferation",0,12,75,7231,0,"0/75","12/7231",0,1,"",1,""
"BP","GO:0010464","regulation of mesenchymal cell proliferation",0,11,75,7231,0,"0/75","11/7231",0,1,"",1,""
"BP","GO:0010469","regulation of signaling receptor activity",0,82,75,7231,0,"0/75","82/7231",0,1,"",1,""
"CC","GO:0010494","cytoplasmic stress granule",0,57,75,7294,0,"0/75","57/7294",0,1,"",1,""
"BP","GO:0010517","regulation of phospholipase activity",0,28,75,7231,0,"0/75","28/7231",0,1,"",1,""
"BP","GO:0010518","positive regulation of phospholipase activity",0,20,75,7231,0,"0/75","20/7231",0,1,"",1,""
"BP","GO:0010522","regulation of calcium ion transport into cytosol",0,11,75,7231,0,"0/75","11/7231",0,1,"",1,""
"BP","GO:0010560","positive regulation of glycoprotein biosynthetic process",0,11,75,7231,0,"0/75","11/7231",0,1,"",1,""
"BP","GO:0010564","regulation of cell cycle process",0,310,75,7231,0,"0/75","310/7231",0,1,"",1,""
"BP","GO:0010565","regulation of cellular ketone metabolic process",0,68,75,7231,0,"0/75","68/7231",0,1,"",1,""
"BP","GO:0010569","regulation of double-strand break repair via homologous recombination",0,30,75,7231,0,"0/75","30/7231",0,1,"",1,""
"BP","GO:0010592","positive regulation of lamellipodium assembly",0,21,75,7231,0,"0/75","21/7231",0,1,"",1,""
"BP","GO:0010595","positive regulation of endothelial cell migration",0,47,75,7231,0,"0/75","47/7231",0,1,"",1,""
"BP","GO:0010611","regulation of cardiac muscle hypertrophy",0,43,75,7231,0,"0/75","43/7231",0,1,"",1,""
"BP","GO:0010613","positive regulation of cardiac muscle hypertrophy",0,26,75,7231,0,"0/75","26/7231",0,1,"",1,""
"BP","GO:0010614","negative regulation of cardiac muscle hypertrophy",0,16,75,7231,0,"0/75","16/7231",0,1,"",1,""
"BP","GO:0010634","positive regulation of epithelial cell migration",0,77,75,7231,0,"0/75","77/7231",0,1,"",1,""
"BP","GO:0010635","regulation of mitochondrial fusion",0,11,75,7231,0,"0/75","11/7231",0,1,"",1,""
"BP","GO:0010640","regulation of platelet-derived growth factor receptor signaling pathway",0,16,75,7231,0,"0/75","16/7231",0,1,"",1,""
"BP","GO:0010642","negative regulation of platelet-derived growth factor receptor signaling pathway",0,10,75,7231,0,"0/75","10/7231",0,1,"",1,""
"BP","GO:0010644","cell communication by electrical coupling",0,12,75,7231,0,"0/75","12/7231",0,1,"",1,""
"BP","GO:0010656","negative regulation of muscle cell apoptotic process",0,36,75,7231,0,"0/75","36/7231",0,1,"",1,""
"BP","GO:0010660","regulation of muscle cell apoptotic process",0,57,75,7231,0,"0/75","57/7231",0,1,"",1,""
"BP","GO:0010661","positive regulation of muscle cell apoptotic process",0,22,75,7231,0,"0/75","22/7231",0,1,"",1,""
"BP","GO:0010662","regulation of striated muscle cell apoptotic process",0,36,75,7231,0,"0/75","36/7231",0,1,"",1,""
"BP","GO:0010663","positive regulation of striated muscle cell apoptotic process",0,15,75,7231,0,"0/75","15/7231",0,1,"",1,""
"BP","GO:0010664","negative regulation of striated muscle cell apoptotic process",0,22,75,7231,0,"0/75","22/7231",0,1,"",1,""
"BP","GO:0010665","regulation of cardiac muscle cell apoptotic process",0,34,75,7231,0,"0/75","34/7231",0,1,"",1,""
"BP","GO:0010666","positive regulation of cardiac muscle cell apoptotic process",0,15,75,7231,0,"0/75","15/7231",0,1,"",1,""
"BP","GO:0010667","negative regulation of cardiac muscle cell apoptotic process",0,19,75,7231,0,"0/75","19/7231",0,1,"",1,""
"BP","GO:0010712","regulation of collagen metabolic process",0,21,75,7231,0,"0/75","21/7231",0,1,"",1,""
"BP","GO:0010714","positive regulation of collagen metabolic process",0,11,75,7231,0,"0/75","11/7231",0,1,"",1,""
"BP","GO:0010717","regulation of epithelial to mesenchymal transition",0,37,75,7231,0,"0/75","37/7231",0,1,"",1,""
"BP","GO:0010718","positive regulation of epithelial to mesenchymal transition",0,17,75,7231,0,"0/75","17/7231",0,1,"",1,""
"BP","GO:0010719","negative regulation of epithelial to mesenchymal transition",0,12,75,7231,0,"0/75","12/7231",0,1,"",1,""
"BP","GO:0010720","positive regulation of cell development",0,261,75,7231,0,"0/75","261/7231",0,1,"",1,""
"BP","GO:0010737","protein kinase A signaling",0,18,75,7231,0,"0/75","18/7231",0,1,"",1,""
"BP","GO:0010738","regulation of protein kinase A signaling",0,12,75,7231,0,"0/75","12/7231",0,1,"",1,""
"BP","GO:0010742","macrophage derived foam cell differentiation",0,12,75,7231,0,"0/75","12/7231",0,1,"",1,""
"BP","GO:0010758","regulation of macrophage chemotaxis",0,11,75,7231,0,"0/75","11/7231",0,1,"",1,""
"BP","GO:0010761","fibroblast migration",0,47,75,7231,0,"0/75","47/7231",0,1,"",1,""
"BP","GO:0010762","regulation of fibroblast migration",0,33,75,7231,0,"0/75","33/7231",0,1,"",1,""
"BP","GO:0010763","positive regulation of fibroblast migration",0,17,75,7231,0,"0/75","17/7231",0,1,"",1,""
"BP","GO:0010765","positive regulation of sodium ion transport",0,31,75,7231,0,"0/75","31/7231",0,1,"",1,""
"BP","GO:0010766","negative regulation of sodium ion transport",0,14,75,7231,0,"0/75","14/7231",0,1,"",1,""
"BP","GO:0010770","positive regulation of cell morphogenesis",0,47,75,7231,0,"0/75","47/7231",0,1,"",1,""
"BP","GO:0010801","negative regulation of peptidyl-threonine phosphorylation",0,12,75,7231,0,"0/75","12/7231",0,1,"",1,""
"BP","GO:0010807","regulation of synaptic vesicle priming",0,11,75,7231,0,"0/75","11/7231",0,1,"",1,""
"BP","GO:0010812","negative regulation of cell-substrate adhesion",0,34,75,7231,0,"0/75","34/7231",0,1,"",1,""
"BP","GO:0010817","regulation of hormone levels",0,258,75,7231,0,"0/75","258/7231",0,1,"",1,""
"BP","GO:0010822","positive regulation of mitochondrion organization",0,45,75,7231,0,"0/75","45/7231",0,1,"",1,""
"BP","GO:0010824","regulation of centrosome duplication",0,19,75,7231,0,"0/75","19/7231",0,1,"",1,""
"BP","GO:0010827","regulation of glucose transmembrane transport",0,47,75,7231,0,"0/75","47/7231",0,1,"",1,""
"BP","GO:0010828","positive regulation of glucose transmembrane transport",0,27,75,7231,0,"0/75","27/7231",0,1,"",1,""
"BP","GO:0010829","negative regulation of glucose transmembrane transport",0,15,75,7231,0,"0/75","15/7231",0,1,"",1,""
"BP","GO:0010830","regulation of myotube differentiation",0,18,75,7231,0,"0/75","18/7231",0,1,"",1,""
"BP","GO:0010833","telomere maintenance via telomere lengthening",0,48,75,7231,0,"0/75","48/7231",0,1,"",1,""
"BP","GO:0010837","regulation of keratinocyte proliferation",0,15,75,7231,0,"0/75","15/7231",0,1,"",1,""
"BP","GO:0010842","retina layer formation",0,10,75,7231,0,"0/75","10/7231",0,1,"",1,""
"MF","GO:0010857","calcium-dependent protein kinase activity",0,16,72,7153,0,"0/72","16/7153",0,1,"",1,""
"BP","GO:0010863","positive regulation of phospholipase C activity",0,11,75,7231,0,"0/75","11/7231",0,1,"",1,""
"BP","GO:0010866","regulation of triglyceride biosynthetic process",0,13,75,7231,0,"0/75","13/7231",0,1,"",1,""
"BP","GO:0010867","positive regulation of triglyceride biosynthetic process",0,10,75,7231,0,"0/75","10/7231",0,1,"",1,""
"BP","GO:0010875","positive regulation of cholesterol efflux",0,14,75,7231,0,"0/75","14/7231",0,1,"",1,""
"BP","GO:0010880","regulation of release of sequestered calcium ion into cytosol by sarcoplasmic reticulum",0,13,75,7231,0,"0/75","13/7231",0,1,"",1,""
"BP","GO:0010882","regulation of cardiac muscle contraction by calcium ion signaling",0,12,75,7231,0,"0/75","12/7231",0,1,"",1,""
"BP","GO:0010906","regulation of glucose metabolic process",0,50,75,7231,0,"0/75","50/7231",0,1,"",1,""
"BP","GO:0010907","positive regulation of glucose metabolic process",0,25,75,7231,0,"0/75","25/7231",0,1,"",1,""
"BP","GO:0010918","positive regulation of mitochondrial membrane potential",0,10,75,7231,0,"0/75","10/7231",0,1,"",1,""
"BP","GO:0010921","regulation of phosphatase activity",0,44,75,7231,0,"0/75","44/7231",0,1,"",1,""
"BP","GO:0010922","positive regulation of phosphatase activity",0,16,75,7231,0,"0/75","16/7231",0,1,"",1,""
"BP","GO:0010923","negative regulation of phosphatase activity",0,18,75,7231,0,"0/75","18/7231",0,1,"",1,""
"BP","GO:0010934","macrophage cytokine production",0,13,75,7231,0,"0/75","13/7231",0,1,"",1,""
"BP","GO:0010935","regulation of macrophage cytokine production",0,13,75,7231,0,"0/75","13/7231",0,1,"",1,""
"BP","GO:0010948","negative regulation of cell cycle process",0,111,75,7231,0,"0/75","111/7231",0,1,"",1,""
"BP","GO:0010954","positive regulation of protein processing",0,12,75,7231,0,"0/75","12/7231",0,1,"",1,""
"BP","GO:0010955","negative regulation of protein processing",0,11,75,7231,0,"0/75","11/7231",0,1,"",1,""
"BP","GO:0010958","regulation of amino acid import across plasma membrane",0,11,75,7231,0,"0/75","11/7231",0,1,"",1,""
"BP","GO:0010962","regulation of glucan biosynthetic process",0,17,75,7231,0,"0/75","17/7231",0,1,"",1,""
"BP","GO:0010965","regulation of mitotic sister chromatid separation",0,20,75,7231,0,"0/75","20/7231",0,1,"",1,""
"BP","GO:0010971","positive regulation of G2/M transition of mitotic cell cycle",0,15,75,7231,0,"0/75","15/7231",0,1,"",1,""
"BP","GO:0010972","negative regulation of G2/M transition of mitotic cell cycle",0,22,75,7231,0,"0/75","22/7231",0,1,"",1,""
"BP","GO:0010976","positive regulation of neuron projection development",0,153,75,7231,0,"0/75","153/7231",0,1,"",1,""
"BP","GO:0010996","response to auditory stimulus",0,16,75,7231,0,"0/75","16/7231",0,1,"",1,""
"CC","GO:0012507","ER to Golgi transport vesicle membrane",0,16,75,7294,0,"0/75","16/7294",0,1,"",1,""
"CC","GO:0012510","trans-Golgi network transport vesicle membrane",0,13,75,7294,0,"0/75","13/7294",0,1,"",1,""
"BP","GO:0014003","oligodendrocyte development",0,25,75,7231,0,"0/75","25/7231",0,1,"",1,""
"BP","GO:0014009","glial cell proliferation",0,36,75,7231,0,"0/75","36/7231",0,1,"",1,""
"BP","GO:0014013","regulation of gliogenesis",0,60,75,7231,0,"0/75","60/7231",0,1,"",1,""
"BP","GO:0014014","negative regulation of gliogenesis",0,18,75,7231,0,"0/75","18/7231",0,1,"",1,""
"BP","GO:0014015","positive regulation of gliogenesis",0,45,75,7231,0,"0/75","45/7231",0,1,"",1,""
"BP","GO:0014032","neural crest cell development",0,31,75,7231,0,"0/75","31/7231",0,1,"",1,""
"BP","GO:0014033","neural crest cell differentiation",0,35,75,7231,0,"0/75","35/7231",0,1,"",1,""
"BP","GO:0014037","Schwann cell differentiation",0,32,75,7231,0,"0/75","32/7231",0,1,"",1,""
"BP","GO:0014044","Schwann cell development",0,28,75,7231,0,"0/75","28/7231",0,1,"",1,""
"BP","GO:0014051","gamma-aminobutyric acid secretion",0,13,75,7231,0,"0/75","13/7231",0,1,"",1,""
"BP","GO:0014072","response to isoquinoline alkaloid",0,11,75,7231,0,"0/75","11/7231",0,1,"",1,""
"CC","GO:0014704","intercalated disc",0,45,75,7294,0,"0/75","45/7294",0,1,"",1,""
"BP","GO:0014741","negative regulation of muscle hypertrophy",0,16,75,7231,0,"0/75","16/7231",0,1,"",1,""
"BP","GO:0014742","positive regulation of muscle hypertrophy",0,26,75,7231,0,"0/75","26/7231",0,1,"",1,""
"BP","GO:0014743","regulation of muscle hypertrophy",0,43,75,7231,0,"0/75","43/7231",0,1,"",1,""
"BP","GO:0014808","release of sequestered calcium ion into cytosol by sarcoplasmic reticulum",0,14,75,7231,0,"0/75","14/7231",0,1,"",1,""
"BP","GO:0014812","muscle cell migration",0,69,75,7231,0,"0/75","69/7231",0,1,"",1,""
"BP","GO:0014823","response to activity",0,14,75,7231,0,"0/75","14/7231",0,1,"",1,""
"BP","GO:0014855","striated muscle cell proliferation",0,34,75,7231,0,"0/75","34/7231",0,1,"",1,""
"BP","GO:0014887","cardiac muscle adaptation",0,12,75,7231,0,"0/75","12/7231",0,1,"",1,""
"BP","GO:0014888","striated muscle adaptation",0,16,75,7231,0,"0/75","16/7231",0,1,"",1,""
"BP","GO:0014896","muscle hypertrophy",0,54,75,7231,0,"0/75","54/7231",0,1,"",1,""
"BP","GO:0014897","striated muscle hypertrophy",0,54,75,7231,0,"0/75","54/7231",0,1,"",1,""
"BP","GO:0014898","cardiac muscle hypertrophy in response to stress",0,11,75,7231,0,"0/75","11/7231",0,1,"",1,""
"BP","GO:0014902","myotube differentiation",0,55,75,7231,0,"0/75","55/7231",0,1,"",1,""
"BP","GO:0014904","myotube cell development",0,23,75,7231,0,"0/75","23/7231",0,1,"",1,""
"BP","GO:0014909","smooth muscle cell migration",0,62,75,7231,0,"0/75","62/7231",0,1,"",1,""
"BP","GO:0014910","regulation of smooth muscle cell migration",0,55,75,7231,0,"0/75","55/7231",0,1,"",1,""
"BP","GO:0014911","positive regulation of smooth muscle cell migration",0,34,75,7231,0,"0/75","34/7231",0,1,"",1,""
"BP","GO:0014912","negative regulation of smooth muscle cell migration",0,21,75,7231,0,"0/75","21/7231",0,1,"",1,""
"CC","GO:0015030","Cajal body",0,23,75,7294,0,"0/75","23/7294",0,1,"",1,""
"MF","GO:0015035","protein-disulfide reductase activity",0,23,72,7153,0,"0/72","23/7153",0,1,"",1,""
"MF","GO:0015036","disulfide oxidoreductase activity",0,29,72,7153,0,"0/72","29/7153",0,1,"",1,""
"MF","GO:0015078","proton transmembrane transporter activity",0,71,72,7153,0,"0/72","71/7153",0,1,"",1,""
"MF","GO:0015079","potassium ion transmembrane transporter activity",0,86,72,7153,0,"0/72","86/7153",0,1,"",1,""
"MF","GO:0015081","sodium ion transmembrane transporter activity",0,82,72,7153,0,"0/72","82/7153",0,1,"",1,""
"MF","GO:0015101","organic cation transmembrane transporter activity",0,15,72,7153,0,"0/72","15/7153",0,1,"",1,""
"MF","GO:0015103","inorganic anion transmembrane transporter activity",0,71,72,7153,0,"0/72","71/7153",0,1,"",1,""
"MF","GO:0015106","bicarbonate transmembrane transporter activity",0,12,72,7153,0,"0/72","12/7153",0,1,"",1,""
"MF","GO:0015108","chloride transmembrane transporter activity",0,60,72,7153,0,"0/72","60/7153",0,1,"",1,""
"MF","GO:0015171","amino acid transmembrane transporter activity",0,50,72,7153,0,"0/72","50/7153",0,1,"",1,""
"MF","GO:0015172","acidic amino acid transmembrane transporter activity",0,15,72,7153,0,"0/72","15/7153",0,1,"",1,""
"MF","GO:0015175","neutral L-amino acid transmembrane transporter activity",0,26,72,7153,0,"0/72","26/7153",0,1,"",1,""
"MF","GO:0015179","L-amino acid transmembrane transporter activity",0,37,72,7153,0,"0/72","37/7153",0,1,"",1,""
"MF","GO:0015215","nucleotide transmembrane transporter activity",0,19,72,7153,0,"0/72","19/7153",0,1,"",1,""
"MF","GO:0015216","purine nucleotide transmembrane transporter activity",0,16,72,7153,0,"0/72","16/7153",0,1,"",1,""
"MF","GO:0015248","sterol transporter activity",0,24,72,7153,0,"0/72","24/7153",0,1,"",1,""
"MF","GO:0015252","proton channel activity",0,16,72,7153,0,"0/72","16/7153",0,1,"",1,""
"MF","GO:0015271","outward rectifier potassium channel activity",0,13,72,7153,0,"0/72","13/7153",0,1,"",1,""
"MF","GO:0015276","ligand-gated monoatomic ion channel activity",0,64,72,7153,0,"0/72","64/7153",0,1,"",1,""
"MF","GO:0015291","secondary active transmembrane transporter activity",0,127,72,7153,0,"0/72","127/7153",0,1,"",1,""
"MF","GO:0015293","symporter activity",0,65,72,7153,0,"0/72","65/7153",0,1,"",1,""
"MF","GO:0015294","solute:monoatomic cation symporter activity",0,56,72,7153,0,"0/72","56/7153",0,1,"",1,""
"MF","GO:0015296","monoatomic anion:monoatomic cation symporter activity",0,15,72,7153,0,"0/72","15/7153",0,1,"",1,""
"MF","GO:0015297","antiporter activity",0,65,72,7153,0,"0/72","65/7153",0,1,"",1,""
"MF","GO:0015355","secondary active monocarboxylate transmembrane transporter activity",0,10,72,7153,0,"0/72","10/7153",0,1,"",1,""
"MF","GO:0015370","solute:sodium symporter activity",0,39,72,7153,0,"0/72","39/7153",0,1,"",1,""
"MF","GO:0015373","monoatomic anion:sodium symporter activity",0,10,72,7153,0,"0/72","10/7153",0,1,"",1,""
"MF","GO:0015377","chloride:monoatomic cation symporter activity",0,13,72,7153,0,"0/72","13/7153",0,1,"",1,""
"MF","GO:0015399","primary active transmembrane transporter activity",0,88,72,7153,0,"0/72","88/7153",0,1,"",1,""
"MF","GO:0015453","oxidoreduction-driven active transmembrane transporter activity",0,27,72,7153,0,"0/72","27/7153",0,1,"",1,""
"MF","GO:0015459","potassium channel regulator activity",0,28,72,7153,0,"0/72","28/7153",0,1,"",1,""
"MF","GO:0015485","cholesterol binding",0,30,72,7153,0,"0/72","30/7153",0,1,"",1,""
"MF","GO:0015556","C4-dicarboxylate transmembrane transporter activity",0,12,72,7153,0,"0/72","12/7153",0,1,"",1,""
"MF","GO:0015562","efflux transmembrane transporter activity",0,10,72,7153,0,"0/72","10/7153",0,1,"",1,""
"MF","GO:0015605","organophosphate ester transmembrane transporter activity",0,21,72,7153,0,"0/72","21/7153",0,1,"",1,""
"MF","GO:0015631","tubulin binding",0,207,72,7153,0,"0/72","207/7153",0,1,"",1,""
"MF","GO:0015645","fatty acid ligase activity",0,12,72,7153,0,"0/72","12/7153",0,1,"",1,""
"MF","GO:0015651","quaternary ammonium group transmembrane transporter activity",0,10,72,7153,0,"0/72","10/7153",0,1,"",1,""
"MF","GO:0015662","P-type ion transporter activity",0,19,72,7153,0,"0/72","19/7153",0,1,"",1,""
"BP","GO:0015698","inorganic anion transport",0,69,75,7231,0,"0/75","69/7231",0,1,"",1,""
"BP","GO:0015718","monocarboxylic acid transport",0,65,75,7231,0,"0/75","65/7231",0,1,"",1,""
"BP","GO:0015732","prostaglandin transport",0,10,75,7231,0,"0/75","10/7231",0,1,"",1,""
"BP","GO:0015740","C4-dicarboxylate transport",0,22,75,7231,0,"0/75","22/7231",0,1,"",1,""
"BP","GO:0015748","organophosphate ester transport",0,71,75,7231,0,"0/75","71/7231",0,1,"",1,""
"BP","GO:0015749","monosaccharide transmembrane transport",0,57,75,7231,0,"0/75","57/7231",0,1,"",1,""
"BP","GO:0015802","basic amino acid transport",0,10,75,7231,0,"0/75","10/7231",0,1,"",1,""
"BP","GO:0015804","neutral amino acid transport",0,24,75,7231,0,"0/75","24/7231",0,1,"",1,""
"BP","GO:0015810","aspartate transmembrane transport",0,16,75,7231,0,"0/75","16/7231",0,1,"",1,""
"BP","GO:0015812","gamma-aminobutyric acid transport",0,18,75,7231,0,"0/75","18/7231",0,1,"",1,""
"BP","GO:0015813","L-glutamate transmembrane transport",0,22,75,7231,0,"0/75","22/7231",0,1,"",1,""
"BP","GO:0015824","proline transport",0,10,75,7231,0,"0/75","10/7231",0,1,"",1,""
"BP","GO:0015833","peptide transport",0,177,75,7231,0,"0/75","177/7231",0,1,"",1,""
"BP","GO:0015865","purine nucleotide transport",0,18,75,7231,0,"0/75","18/7231",0,1,"",1,""
"BP","GO:0015867","ATP transport",0,11,75,7231,0,"0/75","11/7231",0,1,"",1,""
"BP","GO:0015868","purine ribonucleotide transport",0,17,75,7231,0,"0/75","17/7231",0,1,"",1,""
"BP","GO:0015908","fatty acid transport",0,47,75,7231,0,"0/75","47/7231",0,1,"",1,""
"BP","GO:0015909","long-chain fatty acid transport",0,30,75,7231,0,"0/75","30/7231",0,1,"",1,""
"BP","GO:0015911","long-chain fatty acid import across plasma membrane",0,11,75,7231,0,"0/75","11/7231",0,1,"",1,""
"BP","GO:0015914","phospholipid transport",0,48,75,7231,0,"0/75","48/7231",0,1,"",1,""
"BP","GO:0015919","peroxisomal membrane transport",0,17,75,7231,0,"0/75","17/7231",0,1,"",1,""
"MF","GO:0015932","nucleobase-containing compound transmembrane transporter activity",0,27,72,7153,0,"0/72","27/7153",0,1,"",1,""
"CC","GO:0015934","large ribosomal subunit",0,101,75,7294,0,"0/75","101/7294",0,1,"",1,""
"CC","GO:0015935","small ribosomal subunit",0,71,75,7294,0,"0/75","71/7294",0,1,"",1,""
"BP","GO:0015936","coenzyme A metabolic process",0,17,75,7231,0,"0/75","17/7231",0,1,"",1,""
"BP","GO:0015937","coenzyme A biosynthetic process",0,11,75,7231,0,"0/75","11/7231",0,1,"",1,""
"BP","GO:0015980","energy derivation by oxidation of organic compounds",0,233,75,7231,0,"0/75","233/7231",0,1,"",1,""
"BP","GO:0015986","proton motive force-driven ATP synthesis",0,61,75,7231,0,"0/75","61/7231",0,1,"",1,""
"MF","GO:0016018","cyclosporin A binding",0,11,72,7153,0,"0/72","11/7153",0,1,"",1,""
"BP","GO:0016052","carbohydrate catabolic process",0,101,75,7231,0,"0/75","101/7231",0,1,"",1,""
"BP","GO:0016054","organic acid catabolic process",0,145,75,7231,0,"0/75","145/7231",0,1,"",1,""
"BP","GO:0016055","Wnt signaling pathway",0,184,75,7231,0,"0/75","184/7231",0,1,"",1,""
"BP","GO:0016073","snRNA metabolic process",0,27,75,7231,0,"0/75","27/7231",0,1,"",1,""
"BP","GO:0016074","sno(s)RNA metabolic process",0,14,75,7231,0,"0/75","14/7231",0,1,"",1,""
"BP","GO:0016075","rRNA catabolic process",0,13,75,7231,0,"0/75","13/7231",0,1,"",1,""
"BP","GO:0016081","synaptic vesicle docking",0,13,75,7231,0,"0/75","13/7231",0,1,"",1,""
"BP","GO:0016082","synaptic vesicle priming",0,26,75,7231,0,"0/75","26/7231",0,1,"",1,""
"BP","GO:0016101","diterpenoid metabolic process",0,19,75,7231,0,"0/75","19/7231",0,1,"",1,""
"BP","GO:0016137","glycoside metabolic process",0,12,75,7231,0,"0/75","12/7231",0,1,"",1,""
"BP","GO:0016180","snRNA processing",0,19,75,7231,0,"0/75","19/7231",0,1,"",1,""
"BP","GO:0016188","synaptic vesicle maturation",0,23,75,7231,0,"0/75","23/7231",0,1,"",1,""
"MF","GO:0016208","AMP binding",0,15,72,7153,0,"0/72","15/7153",0,1,"",1,""
"BP","GO:0016226","iron-sulfur cluster assembly",0,24,75,7231,0,"0/75","24/7231",0,1,"",1,""
"BP","GO:0016233","telomere capping",0,19,75,7231,0,"0/75","19/7231",0,1,"",1,""
"BP","GO:0016237","lysosomal microautophagy",0,12,75,7231,0,"0/75","12/7231",0,1,"",1,""
"BP","GO:0016242","negative regulation of macroautophagy",0,21,75,7231,0,"0/75","21/7231",0,1,"",1,""
"MF","GO:0016247","channel regulator activity",0,89,72,7153,0,"0/72","89/7153",0,1,"",1,""
"MF","GO:0016248","channel inhibitor activity",0,25,72,7153,0,"0/72","25/7153",0,1,"",1,""
"MF","GO:0016251","RNA polymerase II general transcription initiation factor activity",0,14,72,7153,0,"0/72","14/7153",0,1,"",1,""
"MF","GO:0016278","lysine N-methyltransferase activity",0,19,72,7153,0,"0/72","19/7153",0,1,"",1,""
"MF","GO:0016279","protein-lysine N-methyltransferase activity",0,19,72,7153,0,"0/72","19/7153",0,1,"",1,""
"MF","GO:0016289","CoA hydrolase activity",0,16,72,7153,0,"0/72","16/7153",0,1,"",1,""
"MF","GO:0016290","palmitoyl-CoA hydrolase activity",0,12,72,7153,0,"0/72","12/7153",0,1,"",1,""
"MF","GO:0016298","lipase activity",0,51,72,7153,0,"0/72","51/7153",0,1,"",1,""
"BP","GO:0016311","dephosphorylation",0,211,75,7231,0,"0/75","211/7231",0,1,"",1,""
"BP","GO:0016322","neuron remodeling",0,12,75,7231,0,"0/75","12/7231",0,1,"",1,""
"CC","GO:0016323","basolateral plasma membrane",0,137,75,7294,0,"0/75","137/7294",0,1,"",1,""
"CC","GO:0016327","apicolateral plasma membrane",0,16,75,7294,0,"0/75","16/7294",0,1,"",1,""
"BP","GO:0016339","calcium-dependent cell-cell adhesion via plasma membrane cell adhesion molecules",0,18,75,7231,0,"0/75","18/7231",0,1,"",1,""
"CC","GO:0016342","catenin complex",0,20,75,7294,0,"0/75","20/7294",0,1,"",1,""
"CC","GO:0016363","nuclear matrix",0,71,75,7294,0,"0/75","71/7294",0,1,"",1,""
"MF","GO:0016405","CoA-ligase activity",0,16,72,7153,0,"0/72","16/7153",0,1,"",1,""
"MF","GO:0016407","acetyltransferase activity",0,52,72,7153,0,"0/72","52/7153",0,1,"",1,""
"MF","GO:0016410","N-acyltransferase activity",0,40,72,7153,0,"0/72","40/7153",0,1,"",1,""
"MF","GO:0016411","acylglycerol O-acyltransferase activity",0,13,72,7153,0,"0/72","13/7153",0,1,"",1,""
"BP","GO:0016441","post-transcriptional gene silencing",0,40,75,7231,0,"0/75","40/7231",0,1,"",1,""
"CC","GO:0016442","RISC complex",0,11,75,7294,0,"0/75","11/7294",0,1,"",1,""
"BP","GO:0016444","somatic cell DNA recombination",0,22,75,7231,0,"0/75","22/7231",0,1,"",1,""
"BP","GO:0016445","somatic diversification of immunoglobulins",0,22,75,7231,0,"0/75","22/7231",0,1,"",1,""
"BP","GO:0016447","somatic recombination of immunoglobulin gene segments",0,19,75,7231,0,"0/75","19/7231",0,1,"",1,""
"CC","GO:0016459","myosin complex",0,23,75,7294,0,"0/75","23/7294",0,1,"",1,""
"CC","GO:0016460","myosin II complex",0,13,75,7294,0,"0/75","13/7294",0,1,"",1,""
"CC","GO:0016469","proton-transporting two-sector ATPase complex",0,34,75,7294,0,"0/75","34/7294",0,1,"",1,""
"CC","GO:0016471","vacuolar proton-transporting V-type ATPase complex",0,15,75,7294,0,"0/75","15/7294",0,1,"",1,""
"BP","GO:0016482","cytosolic transport",0,136,75,7231,0,"0/75","136/7231",0,1,"",1,""
"BP","GO:0016485","protein processing",0,109,75,7231,0,"0/75","109/7231",0,1,"",1,""
"BP","GO:0016486","peptide hormone processing",0,13,75,7231,0,"0/75","13/7231",0,1,"",1,""
"CC","GO:0016514","SWI/SNF complex",0,20,75,7294,0,"0/75","20/7294",0,1,"",1,""
"CC","GO:0016529","sarcoplasmic reticulum",0,44,75,7294,0,"0/75","44/7294",0,1,"",1,""
"MF","GO:0016530","metallochaperone activity",0,11,72,7153,0,"0/72","11/7153",0,1,"",1,""
"MF","GO:0016538","cyclin-dependent protein serine/threonine kinase regulator activity",0,13,72,7153,0,"0/72","13/7153",0,1,"",1,""
"BP","GO:0016540","protein autoprocessing",0,10,75,7231,0,"0/75","10/7231",0,1,"",1,""
"BP","GO:0016556","mRNA modification",0,21,75,7231,0,"0/75","21/7231",0,1,"",1,""
"BP","GO:0016558","protein import into peroxisome matrix",0,10,75,7231,0,"0/75","10/7231",0,1,"",1,""
"BP","GO:0016570","histone modification",0,83,75,7231,0,"0/75","83/7231",0,1,"",1,""
"BP","GO:0016571","histone methylation",0,21,75,7231,0,"0/75","21/7231",0,1,"",1,""
"BP","GO:0016573","histone acetylation",0,34,75,7231,0,"0/75","34/7231",0,1,"",1,""
"BP","GO:0016575","histone deacetylation",0,18,75,7231,0,"0/75","18/7231",0,1,"",1,""
"CC","GO:0016580","Sin3 complex",0,10,75,7294,0,"0/75","10/7294",0,1,"",1,""
"CC","GO:0016581","NuRD complex",0,14,75,7294,0,"0/75","14/7294",0,1,"",1,""
"CC","GO:0016586","RSC-type complex",0,11,75,7294,0,"0/75","11/7294",0,1,"",1,""
"CC","GO:0016591","RNA polymerase II, holoenzyme",0,39,75,7294,0,"0/75","39/7294",0,1,"",1,""
"MF","GO:0016595","glutamate binding",0,11,72,7153,0,"0/72","11/7153",0,1,"",1,""
"MF","GO:0016597","amino acid binding",0,43,72,7153,0,"0/72","43/7153",0,1,"",1,""
"BP","GO:0016601","Rac protein signal transduction",0,39,75,7231,0,"0/75","39/7231",0,1,"",1,""
"CC","GO:0016605","PML body",0,26,75,7294,0,"0/75","26/7294",0,1,"",1,""
"CC","GO:0016607","nuclear speck",0,194,75,7294,0,"0/75","194/7294",0,1,"",1,""
"MF","GO:0016620","oxidoreductase activity, acting on the aldehyde or oxo group of donors, NAD or NADP as acceptor",0,31,72,7153,0,"0/72","31/7153",0,1,"",1,""
"MF","GO:0016627","oxidoreductase activity, acting on the CH-CH group of donors",0,42,72,7153,0,"0/72","42/7153",0,1,"",1,""
"MF","GO:0016628","oxidoreductase activity, acting on the CH-CH group of donors, NAD or NADP as acceptor",0,19,72,7153,0,"0/72","19/7153",0,1,"",1,""
"MF","GO:0016645","oxidoreductase activity, acting on the CH-NH group of donors",0,18,72,7153,0,"0/72","18/7153",0,1,"",1,""
"MF","GO:0016646","oxidoreductase activity, acting on the CH-NH group of donors, NAD or NADP as acceptor",0,12,72,7153,0,"0/72","12/7153",0,1,"",1,""
"MF","GO:0016655","oxidoreductase activity, acting on NAD(P)H, quinone or similar compound as acceptor",0,25,72,7153,0,"0/72","25/7153",0,1,"",1,""
"MF","GO:0016661","oxidoreductase activity, acting on other nitrogenous compounds as donors",0,10,72,7153,0,"0/72","10/7153",0,1,"",1,""
"MF","GO:0016667","oxidoreductase activity, acting on a sulfur group of donors",0,41,72,7153,0,"0/72","41/7153",0,1,"",1,""
"MF","GO:0016670","oxidoreductase activity, acting on a sulfur group of donors, oxygen as acceptor",0,10,72,7153,0,"0/72","10/7153",0,1,"",1,""
"MF","GO:0016684","oxidoreductase activity, acting on peroxide as acceptor",0,28,72,7153,0,"0/72","28/7153",0,1,"",1,""
"MF","GO:0016709","oxidoreductase activity, acting on paired donors, with incorporation or reduction of molecular oxygen, NAD(P)H as one donor, and incorporation of one atom of oxygen",0,14,72,7153,0,"0/72","14/7153",0,1,"",1,""
"MF","GO:0016763","pentosyltransferase activity",0,18,72,7153,0,"0/72","18/7153",0,1,"",1,""
"MF","GO:0016765","transferase activity, transferring alkyl or aryl (other than methyl) groups",0,37,72,7153,0,"0/72","37/7153",0,1,"",1,""
"MF","GO:0016769","transferase activity, transferring nitrogenous groups",0,18,72,7153,0,"0/72","18/7153",0,1,"",1,""
"MF","GO:0016776","phosphotransferase activity, phosphate group as acceptor",0,19,72,7153,0,"0/72","19/7153",0,1,"",1,""
"MF","GO:0016780","phosphotransferase activity, for other substituted phosphate groups",0,11,72,7153,0,"0/72","11/7153",0,1,"",1,""
"MF","GO:0016782","transferase activity, transferring sulphur-containing groups",0,16,72,7153,0,"0/72","16/7153",0,1,"",1,""
"MF","GO:0016783","sulfurtransferase activity",0,10,72,7153,0,"0/72","10/7153",0,1,"",1,""
"MF","GO:0016790","thiolester hydrolase activity",0,32,72,7153,0,"0/72","32/7153",0,1,"",1,""
"MF","GO:0016791","phosphatase activity",0,168,72,7153,0,"0/72","168/7153",0,1,"",1,""
"MF","GO:0016799","hydrolase activity, hydrolyzing N-glycosyl compounds",0,12,72,7153,0,"0/72","12/7153",0,1,"",1,""
"MF","GO:0016805","dipeptidase activity",0,10,72,7153,0,"0/72","10/7153",0,1,"",1,""
"MF","GO:0016812","hydrolase activity, acting on carbon-nitrogen (but not peptide) bonds, in cyclic amides",0,10,72,7153,0,"0/72","10/7153",0,1,"",1,""
"MF","GO:0016814","hydrolase activity, acting on carbon-nitrogen (but not peptide) bonds, in cyclic amidines",0,12,72,7153,0,"0/72","12/7153",0,1,"",1,""
"MF","GO:0016829","lyase activity",0,111,72,7153,0,"0/72","111/7153",0,1,"",1,""
"MF","GO:0016830","carbon-carbon lyase activity",0,30,72,7153,0,"0/72","30/7153",0,1,"",1,""
"MF","GO:0016831","carboxy-lyase activity",0,21,72,7153,0,"0/72","21/7153",0,1,"",1,""
"MF","GO:0016835","carbon-oxygen lyase activity",0,42,72,7153,0,"0/72","42/7153",0,1,"",1,""
"MF","GO:0016836","hydro-lyase activity",0,35,72,7153,0,"0/72","35/7153",0,1,"",1,""
"MF","GO:0016849","phosphorus-oxygen lyase activity",0,14,72,7153,0,"0/72","14/7153",0,1,"",1,""
"MF","GO:0016853","isomerase activity",0,101,72,7153,0,"0/72","101/7153",0,1,"",1,""
"MF","GO:0016854","racemase and epimerase activity",0,12,72,7153,0,"0/72","12/7153",0,1,"",1,""
"MF","GO:0016859","cis-trans isomerase activity",0,29,72,7153,0,"0/72","29/7153",0,1,"",1,""
"MF","GO:0016860","intramolecular oxidoreductase activity",0,30,72,7153,0,"0/72","30/7153",0,1,"",1,""
"MF","GO:0016864","intramolecular oxidoreductase activity, transposing S-S bonds",0,12,72,7153,0,"0/72","12/7153",0,1,"",1,""
"MF","GO:0016866","intramolecular transferase activity",0,16,72,7153,0,"0/72","16/7153",0,1,"",1,""
"MF","GO:0016874","ligase activity",0,125,72,7153,0,"0/72","125/7153",0,1,"",1,""
"MF","GO:0016875","ligase activity, forming carbon-oxygen bonds",0,41,72,7153,0,"0/72","41/7153",0,1,"",1,""
"MF","GO:0016877","ligase activity, forming carbon-sulfur bonds",0,28,72,7153,0,"0/72","28/7153",0,1,"",1,""
"MF","GO:0016878","acid-thiol ligase activity",0,19,72,7153,0,"0/72","19/7153",0,1,"",1,""
"MF","GO:0016879","ligase activity, forming carbon-nitrogen bonds",0,29,72,7153,0,"0/72","29/7153",0,1,"",1,""
"MF","GO:0016881","acid-amino acid ligase activity",0,10,72,7153,0,"0/72","10/7153",0,1,"",1,""
"MF","GO:0016887","ATP hydrolysis activity",0,162,72,7153,0,"0/72","162/7153",0,1,"",1,""
"MF","GO:0016891","RNA endonuclease activity, producing 5'-phosphomonoesters",0,12,72,7153,0,"0/72","12/7153",0,1,"",1,""
"MF","GO:0016893","endonuclease activity, active with either ribo- or deoxyribonucleic acids and producing 5'-phosphomonoesters",0,14,72,7153,0,"0/72","14/7153",0,1,"",1,""
"MF","GO:0016896","RNA exonuclease activity, producing 5'-phosphomonoesters",0,21,72,7153,0,"0/72","21/7153",0,1,"",1,""
"MF","GO:0016903","oxidoreductase activity, acting on the aldehyde or oxo group of donors",0,35,72,7153,0,"0/72","35/7153",0,1,"",1,""
"MF","GO:0016917","GABA receptor activity",0,13,72,7153,0,"0/72","13/7153",0,1,"",1,""
"MF","GO:0016922","nuclear receptor binding",0,76,72,7153,0,"0/72","76/7153",0,1,"",1,""
"BP","GO:0016925","protein sumoylation",0,22,75,7231,0,"0/75","22/7231",0,1,"",1,""
"BP","GO:0016973","poly(A)+ mRNA export from nucleus",0,15,75,7231,0,"0/75","15/7231",0,1,"",1,""
"BP","GO:0017004","cytochrome complex assembly",0,28,75,7231,0,"0/75","28/7231",0,1,"",1,""
"BP","GO:0017014","protein nitrosylation",0,13,75,7231,0,"0/75","13/7231",0,1,"",1,""
"BP","GO:0017015","regulation of transforming growth factor beta receptor signaling pathway",0,52,75,7231,0,"0/75","52/7231",0,1,"",1,""
"MF","GO:0017018","myosin phosphatase activity",0,43,72,7153,0,"0/72","43/7153",0,1,"",1,""
"MF","GO:0017022","myosin binding",0,47,72,7153,0,"0/72","47/7153",0,1,"",1,""
"MF","GO:0017046","peptide hormone binding",0,12,72,7153,0,"0/72","12/7153",0,1,"",1,""
"MF","GO:0017056","structural constituent of nuclear pore",0,19,72,7153,0,"0/72","19/7153",0,1,"",1,""
"MF","GO:0017069","snRNA binding",0,34,72,7153,0,"0/72","34/7153",0,1,"",1,""
"MF","GO:0017070","U6 snRNA binding",0,11,72,7153,0,"0/72","11/7153",0,1,"",1,""
"MF","GO:0017075","syntaxin-1 binding",0,21,72,7153,0,"0/72","21/7153",0,1,"",1,""
"MF","GO:0017080","sodium channel regulator activity",0,22,72,7153,0,"0/72","22/7153",0,1,"",1,""
"CC","GO:0017101","aminoacyl-tRNA synthetase multienzyme complex",0,12,75,7294,0,"0/75","12/7294",0,1,"",1,""
"MF","GO:0017110","nucleoside diphosphate phosphatase activity",0,11,72,7153,0,"0/72","11/7153",0,1,"",1,""
"CC","GO:0017119","Golgi transport complex",0,10,75,7294,0,"0/75","10/7294",0,1,"",1,""
"MF","GO:0017124","SH3 domain binding",0,94,72,7153,0,"0/72","94/7153",0,1,"",1,""
"MF","GO:0017134","fibroblast growth factor binding",0,15,72,7153,0,"0/72","15/7153",0,1,"",1,""
"BP","GO:0017145","stem cell division",0,12,75,7231,0,"0/75","12/7231",0,1,"",1,""
"BP","GO:0017148","negative regulation of translation",0,120,75,7231,0,"0/75","120/7231",0,1,"",1,""
"MF","GO:0017154","semaphorin receptor activity",0,10,72,7153,0,"0/72","10/7153",0,1,"",1,""
"MF","GO:0017166","vinculin binding",0,10,72,7153,0,"0/72","10/7153",0,1,"",1,""
"MF","GO:0017171","serine hydrolase activity",0,47,72,7153,0,"0/72","47/7153",0,1,"",1,""
"BP","GO:0018022","peptidyl-lysine methylation",0,25,75,7231,0,"0/75","25/7231",0,1,"",1,""
"BP","GO:0018105","peptidyl-serine phosphorylation",0,177,75,7231,0,"0/75","177/7231",0,1,"",1,""
"BP","GO:0018119","peptidyl-cysteine S-nitrosylation",0,12,75,7231,0,"0/75","12/7231",0,1,"",1,""
"BP","GO:0018126","protein hydroxylation",0,14,75,7231,0,"0/75","14/7231",0,1,"",1,""
"BP","GO:0018195","peptidyl-arginine modification",0,12,75,7231,0,"0/75","12/7231",0,1,"",1,""
"BP","GO:0018200","peptidyl-glutamic acid modification",0,12,75,7231,0,"0/75","12/7231",0,1,"",1,""
"BP","GO:0018205","peptidyl-lysine modification",0,113,75,7231,0,"0/75","113/7231",0,1,"",1,""
"BP","GO:0018208","peptidyl-proline modification",0,30,75,7231,0,"0/75","30/7231",0,1,"",1,""
"BP","GO:0018209","peptidyl-serine modification",0,184,75,7231,0,"0/75","184/7231",0,1,"",1,""
"BP","GO:0018279","protein N-linked glycosylation via asparagine",0,11,75,7231,0,"0/75","11/7231",0,1,"",1,""
"BP","GO:0018393","internal peptidyl-lysine acetylation",0,38,75,7231,0,"0/75","38/7231",0,1,"",1,""
"BP","GO:0018394","peptidyl-lysine acetylation",0,47,75,7231,0,"0/75","47/7231",0,1,"",1,""
"BP","GO:0018904","ether metabolic process",0,13,75,7231,0,"0/75","13/7231",0,1,"",1,""
"BP","GO:0018958","phenol-containing compound metabolic process",0,49,75,7231,0,"0/75","49/7231",0,1,"",1,""
"CC","GO:0019005","SCF ubiquitin ligase complex",0,27,75,7294,0,"0/75","27/7294",0,1,"",1,""
"BP","GO:0019068","virion assembly",0,25,75,7231,0,"0/75","25/7231",0,1,"",1,""
"BP","GO:0019076","viral release from host cell",0,20,75,7231,0,"0/75","20/7231",0,1,"",1,""
"BP","GO:0019079","viral genome replication",0,62,75,7231,0,"0/75","62/7231",0,1,"",1,""
"BP","GO:0019080","viral gene expression",0,45,75,7231,0,"0/75","45/7231",0,1,"",1,""
"BP","GO:0019081","viral translation",0,19,75,7231,0,"0/75","19/7231",0,1,"",1,""
"BP","GO:0019083","viral transcription",0,25,75,7231,0,"0/75","25/7231",0,1,"",1,""
"BP","GO:0019184","nonribosomal peptide biosynthetic process",0,10,75,7231,0,"0/75","10/7231",0,1,"",1,""
"MF","GO:0019199","transmembrane receptor protein kinase activity",0,30,72,7153,0,"0/72","30/7153",0,1,"",1,""
"MF","GO:0019200","carbohydrate kinase activity",0,12,72,7153,0,"0/72","12/7153",0,1,"",1,""
"MF","GO:0019205","nucleobase-containing compound kinase activity",0,24,72,7153,0,"0/72","24/7153",0,1,"",1,""
"MF","GO:0019208","phosphatase regulator activity",0,61,72,7153,0,"0/72","61/7153",0,1,"",1,""
"MF","GO:0019209","kinase activator activity",0,61,72,7153,0,"0/72","61/7153",0,1,"",1,""
"MF","GO:0019212","phosphatase inhibitor activity",0,26,72,7153,0,"0/72","26/7153",0,1,"",1,""
"MF","GO:0019213","deacetylase activity",0,18,72,7153,0,"0/72","18/7153",0,1,"",1,""
"BP","GO:0019217","regulation of fatty acid metabolic process",0,48,75,7231,0,"0/75","48/7231",0,1,"",1,""
"BP","GO:0019226","transmission of nerve impulse",0,54,75,7231,0,"0/75","54/7231",0,1,"",1,""
"BP","GO:0019228","neuronal action potential",0,30,75,7231,0,"0/75","30/7231",0,1,"",1,""
"BP","GO:0019233","sensory perception of pain",0,44,75,7231,0,"0/75","44/7231",0,1,"",1,""
"MF","GO:0019239","deaminase activity",0,12,72,7153,0,"0/72","12/7153",0,1,"",1,""
"BP","GO:0019318","hexose metabolic process",0,131,75,7231,0,"0/75","131/7231",0,1,"",1,""
"BP","GO:0019319","hexose biosynthetic process",0,45,75,7231,0,"0/75","45/7231",0,1,"",1,""
"BP","GO:0019320","hexose catabolic process",0,31,75,7231,0,"0/75","31/7231",0,1,"",1,""
"BP","GO:0019369","arachidonic acid metabolic process",0,16,75,7231,0,"0/75","16/7231",0,1,"",1,""
"BP","GO:0019377","glycolipid catabolic process",0,12,75,7231,0,"0/75","12/7231",0,1,"",1,""
"BP","GO:0019395","fatty acid oxidation",0,69,75,7231,0,"0/75","69/7231",0,1,"",1,""
"BP","GO:0019400","alditol metabolic process",0,11,75,7231,0,"0/75","11/7231",0,1,"",1,""
"BP","GO:0019430","removal of superoxide radicals",0,12,75,7231,0,"0/75","12/7231",0,1,"",1,""
"BP","GO:0019432","triglyceride biosynthetic process",0,23,75,7231,0,"0/75","23/7231",0,1,"",1,""
"BP","GO:0019646","aerobic electron transport chain",0,56,75,7231,0,"0/75","56/7231",0,1,"",1,""
"BP","GO:0019682","glyceraldehyde-3-phosphate metabolic process",0,13,75,7231,0,"0/75","13/7231",0,1,"",1,""
"BP","GO:0019692","deoxyribose phosphate metabolic process",0,32,75,7231,0,"0/75","32/7231",0,1,"",1,""
"BP","GO:0019748","secondary metabolic process",0,18,75,7231,0,"0/75","18/7231",0,1,"",1,""
"BP","GO:0019755","one-carbon compound transport",0,14,75,7231,0,"0/75","14/7231",0,1,"",1,""
"MF","GO:0019789","SUMO transferase activity",0,10,72,7153,0,"0/72","10/7153",0,1,"",1,""
"MF","GO:0019825","oxygen binding",0,10,72,7153,0,"0/72","10/7153",0,1,"",1,""
"MF","GO:0019829","ATPase-coupled monoatomic cation transmembrane transporter activity",0,35,72,7153,0,"0/72","35/7153",0,1,"",1,""
"MF","GO:0019838","growth factor binding",0,52,72,7153,0,"0/72","52/7153",0,1,"",1,""
"MF","GO:0019840","isoprenoid binding",0,13,72,7153,0,"0/72","13/7153",0,1,"",1,""
"MF","GO:0019843","rRNA binding",0,51,72,7153,0,"0/72","51/7153",0,1,"",1,""
"CC","GO:0019867","outer membrane",0,155,75,7294,0,"0/75","155/7294",0,1,"",1,""
"MF","GO:0019888","protein phosphatase regulator activity",0,52,72,7153,0,"0/72","52/7153",0,1,"",1,""
"MF","GO:0019894","kinesin binding",0,40,72,7153,0,"0/72","40/7153",0,1,"",1,""
"BP","GO:0019896","axonal transport of mitochondrion",0,13,75,7231,0,"0/75","13/7231",0,1,"",1,""
"MF","GO:0019901","protein kinase binding",0,454,72,7153,0,"0/72","454/7153",0,1,"",1,""
"MF","GO:0019902","phosphatase binding",0,156,72,7153,0,"0/72","156/7153",0,1,"",1,""
"MF","GO:0019903","protein phosphatase binding",0,127,72,7153,0,"0/72","127/7153",0,1,"",1,""
"CC","GO:0019908","nuclear cyclin-dependent protein kinase holoenzyme complex",0,12,75,7294,0,"0/75","12/7294",0,1,"",1,""
"BP","GO:0019933","cAMP-mediated signaling",0,29,75,7231,0,"0/75","29/7231",0,1,"",1,""
"BP","GO:0019934","cGMP-mediated signaling",0,14,75,7231,0,"0/75","14/7231",0,1,"",1,""
"BP","GO:0019935","cyclic-nucleotide-mediated signaling",0,41,75,7231,0,"0/75","41/7231",0,1,"",1,""
"MF","GO:0019955","cytokine binding",0,27,72,7153,0,"0/72","27/7153",0,1,"",1,""
"BP","GO:0021510","spinal cord development",0,30,75,7231,0,"0/75","30/7231",0,1,"",1,""
"BP","GO:0021517","ventral spinal cord development",0,14,75,7231,0,"0/75","14/7231",0,1,"",1,""
"BP","GO:0021532","neural tube patterning",0,14,75,7231,0,"0/75","14/7231",0,1,"",1,""
"BP","GO:0021533","cell differentiation in hindbrain",0,17,75,7231,0,"0/75","17/7231",0,1,"",1,""
"BP","GO:0021535","cell migration in hindbrain",0,15,75,7231,0,"0/75","15/7231",0,1,"",1,""
"BP","GO:0021536","diencephalon development",0,16,75,7231,0,"0/75","16/7231",0,1,"",1,""
"BP","GO:0021537","telencephalon development",0,145,75,7231,0,"0/75","145/7231",0,1,"",1,""
"BP","GO:0021542","dentate gyrus development",0,13,75,7231,0,"0/75","13/7231",0,1,"",1,""
"BP","GO:0021543","pallium development",0,104,75,7231,0,"0/75","104/7231",0,1,"",1,""
"BP","GO:0021544","subpallium development",0,11,75,7231,0,"0/75","11/7231",0,1,"",1,""
"BP","GO:0021545","cranial nerve development",0,17,75,7231,0,"0/75","17/7231",0,1,"",1,""
"BP","GO:0021549","cerebellum development",0,64,75,7231,0,"0/75","64/7231",0,1,"",1,""
"BP","GO:0021575","hindbrain morphogenesis",0,34,75,7231,0,"0/75","34/7231",0,1,"",1,""
"BP","GO:0021587","cerebellum morphogenesis",0,33,75,7231,0,"0/75","33/7231",0,1,"",1,""
"BP","GO:0021591","ventricular system development",0,22,75,7231,0,"0/75","22/7231",0,1,"",1,""
"BP","GO:0021602","cranial nerve morphogenesis",0,10,75,7231,0,"0/75","10/7231",0,1,"",1,""
"BP","GO:0021680","cerebellar Purkinje cell layer development",0,24,75,7231,0,"0/75","24/7231",0,1,"",1,""
"BP","GO:0021681","cerebellar granular layer development",0,13,75,7231,0,"0/75","13/7231",0,1,"",1,""
"BP","GO:0021692","cerebellar Purkinje cell layer morphogenesis",0,13,75,7231,0,"0/75","13/7231",0,1,"",1,""
"BP","GO:0021694","cerebellar Purkinje cell layer formation",0,11,75,7231,0,"0/75","11/7231",0,1,"",1,""
"BP","GO:0021695","cerebellar cortex development",0,40,75,7231,0,"0/75","40/7231",0,1,"",1,""
"BP","GO:0021696","cerebellar cortex morphogenesis",0,26,75,7231,0,"0/75","26/7231",0,1,"",1,""
"BP","GO:0021697","cerebellar cortex formation",0,21,75,7231,0,"0/75","21/7231",0,1,"",1,""
"BP","GO:0021700","developmental maturation",0,165,75,7231,0,"0/75","165/7231",0,1,"",1,""
"BP","GO:0021702","cerebellar Purkinje cell differentiation",0,10,75,7231,0,"0/75","10/7231",0,1,"",1,""
"BP","GO:0021756","striatum development",0,11,75,7231,0,"0/75","11/7231",0,1,"",1,""
"BP","GO:0021761","limbic system development",0,63,75,7231,0,"0/75","63/7231",0,1,"",1,""
"BP","GO:0021766","hippocampus development",0,50,75,7231,0,"0/75","50/7231",0,1,"",1,""
"BP","GO:0021772","olfactory bulb development",0,14,75,7231,0,"0/75","14/7231",0,1,"",1,""
"BP","GO:0021795","cerebral cortex cell migration",0,40,75,7231,0,"0/75","40/7231",0,1,"",1,""
"BP","GO:0021799","cerebral cortex radially oriented cell migration",0,31,75,7231,0,"0/75","31/7231",0,1,"",1,""
"BP","GO:0021801","cerebral cortex radial glia-guided migration",0,23,75,7231,0,"0/75","23/7231",0,1,"",1,""
"BP","GO:0021819","layer formation in cerebral cortex",0,12,75,7231,0,"0/75","12/7231",0,1,"",1,""
"BP","GO:0021846","cell proliferation in forebrain",0,17,75,7231,0,"0/75","17/7231",0,1,"",1,""
"BP","GO:0021859","pyramidal neuron differentiation",0,13,75,7231,0,"0/75","13/7231",0,1,"",1,""
"BP","GO:0021860","pyramidal neuron development",0,10,75,7231,0,"0/75","10/7231",0,1,"",1,""
"BP","GO:0021872","forebrain generation of neurons",0,24,75,7231,0,"0/75","24/7231",0,1,"",1,""
"BP","GO:0021879","forebrain neuron differentiation",0,20,75,7231,0,"0/75","20/7231",0,1,"",1,""
"BP","GO:0021884","forebrain neuron development",0,15,75,7231,0,"0/75","15/7231",0,1,"",1,""
"BP","GO:0021885","forebrain cell migration",0,47,75,7231,0,"0/75","47/7231",0,1,"",1,""
"BP","GO:0021895","cerebral cortex neuron differentiation",0,12,75,7231,0,"0/75","12/7231",0,1,"",1,""
"BP","GO:0021904","dorsal/ventral neural tube patterning",0,11,75,7231,0,"0/75","11/7231",0,1,"",1,""
"BP","GO:0021932","hindbrain radial glia guided cell migration",0,11,75,7231,0,"0/75","11/7231",0,1,"",1,""
"BP","GO:0021952","central nervous system projection neuron axonogenesis",0,21,75,7231,0,"0/75","21/7231",0,1,"",1,""
"BP","GO:0021953","central nervous system neuron differentiation",0,97,75,7231,0,"0/75","97/7231",0,1,"",1,""
"BP","GO:0021954","central nervous system neuron development",0,58,75,7231,0,"0/75","58/7231",0,1,"",1,""
"BP","GO:0021955","central nervous system neuron axonogenesis",0,30,75,7231,0,"0/75","30/7231",0,1,"",1,""
"BP","GO:0021987","cerebral cortex development",0,74,75,7231,0,"0/75","74/7231",0,1,"",1,""
"BP","GO:0021988","olfactory lobe development",0,17,75,7231,0,"0/75","17/7231",0,1,"",1,""
"BP","GO:0022010","central nervous system myelination",0,18,75,7231,0,"0/75","18/7231",0,1,"",1,""
"BP","GO:0022011","myelination in peripheral nervous system",0,19,75,7231,0,"0/75","19/7231",0,1,"",1,""
"BP","GO:0022029","telencephalon cell migration",0,46,75,7231,0,"0/75","46/7231",0,1,"",1,""
"BP","GO:0022030","telencephalon glial cell migration",0,23,75,7231,0,"0/75","23/7231",0,1,"",1,""
"BP","GO:0022037","metencephalon development",0,69,75,7231,0,"0/75","69/7231",0,1,"",1,""
"BP","GO:0022038","corpus callosum development",0,17,75,7231,0,"0/75","17/7231",0,1,"",1,""
"BP","GO:0022401","negative adaptation of signaling pathway",0,14,75,7231,0,"0/75","14/7231",0,1,"",1,""
"BP","GO:0022406","membrane docking",0,71,75,7231,0,"0/75","71/7231",0,1,"",1,""
"BP","GO:0022412","cellular process involved in reproduction in multicellular organism",0,139,75,7231,0,"0/75","139/7231",0,1,"",1,""
"BP","GO:0022600","digestive system process",0,40,75,7231,0,"0/75","40/7231",0,1,"",1,""
"BP","GO:0022602","ovulation cycle process",0,18,75,7231,0,"0/75","18/7231",0,1,"",1,""
"BP","GO:0022604","regulation of cell morphogenesis",0,195,75,7231,0,"0/75","195/7231",0,1,"",1,""
"BP","GO:0022612","gland morphogenesis",0,48,75,7231,0,"0/75","48/7231",0,1,"",1,""
"BP","GO:0022616","DNA strand elongation",0,10,75,7231,0,"0/75","10/7231",0,1,"",1,""
"BP","GO:0022617","extracellular matrix disassembly",0,16,75,7231,0,"0/75","16/7231",0,1,"",1,""
"BP","GO:0022618","protein-RNA complex assembly",0,130,75,7231,0,"0/75","130/7231",0,1,"",1,""
"CC","GO:0022624","proteasome accessory complex",0,23,75,7294,0,"0/75","23/7294",0,1,"",1,""
"CC","GO:0022625","cytosolic large ribosomal subunit",0,48,75,7294,0,"0/75","48/7294",0,1,"",1,""
"CC","GO:0022626","cytosolic ribosome",0,102,75,7294,0,"0/75","102/7294",0,1,"",1,""
"CC","GO:0022627","cytosolic small ribosomal subunit",0,38,75,7294,0,"0/75","38/7294",0,1,"",1,""
"MF","GO:0022804","active transmembrane transporter activity",0,215,72,7153,0,"0/72","215/7153",0,1,"",1,""
"MF","GO:0022824","transmitter-gated monoatomic ion channel activity",0,30,72,7153,0,"0/72","30/7153",0,1,"",1,""
"MF","GO:0022829","wide pore channel activity",0,13,72,7153,0,"0/72","13/7153",0,1,"",1,""
"MF","GO:0022832","voltage-gated channel activity",0,108,72,7153,0,"0/72","108/7153",0,1,"",1,""
"MF","GO:0022834","ligand-gated channel activity",0,64,72,7153,0,"0/72","64/7153",0,1,"",1,""
"MF","GO:0022835","transmitter-gated channel activity",0,30,72,7153,0,"0/72","30/7153",0,1,"",1,""
"MF","GO:0022836","gated channel activity",0,152,72,7153,0,"0/72","152/7153",0,1,"",1,""
"MF","GO:0022839","monoatomic ion gated channel activity",0,151,72,7153,0,"0/72","151/7153",0,1,"",1,""
"MF","GO:0022843","voltage-gated monoatomic cation channel activity",0,76,72,7153,0,"0/72","76/7153",0,1,"",1,""
"MF","GO:0022851","GABA-gated chloride ion channel activity",0,10,72,7153,0,"0/72","10/7153",0,1,"",1,""
"MF","GO:0022853","active monoatomic ion transmembrane transporter activity",0,126,72,7153,0,"0/72","126/7153",0,1,"",1,""
"MF","GO:0022858","alanine transmembrane transporter activity",0,11,72,7153,0,"0/72","11/7153",0,1,"",1,""
"MF","GO:0022884","macromolecule transmembrane transporter activity",0,23,72,7153,0,"0/72","23/7153",0,1,"",1,""
"BP","GO:0022900","electron transport chain",0,89,75,7231,0,"0/75","89/7231",0,1,"",1,""
"BP","GO:0022904","respiratory electron transport chain",0,83,75,7231,0,"0/75","83/7231",0,1,"",1,""
"BP","GO:0023058","adaptation of signaling pathway",0,15,75,7231,0,"0/75","15/7231",0,1,"",1,""
"BP","GO:0030007","intracellular potassium ion homeostasis",0,10,75,7231,0,"0/75","10/7231",0,1,"",1,""
"CC","GO:0030008","TRAPP complex",0,13,75,7294,0,"0/75","13/7294",0,1,"",1,""
"BP","GO:0030010","establishment of cell polarity",0,98,75,7231,0,"0/75","98/7231",0,1,"",1,""
"BP","GO:0030011","maintenance of cell polarity",0,14,75,7231,0,"0/75","14/7231",0,1,"",1,""
"CC","GO:0030014","CCR4-NOT complex",0,12,75,7294,0,"0/75","12/7294",0,1,"",1,""
"CC","GO:0030027","lamellipodium",0,145,75,7294,0,"0/75","145/7294",0,1,"",1,""
"BP","GO:0030033","microvillus assembly",0,10,75,7231,0,"0/75","10/7231",0,1,"",1,""
"BP","GO:0030038","contractile actin filament bundle assembly",0,78,75,7231,0,"0/75","78/7231",0,1,"",1,""
"BP","GO:0030048","actin filament-based movement",0,71,75,7231,0,"0/75","71/7231",0,1,"",1,""
"BP","GO:0030050","vesicle transport along actin filament",0,10,75,7231,0,"0/75","10/7231",0,1,"",1,""
"CC","GO:0030061","mitochondrial crista",0,10,75,7294,0,"0/75","10/7294",0,1,"",1,""
"CC","GO:0030062","mitochondrial tricarboxylic acid cycle enzyme complex",0,10,75,7294,0,"0/75","10/7294",0,1,"",1,""
"BP","GO:0030071","regulation of mitotic metaphase/anaphase transition",0,42,75,7231,0,"0/75","42/7231",0,1,"",1,""
"BP","GO:0030072","peptide hormone secretion",0,168,75,7231,0,"0/75","168/7231",0,1,"",1,""
"BP","GO:0030073","insulin secretion",0,143,75,7231,0,"0/75","143/7231",0,1,"",1,""
"BP","GO:0030111","regulation of Wnt signaling pathway",0,137,75,7231,0,"0/75","137/7231",0,1,"",1,""
"CC","GO:0030117","membrane coat",0,75,75,7294,0,"0/75","75/7294",0,1,"",1,""
"CC","GO:0030118","clathrin coat",0,38,75,7294,0,"0/75","38/7294",0,1,"",1,""
"CC","GO:0030119","AP-type membrane coat adaptor complex",0,36,75,7294,0,"0/75","36/7294",0,1,"",1,""
"CC","GO:0030120","vesicle coat",0,46,75,7294,0,"0/75","46/7294",0,1,"",1,""
"CC","GO:0030122","AP-2 adaptor complex",0,11,75,7294,0,"0/75","11/7294",0,1,"",1,""
"CC","GO:0030123","AP-3 adaptor complex",0,13,75,7294,0,"0/75","13/7294",0,1,"",1,""
"CC","GO:0030125","clathrin vesicle coat",0,26,75,7294,0,"0/75","26/7294",0,1,"",1,""
"CC","GO:0030126","COPI vesicle coat",0,10,75,7294,0,"0/75","10/7294",0,1,"",1,""
"CC","GO:0030128","clathrin coat of endocytic vesicle",0,12,75,7294,0,"0/75","12/7294",0,1,"",1,""
"CC","GO:0030130","clathrin coat of trans-Golgi network vesicle",0,11,75,7294,0,"0/75","11/7294",0,1,"",1,""
"CC","GO:0030131","clathrin adaptor complex",0,21,75,7294,0,"0/75","21/7294",0,1,"",1,""
"CC","GO:0030132","clathrin coat of coated pit",0,17,75,7294,0,"0/75","17/7294",0,1,"",1,""
"CC","GO:0030134","COPII-coated ER to Golgi transport vesicle",0,40,75,7294,0,"0/75","40/7294",0,1,"",1,""
"CC","GO:0030135","coated vesicle",0,153,75,7294,0,"0/75","153/7294",0,1,"",1,""
"CC","GO:0030136","clathrin-coated vesicle",0,88,75,7294,0,"0/75","88/7294",0,1,"",1,""
"CC","GO:0030137","COPI-coated vesicle",0,27,75,7294,0,"0/75","27/7294",0,1,"",1,""
"CC","GO:0030140","trans-Golgi network transport vesicle",0,24,75,7294,0,"0/75","24/7294",0,1,"",1,""
"CC","GO:0030141","secretory granule",0,179,75,7294,0,"0/75","179/7294",0,1,"",1,""
"MF","GO:0030145","manganese ion binding",0,39,72,7153,0,"0/72","39/7153",0,1,"",1,""
"BP","GO:0030150","protein import into mitochondrial matrix",0,16,75,7231,0,"0/75","16/7231",0,1,"",1,""
"MF","GO:0030159","signaling receptor complex adaptor activity",0,30,72,7153,0,"0/72","30/7153",0,1,"",1,""
"BP","GO:0030166","proteoglycan biosynthetic process",0,12,75,7231,0,"0/75","12/7231",0,1,"",1,""
"BP","GO:0030177","positive regulation of Wnt signaling pathway",0,64,75,7231,0,"0/75","64/7231",0,1,"",1,""
"BP","GO:0030178","negative regulation of Wnt signaling pathway",0,60,75,7231,0,"0/75","60/7231",0,1,"",1,""
"BP","GO:0030198","extracellular matrix organization",0,96,75,7231,0,"0/75","96/7231",0,1,"",1,""
"BP","GO:0030199","collagen fibril organization",0,15,75,7231,0,"0/75","15/7231",0,1,"",1,""
"BP","GO:0030203","glycosaminoglycan metabolic process",0,27,75,7231,0,"0/75","27/7231",0,1,"",1,""
"BP","GO:0030212","hyaluronan metabolic process",0,16,75,7231,0,"0/75","16/7231",0,1,"",1,""
"MF","GO:0030215","semaphorin receptor binding",0,10,72,7153,0,"0/72","10/7153",0,1,"",1,""
"BP","GO:0030220","platelet formation",0,11,75,7231,0,"0/75","11/7231",0,1,"",1,""
"BP","GO:0030225","macrophage differentiation",0,19,75,7231,0,"0/75","19/7231",0,1,"",1,""
"BP","GO:0030252","growth hormone secretion",0,11,75,7231,0,"0/75","11/7231",0,1,"",1,""
"BP","GO:0030258","lipid modification",0,119,75,7231,0,"0/75","119/7231",0,1,"",1,""
"BP","GO:0030261","chromosome condensation",0,12,75,7231,0,"0/75","12/7231",0,1,"",1,""
"MF","GO:0030275","LRR domain binding",0,12,72,7153,0,"0/72","12/7153",0,1,"",1,""
"CC","GO:0030286","dynein complex",0,21,75,7294,0,"0/75","21/7294",0,1,"",1,""
"MF","GO:0030291","protein serine/threonine kinase inhibitor activity",0,20,72,7153,0,"0/72","20/7153",0,1,"",1,""
"MF","GO:0030295","protein kinase activator activity",0,56,72,7153,0,"0/72","56/7153",0,1,"",1,""
"BP","GO:0030307","positive regulation of cell growth",0,126,75,7231,0,"0/75","126/7231",0,1,"",1,""
"CC","GO:0030315","T-tubule",0,48,75,7294,0,"0/75","48/7294",0,1,"",1,""
"BP","GO:0030316","osteoclast differentiation",0,43,75,7231,0,"0/75","43/7231",0,1,"",1,""
"BP","GO:0030317","flagellated sperm motility",0,29,75,7231,0,"0/75","29/7231",0,1,"",1,""
"BP","GO:0030325","adrenal gland development",0,13,75,7231,0,"0/75","13/7231",0,1,"",1,""
"BP","GO:0030326","embryonic limb morphogenesis",0,36,75,7231,0,"0/75","36/7231",0,1,"",1,""
"BP","GO:0030330","DNA damage response, signal transduction by p53 class mediator",0,25,75,7231,0,"0/75","25/7231",0,1,"",1,""
"MF","GO:0030331","nuclear estrogen receptor binding",0,25,72,7153,0,"0/72","25/7153",0,1,"",1,""
"MF","GO:0030332","cyclin binding",0,10,72,7153,0,"0/72","10/7153",0,1,"",1,""
"BP","GO:0030335","positive regulation of cell migration",0,280,75,7231,0,"0/75","280/7231",0,1,"",1,""
"MF","GO:0030371","translation repressor activity",0,19,72,7153,0,"0/72","19/7153",0,1,"",1,""
"BP","GO:0030433","ubiquitin-dependent ERAD pathway",0,55,75,7231,0,"0/75","55/7231",0,1,"",1,""
"BP","GO:0030490","maturation of SSU-rRNA",0,17,75,7231,0,"0/75","17/7231",0,1,"",1,""
"BP","GO:0030501","positive regulation of bone mineralization",0,21,75,7231,0,"0/75","21/7231",0,1,"",1,""
"MF","GO:0030506","ankyrin binding",0,14,72,7153,0,"0/72","14/7153",0,1,"",1,""
"MF","GO:0030507","spectrin binding",0,21,72,7153,0,"0/72","21/7153",0,1,"",1,""
"BP","GO:0030509","BMP signaling pathway",0,42,75,7231,0,"0/75","42/7231",0,1,"",1,""
"BP","GO:0030510","regulation of BMP signaling pathway",0,25,75,7231,0,"0/75","25/7231",0,1,"",1,""
"BP","GO:0030511","positive regulation of transforming growth factor beta receptor signaling pathway",0,16,75,7231,0,"0/75","16/7231",0,1,"",1,""
"BP","GO:0030512","negative regulation of transforming growth factor beta receptor signaling pathway",0,32,75,7231,0,"0/75","32/7231",0,1,"",1,""
"BP","GO:0030513","positive regulation of BMP signaling pathway",0,12,75,7231,0,"0/75","12/7231",0,1,"",1,""
"BP","GO:0030514","negative regulation of BMP signaling pathway",0,11,75,7231,0,"0/75","11/7231",0,1,"",1,""
"MF","GO:0030515","snoRNA binding",0,19,72,7153,0,"0/72","19/7153",0,1,"",1,""
"BP","GO:0030516","regulation of axon extension",0,74,75,7231,0,"0/75","74/7231",0,1,"",1,""
"BP","GO:0030517","negative regulation of axon extension",0,25,75,7231,0,"0/75","25/7231",0,1,"",1,""
"BP","GO:0030518","intracellular steroid hormone receptor signaling pathway",0,62,75,7231,0,"0/75","62/7231",0,1,"",1,""
"BP","GO:0030520","intracellular estrogen receptor signaling pathway",0,29,75,7231,0,"0/75","29/7231",0,1,"",1,""
"BP","GO:0030521","androgen receptor signaling pathway",0,22,75,7231,0,"0/75","22/7231",0,1,"",1,""
"MF","GO:0030527","structural constituent of chromatin",0,13,72,7153,0,"0/72","13/7153",0,1,"",1,""
"CC","GO:0030532","small nuclear ribonucleoprotein complex",0,63,75,7294,0,"0/75","63/7294",0,1,"",1,""
"BP","GO:0030534","adult behavior",0,114,75,7231,0,"0/75","114/7231",0,1,"",1,""
"MF","GO:0030544","Hsp70 protein binding",0,36,72,7153,0,"0/72","36/7153",0,1,"",1,""
"MF","GO:0030551","cyclic nucleotide binding",0,20,72,7153,0,"0/72","20/7153",0,1,"",1,""
"MF","GO:0030552","cAMP binding",0,15,72,7153,0,"0/72","15/7153",0,1,"",1,""
"BP","GO:0030574","collagen catabolic process",0,11,75,7231,0,"0/75","11/7231",0,1,"",1,""
"BP","GO:0030593","neutrophil chemotaxis",0,32,75,7231,0,"0/75","32/7231",0,1,"",1,""
"MF","GO:0030594","neurotransmitter receptor activity",0,41,72,7153,0,"0/72","41/7153",0,1,"",1,""
"BP","GO:0030595","leukocyte chemotaxis",0,75,75,7231,0,"0/75","75/7231",0,1,"",1,""
"BP","GO:0030641","regulation of cellular pH",0,47,75,7231,0,"0/75","47/7231",0,1,"",1,""
"CC","GO:0030660","Golgi-associated vesicle membrane",0,34,75,7294,0,"0/75","34/7294",0,1,"",1,""
"CC","GO:0030662","coated vesicle membrane",0,69,75,7294,0,"0/75","69/7294",0,1,"",1,""
"CC","GO:0030663","COPI-coated vesicle membrane",0,14,75,7294,0,"0/75","14/7294",0,1,"",1,""
"CC","GO:0030665","clathrin-coated vesicle membrane",0,38,75,7294,0,"0/75","38/7294",0,1,"",1,""
"CC","GO:0030667","secretory granule membrane",0,43,75,7294,0,"0/75","43/7294",0,1,"",1,""
"CC","GO:0030669","clathrin-coated endocytic vesicle membrane",0,12,75,7294,0,"0/75","12/7294",0,1,"",1,""
"CC","GO:0030687","preribosome, large subunit precursor",0,12,75,7294,0,"0/75","12/7294",0,1,"",1,""
"MF","GO:0030695","GTPase regulator activity",0,288,72,7153,0,"0/72","288/7153",0,1,"",1,""
"MF","GO:0030742","GTP-dependent protein binding",0,17,72,7153,0,"0/72","17/7153",0,1,"",1,""
"BP","GO:0030808","regulation of nucleotide biosynthetic process",0,21,75,7231,0,"0/75","21/7231",0,1,"",1,""
"BP","GO:0030810","positive regulation of nucleotide biosynthetic process",0,10,75,7231,0,"0/75","10/7231",0,1,"",1,""
"BP","GO:0030835","negative regulation of actin filament depolymerization",0,34,75,7231,0,"0/75","34/7231",0,1,"",1,""
"BP","GO:0030838","positive regulation of actin filament polymerization",0,37,75,7231,0,"0/75","37/7231",0,1,"",1,""
"BP","GO:0030850","prostate gland development",0,18,75,7231,0,"0/75","18/7231",0,1,"",1,""
"BP","GO:0030857","negative regulation of epithelial cell differentiation",0,15,75,7231,0,"0/75","15/7231",0,1,"",1,""
"BP","GO:0030858","positive regulation of epithelial cell differentiation",0,16,75,7231,0,"0/75","16/7231",0,1,"",1,""
"BP","GO:0030859","polarized epithelial cell differentiation",0,16,75,7231,0,"0/75","16/7231",0,1,"",1,""
"CC","GO:0030867","rough endoplasmic reticulum membrane",0,12,75,7294,0,"0/75","12/7294",0,1,"",1,""
"BP","GO:0030878","thyroid gland development",0,11,75,7231,0,"0/75","11/7231",0,1,"",1,""
"BP","GO:0030879","mammary gland development",0,40,75,7231,0,"0/75","40/7231",0,1,"",1,""
"CC","GO:0030880","RNA polymerase complex",0,44,75,7294,0,"0/75","44/7294",0,1,"",1,""
"BP","GO:0030888","regulation of B cell proliferation",0,21,75,7231,0,"0/75","21/7231",0,1,"",1,""
"BP","GO:0030890","positive regulation of B cell proliferation",0,14,75,7231,0,"0/75","14/7231",0,1,"",1,""
"CC","GO:0030897","HOPS complex",0,11,75,7294,0,"0/75","11/7294",0,1,"",1,""
"BP","GO:0030901","midbrain development",0,14,75,7231,0,"0/75","14/7231",0,1,"",1,""
"BP","GO:0030902","hindbrain development",0,90,75,7231,0,"0/75","90/7231",0,1,"",1,""
"CC","GO:0030904","retromer complex",0,17,75,7294,0,"0/75","17/7294",0,1,"",1,""
"BP","GO:0030947","regulation of vascular endothelial growth factor receptor signaling pathway",0,13,75,7231,0,"0/75","13/7231",0,1,"",1,""
"MF","GO:0030955","potassium ion binding",0,10,72,7153,0,"0/72","10/7153",0,1,"",1,""
"CC","GO:0030964","NADH dehydrogenase complex",0,45,75,7294,0,"0/75","45/7294",0,1,"",1,""
"BP","GO:0030968","endoplasmic reticulum unfolded protein response",0,37,75,7231,0,"0/75","37/7231",0,1,"",1,""
"BP","GO:0030970","retrograde protein transport, ER to cytosol",0,20,75,7231,0,"0/75","20/7231",0,1,"",1,""
"MF","GO:0030971","receptor tyrosine kinase binding",0,47,72,7153,0,"0/72","47/7153",0,1,"",1,""
"CC","GO:0030990","intraciliary transport particle",0,13,75,7294,0,"0/75","13/7294",0,1,"",1,""
"BP","GO:0031016","pancreas development",0,18,75,7231,0,"0/75","18/7231",0,1,"",1,""
"BP","GO:0031018","endocrine pancreas development",0,10,75,7231,0,"0/75","10/7231",0,1,"",1,""
"CC","GO:0031045","dense core granule",0,34,75,7294,0,"0/75","34/7294",0,1,"",1,""
"BP","GO:0031047","regulatory ncRNA-mediated gene silencing",0,72,75,7231,0,"0/75","72/7231",0,1,"",1,""
"BP","GO:0031053","primary miRNA processing",0,11,75,7231,0,"0/75","11/7231",0,1,"",1,""
"BP","GO:0031056","regulation of histone modification",0,23,75,7231,0,"0/75","23/7231",0,1,"",1,""
"CC","GO:0031080","nuclear pore outer ring",0,10,75,7294,0,"0/75","10/7294",0,1,"",1,""
"CC","GO:0031091","platelet alpha granule",0,12,75,7294,0,"0/75","12/7294",0,1,"",1,""
"BP","GO:0031098","stress-activated protein kinase signaling cascade",0,116,75,7231,0,"0/75","116/7231",0,1,"",1,""
"BP","GO:0031099","regeneration",0,79,75,7231,0,"0/75","79/7231",0,1,"",1,""
"BP","GO:0031100","animal organ regeneration",0,11,75,7231,0,"0/75","11/7231",0,1,"",1,""
"BP","GO:0031102","neuron projection regeneration",0,45,75,7231,0,"0/75","45/7231",0,1,"",1,""
"BP","GO:0031103","axon regeneration",0,40,75,7231,0,"0/75","40/7231",0,1,"",1,""
"CC","GO:0031105","septin complex",0,10,75,7294,0,"0/75","10/7294",0,1,"",1,""
"BP","GO:0031111","negative regulation of microtubule polymerization or depolymerization",0,38,75,7231,0,"0/75","38/7231",0,1,"",1,""
"BP","GO:0031114","regulation of microtubule depolymerization",0,28,75,7231,0,"0/75","28/7231",0,1,"",1,""
"BP","GO:0031115","negative regulation of microtubule polymerization",0,14,75,7231,0,"0/75","14/7231",0,1,"",1,""
"BP","GO:0031123","RNA 3'-end processing",0,71,75,7231,0,"0/75","71/7231",0,1,"",1,""
"BP","GO:0031124","mRNA 3'-end processing",0,39,75,7231,0,"0/75","39/7231",0,1,"",1,""
"BP","GO:0031126","sno(s)RNA 3'-end processing",0,12,75,7231,0,"0/75","12/7231",0,1,"",1,""
"BP","GO:0031145","anaphase-promoting complex-dependent catabolic process",0,10,75,7231,0,"0/75","10/7231",0,1,"",1,""
"BP","GO:0031146","SCF-dependent proteasomal ubiquitin-dependent protein catabolic process",0,22,75,7231,0,"0/75","22/7231",0,1,"",1,""
"BP","GO:0031163","metallo-sulfur cluster assembly",0,24,75,7231,0,"0/75","24/7231",0,1,"",1,""
"CC","GO:0031201","SNARE complex",0,41,75,7294,0,"0/75","41/7294",0,1,"",1,""
"CC","GO:0031209","SCAR complex",0,12,75,7294,0,"0/75","12/7294",0,1,"",1,""
"MF","GO:0031210","phosphatidylcholine binding",0,19,72,7153,0,"0/72","19/7153",0,1,"",1,""
"CC","GO:0031248","protein acetyltransferase complex",0,39,75,7294,0,"0/75","39/7294",0,1,"",1,""
"MF","GO:0031267","small GTPase binding",0,216,72,7153,0,"0/72","216/7153",0,1,"",1,""
"BP","GO:0031279","regulation of cyclase activity",0,22,75,7231,0,"0/75","22/7231",0,1,"",1,""
"BP","GO:0031281","positive regulation of cyclase activity",0,18,75,7231,0,"0/75","18/7231",0,1,"",1,""
"BP","GO:0031290","retinal ganglion cell axon guidance",0,13,75,7231,0,"0/75","13/7231",0,1,"",1,""
"BP","GO:0031297","replication fork processing",0,14,75,7231,0,"0/75","14/7231",0,1,"",1,""
"CC","GO:0031312","extrinsic component of organelle membrane",0,34,75,7294,0,"0/75","34/7294",0,1,"",1,""
"CC","GO:0031332","RNAi effector complex",0,11,75,7294,0,"0/75","11/7294",0,1,"",1,""
"BP","GO:0031338","regulation of vesicle fusion",0,30,75,7231,0,"0/75","30/7231",0,1,"",1,""
"BP","GO:0031340","positive regulation of vesicle fusion",0,18,75,7231,0,"0/75","18/7231",0,1,"",1,""
"BP","GO:0031342","negative regulation of cell killing",0,13,75,7231,0,"0/75","13/7231",0,1,"",1,""
"BP","GO:0031343","positive regulation of cell killing",0,19,75,7231,0,"0/75","19/7231",0,1,"",1,""
"BP","GO:0031346","positive regulation of cell projection organization",0,296,75,7231,0,"0/75","296/7231",0,1,"",1,""
"BP","GO:0031365","N-terminal protein amino acid modification",0,19,75,7231,0,"0/75","19/7231",0,1,"",1,""
"MF","GO:0031369","translation initiation factor binding",0,29,72,7153,0,"0/72","29/7153",0,1,"",1,""
"BP","GO:0031397","negative regulation of protein ubiquitination",0,49,75,7231,0,"0/75","49/7231",0,1,"",1,""
"MF","GO:0031406","carboxylic acid binding",0,104,72,7153,0,"0/72","104/7153",0,1,"",1,""
"MF","GO:0031420","alkali metal ion binding",0,16,72,7153,0,"0/72","16/7153",0,1,"",1,""
"MF","GO:0031434","mitogen-activated protein kinase kinase binding",0,14,72,7153,0,"0/72","14/7153",0,1,"",1,""
"MF","GO:0031435","mitogen-activated protein kinase kinase kinase binding",0,16,72,7153,0,"0/72","16/7153",0,1,"",1,""
"BP","GO:0031440","regulation of mRNA 3'-end processing",0,11,75,7231,0,"0/75","11/7231",0,1,"",1,""
"CC","GO:0031463","Cul3-RING ubiquitin ligase complex",0,23,75,7294,0,"0/75","23/7294",0,1,"",1,""
"BP","GO:0031468","nuclear membrane reassembly",0,17,75,7231,0,"0/75","17/7231",0,1,"",1,""
"MF","GO:0031489","myosin V binding",0,17,72,7153,0,"0/72","17/7153",0,1,"",1,""
"MF","GO:0031490","chromatin DNA binding",0,42,72,7153,0,"0/72","42/7153",0,1,"",1,""
"MF","GO:0031491","nucleosome binding",0,23,72,7153,0,"0/72","23/7153",0,1,"",1,""
"MF","GO:0031492","nucleosomal DNA binding",0,10,72,7153,0,"0/72","10/7153",0,1,"",1,""
"BP","GO:0031503","protein-containing complex localization",0,175,75,7231,0,"0/75","175/7231",0,1,"",1,""
"BP","GO:0031507","heterochromatin formation",0,34,75,7231,0,"0/75","34/7231",0,1,"",1,""
"CC","GO:0031514","motile cilium",0,69,75,7294,0,"0/75","69/7294",0,1,"",1,""
"CC","GO:0031526","brush border membrane",0,29,75,7294,0,"0/75","29/7294",0,1,"",1,""
"CC","GO:0031527","filopodium membrane",0,13,75,7294,0,"0/75","13/7294",0,1,"",1,""
"CC","GO:0031528","microvillus membrane",0,13,75,7294,0,"0/75","13/7294",0,1,"",1,""
"BP","GO:0031529","ruffle organization",0,41,75,7231,0,"0/75","41/7231",0,1,"",1,""
"BP","GO:0031570","DNA integrity checkpoint signaling",0,43,75,7231,0,"0/75","43/7231",0,1,"",1,""
"BP","GO:0031577","spindle checkpoint signaling",0,13,75,7231,0,"0/75","13/7231",0,1,"",1,""
"CC","GO:0031588","nucleotide-activated protein kinase complex",0,10,75,7294,0,"0/75","10/7294",0,1,"",1,""
"CC","GO:0031616","spindle pole centrosome",0,10,75,7294,0,"0/75","10/7294",0,1,"",1,""
"MF","GO:0031624","ubiquitin conjugating enzyme binding",0,17,72,7153,0,"0/72","17/7153",0,1,"",1,""
"MF","GO:0031625","ubiquitin protein ligase binding",0,187,72,7153,0,"0/72","187/7153",0,1,"",1,""
"BP","GO:0031629","synaptic vesicle fusion to presynaptic active zone membrane",0,28,75,7231,0,"0/75","28/7231",0,1,"",1,""
"BP","GO:0031630","regulation of synaptic vesicle fusion to presynaptic active zone membrane",0,19,75,7231,0,"0/75","19/7231",0,1,"",1,""
"BP","GO:0031632","positive regulation of synaptic vesicle fusion to presynaptic active zone membrane",0,13,75,7231,0,"0/75","13/7231",0,1,"",1,""
"BP","GO:0031638","zymogen activation",0,26,75,7231,0,"0/75","26/7231",0,1,"",1,""
"BP","GO:0031639","plasminogen activation",0,16,75,7231,0,"0/75","16/7231",0,1,"",1,""
"BP","GO:0031641","regulation of myelination",0,28,75,7231,0,"0/75","28/7231",0,1,"",1,""
"BP","GO:0031643","positive regulation of myelination",0,11,75,7231,0,"0/75","11/7231",0,1,"",1,""
"BP","GO:0031644","regulation of nervous system process",0,95,75,7231,0,"0/75","95/7231",0,1,"",1,""
"BP","GO:0031646","positive regulation of nervous system process",0,24,75,7231,0,"0/75","24/7231",0,1,"",1,""
"BP","GO:0031648","protein destabilization",0,26,75,7231,0,"0/75","26/7231",0,1,"",1,""
"BP","GO:0031670","cellular response to nutrient",0,13,75,7231,0,"0/75","13/7231",0,1,"",1,""
"CC","GO:0031672","A band",0,19,75,7294,0,"0/75","19/7294",0,1,"",1,""
"MF","GO:0031683","G-protein beta/gamma-subunit complex binding",0,16,72,7153,0,"0/72","16/7153",0,1,"",1,""
"MF","GO:0031690","adrenergic receptor binding",0,18,72,7153,0,"0/72","18/7153",0,1,"",1,""
"MF","GO:0031748","D1 dopamine receptor binding",0,11,72,7153,0,"0/72","11/7153",0,1,"",1,""
"CC","GO:0031901","early endosome membrane",0,67,75,7294,0,"0/75","67/7294",0,1,"",1,""
"CC","GO:0031903","microbody membrane",0,35,75,7294,0,"0/75","35/7294",0,1,"",1,""
"CC","GO:0031907","microbody lumen",0,20,75,7294,0,"0/75","20/7294",0,1,"",1,""
"CC","GO:0031941","filamentous actin",0,23,75,7294,0,"0/75","23/7294",0,1,"",1,""
"BP","GO:0031952","regulation of protein autophosphorylation",0,21,75,7231,0,"0/75","21/7231",0,1,"",1,""
"BP","GO:0031954","positive regulation of protein autophosphorylation",0,10,75,7231,0,"0/75","10/7231",0,1,"",1,""
"BP","GO:0031958","corticosteroid receptor signaling pathway",0,13,75,7231,0,"0/75","13/7231",0,1,"",1,""
"CC","GO:0031965","nuclear membrane",0,146,75,7294,0,"0/75","146/7294",0,1,"",1,""
"CC","GO:0031968","organelle outer membrane",0,155,75,7294,0,"0/75","155/7294",0,1,"",1,""
"CC","GO:0031970","organelle envelope lumen",0,57,75,7294,0,"0/75","57/7294",0,1,"",1,""
"BP","GO:0031987","locomotion involved in locomotory behavior",0,10,75,7231,0,"0/75","10/7231",0,1,"",1,""
"BP","GO:0031998","regulation of fatty acid beta-oxidation",0,14,75,7231,0,"0/75","14/7231",0,1,"",1,""
"BP","GO:0032007","negative regulation of TOR signaling",0,42,75,7231,0,"0/75","42/7231",0,1,"",1,""
"BP","GO:0032011","ARF protein signal transduction",0,17,75,7231,0,"0/75","17/7231",0,1,"",1,""
"BP","GO:0032012","regulation of ARF protein signal transduction",0,17,75,7231,0,"0/75","17/7231",0,1,"",1,""
"BP","GO:0032024","positive regulation of insulin secretion",0,67,75,7231,0,"0/75","67/7231",0,1,"",1,""
"CC","GO:0032039","integrator complex",0,12,75,7294,0,"0/75","12/7294",0,1,"",1,""
"BP","GO:0032042","mitochondrial DNA metabolic process",0,13,75,7231,0,"0/75","13/7231",0,1,"",1,""
"CC","GO:0032045","guanyl-nucleotide exchange factor complex",0,14,75,7294,0,"0/75","14/7294",0,1,"",1,""
"BP","GO:0032048","cardiolipin metabolic process",0,13,75,7231,0,"0/75","13/7231",0,1,"",1,""
"BP","GO:0032069","regulation of nuclease activity",0,10,75,7231,0,"0/75","10/7231",0,1,"",1,""
"BP","GO:0032088","negative regulation of NF-kappaB transcription factor activity",0,38,75,7231,0,"0/75","38/7231",0,1,"",1,""
"BP","GO:0032092","positive regulation of protein binding",0,65,75,7231,0,"0/75","65/7231",0,1,"",1,""
"BP","GO:0032094","response to food",0,15,75,7231,0,"0/75","15/7231",0,1,"",1,""
"BP","GO:0032104","regulation of response to extracellular stimulus",0,14,75,7231,0,"0/75","14/7231",0,1,"",1,""
"BP","GO:0032107","regulation of response to nutrient levels",0,14,75,7231,0,"0/75","14/7231",0,1,"",1,""
"BP","GO:0032147","activation of protein kinase activity",0,38,75,7231,0,"0/75","38/7231",0,1,"",1,""
"BP","GO:0032148","activation of protein kinase B activity",0,12,75,7231,0,"0/75","12/7231",0,1,"",1,""
"CC","GO:0032153","cell division site",0,43,75,7294,0,"0/75","43/7294",0,1,"",1,""
"CC","GO:0032154","cleavage furrow",0,27,75,7294,0,"0/75","27/7294",0,1,"",1,""
"CC","GO:0032156","septin cytoskeleton",0,11,75,7294,0,"0/75","11/7294",0,1,"",1,""
"BP","GO:0032200","telomere organization",0,76,75,7231,0,"0/75","76/7231",0,1,"",1,""
"BP","GO:0032204","regulation of telomere maintenance",0,61,75,7231,0,"0/75","61/7231",0,1,"",1,""
"BP","GO:0032205","negative regulation of telomere maintenance",0,20,75,7231,0,"0/75","20/7231",0,1,"",1,""
"BP","GO:0032206","positive regulation of telomere maintenance",0,40,75,7231,0,"0/75","40/7231",0,1,"",1,""
"BP","GO:0032210","regulation of telomere maintenance via telomerase",0,35,75,7231,0,"0/75","35/7231",0,1,"",1,""
"BP","GO:0032211","negative regulation of telomere maintenance via telomerase",0,13,75,7231,0,"0/75","13/7231",0,1,"",1,""
"BP","GO:0032212","positive regulation of telomere maintenance via telomerase",0,22,75,7231,0,"0/75","22/7231",0,1,"",1,""
"BP","GO:0032231","regulation of actin filament bundle assembly",0,77,75,7231,0,"0/75","77/7231",0,1,"",1,""
"BP","GO:0032232","negative regulation of actin filament bundle assembly",0,24,75,7231,0,"0/75","24/7231",0,1,"",1,""
"BP","GO:0032233","positive regulation of actin filament bundle assembly",0,49,75,7231,0,"0/75","49/7231",0,1,"",1,""
"BP","GO:0032239","regulation of nucleobase-containing compound transport",0,13,75,7231,0,"0/75","13/7231",0,1,"",1,""
"BP","GO:0032252","secretory granule localization",0,16,75,7231,0,"0/75","16/7231",0,1,"",1,""
"BP","GO:0032253","dense core granule localization",0,13,75,7231,0,"0/75","13/7231",0,1,"",1,""
"BP","GO:0032261","purine nucleotide salvage",0,17,75,7231,0,"0/75","17/7231",0,1,"",1,""
"MF","GO:0032266","phosphatidylinositol-3-phosphate binding",0,29,72,7153,0,"0/72","29/7153",0,1,"",1,""
"CC","GO:0032281","AMPA glutamate receptor complex",0,25,75,7294,0,"0/75","25/7294",0,1,"",1,""
"BP","GO:0032288","myelin assembly",0,20,75,7231,0,"0/75","20/7231",0,1,"",1,""
"BP","GO:0032291","axon ensheathment in central nervous system",0,18,75,7231,0,"0/75","18/7231",0,1,"",1,""
"BP","GO:0032292","peripheral nervous system axon ensheathment",0,19,75,7231,0,"0/75","19/7231",0,1,"",1,""
"BP","GO:0032309","icosanoid secretion",0,12,75,7231,0,"0/75","12/7231",0,1,"",1,""
"BP","GO:0032328","alanine transport",0,12,75,7231,0,"0/75","12/7231",0,1,"",1,""
"BP","GO:0032330","regulation of chondrocyte differentiation",0,14,75,7231,0,"0/75","14/7231",0,1,"",1,""
"BP","GO:0032350","regulation of hormone metabolic process",0,16,75,7231,0,"0/75","16/7231",0,1,"",1,""
"BP","GO:0032365","intracellular lipid transport",0,30,75,7231,0,"0/75","30/7231",0,1,"",1,""
"BP","GO:0032366","intracellular sterol transport",0,21,75,7231,0,"0/75","21/7231",0,1,"",1,""
"BP","GO:0032367","intracellular cholesterol transport",0,19,75,7231,0,"0/75","19/7231",0,1,"",1,""
"BP","GO:0032370","positive regulation of lipid transport",0,41,75,7231,0,"0/75","41/7231",0,1,"",1,""
"BP","GO:0032373","positive regulation of sterol transport",0,21,75,7231,0,"0/75","21/7231",0,1,"",1,""
"BP","GO:0032376","positive regulation of cholesterol transport",0,21,75,7231,0,"0/75","21/7231",0,1,"",1,""
"BP","GO:0032387","negative regulation of intracellular transport",0,47,75,7231,0,"0/75","47/7231",0,1,"",1,""
"CC","GO:0032391","photoreceptor connecting cilium",0,19,75,7294,0,"0/75","19/7294",0,1,"",1,""
"BP","GO:0032392","DNA geometric change",0,15,75,7231,0,"0/75","15/7231",0,1,"",1,""
"BP","GO:0032400","melanosome localization",0,12,75,7231,0,"0/75","12/7231",0,1,"",1,""
"BP","GO:0032401","establishment of melanosome localization",0,10,75,7231,0,"0/75","10/7231",0,1,"",1,""
"BP","GO:0032418","lysosome localization",0,50,75,7231,0,"0/75","50/7231",0,1,"",1,""
"CC","GO:0032420","stereocilium",0,26,75,7294,0,"0/75","26/7294",0,1,"",1,""
"CC","GO:0032421","stereocilium bundle",0,30,75,7294,0,"0/75","30/7294",0,1,"",1,""
"CC","GO:0032432","actin filament bundle",0,70,75,7294,0,"0/75","70/7294",0,1,"",1,""
"CC","GO:0032433","filopodium tip",0,13,75,7294,0,"0/75","13/7294",0,1,"",1,""
"BP","GO:0032434","regulation of proteasomal ubiquitin-dependent protein catabolic process",0,86,75,7231,0,"0/75","86/7231",0,1,"",1,""
"BP","GO:0032435","negative regulation of proteasomal ubiquitin-dependent protein catabolic process",0,27,75,7231,0,"0/75","27/7231",0,1,"",1,""
"BP","GO:0032436","positive regulation of proteasomal ubiquitin-dependent protein catabolic process",0,51,75,7231,0,"0/75","51/7231",0,1,"",1,""
"BP","GO:0032465","regulation of cytokinesis",0,38,75,7231,0,"0/75","38/7231",0,1,"",1,""
"BP","GO:0032467","positive regulation of cytokinesis",0,16,75,7231,0,"0/75","16/7231",0,1,"",1,""
"BP","GO:0032469","endoplasmic reticulum calcium ion homeostasis",0,19,75,7231,0,"0/75","19/7231",0,1,"",1,""
"BP","GO:0032479","regulation of type I interferon production",0,47,75,7231,0,"0/75","47/7231",0,1,"",1,""
"BP","GO:0032480","negative regulation of type I interferon production",0,21,75,7231,0,"0/75","21/7231",0,1,"",1,""
"BP","GO:0032481","positive regulation of type I interferon production",0,27,75,7231,0,"0/75","27/7231",0,1,"",1,""
"BP","GO:0032482","Rab protein signal transduction",0,16,75,7231,0,"0/75","16/7231",0,1,"",1,""
"BP","GO:0032486","Rap protein signal transduction",0,10,75,7231,0,"0/75","10/7231",0,1,"",1,""
"BP","GO:0032495","response to muramyl dipeptide",0,10,75,7231,0,"0/75","10/7231",0,1,"",1,""
"BP","GO:0032506","cytokinetic process",0,26,75,7231,0,"0/75","26/7231",0,1,"",1,""
"BP","GO:0032507","maintenance of protein location in cell",0,42,75,7231,0,"0/75","42/7231",0,1,"",1,""
"BP","GO:0032508","DNA duplex unwinding",0,12,75,7231,0,"0/75","12/7231",0,1,"",1,""
"BP","GO:0032509","endosome transport via multivesicular body sorting pathway",0,27,75,7231,0,"0/75","27/7231",0,1,"",1,""
"BP","GO:0032510","endosome to lysosome transport via multivesicular body sorting pathway",0,16,75,7231,0,"0/75","16/7231",0,1,"",1,""
"BP","GO:0032511","late endosome to vacuole transport via multivesicular body sorting pathway",0,14,75,7231,0,"0/75","14/7231",0,1,"",1,""
"BP","GO:0032515","negative regulation of phosphoprotein phosphatase activity",0,15,75,7231,0,"0/75","15/7231",0,1,"",1,""
"BP","GO:0032516","positive regulation of phosphoprotein phosphatase activity",0,10,75,7231,0,"0/75","10/7231",0,1,"",1,""
"BP","GO:0032527","protein exit from endoplasmic reticulum",0,30,75,7231,0,"0/75","30/7231",0,1,"",1,""
"BP","GO:0032528","microvillus organization",0,14,75,7231,0,"0/75","14/7231",0,1,"",1,""
"BP","GO:0032543","mitochondrial translation",0,115,75,7231,0,"0/75","115/7231",0,1,"",1,""
"CC","GO:0032580","Golgi cisterna membrane",0,12,75,7294,0,"0/75","12/7294",0,1,"",1,""
"CC","GO:0032585","multivesicular body membrane",0,16,75,7294,0,"0/75","16/7294",0,1,"",1,""
"CC","GO:0032587","ruffle membrane",0,62,75,7294,0,"0/75","62/7294",0,1,"",1,""
"CC","GO:0032588","trans-Golgi network membrane",0,34,75,7294,0,"0/75","34/7294",0,1,"",1,""
"CC","GO:0032590","dendrite membrane",0,37,75,7294,0,"0/75","37/7294",0,1,"",1,""
"CC","GO:0032591","dendritic spine membrane",0,10,75,7294,0,"0/75","10/7294",0,1,"",1,""
"BP","GO:0032602","chemokine production",0,28,75,7231,0,"0/75","28/7231",0,1,"",1,""
"BP","GO:0032606","type I interferon production",0,50,75,7231,0,"0/75","50/7231",0,1,"",1,""
"BP","GO:0032607","interferon-alpha production",0,14,75,7231,0,"0/75","14/7231",0,1,"",1,""
"BP","GO:0032608","interferon-beta production",0,25,75,7231,0,"0/75","25/7231",0,1,"",1,""
"BP","GO:0032609","type II interferon production",0,26,75,7231,0,"0/75","26/7231",0,1,"",1,""
"BP","GO:0032611","interleukin-1 beta production",0,28,75,7231,0,"0/75","28/7231",0,1,"",1,""
"BP","GO:0032612","interleukin-1 production",0,37,75,7231,0,"0/75","37/7231",0,1,"",1,""
"BP","GO:0032613","interleukin-10 production",0,15,75,7231,0,"0/75","15/7231",0,1,"",1,""
"BP","GO:0032615","interleukin-12 production",0,17,75,7231,0,"0/75","17/7231",0,1,"",1,""
"BP","GO:0032623","interleukin-2 production",0,26,75,7231,0,"0/75","26/7231",0,1,"",1,""
"BP","GO:0032633","interleukin-4 production",0,11,75,7231,0,"0/75","11/7231",0,1,"",1,""
"BP","GO:0032635","interleukin-6 production",0,50,75,7231,0,"0/75","50/7231",0,1,"",1,""
"BP","GO:0032637","interleukin-8 production",0,18,75,7231,0,"0/75","18/7231",0,1,"",1,""
"BP","GO:0032640","tumor necrosis factor production",0,64,75,7231,0,"0/75","64/7231",0,1,"",1,""
"BP","GO:0032642","regulation of chemokine production",0,25,75,7231,0,"0/75","25/7231",0,1,"",1,""
"BP","GO:0032647","regulation of interferon-alpha production",0,12,75,7231,0,"0/75","12/7231",0,1,"",1,""
"BP","GO:0032648","regulation of interferon-beta production",0,25,75,7231,0,"0/75","25/7231",0,1,"",1,""
"BP","GO:0032649","regulation of type II interferon production",0,24,75,7231,0,"0/75","24/7231",0,1,"",1,""
"BP","GO:0032651","regulation of interleukin-1 beta production",0,27,75,7231,0,"0/75","27/7231",0,1,"",1,""
"BP","GO:0032652","regulation of interleukin-1 production",0,36,75,7231,0,"0/75","36/7231",0,1,"",1,""
"BP","GO:0032653","regulation of interleukin-10 production",0,13,75,7231,0,"0/75","13/7231",0,1,"",1,""
"BP","GO:0032655","regulation of interleukin-12 production",0,15,75,7231,0,"0/75","15/7231",0,1,"",1,""
"BP","GO:0032663","regulation of interleukin-2 production",0,23,75,7231,0,"0/75","23/7231",0,1,"",1,""
"BP","GO:0032673","regulation of interleukin-4 production",0,10,75,7231,0,"0/75","10/7231",0,1,"",1,""
"BP","GO:0032675","regulation of interleukin-6 production",0,48,75,7231,0,"0/75","48/7231",0,1,"",1,""
"BP","GO:0032677","regulation of interleukin-8 production",0,18,75,7231,0,"0/75","18/7231",0,1,"",1,""
"BP","GO:0032680","regulation of tumor necrosis factor production",0,61,75,7231,0,"0/75","61/7231",0,1,"",1,""
"BP","GO:0032691","negative regulation of interleukin-1 beta production",0,11,75,7231,0,"0/75","11/7231",0,1,"",1,""
"BP","GO:0032692","negative regulation of interleukin-1 production",0,13,75,7231,0,"0/75","13/7231",0,1,"",1,""
"BP","GO:0032715","negative regulation of interleukin-6 production",0,15,75,7231,0,"0/75","15/7231",0,1,"",1,""
"BP","GO:0032720","negative regulation of tumor necrosis factor production",0,13,75,7231,0,"0/75","13/7231",0,1,"",1,""
"BP","GO:0032722","positive regulation of chemokine production",0,19,75,7231,0,"0/75","19/7231",0,1,"",1,""
"BP","GO:0032727","positive regulation of interferon-alpha production",0,11,75,7231,0,"0/75","11/7231",0,1,"",1,""
"BP","GO:0032728","positive regulation of interferon-beta production",0,15,75,7231,0,"0/75","15/7231",0,1,"",1,""
"BP","GO:0032729","positive regulation of type II interferon production",0,16,75,7231,0,"0/75","16/7231",0,1,"",1,""
"BP","GO:0032731","positive regulation of interleukin-1 beta production",0,14,75,7231,0,"0/75","14/7231",0,1,"",1,""
"BP","GO:0032732","positive regulation of interleukin-1 production",0,20,75,7231,0,"0/75","20/7231",0,1,"",1,""
"BP","GO:0032733","positive regulation of interleukin-10 production",0,10,75,7231,0,"0/75","10/7231",0,1,"",1,""
"BP","GO:0032735","positive regulation of interleukin-12 production",0,10,75,7231,0,"0/75","10/7231",0,1,"",1,""
"BP","GO:0032743","positive regulation of interleukin-2 production",0,15,75,7231,0,"0/75","15/7231",0,1,"",1,""
"BP","GO:0032755","positive regulation of interleukin-6 production",0,30,75,7231,0,"0/75","30/7231",0,1,"",1,""
"BP","GO:0032757","positive regulation of interleukin-8 production",0,12,75,7231,0,"0/75","12/7231",0,1,"",1,""
"BP","GO:0032760","positive regulation of tumor necrosis factor production",0,44,75,7231,0,"0/75","44/7231",0,1,"",1,""
"BP","GO:0032768","regulation of monooxygenase activity",0,18,75,7231,0,"0/75","18/7231",0,1,"",1,""
"BP","GO:0032780","negative regulation of ATP-dependent activity",0,11,75,7231,0,"0/75","11/7231",0,1,"",1,""
"BP","GO:0032781","positive regulation of ATP-dependent activity",0,29,75,7231,0,"0/75","29/7231",0,1,"",1,""
"BP","GO:0032785","negative regulation of DNA-templated transcription, elongation",0,10,75,7231,0,"0/75","10/7231",0,1,"",1,""
"BP","GO:0032790","ribosome disassembly",0,12,75,7231,0,"0/75","12/7231",0,1,"",1,""
"BP","GO:0032793","positive regulation of CREB transcription factor activity",0,11,75,7231,0,"0/75","11/7231",0,1,"",1,""
"MF","GO:0032794","GTPase activating protein binding",0,17,72,7153,0,"0/72","17/7153",0,1,"",1,""
"BP","GO:0032801","receptor catabolic process",0,19,75,7231,0,"0/75","19/7231",0,1,"",1,""
"CC","GO:0032806","carboxy-terminal domain protein kinase complex",0,16,75,7294,0,"0/75","16/7294",0,1,"",1,""
"CC","GO:0032809","neuronal cell body membrane",0,28,75,7294,0,"0/75","28/7294",0,1,"",1,""
"MF","GO:0032813","tumor necrosis factor receptor superfamily binding",0,15,72,7153,0,"0/72","15/7153",0,1,"",1,""
"BP","GO:0032814","regulation of natural killer cell activation",0,12,75,7231,0,"0/75","12/7231",0,1,"",1,""
"BP","GO:0032816","positive regulation of natural killer cell activation",0,11,75,7231,0,"0/75","11/7231",0,1,"",1,""
"BP","GO:0032835","glomerulus development",0,22,75,7231,0,"0/75","22/7231",0,1,"",1,""
"CC","GO:0032838","plasma membrane bounded cell projection cytoplasm",0,89,75,7294,0,"0/75","89/7294",0,1,"",1,""
"CC","GO:0032839","dendrite cytoplasm",0,29,75,7294,0,"0/75","29/7294",0,1,"",1,""
"BP","GO:0032872","regulation of stress-activated MAPK cascade",0,87,75,7231,0,"0/75","87/7231",0,1,"",1,""
"BP","GO:0032873","negative regulation of stress-activated MAPK cascade",0,22,75,7231,0,"0/75","22/7231",0,1,"",1,""
"BP","GO:0032874","positive regulation of stress-activated MAPK cascade",0,54,75,7231,0,"0/75","54/7231",0,1,"",1,""
"BP","GO:0032878","regulation of establishment or maintenance of cell polarity",0,18,75,7231,0,"0/75","18/7231",0,1,"",1,""
"BP","GO:0032881","regulation of polysaccharide metabolic process",0,24,75,7231,0,"0/75","24/7231",0,1,"",1,""
"BP","GO:0032885","regulation of polysaccharide biosynthetic process",0,21,75,7231,0,"0/75","21/7231",0,1,"",1,""
"BP","GO:0032891","negative regulation of organic acid transport",0,14,75,7231,0,"0/75","14/7231",0,1,"",1,""
"BP","GO:0032922","circadian regulation of gene expression",0,31,75,7231,0,"0/75","31/7231",0,1,"",1,""
"BP","GO:0032928","regulation of superoxide anion generation",0,15,75,7231,0,"0/75","15/7231",0,1,"",1,""
"BP","GO:0032930","positive regulation of superoxide anion generation",0,12,75,7231,0,"0/75","12/7231",0,1,"",1,""
"MF","GO:0032934","sterol binding",0,33,72,7153,0,"0/72","33/7153",0,1,"",1,""
"BP","GO:0032941","secretion by tissue",0,23,75,7231,0,"0/75","23/7231",0,1,"",1,""
"BP","GO:0032945","negative regulation of mononuclear cell proliferation",0,24,75,7231,0,"0/75","24/7231",0,1,"",1,""
"BP","GO:0032958","inositol phosphate biosynthetic process",0,13,75,7231,0,"0/75","13/7231",0,1,"",1,""
"BP","GO:0032963","collagen metabolic process",0,39,75,7231,0,"0/75","39/7231",0,1,"",1,""
"BP","GO:0032964","collagen biosynthetic process",0,20,75,7231,0,"0/75","20/7231",0,1,"",1,""
"BP","GO:0032965","regulation of collagen biosynthetic process",0,18,75,7231,0,"0/75","18/7231",0,1,"",1,""
"BP","GO:0032967","positive regulation of collagen biosynthetic process",0,11,75,7231,0,"0/75","11/7231",0,1,"",1,""
"MF","GO:0032977","membrane insertase activity",0,15,72,7153,0,"0/72","15/7153",0,1,"",1,""
"BP","GO:0032981","mitochondrial respiratory chain complex I assembly",0,57,75,7231,0,"0/75","57/7231",0,1,"",1,""
"BP","GO:0032986","protein-DNA complex disassembly",0,13,75,7231,0,"0/75","13/7231",0,1,"",1,""
"CC","GO:0032994","protein-lipid complex",0,19,75,7294,0,"0/75","19/7294",0,1,"",1,""
"BP","GO:0033003","regulation of mast cell activation",0,18,75,7231,0,"0/75","18/7231",0,1,"",1,""
"BP","GO:0033006","regulation of mast cell activation involved in immune response",0,15,75,7231,0,"0/75","15/7231",0,1,"",1,""
"BP","GO:0033013","tetrapyrrole metabolic process",0,35,75,7231,0,"0/75","35/7231",0,1,"",1,""
"BP","GO:0033014","tetrapyrrole biosynthetic process",0,24,75,7231,0,"0/75","24/7231",0,1,"",1,""
"CC","GO:0033017","sarcoplasmic reticulum membrane",0,13,75,7294,0,"0/75","13/7294",0,1,"",1,""
"BP","GO:0033028","myeloid cell apoptotic process",0,23,75,7231,0,"0/75","23/7231",0,1,"",1,""
"BP","GO:0033032","regulation of myeloid cell apoptotic process",0,19,75,7231,0,"0/75","19/7231",0,1,"",1,""
"BP","GO:0033044","regulation of chromosome organization",0,124,75,7231,0,"0/75","124/7231",0,1,"",1,""
"BP","GO:0033045","regulation of sister chromatid segregation",0,50,75,7231,0,"0/75","50/7231",0,1,"",1,""
"BP","GO:0033046","negative regulation of sister chromatid segregation",0,14,75,7231,0,"0/75","14/7231",0,1,"",1,""
"BP","GO:0033047","regulation of mitotic sister chromatid segregation",0,18,75,7231,0,"0/75","18/7231",0,1,"",1,""
"BP","GO:0033048","negative regulation of mitotic sister chromatid segregation",0,14,75,7231,0,"0/75","14/7231",0,1,"",1,""
"BP","GO:0033077","T cell differentiation in thymus",0,31,75,7231,0,"0/75","31/7231",0,1,"",1,""
"BP","GO:0033108","mitochondrial respiratory chain complex assembly",0,84,75,7231,0,"0/75","84/7231",0,1,"",1,""
"BP","GO:0033119","negative regulation of RNA splicing",0,25,75,7231,0,"0/75","25/7231",0,1,"",1,""
"BP","GO:0033120","positive regulation of RNA splicing",0,38,75,7231,0,"0/75","38/7231",0,1,"",1,""
"MF","GO:0033130","acetylcholine receptor binding",0,11,72,7153,0,"0/72","11/7153",0,1,"",1,""
"BP","GO:0033135","regulation of peptidyl-serine phosphorylation",0,73,75,7231,0,"0/75","73/7231",0,1,"",1,""
"BP","GO:0033137","negative regulation of peptidyl-serine phosphorylation",0,20,75,7231,0,"0/75","20/7231",0,1,"",1,""
"BP","GO:0033138","positive regulation of peptidyl-serine phosphorylation",0,52,75,7231,0,"0/75","52/7231",0,1,"",1,""
"BP","GO:0033143","regulation of intracellular steroid hormone receptor signaling pathway",0,43,75,7231,0,"0/75","43/7231",0,1,"",1,""
"BP","GO:0033144","negative regulation of intracellular steroid hormone receptor signaling pathway",0,19,75,7231,0,"0/75","19/7231",0,1,"",1,""
"BP","GO:0033145","positive regulation of intracellular steroid hormone receptor signaling pathway",0,11,75,7231,0,"0/75","11/7231",0,1,"",1,""
"BP","GO:0033146","regulation of intracellular estrogen receptor signaling pathway",0,22,75,7231,0,"0/75","22/7231",0,1,"",1,""
"BP","GO:0033147","negative regulation of intracellular estrogen receptor signaling pathway",0,10,75,7231,0,"0/75","10/7231",0,1,"",1,""
"BP","GO:0033157","regulation of intracellular protein transport",0,145,75,7231,0,"0/75","145/7231",0,1,"",1,""
"BP","GO:0033173","calcineurin-NFAT signaling cascade",0,23,75,7231,0,"0/75","23/7231",0,1,"",1,""
"CC","GO:0033176","proton-transporting V-type ATPase complex",0,17,75,7294,0,"0/75","17/7294",0,1,"",1,""
"CC","GO:0033177","proton-transporting two-sector ATPase complex, proton-transporting domain",0,13,75,7294,0,"0/75","13/7294",0,1,"",1,""
"CC","GO:0033178","proton-transporting two-sector ATPase complex, catalytic domain",0,14,75,7294,0,"0/75","14/7294",0,1,"",1,""
"BP","GO:0033194","response to hydroperoxide",0,13,75,7231,0,"0/75","13/7231",0,1,"",1,""
"BP","GO:0033198","response to ATP",0,13,75,7231,0,"0/75","13/7231",0,1,"",1,""
"BP","GO:0033233","regulation of protein sumoylation",0,16,75,7231,0,"0/75","16/7231",0,1,"",1,""
"BP","GO:0033235","positive regulation of protein sumoylation",0,10,75,7231,0,"0/75","10/7231",0,1,"",1,""
"BP","GO:0033238","regulation of amine metabolic process",0,22,75,7231,0,"0/75","22/7231",0,1,"",1,""
"CC","GO:0033268","node of Ranvier",0,16,75,7294,0,"0/75","16/7294",0,1,"",1,""
"CC","GO:0033270","paranode region of axon",0,13,75,7294,0,"0/75","13/7294",0,1,"",1,""
"BP","GO:0033273","response to vitamin",0,11,75,7231,0,"0/75","11/7231",0,1,"",1,""
"MF","GO:0033293","monocarboxylic acid binding",0,36,72,7153,0,"0/72","36/7153",0,1,"",1,""
"BP","GO:0033500","carbohydrate homeostasis",0,144,75,7231,0,"0/75","144/7231",0,1,"",1,""
"BP","GO:0033539","fatty acid beta-oxidation using acyl-CoA dehydrogenase",0,11,75,7231,0,"0/75","11/7231",0,1,"",1,""
"BP","GO:0033555","multicellular organismal response to stress",0,71,75,7231,0,"0/75","71/7231",0,1,"",1,""
"MF","GO:0033558","protein lysine deacetylase activity",0,13,72,7153,0,"0/72","13/7153",0,1,"",1,""
"BP","GO:0033559","unsaturated fatty acid metabolic process",0,37,75,7231,0,"0/75","37/7231",0,1,"",1,""
"BP","GO:0033604","negative regulation of catecholamine secretion",0,11,75,7231,0,"0/75","11/7231",0,1,"",1,""
"MF","GO:0033612","receptor serine/threonine kinase binding",0,12,72,7153,0,"0/72","12/7153",0,1,"",1,""
"BP","GO:0033617","mitochondrial cytochrome c oxidase assembly",0,15,75,7231,0,"0/75","15/7231",0,1,"",1,""
"BP","GO:0033619","membrane protein proteolysis",0,30,75,7231,0,"0/75","30/7231",0,1,"",1,""
"BP","GO:0033622","integrin activation",0,12,75,7231,0,"0/75","12/7231",0,1,"",1,""
"BP","GO:0033631","cell-cell adhesion mediated by integrin",0,10,75,7231,0,"0/75","10/7231",0,1,"",1,""
"BP","GO:0033674","positive regulation of kinase activity",0,192,75,7231,0,"0/75","192/7231",0,1,"",1,""
"BP","GO:0033687","osteoblast proliferation",0,13,75,7231,0,"0/75","13/7231",0,1,"",1,""
"BP","GO:0033688","regulation of osteoblast proliferation",0,13,75,7231,0,"0/75","13/7231",0,1,"",1,""
"BP","GO:0033750","ribosome localization",0,10,75,7231,0,"0/75","10/7231",0,1,"",1,""
"BP","GO:0033865","nucleoside bisphosphate metabolic process",0,73,75,7231,0,"0/75","73/7231",0,1,"",1,""
"BP","GO:0033866","nucleoside bisphosphate biosynthetic process",0,36,75,7231,0,"0/75","36/7231",0,1,"",1,""
"BP","GO:0033875","ribonucleoside bisphosphate metabolic process",0,73,75,7231,0,"0/75","73/7231",0,1,"",1,""
"BP","GO:0033962","P-body assembly",0,16,75,7231,0,"0/75","16/7231",0,1,"",1,""
"BP","GO:0034030","ribonucleoside bisphosphate biosynthetic process",0,36,75,7231,0,"0/75","36/7231",0,1,"",1,""
"BP","GO:0034032","purine nucleoside bisphosphate metabolic process",0,73,75,7231,0,"0/75","73/7231",0,1,"",1,""
"BP","GO:0034033","purine nucleoside bisphosphate biosynthetic process",0,36,75,7231,0,"0/75","36/7231",0,1,"",1,""
"CC","GO:0034045","phagophore assembly site membrane",0,15,75,7294,0,"0/75","15/7294",0,1,"",1,""
"MF","GO:0034062","5'-3' RNA polymerase activity",0,10,72,7153,0,"0/72","10/7153",0,1,"",1,""
"BP","GO:0034063","stress granule assembly",0,28,75,7231,0,"0/75","28/7231",0,1,"",1,""
"BP","GO:0034067","protein localization to Golgi apparatus",0,21,75,7231,0,"0/75","21/7231",0,1,"",1,""
"BP","GO:0034104","negative regulation of tissue remodeling",0,10,75,7231,0,"0/75","10/7231",0,1,"",1,""
"BP","GO:0034109","homotypic cell-cell adhesion",0,50,75,7231,0,"0/75","50/7231",0,1,"",1,""
"BP","GO:0034110","regulation of homotypic cell-cell adhesion",0,17,75,7231,0,"0/75","17/7231",0,1,"",1,""
"BP","GO:0034113","heterotypic cell-cell adhesion",0,27,75,7231,0,"0/75","27/7231",0,1,"",1,""
"BP","GO:0034114","regulation of heterotypic cell-cell adhesion",0,12,75,7231,0,"0/75","12/7231",0,1,"",1,""
"BP","GO:0034142","toll-like receptor 4 signaling pathway",0,19,75,7231,0,"0/75","19/7231",0,1,"",1,""
"MF","GO:0034185","apolipoprotein binding",0,12,72,7153,0,"0/72","12/7153",0,1,"",1,""
"BP","GO:0034204","lipid translocation",0,23,75,7231,0,"0/75","23/7231",0,1,"",1,""
"BP","GO:0034205","amyloid-beta formation",0,33,75,7231,0,"0/75","33/7231",0,1,"",1,""
"MF","GO:0034212","peptide N-acetyltransferase activity",0,21,72,7153,0,"0/72","21/7153",0,1,"",1,""
"BP","GO:0034219","carbohydrate transmembrane transport",0,59,75,7231,0,"0/75","59/7231",0,1,"",1,""
"MF","GO:0034236","protein kinase A catalytic subunit binding",0,12,72,7153,0,"0/72","12/7153",0,1,"",1,""
"MF","GO:0034237","protein kinase A regulatory subunit binding",0,19,72,7153,0,"0/72","19/7153",0,1,"",1,""
"BP","GO:0034248","regulation of amide metabolic process",0,287,75,7231,0,"0/75","287/7231",0,1,"",1,""
"BP","GO:0034249","negative regulation of amide metabolic process",0,138,75,7231,0,"0/75","138/7231",0,1,"",1,""
"BP","GO:0034250","positive regulation of amide metabolic process",0,104,75,7231,0,"0/75","104/7231",0,1,"",1,""
"BP","GO:0034260","negative regulation of GTPase activity",0,22,75,7231,0,"0/75","22/7231",0,1,"",1,""
"BP","GO:0034284","response to monosaccharide",0,110,75,7231,0,"0/75","110/7231",0,1,"",1,""
"BP","GO:0034308","primary alcohol metabolic process",0,25,75,7231,0,"0/75","25/7231",0,1,"",1,""
"BP","GO:0034314","Arp2/3 complex-mediated actin nucleation",0,37,75,7231,0,"0/75","37/7231",0,1,"",1,""
"BP","GO:0034315","regulation of Arp2/3 complex-mediated actin nucleation",0,25,75,7231,0,"0/75","25/7231",0,1,"",1,""
"BP","GO:0034331","cell junction maintenance",0,35,75,7231,0,"0/75","35/7231",0,1,"",1,""
"BP","GO:0034332","adherens junction organization",0,39,75,7231,0,"0/75","39/7231",0,1,"",1,""
"BP","GO:0034340","response to type I interferon",0,33,75,7231,0,"0/75","33/7231",0,1,"",1,""
"BP","GO:0034341","response to type II interferon",0,57,75,7231,0,"0/75","57/7231",0,1,"",1,""
"BP","GO:0034349","glial cell apoptotic process",0,12,75,7231,0,"0/75","12/7231",0,1,"",1,""
"CC","GO:0034358","plasma lipoprotein particle",0,16,75,7294,0,"0/75","16/7294",0,1,"",1,""
"CC","GO:0034364","high-density lipoprotein particle",0,12,75,7294,0,"0/75","12/7294",0,1,"",1,""
"BP","GO:0034367","protein-containing complex remodeling",0,10,75,7231,0,"0/75","10/7231",0,1,"",1,""
"BP","GO:0034377","plasma lipoprotein particle assembly",0,13,75,7231,0,"0/75","13/7231",0,1,"",1,""
"BP","GO:0034381","plasma lipoprotein particle clearance",0,16,75,7231,0,"0/75","16/7231",0,1,"",1,""
"BP","GO:0034383","low-density lipoprotein particle clearance",0,10,75,7231,0,"0/75","10/7231",0,1,"",1,""
"BP","GO:0034389","lipid droplet organization",0,23,75,7231,0,"0/75","23/7231",0,1,"",1,""
"BP","GO:0034390","smooth muscle cell apoptotic process",0,16,75,7231,0,"0/75","16/7231",0,1,"",1,""
"BP","GO:0034391","regulation of smooth muscle cell apoptotic process",0,15,75,7231,0,"0/75","15/7231",0,1,"",1,""
"CC","GO:0034399","nuclear periphery",0,93,75,7294,0,"0/75","93/7294",0,1,"",1,""
"BP","GO:0034404","nucleobase-containing small molecule biosynthetic process",0,12,75,7231,0,"0/75","12/7231",0,1,"",1,""
"BP","GO:0034405","response to fluid shear stress",0,12,75,7231,0,"0/75","12/7231",0,1,"",1,""
"BP","GO:0034427","nuclear-transcribed mRNA catabolic process, exonucleolytic, 3'-5'",0,12,75,7231,0,"0/75","12/7231",0,1,"",1,""
"BP","GO:0034440","lipid oxidation",0,71,75,7231,0,"0/75","71/7231",0,1,"",1,""
"BP","GO:0034446","substrate adhesion-dependent cell spreading",0,62,75,7231,0,"0/75","62/7231",0,1,"",1,""
"MF","GO:0034450","ubiquitin-ubiquitin ligase activity",0,10,72,7153,0,"0/72","10/7153",0,1,"",1,""
"CC","GO:0034451","centriolar satellite",0,45,75,7294,0,"0/75","45/7294",0,1,"",1,""
"BP","GO:0034453","microtubule anchoring",0,16,75,7231,0,"0/75","16/7231",0,1,"",1,""
"BP","GO:0034472","snRNA 3'-end processing",0,15,75,7231,0,"0/75","15/7231",0,1,"",1,""
"BP","GO:0034497","protein localization to phagophore assembly site",0,14,75,7231,0,"0/75","14/7231",0,1,"",1,""
"BP","GO:0034502","protein localization to chromosome",0,46,75,7231,0,"0/75","46/7231",0,1,"",1,""
"BP","GO:0034504","protein localization to nucleus",0,201,75,7231,0,"0/75","201/7231",0,1,"",1,""
"CC","GO:0034518","RNA cap binding complex",0,17,75,7294,0,"0/75","17/7294",0,1,"",1,""
"MF","GO:0034593","phosphatidylinositol bisphosphate phosphatase activity",0,20,72,7153,0,"0/72","20/7153",0,1,"",1,""
"BP","GO:0034605","cellular response to heat",0,28,75,7231,0,"0/75","28/7231",0,1,"",1,""
"BP","GO:0034620","cellular response to unfolded protein",0,42,75,7231,0,"0/75","42/7231",0,1,"",1,""
"BP","GO:0034643","establishment of mitochondrion localization, microtubule-mediated",0,20,75,7231,0,"0/75","20/7231",0,1,"",1,""
"BP","GO:0034656","nucleobase-containing small molecule catabolic process",0,11,75,7231,0,"0/75","11/7231",0,1,"",1,""
"BP","GO:0034661","ncRNA catabolic process",0,27,75,7231,0,"0/75","27/7231",0,1,"",1,""
"CC","GO:0034663","endoplasmic reticulum chaperone complex",0,10,75,7294,0,"0/75","10/7294",0,1,"",1,""
"CC","GO:0034704","calcium channel complex",0,32,75,7294,0,"0/75","32/7294",0,1,"",1,""
"CC","GO:0034705","potassium channel complex",0,54,75,7294,0,"0/75","54/7294",0,1,"",1,""
"CC","GO:0034706","sodium channel complex",0,14,75,7294,0,"0/75","14/7294",0,1,"",1,""
"CC","GO:0034707","chloride channel complex",0,31,75,7294,0,"0/75","31/7294",0,1,"",1,""
"CC","GO:0034708","methyltransferase complex",0,57,75,7294,0,"0/75","57/7294",0,1,"",1,""
"CC","GO:0034709","methylosome",0,12,75,7294,0,"0/75","12/7294",0,1,"",1,""
"CC","GO:0034719","SMN-Sm protein complex",0,14,75,7294,0,"0/75","14/7294",0,1,"",1,""
"BP","GO:0034727","piecemeal microautophagy of the nucleus",0,10,75,7231,0,"0/75","10/7231",0,1,"",1,""
"BP","GO:0034755","iron ion transmembrane transport",0,11,75,7231,0,"0/75","11/7231",0,1,"",1,""
"BP","GO:0034968","histone lysine methylation",0,19,75,7231,0,"0/75","19/7231",0,1,"",1,""
"BP","GO:0035020","regulation of Rac protein signal transduction",0,19,75,7231,0,"0/75","19/7231",0,1,"",1,""
"BP","GO:0035023","regulation of Rho protein signal transduction",0,48,75,7231,0,"0/75","48/7231",0,1,"",1,""
"BP","GO:0035024","negative regulation of Rho protein signal transduction",0,17,75,7231,0,"0/75","17/7231",0,1,"",1,""
"BP","GO:0035025","positive regulation of Rho protein signal transduction",0,11,75,7231,0,"0/75","11/7231",0,1,"",1,""
"MF","GO:0035035","histone acetyltransferase binding",0,11,72,7153,0,"0/72","11/7153",0,1,"",1,""
"BP","GO:0035050","embryonic heart tube development",0,27,75,7231,0,"0/75","27/7231",0,1,"",1,""
"CC","GO:0035060","brahma complex",0,12,75,7294,0,"0/75","12/7294",0,1,"",1,""
"BP","GO:0035065","regulation of histone acetylation",0,13,75,7231,0,"0/75","13/7231",0,1,"",1,""
"BP","GO:0035082","axoneme assembly",0,11,75,7231,0,"0/75","11/7231",0,1,"",1,""
"BP","GO:0035088","establishment or maintenance of apical/basal cell polarity",0,37,75,7231,0,"0/75","37/7231",0,1,"",1,""
"BP","GO:0035089","establishment of apical/basal cell polarity",0,14,75,7231,0,"0/75","14/7231",0,1,"",1,""
"BP","GO:0035094","response to nicotine",0,13,75,7231,0,"0/75","13/7231",0,1,"",1,""
"CC","GO:0035097","histone methyltransferase complex",0,32,75,7294,0,"0/75","32/7294",0,1,"",1,""
"BP","GO:0035107","appendage morphogenesis",0,46,75,7231,0,"0/75","46/7231",0,1,"",1,""
"BP","GO:0035108","limb morphogenesis",0,46,75,7231,0,"0/75","46/7231",0,1,"",1,""
"BP","GO:0035113","embryonic appendage morphogenesis",0,36,75,7231,0,"0/75","36/7231",0,1,"",1,""
"CC","GO:0035145","exon-exon junction complex",0,15,75,7294,0,"0/75","15/7294",0,1,"",1,""
"BP","GO:0035162","embryonic hemopoiesis",0,12,75,7231,0,"0/75","12/7231",0,1,"",1,""
"MF","GO:0035173","histone kinase activity",0,15,72,7153,0,"0/72","15/7153",0,1,"",1,""
"BP","GO:0035188","hatching",0,15,75,7231,0,"0/75","15/7231",0,1,"",1,""
"BP","GO:0035194","regulatory ncRNA-mediated post-transcriptional gene silencing",0,33,75,7231,0,"0/75","33/7231",0,1,"",1,""
"BP","GO:0035195","miRNA-mediated post-transcriptional gene silencing",0,28,75,7231,0,"0/75","28/7231",0,1,"",1,""
"BP","GO:0035196","miRNA processing",0,24,75,7231,0,"0/75","24/7231",0,1,"",1,""
"MF","GO:0035198","miRNA binding",0,17,72,7153,0,"0/72","17/7153",0,1,"",1,""
"BP","GO:0035235","ionotropic glutamate receptor signaling pathway",0,15,75,7231,0,"0/75","15/7231",0,1,"",1,""
"CC","GO:0035253","ciliary rootlet",0,10,75,7294,0,"0/75","10/7294",0,1,"",1,""
"MF","GO:0035255","ionotropic glutamate receptor binding",0,43,72,7153,0,"0/72","43/7153",0,1,"",1,""
"MF","GO:0035259","nuclear glucocorticoid receptor binding",0,10,72,7153,0,"0/72","10/7153",0,1,"",1,""
"BP","GO:0035264","multicellular organism growth",0,94,75,7231,0,"0/75","94/7231",0,1,"",1,""
"CC","GO:0035267","NuA4 histone acetyltransferase complex",0,15,75,7294,0,"0/75","15/7294",0,1,"",1,""
"BP","GO:0035270","endocrine system development",0,37,75,7231,0,"0/75","37/7231",0,1,"",1,""
"BP","GO:0035272","exocrine system development",0,17,75,7231,0,"0/75","17/7231",0,1,"",1,""
"BP","GO:0035278","miRNA-mediated gene silencing by inhibition of translation",0,10,75,7231,0,"0/75","10/7231",0,1,"",1,""
"BP","GO:0035282","segmentation",0,25,75,7231,0,"0/75","25/7231",0,1,"",1,""
"BP","GO:0035303","regulation of dephosphorylation",0,75,75,7231,0,"0/75","75/7231",0,1,"",1,""
"BP","GO:0035304","regulation of protein dephosphorylation",0,58,75,7231,0,"0/75","58/7231",0,1,"",1,""
"BP","GO:0035305","negative regulation of dephosphorylation",0,29,75,7231,0,"0/75","29/7231",0,1,"",1,""
"BP","GO:0035306","positive regulation of dephosphorylation",0,33,75,7231,0,"0/75","33/7231",0,1,"",1,""
"BP","GO:0035307","positive regulation of protein dephosphorylation",0,25,75,7231,0,"0/75","25/7231",0,1,"",1,""
"BP","GO:0035308","negative regulation of protein dephosphorylation",0,24,75,7231,0,"0/75","24/7231",0,1,"",1,""
"BP","GO:0035315","hair cell differentiation",0,25,75,7231,0,"0/75","25/7231",0,1,"",1,""
"BP","GO:0035329","hippo signaling",0,16,75,7231,0,"0/75","16/7231",0,1,"",1,""
"BP","GO:0035330","regulation of hippo signaling",0,11,75,7231,0,"0/75","11/7231",0,1,"",1,""
"BP","GO:0035335","peptidyl-tyrosine dephosphorylation",0,18,75,7231,0,"0/75","18/7231",0,1,"",1,""
"BP","GO:0035337","fatty-acyl-CoA metabolic process",0,15,75,7231,0,"0/75","15/7231",0,1,"",1,""
"BP","GO:0035357","peroxisome proliferator activated receptor signaling pathway",0,11,75,7231,0,"0/75","11/7231",0,1,"",1,""
"BP","GO:0035372","protein localization to microtubule",0,15,75,7231,0,"0/75","15/7231",0,1,"",1,""
"BP","GO:0035383","thioester metabolic process",0,59,75,7231,0,"0/75","59/7231",0,1,"",1,""
"BP","GO:0035384","thioester biosynthetic process",0,25,75,7231,0,"0/75","25/7231",0,1,"",1,""
"BP","GO:0035418","protein localization to synapse",0,89,75,7231,0,"0/75","89/7231",0,1,"",1,""
"BP","GO:0035456","response to interferon-beta",0,18,75,7231,0,"0/75","18/7231",0,1,"",1,""
"BP","GO:0035458","cellular response to interferon-beta",0,15,75,7231,0,"0/75","15/7231",0,1,"",1,""
"BP","GO:0035459","vesicle cargo loading",0,18,75,7231,0,"0/75","18/7231",0,1,"",1,""
"BP","GO:0035493","SNARE complex assembly",0,16,75,7231,0,"0/75","16/7231",0,1,"",1,""
"BP","GO:0035510","DNA dealkylation",0,10,75,7231,0,"0/75","10/7231",0,1,"",1,""
"BP","GO:0035567","non-canonical Wnt signaling pathway",0,17,75,7231,0,"0/75","17/7231",0,1,"",1,""
"BP","GO:0035584","calcium-mediated signaling using intracellular calcium source",0,13,75,7231,0,"0/75","13/7231",0,1,"",1,""
"MF","GO:0035591","signaling adaptor activity",0,62,72,7153,0,"0/72","62/7153",0,1,"",1,""
"BP","GO:0035601","protein deacylation",0,47,75,7231,0,"0/75","47/7231",0,1,"",1,""
"MF","GO:0035613","RNA stem-loop binding",0,12,72,7153,0,"0/72","12/7153",0,1,"",1,""
"MF","GO:0035615","clathrin adaptor activity",0,14,72,7153,0,"0/72","14/7153",0,1,"",1,""
"BP","GO:0035627","ceramide transport",0,10,75,7231,0,"0/75","10/7231",0,1,"",1,""
"BP","GO:0035633","maintenance of blood-brain barrier",0,12,75,7231,0,"0/75","12/7231",0,1,"",1,""
"BP","GO:0035640","exploration behavior",0,35,75,7231,0,"0/75","35/7231",0,1,"",1,""
"BP","GO:0035641","locomotory exploration behavior",0,20,75,7231,0,"0/75","20/7231",0,1,"",1,""
"BP","GO:0035725","sodium ion transmembrane transport",0,94,75,7231,0,"0/75","94/7231",0,1,"",1,""
"BP","GO:0035728","response to hepatocyte growth factor",0,12,75,7231,0,"0/75","12/7231",0,1,"",1,""
"BP","GO:0035729","cellular response to hepatocyte growth factor stimulus",0,10,75,7231,0,"0/75","10/7231",0,1,"",1,""
"BP","GO:0035751","regulation of lysosomal lumen pH",0,15,75,7231,0,"0/75","15/7231",0,1,"",1,""
"CC","GO:0035770","ribonucleoprotein granule",0,153,75,7294,0,"0/75","153/7294",0,1,"",1,""
"BP","GO:0035773","insulin secretion involved in cellular response to glucose stimulus",0,58,75,7231,0,"0/75","58/7231",0,1,"",1,""
"BP","GO:0035774","positive regulation of insulin secretion involved in cellular response to glucose stimulus",0,28,75,7231,0,"0/75","28/7231",0,1,"",1,""
"BP","GO:0035850","epithelial cell differentiation involved in kidney development",0,10,75,7231,0,"0/75","10/7231",0,1,"",1,""
"BP","GO:0035855","megakaryocyte development",0,13,75,7231,0,"0/75","13/7231",0,1,"",1,""
"CC","GO:0035859","Seh1-associated complex",0,12,75,7294,0,"0/75","12/7294",0,1,"",1,""
"CC","GO:0035861","site of double-strand break",0,28,75,7294,0,"0/75","28/7294",0,1,"",1,""
"BP","GO:0035864","response to potassium ion",0,11,75,7231,0,"0/75","11/7231",0,1,"",1,""
"BP","GO:0035865","cellular response to potassium ion",0,11,75,7231,0,"0/75","11/7231",0,1,"",1,""
"CC","GO:0035869","ciliary transition zone",0,32,75,7294,0,"0/75","32/7294",0,1,"",1,""
"BP","GO:0035886","vascular associated smooth muscle cell differentiation",0,17,75,7231,0,"0/75","17/7231",0,1,"",1,""
"BP","GO:0035891","exit from host cell",0,20,75,7231,0,"0/75","20/7231",0,1,"",1,""
"BP","GO:0035904","aorta development",0,24,75,7231,0,"0/75","24/7231",0,1,"",1,""
"BP","GO:0035914","skeletal muscle cell differentiation",0,26,75,7231,0,"0/75","26/7231",0,1,"",1,""
"MF","GO:0035925","mRNA 3'-UTR AU-rich region binding",0,20,72,7153,0,"0/72","20/7153",0,1,"",1,""
"BP","GO:0035966","response to topologically incorrect protein",0,78,75,7231,0,"0/75","78/7231",0,1,"",1,""
"BP","GO:0035967","cellular response to topologically incorrect protein",0,58,75,7231,0,"0/75","58/7231",0,1,"",1,""
"BP","GO:0035970","peptidyl-threonine dephosphorylation",0,10,75,7231,0,"0/75","10/7231",0,1,"",1,""
"BP","GO:0035987","endodermal cell differentiation",0,15,75,7231,0,"0/75","15/7231",0,1,"",1,""
"BP","GO:0035994","response to muscle stretch",0,11,75,7231,0,"0/75","11/7231",0,1,"",1,""
"MF","GO:0036002","pre-mRNA binding",0,26,72,7153,0,"0/72","26/7153",0,1,"",1,""
"BP","GO:0036010","protein localization to endosome",0,21,75,7231,0,"0/75","21/7231",0,1,"",1,""
"BP","GO:0036037","CD8-positive, alpha-beta T cell activation",0,10,75,7231,0,"0/75","10/7231",0,1,"",1,""
"MF","GO:0036041","long-chain fatty acid binding",0,10,72,7153,0,"0/72","10/7153",0,1,"",1,""
"CC","GO:0036064","ciliary basal body",0,76,75,7294,0,"0/75","76/7294",0,1,"",1,""
"BP","GO:0036075","replacement ossification",0,17,75,7231,0,"0/75","17/7231",0,1,"",1,""
"BP","GO:0036119","response to platelet-derived growth factor",0,13,75,7231,0,"0/75","13/7231",0,1,"",1,""
"BP","GO:0036120","cellular response to platelet-derived growth factor stimulus",0,11,75,7231,0,"0/75","11/7231",0,1,"",1,""
"CC","GO:0036126","sperm flagellum",0,45,75,7294,0,"0/75","45/7294",0,1,"",1,""
"BP","GO:0036135","Schwann cell migration",0,10,75,7231,0,"0/75","10/7231",0,1,"",1,""
"BP","GO:0036230","granulocyte activation",0,18,75,7231,0,"0/75","18/7231",0,1,"",1,""
"BP","GO:0036257","multivesicular body organization",0,14,75,7231,0,"0/75","14/7231",0,1,"",1,""
"BP","GO:0036258","multivesicular body assembly",0,13,75,7231,0,"0/75","13/7231",0,1,"",1,""
"BP","GO:0036260","RNA capping",0,14,75,7231,0,"0/75","14/7231",0,1,"",1,""
"BP","GO:0036293","response to decreased oxygen levels",0,122,75,7231,0,"0/75","122/7231",0,1,"",1,""
"BP","GO:0036294","cellular response to decreased oxygen levels",0,68,75,7231,0,"0/75","68/7231",0,1,"",1,""
"BP","GO:0036296","response to increased oxygen levels",0,11,75,7231,0,"0/75","11/7231",0,1,"",1,""
"BP","GO:0036344","platelet morphogenesis",0,11,75,7231,0,"0/75","11/7231",0,1,"",1,""
"BP","GO:0036376","sodium ion export across plasma membrane",0,11,75,7231,0,"0/75","11/7231",0,1,"",1,""
"BP","GO:0036444","calcium import into the mitochondrion",0,13,75,7231,0,"0/75","13/7231",0,1,"",1,""
"CC","GO:0036452","ESCRT complex",0,23,75,7294,0,"0/75","23/7294",0,1,"",1,""
"CC","GO:0036464","cytoplasmic ribonucleoprotein granule",0,143,75,7294,0,"0/75","143/7294",0,1,"",1,""
"BP","GO:0036465","synaptic vesicle recycling",0,81,75,7231,0,"0/75","81/7231",0,1,"",1,""
"BP","GO:0036498","IRE1-mediated unfolded protein response",0,10,75,7231,0,"0/75","10/7231",0,1,"",1,""
"BP","GO:0036499","PERK-mediated unfolded protein response",0,10,75,7231,0,"0/75","10/7231",0,1,"",1,""
"BP","GO:0036503","ERAD pathway",0,74,75,7231,0,"0/75","74/7231",0,1,"",1,""
"MF","GO:0038024","cargo receptor activity",0,26,72,7153,0,"0/72","26/7153",0,1,"",1,""
"BP","GO:0038034","signal transduction in absence of ligand",0,32,75,7231,0,"0/75","32/7231",0,1,"",1,""
"BP","GO:0038061","non-canonical NF-kappaB signal transduction",0,55,75,7231,0,"0/75","55/7231",0,1,"",1,""
"BP","GO:0038066","p38MAPK cascade",0,24,75,7231,0,"0/75","24/7231",0,1,"",1,""
"BP","GO:0038083","peptidyl-tyrosine autophosphorylation",0,15,75,7231,0,"0/75","15/7231",0,1,"",1,""
"BP","GO:0038093","Fc receptor signaling pathway",0,10,75,7231,0,"0/75","10/7231",0,1,"",1,""
"BP","GO:0038127","ERBB signaling pathway",0,72,75,7231,0,"0/75","72/7231",0,1,"",1,""
"BP","GO:0038128","ERBB2 signaling pathway",0,11,75,7231,0,"0/75","11/7231",0,1,"",1,""
"BP","GO:0038179","neurotrophin signaling pathway",0,29,75,7231,0,"0/75","29/7231",0,1,"",1,""
"BP","GO:0038203","TORC2 signaling",0,11,75,7231,0,"0/75","11/7231",0,1,"",1,""
"BP","GO:0039529","RIG-I signaling pathway",0,14,75,7231,0,"0/75","14/7231",0,1,"",1,""
"BP","GO:0039531","regulation of viral-induced cytoplasmic pattern recognition receptor signaling pathway",0,45,75,7231,0,"0/75","45/7231",0,1,"",1,""
"BP","GO:0039532","negative regulation of viral-induced cytoplasmic pattern recognition receptor signaling pathway",0,19,75,7231,0,"0/75","19/7231",0,1,"",1,""
"BP","GO:0039694","viral RNA genome replication",0,17,75,7231,0,"0/75","17/7231",0,1,"",1,""
"BP","GO:0039702","viral budding via host ESCRT complex",0,13,75,7231,0,"0/75","13/7231",0,1,"",1,""
"BP","GO:0040001","establishment of mitotic spindle localization",0,22,75,7231,0,"0/75","22/7231",0,1,"",1,""
"BP","GO:0040014","regulation of multicellular organism growth",0,41,75,7231,0,"0/75","41/7231",0,1,"",1,""
"BP","GO:0040017","positive regulation of locomotion",0,297,75,7231,0,"0/75","297/7231",0,1,"",1,""
"BP","GO:0040018","positive regulation of multicellular organism growth",0,17,75,7231,0,"0/75","17/7231",0,1,"",1,""
"BP","GO:0040029","epigenetic regulation of gene expression",0,92,75,7231,0,"0/75","92/7231",0,1,"",1,""
"BP","GO:0042026","protein refolding",0,21,75,7231,0,"0/75","21/7231",0,1,"",1,""
"MF","GO:0042043","neurexin family protein binding",0,12,72,7153,0,"0/72","12/7153",0,1,"",1,""
"BP","GO:0042053","regulation of dopamine metabolic process",0,14,75,7231,0,"0/75","14/7231",0,1,"",1,""
"MF","GO:0042054","histone methyltransferase activity",0,23,72,7153,0,"0/72","23/7153",0,1,"",1,""
"BP","GO:0042058","regulation of epidermal growth factor receptor signaling pathway",0,38,75,7231,0,"0/75","38/7231",0,1,"",1,""
"BP","GO:0042059","negative regulation of epidermal growth factor receptor signaling pathway",0,20,75,7231,0,"0/75","20/7231",0,1,"",1,""
"BP","GO:0042069","regulation of catecholamine metabolic process",0,15,75,7231,0,"0/75","15/7231",0,1,"",1,""
"BP","GO:0042073","intraciliary transport",0,25,75,7231,0,"0/75","25/7231",0,1,"",1,""
"BP","GO:0042092","type 2 immune response",0,10,75,7231,0,"0/75","10/7231",0,1,"",1,""
"BP","GO:0042093","T-helper cell differentiation",0,11,75,7231,0,"0/75","11/7231",0,1,"",1,""
"BP","GO:0042100","B cell proliferation",0,31,75,7231,0,"0/75","31/7231",0,1,"",1,""
"BP","GO:0042116","macrophage activation",0,35,75,7231,0,"0/75","35/7231",0,1,"",1,""
"BP","GO:0042119","neutrophil activation",0,14,75,7231,0,"0/75","14/7231",0,1,"",1,""
"BP","GO:0042130","negative regulation of T cell proliferation",0,21,75,7231,0,"0/75","21/7231",0,1,"",1,""
"BP","GO:0042133","neurotransmitter metabolic process",0,19,75,7231,0,"0/75","19/7231",0,1,"",1,""
"BP","GO:0042136","neurotransmitter biosynthetic process",0,10,75,7231,0,"0/75","10/7231",0,1,"",1,""
"BP","GO:0042147","retrograde transport, endosome to Golgi",0,70,75,7231,0,"0/75","70/7231",0,1,"",1,""
"BP","GO:0042149","cellular response to glucose starvation",0,27,75,7231,0,"0/75","27/7231",0,1,"",1,""
"BP","GO:0042159","lipoprotein catabolic process",0,14,75,7231,0,"0/75","14/7231",0,1,"",1,""
"MF","GO:0042162","telomeric DNA binding",0,23,72,7153,0,"0/72","23/7153",0,1,"",1,""
"MF","GO:0042165","neurotransmitter binding",0,12,72,7153,0,"0/72","12/7153",0,1,"",1,""
"BP","GO:0042168","heme metabolic process",0,27,75,7231,0,"0/75","27/7231",0,1,"",1,""
"MF","GO:0042169","SH2 domain binding",0,30,72,7153,0,"0/72","30/7153",0,1,"",1,""
"MF","GO:0042171","lysophosphatidic acid acyltransferase activity",0,12,72,7153,0,"0/72","12/7153",0,1,"",1,""
"BP","GO:0042177","negative regulation of protein catabolic process",0,73,75,7231,0,"0/75","73/7231",0,1,"",1,""
"BP","GO:0042178","xenobiotic catabolic process",0,11,75,7231,0,"0/75","11/7231",0,1,"",1,""
"BP","GO:0042219","cellular modified amino acid catabolic process",0,10,75,7231,0,"0/75","10/7231",0,1,"",1,""
"BP","GO:0042220","response to cocaine",0,30,75,7231,0,"0/75","30/7231",0,1,"",1,""
"BP","GO:0042246","tissue regeneration",0,24,75,7231,0,"0/75","24/7231",0,1,"",1,""
"BP","GO:0042255","ribosome assembly",0,45,75,7231,0,"0/75","45/7231",0,1,"",1,""
"BP","GO:0042267","natural killer cell mediated cytotoxicity",0,23,75,7231,0,"0/75","23/7231",0,1,"",1,""
"BP","GO:0042269","regulation of natural killer cell mediated cytotoxicity",0,13,75,7231,0,"0/75","13/7231",0,1,"",1,""
"BP","GO:0042273","ribosomal large subunit biogenesis",0,49,75,7231,0,"0/75","49/7231",0,1,"",1,""
"BP","GO:0042278","purine nucleoside metabolic process",0,22,75,7231,0,"0/75","22/7231",0,1,"",1,""
"MF","GO:0042287","MHC protein binding",0,14,72,7153,0,"0/72","14/7153",0,1,"",1,""
"MF","GO:0042288","MHC class I protein binding",0,11,72,7153,0,"0/72","11/7153",0,1,"",1,""
"BP","GO:0042304","regulation of fatty acid biosynthetic process",0,21,75,7231,0,"0/75","21/7231",0,1,"",1,""
"BP","GO:0042306","regulation of protein import into nucleus",0,45,75,7231,0,"0/75","45/7231",0,1,"",1,""
"BP","GO:0042307","positive regulation of protein import into nucleus",0,30,75,7231,0,"0/75","30/7231",0,1,"",1,""
"BP","GO:0042308","negative regulation of protein import into nucleus",0,11,75,7231,0,"0/75","11/7231",0,1,"",1,""
"MF","GO:0042379","chemokine receptor binding",0,11,72,7153,0,"0/72","11/7153",0,1,"",1,""
"BP","GO:0042398","cellular modified amino acid biosynthetic process",0,15,75,7231,0,"0/75","15/7231",0,1,"",1,""
"BP","GO:0042401","biogenic amine biosynthetic process",0,12,75,7231,0,"0/75","12/7231",0,1,"",1,""
"BP","GO:0042403","thyroid hormone metabolic process",0,10,75,7231,0,"0/75","10/7231",0,1,"",1,""
"BP","GO:0042407","cristae formation",0,15,75,7231,0,"0/75","15/7231",0,1,"",1,""
"BP","GO:0042417","dopamine metabolic process",0,25,75,7231,0,"0/75","25/7231",0,1,"",1,""
"BP","GO:0042428","serotonin metabolic process",0,10,75,7231,0,"0/75","10/7231",0,1,"",1,""
"BP","GO:0042430","indole-containing compound metabolic process",0,10,75,7231,0,"0/75","10/7231",0,1,"",1,""
"BP","GO:0042440","pigment metabolic process",0,37,75,7231,0,"0/75","37/7231",0,1,"",1,""
"BP","GO:0042445","hormone metabolic process",0,74,75,7231,0,"0/75","74/7231",0,1,"",1,""
"BP","GO:0042446","hormone biosynthetic process",0,17,75,7231,0,"0/75","17/7231",0,1,"",1,""
"BP","GO:0042451","purine nucleoside biosynthetic process",0,10,75,7231,0,"0/75","10/7231",0,1,"",1,""
"BP","GO:0042455","ribonucleoside biosynthetic process",0,10,75,7231,0,"0/75","10/7231",0,1,"",1,""
"BP","GO:0042461","photoreceptor cell development",0,21,75,7231,0,"0/75","21/7231",0,1,"",1,""
"BP","GO:0042462","eye photoreceptor cell development",0,12,75,7231,0,"0/75","12/7231",0,1,"",1,""
"CC","GO:0042470","melanosome",0,16,75,7294,0,"0/75","16/7294",0,1,"",1,""
"BP","GO:0042475","odontogenesis of dentin-containing tooth",0,20,75,7231,0,"0/75","20/7231",0,1,"",1,""
"BP","GO:0042476","odontogenesis",0,33,75,7231,0,"0/75","33/7231",0,1,"",1,""
"BP","GO:0042490","mechanoreceptor differentiation",0,34,75,7231,0,"0/75","34/7231",0,1,"",1,""
"BP","GO:0042491","inner ear auditory receptor cell differentiation",0,21,75,7231,0,"0/75","21/7231",0,1,"",1,""
"BP","GO:0042509","regulation of tyrosine phosphorylation of STAT protein",0,21,75,7231,0,"0/75","21/7231",0,1,"",1,""
"BP","GO:0042531","positive regulation of tyrosine phosphorylation of STAT protein",0,15,75,7231,0,"0/75","15/7231",0,1,"",1,""
"BP","GO:0042551","neuron maturation",0,34,75,7231,0,"0/75","34/7231",0,1,"",1,""
"BP","GO:0042552","myelination",0,105,75,7231,0,"0/75","105/7231",0,1,"",1,""
"BP","GO:0042554","superoxide anion generation",0,18,75,7231,0,"0/75","18/7231",0,1,"",1,""
"BP","GO:0042558","pteridine-containing compound metabolic process",0,16,75,7231,0,"0/75","16/7231",0,1,"",1,""
"MF","GO:0042562","hormone binding",0,24,72,7153,0,"0/72","24/7153",0,1,"",1,""
"MF","GO:0042577","lipid phosphatase activity",0,12,72,7153,0,"0/72","12/7153",0,1,"",1,""
"CC","GO:0042588","zymogen granule",0,11,75,7294,0,"0/75","11/7294",0,1,"",1,""
"BP","GO:0042593","glucose homeostasis",0,143,75,7231,0,"0/75","143/7231",0,1,"",1,""
"BP","GO:0042596","fear response",0,45,75,7231,0,"0/75","45/7231",0,1,"",1,""
"MF","GO:0042625","ATPase-coupled ion transmembrane transporter activity",0,14,72,7153,0,"0/72","14/7153",0,1,"",1,""
"MF","GO:0042626","ATPase-coupled transmembrane transporter activity",0,61,72,7153,0,"0/72","61/7153",0,1,"",1,""
"CC","GO:0042641","actomyosin",0,72,75,7294,0,"0/75","72/7294",0,1,"",1,""
"CC","GO:0042645","mitochondrial nucleoid",0,33,75,7294,0,"0/75","33/7294",0,1,"",1,""
"BP","GO:0042659","regulation of cell fate specification",0,15,75,7231,0,"0/75","15/7231",0,1,"",1,""
"BP","GO:0042698","ovulation cycle",0,27,75,7231,0,"0/75","27/7231",0,1,"",1,""
"BP","GO:0042733","embryonic digit morphogenesis",0,23,75,7231,0,"0/75","23/7231",0,1,"",1,""
"BP","GO:0042744","hydrogen peroxide catabolic process",0,13,75,7231,0,"0/75","13/7231",0,1,"",1,""
"BP","GO:0042762","regulation of sulfur metabolic process",0,10,75,7231,0,"0/75","10/7231",0,1,"",1,""
"BP","GO:0042770","signal transduction in response to DNA damage",0,67,75,7231,0,"0/75","67/7231",0,1,"",1,""
"BP","GO:0042771","intrinsic apoptotic signaling pathway in response to DNA damage by p53 class mediator",0,18,75,7231,0,"0/75","18/7231",0,1,"",1,""
"BP","GO:0042773","ATP synthesis coupled electron transport",0,67,75,7231,0,"0/75","67/7231",0,1,"",1,""
"BP","GO:0042775","mitochondrial ATP synthesis coupled electron transport",0,66,75,7231,0,"0/75","66/7231",0,1,"",1,""
"BP","GO:0042776","proton motive force-driven mitochondrial ATP synthesis",0,60,75,7231,0,"0/75","60/7231",0,1,"",1,""
"CC","GO:0042788","polysomal ribosome",0,32,75,7294,0,"0/75","32/7294",0,1,"",1,""
"BP","GO:0042789","mRNA transcription by RNA polymerase II",0,18,75,7231,0,"0/75","18/7231",0,1,"",1,""
"BP","GO:0042790","nucleolar large rRNA transcription by RNA polymerase I",0,13,75,7231,0,"0/75","13/7231",0,1,"",1,""
"MF","GO:0042826","histone deacetylase binding",0,53,72,7153,0,"0/72","53/7153",0,1,"",1,""
"MF","GO:0042887","amide transmembrane transporter activity",0,27,72,7153,0,"0/72","27/7153",0,1,"",1,""
"BP","GO:0042908","xenobiotic transport",0,17,75,7231,0,"0/75","17/7231",0,1,"",1,""
"MF","GO:0042910","xenobiotic transmembrane transporter activity",0,17,72,7153,0,"0/72","17/7153",0,1,"",1,""
"BP","GO:0042921","glucocorticoid receptor signaling pathway",0,12,75,7231,0,"0/75","12/7231",0,1,"",1,""
"MF","GO:0042974","nuclear retinoic acid receptor binding",0,17,72,7153,0,"0/72","17/7153",0,1,"",1,""
"MF","GO:0042975","peroxisome proliferator activated receptor binding",0,10,72,7153,0,"0/72","10/7153",0,1,"",1,""
"BP","GO:0042987","amyloid precursor protein catabolic process",0,41,75,7231,0,"0/75","41/7231",0,1,"",1,""
"BP","GO:0043001","Golgi to plasma membrane protein transport",0,33,75,7231,0,"0/75","33/7231",0,1,"",1,""
"MF","GO:0043014","alpha-tubulin binding",0,27,72,7153,0,"0/72","27/7153",0,1,"",1,""
"MF","GO:0043015","gamma-tubulin binding",0,19,72,7153,0,"0/72","19/7153",0,1,"",1,""
"MF","GO:0043023","ribosomal large subunit binding",0,12,72,7153,0,"0/72","12/7153",0,1,"",1,""
"MF","GO:0043024","ribosomal small subunit binding",0,13,72,7153,0,"0/72","13/7153",0,1,"",1,""
"MF","GO:0043027","cysteine-type endopeptidase inhibitor activity involved in apoptotic process",0,10,72,7153,0,"0/72","10/7153",0,1,"",1,""
"BP","GO:0043029","T cell homeostasis",0,17,75,7231,0,"0/75","17/7231",0,1,"",1,""
"BP","GO:0043030","regulation of macrophage activation",0,22,75,7231,0,"0/75","22/7231",0,1,"",1,""
"CC","GO:0043034","costamere",0,12,75,7294,0,"0/75","12/7294",0,1,"",1,""
"BP","GO:0043038","amino acid activation",0,44,75,7231,0,"0/75","44/7231",0,1,"",1,""
"BP","GO:0043039","tRNA aminoacylation",0,44,75,7231,0,"0/75","44/7231",0,1,"",1,""
"BP","GO:0043062","extracellular structure organization",0,96,75,7231,0,"0/75","96/7231",0,1,"",1,""
"CC","GO:0043073","germ cell nucleus",0,31,75,7294,0,"0/75","31/7294",0,1,"",1,""
"CC","GO:0043083","synaptic cleft",0,20,75,7294,0,"0/75","20/7294",0,1,"",1,""
"BP","GO:0043087","regulation of GTPase activity",0,222,75,7231,0,"0/75","222/7231",0,1,"",1,""
"BP","GO:0043094","cellular metabolic compound salvage",0,30,75,7231,0,"0/75","30/7231",0,1,"",1,""
"BP","GO:0043101","purine-containing compound salvage",0,19,75,7231,0,"0/75","19/7231",0,1,"",1,""
"BP","GO:0043112","receptor metabolic process",0,55,75,7231,0,"0/75","55/7231",0,1,"",1,""
"BP","GO:0043113","receptor clustering",0,60,75,7231,0,"0/75","60/7231",0,1,"",1,""
"BP","GO:0043124","negative regulation of canonical NF-kappaB signal transduction",0,21,75,7231,0,"0/75","21/7231",0,1,"",1,""
"BP","GO:0043144","sno(s)RNA processing",0,12,75,7231,0,"0/75","12/7231",0,1,"",1,""
"BP","GO:0043149","stress fiber assembly",0,78,75,7231,0,"0/75","78/7231",0,1,"",1,""
"BP","GO:0043162","ubiquitin-dependent protein catabolic process via the multivesicular body sorting pathway",0,26,75,7231,0,"0/75","26/7231",0,1,"",1,""
"BP","GO:0043171","peptide catabolic process",0,18,75,7231,0,"0/75","18/7231",0,1,"",1,""
"BP","GO:0043173","nucleotide salvage",0,22,75,7231,0,"0/75","22/7231",0,1,"",1,""
"MF","GO:0043175","RNA polymerase core enzyme binding",0,29,72,7153,0,"0/72","29/7153",0,1,"",1,""
"MF","GO:0043177","organic acid binding",0,107,72,7153,0,"0/72","107/7153",0,1,"",1,""
"CC","GO:0043189","H4/H2A histone acetyltransferase complex",0,15,75,7294,0,"0/75","15/7294",0,1,"",1,""
"CC","GO:0043194","axon initial segment",0,26,75,7294,0,"0/75","26/7294",0,1,"",1,""
"CC","GO:0043195","terminal bouton",0,65,75,7294,0,"0/75","65/7294",0,1,"",1,""
"CC","GO:0043198","dendritic shaft",0,59,75,7294,0,"0/75","59/7294",0,1,"",1,""
"CC","GO:0043202","lysosomal lumen",0,15,75,7294,0,"0/75","15/7294",0,1,"",1,""
"CC","GO:0043209","myelin sheath",0,187,75,7294,0,"0/75","187/7294",0,1,"",1,""
"BP","GO:0043217","myelin maintenance",0,12,75,7231,0,"0/75","12/7231",0,1,"",1,""
"CC","GO:0043218","compact myelin",0,14,75,7294,0,"0/75","14/7294",0,1,"",1,""
"CC","GO:0043220","Schmidt-Lanterman incisure",0,11,75,7294,0,"0/75","11/7294",0,1,"",1,""
"CC","GO:0043235","receptor complex",0,157,75,7294,0,"0/75","157/7294",0,1,"",1,""
"MF","GO:0043236","laminin binding",0,19,72,7153,0,"0/72","19/7153",0,1,"",1,""
"BP","GO:0043242","negative regulation of protein-containing complex disassembly",0,63,75,7231,0,"0/75","63/7231",0,1,"",1,""
"BP","GO:0043247","telomere maintenance in response to DNA damage",0,11,75,7231,0,"0/75","11/7231",0,1,"",1,""
"BP","GO:0043248","proteasome assembly",0,12,75,7231,0,"0/75","12/7231",0,1,"",1,""
"BP","GO:0043255","regulation of carbohydrate biosynthetic process",0,49,75,7231,0,"0/75","49/7231",0,1,"",1,""
"MF","GO:0043274","phospholipase binding",0,16,72,7153,0,"0/72","16/7153",0,1,"",1,""
"BP","GO:0043276","anoikis",0,17,75,7231,0,"0/75","17/7231",0,1,"",1,""
"BP","GO:0043277","apoptotic cell clearance",0,22,75,7231,0,"0/75","22/7231",0,1,"",1,""
"BP","GO:0043278","response to morphine",0,10,75,7231,0,"0/75","10/7231",0,1,"",1,""
"BP","GO:0043297","apical junction assembly",0,36,75,7231,0,"0/75","36/7231",0,1,"",1,""
"BP","GO:0043299","leukocyte degranulation",0,36,75,7231,0,"0/75","36/7231",0,1,"",1,""
"BP","GO:0043300","regulation of leukocyte degranulation",0,23,75,7231,0,"0/75","23/7231",0,1,"",1,""
"BP","GO:0043302","positive regulation of leukocyte degranulation",0,13,75,7231,0,"0/75","13/7231",0,1,"",1,""
"BP","GO:0043303","mast cell degranulation",0,22,75,7231,0,"0/75","22/7231",0,1,"",1,""
"BP","GO:0043304","regulation of mast cell degranulation",0,14,75,7231,0,"0/75","14/7231",0,1,"",1,""
"MF","GO:0043325","phosphatidylinositol-3,4-bisphosphate binding",0,18,72,7153,0,"0/72","18/7153",0,1,"",1,""
"BP","GO:0043367","CD4-positive, alpha-beta T cell differentiation",0,19,75,7231,0,"0/75","19/7231",0,1,"",1,""
"BP","GO:0043368","positive T cell selection",0,11,75,7231,0,"0/75","11/7231",0,1,"",1,""
"BP","GO:0043370","regulation of CD4-positive, alpha-beta T cell differentiation",0,10,75,7231,0,"0/75","10/7231",0,1,"",1,""
"BP","GO:0043388","positive regulation of DNA binding",0,20,75,7231,0,"0/75","20/7231",0,1,"",1,""
"BP","GO:0043392","negative regulation of DNA binding",0,12,75,7231,0,"0/75","12/7231",0,1,"",1,""
"BP","GO:0043401","steroid hormone mediated signaling pathway",0,62,75,7231,0,"0/75","62/7231",0,1,"",1,""
"BP","GO:0043403","skeletal muscle tissue regeneration",0,15,75,7231,0,"0/75","15/7231",0,1,"",1,""
"BP","GO:0043406","positive regulation of MAP kinase activity",0,63,75,7231,0,"0/75","63/7231",0,1,"",1,""
"BP","GO:0043407","negative regulation of MAP kinase activity",0,33,75,7231,0,"0/75","33/7231",0,1,"",1,""
"BP","GO:0043409","negative regulation of MAPK cascade",0,94,75,7231,0,"0/75","94/7231",0,1,"",1,""
"BP","GO:0043433","negative regulation of DNA-binding transcription factor activity",0,65,75,7231,0,"0/75","65/7231",0,1,"",1,""
"BP","GO:0043457","regulation of cellular respiration",0,32,75,7231,0,"0/75","32/7231",0,1,"",1,""
"BP","GO:0043462","regulation of ATP-dependent activity",0,43,75,7231,0,"0/75","43/7231",0,1,"",1,""
"BP","GO:0043467","regulation of generation of precursor metabolites and energy",0,86,75,7231,0,"0/75","86/7231",0,1,"",1,""
"BP","GO:0043470","regulation of carbohydrate catabolic process",0,39,75,7231,0,"0/75","39/7231",0,1,"",1,""
"BP","GO:0043484","regulation of RNA splicing",0,115,75,7231,0,"0/75","115/7231",0,1,"",1,""
"BP","GO:0043488","regulation of mRNA stability",0,94,75,7231,0,"0/75","94/7231",0,1,"",1,""
"BP","GO:0043489","RNA stabilization",0,41,75,7231,0,"0/75","41/7231",0,1,"",1,""
"MF","GO:0043495","protein-membrane adaptor activity",0,24,72,7153,0,"0/72","24/7153",0,1,"",1,""
"BP","GO:0043500","muscle adaptation",0,58,75,7231,0,"0/75","58/7231",0,1,"",1,""
"BP","GO:0043502","regulation of muscle adaptation",0,53,75,7231,0,"0/75","53/7231",0,1,"",1,""
"BP","GO:0043507","positive regulation of JUN kinase activity",0,28,75,7231,0,"0/75","28/7231",0,1,"",1,""
"BP","GO:0043516","regulation of DNA damage response, signal transduction by p53 class mediator",0,16,75,7231,0,"0/75","16/7231",0,1,"",1,""
"BP","GO:0043525","positive regulation of neuron apoptotic process",0,51,75,7231,0,"0/75","51/7231",0,1,"",1,""
"BP","GO:0043536","positive regulation of blood vessel endothelial cell migration",0,22,75,7231,0,"0/75","22/7231",0,1,"",1,""
"MF","GO:0043539","protein serine/threonine kinase activator activity",0,31,72,7153,0,"0/72","31/7153",0,1,"",1,""
"BP","GO:0043547","positive regulation of GTPase activity",0,155,75,7231,0,"0/75","155/7231",0,1,"",1,""
"MF","GO:0043548","phosphatidylinositol 3-kinase binding",0,21,72,7153,0,"0/72","21/7153",0,1,"",1,""
"BP","GO:0043550","regulation of lipid kinase activity",0,18,75,7231,0,"0/75","18/7231",0,1,"",1,""
"BP","GO:0043555","regulation of translation in response to stress",0,13,75,7231,0,"0/75","13/7231",0,1,"",1,""
"BP","GO:0043558","regulation of translational initiation in response to stress",0,10,75,7231,0,"0/75","10/7231",0,1,"",1,""
"MF","GO:0043560","insulin receptor substrate binding",0,12,72,7153,0,"0/72","12/7153",0,1,"",1,""
"BP","GO:0043574","peroxisomal transport",0,20,75,7231,0,"0/75","20/7231",0,1,"",1,""
"BP","GO:0043576","regulation of respiratory gaseous exchange",0,14,75,7231,0,"0/75","14/7231",0,1,"",1,""
"BP","GO:0043605","amide catabolic process",0,11,75,7231,0,"0/75","11/7231",0,1,"",1,""
"BP","GO:0043616","keratinocyte proliferation",0,16,75,7231,0,"0/75","16/7231",0,1,"",1,""
"BP","GO:0043620","regulation of DNA-templated transcription in response to stress",0,12,75,7231,0,"0/75","12/7231",0,1,"",1,""
"MF","GO:0043621","protein self-association",0,38,72,7153,0,"0/72","38/7153",0,1,"",1,""
"BP","GO:0043627","response to estrogen",0,21,75,7231,0,"0/75","21/7231",0,1,"",1,""
"BP","GO:0043628","regulatory ncRNA 3'-end processing",0,12,75,7231,0,"0/75","12/7231",0,1,"",1,""
"BP","GO:0043647","inositol phosphate metabolic process",0,21,75,7231,0,"0/75","21/7231",0,1,"",1,""
"BP","GO:0043648","dicarboxylic acid metabolic process",0,65,75,7231,0,"0/75","65/7231",0,1,"",1,""
"BP","GO:0043649","dicarboxylic acid catabolic process",0,11,75,7231,0,"0/75","11/7231",0,1,"",1,""
"BP","GO:0043652","engulfment of apoptotic cell",0,10,75,7231,0,"0/75","10/7231",0,1,"",1,""
"BP","GO:0043653","mitochondrial fragmentation involved in apoptotic process",0,11,75,7231,0,"0/75","11/7231",0,1,"",1,""
"BP","GO:0043666","regulation of phosphoprotein phosphatase activity",0,35,75,7231,0,"0/75","35/7231",0,1,"",1,""
"CC","GO:0043679","axon terminus",0,146,75,7294,0,"0/75","146/7294",0,1,"",1,""
"BP","GO:0043903","regulation of biological process involved in symbiotic interaction",0,16,75,7231,0,"0/75","16/7231",0,1,"",1,""
"BP","GO:0043949","regulation of cAMP-mediated signaling",0,19,75,7231,0,"0/75","19/7231",0,1,"",1,""
"BP","GO:0043954","cellular component maintenance",0,59,75,7231,0,"0/75","59/7231",0,1,"",1,""
"BP","GO:0044042","glucan metabolic process",0,49,75,7231,0,"0/75","49/7231",0,1,"",1,""
"BP","GO:0044058","regulation of digestive system process",0,14,75,7231,0,"0/75","14/7231",0,1,"",1,""
"BP","GO:0044060","regulation of endocrine process",0,13,75,7231,0,"0/75","13/7231",0,1,"",1,""
"BP","GO:0044065","regulation of respiratory system process",0,10,75,7231,0,"0/75","10/7231",0,1,"",1,""
"BP","GO:0044070","regulation of monoatomic anion transport",0,14,75,7231,0,"0/75","14/7231",0,1,"",1,""
"BP","GO:0044088","regulation of vacuole organization",0,41,75,7231,0,"0/75","41/7231",0,1,"",1,""
"BP","GO:0044090","positive regulation of vacuole organization",0,22,75,7231,0,"0/75","22/7231",0,1,"",1,""
"MF","GO:0044183","protein folding chaperone",0,46,72,7153,0,"0/72","46/7153",0,1,"",1,""
"CC","GO:0044224","juxtaparanode region of axon",0,11,75,7294,0,"0/75","11/7294",0,1,"",1,""
"CC","GO:0044232","organelle membrane contact site",0,34,75,7294,0,"0/75","34/7294",0,1,"",1,""
"CC","GO:0044233","mitochondria-associated endoplasmic reticulum membrane",0,17,75,7294,0,"0/75","17/7294",0,1,"",1,""
"BP","GO:0044272","sulfur compound biosynthetic process",0,57,75,7231,0,"0/75","57/7231",0,1,"",1,""
"BP","GO:0044273","sulfur compound catabolic process",0,20,75,7231,0,"0/75","20/7231",0,1,"",1,""
"BP","GO:0044282","small molecule catabolic process",0,204,75,7231,0,"0/75","204/7231",0,1,"",1,""
"CC","GO:0044291","cell-cell contact zone",0,64,75,7294,0,"0/75","64/7294",0,1,"",1,""
"CC","GO:0044292","dendrite terminus",0,14,75,7294,0,"0/75","14/7294",0,1,"",1,""
"CC","GO:0044294","dendritic growth cone",0,10,75,7294,0,"0/75","10/7294",0,1,"",1,""
"CC","GO:0044295","axonal growth cone",0,38,75,7294,0,"0/75","38/7294",0,1,"",1,""
"CC","GO:0044298","cell body membrane",0,30,75,7294,0,"0/75","30/7294",0,1,"",1,""
"CC","GO:0044305","calyx of Held",0,29,75,7294,0,"0/75","29/7294",0,1,"",1,""
"CC","GO:0044306","neuron projection terminus",0,165,75,7294,0,"0/75","165/7294",0,1,"",1,""
"BP","GO:0044319","wound healing, spreading of cells",0,17,75,7231,0,"0/75","17/7231",0,1,"",1,""
"CC","GO:0044326","dendritic spine neck",0,10,75,7294,0,"0/75","10/7294",0,1,"",1,""
"CC","GO:0044327","dendritic spine head",0,13,75,7294,0,"0/75","13/7294",0,1,"",1,""
"BP","GO:0044331","cell-cell adhesion mediated by cadherin",0,23,75,7231,0,"0/75","23/7231",0,1,"",1,""
"BP","GO:0044342","type B pancreatic cell proliferation",0,14,75,7231,0,"0/75","14/7231",0,1,"",1,""
"BP","GO:0044344","cellular response to fibroblast growth factor stimulus",0,28,75,7231,0,"0/75","28/7231",0,1,"",1,""
"BP","GO:0044346","fibroblast apoptotic process",0,12,75,7231,0,"0/75","12/7231",0,1,"",1,""
"BP","GO:0044380","protein localization to cytoskeleton",0,34,75,7231,0,"0/75","34/7231",0,1,"",1,""
"MF","GO:0044389","ubiquitin-like protein ligase binding",0,197,72,7153,0,"0/72","197/7153",0,1,"",1,""
"MF","GO:0044390","ubiquitin-like protein conjugating enzyme binding",0,22,72,7153,0,"0/72","22/7153",0,1,"",1,""
"CC","GO:0044391","ribosomal subunit",0,168,75,7294,0,"0/75","168/7294",0,1,"",1,""
"BP","GO:0044458","motile cilium assembly",0,13,75,7231,0,"0/75","13/7231",0,1,"",1,""
"BP","GO:0044539","long-chain fatty acid import into cell",0,17,75,7231,0,"0/75","17/7231",0,1,"",1,""
"BP","GO:0044546","NLRP3 inflammasome complex assembly",0,19,75,7231,0,"0/75","19/7231",0,1,"",1,""
"MF","GO:0044548","S100 protein binding",0,12,72,7153,0,"0/72","12/7153",0,1,"",1,""
"CC","GO:0044615","nuclear pore nuclear basket",0,12,75,7294,0,"0/75","12/7294",0,1,"",1,""
"CC","GO:0044665","MLL1/2 complex",0,19,75,7294,0,"0/75","19/7294",0,1,"",1,""
"BP","GO:0044743","protein transmembrane import into intracellular organelle",0,29,75,7231,0,"0/75","29/7231",0,1,"",1,""
"CC","GO:0044753","amphisome",0,11,75,7294,0,"0/75","11/7294",0,1,"",1,""
"CC","GO:0044754","autolysosome",0,11,75,7294,0,"0/75","11/7294",0,1,"",1,""
"MF","GO:0044769","ATPase activity, coupled to transmembrane movement of ions, rotational mechanism",0,14,72,7153,0,"0/72","14/7153",0,1,"",1,""
"BP","GO:0044770","cell cycle phase transition",0,231,75,7231,0,"0/75","231/7231",0,1,"",1,""
"BP","GO:0044772","mitotic cell cycle phase transition",0,194,75,7231,0,"0/75","194/7231",0,1,"",1,""
"BP","GO:0044773","mitotic DNA damage checkpoint signaling",0,24,75,7231,0,"0/75","24/7231",0,1,"",1,""
"BP","GO:0044774","mitotic DNA integrity checkpoint signaling",0,25,75,7231,0,"0/75","25/7231",0,1,"",1,""
"BP","GO:0044782","cilium organization",0,142,75,7231,0,"0/75","142/7231",0,1,"",1,""
"BP","GO:0044784","metaphase/anaphase transition of cell cycle",0,46,75,7231,0,"0/75","46/7231",0,1,"",1,""
"BP","GO:0044788","modulation by host of viral process",0,33,75,7231,0,"0/75","33/7231",0,1,"",1,""
"BP","GO:0044794","positive regulation by host of viral process",0,20,75,7231,0,"0/75","20/7231",0,1,"",1,""
"BP","GO:0044804","nucleophagy",0,18,75,7231,0,"0/75","18/7231",0,1,"",1,""
"BP","GO:0044818","mitotic G2/M transition checkpoint",0,16,75,7231,0,"0/75","16/7231",0,1,"",1,""
"BP","GO:0044827","modulation by host of viral genome replication",0,17,75,7231,0,"0/75","17/7231",0,1,"",1,""
"BP","GO:0044829","positive regulation by host of viral genome replication",0,11,75,7231,0,"0/75","11/7231",0,1,"",1,""
"BP","GO:0044839","cell cycle G2/M phase transition",0,55,75,7231,0,"0/75","55/7231",0,1,"",1,""
"BP","GO:0044843","cell cycle G1/S phase transition",0,117,75,7231,0,"0/75","117/7231",0,1,"",1,""
"BP","GO:0044848","biological phase",0,12,75,7231,0,"0/75","12/7231",0,1,"",1,""
"BP","GO:0044872","lipoprotein localization",0,10,75,7231,0,"0/75","10/7231",0,1,"",1,""
"BP","GO:0045010","actin nucleation",0,44,75,7231,0,"0/75","44/7231",0,1,"",1,""
"BP","GO:0045017","glycerolipid biosynthetic process",0,121,75,7231,0,"0/75","121/7231",0,1,"",1,""
"BP","GO:0045022","early endosome to late endosome transport",0,37,75,7231,0,"0/75","37/7231",0,1,"",1,""
"BP","GO:0045023","G0 to G1 transition",0,26,75,7231,0,"0/75","26/7231",0,1,"",1,""
"BP","GO:0045047","protein targeting to ER",0,29,75,7231,0,"0/75","29/7231",0,1,"",1,""
"BP","GO:0045048","protein insertion into ER membrane",0,24,75,7231,0,"0/75","24/7231",0,1,"",1,""
"BP","GO:0045050","protein insertion into ER membrane by stop-transfer membrane-anchor sequence",0,10,75,7231,0,"0/75","10/7231",0,1,"",1,""
"BP","GO:0045056","transcytosis",0,12,75,7231,0,"0/75","12/7231",0,1,"",1,""
"BP","GO:0045058","T cell selection",0,14,75,7231,0,"0/75","14/7231",0,1,"",1,""
"BP","GO:0045069","regulation of viral genome replication",0,37,75,7231,0,"0/75","37/7231",0,1,"",1,""
"BP","GO:0045070","positive regulation of viral genome replication",0,21,75,7231,0,"0/75","21/7231",0,1,"",1,""
"BP","GO:0045071","negative regulation of viral genome replication",0,16,75,7231,0,"0/75","16/7231",0,1,"",1,""
"BP","GO:0045116","protein neddylation",0,14,75,7231,0,"0/75","14/7231",0,1,"",1,""
"BP","GO:0045123","cellular extravasation",0,33,75,7231,0,"0/75","33/7231",0,1,"",1,""
"BP","GO:0045132","meiotic chromosome segregation",0,16,75,7231,0,"0/75","16/7231",0,1,"",1,""
"BP","GO:0045165","cell fate commitment",0,66,75,7231,0,"0/75","66/7231",0,1,"",1,""
"CC","GO:0045171","intercellular bridge",0,45,75,7294,0,"0/75","45/7294",0,1,"",1,""
"BP","GO:0045176","apical protein localization",0,11,75,7231,0,"0/75","11/7231",0,1,"",1,""
"CC","GO:0045178","basal part of cell",0,162,75,7294,0,"0/75","162/7294",0,1,"",1,""
"MF","GO:0045182","translation regulator activity",0,100,72,7153,0,"0/72","100/7153",0,1,"",1,""
"BP","GO:0045185","maintenance of protein location",0,58,75,7231,0,"0/75","58/7231",0,1,"",1,""
"BP","GO:0045190","isotype switching",0,17,75,7231,0,"0/75","17/7231",0,1,"",1,""
"BP","GO:0045191","regulation of isotype switching",0,12,75,7231,0,"0/75","12/7231",0,1,"",1,""
"BP","GO:0045197","establishment or maintenance of epithelial cell apical/basal polarity",0,34,75,7231,0,"0/75","34/7231",0,1,"",1,""
"BP","GO:0045198","establishment of epithelial cell apical/basal polarity",0,11,75,7231,0,"0/75","11/7231",0,1,"",1,""
"BP","GO:0045216","cell-cell junction organization",0,105,75,7231,0,"0/75","105/7231",0,1,"",1,""
"BP","GO:0045217","cell-cell junction maintenance",0,11,75,7231,0,"0/75","11/7231",0,1,"",1,""
"BP","GO:0045229","external encapsulating structure organization",0,96,75,7231,0,"0/75","96/7231",0,1,"",1,""
"CC","GO:0045239","tricarboxylic acid cycle enzyme complex",0,17,75,7294,0,"0/75","17/7294",0,1,"",1,""
"CC","GO:0045240","dihydrolipoyl dehydrogenase complex",0,11,75,7294,0,"0/75","11/7294",0,1,"",1,""
"CC","GO:0045259","proton-transporting ATP synthase complex",0,17,75,7294,0,"0/75","17/7294",0,1,"",1,""
"CC","GO:0045271","respiratory chain complex I",0,45,75,7294,0,"0/75","45/7294",0,1,"",1,""
"CC","GO:0045275","respiratory chain complex III",0,12,75,7294,0,"0/75","12/7294",0,1,"",1,""
"CC","GO:0045277","respiratory chain complex IV",0,18,75,7294,0,"0/75","18/7294",0,1,"",1,""
"BP","GO:0045292","mRNA cis splicing, via spliceosome",0,17,75,7231,0,"0/75","17/7231",0,1,"",1,""
"MF","GO:0045296","cadherin binding",0,42,72,7153,0,"0/72","42/7153",0,1,"",1,""
"MF","GO:0045309","protein phosphorylated amino acid binding",0,38,72,7153,0,"0/72","38/7153",0,1,"",1,""
"BP","GO:0045324","late endosome to vacuole transport",0,24,75,7231,0,"0/75","24/7231",0,1,"",1,""
"BP","GO:0045332","phospholipid translocation",0,22,75,7231,0,"0/75","22/7231",0,1,"",1,""
"BP","GO:0045333","cellular respiration",0,181,75,7231,0,"0/75","181/7231",0,1,"",1,""
"CC","GO:0045334","clathrin-coated endocytic vesicle",0,21,75,7294,0,"0/75","21/7294",0,1,"",1,""
"BP","GO:0045428","regulation of nitric oxide biosynthetic process",0,37,75,7231,0,"0/75","37/7231",0,1,"",1,""
"BP","GO:0045429","positive regulation of nitric oxide biosynthetic process",0,25,75,7231,0,"0/75","25/7231",0,1,"",1,""
"BP","GO:0045444","fat cell differentiation",0,89,75,7231,0,"0/75","89/7231",0,1,"",1,""
"BP","GO:0045445","myoblast differentiation",0,41,75,7231,0,"0/75","41/7231",0,1,"",1,""
"BP","GO:0045454","cell redox homeostasis",0,21,75,7231,0,"0/75","21/7231",0,1,"",1,""
"BP","GO:0045471","response to ethanol",0,34,75,7231,0,"0/75","34/7231",0,1,"",1,""
"BP","GO:0045475","locomotor rhythm",0,11,75,7231,0,"0/75","11/7231",0,1,"",1,""
"BP","GO:0045494","photoreceptor cell maintenance",0,13,75,7231,0,"0/75","13/7231",0,1,"",1,""
"MF","GO:0045499","chemorepellent activity",0,16,72,7153,0,"0/72","16/7153",0,1,"",1,""
"MF","GO:0045505","dynein intermediate chain binding",0,12,72,7153,0,"0/72","12/7153",0,1,"",1,""
"BP","GO:0045576","mast cell activation",0,27,75,7231,0,"0/75","27/7231",0,1,"",1,""
"BP","GO:0045580","regulation of T cell differentiation",0,55,75,7231,0,"0/75","55/7231",0,1,"",1,""
"BP","GO:0045581","negative regulation of T cell differentiation",0,10,75,7231,0,"0/75","10/7231",0,1,"",1,""
"BP","GO:0045582","positive regulation of T cell differentiation",0,40,75,7231,0,"0/75","40/7231",0,1,"",1,""
"BP","GO:0045598","regulation of fat cell differentiation",0,41,75,7231,0,"0/75","41/7231",0,1,"",1,""
"BP","GO:0045599","negative regulation of fat cell differentiation",0,17,75,7231,0,"0/75","17/7231",0,1,"",1,""
"BP","GO:0045600","positive regulation of fat cell differentiation",0,19,75,7231,0,"0/75","19/7231",0,1,"",1,""
"BP","GO:0045604","regulation of epidermal cell differentiation",0,12,75,7231,0,"0/75","12/7231",0,1,"",1,""
"BP","GO:0045616","regulation of keratinocyte differentiation",0,10,75,7231,0,"0/75","10/7231",0,1,"",1,""
"BP","GO:0045619","regulation of lymphocyte differentiation",0,62,75,7231,0,"0/75","62/7231",0,1,"",1,""
"BP","GO:0045620","negative regulation of lymphocyte differentiation",0,12,75,7231,0,"0/75","12/7231",0,1,"",1,""
"BP","GO:0045621","positive regulation of lymphocyte differentiation",0,42,75,7231,0,"0/75","42/7231",0,1,"",1,""
"BP","GO:0045637","regulation of myeloid cell differentiation",0,83,75,7231,0,"0/75","83/7231",0,1,"",1,""
"BP","GO:0045638","negative regulation of myeloid cell differentiation",0,33,75,7231,0,"0/75","33/7231",0,1,"",1,""
"BP","GO:0045639","positive regulation of myeloid cell differentiation",0,37,75,7231,0,"0/75","37/7231",0,1,"",1,""
"BP","GO:0045646","regulation of erythrocyte differentiation",0,27,75,7231,0,"0/75","27/7231",0,1,"",1,""
"BP","GO:0045648","positive regulation of erythrocyte differentiation",0,18,75,7231,0,"0/75","18/7231",0,1,"",1,""
"BP","GO:0045652","regulation of megakaryocyte differentiation",0,11,75,7231,0,"0/75","11/7231",0,1,"",1,""
"BP","GO:0045661","regulation of myoblast differentiation",0,32,75,7231,0,"0/75","32/7231",0,1,"",1,""
"BP","GO:0045663","positive regulation of myoblast differentiation",0,25,75,7231,0,"0/75","25/7231",0,1,"",1,""
"BP","GO:0045665","negative regulation of neuron differentiation",0,37,75,7231,0,"0/75","37/7231",0,1,"",1,""
"BP","GO:0045667","regulation of osteoblast differentiation",0,38,75,7231,0,"0/75","38/7231",0,1,"",1,""
"BP","GO:0045668","negative regulation of osteoblast differentiation",0,12,75,7231,0,"0/75","12/7231",0,1,"",1,""
"BP","GO:0045669","positive regulation of osteoblast differentiation",0,21,75,7231,0,"0/75","21/7231",0,1,"",1,""
"BP","GO:0045670","regulation of osteoclast differentiation",0,24,75,7231,0,"0/75","24/7231",0,1,"",1,""
"BP","GO:0045682","regulation of epidermis development",0,13,75,7231,0,"0/75","13/7231",0,1,"",1,""
"BP","GO:0045685","regulation of glial cell differentiation",0,47,75,7231,0,"0/75","47/7231",0,1,"",1,""
"BP","GO:0045686","negative regulation of glial cell differentiation",0,13,75,7231,0,"0/75","13/7231",0,1,"",1,""
"BP","GO:0045687","positive regulation of glial cell differentiation",0,30,75,7231,0,"0/75","30/7231",0,1,"",1,""
"BP","GO:0045722","positive regulation of gluconeogenesis",0,10,75,7231,0,"0/75","10/7231",0,1,"",1,""
"BP","GO:0045723","positive regulation of fatty acid biosynthetic process",0,10,75,7231,0,"0/75","10/7231",0,1,"",1,""
"BP","GO:0045724","positive regulation of cilium assembly",0,16,75,7231,0,"0/75","16/7231",0,1,"",1,""
"BP","GO:0045727","positive regulation of translation",0,86,75,7231,0,"0/75","86/7231",0,1,"",1,""
"BP","GO:0045730","respiratory burst",0,12,75,7231,0,"0/75","12/7231",0,1,"",1,""
"BP","GO:0045736","negative regulation of cyclin-dependent protein serine/threonine kinase activity",0,10,75,7231,0,"0/75","10/7231",0,1,"",1,""
"BP","GO:0045738","negative regulation of DNA repair",0,10,75,7231,0,"0/75","10/7231",0,1,"",1,""
"BP","GO:0045740","positive regulation of DNA replication",0,20,75,7231,0,"0/75","20/7231",0,1,"",1,""
"BP","GO:0045742","positive regulation of epidermal growth factor receptor signaling pathway",0,11,75,7231,0,"0/75","11/7231",0,1,"",1,""
"BP","GO:0045744","negative regulation of G protein-coupled receptor signaling pathway",0,31,75,7231,0,"0/75","31/7231",0,1,"",1,""
"BP","GO:0045745","positive regulation of G protein-coupled receptor signaling pathway",0,15,75,7231,0,"0/75","15/7231",0,1,"",1,""
"BP","GO:0045747","positive regulation of Notch signaling pathway",0,18,75,7231,0,"0/75","18/7231",0,1,"",1,""
"BP","GO:0045761","regulation of adenylate cyclase activity",0,17,75,7231,0,"0/75","17/7231",0,1,"",1,""
"BP","GO:0045762","positive regulation of adenylate cyclase activity",0,13,75,7231,0,"0/75","13/7231",0,1,"",1,""
"BP","GO:0045766","positive regulation of angiogenesis",0,59,75,7231,0,"0/75","59/7231",0,1,"",1,""
"BP","GO:0045773","positive regulation of axon extension",0,40,75,7231,0,"0/75","40/7231",0,1,"",1,""
"BP","GO:0045776","negative regulation of blood pressure",0,21,75,7231,0,"0/75","21/7231",0,1,"",1,""
"BP","GO:0045777","positive regulation of blood pressure",0,19,75,7231,0,"0/75","19/7231",0,1,"",1,""
"BP","GO:0045778","positive regulation of ossification",0,23,75,7231,0,"0/75","23/7231",0,1,"",1,""
"BP","GO:0045786","negative regulation of cell cycle",0,143,75,7231,0,"0/75","143/7231",0,1,"",1,""
"BP","GO:0045787","positive regulation of cell cycle",0,146,75,7231,0,"0/75","146/7231",0,1,"",1,""
"BP","GO:0045792","negative regulation of cell size",0,12,75,7231,0,"0/75","12/7231",0,1,"",1,""
"BP","GO:0045793","positive regulation of cell size",0,10,75,7231,0,"0/75","10/7231",0,1,"",1,""
"BP","GO:0045806","negative regulation of endocytosis",0,47,75,7231,0,"0/75","47/7231",0,1,"",1,""
"BP","GO:0045814","negative regulation of gene expression, epigenetic",0,47,75,7231,0,"0/75","47/7231",0,1,"",1,""
"BP","GO:0045815","transcription initiation-coupled chromatin remodeling",0,26,75,7231,0,"0/75","26/7231",0,1,"",1,""
"BP","GO:0045820","negative regulation of glycolytic process",0,12,75,7231,0,"0/75","12/7231",0,1,"",1,""
"BP","GO:0045821","positive regulation of glycolytic process",0,13,75,7231,0,"0/75","13/7231",0,1,"",1,""
"BP","GO:0045822","negative regulation of heart contraction",0,10,75,7231,0,"0/75","10/7231",0,1,"",1,""
"BP","GO:0045823","positive regulation of heart contraction",0,12,75,7231,0,"0/75","12/7231",0,1,"",1,""
"BP","GO:0045824","negative regulation of innate immune response",0,41,75,7231,0,"0/75","41/7231",0,1,"",1,""
"BP","GO:0045833","negative regulation of lipid metabolic process",0,41,75,7231,0,"0/75","41/7231",0,1,"",1,""
"BP","GO:0045838","positive regulation of membrane potential",0,14,75,7231,0,"0/75","14/7231",0,1,"",1,""
"BP","GO:0045839","negative regulation of mitotic nuclear division",0,17,75,7231,0,"0/75","17/7231",0,1,"",1,""
"BP","GO:0045840","positive regulation of mitotic nuclear division",0,16,75,7231,0,"0/75","16/7231",0,1,"",1,""
"BP","GO:0045841","negative regulation of mitotic metaphase/anaphase transition",0,14,75,7231,0,"0/75","14/7231",0,1,"",1,""
"BP","GO:0045860","positive regulation of protein kinase activity",0,169,75,7231,0,"0/75","169/7231",0,1,"",1,""
"BP","GO:0045879","negative regulation of smoothened signaling pathway",0,17,75,7231,0,"0/75","17/7231",0,1,"",1,""
"BP","GO:0045880","positive regulation of smoothened signaling pathway",0,13,75,7231,0,"0/75","13/7231",0,1,"",1,""
"BP","GO:0045907","positive regulation of vasoconstriction",0,25,75,7231,0,"0/75","25/7231",0,1,"",1,""
"BP","GO:0045910","negative regulation of DNA recombination",0,20,75,7231,0,"0/75","20/7231",0,1,"",1,""
"BP","GO:0045911","positive regulation of DNA recombination",0,27,75,7231,0,"0/75","27/7231",0,1,"",1,""
"BP","GO:0045912","negative regulation of carbohydrate metabolic process",0,26,75,7231,0,"0/75","26/7231",0,1,"",1,""
"BP","GO:0045913","positive regulation of carbohydrate metabolic process",0,44,75,7231,0,"0/75","44/7231",0,1,"",1,""
"BP","GO:0045920","negative regulation of exocytosis",0,25,75,7231,0,"0/75","25/7231",0,1,"",1,""
"BP","GO:0045921","positive regulation of exocytosis",0,67,75,7231,0,"0/75","67/7231",0,1,"",1,""
"BP","GO:0045922","negative regulation of fatty acid metabolic process",0,15,75,7231,0,"0/75","15/7231",0,1,"",1,""
"BP","GO:0045923","positive regulation of fatty acid metabolic process",0,19,75,7231,0,"0/75","19/7231",0,1,"",1,""
"BP","GO:0045930","negative regulation of mitotic cell cycle",0,88,75,7231,0,"0/75","88/7231",0,1,"",1,""
"BP","GO:0045931","positive regulation of mitotic cell cycle",0,69,75,7231,0,"0/75","69/7231",0,1,"",1,""
"BP","GO:0045932","negative regulation of muscle contraction",0,12,75,7231,0,"0/75","12/7231",0,1,"",1,""
"BP","GO:0045933","positive regulation of muscle contraction",0,16,75,7231,0,"0/75","16/7231",0,1,"",1,""
"BP","GO:0045939","negative regulation of steroid metabolic process",0,10,75,7231,0,"0/75","10/7231",0,1,"",1,""
"BP","GO:0045943","positive regulation of transcription by RNA polymerase I",0,19,75,7231,0,"0/75","19/7231",0,1,"",1,""
"BP","GO:0045945","positive regulation of transcription by RNA polymerase III",0,10,75,7231,0,"0/75","10/7231",0,1,"",1,""
"BP","GO:0045947","negative regulation of translational initiation",0,14,75,7231,0,"0/75","14/7231",0,1,"",1,""
"BP","GO:0045948","positive regulation of translational initiation",0,14,75,7231,0,"0/75","14/7231",0,1,"",1,""
"BP","GO:0045956","positive regulation of calcium ion-dependent exocytosis",0,13,75,7231,0,"0/75","13/7231",0,1,"",1,""
"BP","GO:0045981","positive regulation of nucleotide metabolic process",0,14,75,7231,0,"0/75","14/7231",0,1,"",1,""
"BP","GO:0045995","regulation of embryonic development",0,33,75,7231,0,"0/75","33/7231",0,1,"",1,""
"BP","GO:0046006","regulation of activated T cell proliferation",0,12,75,7231,0,"0/75","12/7231",0,1,"",1,""
"BP","GO:0046033","AMP metabolic process",0,23,75,7231,0,"0/75","23/7231",0,1,"",1,""
"BP","GO:0046037","GMP metabolic process",0,19,75,7231,0,"0/75","19/7231",0,1,"",1,""
"BP","GO:0046039","GTP metabolic process",0,20,75,7231,0,"0/75","20/7231",0,1,"",1,""
"BP","GO:0046040","IMP metabolic process",0,19,75,7231,0,"0/75","19/7231",0,1,"",1,""
"BP","GO:0046049","UMP metabolic process",0,12,75,7231,0,"0/75","12/7231",0,1,"",1,""
"BP","GO:0046112","nucleobase biosynthetic process",0,15,75,7231,0,"0/75","15/7231",0,1,"",1,""
"BP","GO:0046128","purine ribonucleoside metabolic process",0,18,75,7231,0,"0/75","18/7231",0,1,"",1,""
"BP","GO:0046129","purine ribonucleoside biosynthetic process",0,10,75,7231,0,"0/75","10/7231",0,1,"",1,""
"BP","GO:0046148","pigment biosynthetic process",0,27,75,7231,0,"0/75","27/7231",0,1,"",1,""
"BP","GO:0046164","alcohol catabolic process",0,10,75,7231,0,"0/75","10/7231",0,1,"",1,""
"BP","GO:0046166","glyceraldehyde-3-phosphate biosynthetic process",0,10,75,7231,0,"0/75","10/7231",0,1,"",1,""
"BP","GO:0046184","aldehyde biosynthetic process",0,15,75,7231,0,"0/75","15/7231",0,1,"",1,""
"BP","GO:0046185","aldehyde catabolic process",0,12,75,7231,0,"0/75","12/7231",0,1,"",1,""
"BP","GO:0046189","phenol-containing compound biosynthetic process",0,17,75,7231,0,"0/75","17/7231",0,1,"",1,""
"BP","GO:0046209","nitric oxide metabolic process",0,47,75,7231,0,"0/75","47/7231",0,1,"",1,""
"BP","GO:0046320","regulation of fatty acid oxidation",0,22,75,7231,0,"0/75","22/7231",0,1,"",1,""
"BP","GO:0046321","positive regulation of fatty acid oxidation",0,11,75,7231,0,"0/75","11/7231",0,1,"",1,""
"BP","GO:0046323","glucose import",0,46,75,7231,0,"0/75","46/7231",0,1,"",1,""
"BP","GO:0046324","regulation of glucose import",0,37,75,7231,0,"0/75","37/7231",0,1,"",1,""
"BP","GO:0046325","negative regulation of glucose import",0,12,75,7231,0,"0/75","12/7231",0,1,"",1,""
"BP","GO:0046326","positive regulation of glucose import",0,21,75,7231,0,"0/75","21/7231",0,1,"",1,""
"BP","GO:0046328","regulation of JNK cascade",0,67,75,7231,0,"0/75","67/7231",0,1,"",1,""
"BP","GO:0046329","negative regulation of JNK cascade",0,18,75,7231,0,"0/75","18/7231",0,1,"",1,""
"BP","GO:0046330","positive regulation of JNK cascade",0,42,75,7231,0,"0/75","42/7231",0,1,"",1,""
"MF","GO:0046332","SMAD binding",0,37,72,7153,0,"0/72","37/7153",0,1,"",1,""
"BP","GO:0046337","phosphatidylethanolamine metabolic process",0,15,75,7231,0,"0/75","15/7231",0,1,"",1,""
"BP","GO:0046339","diacylglycerol metabolic process",0,16,75,7231,0,"0/75","16/7231",0,1,"",1,""
"BP","GO:0046365","monosaccharide catabolic process",0,37,75,7231,0,"0/75","37/7231",0,1,"",1,""
"BP","GO:0046385","deoxyribose phosphate biosynthetic process",0,13,75,7231,0,"0/75","13/7231",0,1,"",1,""
"BP","GO:0046386","deoxyribose phosphate catabolic process",0,17,75,7231,0,"0/75","17/7231",0,1,"",1,""
"BP","GO:0046390","ribose phosphate biosynthetic process",0,173,75,7231,0,"0/75","173/7231",0,1,"",1,""
"BP","GO:0046395","carboxylic acid catabolic process",0,145,75,7231,0,"0/75","145/7231",0,1,"",1,""
"BP","GO:0046425","regulation of receptor signaling pathway via JAK-STAT",0,30,75,7231,0,"0/75","30/7231",0,1,"",1,""
"BP","GO:0046427","positive regulation of receptor signaling pathway via JAK-STAT",0,12,75,7231,0,"0/75","12/7231",0,1,"",1,""
"BP","GO:0046434","organophosphate catabolic process",0,86,75,7231,0,"0/75","86/7231",0,1,"",1,""
"BP","GO:0046456","icosanoid biosynthetic process",0,17,75,7231,0,"0/75","17/7231",0,1,"",1,""
"BP","GO:0046457","prostanoid biosynthetic process",0,14,75,7231,0,"0/75","14/7231",0,1,"",1,""
"BP","GO:0046459","short-chain fatty acid metabolic process",0,10,75,7231,0,"0/75","10/7231",0,1,"",1,""
"BP","GO:0046460","neutral lipid biosynthetic process",0,25,75,7231,0,"0/75","25/7231",0,1,"",1,""
"BP","GO:0046461","neutral lipid catabolic process",0,16,75,7231,0,"0/75","16/7231",0,1,"",1,""
"BP","GO:0046463","acylglycerol biosynthetic process",0,25,75,7231,0,"0/75","25/7231",0,1,"",1,""
"BP","GO:0046464","acylglycerol catabolic process",0,16,75,7231,0,"0/75","16/7231",0,1,"",1,""
"BP","GO:0046470","phosphatidylcholine metabolic process",0,35,75,7231,0,"0/75","35/7231",0,1,"",1,""
"BP","GO:0046471","phosphatidylglycerol metabolic process",0,17,75,7231,0,"0/75","17/7231",0,1,"",1,""
"BP","GO:0046473","phosphatidic acid metabolic process",0,17,75,7231,0,"0/75","17/7231",0,1,"",1,""
"BP","GO:0046474","glycerophospholipid biosynthetic process",0,99,75,7231,0,"0/75","99/7231",0,1,"",1,""
"BP","GO:0046475","glycerophospholipid catabolic process",0,16,75,7231,0,"0/75","16/7231",0,1,"",1,""
"BP","GO:0046479","glycosphingolipid catabolic process",0,11,75,7231,0,"0/75","11/7231",0,1,"",1,""
"BP","GO:0046485","ether lipid metabolic process",0,11,75,7231,0,"0/75","11/7231",0,1,"",1,""
"BP","GO:0046486","glycerolipid metabolic process",0,208,75,7231,0,"0/75","208/7231",0,1,"",1,""
"BP","GO:0046488","phosphatidylinositol metabolic process",0,88,75,7231,0,"0/75","88/7231",0,1,"",1,""
"BP","GO:0046503","glycerolipid catabolic process",0,29,75,7231,0,"0/75","29/7231",0,1,"",1,""
"MF","GO:0046527","glucosyltransferase activity",0,12,72,7153,0,"0/72","12/7153",0,1,"",1,""
"BP","GO:0046530","photoreceptor cell differentiation",0,29,75,7231,0,"0/75","29/7231",0,1,"",1,""
"CC","GO:0046540","U4/U6 x U5 tri-snRNP complex",0,32,75,7294,0,"0/75","32/7294",0,1,"",1,""
"BP","GO:0046545","development of primary female sexual characteristics",0,38,75,7231,0,"0/75","38/7231",0,1,"",1,""
"BP","GO:0046578","regulation of Ras protein signal transduction",0,117,75,7231,0,"0/75","117/7231",0,1,"",1,""
"BP","GO:0046579","positive regulation of Ras protein signal transduction",0,28,75,7231,0,"0/75","28/7231",0,1,"",1,""
"BP","GO:0046580","negative regulation of Ras protein signal transduction",0,38,75,7231,0,"0/75","38/7231",0,1,"",1,""
"BP","GO:0046596","regulation of viral entry into host cell",0,11,75,7231,0,"0/75","11/7231",0,1,"",1,""
"BP","GO:0046605","regulation of centrosome cycle",0,23,75,7231,0,"0/75","23/7231",0,1,"",1,""
"BP","GO:0046621","negative regulation of organ growth",0,23,75,7231,0,"0/75","23/7231",0,1,"",1,""
"MF","GO:0046625","sphingolipid binding",0,21,72,7153,0,"0/72","21/7153",0,1,"",1,""
"BP","GO:0046628","positive regulation of insulin receptor signaling pathway",0,19,75,7231,0,"0/75","19/7231",0,1,"",1,""
"BP","GO:0046632","alpha-beta T cell differentiation",0,33,75,7231,0,"0/75","33/7231",0,1,"",1,""
"BP","GO:0046637","regulation of alpha-beta T cell differentiation",0,16,75,7231,0,"0/75","16/7231",0,1,"",1,""
"BP","GO:0046638","positive regulation of alpha-beta T cell differentiation",0,12,75,7231,0,"0/75","12/7231",0,1,"",1,""
"BP","GO:0046660","female sex differentiation",0,42,75,7231,0,"0/75","42/7231",0,1,"",1,""
"BP","GO:0046676","negative regulation of insulin secretion",0,29,75,7231,0,"0/75","29/7231",0,1,"",1,""
"BP","GO:0046677","response to antibiotic",0,17,75,7231,0,"0/75","17/7231",0,1,"",1,""
"BP","GO:0046683","response to organophosphorus",0,46,75,7231,0,"0/75","46/7231",0,1,"",1,""
"BP","GO:0046685","response to arsenic-containing substance",0,16,75,7231,0,"0/75","16/7231",0,1,"",1,""
"BP","GO:0046686","response to cadmium ion",0,20,75,7231,0,"0/75","20/7231",0,1,"",1,""
"BP","GO:0046688","response to copper ion",0,12,75,7231,0,"0/75","12/7231",0,1,"",1,""
"BP","GO:0046716","muscle cell cellular homeostasis",0,18,75,7231,0,"0/75","18/7231",0,1,"",1,""
"BP","GO:0046717","acid secretion",0,20,75,7231,0,"0/75","20/7231",0,1,"",1,""
"BP","GO:0046753","non-lytic viral release",0,11,75,7231,0,"0/75","11/7231",0,1,"",1,""
"BP","GO:0046755","viral budding",0,17,75,7231,0,"0/75","17/7231",0,1,"",1,""
"BP","GO:0046761","viral budding from plasma membrane",0,10,75,7231,0,"0/75","10/7231",0,1,"",1,""
"BP","GO:0046777","protein autophosphorylation",0,128,75,7231,0,"0/75","128/7231",0,1,"",1,""
"BP","GO:0046822","regulation of nucleocytoplasmic transport",0,81,75,7231,0,"0/75","81/7231",0,1,"",1,""
"BP","GO:0046823","negative regulation of nucleocytoplasmic transport",0,19,75,7231,0,"0/75","19/7231",0,1,"",1,""
"BP","GO:0046824","positive regulation of nucleocytoplasmic transport",0,45,75,7231,0,"0/75","45/7231",0,1,"",1,""
"BP","GO:0046825","regulation of protein export from nucleus",0,24,75,7231,0,"0/75","24/7231",0,1,"",1,""
"BP","GO:0046827","positive regulation of protein export from nucleus",0,15,75,7231,0,"0/75","15/7231",0,1,"",1,""
"BP","GO:0046831","regulation of RNA export from nucleus",0,12,75,7231,0,"0/75","12/7231",0,1,"",1,""
"BP","GO:0046839","phospholipid dephosphorylation",0,32,75,7231,0,"0/75","32/7231",0,1,"",1,""
"BP","GO:0046847","filopodium assembly",0,50,75,7231,0,"0/75","50/7231",0,1,"",1,""
"BP","GO:0046854","phosphatidylinositol phosphate biosynthetic process",0,31,75,7231,0,"0/75","31/7231",0,1,"",1,""
"BP","GO:0046856","phosphatidylinositol dephosphorylation",0,22,75,7231,0,"0/75","22/7231",0,1,"",1,""
"MF","GO:0046875","ephrin receptor binding",0,26,72,7153,0,"0/72","26/7153",0,1,"",1,""
"BP","GO:0046879","hormone secretion",0,187,75,7231,0,"0/75","187/7231",0,1,"",1,""
"BP","GO:0046883","regulation of hormone secretion",0,151,75,7231,0,"0/75","151/7231",0,1,"",1,""
"BP","GO:0046885","regulation of hormone biosynthetic process",0,11,75,7231,0,"0/75","11/7231",0,1,"",1,""
"BP","GO:0046887","positive regulation of hormone secretion",0,93,75,7231,0,"0/75","93/7231",0,1,"",1,""
"BP","GO:0046888","negative regulation of hormone secretion",0,40,75,7231,0,"0/75","40/7231",0,1,"",1,""
"MF","GO:0046915","transition metal ion transmembrane transporter activity",0,19,72,7153,0,"0/72","19/7153",0,1,"",1,""
"BP","GO:0046931","pore complex assembly",0,15,75,7231,0,"0/75","15/7231",0,1,"",1,""
"MF","GO:0046933","proton-transporting ATP synthase activity, rotational mechanism",0,15,72,7153,0,"0/72","15/7153",0,1,"",1,""
"MF","GO:0046943","carboxylic acid transmembrane transporter activity",0,77,72,7153,0,"0/72","77/7153",0,1,"",1,""
"MF","GO:0046961","proton-transporting ATPase activity, rotational mechanism",0,14,72,7153,0,"0/72","14/7153",0,1,"",1,""
"MF","GO:0046965","nuclear retinoid X receptor binding",0,10,72,7153,0,"0/72","10/7153",0,1,"",1,""
"MF","GO:0046966","nuclear thyroid hormone receptor binding",0,16,72,7153,0,"0/72","16/7153",0,1,"",1,""
"BP","GO:0047497","mitochondrion transport along microtubule",0,20,75,7231,0,"0/75","20/7231",0,1,"",1,""
"MF","GO:0047617","acyl-CoA hydrolase activity",0,15,72,7153,0,"0/72","15/7153",0,1,"",1,""
"BP","GO:0048008","platelet-derived growth factor receptor signaling pathway",0,40,75,7231,0,"0/75","40/7231",0,1,"",1,""
"BP","GO:0048009","insulin-like growth factor receptor signaling pathway",0,28,75,7231,0,"0/75","28/7231",0,1,"",1,""
"BP","GO:0048010","vascular endothelial growth factor receptor signaling pathway",0,20,75,7231,0,"0/75","20/7231",0,1,"",1,""
"BP","GO:0048011","neurotrophin TRK receptor signaling pathway",0,23,75,7231,0,"0/75","23/7231",0,1,"",1,""
"BP","GO:0048013","ephrin receptor signaling pathway",0,26,75,7231,0,"0/75","26/7231",0,1,"",1,""
"BP","GO:0048015","phosphatidylinositol-mediated signaling",0,14,75,7231,0,"0/75","14/7231",0,1,"",1,""
"BP","GO:0048024","regulation of mRNA splicing, via spliceosome",0,84,75,7231,0,"0/75","84/7231",0,1,"",1,""
"BP","GO:0048025","negative regulation of mRNA splicing, via spliceosome",0,21,75,7231,0,"0/75","21/7231",0,1,"",1,""
"BP","GO:0048026","positive regulation of mRNA splicing, via spliceosome",0,24,75,7231,0,"0/75","24/7231",0,1,"",1,""
"MF","GO:0048027","mRNA 5'-UTR binding",0,20,72,7153,0,"0/72","20/7153",0,1,"",1,""
"MF","GO:0048029","monosaccharide binding",0,39,72,7153,0,"0/72","39/7153",0,1,"",1,""
"MF","GO:0048038","quinone binding",0,12,72,7153,0,"0/72","12/7153",0,1,"",1,""
"BP","GO:0048066","developmental pigmentation",0,21,75,7231,0,"0/75","21/7231",0,1,"",1,""
"BP","GO:0048144","fibroblast proliferation",0,53,75,7231,0,"0/75","53/7231",0,1,"",1,""
"BP","GO:0048145","regulation of fibroblast proliferation",0,42,75,7231,0,"0/75","42/7231",0,1,"",1,""
"BP","GO:0048146","positive regulation of fibroblast proliferation",0,23,75,7231,0,"0/75","23/7231",0,1,"",1,""
"BP","GO:0048147","negative regulation of fibroblast proliferation",0,17,75,7231,0,"0/75","17/7231",0,1,"",1,""
"BP","GO:0048148","behavioral response to cocaine",0,14,75,7231,0,"0/75","14/7231",0,1,"",1,""
"MF","GO:0048156","tau protein binding",0,21,72,7153,0,"0/72","21/7153",0,1,"",1,""
"BP","GO:0048168","regulation of neuronal synaptic plasticity",0,59,75,7231,0,"0/75","59/7231",0,1,"",1,""
"BP","GO:0048169","regulation of long-term neuronal synaptic plasticity",0,33,75,7231,0,"0/75","33/7231",0,1,"",1,""
"BP","GO:0048172","regulation of short-term neuronal synaptic plasticity",0,17,75,7231,0,"0/75","17/7231",0,1,"",1,""
"CC","GO:0048188","Set1C/COMPASS complex",0,10,75,7294,0,"0/75","10/7294",0,1,"",1,""
"BP","GO:0048199","vesicle targeting, to, from or within Golgi",0,22,75,7231,0,"0/75","22/7231",0,1,"",1,""
"BP","GO:0048207","vesicle targeting, rough ER to cis-Golgi",0,15,75,7231,0,"0/75","15/7231",0,1,"",1,""
"BP","GO:0048208","COPII vesicle coating",0,15,75,7231,0,"0/75","15/7231",0,1,"",1,""
"BP","GO:0048246","macrophage chemotaxis",0,13,75,7231,0,"0/75","13/7231",0,1,"",1,""
"BP","GO:0048247","lymphocyte chemotaxis",0,11,75,7231,0,"0/75","11/7231",0,1,"",1,""
"BP","GO:0048255","mRNA stabilization",0,34,75,7231,0,"0/75","34/7231",0,1,"",1,""
"BP","GO:0048261","negative regulation of receptor-mediated endocytosis",0,22,75,7231,0,"0/75","22/7231",0,1,"",1,""
"BP","GO:0048265","response to pain",0,22,75,7231,0,"0/75","22/7231",0,1,"",1,""
"BP","GO:0048266","behavioral response to pain",0,15,75,7231,0,"0/75","15/7231",0,1,"",1,""
"BP","GO:0048268","clathrin coat assembly",0,17,75,7231,0,"0/75","17/7231",0,1,"",1,""
"BP","GO:0048278","vesicle docking",0,54,75,7231,0,"0/75","54/7231",0,1,"",1,""
"BP","GO:0048284","organelle fusion",0,131,75,7231,0,"0/75","131/7231",0,1,"",1,""
"BP","GO:0048285","organelle fission",0,189,75,7231,0,"0/75","189/7231",0,1,"",1,""
"BP","GO:0048286","lung alveolus development",0,21,75,7231,0,"0/75","21/7231",0,1,"",1,""
"BP","GO:0048308","organelle inheritance",0,12,75,7231,0,"0/75","12/7231",0,1,"",1,""
"BP","GO:0048311","mitochondrion distribution",0,20,75,7231,0,"0/75","20/7231",0,1,"",1,""
"BP","GO:0048312","intracellular distribution of mitochondria",0,10,75,7231,0,"0/75","10/7231",0,1,"",1,""
"BP","GO:0048313","Golgi inheritance",0,12,75,7231,0,"0/75","12/7231",0,1,"",1,""
"BP","GO:0048332","mesoderm morphogenesis",0,22,75,7231,0,"0/75","22/7231",0,1,"",1,""
"BP","GO:0048339","paraxial mesoderm development",0,11,75,7231,0,"0/75","11/7231",0,1,"",1,""
"BP","GO:0048384","retinoic acid receptor signaling pathway",0,10,75,7231,0,"0/75","10/7231",0,1,"",1,""
"BP","GO:0048469","cell maturation",0,74,75,7231,0,"0/75","74/7231",0,1,"",1,""
"CC","GO:0048475","coated membrane",0,75,75,7294,0,"0/75","75/7294",0,1,"",1,""
"BP","GO:0048477","oogenesis",0,37,75,7231,0,"0/75","37/7231",0,1,"",1,""
"BP","GO:0048483","autonomic nervous system development",0,12,75,7231,0,"0/75","12/7231",0,1,"",1,""
"MF","GO:0048487","beta-tubulin binding",0,34,72,7153,0,"0/72","34/7153",0,1,"",1,""
"BP","GO:0048488","synaptic vesicle endocytosis",0,71,75,7231,0,"0/75","71/7231",0,1,"",1,""
"BP","GO:0048499","synaptic vesicle membrane organization",0,31,75,7231,0,"0/75","31/7231",0,1,"",1,""
"BP","GO:0048515","spermatid differentiation",0,63,75,7231,0,"0/75","63/7231",0,1,"",1,""
"BP","GO:0048524","positive regulation of viral process",0,40,75,7231,0,"0/75","40/7231",0,1,"",1,""
"BP","GO:0048525","negative regulation of viral process",0,29,75,7231,0,"0/75","29/7231",0,1,"",1,""
"BP","GO:0048532","anatomical structure arrangement",0,11,75,7231,0,"0/75","11/7231",0,1,"",1,""
"BP","GO:0048534","hematopoietic or lymphoid organ development",0,39,75,7231,0,"0/75","39/7231",0,1,"",1,""
"BP","GO:0048536","spleen development",0,15,75,7231,0,"0/75","15/7231",0,1,"",1,""
"BP","GO:0048538","thymus development",0,24,75,7231,0,"0/75","24/7231",0,1,"",1,""
"BP","GO:0048546","digestive tract morphogenesis",0,13,75,7231,0,"0/75","13/7231",0,1,"",1,""
"BP","GO:0048565","digestive tract development",0,29,75,7231,0,"0/75","29/7231",0,1,"",1,""
"BP","GO:0048588","developmental cell growth",0,181,75,7231,0,"0/75","181/7231",0,1,"",1,""
"BP","GO:0048599","oocyte development",0,22,75,7231,0,"0/75","22/7231",0,1,"",1,""
"BP","GO:0048640","negative regulation of developmental growth",0,66,75,7231,0,"0/75","66/7231",0,1,"",1,""
"BP","GO:0048643","positive regulation of skeletal muscle tissue development",0,10,75,7231,0,"0/75","10/7231",0,1,"",1,""
"BP","GO:0048644","muscle organ morphogenesis",0,19,75,7231,0,"0/75","19/7231",0,1,"",1,""
"BP","GO:0048645","animal organ formation",0,17,75,7231,0,"0/75","17/7231",0,1,"",1,""
"BP","GO:0048661","positive regulation of smooth muscle cell proliferation",0,52,75,7231,0,"0/75","52/7231",0,1,"",1,""
"BP","GO:0048663","neuron fate commitment",0,14,75,7231,0,"0/75","14/7231",0,1,"",1,""
"BP","GO:0048668","collateral sprouting",0,26,75,7231,0,"0/75","26/7231",0,1,"",1,""
"BP","GO:0048670","regulation of collateral sprouting",0,17,75,7231,0,"0/75","17/7231",0,1,"",1,""
"BP","GO:0048675","axon extension",0,91,75,7231,0,"0/75","91/7231",0,1,"",1,""
"BP","GO:0048678","response to axon injury",0,50,75,7231,0,"0/75","50/7231",0,1,"",1,""
"BP","GO:0048679","regulation of axon regeneration",0,28,75,7231,0,"0/75","28/7231",0,1,"",1,""
"BP","GO:0048680","positive regulation of axon regeneration",0,11,75,7231,0,"0/75","11/7231",0,1,"",1,""
"BP","GO:0048681","negative regulation of axon regeneration",0,12,75,7231,0,"0/75","12/7231",0,1,"",1,""
"BP","GO:0048701","embryonic cranial skeleton morphogenesis",0,10,75,7231,0,"0/75","10/7231",0,1,"",1,""
"BP","GO:0048704","embryonic skeletal system morphogenesis",0,17,75,7231,0,"0/75","17/7231",0,1,"",1,""
"BP","GO:0048705","skeletal system morphogenesis",0,59,75,7231,0,"0/75","59/7231",0,1,"",1,""
"BP","GO:0048709","oligodendrocyte differentiation",0,64,75,7231,0,"0/75","64/7231",0,1,"",1,""
"BP","GO:0048710","regulation of astrocyte differentiation",0,17,75,7231,0,"0/75","17/7231",0,1,"",1,""
"BP","GO:0048713","regulation of oligodendrocyte differentiation",0,28,75,7231,0,"0/75","28/7231",0,1,"",1,""
"BP","GO:0048714","positive regulation of oligodendrocyte differentiation",0,18,75,7231,0,"0/75","18/7231",0,1,"",1,""
"BP","GO:0048736","appendage development",0,56,75,7231,0,"0/75","56/7231",0,1,"",1,""
"BP","GO:0048741","skeletal muscle fiber development",0,21,75,7231,0,"0/75","21/7231",0,1,"",1,""
"BP","GO:0048754","branching morphogenesis of an epithelial tube",0,45,75,7231,0,"0/75","45/7231",0,1,"",1,""
"BP","GO:0048755","branching morphogenesis of a nerve",0,10,75,7231,0,"0/75","10/7231",0,1,"",1,""
"BP","GO:0048762","mesenchymal cell differentiation",0,94,75,7231,0,"0/75","94/7231",0,1,"",1,""
"CC","GO:0048770","pigment granule",0,16,75,7294,0,"0/75","16/7294",0,1,"",1,""
"CC","GO:0048787","presynaptic active zone membrane",0,52,75,7294,0,"0/75","52/7294",0,1,"",1,""
"BP","GO:0048791","calcium ion-regulated exocytosis of neurotransmitter",0,23,75,7231,0,"0/75","23/7231",0,1,"",1,""
"BP","GO:0048799","animal organ maturation",0,11,75,7231,0,"0/75","11/7231",0,1,"",1,""
"BP","GO:0048806","genitalia development",0,11,75,7231,0,"0/75","11/7231",0,1,"",1,""
"BP","GO:0048820","hair follicle maturation",0,10,75,7231,0,"0/75","10/7231",0,1,"",1,""
"BP","GO:0048821","erythrocyte development",0,20,75,7231,0,"0/75","20/7231",0,1,"",1,""
"BP","GO:0048841","regulation of axon extension involved in axon guidance",0,14,75,7231,0,"0/75","14/7231",0,1,"",1,""
"BP","GO:0048843","negative regulation of axon extension involved in axon guidance",0,11,75,7231,0,"0/75","11/7231",0,1,"",1,""
"BP","GO:0048844","artery morphogenesis",0,20,75,7231,0,"0/75","20/7231",0,1,"",1,""
"BP","GO:0048846","axon extension involved in axon guidance",0,17,75,7231,0,"0/75","17/7231",0,1,"",1,""
"BP","GO:0048854","brain morphogenesis",0,22,75,7231,0,"0/75","22/7231",0,1,"",1,""
"BP","GO:0048857","neural nucleus development",0,11,75,7231,0,"0/75","11/7231",0,1,"",1,""
"BP","GO:0048863","stem cell differentiation",0,93,75,7231,0,"0/75","93/7231",0,1,"",1,""
"BP","GO:0048864","stem cell development",0,34,75,7231,0,"0/75","34/7231",0,1,"",1,""
"BP","GO:0048873","homeostasis of number of cells within a tissue",0,21,75,7231,0,"0/75","21/7231",0,1,"",1,""
"BP","GO:0050000","chromosome localization",0,48,75,7231,0,"0/75","48/7231",0,1,"",1,""
"MF","GO:0050136","NADH dehydrogenase (quinone) activity",0,17,72,7153,0,"0/72","17/7153",0,1,"",1,""
"MF","GO:0050145","nucleoside monophosphate kinase activity",0,11,72,7153,0,"0/72","11/7153",0,1,"",1,""
"MF","GO:0050321","tau-protein kinase activity",0,14,72,7153,0,"0/72","14/7153",0,1,"",1,""
"BP","GO:0050435","amyloid-beta metabolic process",0,39,75,7231,0,"0/75","39/7231",0,1,"",1,""
"MF","GO:0050660","flavin adenine dinucleotide binding",0,56,72,7153,0,"0/72","56/7153",0,1,"",1,""
"MF","GO:0050661","NADP binding",0,30,72,7153,0,"0/72","30/7153",0,1,"",1,""
"BP","GO:0050672","negative regulation of lymphocyte proliferation",0,24,75,7231,0,"0/75","24/7231",0,1,"",1,""
"BP","GO:0050680","negative regulation of epithelial cell proliferation",0,57,75,7231,0,"0/75","57/7231",0,1,"",1,""
"MF","GO:0050681","nuclear androgen receptor binding",0,17,72,7153,0,"0/72","17/7153",0,1,"",1,""
"BP","GO:0050684","regulation of mRNA processing",0,104,75,7231,0,"0/75","104/7231",0,1,"",1,""
"BP","GO:0050685","positive regulation of mRNA processing",0,29,75,7231,0,"0/75","29/7231",0,1,"",1,""
"BP","GO:0050686","negative regulation of mRNA processing",0,22,75,7231,0,"0/75","22/7231",0,1,"",1,""
"BP","GO:0050687","negative regulation of defense response to virus",0,28,75,7231,0,"0/75","28/7231",0,1,"",1,""
"BP","GO:0050688","regulation of defense response to virus",0,43,75,7231,0,"0/75","43/7231",0,1,"",1,""
"BP","GO:0050691","regulation of defense response to virus by host",0,14,75,7231,0,"0/75","14/7231",0,1,"",1,""
"BP","GO:0050709","negative regulation of protein secretion",0,43,75,7231,0,"0/75","43/7231",0,1,"",1,""
"BP","GO:0050729","positive regulation of inflammatory response",0,42,75,7231,0,"0/75","42/7231",0,1,"",1,""
"BP","GO:0050731","positive regulation of peptidyl-tyrosine phosphorylation",0,82,75,7231,0,"0/75","82/7231",0,1,"",1,""
"BP","GO:0050732","negative regulation of peptidyl-tyrosine phosphorylation",0,24,75,7231,0,"0/75","24/7231",0,1,"",1,""
"BP","GO:0050746","regulation of lipoprotein metabolic process",0,14,75,7231,0,"0/75","14/7231",0,1,"",1,""
"MF","GO:0050750","low-density lipoprotein particle receptor binding",0,18,72,7153,0,"0/72","18/7153",0,1,"",1,""
"BP","GO:0050765","negative regulation of phagocytosis",0,15,75,7231,0,"0/75","15/7231",0,1,"",1,""
"BP","GO:0050769","positive regulation of neurogenesis",0,196,75,7231,0,"0/75","196/7231",0,1,"",1,""
"BP","GO:0050770","regulation of axonogenesis",0,134,75,7231,0,"0/75","134/7231",0,1,"",1,""
"BP","GO:0050771","negative regulation of axonogenesis",0,45,75,7231,0,"0/75","45/7231",0,1,"",1,""
"BP","GO:0050772","positive regulation of axonogenesis",0,78,75,7231,0,"0/75","78/7231",0,1,"",1,""
"BP","GO:0050775","positive regulation of dendrite morphogenesis",0,46,75,7231,0,"0/75","46/7231",0,1,"",1,""
"MF","GO:0050780","dopamine receptor binding",0,22,72,7153,0,"0/72","22/7153",0,1,"",1,""
"BP","GO:0050792","regulation of viral process",0,69,75,7231,0,"0/75","69/7231",0,1,"",1,""
"BP","GO:0050796","regulation of insulin secretion",0,115,75,7231,0,"0/75","115/7231",0,1,"",1,""
"BP","GO:0050798","activated T cell proliferation",0,18,75,7231,0,"0/75","18/7231",0,1,"",1,""
"BP","GO:0050805","negative regulation of synaptic transmission",0,48,75,7231,0,"0/75","48/7231",0,1,"",1,""
"MF","GO:0050811","GABA receptor binding",0,16,72,7153,0,"0/72","16/7153",0,1,"",1,""
"MF","GO:0050815","phosphoserine residue binding",0,11,72,7153,0,"0/72","11/7153",0,1,"",1,""
"MF","GO:0050839","cell adhesion molecule binding",0,176,72,7153,0,"0/72","176/7153",0,1,"",1,""
"MF","GO:0050840","extracellular matrix binding",0,29,72,7153,0,"0/72","29/7153",0,1,"",1,""
"BP","GO:0050849","negative regulation of calcium-mediated signaling",0,14,75,7231,0,"0/75","14/7231",0,1,"",1,""
"BP","GO:0050850","positive regulation of calcium-mediated signaling",0,17,75,7231,0,"0/75","17/7231",0,1,"",1,""
"BP","GO:0050854","regulation of antigen receptor-mediated signaling pathway",0,27,75,7231,0,"0/75","27/7231",0,1,"",1,""
"BP","GO:0050856","regulation of T cell receptor signaling pathway",0,22,75,7231,0,"0/75","22/7231",0,1,"",1,""
"BP","GO:0050857","positive regulation of antigen receptor-mediated signaling pathway",0,13,75,7231,0,"0/75","13/7231",0,1,"",1,""
"BP","GO:0050858","negative regulation of antigen receptor-mediated signaling pathway",0,12,75,7231,0,"0/75","12/7231",0,1,"",1,""
"BP","GO:0050860","negative regulation of T cell receptor signaling pathway",0,11,75,7231,0,"0/75","11/7231",0,1,"",1,""
"BP","GO:0050862","positive regulation of T cell receptor signaling pathway",0,10,75,7231,0,"0/75","10/7231",0,1,"",1,""
"BP","GO:0050864","regulation of B cell activation",0,41,75,7231,0,"0/75","41/7231",0,1,"",1,""
"BP","GO:0050869","negative regulation of B cell activation",0,12,75,7231,0,"0/75","12/7231",0,1,"",1,""
"BP","GO:0050871","positive regulation of B cell activation",0,24,75,7231,0,"0/75","24/7231",0,1,"",1,""
"BP","GO:0050873","brown fat cell differentiation",0,19,75,7231,0,"0/75","19/7231",0,1,"",1,""
"BP","GO:0050879","multicellular organismal movement",0,23,75,7231,0,"0/75","23/7231",0,1,"",1,""
"BP","GO:0050881","musculoskeletal movement",0,23,75,7231,0,"0/75","23/7231",0,1,"",1,""
"BP","GO:0050884","neuromuscular process controlling posture",0,13,75,7231,0,"0/75","13/7231",0,1,"",1,""
"BP","GO:0050885","neuromuscular process controlling balance",0,43,75,7231,0,"0/75","43/7231",0,1,"",1,""
"BP","GO:0050886","endocrine process",0,29,75,7231,0,"0/75","29/7231",0,1,"",1,""
"BP","GO:0050892","intestinal absorption",0,19,75,7231,0,"0/75","19/7231",0,1,"",1,""
"BP","GO:0050900","leukocyte migration",0,147,75,7231,0,"0/75","147/7231",0,1,"",1,""
"BP","GO:0050901","leukocyte tethering or rolling",0,11,75,7231,0,"0/75","11/7231",0,1,"",1,""
"BP","GO:0050906","detection of stimulus involved in sensory perception",0,28,75,7231,0,"0/75","28/7231",0,1,"",1,""
"BP","GO:0050918","positive chemotaxis",0,16,75,7231,0,"0/75","16/7231",0,1,"",1,""
"BP","GO:0050919","negative chemotaxis",0,25,75,7231,0,"0/75","25/7231",0,1,"",1,""
"BP","GO:0050921","positive regulation of chemotaxis",0,61,75,7231,0,"0/75","61/7231",0,1,"",1,""
"BP","GO:0050931","pigment cell differentiation",0,16,75,7231,0,"0/75","16/7231",0,1,"",1,""
"BP","GO:0050951","sensory perception of temperature stimulus",0,11,75,7231,0,"0/75","11/7231",0,1,"",1,""
"BP","GO:0050953","sensory perception of light stimulus",0,39,75,7231,0,"0/75","39/7231",0,1,"",1,""
"BP","GO:0050966","detection of mechanical stimulus involved in sensory perception of pain",0,10,75,7231,0,"0/75","10/7231",0,1,"",1,""
"BP","GO:0050974","detection of mechanical stimulus involved in sensory perception",0,15,75,7231,0,"0/75","15/7231",0,1,"",1,""
"BP","GO:0050982","detection of mechanical stimulus",0,18,75,7231,0,"0/75","18/7231",0,1,"",1,""
"BP","GO:0050994","regulation of lipid catabolic process",0,31,75,7231,0,"0/75","31/7231",0,1,"",1,""
"BP","GO:0050995","negative regulation of lipid catabolic process",0,11,75,7231,0,"0/75","11/7231",0,1,"",1,""
"BP","GO:0050996","positive regulation of lipid catabolic process",0,16,75,7231,0,"0/75","16/7231",0,1,"",1,""
"MF","GO:0050997","quaternary ammonium group binding",0,29,72,7153,0,"0/72","29/7153",0,1,"",1,""
"MF","GO:0050998","nitric-oxide synthase binding",0,14,72,7153,0,"0/72","14/7153",0,1,"",1,""
"BP","GO:0050999","regulation of nitric-oxide synthase activity",0,14,75,7231,0,"0/75","14/7231",0,1,"",1,""
"MF","GO:0051010","microtubule plus-end binding",0,17,72,7153,0,"0/72","17/7153",0,1,"",1,""
"MF","GO:0051011","microtubule minus-end binding",0,10,72,7153,0,"0/72","10/7153",0,1,"",1,""
"BP","GO:0051016","barbed-end actin filament capping",0,20,75,7231,0,"0/75","20/7231",0,1,"",1,""
"BP","GO:0051017","actin filament bundle assembly",0,119,75,7231,0,"0/75","119/7231",0,1,"",1,""
"MF","GO:0051018","protein kinase A binding",0,40,72,7153,0,"0/72","40/7153",0,1,"",1,""
"MF","GO:0051019","mitogen-activated protein kinase binding",0,19,72,7153,0,"0/72","19/7153",0,1,"",1,""
"BP","GO:0051028","mRNA transport",0,81,75,7231,0,"0/75","81/7231",0,1,"",1,""
"BP","GO:0051036","regulation of endosome size",0,13,75,7231,0,"0/75","13/7231",0,1,"",1,""
"BP","GO:0051043","regulation of membrane protein ectodomain proteolysis",0,12,75,7231,0,"0/75","12/7231",0,1,"",1,""
"BP","GO:0051048","negative regulation of secretion",0,97,75,7231,0,"0/75","97/7231",0,1,"",1,""
"BP","GO:0051055","negative regulation of lipid biosynthetic process",0,23,75,7231,0,"0/75","23/7231",0,1,"",1,""
"BP","GO:0051056","regulation of small GTPase mediated signal transduction",0,141,75,7231,0,"0/75","141/7231",0,1,"",1,""
"BP","GO:0051057","positive regulation of small GTPase mediated signal transduction",0,33,75,7231,0,"0/75","33/7231",0,1,"",1,""
"BP","GO:0051058","negative regulation of small GTPase mediated signal transduction",0,44,75,7231,0,"0/75","44/7231",0,1,"",1,""
"MF","GO:0051059","NF-kappaB binding",0,24,72,7153,0,"0/72","24/7153",0,1,"",1,""
"MF","GO:0051082","unfolded protein binding",0,66,72,7153,0,"0/72","66/7153",0,1,"",1,""
"MF","GO:0051087","protein-folding chaperone binding",0,98,72,7153,0,"0/72","98/7153",0,1,"",1,""
"BP","GO:0051090","regulation of DNA-binding transcription factor activity",0,166,75,7231,0,"0/75","166/7231",0,1,"",1,""
"BP","GO:0051091","positive regulation of DNA-binding transcription factor activity",0,105,75,7231,0,"0/75","105/7231",0,1,"",1,""
"BP","GO:0051092","positive regulation of NF-kappaB transcription factor activity",0,62,75,7231,0,"0/75","62/7231",0,1,"",1,""
"BP","GO:0051099","positive regulation of binding",0,106,75,7231,0,"0/75","106/7231",0,1,"",1,""
"BP","GO:0051101","regulation of DNA binding",0,36,75,7231,0,"0/75","36/7231",0,1,"",1,""
"BP","GO:0051125","regulation of actin nucleation",0,28,75,7231,0,"0/75","28/7231",0,1,"",1,""
"BP","GO:0051131","chaperone-mediated protein complex assembly",0,14,75,7231,0,"0/75","14/7231",0,1,"",1,""
"MF","GO:0051139","metal cation:proton antiporter activity",0,12,72,7153,0,"0/72","12/7153",0,1,"",1,""
"BP","GO:0051145","smooth muscle cell differentiation",0,27,75,7231,0,"0/75","27/7231",0,1,"",1,""
"BP","GO:0051147","regulation of muscle cell differentiation",0,72,75,7231,0,"0/75","72/7231",0,1,"",1,""
"BP","GO:0051148","negative regulation of muscle cell differentiation",0,30,75,7231,0,"0/75","30/7231",0,1,"",1,""
"BP","GO:0051149","positive regulation of muscle cell differentiation",0,34,75,7231,0,"0/75","34/7231",0,1,"",1,""
"BP","GO:0051150","regulation of smooth muscle cell differentiation",0,11,75,7231,0,"0/75","11/7231",0,1,"",1,""
"BP","GO:0051153","regulation of striated muscle cell differentiation",0,43,75,7231,0,"0/75","43/7231",0,1,"",1,""
"BP","GO:0051154","negative regulation of striated muscle cell differentiation",0,20,75,7231,0,"0/75","20/7231",0,1,"",1,""
"BP","GO:0051155","positive regulation of striated muscle cell differentiation",0,19,75,7231,0,"0/75","19/7231",0,1,"",1,""
"BP","GO:0051156","glucose 6-phosphate metabolic process",0,18,75,7231,0,"0/75","18/7231",0,1,"",1,""
"BP","GO:0051170","import into nucleus",0,113,75,7231,0,"0/75","113/7231",0,1,"",1,""
"BP","GO:0051204","protein insertion into mitochondrial membrane",0,20,75,7231,0,"0/75","20/7231",0,1,"",1,""
"BP","GO:0051205","protein insertion into membrane",0,47,75,7231,0,"0/75","47/7231",0,1,"",1,""
"BP","GO:0051208","sequestering of calcium ion",0,60,75,7231,0,"0/75","60/7231",0,1,"",1,""
"BP","GO:0051209","release of sequestered calcium ion into cytosol",0,57,75,7231,0,"0/75","57/7231",0,1,"",1,""
"BP","GO:0051216","cartilage development",0,62,75,7231,0,"0/75","62/7231",0,1,"",1,""
"MF","GO:0051219","phosphoprotein binding",0,72,72,7153,0,"0/72","72/7153",0,1,"",1,""
"BP","GO:0051220","cytoplasmic sequestering of protein",0,14,75,7231,0,"0/75","14/7231",0,1,"",1,""
"BP","GO:0051224","negative regulation of protein transport",0,85,75,7231,0,"0/75","85/7231",0,1,"",1,""
"BP","GO:0051225","spindle assembly",0,64,75,7231,0,"0/75","64/7231",0,1,"",1,""
"CC","GO:0051233","spindle midzone",0,18,75,7294,0,"0/75","18/7294",0,1,"",1,""
"BP","GO:0051262","protein tetramerization",0,51,75,7231,0,"0/75","51/7231",0,1,"",1,""
"BP","GO:0051276","chromosome organization",0,250,75,7231,0,"0/75","250/7231",0,1,"",1,""
"BP","GO:0051279","regulation of release of sequestered calcium ion into cytosol",0,41,75,7231,0,"0/75","41/7231",0,1,"",1,""
"BP","GO:0051281","positive regulation of release of sequestered calcium ion into cytosol",0,16,75,7231,0,"0/75","16/7231",0,1,"",1,""
"BP","GO:0051282","regulation of sequestering of calcium ion",0,59,75,7231,0,"0/75","59/7231",0,1,"",1,""
"BP","GO:0051283","negative regulation of sequestering of calcium ion",0,58,75,7231,0,"0/75","58/7231",0,1,"",1,""
"MF","GO:0051287","NAD binding",0,43,72,7153,0,"0/72","43/7153",0,1,"",1,""
"BP","GO:0051289","protein homotetramerization",0,30,75,7231,0,"0/75","30/7231",0,1,"",1,""
"BP","GO:0051290","protein heterotetramerization",0,11,75,7231,0,"0/75","11/7231",0,1,"",1,""
"BP","GO:0051291","protein heterooligomerization",0,17,75,7231,0,"0/75","17/7231",0,1,"",1,""
"BP","GO:0051293","establishment of spindle localization",0,29,75,7231,0,"0/75","29/7231",0,1,"",1,""
"BP","GO:0051294","establishment of spindle orientation",0,22,75,7231,0,"0/75","22/7231",0,1,"",1,""
"BP","GO:0051298","centrosome duplication",0,25,75,7231,0,"0/75","25/7231",0,1,"",1,""
"BP","GO:0051301","cell division",0,274,75,7231,0,"0/75","274/7231",0,1,"",1,""
"BP","GO:0051302","regulation of cell division",0,56,75,7231,0,"0/75","56/7231",0,1,"",1,""
"BP","GO:0051303","establishment of chromosome localization",0,43,75,7231,0,"0/75","43/7231",0,1,"",1,""
"BP","GO:0051304","chromosome separation",0,25,75,7231,0,"0/75","25/7231",0,1,"",1,""
"BP","GO:0051306","mitotic sister chromatid separation",0,22,75,7231,0,"0/75","22/7231",0,1,"",1,""
"BP","GO:0051310","metaphase chromosome alignment",0,40,75,7231,0,"0/75","40/7231",0,1,"",1,""
"BP","GO:0051339","regulation of lyase activity",0,23,75,7231,0,"0/75","23/7231",0,1,"",1,""
"BP","GO:0051341","regulation of oxidoreductase activity",0,47,75,7231,0,"0/75","47/7231",0,1,"",1,""
"BP","GO:0051347","positive regulation of transferase activity",0,231,75,7231,0,"0/75","231/7231",0,1,"",1,""
"BP","GO:0051349","positive regulation of lyase activity",0,18,75,7231,0,"0/75","18/7231",0,1,"",1,""
"BP","GO:0051353","positive regulation of oxidoreductase activity",0,25,75,7231,0,"0/75","25/7231",0,1,"",1,""
"BP","GO:0051354","negative regulation of oxidoreductase activity",0,15,75,7231,0,"0/75","15/7231",0,1,"",1,""
"BP","GO:0051386","regulation of neurotrophin TRK receptor signaling pathway",0,11,75,7231,0,"0/75","11/7231",0,1,"",1,""
"MF","GO:0051400","BH domain binding",0,10,72,7153,0,"0/72","10/7153",0,1,"",1,""
"BP","GO:0051403","stress-activated MAPK cascade",0,109,75,7231,0,"0/75","109/7231",0,1,"",1,""
"BP","GO:0051438","regulation of ubiquitin-protein transferase activity",0,21,75,7231,0,"0/75","21/7231",0,1,"",1,""
"BP","GO:0051444","negative regulation of ubiquitin-protein transferase activity",0,11,75,7231,0,"0/75","11/7231",0,1,"",1,""
"BP","GO:0051445","regulation of meiotic cell cycle",0,17,75,7231,0,"0/75","17/7231",0,1,"",1,""
"BP","GO:0051446","positive regulation of meiotic cell cycle",0,11,75,7231,0,"0/75","11/7231",0,1,"",1,""
"BP","GO:0051452","intracellular pH reduction",0,27,75,7231,0,"0/75","27/7231",0,1,"",1,""
"BP","GO:0051453","regulation of intracellular pH",0,44,75,7231,0,"0/75","44/7231",0,1,"",1,""
"BP","GO:0051457","maintenance of protein location in nucleus",0,16,75,7231,0,"0/75","16/7231",0,1,"",1,""
"BP","GO:0051469","vesicle fusion with vacuole",0,10,75,7231,0,"0/75","10/7231",0,1,"",1,""
"BP","GO:0051481","negative regulation of cytosolic calcium ion concentration",0,16,75,7231,0,"0/75","16/7231",0,1,"",1,""
"BP","GO:0051489","regulation of filopodium assembly",0,40,75,7231,0,"0/75","40/7231",0,1,"",1,""
"BP","GO:0051491","positive regulation of filopodium assembly",0,25,75,7231,0,"0/75","25/7231",0,1,"",1,""
"BP","GO:0051492","regulation of stress fiber assembly",0,66,75,7231,0,"0/75","66/7231",0,1,"",1,""
"BP","GO:0051496","positive regulation of stress fiber assembly",0,42,75,7231,0,"0/75","42/7231",0,1,"",1,""
"BP","GO:0051497","negative regulation of stress fiber assembly",0,20,75,7231,0,"0/75","20/7231",0,1,"",1,""
"BP","GO:0051503","adenine nucleotide transport",0,18,75,7231,0,"0/75","18/7231",0,1,"",1,""
"MF","GO:0051537","2 iron, 2 sulfur cluster binding",0,20,72,7153,0,"0/72","20/7153",0,1,"",1,""
"BP","GO:0051560","mitochondrial calcium ion homeostasis",0,25,75,7231,0,"0/75","25/7231",0,1,"",1,""
"BP","GO:0051561","positive regulation of mitochondrial calcium ion concentration",0,10,75,7231,0,"0/75","10/7231",0,1,"",1,""
"BP","GO:0051568","histone H3-K4 methylation",0,12,75,7231,0,"0/75","12/7231",0,1,"",1,""
"BP","GO:0051580","regulation of neurotransmitter uptake",0,13,75,7231,0,"0/75","13/7231",0,1,"",1,""
"BP","GO:0051591","response to cAMP",0,32,75,7231,0,"0/75","32/7231",0,1,"",1,""
"BP","GO:0051602","response to electrical stimulus",0,13,75,7231,0,"0/75","13/7231",0,1,"",1,""
"BP","GO:0051606","detection of stimulus",0,49,75,7231,0,"0/75","49/7231",0,1,"",1,""
"BP","GO:0051607","defense response to virus",0,113,75,7231,0,"0/75","113/7231",0,1,"",1,""
"BP","GO:0051642","centrosome localization",0,20,75,7231,0,"0/75","20/7231",0,1,"",1,""
"BP","GO:0051645","Golgi localization",0,14,75,7231,0,"0/75","14/7231",0,1,"",1,""
"BP","GO:0051646","mitochondrion localization",0,41,75,7231,0,"0/75","41/7231",0,1,"",1,""
"BP","GO:0051647","nucleus localization",0,33,75,7231,0,"0/75","33/7231",0,1,"",1,""
"BP","GO:0051651","maintenance of location in cell",0,119,75,7231,0,"0/75","119/7231",0,1,"",1,""
"BP","GO:0051653","spindle localization",0,32,75,7231,0,"0/75","32/7231",0,1,"",1,""
"BP","GO:0051654","establishment of mitochondrion localization",0,26,75,7231,0,"0/75","26/7231",0,1,"",1,""
"BP","GO:0051693","actin filament capping",0,29,75,7231,0,"0/75","29/7231",0,1,"",1,""
"MF","GO:0051721","protein phosphatase 2A binding",0,31,72,7153,0,"0/72","31/7153",0,1,"",1,""
"BP","GO:0051726","regulation of cell cycle",0,447,75,7231,0,"0/75","447/7231",0,1,"",1,""
"BP","GO:0051767","nitric-oxide synthase biosynthetic process",0,13,75,7231,0,"0/75","13/7231",0,1,"",1,""
"BP","GO:0051769","regulation of nitric-oxide synthase biosynthetic process",0,13,75,7231,0,"0/75","13/7231",0,1,"",1,""
"BP","GO:0051770","positive regulation of nitric-oxide synthase biosynthetic process",0,10,75,7231,0,"0/75","10/7231",0,1,"",1,""
"BP","GO:0051781","positive regulation of cell division",0,28,75,7231,0,"0/75","28/7231",0,1,"",1,""
"BP","GO:0051783","regulation of nuclear division",0,49,75,7231,0,"0/75","49/7231",0,1,"",1,""
"BP","GO:0051784","negative regulation of nuclear division",0,18,75,7231,0,"0/75","18/7231",0,1,"",1,""
"BP","GO:0051785","positive regulation of nuclear division",0,23,75,7231,0,"0/75","23/7231",0,1,"",1,""
"MF","GO:0051787","misfolded protein binding",0,14,72,7153,0,"0/72","14/7153",0,1,"",1,""
"BP","GO:0051788","response to misfolded protein",0,20,75,7231,0,"0/75","20/7231",0,1,"",1,""
"BP","GO:0051851","modulation by host of symbiont process",0,48,75,7231,0,"0/75","48/7231",0,1,"",1,""
"MF","GO:0051861","glycolipid binding",0,18,72,7153,0,"0/72","18/7153",0,1,"",1,""
"BP","GO:0051865","protein autoubiquitination",0,35,75,7231,0,"0/75","35/7231",0,1,"",1,""
"BP","GO:0051875","pigment granule localization",0,12,75,7231,0,"0/75","12/7231",0,1,"",1,""
"MF","GO:0051879","Hsp90 protein binding",0,30,72,7153,0,"0/72","30/7153",0,1,"",1,""
"BP","GO:0051882","mitochondrial depolarization",0,17,75,7231,0,"0/75","17/7231",0,1,"",1,""
"BP","GO:0051895","negative regulation of focal adhesion assembly",0,13,75,7231,0,"0/75","13/7231",0,1,"",1,""
"BP","GO:0051898","negative regulation of phosphatidylinositol 3-kinase/protein kinase B signal transduction",0,27,75,7231,0,"0/75","27/7231",0,1,"",1,""
"BP","GO:0051900","regulation of mitochondrial depolarization",0,14,75,7231,0,"0/75","14/7231",0,1,"",1,""
"BP","GO:0051905","establishment of pigment granule localization",0,10,75,7231,0,"0/75","10/7231",0,1,"",1,""
"BP","GO:0051926","negative regulation of calcium ion transport",0,37,75,7231,0,"0/75","37/7231",0,1,"",1,""
"BP","GO:0051953","negative regulation of amine transport",0,17,75,7231,0,"0/75","17/7231",0,1,"",1,""
"BP","GO:0051962","positive regulation of nervous system development",0,241,75,7231,0,"0/75","241/7231",0,1,"",1,""
"BP","GO:0051963","regulation of synapse assembly",0,101,75,7231,0,"0/75","101/7231",0,1,"",1,""
"BP","GO:0051965","positive regulation of synapse assembly",0,60,75,7231,0,"0/75","60/7231",0,1,"",1,""
"BP","GO:0051972","regulation of telomerase activity",0,26,75,7231,0,"0/75","26/7231",0,1,"",1,""
"BP","GO:0051973","positive regulation of telomerase activity",0,19,75,7231,0,"0/75","19/7231",0,1,"",1,""
"BP","GO:0051983","regulation of chromosome segregation",0,56,75,7231,0,"0/75","56/7231",0,1,"",1,""
"BP","GO:0051985","negative regulation of chromosome segregation",0,14,75,7231,0,"0/75","14/7231",0,1,"",1,""
"BP","GO:0052372","modulation by symbiont of entry into host",0,16,75,7231,0,"0/75","16/7231",0,1,"",1,""
"BP","GO:0052652","cyclic purine nucleotide metabolic process",0,17,75,7231,0,"0/75","17/7231",0,1,"",1,""
"MF","GO:0052689","carboxylic ester hydrolase activity",0,72,72,7153,0,"0/72","72/7153",0,1,"",1,""
"MF","GO:0052742","phosphatidylinositol kinase activity",0,15,72,7153,0,"0/72","15/7153",0,1,"",1,""
"MF","GO:0052744","phosphatidylinositol monophosphate phosphatase activity",0,12,72,7153,0,"0/72","12/7153",0,1,"",1,""
"MF","GO:0052745","inositol phosphate phosphatase activity",0,15,72,7153,0,"0/72","15/7153",0,1,"",1,""
"MF","GO:0052866","phosphatidylinositol phosphate phosphatase activity",0,23,72,7153,0,"0/72","23/7153",0,1,"",1,""
"MF","GO:0052890","oxidoreductase activity, acting on the CH-CH group of donors, with a flavin as acceptor",0,11,72,7153,0,"0/72","11/7153",0,1,"",1,""
"BP","GO:0055008","cardiac muscle tissue morphogenesis",0,15,75,7231,0,"0/75","15/7231",0,1,"",1,""
"BP","GO:0055010","ventricular cardiac muscle tissue morphogenesis",0,13,75,7231,0,"0/75","13/7231",0,1,"",1,""
"BP","GO:0055017","cardiac muscle tissue growth",0,48,75,7231,0,"0/75","48/7231",0,1,"",1,""
"BP","GO:0055021","regulation of cardiac muscle tissue growth",0,31,75,7231,0,"0/75","31/7231",0,1,"",1,""
"BP","GO:0055022","negative regulation of cardiac muscle tissue growth",0,15,75,7231,0,"0/75","15/7231",0,1,"",1,""
"BP","GO:0055023","positive regulation of cardiac muscle tissue growth",0,16,75,7231,0,"0/75","16/7231",0,1,"",1,""
"CC","GO:0055029","nuclear DNA-directed RNA polymerase complex",0,42,75,7294,0,"0/75","42/7294",0,1,"",1,""
"CC","GO:0055037","recycling endosome",0,111,75,7294,0,"0/75","111/7294",0,1,"",1,""
"CC","GO:0055038","recycling endosome membrane",0,47,75,7294,0,"0/75","47/7294",0,1,"",1,""
"BP","GO:0055064","chloride ion homeostasis",0,10,75,7231,0,"0/75","10/7231",0,1,"",1,""
"BP","GO:0055070","copper ion homeostasis",0,12,75,7231,0,"0/75","12/7231",0,1,"",1,""
"BP","GO:0055075","potassium ion homeostasis",0,18,75,7231,0,"0/75","18/7231",0,1,"",1,""
"BP","GO:0055078","sodium ion homeostasis",0,14,75,7231,0,"0/75","14/7231",0,1,"",1,""
"BP","GO:0055081","monoatomic anion homeostasis",0,10,75,7231,0,"0/75","10/7231",0,1,"",1,""
"BP","GO:0055090","acylglycerol homeostasis",0,11,75,7231,0,"0/75","11/7231",0,1,"",1,""
"BP","GO:0055094","response to lipoprotein particle",0,16,75,7231,0,"0/75","16/7231",0,1,"",1,""
"MF","GO:0055106","ubiquitin-protein transferase regulator activity",0,13,72,7153,0,"0/72","13/7153",0,1,"",1,""
"BP","GO:0055117","regulation of cardiac muscle contraction",0,33,75,7231,0,"0/75","33/7231",0,1,"",1,""
"BP","GO:0055123","digestive system development",0,34,75,7231,0,"0/75","34/7231",0,1,"",1,""
"BP","GO:0060004","reflex",0,10,75,7231,0,"0/75","10/7231",0,1,"",1,""
"BP","GO:0060008","Sertoli cell differentiation",0,11,75,7231,0,"0/75","11/7231",0,1,"",1,""
"BP","GO:0060009","Sertoli cell development",0,10,75,7231,0,"0/75","10/7231",0,1,"",1,""
"BP","GO:0060020","Bergmann glial cell differentiation",0,10,75,7231,0,"0/75","10/7231",0,1,"",1,""
"BP","GO:0060021","roof of mouth development",0,23,75,7231,0,"0/75","23/7231",0,1,"",1,""
"BP","GO:0060038","cardiac muscle cell proliferation",0,26,75,7231,0,"0/75","26/7231",0,1,"",1,""
"BP","GO:0060041","retina development in camera-type eye",0,61,75,7231,0,"0/75","61/7231",0,1,"",1,""
"BP","GO:0060042","retina morphogenesis in camera-type eye",0,25,75,7231,0,"0/75","25/7231",0,1,"",1,""
"BP","GO:0060043","regulation of cardiac muscle cell proliferation",0,17,75,7231,0,"0/75","17/7231",0,1,"",1,""
"BP","GO:0060047","heart contraction",0,101,75,7231,0,"0/75","101/7231",0,1,"",1,""
"BP","GO:0060048","cardiac muscle contraction",0,62,75,7231,0,"0/75","62/7231",0,1,"",1,""
"BP","GO:0060052","neurofilament cytoskeleton organization",0,10,75,7231,0,"0/75","10/7231",0,1,"",1,""
"BP","GO:0060070","canonical Wnt signaling pathway",0,120,75,7231,0,"0/75","120/7231",0,1,"",1,""
"BP","GO:0060071","Wnt signaling pathway, planar cell polarity pathway",0,10,75,7231,0,"0/75","10/7231",0,1,"",1,""
"BP","GO:0060074","synapse maturation",0,31,75,7231,0,"0/75","31/7231",0,1,"",1,""
"CC","GO:0060076","excitatory synapse",0,86,75,7294,0,"0/75","86/7294",0,1,"",1,""
"CC","GO:0060077","inhibitory synapse",0,26,75,7294,0,"0/75","26/7294",0,1,"",1,""
"BP","GO:0060081","membrane hyperpolarization",0,13,75,7231,0,"0/75","13/7231",0,1,"",1,""
"BP","GO:0060088","auditory receptor cell stereocilium organization",0,10,75,7231,0,"0/75","10/7231",0,1,"",1,""
"BP","GO:0060113","inner ear receptor cell differentiation",0,30,75,7231,0,"0/75","30/7231",0,1,"",1,""
"BP","GO:0060117","auditory receptor cell development",0,15,75,7231,0,"0/75","15/7231",0,1,"",1,""
"BP","GO:0060119","inner ear receptor cell development",0,24,75,7231,0,"0/75","24/7231",0,1,"",1,""
"BP","GO:0060122","inner ear receptor cell stereocilium organization",0,15,75,7231,0,"0/75","15/7231",0,1,"",1,""
"BP","GO:0060135","maternal process involved in female pregnancy",0,22,75,7231,0,"0/75","22/7231",0,1,"",1,""
"BP","GO:0060142","regulation of syncytium formation by plasma membrane fusion",0,12,75,7231,0,"0/75","12/7231",0,1,"",1,""
"BP","GO:0060143","positive regulation of syncytium formation by plasma membrane fusion",0,10,75,7231,0,"0/75","10/7231",0,1,"",1,""
"BP","GO:0060147","regulation of post-transcriptional gene silencing",0,16,75,7231,0,"0/75","16/7231",0,1,"",1,""
"BP","GO:0060148","positive regulation of post-transcriptional gene silencing",0,10,75,7231,0,"0/75","10/7231",0,1,"",1,""
"CC","GO:0060170","ciliary membrane",0,25,75,7294,0,"0/75","25/7294",0,1,"",1,""
"BP","GO:0060173","limb development",0,56,75,7231,0,"0/75","56/7231",0,1,"",1,""
"CC","GO:0060187","cell pole",0,11,75,7294,0,"0/75","11/7294",0,1,"",1,""
"BP","GO:0060191","regulation of lipase activity",0,37,75,7231,0,"0/75","37/7231",0,1,"",1,""
"BP","GO:0060193","positive regulation of lipase activity",0,25,75,7231,0,"0/75","25/7231",0,1,"",1,""
"BP","GO:0060218","hematopoietic stem cell differentiation",0,12,75,7231,0,"0/75","12/7231",0,1,"",1,""
"BP","GO:0060219","camera-type eye photoreceptor cell differentiation",0,13,75,7231,0,"0/75","13/7231",0,1,"",1,""
"MF","GO:0060229","lipase activator activity",0,10,72,7153,0,"0/72","10/7153",0,1,"",1,""
"BP","GO:0060236","regulation of mitotic spindle organization",0,27,75,7231,0,"0/75","27/7231",0,1,"",1,""
"BP","GO:0060251","regulation of glial cell proliferation",0,21,75,7231,0,"0/75","21/7231",0,1,"",1,""
"BP","GO:0060252","positive regulation of glial cell proliferation",0,13,75,7231,0,"0/75","13/7231",0,1,"",1,""
"BP","GO:0060259","regulation of feeding behavior",0,14,75,7231,0,"0/75","14/7231",0,1,"",1,""
"BP","GO:0060271","cilium assembly",0,134,75,7231,0,"0/75","134/7231",0,1,"",1,""
"BP","GO:0060285","cilium-dependent cell motility",0,34,75,7231,0,"0/75","34/7231",0,1,"",1,""
"BP","GO:0060292","long-term synaptic depression",0,31,75,7231,0,"0/75","31/7231",0,1,"",1,""
"BP","GO:0060294","cilium movement involved in cell motility",0,33,75,7231,0,"0/75","33/7231",0,1,"",1,""
"BP","GO:0060306","regulation of membrane repolarization",0,19,75,7231,0,"0/75","19/7231",0,1,"",1,""
"BP","GO:0060307","regulation of ventricular cardiac muscle cell membrane repolarization",0,11,75,7231,0,"0/75","11/7231",0,1,"",1,""
"BP","GO:0060314","regulation of ryanodine-sensitive calcium-release channel activity",0,10,75,7231,0,"0/75","10/7231",0,1,"",1,""
"BP","GO:0060323","head morphogenesis",0,16,75,7231,0,"0/75","16/7231",0,1,"",1,""
"BP","GO:0060324","face development",0,22,75,7231,0,"0/75","22/7231",0,1,"",1,""
"BP","GO:0060325","face morphogenesis",0,13,75,7231,0,"0/75","13/7231",0,1,"",1,""
"BP","GO:0060337","type I interferon-mediated signaling pathway",0,30,75,7231,0,"0/75","30/7231",0,1,"",1,""
"BP","GO:0060338","regulation of type I interferon-mediated signaling pathway",0,22,75,7231,0,"0/75","22/7231",0,1,"",1,""
"BP","GO:0060339","negative regulation of type I interferon-mediated signaling pathway",0,13,75,7231,0,"0/75","13/7231",0,1,"",1,""
"BP","GO:0060348","bone development",0,75,75,7231,0,"0/75","75/7231",0,1,"",1,""
"BP","GO:0060349","bone morphogenesis",0,30,75,7231,0,"0/75","30/7231",0,1,"",1,""
"BP","GO:0060350","endochondral bone morphogenesis",0,24,75,7231,0,"0/75","24/7231",0,1,"",1,""
"BP","GO:0060351","cartilage development involved in endochondral bone morphogenesis",0,13,75,7231,0,"0/75","13/7231",0,1,"",1,""
"BP","GO:0060368","regulation of Fc receptor mediated stimulatory signaling pathway",0,10,75,7231,0,"0/75","10/7231",0,1,"",1,""
"BP","GO:0060390","regulation of SMAD protein signal transduction",0,15,75,7231,0,"0/75","15/7231",0,1,"",1,""
"BP","GO:0060391","positive regulation of SMAD protein signal transduction",0,10,75,7231,0,"0/75","10/7231",0,1,"",1,""
"BP","GO:0060395","SMAD protein signal transduction",0,29,75,7231,0,"0/75","29/7231",0,1,"",1,""
"BP","GO:0060396","growth hormone receptor signaling pathway",0,10,75,7231,0,"0/75","10/7231",0,1,"",1,""
"BP","GO:0060402","calcium ion transport into cytosol",0,17,75,7231,0,"0/75","17/7231",0,1,"",1,""
"BP","GO:0060411","cardiac septum morphogenesis",0,18,75,7231,0,"0/75","18/7231",0,1,"",1,""
"BP","GO:0060412","ventricular septum morphogenesis",0,14,75,7231,0,"0/75","14/7231",0,1,"",1,""
"BP","GO:0060415","muscle tissue morphogenesis",0,19,75,7231,0,"0/75","19/7231",0,1,"",1,""
"BP","GO:0060416","response to growth hormone",0,11,75,7231,0,"0/75","11/7231",0,1,"",1,""
"BP","GO:0060419","heart growth",0,48,75,7231,0,"0/75","48/7231",0,1,"",1,""
"BP","GO:0060420","regulation of heart growth",0,31,75,7231,0,"0/75","31/7231",0,1,"",1,""
"BP","GO:0060421","positive regulation of heart growth",0,16,75,7231,0,"0/75","16/7231",0,1,"",1,""
"BP","GO:0060425","lung morphogenesis",0,24,75,7231,0,"0/75","24/7231",0,1,"",1,""
"BP","GO:0060428","lung epithelium development",0,19,75,7231,0,"0/75","19/7231",0,1,"",1,""
"BP","GO:0060441","epithelial tube branching involved in lung morphogenesis",0,12,75,7231,0,"0/75","12/7231",0,1,"",1,""
"BP","GO:0060443","mammary gland morphogenesis",0,16,75,7231,0,"0/75","16/7231",0,1,"",1,""
"BP","GO:0060479","lung cell differentiation",0,14,75,7231,0,"0/75","14/7231",0,1,"",1,""
"BP","GO:0060485","mesenchyme development",0,110,75,7231,0,"0/75","110/7231",0,1,"",1,""
"BP","GO:0060487","lung epithelial cell differentiation",0,14,75,7231,0,"0/75","14/7231",0,1,"",1,""
"BP","GO:0060560","developmental growth involved in morphogenesis",0,174,75,7231,0,"0/75","174/7231",0,1,"",1,""
"BP","GO:0060563","neuroepithelial cell differentiation",0,15,75,7231,0,"0/75","15/7231",0,1,"",1,""
"BP","GO:0060586","multicellular organismal-level iron ion homeostasis",0,11,75,7231,0,"0/75","11/7231",0,1,"",1,""
"MF","GO:0060589","nucleoside-triphosphatase regulator activity",0,288,72,7153,0,"0/72","288/7153",0,1,"",1,""
"MF","GO:0060590","ATPase regulator activity",0,41,72,7153,0,"0/72","41/7153",0,1,"",1,""
"BP","GO:0060603","mammary gland duct morphogenesis",0,11,75,7231,0,"0/75","11/7231",0,1,"",1,""
"BP","GO:0060628","regulation of ER to Golgi vesicle-mediated transport",0,11,75,7231,0,"0/75","11/7231",0,1,"",1,""
"BP","GO:0060632","regulation of microtubule-based movement",0,20,75,7231,0,"0/75","20/7231",0,1,"",1,""
"BP","GO:0060674","placenta blood vessel development",0,13,75,7231,0,"0/75","13/7231",0,1,"",1,""
"BP","GO:0060675","ureteric bud morphogenesis",0,11,75,7231,0,"0/75","11/7231",0,1,"",1,""
"BP","GO:0060688","regulation of morphogenesis of a branching structure",0,15,75,7231,0,"0/75","15/7231",0,1,"",1,""
"BP","GO:0060706","cell differentiation involved in embryonic placenta development",0,10,75,7231,0,"0/75","10/7231",0,1,"",1,""
"BP","GO:0060711","labyrinthine layer development",0,18,75,7231,0,"0/75","18/7231",0,1,"",1,""
"BP","GO:0060760","positive regulation of response to cytokine stimulus",0,19,75,7231,0,"0/75","19/7231",0,1,"",1,""
"BP","GO:0060761","negative regulation of response to cytokine stimulus",0,32,75,7231,0,"0/75","32/7231",0,1,"",1,""
"BP","GO:0060765","regulation of androgen receptor signaling pathway",0,12,75,7231,0,"0/75","12/7231",0,1,"",1,""
"BP","GO:0060795","cell fate commitment involved in formation of primary germ layer",0,10,75,7231,0,"0/75","10/7231",0,1,"",1,""
"BP","GO:0060828","regulation of canonical Wnt signaling pathway",0,110,75,7231,0,"0/75","110/7231",0,1,"",1,""
"BP","GO:0060840","artery development",0,36,75,7231,0,"0/75","36/7231",0,1,"",1,""
"BP","GO:0060964","regulation of miRNA-mediated gene silencing",0,14,75,7231,0,"0/75","14/7231",0,1,"",1,""
"BP","GO:0060966","regulation of gene silencing by regulatory ncRNA",0,16,75,7231,0,"0/75","16/7231",0,1,"",1,""
"BP","GO:0060972","left/right pattern formation",0,31,75,7231,0,"0/75","31/7231",0,1,"",1,""
"BP","GO:0060976","coronary vasculature development",0,27,75,7231,0,"0/75","27/7231",0,1,"",1,""
"BP","GO:0060977","coronary vasculature morphogenesis",0,10,75,7231,0,"0/75","10/7231",0,1,"",1,""
"BP","GO:0060986","endocrine hormone secretion",0,18,75,7231,0,"0/75","18/7231",0,1,"",1,""
"BP","GO:0060993","kidney morphogenesis",0,19,75,7231,0,"0/75","19/7231",0,1,"",1,""
"BP","GO:0060999","positive regulation of dendritic spine development",0,53,75,7231,0,"0/75","53/7231",0,1,"",1,""
"BP","GO:0061003","positive regulation of dendritic spine morphogenesis",0,24,75,7231,0,"0/75","24/7231",0,1,"",1,""
"BP","GO:0061005","cell differentiation involved in kidney development",0,10,75,7231,0,"0/75","10/7231",0,1,"",1,""
"BP","GO:0061013","regulation of mRNA catabolic process",0,100,75,7231,0,"0/75","100/7231",0,1,"",1,""
"BP","GO:0061014","positive regulation of mRNA catabolic process",0,62,75,7231,0,"0/75","62/7231",0,1,"",1,""
"BP","GO:0061025","membrane fusion",0,112,75,7231,0,"0/75","112/7231",0,1,"",1,""
"BP","GO:0061035","regulation of cartilage development",0,17,75,7231,0,"0/75","17/7231",0,1,"",1,""
"BP","GO:0061049","cell growth involved in cardiac muscle cell development",0,21,75,7231,0,"0/75","21/7231",0,1,"",1,""
"BP","GO:0061050","regulation of cell growth involved in cardiac muscle cell development",0,14,75,7231,0,"0/75","14/7231",0,1,"",1,""
"BP","GO:0061053","somite development",0,24,75,7231,0,"0/75","24/7231",0,1,"",1,""
"BP","GO:0061081","positive regulation of myeloid leukocyte cytokine production involved in immune response",0,16,75,7231,0,"0/75","16/7231",0,1,"",1,""
"BP","GO:0061082","myeloid leukocyte cytokine production",0,22,75,7231,0,"0/75","22/7231",0,1,"",1,""
"BP","GO:0061097","regulation of protein tyrosine kinase activity",0,42,75,7231,0,"0/75","42/7231",0,1,"",1,""
"BP","GO:0061098","positive regulation of protein tyrosine kinase activity",0,25,75,7231,0,"0/75","25/7231",0,1,"",1,""
"BP","GO:0061099","negative regulation of protein tyrosine kinase activity",0,14,75,7231,0,"0/75","14/7231",0,1,"",1,""
"BP","GO:0061117","negative regulation of heart growth",0,15,75,7231,0,"0/75","15/7231",0,1,"",1,""
"BP","GO:0061136","regulation of proteasomal protein catabolic process",0,117,75,7231,0,"0/75","117/7231",0,1,"",1,""
"BP","GO:0061138","morphogenesis of a branching epithelium",0,53,75,7231,0,"0/75","53/7231",0,1,"",1,""
"BP","GO:0061157","mRNA destabilization",0,60,75,7231,0,"0/75","60/7231",0,1,"",1,""
"BP","GO:0061162","establishment of monopolar cell polarity",0,16,75,7231,0,"0/75","16/7231",0,1,"",1,""
"BP","GO:0061178","regulation of insulin secretion involved in cellular response to glucose stimulus",0,50,75,7231,0,"0/75","50/7231",0,1,"",1,""
"BP","GO:0061179","negative regulation of insulin secretion involved in cellular response to glucose stimulus",0,12,75,7231,0,"0/75","12/7231",0,1,"",1,""
"BP","GO:0061180","mammary gland epithelium development",0,20,75,7231,0,"0/75","20/7231",0,1,"",1,""
"BP","GO:0061245","establishment or maintenance of bipolar cell polarity",0,37,75,7231,0,"0/75","37/7231",0,1,"",1,""
"BP","GO:0061326","renal tubule development",0,24,75,7231,0,"0/75","24/7231",0,1,"",1,""
"BP","GO:0061333","renal tubule morphogenesis",0,16,75,7231,0,"0/75","16/7231",0,1,"",1,""
"BP","GO:0061337","cardiac conduction",0,35,75,7231,0,"0/75","35/7231",0,1,"",1,""
"BP","GO:0061339","establishment or maintenance of monopolar cell polarity",0,17,75,7231,0,"0/75","17/7231",0,1,"",1,""
"BP","GO:0061351","neural precursor cell proliferation",0,103,75,7231,0,"0/75","103/7231",0,1,"",1,""
"BP","GO:0061371","determination of heart left/right asymmetry",0,15,75,7231,0,"0/75","15/7231",0,1,"",1,""
"BP","GO:0061383","trabecula morphogenesis",0,18,75,7231,0,"0/75","18/7231",0,1,"",1,""
"BP","GO:0061384","heart trabecula morphogenesis",0,12,75,7231,0,"0/75","12/7231",0,1,"",1,""
"BP","GO:0061387","regulation of extent of cell growth",0,88,75,7231,0,"0/75","88/7231",0,1,"",1,""
"BP","GO:0061436","establishment of skin barrier",0,10,75,7231,0,"0/75","10/7231",0,1,"",1,""
"BP","GO:0061484","hematopoietic stem cell homeostasis",0,11,75,7231,0,"0/75","11/7231",0,1,"",1,""
"BP","GO:0061512","protein localization to cilium",0,31,75,7231,0,"0/75","31/7231",0,1,"",1,""
"BP","GO:0061515","myeloid cell development",0,41,75,7231,0,"0/75","41/7231",0,1,"",1,""
"BP","GO:0061564","axon development",0,348,75,7231,0,"0/75","348/7231",0,1,"",1,""
"BP","GO:0061572","actin filament bundle organization",0,120,75,7231,0,"0/75","120/7231",0,1,"",1,""
"BP","GO:0061577","calcium ion transmembrane transport via high voltage-gated calcium channel",0,11,75,7231,0,"0/75","11/7231",0,1,"",1,""
"MF","GO:0061578","K63-linked deubiquitinase activity",0,10,72,7153,0,"0/72","10/7153",0,1,"",1,""
"MF","GO:0061608","nuclear import signal receptor activity",0,15,72,7153,0,"0/72","15/7153",0,1,"",1,""
"BP","GO:0061615","glycolytic process through fructose-6-phosphate",0,23,75,7231,0,"0/75","23/7231",0,1,"",1,""
"BP","GO:0061620","glycolytic process through glucose-6-phosphate",0,19,75,7231,0,"0/75","19/7231",0,1,"",1,""
"BP","GO:0061621","canonical glycolysis",0,16,75,7231,0,"0/75","16/7231",0,1,"",1,""
"MF","GO:0061631","ubiquitin conjugating enzyme activity",0,21,72,7153,0,"0/72","21/7153",0,1,"",1,""
"BP","GO:0061640","cytoskeleton-dependent cytokinesis",0,73,75,7231,0,"0/75","73/7231",0,1,"",1,""
"MF","GO:0061650","ubiquitin-like protein conjugating enzyme activity",0,25,72,7153,0,"0/72","25/7153",0,1,"",1,""
"BP","GO:0061684","chaperone-mediated autophagy",0,11,75,7231,0,"0/75","11/7231",0,1,"",1,""
"BP","GO:0061709","reticulophagy",0,18,75,7231,0,"0/75","18/7231",0,1,"",1,""
"BP","GO:0061718","glucose catabolic process to pyruvate",0,16,75,7231,0,"0/75","16/7231",0,1,"",1,""
"BP","GO:0061726","mitochondrion disassembly",0,68,75,7231,0,"0/75","68/7231",0,1,"",1,""
"MF","GO:0061733","peptide-lysine-N-acetyltransferase activity",0,17,72,7153,0,"0/72","17/7153",0,1,"",1,""
"BP","GO:0061744","motor behavior",0,18,75,7231,0,"0/75","18/7231",0,1,"",1,""
"BP","GO:0061763","multivesicular body-lysosome fusion",0,10,75,7231,0,"0/75","10/7231",0,1,"",1,""
"BP","GO:0061842","microtubule organizing center localization",0,21,75,7231,0,"0/75","21/7231",0,1,"",1,""
"BP","GO:0061951","establishment of protein localization to plasma membrane",0,58,75,7231,0,"0/75","58/7231",0,1,"",1,""
"BP","GO:0061952","midbody abscission",0,11,75,7231,0,"0/75","11/7231",0,1,"",1,""
"MF","GO:0061980","regulatory RNA binding",0,22,72,7153,0,"0/72","22/7153",0,1,"",1,""
"BP","GO:0061982","meiosis I cell cycle process",0,16,75,7231,0,"0/75","16/7231",0,1,"",1,""
"BP","GO:0062014","negative regulation of small molecule metabolic process",0,46,75,7231,0,"0/75","46/7231",0,1,"",1,""
"BP","GO:0062125","regulation of mitochondrial gene expression",0,18,75,7231,0,"0/75","18/7231",0,1,"",1,""
"BP","GO:0062149","detection of stimulus involved in sensory perception of pain",0,15,75,7231,0,"0/75","15/7231",0,1,"",1,""
"BP","GO:0062207","regulation of pattern recognition receptor signaling pathway",0,62,75,7231,0,"0/75","62/7231",0,1,"",1,""
"BP","GO:0062208","positive regulation of pattern recognition receptor signaling pathway",0,27,75,7231,0,"0/75","27/7231",0,1,"",1,""
"BP","GO:0062237","protein localization to postsynapse",0,60,75,7231,0,"0/75","60/7231",0,1,"",1,""
"BP","GO:0065002","intracellular protein transmembrane transport",0,42,75,7231,0,"0/75","42/7231",0,1,"",1,""
"BP","GO:0065005","protein-lipid complex assembly",0,17,75,7231,0,"0/75","17/7231",0,1,"",1,""
"MF","GO:0070001","aspartic-type peptidase activity",0,12,72,7153,0,"0/72","12/7153",0,1,"",1,""
"MF","GO:0070003","threonine-type peptidase activity",0,10,72,7153,0,"0/72","10/7153",0,1,"",1,""
"MF","GO:0070006","metalloaminopeptidase activity",0,15,72,7153,0,"0/72","15/7153",0,1,"",1,""
"MF","GO:0070034","telomerase RNA binding",0,13,72,7153,0,"0/72","13/7153",0,1,"",1,""
"BP","GO:0070050","neuron cellular homeostasis",0,52,75,7231,0,"0/75","52/7231",0,1,"",1,""
"MF","GO:0070063","RNA polymerase binding",0,40,72,7153,0,"0/72","40/7153",0,1,"",1,""
"MF","GO:0070064","proline-rich region binding",0,17,72,7153,0,"0/72","17/7153",0,1,"",1,""
"CC","GO:0070069","cytochrome complex",0,29,75,7294,0,"0/75","29/7294",0,1,"",1,""
"BP","GO:0070071","proton-transporting two-sector ATPase complex assembly",0,11,75,7231,0,"0/75","11/7231",0,1,"",1,""
"BP","GO:0070098","chemokine-mediated signaling pathway",0,13,75,7231,0,"0/75","13/7231",0,1,"",1,""
"BP","GO:0070102","interleukin-6-mediated signaling pathway",0,11,75,7231,0,"0/75","11/7231",0,1,"",1,""
"BP","GO:0070129","regulation of mitochondrial translation",0,14,75,7231,0,"0/75","14/7231",0,1,"",1,""
"BP","GO:0070142","synaptic vesicle budding",0,11,75,7231,0,"0/75","11/7231",0,1,"",1,""
"BP","GO:0070169","positive regulation of biomineral tissue development",0,22,75,7231,0,"0/75","22/7231",0,1,"",1,""
"MF","GO:0070182","DNA polymerase binding",0,13,72,7153,0,"0/72","13/7153",0,1,"",1,""
"BP","GO:0070198","protein localization to chromosome, telomeric region",0,19,75,7231,0,"0/75","19/7231",0,1,"",1,""
"BP","GO:0070199","establishment of protein localization to chromosome",0,16,75,7231,0,"0/75","16/7231",0,1,"",1,""
"BP","GO:0070200","establishment of protein localization to telomere",0,10,75,7231,0,"0/75","10/7231",0,1,"",1,""
"BP","GO:0070227","lymphocyte apoptotic process",0,29,75,7231,0,"0/75","29/7231",0,1,"",1,""
"BP","GO:0070228","regulation of lymphocyte apoptotic process",0,19,75,7231,0,"0/75","19/7231",0,1,"",1,""
"BP","GO:0070229","negative regulation of lymphocyte apoptotic process",0,15,75,7231,0,"0/75","15/7231",0,1,"",1,""
"BP","GO:0070231","T cell apoptotic process",0,18,75,7231,0,"0/75","18/7231",0,1,"",1,""
"BP","GO:0070232","regulation of T cell apoptotic process",0,10,75,7231,0,"0/75","10/7231",0,1,"",1,""
"BP","GO:0070252","actin-mediated cell contraction",0,53,75,7231,0,"0/75","53/7231",0,1,"",1,""
"BP","GO:0070269","pyroptosis",0,10,75,7231,0,"0/75","10/7231",0,1,"",1,""
"MF","GO:0070273","phosphatidylinositol-4-phosphate binding",0,16,72,7153,0,"0/72","16/7153",0,1,"",1,""
"BP","GO:0070296","sarcoplasmic reticulum calcium ion transport",0,16,75,7231,0,"0/75","16/7231",0,1,"",1,""
"MF","GO:0070300","phosphatidic acid binding",0,17,72,7153,0,"0/72","17/7153",0,1,"",1,""
"BP","GO:0070302","regulation of stress-activated protein kinase signaling cascade",0,90,75,7231,0,"0/75","90/7231",0,1,"",1,""
"BP","GO:0070303","negative regulation of stress-activated protein kinase signaling cascade",0,23,75,7231,0,"0/75","23/7231",0,1,"",1,""
"BP","GO:0070304","positive regulation of stress-activated protein kinase signaling cascade",0,55,75,7231,0,"0/75","55/7231",0,1,"",1,""
"BP","GO:0070306","lens fiber cell differentiation",0,18,75,7231,0,"0/75","18/7231",0,1,"",1,""
"BP","GO:0070316","regulation of G0 to G1 transition",0,25,75,7231,0,"0/75","25/7231",0,1,"",1,""
"MF","GO:0070325","lipoprotein particle receptor binding",0,20,72,7153,0,"0/72","20/7153",0,1,"",1,""
"BP","GO:0070328","triglyceride homeostasis",0,11,75,7231,0,"0/75","11/7231",0,1,"",1,""
"BP","GO:0070371","ERK1 and ERK2 cascade",0,141,75,7231,0,"0/75","141/7231",0,1,"",1,""
"BP","GO:0070372","regulation of ERK1 and ERK2 cascade",0,131,75,7231,0,"0/75","131/7231",0,1,"",1,""
"BP","GO:0070373","negative regulation of ERK1 and ERK2 cascade",0,44,75,7231,0,"0/75","44/7231",0,1,"",1,""
"BP","GO:0070374","positive regulation of ERK1 and ERK2 cascade",0,78,75,7231,0,"0/75","78/7231",0,1,"",1,""
"MF","GO:0070402","NADPH binding",0,13,72,7153,0,"0/72","13/7153",0,1,"",1,""
"MF","GO:0070412","R-SMAD binding",0,12,72,7153,0,"0/72","12/7153",0,1,"",1,""
"CC","GO:0070469","respirasome",0,80,75,7294,0,"0/75","80/7294",0,1,"",1,""
"BP","GO:0070482","response to oxygen levels",0,137,75,7231,0,"0/75","137/7231",0,1,"",1,""
"BP","GO:0070486","leukocyte aggregation",0,10,75,7231,0,"0/75","10/7231",0,1,"",1,""
"BP","GO:0070498","interleukin-1-mediated signaling pathway",0,12,75,7231,0,"0/75","12/7231",0,1,"",1,""
"BP","GO:0070509","calcium ion import",0,25,75,7231,0,"0/75","25/7231",0,1,"",1,""
"BP","GO:0070525","tRNA threonylcarbamoyladenosine metabolic process",0,10,75,7231,0,"0/75","10/7231",0,1,"",1,""
"BP","GO:0070527","platelet aggregation",0,35,75,7231,0,"0/75","35/7231",0,1,"",1,""
"BP","GO:0070528","protein kinase C signaling",0,19,75,7231,0,"0/75","19/7231",0,1,"",1,""
"MF","GO:0070530","K63-linked polyubiquitin modification-dependent protein binding",0,13,72,7153,0,"0/72","13/7153",0,1,"",1,""
"BP","GO:0070534","protein K63-linked ubiquitination",0,29,75,7231,0,"0/75","29/7231",0,1,"",1,""
"BP","GO:0070536","protein K63-linked deubiquitination",0,22,75,7231,0,"0/75","22/7231",0,1,"",1,""
"BP","GO:0070542","response to fatty acid",0,10,75,7231,0,"0/75","10/7231",0,1,"",1,""
"BP","GO:0070555","response to interleukin-1",0,36,75,7231,0,"0/75","36/7231",0,1,"",1,""
"BP","GO:0070570","regulation of neuron projection regeneration",0,31,75,7231,0,"0/75","31/7231",0,1,"",1,""
"BP","GO:0070571","negative regulation of neuron projection regeneration",0,15,75,7231,0,"0/75","15/7231",0,1,"",1,""
"BP","GO:0070572","positive regulation of neuron projection regeneration",0,11,75,7231,0,"0/75","11/7231",0,1,"",1,""
"MF","GO:0070577","lysine-acetylated histone binding",0,11,72,7153,0,"0/72","11/7153",0,1,"",1,""
"BP","GO:0070584","mitochondrion morphogenesis",0,26,75,7231,0,"0/75","26/7231",0,1,"",1,""
"BP","GO:0070585","protein localization to mitochondrion",0,78,75,7231,0,"0/75","78/7231",0,1,"",1,""
"CC","GO:0070603","SWI/SNF superfamily-type complex",0,57,75,7294,0,"0/75","57/7294",0,1,"",1,""
"BP","GO:0070613","regulation of protein processing",0,29,75,7231,0,"0/75","29/7231",0,1,"",1,""
"MF","GO:0070628","proteasome binding",0,17,72,7153,0,"0/72","17/7153",0,1,"",1,""
"BP","GO:0070633","transepithelial transport",0,14,75,7231,0,"0/75","14/7231",0,1,"",1,""
"BP","GO:0070664","negative regulation of leukocyte proliferation",0,27,75,7231,0,"0/75","27/7231",0,1,"",1,""
"BP","GO:0070670","response to interleukin-4",0,16,75,7231,0,"0/75","16/7231",0,1,"",1,""
"MF","GO:0070717","poly-purine tract binding",0,22,72,7153,0,"0/72","22/7153",0,1,"",1,""
"BP","GO:0070741","response to interleukin-6",0,19,75,7231,0,"0/75","19/7231",0,1,"",1,""
"CC","GO:0070822","Sin3-type complex",0,10,75,7294,0,"0/75","10/7294",0,1,"",1,""
"BP","GO:0070828","heterochromatin organization",0,37,75,7231,0,"0/75","37/7231",0,1,"",1,""
"BP","GO:0070830","bicellular tight junction assembly",0,28,75,7231,0,"0/75","28/7231",0,1,"",1,""
"MF","GO:0070840","dynein complex binding",0,14,72,7153,0,"0/72","14/7153",0,1,"",1,""
"BP","GO:0070841","inclusion body assembly",0,19,75,7231,0,"0/75","19/7231",0,1,"",1,""
"BP","GO:0070849","response to epidermal growth factor",0,30,75,7231,0,"0/75","30/7231",0,1,"",1,""
"MF","GO:0070851","growth factor receptor binding",0,57,72,7153,0,"0/72","57/7153",0,1,"",1,""
"BP","GO:0070861","regulation of protein exit from endoplasmic reticulum",0,16,75,7231,0,"0/75","16/7231",0,1,"",1,""
"BP","GO:0070873","regulation of glycogen metabolic process",0,20,75,7231,0,"0/75","20/7231",0,1,"",1,""
"BP","GO:0070875","positive regulation of glycogen metabolic process",0,11,75,7231,0,"0/75","11/7231",0,1,"",1,""
"BP","GO:0070884","regulation of calcineurin-NFAT signaling cascade",0,21,75,7231,0,"0/75","21/7231",0,1,"",1,""
"BP","GO:0070885","negative regulation of calcineurin-NFAT signaling cascade",0,11,75,7231,0,"0/75","11/7231",0,1,"",1,""
"BP","GO:0070918","regulatory ncRNA processing",0,40,75,7231,0,"0/75","40/7231",0,1,"",1,""
"BP","GO:0070935","3'-UTR-mediated mRNA stabilization",0,14,75,7231,0,"0/75","14/7231",0,1,"",1,""
"BP","GO:0070936","protein K48-linked ubiquitination",0,41,75,7231,0,"0/75","41/7231",0,1,"",1,""
"CC","GO:0070971","endoplasmic reticulum exit site",0,20,75,7294,0,"0/75","20/7294",0,1,"",1,""
"BP","GO:0070972","protein localization to endoplasmic reticulum",0,54,75,7231,0,"0/75","54/7231",0,1,"",1,""
"BP","GO:0070977","bone maturation",0,10,75,7231,0,"0/75","10/7231",0,1,"",1,""
"BP","GO:0070979","protein K11-linked ubiquitination",0,18,75,7231,0,"0/75","18/7231",0,1,"",1,""
"BP","GO:0070988","demethylation",0,14,75,7231,0,"0/75","14/7231",0,1,"",1,""
"MF","GO:0070990","snRNP binding",0,13,72,7153,0,"0/72","13/7153",0,1,"",1,""
"CC","GO:0071004","U2-type prespliceosome",0,13,75,7294,0,"0/75","13/7294",0,1,"",1,""
"CC","GO:0071005","U2-type precatalytic spliceosome",0,44,75,7294,0,"0/75","44/7294",0,1,"",1,""
"CC","GO:0071007","U2-type catalytic step 2 spliceosome",0,30,75,7294,0,"0/75","30/7294",0,1,"",1,""
"CC","GO:0071010","prespliceosome",0,13,75,7294,0,"0/75","13/7294",0,1,"",1,""
"CC","GO:0071011","precatalytic spliceosome",0,46,75,7294,0,"0/75","46/7294",0,1,"",1,""
"CC","GO:0071013","catalytic step 2 spliceosome",0,76,75,7294,0,"0/75","76/7294",0,1,"",1,""
"BP","GO:0071071","regulation of phospholipid biosynthetic process",0,12,75,7231,0,"0/75","12/7231",0,1,"",1,""
"BP","GO:0071103","DNA conformation change",0,20,75,7231,0,"0/75","20/7231",0,1,"",1,""
"BP","GO:0071108","protein K48-linked deubiquitination",0,21,75,7231,0,"0/75","21/7231",0,1,"",1,""
"BP","GO:0071168","protein localization to chromatin",0,18,75,7231,0,"0/75","18/7231",0,1,"",1,""
"BP","GO:0071173","spindle assembly checkpoint signaling",0,13,75,7231,0,"0/75","13/7231",0,1,"",1,""
"BP","GO:0071174","mitotic spindle checkpoint signaling",0,13,75,7231,0,"0/75","13/7231",0,1,"",1,""
"CC","GO:0071203","WASH complex",0,10,75,7294,0,"0/75","10/7294",0,1,"",1,""
"BP","GO:0071218","cellular response to misfolded protein",0,18,75,7231,0,"0/75","18/7231",0,1,"",1,""
"BP","GO:0071260","cellular response to mechanical stimulus",0,24,75,7231,0,"0/75","24/7231",0,1,"",1,""
"BP","GO:0071276","cellular response to cadmium ion",0,12,75,7231,0,"0/75","12/7231",0,1,"",1,""
"BP","GO:0071300","cellular response to retinoic acid",0,22,75,7231,0,"0/75","22/7231",0,1,"",1,""
"BP","GO:0071312","cellular response to alkaloid",0,20,75,7231,0,"0/75","20/7231",0,1,"",1,""
"BP","GO:0071320","cellular response to cAMP",0,24,75,7231,0,"0/75","24/7231",0,1,"",1,""
"BP","GO:0071322","cellular response to carbohydrate stimulus",0,95,75,7231,0,"0/75","95/7231",0,1,"",1,""
"BP","GO:0071326","cellular response to monosaccharide stimulus",0,89,75,7231,0,"0/75","89/7231",0,1,"",1,""
"BP","GO:0071331","cellular response to hexose stimulus",0,88,75,7231,0,"0/75","88/7231",0,1,"",1,""
"BP","GO:0071333","cellular response to glucose stimulus",0,87,75,7231,0,"0/75","87/7231",0,1,"",1,""
"CC","GO:0071339","MLL1 complex",0,19,75,7294,0,"0/75","19/7294",0,1,"",1,""
"BP","GO:0071340","skeletal muscle acetylcholine-gated channel clustering",0,10,75,7231,0,"0/75","10/7231",0,1,"",1,""
"BP","GO:0071346","cellular response to type II interferon",0,53,75,7231,0,"0/75","53/7231",0,1,"",1,""
"BP","GO:0071347","cellular response to interleukin-1",0,25,75,7231,0,"0/75","25/7231",0,1,"",1,""
"BP","GO:0071353","cellular response to interleukin-4",0,15,75,7231,0,"0/75","15/7231",0,1,"",1,""
"BP","GO:0071354","cellular response to interleukin-6",0,19,75,7231,0,"0/75","19/7231",0,1,"",1,""
"BP","GO:0071357","cellular response to type I interferon",0,30,75,7231,0,"0/75","30/7231",0,1,"",1,""
"BP","GO:0071359","cellular response to dsRNA",0,12,75,7231,0,"0/75","12/7231",0,1,"",1,""
"BP","GO:0071364","cellular response to epidermal growth factor stimulus",0,27,75,7231,0,"0/75","27/7231",0,1,"",1,""
"BP","GO:0071378","cellular response to growth hormone stimulus",0,10,75,7231,0,"0/75","10/7231",0,1,"",1,""
"BP","GO:0071402","cellular response to lipoprotein particle stimulus",0,19,75,7231,0,"0/75","19/7231",0,1,"",1,""
"BP","GO:0071404","cellular response to low-density lipoprotein particle stimulus",0,15,75,7231,0,"0/75","15/7231",0,1,"",1,""
"BP","GO:0071425","hematopoietic stem cell proliferation",0,16,75,7231,0,"0/75","16/7231",0,1,"",1,""
"BP","GO:0071450","cellular response to oxygen radical",0,14,75,7231,0,"0/75","14/7231",0,1,"",1,""
"BP","GO:0071451","cellular response to superoxide",0,14,75,7231,0,"0/75","14/7231",0,1,"",1,""
"BP","GO:0071453","cellular response to oxygen levels",0,79,75,7231,0,"0/75","79/7231",0,1,"",1,""
"BP","GO:0071456","cellular response to hypoxia",0,64,75,7231,0,"0/75","64/7231",0,1,"",1,""
"BP","GO:0071467","cellular response to pH",0,11,75,7231,0,"0/75","11/7231",0,1,"",1,""
"BP","GO:0071526","semaphorin-plexin signaling pathway",0,27,75,7231,0,"0/75","27/7231",0,1,"",1,""
"BP","GO:0071539","protein localization to centrosome",0,19,75,7231,0,"0/75","19/7231",0,1,"",1,""
"BP","GO:0071548","response to dexamethasone",0,13,75,7231,0,"0/75","13/7231",0,1,"",1,""
"BP","GO:0071549","cellular response to dexamethasone stimulus",0,10,75,7231,0,"0/75","10/7231",0,1,"",1,""
"CC","GO:0071564","npBAF complex",0,12,75,7294,0,"0/75","12/7294",0,1,"",1,""
"CC","GO:0071565","nBAF complex",0,15,75,7294,0,"0/75","15/7294",0,1,"",1,""
"BP","GO:0071577","zinc ion transmembrane transport",0,15,75,7231,0,"0/75","15/7231",0,1,"",1,""
"BP","GO:0071604","transforming growth factor beta production",0,16,75,7231,0,"0/75","16/7231",0,1,"",1,""
"BP","GO:0071616","acyl-CoA biosynthetic process",0,25,75,7231,0,"0/75","25/7231",0,1,"",1,""
"MF","GO:0071617","lysophospholipid acyltransferase activity",0,15,72,7153,0,"0/72","15/7153",0,1,"",1,""
"BP","GO:0071621","granulocyte chemotaxis",0,42,75,7231,0,"0/75","42/7231",0,1,"",1,""
"BP","GO:0071622","regulation of granulocyte chemotaxis",0,23,75,7231,0,"0/75","23/7231",0,1,"",1,""
"BP","GO:0071624","positive regulation of granulocyte chemotaxis",0,11,75,7231,0,"0/75","11/7231",0,1,"",1,""
"BP","GO:0071625","vocalization behavior",0,13,75,7231,0,"0/75","13/7231",0,1,"",1,""
"BP","GO:0071634","regulation of transforming growth factor beta production",0,16,75,7231,0,"0/75","16/7231",0,1,"",1,""
"BP","GO:0071636","positive regulation of transforming growth factor beta production",0,11,75,7231,0,"0/75","11/7231",0,1,"",1,""
"BP","GO:0071674","mononuclear cell migration",0,71,75,7231,0,"0/75","71/7231",0,1,"",1,""
"BP","GO:0071675","regulation of mononuclear cell migration",0,54,75,7231,0,"0/75","54/7231",0,1,"",1,""
"BP","GO:0071676","negative regulation of mononuclear cell migration",0,11,75,7231,0,"0/75","11/7231",0,1,"",1,""
"BP","GO:0071677","positive regulation of mononuclear cell migration",0,30,75,7231,0,"0/75","30/7231",0,1,"",1,""
"BP","GO:0071684","organism emergence from protective structure",0,15,75,7231,0,"0/75","15/7231",0,1,"",1,""
"BP","GO:0071695","anatomical structure maturation",0,110,75,7231,0,"0/75","110/7231",0,1,"",1,""
"BP","GO:0071706","tumor necrosis factor superfamily cytokine production",0,64,75,7231,0,"0/75","64/7231",0,1,"",1,""
"BP","GO:0071711","basement membrane organization",0,21,75,7231,0,"0/75","21/7231",0,1,"",1,""
"BP","GO:0071712","ER-associated misfolded protein catabolic process",0,10,75,7231,0,"0/75","10/7231",0,1,"",1,""
"BP","GO:0071715","icosanoid transport",0,16,75,7231,0,"0/75","16/7231",0,1,"",1,""
"BP","GO:0071731","response to nitric oxide",0,12,75,7231,0,"0/75","12/7231",0,1,"",1,""
"BP","GO:0071763","nuclear membrane organization",0,27,75,7231,0,"0/75","27/7231",0,1,"",1,""
"BP","GO:0071772","response to BMP",0,45,75,7231,0,"0/75","45/7231",0,1,"",1,""
"BP","GO:0071773","cellular response to BMP stimulus",0,45,75,7231,0,"0/75","45/7231",0,1,"",1,""
"BP","GO:0071774","response to fibroblast growth factor",0,29,75,7231,0,"0/75","29/7231",0,1,"",1,""
"CC","GO:0071782","endoplasmic reticulum tubular network",0,23,75,7294,0,"0/75","23/7294",0,1,"",1,""
"BP","GO:0071786","endoplasmic reticulum tubular network organization",0,18,75,7231,0,"0/75","18/7231",0,1,"",1,""
"BP","GO:0071800","podosome assembly",0,15,75,7231,0,"0/75","15/7231",0,1,"",1,""
"BP","GO:0071801","regulation of podosome assembly",0,10,75,7231,0,"0/75","10/7231",0,1,"",1,""
"BP","GO:0071806","protein transmembrane transport",0,43,75,7231,0,"0/75","43/7231",0,1,"",1,""
"MF","GO:0071813","lipoprotein particle binding",0,13,72,7153,0,"0/72","13/7153",0,1,"",1,""
"MF","GO:0071814","protein-lipid complex binding",0,13,72,7153,0,"0/72","13/7153",0,1,"",1,""
"BP","GO:0071816","tail-anchored membrane protein insertion into ER membrane",0,15,75,7231,0,"0/75","15/7231",0,1,"",1,""
"BP","GO:0071825","protein-lipid complex organization",0,21,75,7231,0,"0/75","21/7231",0,1,"",1,""
"BP","GO:0071826","protein-RNA complex organization",0,137,75,7231,0,"0/75","137/7231",0,1,"",1,""
"BP","GO:0071827","plasma lipoprotein particle organization",0,18,75,7231,0,"0/75","18/7231",0,1,"",1,""
"BP","GO:0071880","adenylate cyclase-activating adrenergic receptor signaling pathway",0,11,75,7231,0,"0/75","11/7231",0,1,"",1,""
"BP","GO:0071887","leukocyte apoptotic process",0,45,75,7231,0,"0/75","45/7231",0,1,"",1,""
"MF","GO:0071889","14-3-3 protein binding",0,26,72,7153,0,"0/72","26/7153",0,1,"",1,""
"BP","GO:0071902","positive regulation of protein serine/threonine kinase activity",0,96,75,7231,0,"0/75","96/7231",0,1,"",1,""
"MF","GO:0071933","Arp2/3 complex binding",0,11,72,7153,0,"0/72","11/7153",0,1,"",1,""
"MF","GO:0071949","FAD binding",0,24,72,7153,0,"0/72","24/7153",0,1,"",1,""
"BP","GO:0071985","multivesicular body sorting pathway",0,29,75,7231,0,"0/75","29/7231",0,1,"",1,""
"BP","GO:0072001","renal system development",0,108,75,7231,0,"0/75","108/7231",0,1,"",1,""
"BP","GO:0072006","nephron development",0,43,75,7231,0,"0/75","43/7231",0,1,"",1,""
"BP","GO:0072009","nephron epithelium development",0,24,75,7231,0,"0/75","24/7231",0,1,"",1,""
"BP","GO:0072028","nephron morphogenesis",0,14,75,7231,0,"0/75","14/7231",0,1,"",1,""
"BP","GO:0072073","kidney epithelium development",0,37,75,7231,0,"0/75","37/7231",0,1,"",1,""
"BP","GO:0072078","nephron tubule morphogenesis",0,13,75,7231,0,"0/75","13/7231",0,1,"",1,""
"BP","GO:0072080","nephron tubule development",0,19,75,7231,0,"0/75","19/7231",0,1,"",1,""
"BP","GO:0072088","nephron epithelium morphogenesis",0,13,75,7231,0,"0/75","13/7231",0,1,"",1,""
"BP","GO:0072089","stem cell proliferation",0,39,75,7231,0,"0/75","39/7231",0,1,"",1,""
"BP","GO:0072091","regulation of stem cell proliferation",0,25,75,7231,0,"0/75","25/7231",0,1,"",1,""
"BP","GO:0072132","mesenchyme morphogenesis",0,15,75,7231,0,"0/75","15/7231",0,1,"",1,""
"BP","GO:0072163","mesonephric epithelium development",0,21,75,7231,0,"0/75","21/7231",0,1,"",1,""
"BP","GO:0072164","mesonephric tubule development",0,21,75,7231,0,"0/75","21/7231",0,1,"",1,""
"BP","GO:0072171","mesonephric tubule morphogenesis",0,11,75,7231,0,"0/75","11/7231",0,1,"",1,""
"BP","GO:0072329","monocarboxylic acid catabolic process",0,86,75,7231,0,"0/75","86/7231",0,1,"",1,""
"BP","GO:0072331","signal transduction by p53 class mediator",0,67,75,7231,0,"0/75","67/7231",0,1,"",1,""
"BP","GO:0072332","intrinsic apoptotic signaling pathway by p53 class mediator",0,38,75,7231,0,"0/75","38/7231",0,1,"",1,""
"BP","GO:0072337","modified amino acid transport",0,16,75,7231,0,"0/75","16/7231",0,1,"",1,""
"BP","GO:0072344","rescue of stalled ribosome",0,25,75,7231,0,"0/75","25/7231",0,1,"",1,""
"BP","GO:0072348","sulfur compound transport",0,21,75,7231,0,"0/75","21/7231",0,1,"",1,""
"MF","GO:0072349","modified amino acid transmembrane transporter activity",0,17,72,7153,0,"0/72","17/7153",0,1,"",1,""
"BP","GO:0072350","tricarboxylic acid metabolic process",0,12,75,7231,0,"0/75","12/7231",0,1,"",1,""
"BP","GO:0072376","protein activation cascade",0,11,75,7231,0,"0/75","11/7231",0,1,"",1,""
"CC","GO:0072379","ER membrane insertion complex",0,10,75,7294,0,"0/75","10/7294",0,1,"",1,""
"BP","GO:0072523","purine-containing compound catabolic process",0,40,75,7231,0,"0/75","40/7231",0,1,"",1,""
"BP","GO:0072527","pyrimidine-containing compound metabolic process",0,34,75,7231,0,"0/75","34/7231",0,1,"",1,""
"BP","GO:0072528","pyrimidine-containing compound biosynthetic process",0,23,75,7231,0,"0/75","23/7231",0,1,"",1,""
"BP","GO:0072529","pyrimidine-containing compound catabolic process",0,11,75,7231,0,"0/75","11/7231",0,1,"",1,""
"BP","GO:0072530","purine-containing compound transmembrane transport",0,13,75,7231,0,"0/75","13/7231",0,1,"",1,""
"CC","GO:0072534","perineuronal net",0,10,75,7294,0,"0/75","10/7294",0,1,"",1,""
"BP","GO:0072574","hepatocyte proliferation",0,10,75,7231,0,"0/75","10/7231",0,1,"",1,""
"BP","GO:0072575","epithelial cell proliferation involved in liver morphogenesis",0,10,75,7231,0,"0/75","10/7231",0,1,"",1,""
"BP","GO:0072576","liver morphogenesis",0,12,75,7231,0,"0/75","12/7231",0,1,"",1,""
"BP","GO:0072577","endothelial cell apoptotic process",0,22,75,7231,0,"0/75","22/7231",0,1,"",1,""
"BP","GO:0072578","neurotransmitter-gated ion channel clustering",0,20,75,7231,0,"0/75","20/7231",0,1,"",1,""
"BP","GO:0072583","clathrin-dependent endocytosis",0,40,75,7231,0,"0/75","40/7231",0,1,"",1,""
"BP","GO:0072594","establishment of protein localization to organelle",0,297,75,7231,0,"0/75","297/7231",0,1,"",1,""
"BP","GO:0072595","maintenance of protein localization in organelle",0,26,75,7231,0,"0/75","26/7231",0,1,"",1,""
"BP","GO:0072599","establishment of protein localization to endoplasmic reticulum",0,33,75,7231,0,"0/75","33/7231",0,1,"",1,""
"BP","GO:0072655","establishment of protein localization to mitochondrion",0,71,75,7231,0,"0/75","71/7231",0,1,"",1,""
"BP","GO:0072662","protein localization to peroxisome",0,16,75,7231,0,"0/75","16/7231",0,1,"",1,""
"BP","GO:0072663","establishment of protein localization to peroxisome",0,16,75,7231,0,"0/75","16/7231",0,1,"",1,""
"BP","GO:0072666","establishment of protein localization to vacuole",0,47,75,7231,0,"0/75","47/7231",0,1,"",1,""
"BP","GO:0072673","lamellipodium morphogenesis",0,12,75,7231,0,"0/75","12/7231",0,1,"",1,""
"BP","GO:0072676","lymphocyte migration",0,41,75,7231,0,"0/75","41/7231",0,1,"",1,""
"BP","GO:0072678","T cell migration",0,31,75,7231,0,"0/75","31/7231",0,1,"",1,""
"CC","GO:0072686","mitotic spindle",0,88,75,7294,0,"0/75","88/7294",0,1,"",1,""
"BP","GO:0072698","protein localization to microtubule cytoskeleton",0,33,75,7231,0,"0/75","33/7231",0,1,"",1,""
"BP","GO:0075522","IRES-dependent viral translational initiation",0,11,75,7231,0,"0/75","11/7231",0,1,"",1,""
"CC","GO:0080008","Cul4-RING E3 ubiquitin ligase complex",0,18,75,7294,0,"0/75","18/7294",0,1,"",1,""
"BP","GO:0080009","mRNA methylation",0,10,75,7231,0,"0/75","10/7231",0,1,"",1,""
"MF","GO:0080025","phosphatidylinositol-3,5-bisphosphate binding",0,22,72,7153,0,"0/72","22/7153",0,1,"",1,""
"BP","GO:0080164","regulation of nitric oxide metabolic process",0,38,75,7231,0,"0/75","38/7231",0,1,"",1,""
"BP","GO:0080171","lytic vacuole organization",0,64,75,7231,0,"0/75","64/7231",0,1,"",1,""
"BP","GO:0085029","extracellular matrix assembly",0,19,75,7231,0,"0/75","19/7231",0,1,"",1,""
"BP","GO:0086001","cardiac muscle cell action potential",0,34,75,7231,0,"0/75","34/7231",0,1,"",1,""
"BP","GO:0086002","cardiac muscle cell action potential involved in contraction",0,23,75,7231,0,"0/75","23/7231",0,1,"",1,""
"BP","GO:0086003","cardiac muscle cell contraction",0,38,75,7231,0,"0/75","38/7231",0,1,"",1,""
"BP","GO:0086004","regulation of cardiac muscle cell contraction",0,19,75,7231,0,"0/75","19/7231",0,1,"",1,""
"BP","GO:0086005","ventricular cardiac muscle cell action potential",0,13,75,7231,0,"0/75","13/7231",0,1,"",1,""
"BP","GO:0086009","membrane repolarization",0,30,75,7231,0,"0/75","30/7231",0,1,"",1,""
"BP","GO:0086010","membrane depolarization during action potential",0,19,75,7231,0,"0/75","19/7231",0,1,"",1,""
"BP","GO:0086012","membrane depolarization during cardiac muscle cell action potential",0,11,75,7231,0,"0/75","11/7231",0,1,"",1,""
"BP","GO:0086019","cell-cell signaling involved in cardiac conduction",0,15,75,7231,0,"0/75","15/7231",0,1,"",1,""
"BP","GO:0086065","cell communication involved in cardiac conduction",0,20,75,7231,0,"0/75","20/7231",0,1,"",1,""
"BP","GO:0086091","regulation of heart rate by cardiac conduction",0,17,75,7231,0,"0/75","17/7231",0,1,"",1,""
"BP","GO:0089718","amino acid import across plasma membrane",0,36,75,7231,0,"0/75","36/7231",0,1,"",1,""
"BP","GO:0090022","regulation of neutrophil chemotaxis",0,15,75,7231,0,"0/75","15/7231",0,1,"",1,""
"BP","GO:0090023","positive regulation of neutrophil chemotaxis",0,11,75,7231,0,"0/75","11/7231",0,1,"",1,""
"BP","GO:0090025","regulation of monocyte chemotaxis",0,11,75,7231,0,"0/75","11/7231",0,1,"",1,""
"BP","GO:0090036","regulation of protein kinase C signaling",0,11,75,7231,0,"0/75","11/7231",0,1,"",1,""
"BP","GO:0090042","tubulin deacetylation",0,12,75,7231,0,"0/75","12/7231",0,1,"",1,""
"BP","GO:0090049","regulation of cell migration involved in sprouting angiogenesis",0,16,75,7231,0,"0/75","16/7231",0,1,"",1,""
"BP","GO:0090068","positive regulation of cell cycle process",0,107,75,7231,0,"0/75","107/7231",0,1,"",1,""
"BP","GO:0090075","relaxation of muscle",0,16,75,7231,0,"0/75","16/7231",0,1,"",1,""
"BP","GO:0090077","foam cell differentiation",0,13,75,7231,0,"0/75","13/7231",0,1,"",1,""
"MF","GO:0090079","translation regulator activity, nucleic acid binding",0,78,72,7153,0,"0/72","78/7153",0,1,"",1,""
"BP","GO:0090083","regulation of inclusion body assembly",0,14,75,7231,0,"0/75","14/7231",0,1,"",1,""
"BP","GO:0090087","regulation of peptide transport",0,137,75,7231,0,"0/75","137/7231",0,1,"",1,""
"BP","GO:0090090","negative regulation of canonical Wnt signaling pathway",0,50,75,7231,0,"0/75","50/7231",0,1,"",1,""
"BP","GO:0090100","positive regulation of transmembrane receptor protein serine/threonine kinase signaling pathway",0,40,75,7231,0,"0/75","40/7231",0,1,"",1,""
"BP","GO:0090102","cochlea development",0,19,75,7231,0,"0/75","19/7231",0,1,"",1,""
"BP","GO:0090114","COPII-coated vesicle budding",0,25,75,7231,0,"0/75","25/7231",0,1,"",1,""
"BP","GO:0090128","regulation of synapse maturation",0,16,75,7231,0,"0/75","16/7231",0,1,"",1,""
"BP","GO:0090140","regulation of mitochondrial fission",0,25,75,7231,0,"0/75","25/7231",0,1,"",1,""
"BP","GO:0090141","positive regulation of mitochondrial fission",0,17,75,7231,0,"0/75","17/7231",0,1,"",1,""
"BP","GO:0090148","membrane fission",0,29,75,7231,0,"0/75","29/7231",0,1,"",1,""
"BP","GO:0090151","establishment of protein localization to mitochondrial membrane",0,23,75,7231,0,"0/75","23/7231",0,1,"",1,""
"BP","GO:0090153","regulation of sphingolipid biosynthetic process",0,10,75,7231,0,"0/75","10/7231",0,1,"",1,""
"BP","GO:0090158","endoplasmic reticulum membrane organization",0,12,75,7231,0,"0/75","12/7231",0,1,"",1,""
"BP","GO:0090162","establishment of epithelial cell polarity",0,24,75,7231,0,"0/75","24/7231",0,1,"",1,""
"BP","GO:0090169","regulation of spindle assembly",0,19,75,7231,0,"0/75","19/7231",0,1,"",1,""
"BP","GO:0090174","organelle membrane fusion",0,102,75,7231,0,"0/75","102/7231",0,1,"",1,""
"BP","GO:0090175","regulation of establishment of planar polarity",0,10,75,7231,0,"0/75","10/7231",0,1,"",1,""
"BP","GO:0090199","regulation of release of cytochrome c from mitochondria",0,28,75,7231,0,"0/75","28/7231",0,1,"",1,""
"BP","GO:0090200","positive regulation of release of cytochrome c from mitochondria",0,12,75,7231,0,"0/75","12/7231",0,1,"",1,""
"BP","GO:0090201","negative regulation of release of cytochrome c from mitochondria",0,16,75,7231,0,"0/75","16/7231",0,1,"",1,""
"BP","GO:0090207","regulation of triglyceride metabolic process",0,25,75,7231,0,"0/75","25/7231",0,1,"",1,""
"BP","GO:0090208","positive regulation of triglyceride metabolic process",0,14,75,7231,0,"0/75","14/7231",0,1,"",1,""
"BP","GO:0090218","positive regulation of lipid kinase activity",0,10,75,7231,0,"0/75","10/7231",0,1,"",1,""
"BP","GO:0090224","regulation of spindle organization",0,27,75,7231,0,"0/75","27/7231",0,1,"",1,""
"BP","GO:0090263","positive regulation of canonical Wnt signaling pathway",0,51,75,7231,0,"0/75","51/7231",0,1,"",1,""
"BP","GO:0090276","regulation of peptide hormone secretion",0,133,75,7231,0,"0/75","133/7231",0,1,"",1,""
"BP","GO:0090277","positive regulation of peptide hormone secretion",0,81,75,7231,0,"0/75","81/7231",0,1,"",1,""
"BP","GO:0090278","negative regulation of peptide hormone secretion",0,36,75,7231,0,"0/75","36/7231",0,1,"",1,""
"BP","GO:0090279","regulation of calcium ion import",0,12,75,7231,0,"0/75","12/7231",0,1,"",1,""
"BP","GO:0090307","mitotic spindle assembly",0,43,75,7231,0,"0/75","43/7231",0,1,"",1,""
"BP","GO:0090311","regulation of protein deacetylation",0,18,75,7231,0,"0/75","18/7231",0,1,"",1,""
"BP","GO:0090313","regulation of protein targeting to membrane",0,27,75,7231,0,"0/75","27/7231",0,1,"",1,""
"BP","GO:0090314","positive regulation of protein targeting to membrane",0,21,75,7231,0,"0/75","21/7231",0,1,"",1,""
"BP","GO:0090316","positive regulation of intracellular protein transport",0,92,75,7231,0,"0/75","92/7231",0,1,"",1,""
"BP","GO:0090317","negative regulation of intracellular protein transport",0,33,75,7231,0,"0/75","33/7231",0,1,"",1,""
"BP","GO:0090322","regulation of superoxide metabolic process",0,17,75,7231,0,"0/75","17/7231",0,1,"",1,""
"BP","GO:0090329","regulation of DNA-templated DNA replication",0,14,75,7231,0,"0/75","14/7231",0,1,"",1,""
"BP","GO:0090330","regulation of platelet aggregation",0,12,75,7231,0,"0/75","12/7231",0,1,"",1,""
"BP","GO:0090382","phagosome maturation",0,15,75,7231,0,"0/75","15/7231",0,1,"",1,""
"BP","GO:0090398","cellular senescence",0,39,75,7231,0,"0/75","39/7231",0,1,"",1,""
"BP","GO:0090435","protein localization to nuclear envelope",0,12,75,7231,0,"0/75","12/7231",0,1,"",1,""
"BP","GO:0090497","mesenchymal cell migration",0,23,75,7231,0,"0/75","23/7231",0,1,"",1,""
"BP","GO:0090504","epiboly",0,18,75,7231,0,"0/75","18/7231",0,1,"",1,""
"BP","GO:0090505","epiboly involved in wound healing",0,17,75,7231,0,"0/75","17/7231",0,1,"",1,""
"CC","GO:0090543","Flemming body",0,12,75,7294,0,"0/75","12/7294",0,1,"",1,""
"CC","GO:0090545","CHD-type complex",0,14,75,7294,0,"0/75","14/7294",0,1,"",1,""
"BP","GO:0090557","establishment of endothelial intestinal barrier",0,10,75,7231,0,"0/75","10/7231",0,1,"",1,""
"BP","GO:0090594","inflammatory response to wounding",0,10,75,7231,0,"0/75","10/7231",0,1,"",1,""
"BP","GO:0090630","activation of GTPase activity",0,63,75,7231,0,"0/75","63/7231",0,1,"",1,""
"BP","GO:0090659","walking behavior",0,36,75,7231,0,"0/75","36/7231",0,1,"",1,""
"CC","GO:0090734","site of DNA damage",0,43,75,7294,0,"0/75","43/7294",0,1,"",1,""
"BP","GO:0095500","acetylcholine receptor signaling pathway",0,25,75,7231,0,"0/75","25/7231",0,1,"",1,""
"MF","GO:0097001","ceramide binding",0,13,72,7153,0,"0/72","13/7153",0,1,"",1,""
"BP","GO:0097006","regulation of plasma lipoprotein particle levels",0,34,75,7231,0,"0/75","34/7231",0,1,"",1,""
"BP","GO:0097009","energy homeostasis",0,33,75,7231,0,"0/75","33/7231",0,1,"",1,""
"CC","GO:0097014","ciliary plasm",0,44,75,7294,0,"0/75","44/7294",0,1,"",1,""
"BP","GO:0097035","regulation of membrane lipid distribution",0,25,75,7231,0,"0/75","25/7231",0,1,"",1,""
"BP","GO:0097049","motor neuron apoptotic process",0,17,75,7231,0,"0/75","17/7231",0,1,"",1,""
"BP","GO:0097050","type B pancreatic cell apoptotic process",0,10,75,7231,0,"0/75","10/7231",0,1,"",1,""
"BP","GO:0097062","dendritic spine maintenance",0,22,75,7231,0,"0/75","22/7231",0,1,"",1,""
"BP","GO:0097090","presynaptic membrane organization",0,12,75,7231,0,"0/75","12/7231",0,1,"",1,""
"BP","GO:0097091","synaptic vesicle clustering",0,19,75,7231,0,"0/75","19/7231",0,1,"",1,""
"BP","GO:0097104","postsynaptic membrane assembly",0,10,75,7231,0,"0/75","10/7231",0,1,"",1,""
"BP","GO:0097106","postsynaptic density organization",0,39,75,7231,0,"0/75","39/7231",0,1,"",1,""
"BP","GO:0097107","postsynaptic density assembly",0,23,75,7231,0,"0/75","23/7231",0,1,"",1,""
"MF","GO:0097110","scaffold protein binding",0,66,72,7153,0,"0/72","66/7153",0,1,"",1,""
"BP","GO:0097113","AMPA glutamate receptor clustering",0,12,75,7231,0,"0/75","12/7231",0,1,"",1,""
"BP","GO:0097120","receptor localization to synapse",0,77,75,7231,0,"0/75","77/7231",0,1,"",1,""
"BP","GO:0097164","ammonium ion metabolic process",0,14,75,7231,0,"0/75","14/7231",0,1,"",1,""
"BP","GO:0097178","ruffle assembly",0,33,75,7231,0,"0/75","33/7231",0,1,"",1,""
"BP","GO:0097191","extrinsic apoptotic signaling pathway",0,114,75,7231,0,"0/75","114/7231",0,1,"",1,""
"BP","GO:0097192","extrinsic apoptotic signaling pathway in absence of ligand",0,32,75,7231,0,"0/75","32/7231",0,1,"",1,""
"BP","GO:0097205","renal filtration",0,11,75,7231,0,"0/75","11/7231",0,1,"",1,""
"BP","GO:0097212","lysosomal membrane organization",0,11,75,7231,0,"0/75","11/7231",0,1,"",1,""
"CC","GO:0097225","sperm midpiece",0,19,75,7294,0,"0/75","19/7294",0,1,"",1,""
"BP","GO:0097242","amyloid-beta clearance",0,24,75,7231,0,"0/75","24/7231",0,1,"",1,""
"BP","GO:0097284","hepatocyte apoptotic process",0,17,75,7231,0,"0/75","17/7231",0,1,"",1,""
"BP","GO:0097306","cellular response to alcohol",0,43,75,7231,0,"0/75","43/7231",0,1,"",1,""
"BP","GO:0097320","plasma membrane tubulation",0,15,75,7231,0,"0/75","15/7231",0,1,"",1,""
"CC","GO:0097346","INO80-type complex",0,13,75,7294,0,"0/75","13/7294",0,1,"",1,""
"BP","GO:0097352","autophagosome maturation",0,40,75,7231,0,"0/75","40/7231",0,1,"",1,""
"CC","GO:0097386","glial cell projection",0,36,75,7294,0,"0/75","36/7294",0,1,"",1,""
"BP","GO:0097396","response to interleukin-17",0,11,75,7231,0,"0/75","11/7231",0,1,"",1,""
"BP","GO:0097401","synaptic vesicle lumen acidification",0,15,75,7231,0,"0/75","15/7231",0,1,"",1,""
"BP","GO:0097428","protein maturation by iron-sulfur cluster transfer",0,13,75,7231,0,"0/75","13/7231",0,1,"",1,""
"CC","GO:0097431","mitotic spindle pole",0,18,75,7294,0,"0/75","18/7294",0,1,"",1,""
"CC","GO:0097440","apical dendrite",0,27,75,7294,0,"0/75","27/7294",0,1,"",1,""
"CC","GO:0097449","astrocyte projection",0,19,75,7294,0,"0/75","19/7294",0,1,"",1,""
"CC","GO:0097470","ribbon synapse",0,27,75,7294,0,"0/75","27/7294",0,1,"",1,""
"MF","GO:0097472","cyclin-dependent protein kinase activity",0,13,72,7153,0,"0/72","13/7153",0,1,"",1,""
"BP","GO:0097484","dendrite extension",0,33,75,7231,0,"0/75","33/7231",0,1,"",1,""
"BP","GO:0097485","neuron projection guidance",0,131,75,7231,0,"0/75","131/7231",0,1,"",1,""
"BP","GO:0097494","regulation of vesicle size",0,18,75,7231,0,"0/75","18/7231",0,1,"",1,""
"CC","GO:0097517","contractile actin filament bundle",0,64,75,7294,0,"0/75","64/7294",0,1,"",1,""
"CC","GO:0097525","spliceosomal snRNP complex",0,57,75,7294,0,"0/75","57/7294",0,1,"",1,""
"CC","GO:0097526","spliceosomal tri-snRNP complex",0,32,75,7294,0,"0/75","32/7294",0,1,"",1,""
"BP","GO:0097529","myeloid leukocyte migration",0,85,75,7231,0,"0/75","85/7231",0,1,"",1,""
"BP","GO:0097530","granulocyte migration",0,52,75,7231,0,"0/75","52/7231",0,1,"",1,""
"CC","GO:0097546","ciliary base",0,18,75,7294,0,"0/75","18/7294",0,1,"",1,""
"BP","GO:0097553","calcium ion transmembrane import into cytosol",0,87,75,7231,0,"0/75","87/7231",0,1,"",1,""
"BP","GO:0097576","vacuole fusion",0,11,75,7231,0,"0/75","11/7231",0,1,"",1,""
"MF","GO:0097602","cullin family protein binding",0,17,72,7153,0,"0/72","17/7153",0,1,"",1,""
"BP","GO:0097688","glutamate receptor clustering",0,12,75,7231,0,"0/75","12/7231",0,1,"",1,""
"BP","GO:0097696","receptor signaling pathway via STAT",0,55,75,7231,0,"0/75","55/7231",0,1,"",1,""
"MF","GO:0097718","disordered domain specific binding",0,23,72,7153,0,"0/72","23/7153",0,1,"",1,""
"BP","GO:0097720","calcineurin-mediated signaling",0,24,75,7231,0,"0/75","24/7231",0,1,"",1,""
"BP","GO:0097722","sperm motility",0,30,75,7231,0,"0/75","30/7231",0,1,"",1,""
"CC","GO:0097729","9+2 motile cilium",0,49,75,7294,0,"0/75","49/7294",0,1,"",1,""
"CC","GO:0097730","non-motile cilium",0,59,75,7294,0,"0/75","59/7294",0,1,"",1,""
"CC","GO:0097731","9+0 non-motile cilium",0,49,75,7294,0,"0/75","49/7294",0,1,"",1,""
"CC","GO:0097733","photoreceptor cell cilium",0,44,75,7294,0,"0/75","44/7294",0,1,"",1,""
"BP","GO:0097734","extracellular exosome biogenesis",0,19,75,7231,0,"0/75","19/7231",0,1,"",1,""
"MF","GO:0097747","RNA polymerase activity",0,10,72,7153,0,"0/72","10/7153",0,1,"",1,""
"CC","GO:0098574","cytoplasmic side of lysosomal membrane",0,10,75,7294,0,"0/75","10/7294",0,1,"",1,""
"CC","GO:0098576","lumenal side of membrane",0,13,75,7294,0,"0/75","13/7294",0,1,"",1,""
"BP","GO:0098586","cellular response to virus",0,20,75,7231,0,"0/75","20/7231",0,1,"",1,""
"MF","GO:0098599","palmitoyl hydrolase activity",0,10,72,7153,0,"0/72","10/7153",0,1,"",1,""
"MF","GO:0098631","cell adhesion mediator activity",0,24,72,7153,0,"0/72","24/7153",0,1,"",1,""
"MF","GO:0098632","cell-cell adhesion mediator activity",0,19,72,7153,0,"0/72","19/7153",0,1,"",1,""
"CC","GO:0098636","protein complex involved in cell adhesion",0,28,75,7294,0,"0/75","28/7294",0,1,"",1,""
"BP","GO:0098656","monoatomic anion transmembrane transport",0,52,75,7231,0,"0/75","52/7231",0,1,"",1,""
"BP","GO:0098659","inorganic cation import across plasma membrane",0,61,75,7231,0,"0/75","61/7231",0,1,"",1,""
"BP","GO:0098661","inorganic anion transmembrane transport",0,46,75,7231,0,"0/75","46/7231",0,1,"",1,""
"CC","GO:0098684","photoreceptor ribbon synapse",0,16,75,7294,0,"0/75","16/7294",0,1,"",1,""
"CC","GO:0098688","parallel fiber to Purkinje cell synapse",0,31,75,7294,0,"0/75","31/7294",0,1,"",1,""
"CC","GO:0098690","glycinergic synapse",0,13,75,7294,0,"0/75","13/7294",0,1,"",1,""
"CC","GO:0098691","dopaminergic synapse",0,10,75,7294,0,"0/75","10/7294",0,1,"",1,""
"BP","GO:0098693","regulation of synaptic vesicle cycle",0,17,75,7231,0,"0/75","17/7231",0,1,"",1,""
"BP","GO:0098696","regulation of neurotransmitter receptor localization to postsynaptic specialization membrane",0,17,75,7231,0,"0/75","17/7231",0,1,"",1,""
"BP","GO:0098698","postsynaptic specialization assembly",0,32,75,7231,0,"0/75","32/7231",0,1,"",1,""
"BP","GO:0098703","calcium ion import across plasma membrane",0,19,75,7231,0,"0/75","19/7231",0,1,"",1,""
"BP","GO:0098712","L-glutamate import across plasma membrane",0,15,75,7231,0,"0/75","15/7231",0,1,"",1,""
"BP","GO:0098732","macromolecule deacylation",0,47,75,7231,0,"0/75","47/7231",0,1,"",1,""
"BP","GO:0098734","macromolecule depalmitoylation",0,10,75,7231,0,"0/75","10/7231",0,1,"",1,""
"BP","GO:0098739","import across plasma membrane",0,113,75,7231,0,"0/75","113/7231",0,1,"",1,""
"BP","GO:0098742","cell-cell adhesion via plasma-membrane adhesion molecules",0,111,75,7231,0,"0/75","111/7231",0,1,"",1,""
"BP","GO:0098760","response to interleukin-7",0,15,75,7231,0,"0/75","15/7231",0,1,"",1,""
"BP","GO:0098761","cellular response to interleukin-7",0,15,75,7231,0,"0/75","15/7231",0,1,"",1,""
"BP","GO:0098780","response to mitochondrial depolarisation",0,16,75,7231,0,"0/75","16/7231",0,1,"",1,""
"CC","GO:0098798","mitochondrial protein-containing complex",0,256,75,7294,0,"0/75","256/7294",0,1,"",1,""
"CC","GO:0098799","outer mitochondrial membrane protein complex",0,11,75,7294,0,"0/75","11/7294",0,1,"",1,""
"CC","GO:0098800","inner mitochondrial membrane protein complex",0,125,75,7294,0,"0/75","125/7294",0,1,"",1,""
"CC","GO:0098802","plasma membrane signaling receptor complex",0,83,75,7294,0,"0/75","83/7294",0,1,"",1,""
"CC","GO:0098803","respiratory chain complex",0,75,75,7294,0,"0/75","75/7294",0,1,"",1,""
"BP","GO:0098810","neurotransmitter reuptake",0,18,75,7231,0,"0/75","18/7231",0,1,"",1,""
"BP","GO:0098813","nuclear chromosome segregation",0,132,75,7231,0,"0/75","132/7231",0,1,"",1,""
"BP","GO:0098814","spontaneous synaptic transmission",0,13,75,7231,0,"0/75","13/7231",0,1,"",1,""
"BP","GO:0098815","modulation of excitatory postsynaptic potential",0,44,75,7231,0,"0/75","44/7231",0,1,"",1,""
"CC","GO:0098831","presynaptic active zone cytoplasmic component",0,21,75,7294,0,"0/75","21/7294",0,1,"",1,""
"CC","GO:0098833","presynaptic endocytic zone",0,18,75,7294,0,"0/75","18/7294",0,1,"",1,""
"CC","GO:0098835","presynaptic endocytic zone membrane",0,14,75,7294,0,"0/75","14/7294",0,1,"",1,""
"BP","GO:0098840","protein transport along microtubule",0,15,75,7231,0,"0/75","15/7231",0,1,"",1,""
"CC","GO:0098845","postsynaptic endosome",0,15,75,7294,0,"0/75","15/7294",0,1,"",1,""
"MF","GO:0098847","sequence-specific single stranded DNA binding",0,10,72,7153,0,"0/72","10/7153",0,1,"",1,""
"CC","GO:0098850","extrinsic component of synaptic vesicle membrane",0,21,75,7294,0,"0/75","21/7294",0,1,"",1,""
"BP","GO:0098856","intestinal lipid absorption",0,10,75,7231,0,"0/75","10/7231",0,1,"",1,""
"CC","GO:0098862","cluster of actin-based cell projections",0,94,75,7294,0,"0/75","94/7294",0,1,"",1,""
"BP","GO:0098868","bone growth",0,10,75,7231,0,"0/75","10/7231",0,1,"",1,""
"BP","GO:0098877","neurotransmitter receptor transport to plasma membrane",0,22,75,7231,0,"0/75","22/7231",0,1,"",1,""
"CC","GO:0098878","neurotransmitter receptor complex",0,36,75,7294,0,"0/75","36/7294",0,1,"",1,""
"MF","GO:0098879","structural constituent of postsynaptic specialization",0,12,72,7153,0,"0/72","12/7153",0,1,"",1,""
"BP","GO:0098883","synapse pruning",0,12,75,7231,0,"0/75","12/7231",0,1,"",1,""
"BP","GO:0098884","postsynaptic neurotransmitter receptor internalization",0,33,75,7231,0,"0/75","33/7231",0,1,"",1,""
"BP","GO:0098885","modification of postsynaptic actin cytoskeleton",0,20,75,7231,0,"0/75","20/7231",0,1,"",1,""
"BP","GO:0098887","neurotransmitter receptor transport, endosome to postsynaptic membrane",0,10,75,7231,0,"0/75","10/7231",0,1,"",1,""
"CC","GO:0098888","extrinsic component of presynaptic membrane",0,15,75,7294,0,"0/75","15/7294",0,1,"",1,""
"CC","GO:0098890","extrinsic component of postsynaptic membrane",0,15,75,7294,0,"0/75","15/7294",0,1,"",1,""
"BP","GO:0098900","regulation of action potential",0,38,75,7231,0,"0/75","38/7231",0,1,"",1,""
"BP","GO:0098901","regulation of cardiac muscle cell action potential",0,15,75,7231,0,"0/75","15/7231",0,1,"",1,""
"BP","GO:0098917","retrograde trans-synaptic signaling",0,13,75,7231,0,"0/75","13/7231",0,1,"",1,""
"MF","GO:0098918","structural constituent of synapse",0,34,72,7153,0,"0/72","34/7153",0,1,"",1,""
"MF","GO:0098919","structural constituent of postsynaptic density",0,11,72,7153,0,"0/72","11/7153",0,1,"",1,""
"BP","GO:0098926","postsynaptic signal transduction",0,40,75,7231,0,"0/75","40/7231",0,1,"",1,""
"BP","GO:0098927","vesicle-mediated transport between endosomal compartments",0,40,75,7231,0,"0/75","40/7231",0,1,"",1,""
"BP","GO:0098935","dendritic transport",0,12,75,7231,0,"0/75","12/7231",0,1,"",1,""
"BP","GO:0098953","receptor diffusion trapping",0,13,75,7231,0,"0/75","13/7231",0,1,"",1,""
"MF","GO:0098960","postsynaptic neurotransmitter receptor activity",0,36,72,7153,0,"0/72","36/7153",0,1,"",1,""
"BP","GO:0098962","regulation of postsynaptic neurotransmitter receptor activity",0,18,75,7231,0,"0/75","18/7231",0,1,"",1,""
"CC","GO:0098966","perisynaptic extracellular matrix",0,11,75,7294,0,"0/75","11/7294",0,1,"",1,""
"BP","GO:0098969","neurotransmitter receptor transport to postsynaptic membrane",0,21,75,7231,0,"0/75","21/7231",0,1,"",1,""
"BP","GO:0098970","postsynaptic neurotransmitter receptor diffusion trapping",0,12,75,7231,0,"0/75","12/7231",0,1,"",1,""
"BP","GO:0098974","postsynaptic actin cytoskeleton organization",0,22,75,7231,0,"0/75","22/7231",0,1,"",1,""
"CC","GO:0098981","cholinergic synapse",0,12,75,7294,0,"0/75","12/7294",0,1,"",1,""
"CC","GO:0098982","GABA-ergic synapse",0,114,75,7294,0,"0/75","114/7294",0,1,"",1,""
"CC","GO:0098985","asymmetric, glutamatergic, excitatory synapse",0,14,75,7294,0,"0/75","14/7294",0,1,"",1,""
"CC","GO:0098992","neuronal dense core vesicle",0,21,75,7294,0,"0/75","21/7294",0,1,"",1,""
"BP","GO:0099004","calmodulin dependent kinase signaling pathway",0,11,75,7231,0,"0/75","11/7231",0,1,"",1,""
"BP","GO:0099010","modification of postsynaptic structure",0,32,75,7231,0,"0/75","32/7231",0,1,"",1,""
"BP","GO:0099022","vesicle tethering",0,26,75,7231,0,"0/75","26/7231",0,1,"",1,""
"CC","GO:0099023","vesicle tethering complex",0,57,75,7294,0,"0/75","57/7294",0,1,"",1,""
"BP","GO:0099024","plasma membrane invagination",0,39,75,7231,0,"0/75","39/7231",0,1,"",1,""
"BP","GO:0099054","presynapse assembly",0,45,75,7231,0,"0/75","45/7231",0,1,"",1,""
"BP","GO:0099068","postsynapse assembly",0,43,75,7231,0,"0/75","43/7231",0,1,"",1,""
"BP","GO:0099072","regulation of postsynaptic membrane neurotransmitter receptor levels",0,115,75,7231,0,"0/75","115/7231",0,1,"",1,""
"BP","GO:0099084","postsynaptic specialization organization",0,48,75,7231,0,"0/75","48/7231",0,1,"",1,""
"MF","GO:0099094","ligand-gated monoatomic cation channel activity",0,40,72,7153,0,"0/72","40/7153",0,1,"",1,""
"MF","GO:0099095","ligand-gated monoatomic anion channel activity",0,14,72,7153,0,"0/72","14/7153",0,1,"",1,""
"MF","GO:0099106","ion channel regulator activity",0,82,72,7153,0,"0/72","82/7153",0,1,"",1,""
"BP","GO:0099118","microtubule-based protein transport",0,15,75,7231,0,"0/75","15/7231",0,1,"",1,""
"BP","GO:0099149","regulation of postsynaptic neurotransmitter receptor internalization",0,24,75,7231,0,"0/75","24/7231",0,1,"",1,""
"BP","GO:0099150","regulation of postsynaptic specialization assembly",0,16,75,7231,0,"0/75","16/7231",0,1,"",1,""
"BP","GO:0099151","regulation of postsynaptic density assembly",0,13,75,7231,0,"0/75","13/7231",0,1,"",1,""
"BP","GO:0099159","regulation of modification of postsynaptic structure",0,17,75,7231,0,"0/75","17/7231",0,1,"",1,""
"BP","GO:0099170","postsynaptic modulation of chemical synaptic transmission",0,28,75,7231,0,"0/75","28/7231",0,1,"",1,""
"BP","GO:0099172","presynapse organization",0,52,75,7231,0,"0/75","52/7231",0,1,"",1,""
"BP","GO:0099174","regulation of presynapse organization",0,35,75,7231,0,"0/75","35/7231",0,1,"",1,""
"MF","GO:0099186","structural constituent of postsynapse",0,24,72,7153,0,"0/72","24/7153",0,1,"",1,""
"BP","GO:0099188","postsynaptic cytoskeleton organization",0,22,75,7231,0,"0/75","22/7231",0,1,"",1,""
"CC","GO:0099243","extrinsic component of synaptic membrane",0,30,75,7294,0,"0/75","30/7294",0,1,"",1,""
"BP","GO:0099500","vesicle fusion to plasma membrane",0,28,75,7231,0,"0/75","28/7231",0,1,"",1,""
"BP","GO:0099502","calcium-dependent activation of synaptic vesicle fusion",0,13,75,7231,0,"0/75","13/7231",0,1,"",1,""
"MF","GO:0099507","ligand-gated monoatomic ion channel activity involved in regulation of presynaptic membrane potential",0,18,72,7153,0,"0/72","18/7153",0,1,"",1,""
"MF","GO:0099508","voltage-gated monoatomic ion channel activity involved in regulation of presynaptic membrane potential",0,15,72,7153,0,"0/72","15/7153",0,1,"",1,""
"BP","GO:0099509","regulation of presynaptic cytosolic calcium ion concentration",0,14,75,7231,0,"0/75","14/7231",0,1,"",1,""
"BP","GO:0099515","actin filament-based transport",0,12,75,7231,0,"0/75","12/7231",0,1,"",1,""
"BP","GO:0099519","dense core granule cytoskeletal transport",0,11,75,7231,0,"0/75","11/7231",0,1,"",1,""
"CC","GO:0099522","cytosolic region",0,48,75,7294,0,"0/75","48/7294",0,1,"",1,""
"CC","GO:0099523","presynaptic cytosol",0,32,75,7294,0,"0/75","32/7294",0,1,"",1,""
"CC","GO:0099524","postsynaptic cytosol",0,27,75,7294,0,"0/75","27/7294",0,1,"",1,""
"BP","GO:0099525","presynaptic dense core vesicle exocytosis",0,10,75,7231,0,"0/75","10/7231",0,1,"",1,""
"BP","GO:0099527","postsynapse to nucleus signaling pathway",0,13,75,7231,0,"0/75","13/7231",0,1,"",1,""
"MF","GO:0099529","neurotransmitter receptor activity involved in regulation of postsynaptic membrane potential",0,29,72,7153,0,"0/72","29/7153",0,1,"",1,""
"BP","GO:0099532","synaptic vesicle endosomal processing",0,11,75,7231,0,"0/75","11/7231",0,1,"",1,""
"CC","GO:0099535","synapse-associated extracellular matrix",0,12,75,7294,0,"0/75","12/7294",0,1,"",1,""
"BP","GO:0099545","trans-synaptic signaling by trans-synaptic complex",0,11,75,7231,0,"0/75","11/7231",0,1,"",1,""
"BP","GO:0099550","trans-synaptic signaling, modulating synaptic transmission",0,13,75,7231,0,"0/75","13/7231",0,1,"",1,""
"BP","GO:0099558","maintenance of synapse structure",0,24,75,7231,0,"0/75","24/7231",0,1,"",1,""
"BP","GO:0099560","synaptic membrane adhesion",0,33,75,7231,0,"0/75","33/7231",0,1,"",1,""
"BP","GO:0099563","modification of synaptic structure",0,38,75,7231,0,"0/75","38/7231",0,1,"",1,""
"CC","GO:0099568","cytoplasmic region",0,121,75,7294,0,"0/75","121/7294",0,1,"",1,""
"CC","GO:0099569","presynaptic cytoskeleton",0,12,75,7294,0,"0/75","12/7294",0,1,"",1,""
"BP","GO:0099587","inorganic ion import across plasma membrane",0,61,75,7231,0,"0/75","61/7231",0,1,"",1,""
"BP","GO:0099590","neurotransmitter receptor internalization",0,39,75,7231,0,"0/75","39/7231",0,1,"",1,""
"BP","GO:0099601","regulation of neurotransmitter receptor activity",0,52,75,7231,0,"0/75","52/7231",0,1,"",1,""
"MF","GO:0099604","ligand-gated calcium channel activity",0,12,72,7153,0,"0/72","12/7153",0,1,"",1,""
"BP","GO:0099612","protein localization to axon",0,10,75,7231,0,"0/75","10/7231",0,1,"",1,""
"BP","GO:0099622","cardiac muscle cell membrane repolarization",0,15,75,7231,0,"0/75","15/7231",0,1,"",1,""
"BP","GO:0099623","regulation of cardiac muscle cell membrane repolarization",0,13,75,7231,0,"0/75","13/7231",0,1,"",1,""
"BP","GO:0099625","ventricular cardiac muscle cell membrane repolarization",0,12,75,7231,0,"0/75","12/7231",0,1,"",1,""
"BP","GO:0099628","neurotransmitter receptor diffusion trapping",0,12,75,7231,0,"0/75","12/7231",0,1,"",1,""
"BP","GO:0099633","protein localization to postsynaptic specialization membrane",0,36,75,7231,0,"0/75","36/7231",0,1,"",1,""
"BP","GO:0099637","neurotransmitter receptor transport",0,30,75,7231,0,"0/75","30/7231",0,1,"",1,""
"BP","GO:0099638","endosome to plasma membrane protein transport",0,18,75,7231,0,"0/75","18/7231",0,1,"",1,""
"BP","GO:0099639","neurotransmitter receptor transport, endosome to plasma membrane",0,10,75,7231,0,"0/75","10/7231",0,1,"",1,""
"BP","GO:0099640","axo-dendritic protein transport",0,11,75,7231,0,"0/75","11/7231",0,1,"",1,""
"BP","GO:0099645","neurotransmitter receptor localization to postsynaptic specialization membrane",0,36,75,7231,0,"0/75","36/7231",0,1,"",1,""
"CC","GO:0099738","cell cortex region",0,33,75,7294,0,"0/75","33/7294",0,1,"",1,""
"CC","GO:0101019","nucleolar exosome (RNase complex)",0,10,75,7294,0,"0/75","10/7294",0,1,"",1,""
"BP","GO:0101023","vascular endothelial cell proliferation",0,13,75,7231,0,"0/75","13/7231",0,1,"",1,""
"CC","GO:0101031","protein folding chaperone complex",0,31,75,7294,0,"0/75","31/7294",0,1,"",1,""
"MF","GO:0102991","myristoyl-CoA hydrolase activity",0,11,72,7153,0,"0/72","11/7153",0,1,"",1,""
"MF","GO:0106019","phosphatidylinositol-4,5-bisphosphate phosphatase activity",0,10,72,7153,0,"0/72","10/7153",0,1,"",1,""
"BP","GO:0106030","neuron projection fasciculation",0,18,75,7231,0,"0/75","18/7231",0,1,"",1,""
"BP","GO:0106056","regulation of calcineurin-mediated signaling",0,22,75,7231,0,"0/75","22/7231",0,1,"",1,""
"BP","GO:0106057","negative regulation of calcineurin-mediated signaling",0,11,75,7231,0,"0/75","11/7231",0,1,"",1,""
"BP","GO:0106070","regulation of adenylate cyclase-activating G protein-coupled receptor signaling pathway",0,10,75,7231,0,"0/75","10/7231",0,1,"",1,""
"BP","GO:0106106","cold-induced thermogenesis",0,63,75,7231,0,"0/75","63/7231",0,1,"",1,""
"MF","GO:0106222","lncRNA binding",0,14,72,7153,0,"0/72","14/7153",0,1,"",1,""
"MF","GO:0106310","protein serine kinase activity",0,11,72,7153,0,"0/72","11/7153",0,1,"",1,""
"BP","GO:0106380","purine ribonucleotide salvage",0,15,75,7231,0,"0/75","15/7231",0,1,"",1,""
"BP","GO:0110011","regulation of basement membrane organization",0,10,75,7231,0,"0/75","10/7231",0,1,"",1,""
"BP","GO:0110020","regulation of actomyosin structure organization",0,72,75,7231,0,"0/75","72/7231",0,1,"",1,""
"BP","GO:0110156","methylguanosine-cap decapping",0,13,75,7231,0,"0/75","13/7231",0,1,"",1,""
"MF","GO:0120013","lipid transfer activity",0,32,72,7153,0,"0/72","32/7153",0,1,"",1,""
"MF","GO:0120014","phospholipid transfer activity",0,16,72,7153,0,"0/72","16/7153",0,1,"",1,""
"MF","GO:0120015","sterol transfer activity",0,15,72,7153,0,"0/72","15/7153",0,1,"",1,""
"MF","GO:0120020","cholesterol transfer activity",0,14,72,7153,0,"0/72","14/7153",0,1,"",1,""
"BP","GO:0120034","positive regulation of plasma membrane bounded cell projection assembly",0,72,75,7231,0,"0/75","72/7231",0,1,"",1,""
"CC","GO:0120111","neuron projection cytoplasm",0,45,75,7294,0,"0/75","45/7294",0,1,"",1,""
"CC","GO:0120114","Sm-like protein family complex",0,72,75,7294,0,"0/75","72/7294",0,1,"",1,""
"BP","GO:0120161","regulation of cold-induced thermogenesis",0,62,75,7231,0,"0/75","62/7231",0,1,"",1,""
"BP","GO:0120162","positive regulation of cold-induced thermogenesis",0,36,75,7231,0,"0/75","36/7231",0,1,"",1,""
"BP","GO:0120163","negative regulation of cold-induced thermogenesis",0,24,75,7231,0,"0/75","24/7231",0,1,"",1,""
"BP","GO:0120178","steroid hormone biosynthetic process",0,13,75,7231,0,"0/75","13/7231",0,1,"",1,""
"BP","GO:0120192","tight junction assembly",0,31,75,7231,0,"0/75","31/7231",0,1,"",1,""
"BP","GO:0120193","tight junction organization",0,32,75,7231,0,"0/75","32/7231",0,1,"",1,""
"MF","GO:0120227","acyl-CoA binding",0,18,72,7153,0,"0/72","18/7153",0,1,"",1,""
"BP","GO:0120254","olefinic compound metabolic process",0,40,75,7231,0,"0/75","40/7231",0,1,"",1,""
"MF","GO:0120283","protein serine/threonine kinase binding",0,14,72,7153,0,"0/72","14/7153",0,1,"",1,""
"BP","GO:0140013","meiotic nuclear division",0,34,75,7231,0,"0/75","34/7231",0,1,"",1,""
"BP","GO:0140014","mitotic nuclear division",0,119,75,7231,0,"0/75","119/7231",0,1,"",1,""
"BP","GO:0140029","exocytic process",0,84,75,7231,0,"0/75","84/7231",0,1,"",1,""
"MF","GO:0140033","acetylation-dependent protein binding",0,11,72,7153,0,"0/72","11/7153",0,1,"",1,""
"MF","GO:0140035","ubiquitination-like modification-dependent protein binding",0,14,72,7153,0,"0/72","14/7153",0,1,"",1,""
"MF","GO:0140036","ubiquitin-dependent protein binding",0,13,72,7153,0,"0/72","13/7153",0,1,"",1,""
"BP","GO:0140053","mitochondrial gene expression",0,135,75,7231,0,"0/75","135/7231",0,1,"",1,""
"BP","GO:0140056","organelle localization by membrane tethering",0,65,75,7231,0,"0/75","65/7231",0,1,"",1,""
"BP","GO:0140058","neuron projection arborization",0,24,75,7231,0,"0/75","24/7231",0,1,"",1,""
"BP","GO:0140059","dendrite arborization",0,11,75,7231,0,"0/75","11/7231",0,1,"",1,""
"MF","GO:0140104","molecular carrier activity",0,67,72,7153,0,"0/72","67/7153",0,1,"",1,""
"BP","GO:0140112","extracellular vesicle biogenesis",0,19,75,7231,0,"0/75","19/7231",0,1,"",1,""
"BP","GO:0140115","export across plasma membrane",0,37,75,7231,0,"0/75","37/7231",0,1,"",1,""
"MF","GO:0140142","nucleocytoplasmic carrier activity",0,24,72,7153,0,"0/72","24/7153",0,1,"",1,""
"MF","GO:0140223","general transcription initiation factor activity",0,19,72,7153,0,"0/72","19/7153",0,1,"",1,""
"BP","GO:0140236","translation at presynapse",0,44,75,7231,0,"0/75","44/7231",0,1,"",1,""
"BP","GO:0140238","presynaptic endocytosis",0,74,75,7231,0,"0/75","74/7231",0,1,"",1,""
"BP","GO:0140239","postsynaptic endocytosis",0,33,75,7231,0,"0/75","33/7231",0,1,"",1,""
"BP","GO:0140241","translation at synapse",0,45,75,7231,0,"0/75","45/7231",0,1,"",1,""
"BP","GO:0140242","translation at postsynapse",0,45,75,7231,0,"0/75","45/7231",0,1,"",1,""
"BP","GO:0140253","cell-cell fusion",0,24,75,7231,0,"0/75","24/7231",0,1,"",1,""
"MF","GO:0140303","intramembrane lipid transporter activity",0,23,72,7153,0,"0/72","23/7153",0,1,"",1,""
"MF","GO:0140312","cargo adaptor activity",0,15,72,7153,0,"0/72","15/7153",0,1,"",1,""
"MF","GO:0140313","molecular sequestering activity",0,19,72,7153,0,"0/72","19/7153",0,1,"",1,""
"MF","GO:0140318","protein transporter activity",0,25,72,7153,0,"0/72","25/7153",0,1,"",1,""
"MF","GO:0140326","ATPase-coupled intramembrane lipid transporter activity",0,15,72,7153,0,"0/72","15/7153",0,1,"",1,""
"BP","GO:0140353","lipid export from cell",0,16,75,7231,0,"0/75","16/7231",0,1,"",1,""
"BP","GO:0140354","lipid import into cell",0,20,75,7231,0,"0/75","20/7231",0,1,"",1,""
"MF","GO:0140358","P-type transmembrane transporter activity",0,20,72,7153,0,"0/72","20/7153",0,1,"",1,""
"MF","GO:0140359","ABC-type transporter activity",0,24,72,7153,0,"0/72","24/7153",0,1,"",1,""
"BP","GO:0140374","antiviral innate immune response",0,17,75,7231,0,"0/75","17/7231",0,1,"",1,""
"MF","GO:0140375","immune receptor activity",0,14,72,7153,0,"0/72","14/7153",0,1,"",1,""
"BP","GO:0140448","signaling receptor ligand precursor processing",0,16,75,7231,0,"0/75","16/7231",0,1,"",1,""
"BP","GO:0140467","integrated stress response signaling",0,14,75,7231,0,"0/75","14/7231",0,1,"",1,""
"BP","GO:0140546","defense response to symbiont",0,113,75,7231,0,"0/75","113/7231",0,1,"",1,""
"MF","GO:0140597","protein carrier chaperone",0,27,72,7153,0,"0/72","27/7153",0,1,"",1,""
"BP","GO:0140632","canonical inflammasome complex assembly",0,19,75,7231,0,"0/75","19/7231",0,1,"",1,""
"MF","GO:0140657","ATP-dependent activity",0,279,72,7153,0,"0/72","279/7153",0,1,"",1,""
"MF","GO:0140658","ATP-dependent chromatin remodeler activity",0,14,72,7153,0,"0/72","14/7153",0,1,"",1,""
"MF","GO:0140662","ATP-dependent protein folding chaperone",0,26,72,7153,0,"0/72","26/7153",0,1,"",1,""
"MF","GO:0140693","molecular condensate scaffold activity",0,19,72,7153,0,"0/72","19/7153",0,1,"",1,""
"BP","GO:0140718","facultative heterochromatin formation",0,15,75,7231,0,"0/75","15/7231",0,1,"",1,""
"MF","GO:0140828","metal cation:monoatomic cation antiporter activity",0,21,72,7153,0,"0/72","21/7153",0,1,"",1,""
"BP","GO:0140861","DNA repair-dependent chromatin remodeling",0,12,75,7231,0,"0/75","12/7231",0,1,"",1,""
"BP","GO:0140888","interferon-mediated signaling pathway",0,35,75,7231,0,"0/75","35/7231",0,1,"",1,""
"BP","GO:0140895","cell surface toll-like receptor signaling pathway",0,21,75,7231,0,"0/75","21/7231",0,1,"",1,""
"MF","GO:0140938","histone H3 methyltransferase activity",0,14,72,7153,0,"0/72","14/7153",0,1,"",1,""
"BP","GO:0140962","multicellular organismal-level chemical homeostasis",0,25,75,7231,0,"0/75","25/7231",0,1,"",1,""
"MF","GO:0140994","RNA polymerase II CTD heptapeptide repeat modifying activity",0,10,72,7153,0,"0/72","10/7153",0,1,"",1,""
"BP","GO:0141084","inflammasome-mediated signaling pathway",0,20,75,7231,0,"0/75","20/7231",0,1,"",1,""
"BP","GO:0141085","regulation of inflammasome-mediated signaling pathway",0,19,75,7231,0,"0/75","19/7231",0,1,"",1,""
"BP","GO:0141087","positive regulation of inflammasome-mediated signaling pathway",0,12,75,7231,0,"0/75","12/7231",0,1,"",1,""
"CC","GO:0150005","enzyme activator complex",0,12,75,7294,0,"0/75","12/7294",0,1,"",1,""
"BP","GO:0150011","regulation of neuron projection arborization",0,10,75,7231,0,"0/75","10/7231",0,1,"",1,""
"BP","GO:0150077","regulation of neuroinflammatory response",0,11,75,7231,0,"0/75","11/7231",0,1,"",1,""
"BP","GO:0150104","transport across blood-brain barrier",0,12,75,7231,0,"0/75","12/7231",0,1,"",1,""
"BP","GO:0150105","protein localization to cell-cell junction",0,17,75,7231,0,"0/75","17/7231",0,1,"",1,""
"BP","GO:0150118","negative regulation of cell-substrate junction organization",0,13,75,7231,0,"0/75","13/7231",0,1,"",1,""
"BP","GO:0150146","cell junction disassembly",0,19,75,7231,0,"0/75","19/7231",0,1,"",1,""
"BP","GO:0198738","cell-cell signaling by wnt",0,185,75,7231,0,"0/75","185/7231",0,1,"",1,""
"BP","GO:1900006","positive regulation of dendrite development",0,15,75,7231,0,"0/75","15/7231",0,1,"",1,""
"BP","GO:1900015","regulation of cytokine production involved in inflammatory response",0,20,75,7231,0,"0/75","20/7231",0,1,"",1,""
"BP","GO:1900016","negative regulation of cytokine production involved in inflammatory response",0,13,75,7231,0,"0/75","13/7231",0,1,"",1,""
"BP","GO:1900024","regulation of substrate adhesion-dependent cell spreading",0,40,75,7231,0,"0/75","40/7231",0,1,"",1,""
"BP","GO:1900026","positive regulation of substrate adhesion-dependent cell spreading",0,29,75,7231,0,"0/75","29/7231",0,1,"",1,""
"BP","GO:1900027","regulation of ruffle assembly",0,21,75,7231,0,"0/75","21/7231",0,1,"",1,""
"BP","GO:1900029","positive regulation of ruffle assembly",0,12,75,7231,0,"0/75","12/7231",0,1,"",1,""
"BP","GO:1900037","regulation of cellular response to hypoxia",0,18,75,7231,0,"0/75","18/7231",0,1,"",1,""
"BP","GO:1900038","negative regulation of cellular response to hypoxia",0,11,75,7231,0,"0/75","11/7231",0,1,"",1,""
"BP","GO:1900078","positive regulation of cellular response to insulin stimulus",0,22,75,7231,0,"0/75","22/7231",0,1,"",1,""
"BP","GO:1900087","positive regulation of G1/S transition of mitotic cell cycle",0,24,75,7231,0,"0/75","24/7231",0,1,"",1,""
"BP","GO:1900101","regulation of endoplasmic reticulum unfolded protein response",0,16,75,7231,0,"0/75","16/7231",0,1,"",1,""
"BP","GO:1900117","regulation of execution phase of apoptosis",0,10,75,7231,0,"0/75","10/7231",0,1,"",1,""
"BP","GO:1900120","regulation of receptor binding",0,12,75,7231,0,"0/75","12/7231",0,1,"",1,""
"BP","GO:1900147","regulation of Schwann cell migration",0,10,75,7231,0,"0/75","10/7231",0,1,"",1,""
"BP","GO:1900151","regulation of nuclear-transcribed mRNA catabolic process, deadenylation-dependent decay",0,16,75,7231,0,"0/75","16/7231",0,1,"",1,""
"BP","GO:1900180","regulation of protein localization to nucleus",0,95,75,7231,0,"0/75","95/7231",0,1,"",1,""
"BP","GO:1900181","negative regulation of protein localization to nucleus",0,25,75,7231,0,"0/75","25/7231",0,1,"",1,""
"BP","GO:1900182","positive regulation of protein localization to nucleus",0,59,75,7231,0,"0/75","59/7231",0,1,"",1,""
"BP","GO:1900225","regulation of NLRP3 inflammasome complex assembly",0,18,75,7231,0,"0/75","18/7231",0,1,"",1,""
"BP","GO:1900227","positive regulation of NLRP3 inflammasome complex assembly",0,11,75,7231,0,"0/75","11/7231",0,1,"",1,""
"BP","GO:1900242","regulation of synaptic vesicle endocytosis",0,26,75,7231,0,"0/75","26/7231",0,1,"",1,""
"BP","GO:1900244","positive regulation of synaptic vesicle endocytosis",0,12,75,7231,0,"0/75","12/7231",0,1,"",1,""
"BP","GO:1900272","negative regulation of long-term synaptic potentiation",0,10,75,7231,0,"0/75","10/7231",0,1,"",1,""
"BP","GO:1900274","regulation of phospholipase C activity",0,15,75,7231,0,"0/75","15/7231",0,1,"",1,""
"BP","GO:1900368","regulation of post-transcriptional gene silencing by regulatory ncRNA",0,15,75,7231,0,"0/75","15/7231",0,1,"",1,""
"BP","GO:1900370","positive regulation of post-transcriptional gene silencing by RNA",0,10,75,7231,0,"0/75","10/7231",0,1,"",1,""
"BP","GO:1900371","regulation of purine nucleotide biosynthetic process",0,21,75,7231,0,"0/75","21/7231",0,1,"",1,""
"BP","GO:1900373","positive regulation of purine nucleotide biosynthetic process",0,10,75,7231,0,"0/75","10/7231",0,1,"",1,""
"BP","GO:1900407","regulation of cellular response to oxidative stress",0,16,75,7231,0,"0/75","16/7231",0,1,"",1,""
"BP","GO:1900452","regulation of long-term synaptic depression",0,16,75,7231,0,"0/75","16/7231",0,1,"",1,""
"BP","GO:1900542","regulation of purine nucleotide metabolic process",0,32,75,7231,0,"0/75","32/7231",0,1,"",1,""
"BP","GO:1900544","positive regulation of purine nucleotide metabolic process",0,14,75,7231,0,"0/75","14/7231",0,1,"",1,""
"BP","GO:1900744","regulation of p38MAPK cascade",0,15,75,7231,0,"0/75","15/7231",0,1,"",1,""
"BP","GO:1900745","positive regulation of p38MAPK cascade",0,10,75,7231,0,"0/75","10/7231",0,1,"",1,""
"BP","GO:1901019","regulation of calcium ion transmembrane transporter activity",0,45,75,7231,0,"0/75","45/7231",0,1,"",1,""
"BP","GO:1901020","negative regulation of calcium ion transmembrane transporter activity",0,16,75,7231,0,"0/75","16/7231",0,1,"",1,""
"BP","GO:1901021","positive regulation of calcium ion transmembrane transporter activity",0,23,75,7231,0,"0/75","23/7231",0,1,"",1,""
"BP","GO:1901071","glucosamine-containing compound metabolic process",0,13,75,7231,0,"0/75","13/7231",0,1,"",1,""
"BP","GO:1901099","negative regulation of signal transduction in absence of ligand",0,12,75,7231,0,"0/75","12/7231",0,1,"",1,""
"BP","GO:1901136","carbohydrate derivative catabolic process",0,92,75,7231,0,"0/75","92/7231",0,1,"",1,""
"BP","GO:1901142","insulin metabolic process",0,12,75,7231,0,"0/75","12/7231",0,1,"",1,""
"BP","GO:1901160","primary amino compound metabolic process",0,12,75,7231,0,"0/75","12/7231",0,1,"",1,""
"BP","GO:1901184","regulation of ERBB signaling pathway",0,41,75,7231,0,"0/75","41/7231",0,1,"",1,""
"BP","GO:1901185","negative regulation of ERBB signaling pathway",0,22,75,7231,0,"0/75","22/7231",0,1,"",1,""
"BP","GO:1901186","positive regulation of ERBB signaling pathway",0,12,75,7231,0,"0/75","12/7231",0,1,"",1,""
"BP","GO:1901222","regulation of non-canonical NF-kappaB signal transduction",0,46,75,7231,0,"0/75","46/7231",0,1,"",1,""
"BP","GO:1901223","negative regulation of non-canonical NF-kappaB signal transduction",0,13,75,7231,0,"0/75","13/7231",0,1,"",1,""
"BP","GO:1901224","positive regulation of non-canonical NF-kappaB signal transduction",0,32,75,7231,0,"0/75","32/7231",0,1,"",1,""
"BP","GO:1901264","carbohydrate derivative transport",0,34,75,7231,0,"0/75","34/7231",0,1,"",1,""
"BP","GO:1901292","nucleoside phosphate catabolic process",0,53,75,7231,0,"0/75","53/7231",0,1,"",1,""
"BP","GO:1901385","regulation of voltage-gated calcium channel activity",0,19,75,7231,0,"0/75","19/7231",0,1,"",1,""
"MF","GO:1901505","carbohydrate derivative transmembrane transporter activity",0,22,72,7153,0,"0/72","22/7153",0,1,"",1,""
"BP","GO:1901524","regulation of mitophagy",0,10,75,7231,0,"0/75","10/7231",0,1,"",1,""
"BP","GO:1901532","regulation of hematopoietic progenitor cell differentiation",0,16,75,7231,0,"0/75","16/7231",0,1,"",1,""
"MF","GO:1901567","fatty acid derivative binding",0,17,72,7153,0,"0/72","17/7153",0,1,"",1,""
"BP","GO:1901568","fatty acid derivative metabolic process",0,24,75,7231,0,"0/75","24/7231",0,1,"",1,""
"BP","GO:1901569","fatty acid derivative catabolic process",0,10,75,7231,0,"0/75","10/7231",0,1,"",1,""
"BP","GO:1901570","fatty acid derivative biosynthetic process",0,11,75,7231,0,"0/75","11/7231",0,1,"",1,""
"BP","GO:1901605","alpha-amino acid metabolic process",0,113,75,7231,0,"0/75","113/7231",0,1,"",1,""
"BP","GO:1901606","alpha-amino acid catabolic process",0,45,75,7231,0,"0/75","45/7231",0,1,"",1,""
"BP","GO:1901607","alpha-amino acid biosynthetic process",0,41,75,7231,0,"0/75","41/7231",0,1,"",1,""
"BP","GO:1901616","organic hydroxy compound catabolic process",0,18,75,7231,0,"0/75","18/7231",0,1,"",1,""
"MF","GO:1901618","organic hydroxy compound transmembrane transporter activity",0,18,72,7153,0,"0/72","18/7153",0,1,"",1,""
"BP","GO:1901632","regulation of synaptic vesicle membrane organization",0,19,75,7231,0,"0/75","19/7231",0,1,"",1,""
"BP","GO:1901634","positive regulation of synaptic vesicle membrane organization",0,13,75,7231,0,"0/75","13/7231",0,1,"",1,""
"BP","GO:1901654","response to ketone",0,61,75,7231,0,"0/75","61/7231",0,1,"",1,""
"BP","GO:1901655","cellular response to ketone",0,44,75,7231,0,"0/75","44/7231",0,1,"",1,""
"BP","GO:1901657","glycosyl compound metabolic process",0,42,75,7231,0,"0/75","42/7231",0,1,"",1,""
"BP","GO:1901658","glycosyl compound catabolic process",0,18,75,7231,0,"0/75","18/7231",0,1,"",1,""
"BP","GO:1901659","glycosyl compound biosynthetic process",0,13,75,7231,0,"0/75","13/7231",0,1,"",1,""
"BP","GO:1901673","regulation of mitotic spindle assembly",0,17,75,7231,0,"0/75","17/7231",0,1,"",1,""
"BP","GO:1901679","nucleotide transmembrane transport",0,14,75,7231,0,"0/75","14/7231",0,1,"",1,""
"MF","GO:1901682","sulfur compound transmembrane transporter activity",0,24,72,7153,0,"0/72","24/7153",0,1,"",1,""
"BP","GO:1901796","regulation of signal transduction by p53 class mediator",0,38,75,7231,0,"0/75","38/7231",0,1,"",1,""
"BP","GO:1901797","negative regulation of signal transduction by p53 class mediator",0,11,75,7231,0,"0/75","11/7231",0,1,"",1,""
"BP","GO:1901798","positive regulation of signal transduction by p53 class mediator",0,17,75,7231,0,"0/75","17/7231",0,1,"",1,""
"BP","GO:1901799","negative regulation of proteasomal protein catabolic process",0,37,75,7231,0,"0/75","37/7231",0,1,"",1,""
"BP","GO:1901800","positive regulation of proteasomal protein catabolic process",0,63,75,7231,0,"0/75","63/7231",0,1,"",1,""
"BP","GO:1901863","positive regulation of muscle tissue development",0,13,75,7231,0,"0/75","13/7231",0,1,"",1,""
"BP","GO:1901874","negative regulation of post-translational protein modification",0,57,75,7231,0,"0/75","57/7231",0,1,"",1,""
"BP","GO:1901880","negative regulation of protein depolymerization",0,59,75,7231,0,"0/75","59/7231",0,1,"",1,""
"BP","GO:1901889","negative regulation of cell junction assembly",0,26,75,7231,0,"0/75","26/7231",0,1,"",1,""
"BP","GO:1901950","dense core granule transport",0,13,75,7231,0,"0/75","13/7231",0,1,"",1,""
"BP","GO:1901976","regulation of cell cycle checkpoint",0,20,75,7231,0,"0/75","20/7231",0,1,"",1,""
"BP","GO:1901983","regulation of protein acetylation",0,26,75,7231,0,"0/75","26/7231",0,1,"",1,""
"BP","GO:1901985","positive regulation of protein acetylation",0,17,75,7231,0,"0/75","17/7231",0,1,"",1,""
"BP","GO:1901987","regulation of cell cycle phase transition",0,182,75,7231,0,"0/75","182/7231",0,1,"",1,""
"BP","GO:1901988","negative regulation of cell cycle phase transition",0,93,75,7231,0,"0/75","93/7231",0,1,"",1,""
"BP","GO:1901989","positive regulation of cell cycle phase transition",0,55,75,7231,0,"0/75","55/7231",0,1,"",1,""
"BP","GO:1901990","regulation of mitotic cell cycle phase transition",0,148,75,7231,0,"0/75","148/7231",0,1,"",1,""
"BP","GO:1901991","negative regulation of mitotic cell cycle phase transition",0,61,75,7231,0,"0/75","61/7231",0,1,"",1,""
"BP","GO:1901992","positive regulation of mitotic cell cycle phase transition",0,47,75,7231,0,"0/75","47/7231",0,1,"",1,""
"BP","GO:1902001","fatty acid transmembrane transport",0,15,75,7231,0,"0/75","15/7231",0,1,"",1,""
"BP","GO:1902003","regulation of amyloid-beta formation",0,28,75,7231,0,"0/75","28/7231",0,1,"",1,""
"BP","GO:1902004","positive regulation of amyloid-beta formation",0,13,75,7231,0,"0/75","13/7231",0,1,"",1,""
"BP","GO:1902017","regulation of cilium assembly",0,38,75,7231,0,"0/75","38/7231",0,1,"",1,""
"BP","GO:1902018","negative regulation of cilium assembly",0,12,75,7231,0,"0/75","12/7231",0,1,"",1,""
"BP","GO:1902041","regulation of extrinsic apoptotic signaling pathway via death domain receptors",0,27,75,7231,0,"0/75","27/7231",0,1,"",1,""
"BP","GO:1902042","negative regulation of extrinsic apoptotic signaling pathway via death domain receptors",0,18,75,7231,0,"0/75","18/7231",0,1,"",1,""
"BP","GO:1902099","regulation of metaphase/anaphase transition of cell cycle",0,42,75,7231,0,"0/75","42/7231",0,1,"",1,""
"BP","GO:1902100","negative regulation of metaphase/anaphase transition of cell cycle",0,14,75,7231,0,"0/75","14/7231",0,1,"",1,""
"BP","GO:1902105","regulation of leukocyte differentiation",0,100,75,7231,0,"0/75","100/7231",0,1,"",1,""
"BP","GO:1902106","negative regulation of leukocyte differentiation",0,27,75,7231,0,"0/75","27/7231",0,1,"",1,""
"BP","GO:1902107","positive regulation of leukocyte differentiation",0,59,75,7231,0,"0/75","59/7231",0,1,"",1,""
"BP","GO:1902115","regulation of organelle assembly",0,145,75,7231,0,"0/75","145/7231",0,1,"",1,""
"BP","GO:1902116","negative regulation of organelle assembly",0,26,75,7231,0,"0/75","26/7231",0,1,"",1,""
"BP","GO:1902117","positive regulation of organelle assembly",0,58,75,7231,0,"0/75","58/7231",0,1,"",1,""
"BP","GO:1902170","cellular response to reactive nitrogen species",0,10,75,7231,0,"0/75","10/7231",0,1,"",1,""
"BP","GO:1902175","regulation of oxidative stress-induced intrinsic apoptotic signaling pathway",0,21,75,7231,0,"0/75","21/7231",0,1,"",1,""
"BP","GO:1902176","negative regulation of oxidative stress-induced intrinsic apoptotic signaling pathway",0,15,75,7231,0,"0/75","15/7231",0,1,"",1,""
"BP","GO:1902235","regulation of endoplasmic reticulum stress-induced intrinsic apoptotic signaling pathway",0,19,75,7231,0,"0/75","19/7231",0,1,"",1,""
"BP","GO:1902236","negative regulation of endoplasmic reticulum stress-induced intrinsic apoptotic signaling pathway",0,11,75,7231,0,"0/75","11/7231",0,1,"",1,""
"BP","GO:1902253","regulation of intrinsic apoptotic signaling pathway by p53 class mediator",0,13,75,7231,0,"0/75","13/7231",0,1,"",1,""
"BP","GO:1902275","regulation of chromatin organization",0,19,75,7231,0,"0/75","19/7231",0,1,"",1,""
"BP","GO:1902284","neuron projection extension involved in neuron projection guidance",0,17,75,7231,0,"0/75","17/7231",0,1,"",1,""
"BP","GO:1902285","semaphorin-plexin signaling pathway involved in neuron projection guidance",0,12,75,7231,0,"0/75","12/7231",0,1,"",1,""
"BP","GO:1902287","semaphorin-plexin signaling pathway involved in axon guidance",0,11,75,7231,0,"0/75","11/7231",0,1,"",1,""
"BP","GO:1902305","regulation of sodium ion transmembrane transport",0,47,75,7231,0,"0/75","47/7231",0,1,"",1,""
"BP","GO:1902306","negative regulation of sodium ion transmembrane transport",0,10,75,7231,0,"0/75","10/7231",0,1,"",1,""
"BP","GO:1902307","positive regulation of sodium ion transmembrane transport",0,19,75,7231,0,"0/75","19/7231",0,1,"",1,""
"BP","GO:1902369","negative regulation of RNA catabolic process",0,45,75,7231,0,"0/75","45/7231",0,1,"",1,""
"BP","GO:1902373","negative regulation of mRNA catabolic process",0,36,75,7231,0,"0/75","36/7231",0,1,"",1,""
"BP","GO:1902410","mitotic cytokinetic process",0,17,75,7231,0,"0/75","17/7231",0,1,"",1,""
"BP","GO:1902414","protein localization to cell junction",0,113,75,7231,0,"0/75","113/7231",0,1,"",1,""
"BP","GO:1902430","negative regulation of amyloid-beta formation",0,16,75,7231,0,"0/75","16/7231",0,1,"",1,""
"BP","GO:1902459","positive regulation of stem cell population maintenance",0,22,75,7231,0,"0/75","22/7231",0,1,"",1,""
"BP","GO:1902473","regulation of protein localization to synapse",0,27,75,7231,0,"0/75","27/7231",0,1,"",1,""
"BP","GO:1902475","L-alpha-amino acid transmembrane transport",0,40,75,7231,0,"0/75","40/7231",0,1,"",1,""
"BP","GO:1902476","chloride transmembrane transport",0,34,75,7231,0,"0/75","34/7231",0,1,"",1,""
"CC","GO:1902493","acetyltransferase complex",0,43,75,7294,0,"0/75","43/7294",0,1,"",1,""
"BP","GO:1902513","regulation of organelle transport along microtubule",0,11,75,7231,0,"0/75","11/7231",0,1,"",1,""
"BP","GO:1902514","regulation of calcium ion transmembrane transport via high voltage-gated calcium channel",0,10,75,7231,0,"0/75","10/7231",0,1,"",1,""
"CC","GO:1902554","serine/threonine protein kinase complex",0,69,75,7294,0,"0/75","69/7294",0,1,"",1,""
"CC","GO:1902555","endoribonuclease complex",0,16,75,7294,0,"0/75","16/7294",0,1,"",1,""
"CC","GO:1902562","H4 histone acetyltransferase complex",0,21,75,7294,0,"0/75","21/7294",0,1,"",1,""
"BP","GO:1902600","proton transmembrane transport",0,67,75,7231,0,"0/75","67/7231",0,1,"",1,""
"BP","GO:1902622","regulation of neutrophil migration",0,21,75,7231,0,"0/75","21/7231",0,1,"",1,""
"BP","GO:1902624","positive regulation of neutrophil migration",0,15,75,7231,0,"0/75","15/7231",0,1,"",1,""
"BP","GO:1902683","regulation of receptor localization to synapse",0,29,75,7231,0,"0/75","29/7231",0,1,"",1,""
"BP","GO:1902692","regulation of neuroblast proliferation",0,26,75,7231,0,"0/75","26/7231",0,1,"",1,""
"CC","GO:1902710","GABA receptor complex",0,13,75,7294,0,"0/75","13/7294",0,1,"",1,""
"CC","GO:1902711","GABA-A receptor complex",0,11,75,7294,0,"0/75","11/7294",0,1,"",1,""
"BP","GO:1902742","apoptotic process involved in development",0,14,75,7231,0,"0/75","14/7231",0,1,"",1,""
"BP","GO:1902745","positive regulation of lamellipodium organization",0,26,75,7231,0,"0/75","26/7231",0,1,"",1,""
"BP","GO:1902749","regulation of cell cycle G2/M phase transition",0,42,75,7231,0,"0/75","42/7231",0,1,"",1,""
"BP","GO:1902750","negative regulation of cell cycle G2/M phase transition",0,23,75,7231,0,"0/75","23/7231",0,1,"",1,""
"BP","GO:1902751","positive regulation of cell cycle G2/M phase transition",0,16,75,7231,0,"0/75","16/7231",0,1,"",1,""
"BP","GO:1902774","late endosome to lysosome transport",0,17,75,7231,0,"0/75","17/7231",0,1,"",1,""
"BP","GO:1902806","regulation of cell cycle G1/S phase transition",0,93,75,7231,0,"0/75","93/7231",0,1,"",1,""
"BP","GO:1902807","negative regulation of cell cycle G1/S phase transition",0,32,75,7231,0,"0/75","32/7231",0,1,"",1,""
"BP","GO:1902808","positive regulation of cell cycle G1/S phase transition",0,28,75,7231,0,"0/75","28/7231",0,1,"",1,""
"BP","GO:1902850","microtubule cytoskeleton organization involved in mitosis",0,87,75,7231,0,"0/75","87/7231",0,1,"",1,""
"BP","GO:1902855","regulation of non-motile cilium assembly",0,11,75,7231,0,"0/75","11/7231",0,1,"",1,""
"BP","GO:1902882","regulation of response to oxidative stress",0,21,75,7231,0,"0/75","21/7231",0,1,"",1,""
"BP","GO:1902883","negative regulation of response to oxidative stress",0,11,75,7231,0,"0/75","11/7231",0,1,"",1,""
"BP","GO:1902894","negative regulation of miRNA transcription",0,10,75,7231,0,"0/75","10/7231",0,1,"",1,""
"CC","GO:1902911","protein kinase complex",0,80,75,7294,0,"0/75","80/7294",0,1,"",1,""
"BP","GO:1902914","regulation of protein polyubiquitination",0,11,75,7231,0,"0/75","11/7231",0,1,"",1,""
"BP","GO:1902950","regulation of dendritic spine maintenance",0,11,75,7231,0,"0/75","11/7231",0,1,"",1,""
"BP","GO:1902991","regulation of amyloid precursor protein catabolic process",0,33,75,7231,0,"0/75","33/7231",0,1,"",1,""
"BP","GO:1902992","negative regulation of amyloid precursor protein catabolic process",0,19,75,7231,0,"0/75","19/7231",0,1,"",1,""
"BP","GO:1902993","positive regulation of amyloid precursor protein catabolic process",0,17,75,7231,0,"0/75","17/7231",0,1,"",1,""
"BP","GO:1903008","organelle disassembly",0,105,75,7231,0,"0/75","105/7231",0,1,"",1,""
"BP","GO:1903020","positive regulation of glycoprotein metabolic process",0,13,75,7231,0,"0/75","13/7231",0,1,"",1,""
"BP","GO:1903046","meiotic cell cycle process",0,41,75,7231,0,"0/75","41/7231",0,1,"",1,""
"BP","GO:1903047","mitotic cell cycle process",0,347,75,7231,0,"0/75","347/7231",0,1,"",1,""
"BP","GO:1903050","regulation of proteolysis involved in protein catabolic process",0,137,75,7231,0,"0/75","137/7231",0,1,"",1,""
"BP","GO:1903051","negative regulation of proteolysis involved in protein catabolic process",0,46,75,7231,0,"0/75","46/7231",0,1,"",1,""
"BP","GO:1903052","positive regulation of proteolysis involved in protein catabolic process",0,73,75,7231,0,"0/75","73/7231",0,1,"",1,""
"BP","GO:1903053","regulation of extracellular matrix organization",0,29,75,7231,0,"0/75","29/7231",0,1,"",1,""
"BP","GO:1903055","positive regulation of extracellular matrix organization",0,13,75,7231,0,"0/75","13/7231",0,1,"",1,""
"BP","GO:1903059","regulation of protein lipidation",0,11,75,7231,0,"0/75","11/7231",0,1,"",1,""
"BP","GO:1903076","regulation of protein localization to plasma membrane",0,81,75,7231,0,"0/75","81/7231",0,1,"",1,""
"BP","GO:1903077","negative regulation of protein localization to plasma membrane",0,18,75,7231,0,"0/75","18/7231",0,1,"",1,""
"BP","GO:1903078","positive regulation of protein localization to plasma membrane",0,45,75,7231,0,"0/75","45/7231",0,1,"",1,""
"BP","GO:1903115","regulation of actin filament-based movement",0,24,75,7231,0,"0/75","24/7231",0,1,"",1,""
"BP","GO:1903146","regulation of autophagy of mitochondrion",0,19,75,7231,0,"0/75","19/7231",0,1,"",1,""
"BP","GO:1903169","regulation of calcium ion transmembrane transport",0,97,75,7231,0,"0/75","97/7231",0,1,"",1,""
"BP","GO:1903170","negative regulation of calcium ion transmembrane transport",0,29,75,7231,0,"0/75","29/7231",0,1,"",1,""
"BP","GO:1903214","regulation of protein targeting to mitochondrion",0,13,75,7231,0,"0/75","13/7231",0,1,"",1,""
"BP","GO:1903232","melanosome assembly",0,11,75,7231,0,"0/75","11/7231",0,1,"",1,""
"CC","GO:1903293","phosphatase complex",0,37,75,7294,0,"0/75","37/7294",0,1,"",1,""
"BP","GO:1903306","negative regulation of regulated secretory pathway",0,15,75,7231,0,"0/75","15/7231",0,1,"",1,""
"BP","GO:1903307","positive regulation of regulated secretory pathway",0,33,75,7231,0,"0/75","33/7231",0,1,"",1,""
"BP","GO:1903311","regulation of mRNA metabolic process",0,186,75,7231,0,"0/75","186/7231",0,1,"",1,""
"BP","GO:1903312","negative regulation of mRNA metabolic process",0,57,75,7231,0,"0/75","57/7231",0,1,"",1,""
"BP","GO:1903313","positive regulation of mRNA metabolic process",0,90,75,7231,0,"0/75","90/7231",0,1,"",1,""
"BP","GO:1903317","regulation of protein maturation",0,29,75,7231,0,"0/75","29/7231",0,1,"",1,""
"BP","GO:1903318","negative regulation of protein maturation",0,11,75,7231,0,"0/75","11/7231",0,1,"",1,""
"BP","GO:1903319","positive regulation of protein maturation",0,12,75,7231,0,"0/75","12/7231",0,1,"",1,""
"BP","GO:1903321","negative regulation of protein modification by small protein conjugation or removal",0,54,75,7231,0,"0/75","54/7231",0,1,"",1,""
"BP","GO:1903332","regulation of protein folding",0,10,75,7231,0,"0/75","10/7231",0,1,"",1,""
"BP","GO:1903365","regulation of fear response",0,10,75,7231,0,"0/75","10/7231",0,1,"",1,""
"BP","GO:1903421","regulation of synaptic vesicle recycling",0,34,75,7231,0,"0/75","34/7231",0,1,"",1,""
"BP","GO:1903423","positive regulation of synaptic vesicle recycling",0,16,75,7231,0,"0/75","16/7231",0,1,"",1,""
"BP","GO:1903428","positive regulation of reactive oxygen species biosynthetic process",0,12,75,7231,0,"0/75","12/7231",0,1,"",1,""
"BP","GO:1903429","regulation of cell maturation",0,13,75,7231,0,"0/75","13/7231",0,1,"",1,""
"BP","GO:1903509","liposaccharide metabolic process",0,39,75,7231,0,"0/75","39/7231",0,1,"",1,""
"BP","GO:1903510","mucopolysaccharide metabolic process",0,24,75,7231,0,"0/75","24/7231",0,1,"",1,""
"BP","GO:1903513","endoplasmic reticulum to cytosol transport",0,20,75,7231,0,"0/75","20/7231",0,1,"",1,""
"BP","GO:1903514","release of sequestered calcium ion into cytosol by endoplasmic reticulum",0,14,75,7231,0,"0/75","14/7231",0,1,"",1,""
"BP","GO:1903523","negative regulation of blood circulation",0,11,75,7231,0,"0/75","11/7231",0,1,"",1,""
"BP","GO:1903524","positive regulation of blood circulation",0,12,75,7231,0,"0/75","12/7231",0,1,"",1,""
"BP","GO:1903531","negative regulation of secretion by cell",0,92,75,7231,0,"0/75","92/7231",0,1,"",1,""
"BP","GO:1903533","regulation of protein targeting",0,41,75,7231,0,"0/75","41/7231",0,1,"",1,""
"BP","GO:1903539","protein localization to postsynaptic membrane",0,60,75,7231,0,"0/75","60/7231",0,1,"",1,""
"BP","GO:1903540","establishment of protein localization to postsynaptic membrane",0,21,75,7231,0,"0/75","21/7231",0,1,"",1,""
"BP","GO:1903541","regulation of exosomal secretion",0,14,75,7231,0,"0/75","14/7231",0,1,"",1,""
"BP","GO:1903543","positive regulation of exosomal secretion",0,13,75,7231,0,"0/75","13/7231",0,1,"",1,""
"BP","GO:1903555","regulation of tumor necrosis factor superfamily cytokine production",0,61,75,7231,0,"0/75","61/7231",0,1,"",1,""
"BP","GO:1903556","negative regulation of tumor necrosis factor superfamily cytokine production",0,13,75,7231,0,"0/75","13/7231",0,1,"",1,""
"BP","GO:1903557","positive regulation of tumor necrosis factor superfamily cytokine production",0,44,75,7231,0,"0/75","44/7231",0,1,"",1,""
"BP","GO:1903573","negative regulation of response to endoplasmic reticulum stress",0,25,75,7231,0,"0/75","25/7231",0,1,"",1,""
"BP","GO:1903578","regulation of ATP metabolic process",0,17,75,7231,0,"0/75","17/7231",0,1,"",1,""
"BP","GO:1903649","regulation of cytoplasmic transport",0,28,75,7231,0,"0/75","28/7231",0,1,"",1,""
"BP","GO:1903651","positive regulation of cytoplasmic transport",0,13,75,7231,0,"0/75","13/7231",0,1,"",1,""
"BP","GO:1903670","regulation of sprouting angiogenesis",0,18,75,7231,0,"0/75","18/7231",0,1,"",1,""
"BP","GO:1903672","positive regulation of sprouting angiogenesis",0,10,75,7231,0,"0/75","10/7231",0,1,"",1,""
"BP","GO:1903706","regulation of hemopoiesis",0,142,75,7231,0,"0/75","142/7231",0,1,"",1,""
"BP","GO:1903707","negative regulation of hemopoiesis",0,30,75,7231,0,"0/75","30/7231",0,1,"",1,""
"BP","GO:1903708","positive regulation of hemopoiesis",0,59,75,7231,0,"0/75","59/7231",0,1,"",1,""
"BP","GO:1903715","regulation of aerobic respiration",0,24,75,7231,0,"0/75","24/7231",0,1,"",1,""
"BP","GO:1903725","regulation of phospholipid metabolic process",0,23,75,7231,0,"0/75","23/7231",0,1,"",1,""
"BP","GO:1903729","regulation of plasma membrane organization",0,11,75,7231,0,"0/75","11/7231",0,1,"",1,""
"BP","GO:1903747","regulation of establishment of protein localization to mitochondrion",0,16,75,7231,0,"0/75","16/7231",0,1,"",1,""
"BP","GO:1903789","regulation of amino acid transmembrane transport",0,11,75,7231,0,"0/75","11/7231",0,1,"",1,""
"BP","GO:1903825","organic acid transmembrane transport",0,86,75,7231,0,"0/75","86/7231",0,1,"",1,""
"BP","GO:1903844","regulation of cellular response to transforming growth factor beta stimulus",0,52,75,7231,0,"0/75","52/7231",0,1,"",1,""
"BP","GO:1903846","positive regulation of cellular response to transforming growth factor beta stimulus",0,16,75,7231,0,"0/75","16/7231",0,1,"",1,""
"BP","GO:1903859","regulation of dendrite extension",0,26,75,7231,0,"0/75","26/7231",0,1,"",1,""
"BP","GO:1903861","positive regulation of dendrite extension",0,23,75,7231,0,"0/75","23/7231",0,1,"",1,""
"BP","GO:1903900","regulation of viral life cycle",0,55,75,7231,0,"0/75","55/7231",0,1,"",1,""
"BP","GO:1903902","positive regulation of viral life cycle",0,12,75,7231,0,"0/75","12/7231",0,1,"",1,""
"BP","GO:1903909","regulation of receptor clustering",0,18,75,7231,0,"0/75","18/7231",0,1,"",1,""
"BP","GO:1903959","regulation of monoatomic anion transmembrane transport",0,10,75,7231,0,"0/75","10/7231",0,1,"",1,""
"BP","GO:1903975","regulation of glial cell migration",0,18,75,7231,0,"0/75","18/7231",0,1,"",1,""
"BP","GO:1903977","positive regulation of glial cell migration",0,10,75,7231,0,"0/75","10/7231",0,1,"",1,""
"BP","GO:1904018","positive regulation of vasculature development",0,59,75,7231,0,"0/75","59/7231",0,1,"",1,""
"BP","GO:1904019","epithelial cell apoptotic process",0,71,75,7231,0,"0/75","71/7231",0,1,"",1,""
"BP","GO:1904029","regulation of cyclin-dependent protein kinase activity",0,24,75,7231,0,"0/75","24/7231",0,1,"",1,""
"BP","GO:1904030","negative regulation of cyclin-dependent protein kinase activity",0,11,75,7231,0,"0/75","11/7231",0,1,"",1,""
"BP","GO:1904031","positive regulation of cyclin-dependent protein kinase activity",0,11,75,7231,0,"0/75","11/7231",0,1,"",1,""
"BP","GO:1904035","regulation of epithelial cell apoptotic process",0,53,75,7231,0,"0/75","53/7231",0,1,"",1,""
"BP","GO:1904036","negative regulation of epithelial cell apoptotic process",0,33,75,7231,0,"0/75","33/7231",0,1,"",1,""
"BP","GO:1904037","positive regulation of epithelial cell apoptotic process",0,20,75,7231,0,"0/75","20/7231",0,1,"",1,""
"BP","GO:1904262","negative regulation of TORC1 signaling",0,29,75,7231,0,"0/75","29/7231",0,1,"",1,""
"BP","GO:1904292","regulation of ERAD pathway",0,17,75,7231,0,"0/75","17/7231",0,1,"",1,""
"BP","GO:1904294","positive regulation of ERAD pathway",0,12,75,7231,0,"0/75","12/7231",0,1,"",1,""
"MF","GO:1904315","transmitter-gated monoatomic ion channel activity involved in regulation of postsynaptic membrane potential",0,28,72,7153,0,"0/72","28/7153",0,1,"",1,""
"BP","GO:1904321","response to forskolin",0,13,75,7231,0,"0/75","13/7231",0,1,"",1,""
"BP","GO:1904322","cellular response to forskolin",0,13,75,7231,0,"0/75","13/7231",0,1,"",1,""
"BP","GO:1904353","regulation of telomere capping",0,16,75,7231,0,"0/75","16/7231",0,1,"",1,""
"BP","GO:1904355","positive regulation of telomere capping",0,11,75,7231,0,"0/75","11/7231",0,1,"",1,""
"BP","GO:1904356","regulation of telomere maintenance via telomere lengthening",0,40,75,7231,0,"0/75","40/7231",0,1,"",1,""
"BP","GO:1904357","negative regulation of telomere maintenance via telomere lengthening",0,16,75,7231,0,"0/75","16/7231",0,1,"",1,""
"BP","GO:1904358","positive regulation of telomere maintenance via telomere lengthening",0,25,75,7231,0,"0/75","25/7231",0,1,"",1,""
"BP","GO:1904375","regulation of protein localization to cell periphery",0,109,75,7231,0,"0/75","109/7231",0,1,"",1,""
"BP","GO:1904376","negative regulation of protein localization to cell periphery",0,19,75,7231,0,"0/75","19/7231",0,1,"",1,""
"BP","GO:1904377","positive regulation of protein localization to cell periphery",0,54,75,7231,0,"0/75","54/7231",0,1,"",1,""
"BP","GO:1904407","positive regulation of nitric oxide metabolic process",0,25,75,7231,0,"0/75","25/7231",0,1,"",1,""
"BP","GO:1904424","regulation of GTP binding",0,16,75,7231,0,"0/75","16/7231",0,1,"",1,""
"BP","GO:1904427","positive regulation of calcium ion transmembrane transport",0,51,75,7231,0,"0/75","51/7231",0,1,"",1,""
"BP","GO:1904645","response to amyloid-beta",0,24,75,7231,0,"0/75","24/7231",0,1,"",1,""
"BP","GO:1904646","cellular response to amyloid-beta",0,23,75,7231,0,"0/75","23/7231",0,1,"",1,""
"BP","GO:1904659","glucose transmembrane transport",0,56,75,7231,0,"0/75","56/7231",0,1,"",1,""
"BP","GO:1904666","regulation of ubiquitin protein ligase activity",0,11,75,7231,0,"0/75","11/7231",0,1,"",1,""
"BP","GO:1904705","regulation of vascular associated smooth muscle cell proliferation",0,38,75,7231,0,"0/75","38/7231",0,1,"",1,""
"BP","GO:1904706","negative regulation of vascular associated smooth muscle cell proliferation",0,20,75,7231,0,"0/75","20/7231",0,1,"",1,""
"BP","GO:1904707","positive regulation of vascular associated smooth muscle cell proliferation",0,19,75,7231,0,"0/75","19/7231",0,1,"",1,""
"BP","GO:1904738","vascular associated smooth muscle cell migration",0,20,75,7231,0,"0/75","20/7231",0,1,"",1,""
"BP","GO:1904752","regulation of vascular associated smooth muscle cell migration",0,18,75,7231,0,"0/75","18/7231",0,1,"",1,""
"BP","GO:1904814","regulation of protein localization to chromosome, telomeric region",0,13,75,7231,0,"0/75","13/7231",0,1,"",1,""
"BP","GO:1904816","positive regulation of protein localization to chromosome, telomeric region",0,12,75,7231,0,"0/75","12/7231",0,1,"",1,""
"BP","GO:1904861","excitatory synapse assembly",0,31,75,7231,0,"0/75","31/7231",0,1,"",1,""
"BP","GO:1904862","inhibitory synapse assembly",0,19,75,7231,0,"0/75","19/7231",0,1,"",1,""
"BP","GO:1904888","cranial skeletal system development",0,18,75,7231,0,"0/75","18/7231",0,1,"",1,""
"BP","GO:1904889","regulation of excitatory synapse assembly",0,15,75,7231,0,"0/75","15/7231",0,1,"",1,""
"BP","GO:1904892","regulation of receptor signaling pathway via STAT",0,33,75,7231,0,"0/75","33/7231",0,1,"",1,""
"BP","GO:1904893","negative regulation of receptor signaling pathway via STAT",0,10,75,7231,0,"0/75","10/7231",0,1,"",1,""
"BP","GO:1904894","positive regulation of receptor signaling pathway via STAT",0,14,75,7231,0,"0/75","14/7231",0,1,"",1,""
"BP","GO:1904923","regulation of autophagy of mitochondrion in response to mitochondrial depolarization",0,11,75,7231,0,"0/75","11/7231",0,1,"",1,""
"BP","GO:1904925","positive regulation of autophagy of mitochondrion in response to mitochondrial depolarization",0,10,75,7231,0,"0/75","10/7231",0,1,"",1,""
"CC","GO:1904949","ATPase complex",0,95,75,7294,0,"0/75","95/7294",0,1,"",1,""
"BP","GO:1904950","negative regulation of establishment of protein localization",0,88,75,7231,0,"0/75","88/7231",0,1,"",1,""
"BP","GO:1905037","autophagosome organization",0,88,75,7231,0,"0/75","88/7231",0,1,"",1,""
"BP","GO:1905038","regulation of membrane lipid metabolic process",0,10,75,7231,0,"0/75","10/7231",0,1,"",1,""
"BP","GO:1905039","carboxylic acid transmembrane transport",0,86,75,7231,0,"0/75","86/7231",0,1,"",1,""
"BP","GO:1905097","regulation of guanyl-nucleotide exchange factor activity",0,11,75,7231,0,"0/75","11/7231",0,1,"",1,""
"BP","GO:1905144","response to acetylcholine",0,27,75,7231,0,"0/75","27/7231",0,1,"",1,""
"BP","GO:1905145","cellular response to acetylcholine",0,27,75,7231,0,"0/75","27/7231",0,1,"",1,""
"BP","GO:1905146","lysosomal protein catabolic process",0,15,75,7231,0,"0/75","15/7231",0,1,"",1,""
"BP","GO:1905168","positive regulation of double-strand break repair via homologous recombination",0,19,75,7231,0,"0/75","19/7231",0,1,"",1,""
"BP","GO:1905207","regulation of cardiocyte differentiation",0,11,75,7231,0,"0/75","11/7231",0,1,"",1,""
"BP","GO:1905244","regulation of modification of synaptic structure",0,21,75,7231,0,"0/75","21/7231",0,1,"",1,""
"BP","GO:1905274","regulation of modification of postsynaptic actin cytoskeleton",0,10,75,7231,0,"0/75","10/7231",0,1,"",1,""
"CC","GO:1905348","endonuclease complex",0,16,75,7294,0,"0/75","16/7294",0,1,"",1,""
"CC","GO:1905354","exoribonuclease complex",0,19,75,7294,0,"0/75","19/7294",0,1,"",1,""
"CC","GO:1905368","peptidase complex",0,85,75,7294,0,"0/75","85/7294",0,1,"",1,""
"CC","GO:1905369","endopeptidase complex",0,70,75,7294,0,"0/75","70/7294",0,1,"",1,""
"BP","GO:1905475","regulation of protein localization to membrane",0,150,75,7231,0,"0/75","150/7231",0,1,"",1,""
"BP","GO:1905476","negative regulation of protein localization to membrane",0,25,75,7231,0,"0/75","25/7231",0,1,"",1,""
"BP","GO:1905477","positive regulation of protein localization to membrane",0,80,75,7231,0,"0/75","80/7231",0,1,"",1,""
"BP","GO:1905508","protein localization to microtubule organizing center",0,20,75,7231,0,"0/75","20/7231",0,1,"",1,""
"BP","GO:1905515","non-motile cilium assembly",0,33,75,7231,0,"0/75","33/7231",0,1,"",1,""
"BP","GO:1905517","macrophage migration",0,23,75,7231,0,"0/75","23/7231",0,1,"",1,""
"BP","GO:1905521","regulation of macrophage migration",0,20,75,7231,0,"0/75","20/7231",0,1,"",1,""
"BP","GO:1905523","positive regulation of macrophage migration",0,12,75,7231,0,"0/75","12/7231",0,1,"",1,""
"BP","GO:1905562","regulation of vascular endothelial cell proliferation",0,12,75,7231,0,"0/75","12/7231",0,1,"",1,""
"BP","GO:1905606","regulation of presynapse assembly",0,31,75,7231,0,"0/75","31/7231",0,1,"",1,""
"BP","GO:1905666","regulation of protein localization to endosome",0,10,75,7231,0,"0/75","10/7231",0,1,"",1,""
"BP","GO:1905809","negative regulation of synapse organization",0,11,75,7231,0,"0/75","11/7231",0,1,"",1,""
"BP","GO:1905818","regulation of chromosome separation",0,22,75,7231,0,"0/75","22/7231",0,1,"",1,""
"BP","GO:1905819","negative regulation of chromosome separation",0,14,75,7231,0,"0/75","14/7231",0,1,"",1,""
"BP","GO:1905874","regulation of postsynaptic density organization",0,16,75,7231,0,"0/75","16/7231",0,1,"",1,""
"BP","GO:1905897","regulation of response to endoplasmic reticulum stress",0,48,75,7231,0,"0/75","48/7231",0,1,"",1,""
"BP","GO:1905898","positive regulation of response to endoplasmic reticulum stress",0,23,75,7231,0,"0/75","23/7231",0,1,"",1,""
"BP","GO:1905906","regulation of amyloid fibril formation",0,13,75,7231,0,"0/75","13/7231",0,1,"",1,""
"BP","GO:1905907","negative regulation of amyloid fibril formation",0,10,75,7231,0,"0/75","10/7231",0,1,"",1,""
"BP","GO:1990000","amyloid fibril formation",0,20,75,7231,0,"0/75","20/7231",0,1,"",1,""
"CC","GO:1990071","TRAPPII protein complex",0,11,75,7294,0,"0/75","11/7294",0,1,"",1,""
"BP","GO:1990089","response to nerve growth factor",0,29,75,7231,0,"0/75","29/7231",0,1,"",1,""
"BP","GO:1990090","cellular response to nerve growth factor stimulus",0,29,75,7231,0,"0/75","29/7231",0,1,"",1,""
"CC","GO:1990124","messenger ribonucleoprotein complex",0,13,75,7294,0,"0/75","13/7294",0,1,"",1,""
"BP","GO:1990138","neuron projection extension",0,141,75,7231,0,"0/75","141/7231",0,1,"",1,""
"BP","GO:1990182","exosomal secretion",0,18,75,7231,0,"0/75","18/7231",0,1,"",1,""
"CC","GO:1990204","oxidoreductase complex",0,97,75,7294,0,"0/75","97/7294",0,1,"",1,""
"CC","GO:1990229","iron-sulfur cluster assembly complex",0,11,75,7294,0,"0/75","11/7294",0,1,"",1,""
"BP","GO:1990266","neutrophil migration",0,41,75,7231,0,"0/75","41/7231",0,1,"",1,""
"MF","GO:1990380","K48-linked deubiquitinase activity",0,13,72,7153,0,"0/72","13/7153",0,1,"",1,""
"MF","GO:1990381","ubiquitin-specific protease binding",0,15,72,7153,0,"0/72","15/7153",0,1,"",1,""
"BP","GO:1990403","embryonic brain development",0,14,75,7231,0,"0/75","14/7231",0,1,"",1,""
"MF","GO:1990446","U1 snRNP binding",0,10,72,7153,0,"0/72","10/7153",0,1,"",1,""
"BP","GO:1990535","neuron projection maintenance",0,10,75,7231,0,"0/75","10/7231",0,1,"",1,""
"BP","GO:1990573","potassium ion import across plasma membrane",0,28,75,7231,0,"0/75","28/7231",0,1,"",1,""
"CC","GO:1990635","proximal dendrite",0,13,75,7294,0,"0/75","13/7294",0,1,"",1,""
"CC","GO:1990777","lipoprotein particle",0,16,75,7294,0,"0/75","16/7294",0,1,"",1,""
"MF","GO:1990782","protein tyrosine kinase binding",0,70,72,7153,0,"0/72","70/7153",0,1,"",1,""
"BP","GO:1990806","ligand-gated ion channel signaling pathway",0,23,75,7231,0,"0/75","23/7231",0,1,"",1,""
"BP","GO:1990823","response to leukemia inhibitory factor",0,62,75,7231,0,"0/75","62/7231",0,1,"",1,""
"MF","GO:1990825","sequence-specific mRNA binding",0,13,72,7153,0,"0/72","13/7153",0,1,"",1,""
"BP","GO:1990830","cellular response to leukemia inhibitory factor",0,62,75,7231,0,"0/75","62/7231",0,1,"",1,""
"MF","GO:1990841","promoter-specific chromatin binding",0,32,72,7153,0,"0/72","32/7153",0,1,"",1,""
"BP","GO:1990845","adaptive thermogenesis",0,73,75,7231,0,"0/75","73/7231",0,1,"",1,""
"BP","GO:1990849","vacuolar localization",0,50,75,7231,0,"0/75","50/7231",0,1,"",1,""
"BP","GO:1990868","response to chemokine",0,19,75,7231,0,"0/75","19/7231",0,1,"",1,""
"BP","GO:1990869","cellular response to chemokine",0,19,75,7231,0,"0/75","19/7231",0,1,"",1,""
"BP","GO:1990874","vascular associated smooth muscle cell proliferation",0,40,75,7231,0,"0/75","40/7231",0,1,"",1,""
"BP","GO:2000001","regulation of DNA damage checkpoint",0,14,75,7231,0,"0/75","14/7231",0,1,"",1,""
"BP","GO:2000010","positive regulation of protein localization to cell surface",0,16,75,7231,0,"0/75","16/7231",0,1,"",1,""
"BP","GO:2000027","regulation of animal organ morphogenesis",0,25,75,7231,0,"0/75","25/7231",0,1,"",1,""
"BP","GO:2000036","regulation of stem cell population maintenance",0,29,75,7231,0,"0/75","29/7231",0,1,"",1,""
"BP","GO:2000045","regulation of G1/S transition of mitotic cell cycle",0,85,75,7231,0,"0/75","85/7231",0,1,"",1,""
"BP","GO:2000058","regulation of ubiquitin-dependent protein catabolic process",0,104,75,7231,0,"0/75","104/7231",0,1,"",1,""
"BP","GO:2000059","negative regulation of ubiquitin-dependent protein catabolic process",0,35,75,7231,0,"0/75","35/7231",0,1,"",1,""
"BP","GO:2000060","positive regulation of ubiquitin-dependent protein catabolic process",0,60,75,7231,0,"0/75","60/7231",0,1,"",1,""
"BP","GO:2000106","regulation of leukocyte apoptotic process",0,33,75,7231,0,"0/75","33/7231",0,1,"",1,""
"BP","GO:2000107","negative regulation of leukocyte apoptotic process",0,22,75,7231,0,"0/75","22/7231",0,1,"",1,""
"BP","GO:2000114","regulation of establishment of cell polarity",0,16,75,7231,0,"0/75","16/7231",0,1,"",1,""
"BP","GO:2000134","negative regulation of G1/S transition of mitotic cell cycle",0,28,75,7231,0,"0/75","28/7231",0,1,"",1,""
"BP","GO:2000147","positive regulation of cell motility",0,288,75,7231,0,"0/75","288/7231",0,1,"",1,""
"BP","GO:2000177","regulation of neural precursor cell proliferation",0,60,75,7231,0,"0/75","60/7231",0,1,"",1,""
"BP","GO:2000178","negative regulation of neural precursor cell proliferation",0,15,75,7231,0,"0/75","15/7231",0,1,"",1,""
"BP","GO:2000179","positive regulation of neural precursor cell proliferation",0,34,75,7231,0,"0/75","34/7231",0,1,"",1,""
"BP","GO:2000191","regulation of fatty acid transport",0,18,75,7231,0,"0/75","18/7231",0,1,"",1,""
"BP","GO:2000193","positive regulation of fatty acid transport",0,10,75,7231,0,"0/75","10/7231",0,1,"",1,""
"BP","GO:2000209","regulation of anoikis",0,13,75,7231,0,"0/75","13/7231",0,1,"",1,""
"BP","GO:2000272","negative regulation of signaling receptor activity",0,16,75,7231,0,"0/75","16/7231",0,1,"",1,""
"BP","GO:2000273","positive regulation of signaling receptor activity",0,24,75,7231,0,"0/75","24/7231",0,1,"",1,""
"BP","GO:2000278","regulation of DNA biosynthetic process",0,63,75,7231,0,"0/75","63/7231",0,1,"",1,""
"BP","GO:2000279","negative regulation of DNA biosynthetic process",0,21,75,7231,0,"0/75","21/7231",0,1,"",1,""
"BP","GO:2000310","regulation of NMDA receptor activity",0,21,75,7231,0,"0/75","21/7231",0,1,"",1,""
"BP","GO:2000311","regulation of AMPA receptor activity",0,23,75,7231,0,"0/75","23/7231",0,1,"",1,""
"BP","GO:2000351","regulation of endothelial cell apoptotic process",0,21,75,7231,0,"0/75","21/7231",0,1,"",1,""
"BP","GO:2000352","negative regulation of endothelial cell apoptotic process",0,14,75,7231,0,"0/75","14/7231",0,1,"",1,""
"BP","GO:2000369","regulation of clathrin-dependent endocytosis",0,17,75,7231,0,"0/75","17/7231",0,1,"",1,""
"BP","GO:2000379","positive regulation of reactive oxygen species metabolic process",0,38,75,7231,0,"0/75","38/7231",0,1,"",1,""
"BP","GO:2000401","regulation of lymphocyte migration",0,31,75,7231,0,"0/75","31/7231",0,1,"",1,""
"BP","GO:2000403","positive regulation of lymphocyte migration",0,20,75,7231,0,"0/75","20/7231",0,1,"",1,""
"BP","GO:2000404","regulation of T cell migration",0,24,75,7231,0,"0/75","24/7231",0,1,"",1,""
"BP","GO:2000406","positive regulation of T cell migration",0,18,75,7231,0,"0/75","18/7231",0,1,"",1,""
"BP","GO:2000463","positive regulation of excitatory postsynaptic potential",0,32,75,7231,0,"0/75","32/7231",0,1,"",1,""
"BP","GO:2000573","positive regulation of DNA biosynthetic process",0,38,75,7231,0,"0/75","38/7231",0,1,"",1,""
"BP","GO:2000629","negative regulation of miRNA metabolic process",0,11,75,7231,0,"0/75","11/7231",0,1,"",1,""
"BP","GO:2000637","positive regulation of miRNA-mediated gene silencing",0,10,75,7231,0,"0/75","10/7231",0,1,"",1,""
"BP","GO:2000641","regulation of early endosome to late endosome transport",0,17,75,7231,0,"0/75","17/7231",0,1,"",1,""
"BP","GO:2000648","positive regulation of stem cell proliferation",0,12,75,7231,0,"0/75","12/7231",0,1,"",1,""
"BP","GO:2000649","regulation of sodium ion transmembrane transporter activity",0,39,75,7231,0,"0/75","39/7231",0,1,"",1,""
"BP","GO:2000651","positive regulation of sodium ion transmembrane transporter activity",0,14,75,7231,0,"0/75","14/7231",0,1,"",1,""
"BP","GO:2000671","regulation of motor neuron apoptotic process",0,13,75,7231,0,"0/75","13/7231",0,1,"",1,""
"BP","GO:2000677","regulation of transcription regulatory region DNA binding",0,15,75,7231,0,"0/75","15/7231",0,1,"",1,""
"BP","GO:2000736","regulation of stem cell differentiation",0,37,75,7231,0,"0/75","37/7231",0,1,"",1,""
"BP","GO:2000737","negative regulation of stem cell differentiation",0,12,75,7231,0,"0/75","12/7231",0,1,"",1,""
"BP","GO:2000756","regulation of peptidyl-lysine acetylation",0,21,75,7231,0,"0/75","21/7231",0,1,"",1,""
"BP","GO:2000758","positive regulation of peptidyl-lysine acetylation",0,14,75,7231,0,"0/75","14/7231",0,1,"",1,""
"BP","GO:2000765","regulation of cytoplasmic translation",0,27,75,7231,0,"0/75","27/7231",0,1,"",1,""
"BP","GO:2000767","positive regulation of cytoplasmic translation",0,12,75,7231,0,"0/75","12/7231",0,1,"",1,""
"BP","GO:2000772","regulation of cellular senescence",0,22,75,7231,0,"0/75","22/7231",0,1,"",1,""
"BP","GO:2000779","regulation of double-strand break repair",0,58,75,7231,0,"0/75","58/7231",0,1,"",1,""
"BP","GO:2000781","positive regulation of double-strand break repair",0,43,75,7231,0,"0/75","43/7231",0,1,"",1,""
"BP","GO:2000785","regulation of autophagosome assembly",0,35,75,7231,0,"0/75","35/7231",0,1,"",1,""
"BP","GO:2000786","positive regulation of autophagosome assembly",0,18,75,7231,0,"0/75","18/7231",0,1,"",1,""
"BP","GO:2000810","regulation of bicellular tight junction assembly",0,13,75,7231,0,"0/75","13/7231",0,1,"",1,""
"BP","GO:2000811","negative regulation of anoikis",0,11,75,7231,0,"0/75","11/7231",0,1,"",1,""
"BP","GO:2000816","negative regulation of mitotic sister chromatid separation",0,14,75,7231,0,"0/75","14/7231",0,1,"",1,""
"BP","GO:2000819","regulation of nucleotide-excision repair",0,22,75,7231,0,"0/75","22/7231",0,1,"",1,""
"BP","GO:2001014","regulation of skeletal muscle cell differentiation",0,13,75,7231,0,"0/75","13/7231",0,1,"",1,""
"BP","GO:2001044","regulation of integrin-mediated signaling pathway",0,12,75,7231,0,"0/75","12/7231",0,1,"",1,""
"BP","GO:2001057","reactive nitrogen species metabolic process",0,48,75,7231,0,"0/75","48/7231",0,1,"",1,""
"BP","GO:2001169","regulation of ATP biosynthetic process",0,14,75,7231,0,"0/75","14/7231",0,1,"",1,""
"BP","GO:2001222","regulation of neuron migration",0,33,75,7231,0,"0/75","33/7231",0,1,"",1,""
"BP","GO:2001224","positive regulation of neuron migration",0,17,75,7231,0,"0/75","17/7231",0,1,"",1,""
"BP","GO:2001236","regulation of extrinsic apoptotic signaling pathway",0,86,75,7231,0,"0/75","86/7231",0,1,"",1,""
"BP","GO:2001237","negative regulation of extrinsic apoptotic signaling pathway",0,52,75,7231,0,"0/75","52/7231",0,1,"",1,""
"BP","GO:2001238","positive regulation of extrinsic apoptotic signaling pathway",0,30,75,7231,0,"0/75","30/7231",0,1,"",1,""
"BP","GO:2001239","regulation of extrinsic apoptotic signaling pathway in absence of ligand",0,20,75,7231,0,"0/75","20/7231",0,1,"",1,""
"BP","GO:2001240","negative regulation of extrinsic apoptotic signaling pathway in absence of ligand",0,12,75,7231,0,"0/75","12/7231",0,1,"",1,""
"BP","GO:2001244","positive regulation of intrinsic apoptotic signaling pathway",0,34,75,7231,0,"0/75","34/7231",0,1,"",1,""
"BP","GO:2001251","negative regulation of chromosome organization",0,40,75,7231,0,"0/75","40/7231",0,1,"",1,""
"BP","GO:2001252","positive regulation of chromosome organization",0,53,75,7231,0,"0/75","53/7231",0,1,"",1,""
"BP","GO:2001258","negative regulation of cation channel activity",0,19,75,7231,0,"0/75","19/7231",0,1,"",1,""
