"Accession","GeneName","GeneID","Description","MissingFractionControl","MissingFractionAsphyxia"
"Q8CCS6","Pabpn1","54196","Polyadenylate-binding protein 2",0,0
"Q3UGC7","Eif3j1","78655","Eukaryotic translation initiation factor 3 subunit J-A",0,0
"Q5U430","Ubr3","68795","E3 ubiquitin-protein ligase UBR3",0,0
"Q91YE6","Ipo9","226432","Importin-9",0,0
"P63085","Mapk1","26413","Mitogen-activated protein kinase 1",0,0
"Q63844","Mapk3","26417","Mitogen-activated protein kinase 3",0,0
"Q8CH72","Trim32","69807","E3 ubiquitin-protein ligase TRIM32",0,0
"Q8BKC5","Ipo5","70572","Importin-5",0,0
"Q8K3M5","Cables2","252966","CDK5 and ABL1 enzyme substrate 2",0,0
"Q9CX34","Sugt1","67955","Protein SGT1 homolog",0,0
"Q8C1Y8","Ccz1","231874","Vacuolar fusion protein CCZ1 homolog",0,0
"Q9D1H7","Get4","67604","Golgi to ER traffic protein 4 homolog",0,0
"Q6P4S6","Sik3","70661","Serine/threonine-protein kinase SIK3",0,0
"Q9D3B1","Hacd2","70757","Very-long-chain (3R)-3-hydroxyacyl-CoA dehydratase 2",0,0
"Q3UVL4","Vps51","68505","Vacuolar protein sorting-associated protein 51 homolog",0,0
"Q9CWG9","Bloc1s2","73689","Biogenesis of lysosome-related organelles complex 1 subunit 2",0,0
"Q6P5E8","Dgkq","110524","Diacylglycerol kinase theta",0,0
"Q8CH25","Sltm","66660","SAFB-like transcription modulator",0,0
"Q505F5","Lrrc47","72946","Leucine-rich repeat-containing protein 47",0,0
"P58069","Rasa2","114713","Ras GTPase-activating protein 2",0,0
"P42567","Eps15","13858","Epidermal growth factor receptor substrate 15",0,0
"Q8C754","Vps52","224705","Vacuolar protein sorting-associated protein 52 homolog",0,0
"Q8BG32","Psmd11","69077","26S proteasome non-ATPase regulatory subunit 11",0,0
"B1AZI6","Thoc2","331401","THO complex subunit 2",0,0
"Q9EP69","Sacm1l","83493","Phosphatidylinositol-3-phosphatase SAC1",0,0
"P55264","Adk","11534","Adenosine kinase",0,0
"Q76MZ3","Ppp2r1a","51792","Serine/threonine-protein phosphatase 2A 65 kDa regulatory subunit A alpha isoform",0,0
"Q9R1T4","Septin6","56526","Septin-6",0,0
"Q9ER73","Elp4","77766","Elongator complex protein 4",0,0
"O35445","Rnf5","54197","E3 ubiquitin-protein ligase RNF5",0.25,0.25
"P35282","Rab21","216344","Ras-related protein Rab-21",0,0
"Q9Z266","Snapin","20615","SNARE-associated protein Snapin",0,0
"Q8BIV3","Ranbp6","240614","Ran-binding protein 6",0,0
"P61329","Fgf12","14167","Fibroblast growth factor 12",0,0
"P62878","Rbx1","56438","E3 ubiquitin-protein ligase RBX1",0,0
"Q91WG2","Rabep2","70314","Rab GTPase-binding effector protein 2",0,0
"Q9D7J4","Cox20","66359","Cytochrome c oxidase assembly protein COX20, mitochondrial",0,0
"P52432","Polr1c","20016","DNA-directed RNA polymerases I and III subunit RPAC1",0,0
"Q9R0A1","Clcn2","12724","Chloride channel protein 2",0,0
"Q9WU40","Lemd3","380664","Inner nuclear membrane protein Man1",0,0
"Q9ESJ1","Cables1","63955","CDK5 and ABL1 enzyme substrate 1",0,0
"Q80TM9","Nisch","64652","Nischarin",0,0
"Q9CPQ3","Tomm22","223696","Mitochondrial import receptor subunit TOM22 homolog",0,0
"Q8BR90","Rimoc1","106064","RAB7A-interacting MON1-CCZ1 complex subunit 1",0,0
"P34152","Ptk2","14083","Focal adhesion kinase 1",0,0
"D3YUE4","Fam151b","73942","Protein FAM151B",0,0
"O55229","Chkb","12651","Choline/ethanolamine kinase",0,0
"Q9QX47","Son","20658","Protein SON",0,0
"P70296","Pebp1","23980","Phosphatidylethanolamine-binding protein 1",0,0
"E9PVA8","Gcn1","231659","Stalled ribosome sensor GCN1",0,0
"O35382","Exoc4","20336","Exocyst complex component 4",0,0
"Q7TQI3","Otub1","107260","Ubiquitin thioesterase OTUB1",0,0
"Q6P5D8","Smchd1","74355","Structural maintenance of chromosomes flexible hinge domain-containing protein 1",0,0
"E9Q4P1","Wdfy1","69368","WD repeat and FYVE domain-containing protein 1",0,0.5
"Q8BUB4","Wdfy2","268752","WD repeat and FYVE domain-containing protein 2",0,0
"Q9CR95","Necap1","67602","Adaptin ear-binding coat-associated protein 1",0,0
"Q8CB77","Eloa","27224","Elongin-A",0,0
"Q6Y7W8","Gigyf2","227331","GRB10-interacting GYF protein 2",0,0
"Q9D1J3","Sarnp","66118","SAP domain-containing ribonucleoprotein",0,0
"Q8R4R6","Nup35","69482","Nucleoporin NUP35",0,0
"Q9CQM9","Glrx3","30926","Glutaredoxin-3",0,0
"O89050","Mkln1","27418","Muskelin",0,0
"Q8QZY9","Sf3b4","107701","Splicing factor 3B subunit 4",0,0
"Q00558","F8a1","14070","40-kDa huntingtin-associated protein",0,0
"Q9D8N0","Eef1g","67160","Elongation factor 1-gamma",0,0
"O88630","Gosr1","53334","Golgi SNAP receptor complex member 1",0,0
"Q9Z0V1","Kcnd3","56543","A-type voltage-gated potassium channel KCND3",0,0
"Q03719","Kcnd1","16506","A-type voltage-gated potassium channel KCND1",0,0.25
"Q9D0E1","Hnrnpm","76936","Heterogeneous nuclear ribonucleoprotein M",0,0
"Q6P5G6","Ubxn7","224111","UBX domain-containing protein 7",0,0
"Q9D2N9","Vps33a","77573","Vacuolar protein sorting-associated protein 33A",0,0
"Q04690","Nf1","18015","Neurofibromin",0,0
"Q9CR26","Vta1","125179616","Vacuolar protein sorting-associated protein VTA1 homolog",0,0
"Q8CGC7","Eprs1","107508","Bifunctional glutamate/proline--tRNA ligase",0,0
"O88952","Lin7c","22343","Protein lin-7 homolog C",0,0
"Q3THK3","Gtf2f1","98053","General transcription factor IIF subunit 1",0,0
"Q8K2Q0","Commd9","76501","COMM domain-containing protein 9",0,0
"Q9Z0Y1","Dctn3","53598","Dynactin subunit 3",0,0
"O88951","Lin7b","22342","Protein lin-7 homolog B",0,0
"B2RQC6","Cad","69719","Multifunctional protein CAD",0,0
"Q5NCQ5","Dph1","116905","2-(3-amino-3-carboxypropyl)histidine synthase subunit 1",0,0
"Q9QZ08","Nagk","56174","N-acetyl-D-glucosamine kinase",0,0
"Q8CIG8","Prmt5","27374","Protein arginine N-methyltransferase 5",0,0
"Q60936","Coq8a","67426","Atypical kinase COQ8A, mitochondrial",0,0
"P70380","Il18","16173","Interleukin-18",0,0
"Q91VC3","Eif4a3","192170","Eukaryotic initiation factor 4A-III",0,0
"P62322","Lsm5","66373","U6 snRNA-associated Sm-like protein LSm5",0,0
"Q3TXT3","Inip","66209","SOSS complex subunit C",0,0.5
"Q9D6K8","Fundc2","67391","FUN14 domain-containing protein 2",0,0
"Q9DBS1","Tmem43","74122","Transmembrane protein 43",0,0
"Q9D6Y9","Gbe1","74185","1,4-alpha-glucan-branching enzyme",0,0
"Q8VBT9","Aspscr1","68938","Tether containing UBX domain for GLUT4",0,0
"Q9CQ60","Pgls","66171","6-phosphogluconolactonase",0,0
"A2BDX3","Mocs3","69372","Adenylyltransferase and sulfurtransferase MOCS3",0,0
"Q3TDN2","Faf2","76577","FAS-associated factor 2",0,0
"Q9D2R6","Coa3","52469","Cytochrome c oxidase assembly factor 3 homolog, mitochondrial",0,0
"Q60902","Eps15l1","13859","Epidermal growth factor receptor substrate 15-like 1",0,0
"Q8K0T0","Rtn1","104001","Reticulon-1",0,0
"Q9D0R8","Lsm12","268490","Protein LSM12",0,0
"Q99J99","Mpst","246221","3-mercaptopyruvate sulfurtransferase",0,0
"Q62523","Zyx","22793","Zyxin",0,0
"P56213","Gfer","11692","FAD-linked sulfhydryl oxidase ALR",0,0
"Q8BLY2","Tars3","272396","Threonine--tRNA ligase 2, cytoplasmic",0,0
"Q8BJY1","Psmd5","66998","26S proteasome non-ATPase regulatory subunit 5",0,0
"Q8C5W0","Clmn","94040","Calmin",0,0
"P62827","Ran","19384","GTP-binding nuclear protein Ran",0,0
"Q9WV98","Timm9","30056","Mitochondrial import inner membrane translocase subunit Tim9",0,0
"Q8JZY2","Commd10","69456","COMM domain-containing protein 10",0,0
"O88384","Vti1b","53612","Vesicle transport through interaction with t-SNAREs homolog 1B",0,0
"Q9CYN2","Spcs2","66624","Signal peptidase complex subunit 2",0,0
"Q3TFQ1","Spryd7","66674","SPRY domain-containing protein 7",0,0
"Q66GT5","Ptpmt1","66461","Phosphatidylglycerophosphatase and protein-tyrosine phosphatase 1",0,0
"Q61249","Igbp1","18518","Immunoglobulin-binding protein 1",0,0
"Q8BYK5","Phactr3","74189","Phosphatase and actin regulator 3",0,0
"Q99104","Myo5a","17918","Unconventional myosin-Va",0,0
"Q8BFU3","Rnf214","235315","RING finger protein 214",0,0
"P54822","Adsl","11564","Adenylosuccinate lyase",0,0
"Q6NZB0","Dnajc8","68598","DnaJ homolog subfamily C member 8",0,0
"O35864","Cops5","26754","COP9 signalosome complex subunit 5",0,0
"Q9D892","Itpa","16434","Inosine triphosphate pyrophosphatase",0,0
"Q91X84","Crtc3","70461","CREB-regulated transcription coactivator 3",0.5,0
"E9PUL5","Prrt2","69017","Proline-rich transmembrane protein 2",0,0
"Q9CRB6","Tppp3","67971","Tubulin polymerization-promoting protein family member 3",0,0
"Q9CWM4","Pfdn1","67199","Prefoldin subunit 1",0,0
"Q8CHW4","Eif2b5","224045","Translation initiation factor eIF2B subunit epsilon",0,0
"Q9QYI3","Dnajc7","56354","DnaJ homolog subfamily C member 7",0,0
"P97496","Smarcc1","20588","SWI/SNF complex subunit SMARCC1",0,0
"Q9CR62","Slc25a11","67863","Mitochondrial 2-oxoglutarate/malate carrier protein",0,0
"Q61136","Prp4k","19134","Serine/threonine-protein kinase PRP4 homolog",0,0
"Q9JK23","Psmg1","56088","Proteasome assembly chaperone 1",0,0
"Q9DCC4","Pycr3","66194","Pyrroline-5-carboxylate reductase 3",0,0
"Q8VDN4","Ccdc92","215707","Coiled-coil domain-containing protein 92",0,0
"Q9CZY3","Ube2v1","66589","Ubiquitin-conjugating enzyme E2 variant 1",0,0
"Q8BTX9","Hsdl1","72552","Inactive hydroxysteroid dehydrogenase-like protein 1",0,0
"Q9JMA2","Qtrt1","60507","Queuine tRNA-ribosyltransferase catalytic subunit 1",0,0
"Q9D8U8","Snx5","69178","Sorting nexin-5",0,0
"Q3UFF7","Lyplal1","226791","Lysophospholipase-like protein 1",0,0
"Q9D198","Syf2","68592","Pre-mRNA-splicing factor SYF2",0,0.25
"Q8R1Z9","Rnf121","75212","E3 ubiquitin ligase Rnf121",0,0
"Q91V09","Wdr13","73447","WD repeat-containing protein 13",0,0
"Q91W86","Vps11","71732","Vacuolar protein sorting-associated protein 11 homolog",0,0
"Q9D8E6","Rpl4","67891","Large ribosomal subunit protein uL4",0,0
"P16045","Lgals1","16852","Galectin-1",0,0
"Q9DBR3","Armc8","74125","Armadillo repeat-containing protein 8",0,0
"Q8BMG7","Rab3gap2","98732","Rab3 GTPase-activating protein non-catalytic subunit",0,0
"Q791V5","Mtch2","56428","Mitochondrial carrier homolog 2",0,0
"Q9ESX5","Dkc1","245474","H/ACA ribonucleoprotein complex subunit DKC1",0,0
"P11404","Fabp3","14077","Fatty acid-binding protein, heart",0,0
"E9Q401","Ryr2","20191","Ryanodine receptor 2",0,0
"Q9D708","S100a16","67860","Protein S100-A16",0,0
"Q8VH51","Rbm39","170791","RNA-binding protein 39",0,0
"P63242","Eif5a","276770","Eukaryotic translation initiation factor 5A-1",0,0
"Q8BWY3","Etf1","225363","Eukaryotic peptide chain release factor subunit 1",0,0
"P62311","Lsm3","67678","U6 snRNA-associated Sm-like protein LSm3",0,0
"Q9D289","Trappc6b","78232","Trafficking protein particle complex subunit 6B",0,0
"Q3UHD6","Snx27","76742","Sorting nexin-27",0,0
"P56812","Pdcd5","56330","Programmed cell death protein 5",0,0
"Q8BGY2","Eif5a2","208691","Eukaryotic translation initiation factor 5A-2",0,0
"Q9Z2Z6","Slc25a20","57279","Mitochondrial carnitine/acylcarnitine carrier protein",0,0
"O70310","Nmt1","18107","Glycylpeptide N-tetradecanoyltransferase 1",0,0
"Q9WUK2","Eif4h","22384","Eukaryotic translation initiation factor 4H",0,0
"P47753","Capza1","12340","F-actin-capping protein subunit alpha-1",0,0
"P27601","Gna13","14674","Guanine nucleotide-binding protein subunit alpha-13",0,0
"O35295","Purb","19291","Transcriptional regulator protein Pur-beta",0,0
"P62141","Ppp1cb","19046","Serine/threonine-protein phosphatase PP1-beta catalytic subunit",0,0
"Q9JK92","Hspb8","80888","Heat shock protein beta-8",0,0
"Q9EPK7","Xpo7","65246","Exportin-7",0,0
"P62281","Rps11","27207","Small ribosomal subunit protein uS17",0,0
"Q6ZWY8","Tmsb10","19240","Thymosin beta-10",0,0
"Q9CT10","Ranbp3","71810","Ran-binding protein 3",0,0
"P47754","Capza2","12343","F-actin-capping protein subunit alpha-2",0,0
"Q8BG81","Poldip3","73826","Polymerase delta-interacting protein 3",0,0
"P27546","Map4","17758","Microtubule-associated protein 4",0,0
"Q9D7V2","Lysmd2","70082","LysM and putative peptidoglycan-binding domain-containing protein 2",0,0
"P40124","Cap1","12331","Adenylyl cyclase-associated protein 1",0,0
"Q8C0C7","Farsa","66590","Phenylalanine--tRNA ligase alpha subunit",0,0
"P68404","Prkcb","18751","Protein kinase C beta type",0,0
"Q61768","Kif5b","16573","Kinesin-1 heavy chain",0,0
"P28738","Kif5c","16574","Kinesin heavy chain isoform 5C",0,0
"Q9D0D5","Gtf2e1","74197","General transcription factor IIE subunit 1",0,0.25
"O55023","Impa1","55980","Inositol monophosphatase 1",0,0
"Q9DAR7","Dcps","69305","m7GpppX diphosphatase",0,0
"Q925N0","Sfxn5","94282","Sideroflexin-5",0,0
"Q99KK7","Dpp3","75221","Dipeptidyl peptidase 3",0,0
"Q9CR67","Tmem33","67878","Transmembrane protein 33",0,0
"Q9WTZ1","Rnf7","19823","RING-box protein 2",0,0
"Q9CWZ3","Rbm8a","60365","RNA-binding protein 8A",0,0
"Q8JZM7","Cdc73","214498","Parafibromin",0,0
"P20444","Prkca","18750","Protein kinase C alpha type",0,0
"Q91WJ8","Fubp1","51886","Far upstream element-binding protein 1",0,0
"Q6PB70","Ano8","382014","Anoctamin-8",0,0
"Q8CHP8","Pgp","67078","Phosphoglycolate phosphatase",0,0
"Q8BMI3","Gga3","260302","ADP-ribosylation factor-binding protein GGA3",0,0
"Q9D0C1","Rnf115","67845","E3 ubiquitin-protein ligase RNF115",0.5,0
"Q91YL2","Rnf126","70294","E3 ubiquitin-protein ligase RNF126",0,0
"Q60930","Vdac2","22334","Non-selective voltage-gated ion channel VDAC2",0,0
"P60879","Snap25","20614","Synaptosomal-associated protein 25",0,0
"O55091","Impact","16210","Protein IMPACT",0,0
"P63323","Rps12","20042","Small ribosomal subunit protein eS12",0,0
"Q8BP27","Sfr1","67788","Swi5-dependent recombination DNA repair protein 1 homolog",0,0
"P21981","Tgm2","21817","Protein-glutamine gamma-glutamyltransferase 2",0,0
"Q99JN2","Klhl22","224023","Kelch-like protein 22",0,0
"Q9Z1Q5","Clic1","114584","Chloride intracellular channel protein 1",0,0
"Q3UFY7","Nt5c3b","68106","7-methylguanosine phosphate-specific 5'-nucleotidase",0,0
"Q99M51","Nck1","17973","SH2/SH3 adapter protein Nck1",0,0
"P56376","Acyp1","66204","Acylphosphatase-1",0,0
"P61148","Fgf1","14164","Fibroblast growth factor 1",0,0
"P58389","Ptpa","110854","Serine/threonine-protein phosphatase 2A activator",0,0
"Q8R5H1","Usp15","14479","Ubiquitin carboxyl-terminal hydrolase 15",0,0
"P19253","Rpl13a","22121","Large ribosomal subunit protein uL13",0,0
"Q8CA72","Gan","209239","Gigaxonin",0,0
"Q923M0","Ppp1r16a","73062","Protein phosphatase 1 regulatory subunit 16A",0,0
"Q8BG95","Ppp1r12b","329251","Protein phosphatase 1 regulatory subunit 12B",0,0
"P62077","Timm8b","30057","Mitochondrial import inner membrane translocase subunit Tim8 B",0,0
"Q9JHQ5","Lztfl1","93730","Leucine zipper transcription factor-like protein 1",0,0
"Q9QYG0","Ndrg2","29811","Protein NDRG2",0,0
"P62484","Abi2","329165","Abl interactor 2",0,0
"Q8CBW3","Abi1","11308","Abl interactor 1",0,0
"P56399","Usp5","22225","Ubiquitin carboxyl-terminal hydrolase 5",0,0
"Q922Y1","Ubxn1","225896","UBX domain-containing protein 1",0,0
"O35344","Kpna3","16648","Importin subunit alpha-4",0,0
"Q78ZA7","Nap1l4","17955","Nucleosome assembly protein 1-like 4",0,0
"Q8VDQ8","Sirt2","64383","NAD-dependent protein deacetylase sirtuin-2",0,0
"Q9CPU0","Glo1","109801","Lactoylglutathione lyase",0,0
"Q5SYD0","Myo1d","338367","Unconventional myosin-Id",0,0
"Q00612","G6pdx","14381","Glucose-6-phosphate 1-dehydrogenase X",0,0
"Q8R317","Ubqln1","56085","Ubiquilin-1",0,0
"Q8R313","Exoc6","107371","Exocyst complex component 6",0,0
"Q9JMG1","Edf1","59022","Endothelial differentiation-related factor 1",0,0
"P63046","Sult4a1","29859","Sulfotransferase 4A1",0,0
"Q9R0X5","Rpgr","19893","X-linked retinitis pigmentosa GTPase regulator",0,0
"Q3TZX8","Nol9","74035","Polynucleotide 5'-hydroxyl-kinase NOL9",0,0
"P60670","Nploc4","217365","Nuclear protein localization protein 4 homolog",0,0
"A6H630","Dcph1","73419","Damage-control phosphatase 1",0,0
"Q91XI1","Dus3l","224907","tRNA-dihydrouridine(47) synthase [NAD(P)(+)]-like",0,0
"D3YXK2","Safb","224903","Scaffold attachment factor B1",0,0
"P33175","Kif5a","16572","Kinesin heavy chain isoform 5A",0,0
"O70492","Snx3","54198","Sorting nexin-3",0,0
"Q91ZR1","Rab4b","19342","Ras-related protein Rab-4B",0,0
"P62627","Dynlrb1","67068","Dynein light chain roadblock-type 1",0,0
"P42128","Foxk1","17425","Forkhead box protein K1",0,0
"Q8CES0","Naa30","70646","N-alpha-acetyltransferase 30",0,0
"Q9CR98","Timcc","66488","TIM double twin CX3C motif protein",0,0
"P60229","Eif3e","16341","Eukaryotic translation initiation factor 3 subunit E",0,0
"Q62048","Pea15","18611","Astrocytic phosphoprotein PEA-15",0,0
"Q9D883","U2af1","108121","Splicing factor U2AF 35 kDa subunit",0,0
"Q61753","Phgdh","236539","D-3-phosphoglycerate dehydrogenase",0,0
"Q9CQJ8","Ndufb9","66218","NADH dehydrogenase [ubiquinone] 1 beta subcomplex subunit 9",0,0
"Q8BKH7","Mapkap1","227743","Target of rapamycin complex 2 subunit MAPKAP1",0,0
"Q6ZPR5","Smpd4","77626","Sphingomyelin phosphodiesterase 4",0,0
"P53808","Pctp","18559","Phosphatidylcholine transfer protein",0.25,0
"Q8C8T8","Tsr2","69499","Pre-rRNA-processing protein TSR2 homolog",0,0
"Q925E7","Ppp2r2d","52432","Serine/threonine-protein phosphatase 2A 55 kDa regulatory subunit B delta isoform",0,0
"Q6P1F6","Ppp2r2a","71978","Serine/threonine-protein phosphatase 2A 55 kDa regulatory subunit B alpha isoform",0,0
"Q9D2U5","Naa38","78304","N-alpha-acetyltransferase 38, NatC auxiliary subunit",0,0
"Q9Z1B3","Plcb1","18795","1-phosphatidylinositol 4,5-bisphosphate phosphodiesterase beta-1",0,0
"P51432","Plcb3","18797","1-phosphatidylinositol 4,5-bisphosphate phosphodiesterase beta-3",0,0
"Q80TL0","Ppm1e","320472","Protein phosphatase 1E",0,0
"P70268","Pkn1","320795","Serine/threonine-protein kinase N1",0,0
"Q9D1X9","Tmem50b","77975","Transmembrane protein 50B",0,0
"Q9Z0N2","Eif2s3y","26908","Eukaryotic translation initiation factor 2 subunit 3, Y-linked",0,0
"Q9Z0N1","Eif2s3x","26905","Eukaryotic translation initiation factor 2 subunit 3, X-linked",0,0
"O88939","Zbtb7a","16969","Zinc finger and BTB domain-containing protein 7A",0,0
"Q8C172","Cers6","241447","Ceramide synthase 6",0,0
"Q921I9","Exosc4","109075","Exosome complex component RRP41",0,0
"Q9CWS0","Ddah1","69219","N(G),N(G)-dimethylarginine dimethylaminohydrolase 1",0,0
"P63318","Prkcg","18752","Protein kinase C gamma type",0,0
"Q6PD24","Ankrd13d","68423","Ankyrin repeat domain-containing protein 13D",0,0
"Q6IRU2","Tpm4","326618","Tropomyosin alpha-4 chain",0,0
"Q8BIQ5","Cstf2","108062","Cleavage stimulation factor subunit 2",0,0
"Q921H9","Coa7","69893","Cytochrome c oxidase assembly factor 7",0,0
"Q64010","Crk","12928","Adapter molecule crk",0,0
"Q920I9","Wdr7","104082","WD repeat-containing protein 7",0,0
"Q3U487","Hectd3","76608","E3 ubiquitin-protein ligase HECTD3",0,0
"Q08331","Calb2","12308","Calretinin",0,0
"Q64520","Guk1","14923","Guanylate kinase",0,0
"Q3U3Q1","Ulk3","71742","Serine/threonine-protein kinase ULK3",0,0
"Q64433","Hspe1","15528","10 kDa heat shock protein, mitochondrial",0,0
"Q91VR8","Brk1","101314","Protein BRICK1",0,0
"Q99JY9","Actr3","74117","Actin-related protein 3",0,0
"Q9D6R2","Idh3a","67834","Isocitrate dehydrogenase [NAD] subunit alpha, mitochondrial",0,0
"Q8VE09","Ttc39c","72747","Tetratricopeptide repeat protein 39C",0,0
"Q641P0","Actr3b","242894","Actin-related protein 3B",0,0
"Q9ER72","Cars1","27267","Cysteine--tRNA ligase, cytoplasmic",0,0
"Q8VED9","Lgalsl","216551","Galectin-related protein",0,0
"Q9D287","Bcas2","68183","Pre-mRNA-splicing factor SPF27",0,0
"Q99PW4","Tp53rkb","76367","EKC/KEOPS complex subunit Tp53rkb",0,0
"Q9QXS6","Dbn1","56320","Drebrin",0,0
"Q6P5F7","Ttyh3","78339","Protein tweety homolog 3",0,0
"P62962","Pfn1","18643","Profilin-1",0,0
"Q80TA1","Selenoi","28042","Ethanolaminephosphotransferase 1",0,0
"Q8C166","Cpne1","266692","Copine-1",0,0
"Q923B0","Ggact","223267","Gamma-glutamylaminecyclotransferase",0,0
"Q8BFV2","Pcid2","234069","PCI domain-containing protein 2",0,0
"Q9Z0P5","Twf2","23999","Twinfilin-2",0,0
"Q99KH8","Stk24","223255","Serine/threonine-protein kinase 24",0,0
"P70280","Vamp7","20955","Vesicle-associated membrane protein 7",0,0
"Q3SXD3","Hddc2","69692","5'-deoxynucleotidase HDDC2",0,0
"Q3THK7","Gmps","229363","GMP synthase [glutamine-hydrolyzing]",0,0
"P62196","Psmc5","19184","26S proteasome regulatory subunit 8",0,0
"Q9CPZ8","Cmc1","67899","COX assembly mitochondrial protein homolog",0,0
"Q80YA9","Cnksr2","245684","Connector enhancer of kinase suppressor of ras 2",0,0
"Q9JL62","Gltp","56356","Glycolipid transfer protein",0,0
"Q9D1P4","Chordc1","66917","Cysteine and histidine-rich domain-containing protein 1",0,0
"Q8C181","Mbnl2","105559","Muscleblind-like protein 2",0,0
"Q8BGR9","Ublcp1","79560","Ubiquitin-like domain-containing CTD phosphatase 1",0,0
"Q3TUH1","Tamm41","68971","Phosphatidate cytidylyltransferase, mitochondrial",0,0
"P50518","Atp6v1e1","11973","V-type proton ATPase subunit E 1",0,0
"Q5DTY9","Kctd16","383348","BTB/POZ domain-containing protein KCTD16",0,0
"Q9QYB1","Clic4","29876","Chloride intracellular channel protein 4",0,0
"Q60676","Ppp5c","19060","Serine/threonine-protein phosphatase 5",0,0
"Q9DBZ5","Eif3k","73830","Eukaryotic translation initiation factor 3 subunit K",0,0
"Q8VEK0","Tmem30a","69981","Cell cycle control protein 50A",0,0
"Q7TSE6","Stk38l","232533","Serine/threonine-protein kinase 38-like",0,0
"Q99JW4","Lims1","110829","LIM and senescent cell antigen-like-containing domain protein 1",0,0
"Q6ZPU9","Kifbp","72320","KIF-binding protein",0,0
"Q8R1G2","Cmbl","69574","Carboxymethylenebutenolidase homolog",0,0
"P61087","Ube2k","53323","Ubiquitin-conjugating enzyme E2 K",0,0
"Q8JZP9","Gas2l1","78926","GAS2-like protein 1",0,0
"Q9QYJ0","Dnaja2","56445","DnaJ homolog subfamily A member 2",0,0
"Q9D4V0","Etnk1","75320","Ethanolamine kinase 1",0,0
"Q9CQ56","Use1","67023","Vesicle transport protein USE1",0,0
"A2ASI5","Scn3a","20269","Sodium channel protein type 3 subunit alpha",0,0
"Q8VD04","Gripap1","54645","GRIP1-associated protein 1",0,0
"Q8CAK3","Shfl","319278","Shiftless antiviral inhibitor of ribosomal frameshifting protein homolog",0,0
"Q505B7","Zbtb8os","67106","tRNA-splicing ligase-activating factor archease",0,0
"Q9QUH0","Glrx","93692","Glutaredoxin-1",0,0
"P48543","Kcnj9","16524","G protein-activated inward rectifier potassium channel 3",0,0
"P56389","Cda","72269","Cytidine deaminase",0,0
"Q8BI72","Cdkn2aip","70925","CDKN2A-interacting protein",0,0
"Q68FE2","Atg9a","245860","Autophagy-related protein 9A",0,0
"O54829","Rgs7","24012","Regulator of G protein signaling 7",0,0
"Q68FD5","Cltc","67300","Clathrin heavy chain 1",0,0
"O35551","Rabep1","54189","Rab GTPase-binding effector protein 1",0,0
"Q6ZWZ2","Ube2r2","67615","Ubiquitin-conjugating enzyme E2 R2",0,0
"B1AWN6","Scn2a","110876","Sodium channel protein type 2 subunit alpha",0,0
"P56371","Rab4a","19341","Ras-related protein Rab-4A",0,0
"Q9ESZ8","Gtf2i","14886","General transcription factor II-I",0,0
"P42227","Stat3","20848","Signal transducer and activator of transcription 3",0,0
"P07091","S100a4","20198","Protein S100-A4",0,0
"P52623","Uck1","22245","Uridine-cytidine kinase 1",0,0
"Q9JJG6","Tmem47","192216","Transmembrane protein 47",0,0
"O88543","Cops3","26572","COP9 signalosome complex subunit 3",0,0
"O35127","Grcc10","14790","Protein C10",0,0
"Q9WV55","Vapa","30960","Vesicle-associated membrane protein-associated protein A",0,0
"P63011","Rab3a","19339","Ras-related protein Rab-3A",0,0
"Q61191","Hcfc1","15161","Host cell factor 1",0,0
"Q3UJB9","Edc4","234699","Enhancer of mRNA-decapping protein 4",0,0
"E9Q3G8","Nup153","218210","Nuclear pore complex protein Nup153",0,0
"P46061","Rangap1","19387","Ran GTPase-activating protein 1",0,0
"Q9ESN6","Trim2","80890","Tripartite motif-containing protein 2",0,0
"B1AVZ0","Uprt","331487","Uracil phosphoribosyltransferase homolog",0,0
"Q6WKZ8","Ubr2","224826","E3 ubiquitin-protein ligase UBR2",0,0
"Q8BVA5","Ldah","68832","Lipid droplet-associated hydrolase",0,0
"Q9WU78","Pdcd6ip","18571","Programmed cell death 6-interacting protein",0,0
"O54692","Zw10","26951","Centromere/kinetochore protein zw10 homolog",0,0
"Q01853","Vcp","269523","Transitional endoplasmic reticulum ATPase",0,0
"Q9WV80","Snx1","56440","Sorting nexin-1",0,0
"Q61171","Prdx2","21672","Peroxiredoxin-2",0,0
"Q9D1F4","Akt1s1","67605","Proline-rich AKT1 substrate 1",0,0
"Q9CQ65","Mtap","66902","S-methyl-5'-thioadenosine phosphorylase",0,0
"Q9ERE8","Tlnrd1","80889","Talin rod domain-containing protein 1",0,0.25
"Q8BUR9","Mzt1","76789","Mitotic-spindle organizing protein 1",0,0
"Q9DBC7","Prkar1a","19084","cAMP-dependent protein kinase type I-alpha regulatory subunit",0,0
"P18760","Cfl1","12631","Cofilin-1",0,0
"Q9R0P5","Dstn","56431","Destrin",0,0
"P45591","Cfl2","12632","Cofilin-2",0,0
"P45376","Akr1b1","11677","Aldo-keto reductase family 1 member B1",0,0
"Q8VHQ3","Ppp1r16b","228852","Protein phosphatase 1 regulatory inhibitor subunit 16B",0,0
"Q8R307","Vps18","228545","Vacuolar protein sorting-associated protein 18 homolog",0,0
"O35639","Anxa3","11745","Annexin A3",0,0
"Q6NS60","Fbxo41","330369","F-box only protein 41",0,0
"Q8CBY8","Dctn4","67665","Dynactin subunit 4",0,0
"P21619","Lmnb2","16907","Lamin-B2",0,0
"P80314","Cct2","12461","T-complex protein 1 subunit beta",0,0
"Q8C3W1","Q8C3W1","69551","Uncharacterized protein C1orf198 homolog",0,0
"P63213","Gng2","14702","Guanine nucleotide-binding protein G(I)/G(S)/G(O) subunit gamma-2",0,0
"Q9Z204","Hnrnpc","15381","Heterogeneous nuclear ribonucleoproteins C1/C2",0,0
"Q99KP3","Cryl1","68631","Lambda-crystallin homolog",0,0
"Q6IR34","Gpsm1","67839","G protein-signaling modulator 1",0,0
"P48320","Gad2","14417","Glutamate decarboxylase 2",0,0
"P12849","Prkar1b","19085","cAMP-dependent protein kinase type I-beta regulatory subunit",0,0
"Q9CR51","Atp6v1g1","66290","V-type proton ATPase subunit G 1",0,0
"Q9WTT4","Atp6v1g2","66237","V-type proton ATPase subunit G 2",0,0
"Q78PY7","Snd1","56463","Staphylococcal nuclease domain-containing protein 1",0,0
"P54227","Stmn1","16765","Stathmin",0,0
"Q9R0A0","Pex14","56273","Peroxisomal membrane protein PEX14",0,0
"Q9Z0S1","Bpnt1","23827","3'(2'),5'-bisphosphate nucleotidase 1",0,0
"P51830","Adcy9","11515","Adenylate cyclase type 9",0,0
"Q91WV0","Dr1","13486","Protein Dr1",0,0
"Q91XU3","Pip4k2c","117150","Phosphatidylinositol 5-phosphate 4-kinase type-2 gamma",0,0
"P59017","Bcl2l13","94044","Bcl-2-like protein 13",0,0
"Q8CGY8","Ogt","108155","UDP-N-acetylglucosamine--peptide N-acetylglucosaminyltransferase 110 kDa subunit",0,0
"Q91V01","Lpcat3","14792","Lysophospholipid acyltransferase 5",0,0
"P43006","Slc1a2","20511","Excitatory amino acid transporter 2",0,0
"Q6PHZ2","Camk2d","108058","Calcium/calmodulin-dependent protein kinase type II subunit delta",0,0
"Q9CQV7","Dnajc19","67713","Mitochondrial import inner membrane translocase subunit TIM14",0,0
"P80316","Cct5","12465","T-complex protein 1 subunit epsilon",0,0
"Q9CXW3","Cacybp","12301","Calcyclin-binding protein",0,0
"P47955","Rplp1","56040","Large ribosomal subunit protein P1",0,0
"Q9D8W7","Ociad2","433904","OCIA domain-containing protein 2",0,0
"Q9CZT8","Rab3b","69908","Ras-related protein Rab-3B",0,0
"O35465","Fkbp8","14232","Peptidyl-prolyl cis-trans isomerase FKBP8",0,0
"Q9DBT5","Ampd2","109674","AMP deaminase 2",0,0
"Q9QYI5","Dnajb2","56812","DnaJ homolog subfamily B member 2",0,0
"Q64514","Tpp2","22019","Tripeptidyl-peptidase 2",0,0
"Q5U458","Dnajc11","230935","DnaJ homolog subfamily C member 11",0,0
"Q3TDK6","Rogdi","66049","Protein rogdi homolog",0,0
"P28740","Kif2a","16563","Kinesin-like protein KIF2A",0,0
"Q91V41","Rab14","68365","Ras-related protein Rab-14",0,0
"P14733","Lmnb1","16906","Lamin-B1",0,0
"Q9DCL9","Paics","67054","Bifunctional phosphoribosylaminoimidazole carboxylase/phosphoribosylaminoimidazole succinocarboxamide synthetase",0,0
"Q9D8Y0","Efhd2","27984","EF-hand domain-containing protein D2",0,0
"Q9CQJ6","Denr","68184","Density-regulated protein",0,0
"Q3TEA8","Hp1bp3","15441","Heterochromatin protein 1-binding protein 3",0,0
"B9EJA2","Cttnbp2","30785","Cortactin-binding protein 2",0,0
"Q61655","Ddx19a","13680","ATP-dependent RNA helicase DDX19A",0,0
"Q8BUV3","Gphn","268566","Gephyrin",0,0
"Q9D428","GOLGA7B","71146","Golgin subfamily A member 7B",0,0
"Q9CQM5","Txndc17","52700","Thioredoxin domain-containing protein 17",0,0
"Q64213","Sf1","22668","Splicing factor 1",0,0
"Q62189","Snrpa","53607","U1 small nuclear ribonucleoprotein A",0,0
"P11798","Camk2a","12322","Calcium/calmodulin-dependent protein kinase type II subunit alpha",0,0
"Q9Z2M7","Pmm2","54128","Phosphomannomutase 2",0,0
"Q99MN1","Kars1","85305","Lysine--tRNA ligase",0,0
"O88448","Klc2","16594","Kinesin light chain 2",0,0
"P31230","Aimp1","13722","Aminoacyl tRNA synthase complex-interacting multifunctional protein 1",0,0
"P57776","Eef1d","66656","Elongation factor 1-delta",0,0
"Q9CQX2","Cyb5b","66427","Cytochrome b5 type B",0,0
"O70172","Pip4k2a","18718","Phosphatidylinositol 5-phosphate 4-kinase type-2 alpha",0,0
"Q8BG40","Katnb1","74187","Katanin p80 WD40 repeat-containing subunit B1",0,0
"Q02248","Ctnnb1","12387","Catenin beta-1",0,0
"Q6ZQ58","Larp1","73158","La-related protein 1",0,0
"P15105","Glul","14645","Glutamine synthetase",0,0
"O08989","Mras","17532","Ras-related protein M-Ras",0,0
"Q8BHS3","Rbm22","66810","Pre-mRNA-splicing factor RBM22",0,0
"Q9D5V5","Cul5","75717","Cullin-5",0,0
"P51855","Gss","14854","Glutathione synthetase",0,0
"Q9JLI8","Sart3","53890","Spliceosome associated factor 3, U4/U6 recycling protein",0,0
"Q99J36","Thumpd1","233802","THUMP domain-containing protein 1",0,0
"Q923T9","Camk2g","12325","Calcium/calmodulin-dependent protein kinase type II subunit gamma",0,0
"Q9QZ06","Tollip","54473","Toll-interacting protein",0,0
"P28652","Camk2b","12323","Calcium/calmodulin-dependent protein kinase type II subunit beta",0,0
"Q9WTM5","Ruvbl2","20174","RuvB-like 2",0,0
"P12382","Pfkl","18641","ATP-dependent 6-phosphofructokinase, liver type",0,0
"P63073","Eif4e","13684","Eukaryotic translation initiation factor 4E",0,0
"P14873","Map1b","17755","Microtubule-associated protein 1B",0,0
"Q9D662","Sec23b","27054","Protein transport protein Sec23B",0,0
"Q8CG72","Adprs","100206","ADP-ribosylhydrolase ARH3",0,0
"Q99L88","Sntb1","20649","Beta-1-syntrophin",0,0
"Q8BHK0","Pnma2","239157","Paraneoplastic antigen Ma2 homolog",0.5,0.5
"O35621","Pmm1","29858","Phosphomannomutase 1",0,0
"Q8C1B7","Septin11","52398","Septin-11",0,0
"Q9JME7","Trappc2l","59005","Trafficking protein particle complex subunit 2-like protein",0,0
"Q8BZM1","Glmn","170823","Glomulin",0,0
"Q8BWQ6","Vps35l","71517","VPS35 endosomal protein-sorting factor-like",0,0
"Q61166","Mapre1","13589","Microtubule-associated protein RP/EB family member 1",0,0
"Q6PER3","Mapre3","100732","Microtubule-associated protein RP/EB family member 3",0,0
"Q3TLS3","Gdpgp1","269952","GDP-D-glucose phosphorylase 1",0,0
"Q4VC33","Maea","59003","E3 ubiquitin-protein transferase MAEA",0,0
"Q61187","Tsg101","22088","Tumor susceptibility gene 101 protein",0,0
"P54726","Rad23a","19358","Lysine-specific demethylase RAD23A",0,0
"Q14BB9","Map6d1","208158","MAP6 domain-containing protein 1",0,0
"Q7TSJ2","Map6","17760","Microtubule-associated protein 6",0,0
"Q9WV32","Arpc1b","11867","Actin-related protein 2/3 complex subunit 1B",0,0
"P59108","Cpne2","234577","Copine-2",0,0
"Q60605","Myl6","17904","Myosin light polypeptide 6",0,0
"Q60931","Vdac3","22335","Non-selective voltage-gated ion channel VDAC3",0,0
"P60710","Actb","11461","Actin, cytoplasmic 1",0,0
"P63260","Actg1","11465","Actin, cytoplasmic 2",0,0
"Q9CPR1","Rwdd4","192174","RWD domain-containing protein 4",0,0
"Q9D3A9","Ttyh1","57776","Protein tweety homolog 1",0,0
"Q91WQ3","Yars1","107271","Tyrosine--tRNA ligase, cytoplasmic",0,0
"Q80U93","Nup214","227720","Nuclear pore complex protein Nup214",0,0
"Q5M8N0","Cnrip1","380686","CB1 cannabinoid receptor-interacting protein 1",0,0
"Q91V61","Sfxn3","94280","Sideroflexin-3",0,0
"G5E829","Atp2b1","67972","Plasma membrane calcium-transporting ATPase 1",0,0
"Q9R0K7","Atp2b2","11941","Plasma membrane calcium-transporting ATPase 2",0,0
"Q6PEE3","Rrm2b","382985","Ribonucleoside-diphosphate reductase subunit M2 B",0,0
"P48962","Slc25a4","11739","ADP/ATP translocase 1",0,0
"P68510","Ywhah","22629","14-3-3 protein eta",0,0
"Q63918","Cavin2","20324","Caveolae-associated protein 2",0,0
"F8VPU2","Farp1","223254","FERM, ARHGEF and pleckstrin domain-containing protein 1",0,0
"Q9Z2Y3","Homer1","26556","Homer protein homolog 1",0,0
"Q9QWW1","Homer2","26557","Homer protein homolog 2",0,0
"Q61210","Arhgef1","16801","Rho guanine nucleotide exchange factor 1",0,0
"Q8BZ98","Dnm3","103967","Dynamin-3",0,0
"Q9D114","Hddc3","68695","Guanosine-3',5'-bis(diphosphate) 3'-pyrophosphohydrolase MESH1",0,0
"O88712","Ctbp1","13016","C-terminal-binding protein 1",0,0
"Q8BNN1","Spata2l","78779","Spermatogenesis-associated protein 2-like protein",0,0
"Q61481","Pde1a","18573","Dual specificity calcium/calmodulin-dependent 3',5'-cyclic nucleotide phosphodiesterase 1A",0,0
"Q8BHK1","Nipa1","233280","Magnesium transporter NIPA1",0,0
"Q8BJ42","Dlgap2","244310","Disks large-associated protein 2",0,0
"P46638","Rab11b","19326","Ras-related protein Rab-11B",0,0
"P26883","Fkbp1a","14225","Peptidyl-prolyl cis-trans isomerase FKBP1A",0,0
"P62259","Ywhae","22627","14-3-3 protein epsilon",0,0
"P35293","Rab18","19330","Ras-related protein Rab-18",0,0
"Q9QYF9","Ndrg3","29812","Protein NDRG3",0,0
"P23927","Cryab","12955","Alpha-crystallin B chain",0,0
"Q9EPL8","Ipo7","233726","Importin-7",0,0
"Q3UUG6","Tbc1d24","224617","TBC1 domain family member 24",0,0
"Q9CYZ2","Tpd52l2","66314","Tumor protein D54",0,0
"P62075","Timm13","30055","Mitochondrial import inner membrane translocase subunit Tim13",0,0
"Q8R5J9","Arl6ip5","65106","PRA1 family protein 3",0,0
"Q5DU25","Iqsec2","245666","IQ motif and SEC7 domain-containing protein 2",0,0
"Q8K1M6","Dnm1l","74006","Dynamin-1-like protein",0,0
"Q9CQ92","Fis1","66437","Mitochondrial fission 1 protein",0,0
"P63034","Cyth2","19158","Cytohesin-2",0,0
"Q9Z0J4","Nos1","18125","Nitric oxide synthase 1",0,0
"P35802","Gpm6a","234267","Neuronal membrane glycoprotein M6-a",0,0
"P19096","Fasn","14104","Fatty acid synthase",0,0
"Q8R191","Syngr3","20974","Synaptogyrin-3",0,0
"O55100","Syngr1","20972","Synaptogyrin-1",0,0
"P11983","Tcp1","21454","T-complex protein 1 subunit alpha",0,0
"P40142","Tkt","21881","Transketolase",0,0
"P56387","Dynlt3","67117","Dynein light chain Tctex-type 3",0,0
"P70168","Kpnb1","16211","Importin subunit beta-1",0,0
"Q8K0S0","Phyhip","105653","Phytanoyl-CoA hydroxylase-interacting protein",0,0
"P23492","Pnp","18950","Purine nucleoside phosphorylase",0,0
"Q8C079","Strip1","229707","Striatin-interacting protein 1",0,0
"O35239","Ptpn9","56294","Tyrosine-protein phosphatase non-receptor type 9",0,0
"Q64674","Srm","20810","Spermidine synthase",0,0
"P97441","Slc30a3","22784","Probable proton-coupled zinc antiporter SLC30A3",0,0
"Q9WV96","Timm10b","14356","Mitochondrial import inner membrane translocase subunit Tim10 B",0,0
"Q8VCT3","Rnpep","215615","Aminopeptidase B",0,0
"Q8VBY2","Camkk1","55984","Calcium/calmodulin-dependent protein kinase kinase 1",0,0
"Q8R5C5","Actr1b","226977","Beta-centractin",0,0
"P61164","Actr1a","54130","Alpha-centractin",0,0
"P61979","Hnrnpk","15387","Heterogeneous nuclear ribonucleoprotein K",0,0
"Q8K2C9","Hacd3","57874","Very-long-chain (3R)-3-hydroxyacyl-CoA dehydratase 3",0,0
"Q8BG05","Hnrnpa3","229279","Heterogeneous nuclear ribonucleoprotein A3",0,0
"Q9Z0P4","Palm","18483","Paralemmin-1",0,0
"Q8BGB5","Limd2","67803","LIM domain-containing protein 2",0,0
"P35803","Gpm6b","14758","Neuronal membrane glycoprotein M6-b",0,0
"Q9QXL2","Kif21a","16564","Kinesin-like protein KIF21A",0,0
"Q9CR68","Uqcrfs1","66694","Cytochrome b-c1 complex subunit Rieske, mitochondrial",0,0
"Q62426","Cstb","13014","Cystatin-B",0,0
"Q8CAY6","Acat2","110460","Acetyl-CoA acetyltransferase, cytosolic",0,0
"Q8R016","Blmh","104184","Bleomycin hydrolase",0,0
"Q9D1G1","Rab1b","76308","Ras-related protein Rab-1B",0,0
"Q9JII5","Dazap1","70248","DAZ-associated protein 1",0,0
"Q4KML4","Abracl","73112","Costars family protein ABRACL",0,0
"Q8JZQ9","Eif3b","27979","Eukaryotic translation initiation factor 3 subunit B",0,0
"Q9CQR2","Rps21","66481","Small ribosomal subunit protein eS21",0,0
"P62823","Rab3c","67295","Ras-related protein Rab-3C",0,0
"P62482","Kcnab2","16498","Voltage-gated potassium channel subunit beta-2",0,0
"Q8BGE6","Atg4b","66615","Cysteine protease ATG4B",0,0
"Q8R100","Calhm5","103511","Calcium homeostasis modulator protein 5",0.5,0.25
"Q52KI8","Srrm1","51796","Serine/arginine repetitive matrix protein 1",0,0
"P60335","Pcbp1","23983","Poly(rC)-binding protein 1",0,0
"Q8BYP3","Rhof","23912","Rho-related GTP-binding protein RhoF",0,0
"Q8BGQ7","Aars1","234734","Alanine--tRNA ligase, cytoplasmic",0,0
"Q62108","Dlg4","13385","Disks large homolog 4",0,0
"O55222","Ilk","16202","Scaffold protein ILK",0,0
"P30999","Ctnnd1","12388","Catenin delta-1",0,0
"Q921W0","Chmp1a","234852","Charged multivesicular body protein 1a",0,0
"O08579","Emd","13726","Emerin",0,0
"Q8BG39","Sv2b","64176","Synaptic vesicle glycoprotein 2B",0,0
"Q99K51","Pls3","102866","Plastin-3",0,0
"O55106","Strn","268980","Striatin",0,0
"O88291","Znf326","54367","DBIRD complex subunit ZNF326",0,0
"Q62203","Sf3a2","20222","Splicing factor 3A subunit 2",0,0
"Q8CGA4","Mturn","68235","Maturin",0,0
"Q91WE2","Psme3ip1","102122","PSME3-interacting protein",0,0
"Q9ERR1","Ndel1","83431","Nuclear distribution protein nudE-like 1",0,0
"P17225","Ptbp1","19205","Polypyrimidine tract-binding protein 1",0,0
"Q91Z31","Ptbp2","56195","Polypyrimidine tract-binding protein 2",0,0
"Q8BJH1","Zc2hc1a","67306","Zinc finger C2HC domain-containing protein 1A",0,0
"Q9D0I9","Rars1","104458","Arginine--tRNA ligase, cytoplasmic",0,0
"Q4ACU6","Shank3","58234","SH3 and multiple ankyrin repeat domains protein 3",0,0
"Q7TPR4","Actn1","109711","Alpha-actinin-1",0,0
"Q9CQI7","Snrpb2","20639","U2 small nuclear ribonucleoprotein B''",0,0
"Q9CYR6","Pgm3","109785","Phosphoacetylglucosamine mutase",0,0
"Q9DB34","Chmp2a","68953","Charged multivesicular body protein 2a",0,0
"Q8CI32","Bag5","70369","BAG family molecular chaperone regulator 5",0,0
"E9Q912","Rap1gds1","229877","Rap1 GTPase-GDP dissociation stimulator 1",0,0
"O09044","Snap23","20619","Synaptosomal-associated protein 23",0,0
"Q60854","Serpinb6","20719","Serpin B6",0,0
"Q5FWK3","Arhgap1","228359","Rho GTPase-activating protein 1",0,0
"P35283","Rab12","19328","Ras-related protein Rab-12",0,0
"Q501J2","Antkmt","214917","Adenine nucleotide translocase lysine N-methyltransferase",0,0
"P60060","Sec61g","20335","Protein transport protein Sec61 subunit gamma",0,0
"Q61990","Pcbp2","18521","Poly(rC)-binding protein 2",0,0
"P62869","Elob","67673","Elongin-B",0,0
"O55042","Snca","20617","Alpha-synuclein",0,0
"Q91ZZ3","Sncb","104069","Beta-synuclein",0,0
"Q9CWL8","Ctnnbl1","66642","Beta-catenin-like protein 1",0,0
"B9EJ86","Osbpl8","237542","Oxysterol-binding protein-related protein 8",0,0
"Q6PIP5","Nudcd1","67429","NudC domain-containing protein 1",0,0
"P61924","Copz1","56447","Coatomer subunit zeta-1",0,0
"Q6IFT4","Arhgap20","244867","Rho GTPase-activating protein 20",0,0.25
"P70697","Urod","22275","Uroporphyrinogen decarboxylase",0,0
"Q9CWE0","Mtfr1l","76824","Mitochondrial fission regulator 1-like",0,0
"O54818","Tpd52l1","21987","Tumor protein D53",0,0
"Q80UK0","Sestd1","228071","SEC14 domain and spectrin repeat-containing protein 1",0,0
"Q9JJ28","Flii","14248","Protein flightless-1 homolog",0,0
"Q9D1L9","Lamtor5","68576","Ragulator complex protein LAMTOR5",0,0
"O55137","Acot1","26897","Acyl-coenzyme A thioesterase 1",0,0
"P14148","Rpl7","19989","Large ribosomal subunit protein uL30",0,0
"P10711","Tcea1","21399","Transcription elongation factor A protein 1",0,0
"Q99LC8","Eif2b1","209354","Translation initiation factor eIF2B subunit alpha",0,0
"Q9JHG6","Rcan1","54720","Calcipressin-1",0,0
"Q99P72","Rtn4","68585","Reticulon-4",0,0
"Q9CQ71","Rpa3","68240","Replication protein A 14 kDa subunit",0,0
"Q9WTX8","Mad1l1","17120","Mitotic spindle assembly checkpoint protein MAD1",0,0
"Q9Z130","Hnrnpdl","50926","Heterogeneous nuclear ribonucleoprotein D-like",0,0
"Q921Q7","Rin1","225870","Ras and Rab interactor 1",0,0
"Q8CHG3","Gcc2","70297","GRIP and coiled-coil domain-containing protein 2",0,0
"Q8BIW1","Prune1","229589","Exopolyphosphatase PRUNE1",0,0
"Q8BFT9","Svop","68666","Synaptic vesicle 2-related protein",0,0
"Q9JIS5","Sv2a","64051","Synaptic vesicle glycoprotein 2A",0,0
"P54775","Psmc4","23996","26S proteasome regulatory subunit 6B",0,0
"O70566","Diaph2","54004","Protein diaphanous homolog 2",0,0
"P35922","Fmr1","14265","Fragile X messenger ribonucleoprotein 1",0,0
"Q8C7M3","Trim9","94090","E3 ubiquitin-protein ligase TRIM9",0,0
"Q9JJC6","Rilpl1","75695","RILP-like protein 1",0,0
"Q3V4B5","Commd6","66200","COMM domain-containing protein 6",0,0
"Q91ZT5","Fgd4","224014","FYVE, RhoGEF and PH domain-containing protein 4",0,0
"Q8CGU1","Calcoco1","67488","Calcium-binding and coiled-coil domain-containing protein 1",0,0
"Q8R0A5","Tceal3","594844","Transcription elongation factor A protein-like 3",0,0
"Q9JMF3","Gng13","64337","Guanine nucleotide-binding protein G(I)/G(S)/G(O) subunit gamma-13",0,0
"Q5SRX1","Tom1l2","216810","TOM1-like protein 2",0,0
"Q8K341","Atat1","73242","Alpha-tubulin N-acetyltransferase 1",0,0
"Q3TXX4","Slc17a7","72961","Vesicular glutamate transporter 1",0,0
"Q3UFK8","Frmd8","67457","FERM domain-containing protein 8",0,0
"Q8R238","Sdsl","257635","Serine dehydratase-like",0,0
"Q8C0L8","Cog5","238123","Conserved oligomeric Golgi complex subunit 5",0,0
"Q6P8X1","Snx6","72183","Sorting nexin-6",0,0
"O54916","Reps1","19707","RalBP1-associated Eps domain-containing protein 1",0,0
"Q3TXU5","Dhps","330817","Deoxyhypusine synthase",0,0
"Q8VCN9","Tbcc","72726","Tubulin-specific chaperone C",0,0
"Q5U4D9","Thoc6","386612","THO complex subunit 6 homolog",0,0
"Q99KC8","Vwa5a","67776","von Willebrand factor A domain-containing protein 5A",0,0
"Q99N57","Raf1","110157","RAF proto-oncogene serine/threonine-protein kinase",0,0
"P70202","Lxn","17035","Latexin",0,0
"O88809","Dcx","13193","Neuronal migration protein doublecortin",0,0
"Q9WV31","Arc","11838","Activity-regulated cytoskeleton-associated protein",0,0
"P61166","Tmem258","69038","Dolichyl-diphosphooligosaccharide--protein glycosyltransferase subunit TMEM258",0,0
"Q58A65","Spag9","70834","C-Jun-amino-terminal kinase-interacting protein 4",0,0
"Q9QZB9","Dctn5","59288","Dynactin subunit 5",0,0
"Q8CAB8","Castor2","80909","Cytosolic arginine sensor for mTORC1 subunit 2",0,0
"Q8BGS2","Bola2","66162","BolA-like protein 2",0,0
"Q9DBY5","Cbx6","494448","Chromobox protein homolog 6",0,0.25
"P97433","Arhgef28","110596","Rho guanine nucleotide exchange factor 28",0,0
"Q9ERK4","Cse1l","110750","Exportin-2",0,0
"Q63829","Commd3","12238","COMM domain-containing protein 3",0,0
"P0C8B4","Gon7","100233175","EKC/KEOPS complex subunit GON7",0,0
"Q7TMF3","Ndufa12","66414","NADH dehydrogenase [ubiquinone] 1 alpha subcomplex subunit 12",0,0
"Q924C1","Xpo5","72322","Exportin-5",0,0
"Q8CGZ0","Cherp","27967","Calcium homeostasis endoplasmic reticulum protein",0,0
"O55143","Atp2a2","11938","Sarcoplasmic/endoplasmic reticulum calcium ATPase 2",0,0
"Q9CZ69","Cmtm6","67213","CKLF-like MARVEL transmembrane domain-containing protein 6",0,0
"Q9DCT1","Akr1e2","56043","1,5-anhydro-D-fructose reductase",0,0
"Q9CX86","Hnrnpa0","77134","Heterogeneous nuclear ribonucleoprotein A0",0,0
"Q3V0K9","Pls1","102502","Plastin-1",0,0
"Q8BNW9","Kbtbd11","74901","Kelch repeat and BTB domain-containing protein 11",0,0
"Q78JE5","Fbxo22","71999","F-box only protein 22",0,0
"Q8VI75","Ipo4","75751","Importin-4",0,0
"Q8C996","Tmem163","72160","Transmembrane protein 163",0,0
"Q8R0H9","Gga1","106039","ADP-ribosylation factor-binding protein GGA1",0,0
"Q91X96","Rabif","98710","Guanine nucleotide exchange factor MSS4",0,0
"P60898","Polr2i","69920","DNA-directed RNA polymerase II subunit RPB9",0,0
"Q9CZG3","Commd8","27784","COMM domain-containing protein 8",0,0
"Q5SSL4","Abr","109934","Active breakpoint cluster region-related protein",0,0
"Q9CQT7","Desi1","28075","Desumoylating isopeptidase 1",0,0
"P04627","Araf","11836","Serine/threonine-protein kinase A-Raf",0,0
"Q9Z1R2","Bag6","224727","Large proline-rich protein BAG6",0,0
"O08808","Diaph1","13367","Protein diaphanous homolog 1",0,0
"O35304","Slc18a3","20508","Vesicular acetylcholine transporter",0,0.25
"P49070","Camlg","12328","Guided entry of tail-anchored proteins factor CAMLG",0,0
"Q9R1J0","Nsdhl","18194","Sterol-4-alpha-carboxylate 3-dehydrogenase, decarboxylating",0,0
"Q8C033","Arhgef10","234094","Rho guanine nucleotide exchange factor 10",0,0
"Q76LS9","Mindy1","75007","Ubiquitin carboxyl-terminal hydrolase MINDY-1",0,0
"A2APX8","Scn1a","20265","Sodium channel protein type 1 subunit alpha",0,0
"Q60864","Stip1","20867","Stress-induced-phosphoprotein 1",0,0
"Q62448","Eif4g2","13690","Eukaryotic translation initiation factor 4 gamma 2",0,0
"P61327","Magoh","17149","Protein mago nashi homolog",0,0
"P51791","Clcn3","12725","H(+)/Cl(-) exchange transporter 3",0,0
"Q3TES0","Iqsec3","243621","IQ motif and SEC7 domain-containing protein 3",0,0
"Q8CFE4","Scyl2","213326","SCY1-like protein 2",0,0
"Q3U2J5","Camkmt","73582","Calmodulin-lysine N-methyltransferase",0,0
"Q0P5W1","Vps8","209018","Vacuolar protein sorting-associated protein 8 homolog",0,0
"Q8BHL3","Tbc1d10b","68449","TBC1 domain family member 10B",0,0
"Q9D554","Sf3a3","75062","Splicing factor 3A subunit 3",0,0
"O35345","Kpna6","16650","Importin subunit alpha-7",0,0
"P48678","Lmna","16905","Prelamin-A/C",0,0
"Q61423","Kcna4","16492","Potassium voltage-gated channel subfamily A member 4",0,0
"O70139","Pkig","18769","cAMP-dependent protein kinase inhibitor gamma",0,0
"P41216","Acsl1","14081","Long-chain-fatty-acid--CoA ligase 1",0,0
"Q8BGT8","Phyhipl","70911","Phytanoyl-CoA hydroxylase-interacting protein-like",0,0
"Q99M08","Arln","67704","Sarcoplasmic/endoplasmic reticulum calcium ATPase regulator ARLN",0.25,0.25
"Q9QY01","Ulk2","29869","Serine/threonine-protein kinase ULK2",0,0
"Q9CRB0","Snx24","69226","Sorting nexin-24",0,0
"Q3UVK0","Ermp1","226090","Endoplasmic reticulum metallopeptidase 1",0,0
"Q9R1P3","Psmb2","26445","Proteasome subunit beta type-2",0,0
"Q8R574","Prpsap2","212627","Phosphoribosyl pyrophosphate synthase-associated protein 2",0,0
"Q9DD02","Hikeshi","67669","Protein Hikeshi",0,0
"Q9D1C8","Vps28","66914","Vacuolar protein sorting-associated protein 28 homolog",0,0
"O88456","Capns1","12336","Calpain small subunit 1",0,0
"Q80U57","Rims3","242662","Regulating synaptic membrane exocytosis protein 3",0,0
"Q8BUK6","Hook3","320191","Protein Hook homolog 3",0,0
"P56379","Atp5mj","70257","ATP synthase F(0) complex subunit j, mitochondrial",0,0
"Q9D6G9","Cmtm5","67272","CKLF-like MARVEL transmembrane domain-containing protein 5",0,0
"Q80U95","Ube3c","100763","Ubiquitin-protein ligase E3C",0,0
"P70362","Ufd1","22230","Ubiquitin recognition factor in ER-associated degradation protein 1",0,0
"P62082","Rps7","20115","Small ribosomal subunit protein eS7",0,0
"Q9QXY6","Ehd3","57440","EH domain-containing protein 3",0,0
"Q9WVK4","Ehd1","13660","EH domain-containing protein 1",0,0
"Q8R1K1","Ubac2","68889","Ubiquitin-associated domain-containing protein 2",0,0
"Q9ES34","Ube3b","117146","Ubiquitin-protein ligase E3B",0,0
"Q9CX30","Yif1b","77254","Protein YIF1B",0,0
"Q3UGX3","Nat8l","269642","N-acetylaspartate synthetase",0,0
"Q8BVL3","Snx17","266781","Sorting nexin-17",0,0
"P10518","Alad","17025","Delta-aminolevulinic acid dehydratase",0,0
"Q8VEH3","Arl8a","68724","ADP-ribosylation factor-like protein 8A",0,0
"P84091","Ap2m1","11773","AP-2 complex subunit mu",0,0
"Q8BH58","Tiprl","226591","TIP41-like protein",0,0
"Q8R502","Lrrc8c","100604","Volume-regulated anion channel subunit LRRC8C",0,0
"Q80WG5","Lrrc8a","241296","Volume-regulated anion channel subunit LRRC8A",0,0
"Q8VHQ9","Acot11","329910","Acyl-coenzyme A thioesterase 11",0,0
"Q9CR60","Golt1b","66964","Vesicle transport protein GOT1B",0,0
"Q5DU41","Lrrc8b","433926","Volume-regulated anion channel subunit LRRC8B",0,0
"Q8BZ36","Rint1","72772","RAD50-interacting protein 1",0,0
"Q9CQW2","Arl8b","67166","ADP-ribosylation factor-like protein 8B",0,0
"Q9EQF6","Dpysl5","65254","Dihydropyrimidinase-related protein 5",0,0
"P35288","Rab23","19335","Ras-related protein Rab-23",0,0
"Q920M7","Syt17","110058","Synaptotagmin-17",0,0
"O35737","Hnrnph1","59013","Heterogeneous nuclear ribonucleoprotein H",0,0
"Q9Z2X1","Hnrnpf","98758","Heterogeneous nuclear ribonucleoprotein F",0,0
"Q7TQH0","Atxn2l","233871","Ataxin-2-like protein",0,0
"Q9QXA5","Lsm4","50783","U6 snRNA-associated Sm-like protein LSm4",0,0
"Q5U4E0","Lhfpl4","269788","LHFPL tetraspan subfamily member 4 protein",0,0
"G3XA57","Rab11fip2","74998","Rab11 family-interacting protein 2",0,0
"Q9QUR6","Prep","19072","Prolyl endopeptidase",0,0
"Q9CY34","Ube2f","67921","NEDD8-conjugating enzyme UBE2F",0,0
"Q8BSS9","Ppfia2","327814","Liprin-alpha-2",0,0
"P60469","Ppfia3","76787","Liprin-alpha-3",0,0
"P80318","Cct3","12462","T-complex protein 1 subunit gamma",0,0
"P70333","Hnrnph2","56258","Heterogeneous nuclear ribonucleoprotein H2",0,0
"Q9CQ54","Ndufc2","68197","NADH dehydrogenase [ubiquinone] 1 subunit C2",0,0
"P80313","Cct7","12468","T-complex protein 1 subunit eta",0,0
"Q8QZS3","Flcn","216805","Folliculin",0,0
"P62849","Rps24","20088","Small ribosomal subunit protein eS24",0,0
"P28659","Celf1","13046","CUGBP Elav-like family member 1",0,0
"Q9JK48","Sh3glb1","54673","Endophilin-B1",0,0
"Q8K0T4","Katnal1","231912","Katanin p60 ATPase-containing subunit A-like 1",0,0
"Q8R349","Cdc16","69957","Cell division cycle protein 16 homolog",0,0
"Q64362","Aktip","14339","AKT-interacting protein",0,0
"Q61792","Lasp1","16796","LIM and SH3 domain protein 1",0,0
"Q9DC07","Nebl","74103","LIM zinc-binding domain-containing Nebulette",0,0
"Q80XQ8","Fam168b","214469","Myelin-associated neurite-outgrowth inhibitor",0.25,0.5
"Q8BGZ2","Fam168a","319604","Protein FAM168A",0,0.25
"O70274","Ptp4a2","19244","Protein tyrosine phosphatase type IVA 2",0,0
"P56695","Wfs1","22393","Wolframin",0,0
"Q9D7A8","Armc1","74252","Armadillo repeat-containing protein 1",0,0
"Q3UTJ2","Sorbs2","234214","Sorbin and SH3 domain-containing protein 2",0,0
"Q920P5","Ak5","229949","Adenylate kinase isoenzyme 5",0,0
"P16330","Cnp","12799","2',3'-cyclic-nucleotide 3'-phosphodiesterase",0,0
"Q69ZX8","Ablim3","319713","Actin-binding LIM protein 3",0,0
"Q9DCJ1","Mlst8","56716","Target of rapamycin complex subunit LST8",0,0
"Q9DB60","Prxl2b","66469","Prostamide/prostaglandin F synthase",0,0
"P97390","Vps45","22365","Vacuolar protein sorting-associated protein 45",0,0
"Q8BXK8","Agap1","347722","Arf-GAP with GTPase, ANK repeat and PH domain-containing protein 1",0,0
"Q99PI5","Lpin2","64898","Phosphatidate phosphatase LPIN2",0,0
"Q9WVL0","Gstz1","14874","Maleylacetoacetate isomerase",0,0
"O88685","Psmc3","19182","26S proteasome regulatory subunit 6A",0,0
"Q9CPX6","Atg3","67841","Ubiquitin-like-conjugating enzyme ATG3",0,0
"Q8CGV2","Tph2","216343","Tryptophan 5-hydroxylase 2",0,0
"Q9R0Q7","Ptges3","56351","Prostaglandin E synthase 3",0,0
"Q9QWI6","Srcin1","56013","SRC kinase signaling inhibitor 1",0,0
"Q8C1E7","Tmem120a","215210","Transmembrane protein 120A",0,0
"P0C8K7","Smim1","68859","Small integral membrane protein 1",0,0
"Q91WC3","Acsl6","216739","Long-chain-fatty-acid--CoA ligase 6",0,0
"P63143","Kcnab1","16497","Voltage-gated potassium channel subunit beta-1",0,0
"Q8K3W0","Babam2","107976","BRISC and BRCA1-A complex member 2",0,0
"Q8BGP5","Tmem127","69470","Transmembrane protein 127",0.25,0.25
"Q9R0I7","Ylpm1","56531","YLP motif-containing protein 1",0,0
"Q78TU8","Fam107a","268709","Actin-associated protein FAM107A",0,0
"Q5DTX6","Jcad","240185","Junctional cadherin 5-associated protein",0,0
"P24452","Capg","12332","Macrophage-capping protein",0,0
"Q9JKF1","Iqgap1","29875","Ras GTPase-activating-like protein IQGAP1",0,0
"Q9JME5","Ap3b2","11775","AP-3 complex subunit beta-2",0,0
"P70441","Nherf1","26941","Na(+)/H(+) exchange regulatory cofactor NHE-RF1",0,0
"P56212","Arpp19","59046","cAMP-regulated phosphoprotein 19",0,0
"Q8BI08","Mal2","105853","Protein MAL2",0,0
"P35279","Rab6a","19346","Ras-related protein Rab-6A",0,0
"Q60876","Eif4ebp1","13685","Eukaryotic translation initiation factor 4E-binding protein 1",0.25,0
"P41105","Rpl28","19943","Large ribosomal subunit protein eL28",0,0
"P48024","Eif1","20918","Eukaryotic translation initiation factor 1",0,0
"Q8BL86","Mblac2","72852","Acyl-coenzyme A thioesterase MBLAC2",0,0
"Q9D394","Rufy3","52822","Protein RUFY3",0,0
"Q8BFS6","Cpped1","223978","Serine/threonine-protein phosphatase CPPED1",0,0
"P58137","Acot8","170789","Acyl-coenzyme A thioesterase 8",0,0
"P35585","Ap1m1","11767","AP-1 complex subunit mu-1",0,0
"Q91YT7","Ythdf2","213541","YTH domain-containing family protein 2",0,0
"P61804","Dad1","13135","Dolichyl-diphosphooligosaccharide--protein glycosyltransferase subunit DAD1",0,0
"P63044","Vamp2","22318","Vesicle-associated membrane protein 2",0,0
"Q8BYK6","Ythdf3","229096","YTH domain-containing family protein 3",0,0
"Q8BL65","Ablim2","231148","Actin-binding LIM protein 2",0,0
"Q9Z0E0","Ncdn","26562","Neurochondrin",0,0
"P97770","Thumpd3","14911","tRNA (guanine(6)-N(2))-methyltransferase THUMP3",0,0
"Q80TL7","Mon2","67074","Protein MON2 homolog",0,0
"P26350","Ptma","19231","Prothymosin alpha",0,0
"Q3TRR0","Map9","213582","Microtubule-associated protein 9",0,0
"P26369","U2af2","22185","Splicing factor U2AF 65 kDa subunit",0,0
"Q9ERI2","Rab27a","11891","Ras-related protein Rab-27A",0,0
"Q9Z275","Rlbp1","19771","Retinaldehyde-binding protein 1",0,0
"Q99J56","Derl1","67819","Derlin-1",0,0
"Q8CIV8","Tbce","70430","Tubulin-specific chaperone E",0,0
"Q9WUA3","Pfkp","56421","ATP-dependent 6-phosphofructokinase, platelet type",0,0
"Q8CIN4","Pak2","224105","Serine/threonine-protein kinase PAK 2",0,0
"Q9Z140","Cpne6","12891","Copine-6",0,0
"P47757","Capzb","12345","F-actin-capping protein subunit beta",0,0
"Q61036","Pak3","18481","Serine/threonine-protein kinase PAK 3",0,0
"P24270","Cat","12359","Catalase",0,0
"O70493","Snx12","55988","Sorting nexin-12",0,0
"Q9WUA6","Akt3","23797","RAC-gamma serine/threonine-protein kinase",0,0
"P15864","H1-2","50708","Histone H1.2",0,0
"Q924S8","Spred1","114715","Sprouty-related, EVH1 domain-containing protein 1",0,0
"Q9CQU3","Rer1","67830","Protein RER1",0,0
"Q8CIV2","Tmem259","216157","Membralin",0,0
"P62874","Gnb1","14688","Guanine nucleotide-binding protein G(I)/G(S)/G(T) subunit beta-1",0,0
"P29387","Gnb4","14696","Guanine nucleotide-binding protein subunit beta-4",0,0
"Q9JHU4","Dync1h1","13424","Cytoplasmic dynein 1 heavy chain 1",0,0
"Q03173","Enah","13800","Protein enabled homolog",0,0
"Q7TNS2","Micos10","433771","MICOS complex subunit Mic10",0,0
"Q9DB90","Smg9","71997","Nonsense-mediated mRNA decay factor SMG9",0,0
"Q9CQI3","Gmfb","63985","Glia maturation factor beta",0,0
"P43274","H1-4","50709","Histone H1.4",0,0
"P43277","H1-3","14957","Histone H1.3",0,0
"P43276","H1-5","56702","Histone H1.5",0,0
"P43275","H1-1","80838","Histone H1.1",0,0
"Q6QWF9","Camk2n1","66259","Calcium/calmodulin-dependent protein kinase II inhibitor 1",0,0
"Q9QXM1","Jmy","57748","Junction-mediating and -regulatory protein",0,0
"Q91W50","Csde1","229663","Cold shock domain-containing protein E1",0,0
"P46660","Ina","226180","Alpha-internexin",0,0
"Q921Y0","Mob1a","232157","MOB kinase activator 1A",0,0
"Q3UUJ4","Strada","72149","STE20-related kinase adapter protein alpha",0,0
"Q80XC2","Trmt61a","328162","tRNA (adenine(58)-N(1))-methyltransferase catalytic subunit TRMT61A",0,0
"P14206","Rpsa","16785","Small ribosomal subunit protein uS2",0,0
"Q9CZC8","Scrn1","69938","Secernin-1",0,0
"Q9WVQ5","Apip","56369","Methylthioribulose-1-phosphate dehydratase",0,0
"Q99LI7","Cstf3","228410","Cleavage stimulation factor subunit 3",0,0
"Q04750","Top1","21969","DNA topoisomerase 1",0,0
"P50580","Pa2g4","18813","Proliferation-associated protein 2G4",0,0
"Q3UMT1","Ppp1r12c","232807","Protein phosphatase 1 regulatory subunit 12C",0,0
"Q9CR00","Psmd9","67151","26S proteasome non-ATPase regulatory subunit 9",0,0
"Q61205","Pafah1b3","18476","Platelet-activating factor acetylhydrolase IB subunit alpha1",0,0
"Q99JR1","Sfxn1","14057","Sideroflexin-1",0,0
"Q8BXR1","Slc7a14","241919","Solute carrier family 7 member 14",0,0
"Q9D819","Ppa1","67895","Inorganic pyrophosphatase",0,0
"Q9QYY0","Gab1","14388","GRB2-associated-binding protein 1",0,0
"Q9Z1S8","Gab2","14389","GRB2-associated-binding protein 2",0,0
"Q2NL51","Gsk3a","606496","Glycogen synthase kinase-3 alpha",0,0
"P10630","Eif4a2","13682","Eukaryotic initiation factor 4A-II",0,0
"Q9DBS5","Klc4","74764","Kinesin light chain 4",0,0
"Q8BGC0","Htatsf1","72459","17S U2 SnRNP complex component HTATSF1",0,0
"Q61548","Snap91","20616","Clathrin coat assembly protein AP180",0,0
"A2RSQ0","Dennd5b","320560","DENN domain-containing protein 5B",0,0
"Q8CGC4","Lsm14b","241846","Protein LSM14 homolog B",0,0
"Q80SZ7","Gng5","14707","Guanine nucleotide-binding protein G(I)/G(S)/G(O) subunit gamma-5",0,0
"Q61644","Pacsin1","23969","Protein kinase C and casein kinase substrate in neurons protein 1",0,0
"Q61016","Gng7","14708","Guanine nucleotide-binding protein G(I)/G(S)/G(O) subunit gamma-7",0,0
"Q8R4H2","Arhgef12","69632","Rho guanine nucleotide exchange factor 12",0,0
"Q9QVP9","Ptk2b","19229","Protein-tyrosine kinase 2-beta",0,0
"Q3UIU2","Ndufb6","230075","NADH dehydrogenase [ubiquinone] 1 beta subcomplex subunit 6",0,0
"P00920","Ca2","12349","Carbonic anhydrase 2",0,0
"Q91YR1","Twf1","19230","Twinfilin-1",0,0
"P84089","Erh","13877","Enhancer of rudimentary homolog",0,0
"Q3UKJ7","Smu1","74255","WD40 repeat-containing protein SMU1",0,0
"P70122","Sbds","66711","Ribosome maturation protein SBDS",0,0
"P62320","Snrpd3","67332","Small nuclear ribonucleoprotein Sm D3",0,0
"Q9Z1Q9","Vars1","22321","Valine--tRNA ligase",0,0
"Q9R1P1","Psmb3","26446","Proteasome subunit beta type-3",0,0
"Q8BHJ5","Tbl1xr1","81004","F-box-like/WD repeat-containing protein TBL1XR1",0,0
"Q9QXE7","Tbl1x","21372","F-box-like/WD repeat-containing protein TBL1X",0,0
"Q8BW56","Qtman","227835","tRNA-queuosine alpha-mannosyltransferase",0,0
"Q91VI7","Rnh1","107702","Ribonuclease inhibitor",0,0
"Q9R0Q6","Arpc1a","56443","Actin-related protein 2/3 complex subunit 1A",0,0
"Q4KUS2","Unc13a","382018","Protein unc-13 homolog A",0,0
"P62307","Snrpf","69878","Small nuclear ribonucleoprotein F",0,0
"Q99K70","Rragc","54170","Ras-related GTP-binding protein C",0,0
"Q91W67","Ubl7","69459","Ubiquitin-like protein 7",0,0
"Q8K1X4","Nckap1l","105855","Nck-associated protein 1-like",0,0
"Q6A065","Cep170","545389","Centrosomal protein of 170 kDa",0,0
"P62270","Rps18","20084","Small ribosomal subunit protein uS13",0,0
"O08992","Sdcbp","53378","Syntenin-1",0,0
"Q80SW1","Ahcyl1","229709","S-adenosylhomocysteine hydrolase-like protein 1",0,0
"P32848","Pvalb","19293","Parvalbumin alpha",0,0
"Q8VEB6","Elac1","114615","Zinc phosphodiesterase ELAC protein 1",0,0
"Q9JKK1","Stx6","58244","Syntaxin-6",0,0
"Q8BH47","Sec22a","317717","Vesicle-trafficking protein SEC22a",0,0
"Q9DB75","Cdip1","66626","Cell death-inducing p53-target protein 1",0,0
"P70372","Elavl1","15568","ELAV-like protein 1",0,0
"O88643","Pak1","18479","Serine/threonine-protein kinase PAK 1",0,0
"Q80TM6","R3hdm2","71750","R3H domain-containing protein 2",0,0
"Q8CI51","Pdlim5","56376","PDZ and LIM domain protein 5",0,0
"P31786","Dbi","13167","Acyl-CoA-binding protein",0,0
"P59281","Arhgap39","223666","Rho GTPase-activating protein 39",0,0
"Q9CQJ4","Rnf2","19821","E3 ubiquitin-protein ligase RING2",0,0
"P10852","Slc3a2","17254","Amino acid transporter heavy chain SLC3A2",0,0
"Q61206","Pafah1b2","18475","Platelet-activating factor acetylhydrolase IB subunit alpha2",0,0
"Q6X7S9","Eid2","386655","EP300-interacting inhibitor of differentiation 2",0,0.5
"P42225","Stat1","20846","Signal transducer and activator of transcription 1",0,0
"Q9WUB3","Pygm","19309","Glycogen phosphorylase, muscle form",0,0
"Q3TZZ7","Esyt2","52635","Extended synaptotagmin-2",0,0
"Q61151","Ppp2r5e","26932","Serine/threonine-protein phosphatase 2A 56 kDa regulatory subunit epsilon isoform",0,0
"Q91ZW3","Smarca5","93762","SWI/SNF-related matrix-associated actin-dependent regulator of chromatin subfamily A member 5",0,0
"Q8C078","Camkk2","207565","Calcium/calmodulin-dependent protein kinase kinase 2",0,0
"Q9QYB5","Add3","27360","Gamma-adducin",0,0
"Q62417","Sorbs1","20411","Sorbin and SH3 domain-containing protein 1",0,0
"Q9CR86","Carhsp1","52502","Calcium-regulated heat stable protein 1",0,0
"O70252","Hmox2","15369","Heme oxygenase 2",0,0
"P08551","Nefl","18039","Neurofilament light polypeptide",0,0
"Q9CPQ1","Cox6c","12864","Cytochrome c oxidase subunit 6C",0,0
"Q9CXP8","Gng10","14700","Guanine nucleotide-binding protein G(I)/G(S)/G(O) subunit gamma-10",0,0
"Q80TQ2","Cyld","74256","Ubiquitin carboxyl-terminal hydrolase CYLD",0,0
"Q91YD9","Wasl","73178","Actin nucleation-promoting factor WASL",0,0
"Q9Z2M6","Ubl3","24109","Ubiquitin-like protein 3",0,0
"O70435","Psma3","19167","Proteasome subunit alpha type-3",0,0
"Q62432","Smad2","17126","SMAD family member 2",0,0
"P62821","Rab1a","19324","Ras-related protein Rab-1A",0,0
"Q9CQR4","Acot13","66834","Acyl-coenzyme A thioesterase 13",0,0
"Q80XI4","Pip4k2b","108083","Phosphatidylinositol 5-phosphate 4-kinase type-2 beta",0,0
"P53996","Cnbp","12785","CCHC-type zinc finger nucleic acid binding protein",0,0
"P24549","Aldh1a1","11668","Aldehyde dehydrogenase 1A1",0,0
"A2RT62","Fbxl16","214931","F-box/LRR-repeat protein 16",0,0
"Q6PD03","Ppp2r5a","226849","Serine/threonine-protein phosphatase 2A 56 kDa regulatory subunit alpha isoform",0,0
"Q8R1I1","Uqcr10","66152","Cytochrome b-c1 complex subunit 9",0,0
"Q7TMS5","Abcg2","26357","Broad substrate specificity ATP-binding cassette transporter ABCG2",0,0
"Q8VEK3","Hnrnpu","51810","Heterogeneous nuclear ribonucleoprotein U",0,0
"P48758","Cbr1","12408","Carbonyl reductase [NADPH] 1",0,0
"Q8VDJ3","Hdlbp","110611","Vigilin",0,0
"Q61656","Ddx5","13207","Probable ATP-dependent RNA helicase DDX5",0,0
"Q8K0C8","Cox19","68033","Cytochrome c oxidase assembly protein COX19",0.5,0.25
"Q6ZQ73","Cand2","67088","Cullin-associated NEDD8-dissociated protein 2",0.5,0
"Q9JLJ2","Aldh9a1","56752","4-trimethylaminobutyraldehyde dehydrogenase",0,0
"P63024","Vamp3","22319","Vesicle-associated membrane protein 3",0,0
"Q6DFW0","C9orf72","73205","Guanine nucleotide exchange factor C9orf72 homolog",0,0
"Q9JLR9","Higd1a","56295","HIG1 domain family member 1A, mitochondrial",0,0
"P07356","Anxa2","12306","Annexin A2",0,0
"Q922Q4","Pycr2","69051","Pyrroline-5-carboxylate reductase 2",0,0
"Q68FL4","Ahcyl2","74340","S-adenosylhomocysteine hydrolase-like protein 2",0,0
"Q4KMM3","Oxr1","170719","Oxidation resistance protein 1",0,0
"Q61316","Hspa4","15525","Heat shock 70 kDa protein 4",0,0
"Q61699","Hsph1","15505","Heat shock protein 105 kDa",0,0
"Q8R4S0","Ppp1r14c","76142","Protein phosphatase 1 regulatory subunit 14C",0,0
"Q80TY0","Fnbp1","14269","Formin-binding protein 1",0,0
"Q8C0P5","Coro2a","107684","Coronin-2A",0,0
"Q925I1","Atad3a","108888","ATPase family AAA domain-containing protein 3A",0,0
"Q59J78","Ndufaf2","75597","NADH dehydrogenase [ubiquinone] 1 alpha subcomplex assembly factor 2",0,0
"Q9D7M1","Gid8","76425","Glucose-induced degradation protein 8 homolog",0,0
"Q8K285","Fcho1","74015","F-BAR domain only protein 1",0,0
"Q9ER00","Stx12","100226","Syntaxin-12",0,0
"Q62093","Srsf2","20382","Serine/arginine-rich splicing factor 2",0,0
"P83877","Txnl4a","27366","Thioredoxin-like protein 4A",0,0
"Q3U1J4","Ddb1","13194","DNA damage-binding protein 1",0,0
"P08553","Nefm","18040","Neurofilament medium polypeptide",0,0
"O70439","Stx7","53331","Syntaxin-7",0,0
"Q9DBG9","Tax1bp3","76281","Tax1-binding protein 3",0,0
"Q9JIF7","Copb1","70349","Coatomer subunit beta",0,0
"Q9CZP0","Ufsp1","70240","Ufm1-specific protease 1",0,0
"Q8C008","Dzank1","241688","Double zinc ribbon and ankyrin repeat-containing protein 1",0,0
"Q61553","Fscn1","14086","Fascin",0,0
"Q9JII6","Akr1a1","58810","Aldo-keto reductase family 1 member A1",0,0
"P59999","Arpc4","68089","Actin-related protein 2/3 complex subunit 4",0,0
"P26231","Ctnna1","12385","Catenin alpha-1",0,0
"P51881","Slc25a5","11740","ADP/ATP translocase 2",0,0
"Q9CYT6","Cap2","67252","Adenylyl cyclase-associated protein 2",0,0
"Q9R062","Gyg1","27357","Glycogenin-1",0,0
"P47708","Rph3a","19894","Rabphilin-3A",0,0
"P63248","Pkia","18767","cAMP-dependent protein kinase inhibitor alpha",0,0
"Q9D0T1","Snu13","20826","NHP2-like protein 1",0,0
"O55033","Nck2","17974","Cytoplasmic protein NCK2",0,0
"Q9Z1G3","Atp6v1c1","66335","V-type proton ATPase subunit C 1",0,0
"P62254","Ube2g1","67128","Ubiquitin-conjugating enzyme E2 G1",0,0
"P10922","H1-0","14958","Histone H1.0",0,0
"P68040","Rack1","14694","Small ribosomal subunit protein RACK1",0,0
"P97461","Rps5","20103","Small ribosomal subunit protein uS7",0,0
"Q8BG92","Clvs2","215890","Clavesin-2",0,0
"P21279","Gnaq","14682","Guanine nucleotide-binding protein G(q) subunit alpha",0,0
"P21278","Gna11","14672","Guanine nucleotide-binding protein subunit alpha-11",0,0
"Q9ERF3","Skic8","66317","Superkiller complex protein 8",0,0
"Q62376","Snrnp70","20637","U1 small nuclear ribonucleoprotein 70 kDa",0,0
"Q6ZWM4","Lsm8","76522","U6 snRNA-associated Sm-like protein LSm8",0,0
"Q8CF66","Lamtor4","66096","Ragulator complex protein LAMTOR4",0,0
"Q9WTR1","Trpv2","22368","Transient receptor potential cation channel subfamily V member 2",0,0
"P15508","Sptb","20741","Spectrin beta chain, erythrocytic",0,0
"Q61301","Ctnna2","12386","Catenin alpha-2",0,0
"Q5FW52","Mlip","69642","Muscular LMNA-interacting protein",0,0
"Q9QUG9","Rasgrp2","19395","RAS guanyl-releasing protein 2",0,0
"Q9Z2H5","Epb41l1","13821","Band 4.1-like protein 1",0,0
"O70318","Epb41l2","13822","Band 4.1-like protein 2",0,0
"P70245","Ebp","13595","3-beta-hydroxysteroid-Delta(8),Delta(7)-isomerase",0,0
"Q9CZX9","Emc4","68032","ER membrane protein complex subunit 4",0,0
"O70400","Pdlim1","54132","PDZ and LIM domain protein 1",0,0
"Q9JKV1","Adrm1","56436","Proteasomal ubiquitin receptor ADRM1",0,0
"Q62261","Sptbn1","20742","Spectrin beta chain, non-erythrocytic 1",0,0
"Q01405","Sec23a","20334","Protein transport protein Sec23A",0,0
"P51880","Fabp7","12140","Fatty acid-binding protein, brain",0,0
"P61982","Ywhag","22628","14-3-3 protein gamma",0,0
"Q6PAJ1","Bcr","110279","Breakpoint cluster region protein",0,0
"O54946","Dnajb6","23950","DnaJ homolog subfamily B member 6",0,0
"P02088","Hbb-b1","100503605","Hemoglobin subunit beta-1",0,0
"Q91WG4","Elp2","58523","Elongator complex protein 2",0,0
"Q69ZF3","Gba2","230101","Non-lysosomal glucosylceramidase",0,0
"P55012","Slc12a2","20496","Solute carrier family 12 member 2",0,0
"Q9JHS4","Clpx","270166","ATP-dependent clpX-like chaperone, mitochondrial",0,0
"Q91V81","Rbm42","68035","RNA-binding protein 42",0,0
"Q80WW9","Ddrgk1","77006","DDRGK domain-containing protein 1",0,0
"Q8K0D5","Gfm1","28030","Elongation factor G, mitochondrial",0,0
"Q80UM7","Mogs","57377","Mannosyl-oligosaccharide glucosidase",0,0
"Q3TW96","Uap1l1","227620","UDP-N-acetylhexosamine pyrophosphorylase-like protein 1",0,0
"Q61026","Ncoa2","17978","Nuclear receptor coactivator 2",0,0
"Q6PDM1","Msl1","74026","Male-specific lethal 1 homolog",0,0
"O35226","Psmd4","19185","26S proteasome non-ATPase regulatory subunit 4",0,0
"Q80X85","Mrps7","50529","Small ribosomal subunit protein uS7m",0,0
"P58404","Strn4","97387","Striatin-4",0,0
"P0C7N9","Psmg4","69666","Proteasome assembly chaperone 4",0,0
"P28352","Apex1","11792","DNA repair nuclease/redox regulator APEX1",0,0
"P63216","Gng3","14704","Guanine nucleotide-binding protein G(I)/G(S)/G(O) subunit gamma-3",0,0
"Q9DB43","Zfpl1","81909","Zinc finger protein-like 1",0,0
"Q3UHH1","Zswim8","268721","Zinc finger SWIM domain-containing protein 8",0,0
"Q9ESJ4","Nckipsd","80987","NCK-interacting protein with SH3 domain",0,0
"P97807","Fh","14194","Fumarate hydratase, mitochondrial",0,0
"P26039","Tln1","21894","Talin-1",0,0
"Q9CZW5","Tomm70","28185","Mitochondrial import receptor subunit TOM70",0,0
"E9Q4N7","Arid1b","239985","AT-rich interactive domain-containing protein 1B",0,0
"Q6PD26","Pigs","276846","GPI-anchor transamidase component PIGS",0,0
"Q8CGM1","Adgrb2","230775","Adhesion G protein-coupled receptor B2",0,0
"Q8BIJ7","Rufy1","216724","RUN and FYVE domain-containing protein 1",0,0
"Q9QYX7","Pclo","26875","Protein piccolo",0,0
"A2BH40","Arid1a","93760","AT-rich interactive domain-containing protein 1A",0,0
"Q9Z1E4","Gys1","14936","Glycogen [starch] synthase, muscle",0,0
"Q3UHB8","Ccdc177","380768","Coiled-coil domain-containing protein 177",0,0
"Q9DCJ5","Ndufa8","68375","NADH dehydrogenase [ubiquinone] 1 alpha subcomplex subunit 8",0,0
"Q9D061","Acbd6","72482","Acyl-CoA-binding domain-containing protein 6",0,0
"Q9Z0V2","Kcnd2","16508","A-type voltage-gated potassium channel KCND2",0,0
"Q9QUR8","Sema7a","20361","Semaphorin-7A",0,0
"Q91ZP6","Ndfip2","76273","NEDD4 family-interacting protein 2 (Fragment)",0.5,0.25
"O70423","Aoc3","11754","Amine oxidase [copper-containing] 3",0,0
"A2AGT5","Ckap5","75786","Cytoskeleton-associated protein 5",0,0
"B2RXC1","Trappc11","320714","Trafficking protein particle complex subunit 11",0,0
"Q80W14","Prpf40b","54614","Pre-mRNA-processing factor 40 homolog B",0,0
"Q91ZM2","Sh2b1","20399","SH2B adapter protein 1",0,0
"Q9EP53","Tsc1","64930","Hamartin",0,0
"Q9JK45","Kcnq5","226922","Potassium voltage-gated channel subfamily KQT member 5",0,0
"G5E8K5","Ank3","11735","Ankyrin-3",0,0
"Q61140","Bcar1","12927","Breast cancer anti-estrogen resistance protein 1",0,0
"P52795","Efnb1","13641","Ephrin-B1",0,0
"Q9CRB9","Chchd3","66075","MICOS complex subunit Mic19",0,0
"Q6ZQ08","Cnot1","234594","CCR4-NOT transcription complex subunit 1",0,0
"Q8K3A9","Mepce","231803","7SK snRNA methylphosphate capping enzyme",0,0
"Q8K0U4","Hspa12a","73442","Heat shock 70 kDa protein 12A",0,0
"Q7TNC9","Inpp5a","212111","Inositol polyphosphate-5-phosphatase A",0,0
"E0CZ22","Mroh1","223658","Maestro heat-like repeat-containing protein family member 1",0,0
"Q6PEV3","Wipf2","68524","WAS/WASL-interacting protein family member 2",0,0
"Q9ESK9","Rb1cc1","12421","RB1-inducible coiled-coil protein 1",0,0
"Q921M4","Golga2","99412","Golgin subfamily A member 2",0,0
"Q68FH0","Pkp4","227937","Plakophilin-4",0,0
"Q8R3H9","Ttc4","72354","Hsp70/Hsp90 co-chaperone CNS1 homolog",0,0
"Q9Z2D6","Mecp2","17257","Methyl-CpG-binding protein 2",0,0
"Q91VK4","Itm2c","64294","Integral membrane protein 2C",0,0
"Q80VC9","Camsap3","69697","Calmodulin-regulated spectrin-associated protein 3",0,0
"P35486","Pdha1","18597","Pyruvate dehydrogenase E1 component subunit alpha, somatic form, mitochondrial",0,0
"Q9EPU4","Cpsf1","94230","Cleavage and polyadenylation specificity factor subunit 1",0,0
"Q6P9K8","Caskin1","268932","Caskin-1",0,0
"Q80U49","Cep170b","217882","Centrosomal protein of 170 kDa protein B",0,0
"P35822","Ptprk","19272","Receptor-type tyrosine-protein phosphatase kappa",0,0
"Q9R0H0","Acox1","11430","Peroxisomal acyl-coenzyme A oxidase 1",0,0
"E9Q1P8","Irf2bp2","270110","Interferon regulatory factor 2-binding protein 2",0,0
"P04919","Slc4a1","20533","Band 3 anion transport protein",0,0
"Q3UHL1","Camkv","235604","CaM kinase-like vesicle-associated protein",0,0
"P28667","Marcksl1","17357","MARCKS-related protein",0,0
"Q7M753","Pank2","74450","Pantothenate kinase 2, mitochondrial",0,0
"Q05A36","Mex3c","240396","RNA-binding E3 ubiquitin-protein ligase MEX3C",0.5,0.5
"Q80UJ7","Rab3gap1","226407","Rab3 GTPase-activating protein catalytic subunit",0,0
"Q6PHS6","Snx13","217463","Sorting nexin-13",0,0
"Q6PGF7","Exoc8","102058","Exocyst complex component 8",0,0
"P42859","Htt","15194","Huntingtin",0,0
"Q69ZS6","Sv2c","75209","Synaptic vesicle glycoprotein 2C",0,0
"A2APV2","Fmnl2","71409","Formin-like protein 2",0,0
"Q6ZQ93","Usp34","17847","Ubiquitin carboxyl-terminal hydrolase 34",0,0
"Q6ZWR6","Syne1","64009","Nesprin-1",0,0
"Q9CZX0","Elp3","74195","Elongator complex protein 3",0,0
"P01029","C4b","12268","Complement C4-B",0,0
"Q9JI46","Nudt3","56409","Diphosphoinositol polyphosphate phosphohydrolase 1",0,0
"Q61233","Lcp1","18826","Plastin-2",0,0
"Q61285","Abcd2","26874","ATP-binding cassette sub-family D member 2",0,0
"Q9CPV4","Glod4","67201","Glyoxalase domain-containing protein 4",0,0
"P97412","Lyst","17101","Lysosomal-trafficking regulator",0,0
"Q9WTS5","Tenm2","23964","Teneurin-2",0,0
"Q9ESW4","Agk","69923","Acylglycerol kinase, mitochondrial",0,0
"O08759","Ube3a","22215","Ubiquitin-protein ligase E3A",0,0
"Q3UH60","Dip2b","239667","Disco-interacting protein 2 homolog B",0,0
"Q8VCX5","Micu1","216001","Calcium uptake protein 1, mitochondrial",0,0
"P21107","Tpm3","59069","Tropomyosin alpha-3 chain",0,0
"Q9R1C6","Dgke","56077","Diacylglycerol kinase epsilon",0,0
"Q9WVE8","Pacsin2","23970","Protein kinase C and casein kinase substrate in neurons protein 2",0,0
"Q920N7","Syt12","171180","Synaptotagmin-12",0,0
"Q99JH7","Clstn3","232370","Calsyntenin-3",0,0
"P70302","Stim1","20866","Stromal interaction molecule 1",0,0
"Q5U3K5","Rabl6","227624","Rab-like protein 6",0,0
"Q9EQJ9","Magi3","99470","Membrane-associated guanylate kinase, WW and PDZ domain-containing protein 3",0,0
"Q5XJV6","Lmtk3","381983","Serine/threonine-protein kinase LMTK3",0,0
"Q80TZ3","Dnajc6","72685","Auxilin",0,0
"P35436","Grin2a","14811","Glutamate receptor ionotropic, NMDA 2A",0,0
"Q8BH86","Dglucy","217830","D-glutamate cyclase, mitochondrial",0,0
"Q91Z40","Gbp7","229900","Guanylate-binding protein 7",0,0
"Q6ZQ38","Cand1","71902","Cullin-associated NEDD8-dissociated protein 1",0,0
"Q80XR2","Atp2c1","235574","Calcium-transporting ATPase type 2C member 1",0,0
"Q3UHE1","Pitpnm3","327958","Membrane-associated phosphatidylinositol transfer protein 3",0,0
"Q60520","Sin3a","20466","Paired amphipathic helix protein Sin3a",0,0
"Q99M80","Ptprt","19281","Receptor-type tyrosine-protein phosphatase T",0,0
"P70399","Tp53bp1","27223","TP53-binding protein 1",0,0
"O54781","Srpk2","20817","SRSF protein kinase 2",0,0
"P17426","Ap2a1","11771","AP-2 complex subunit alpha-1",0,0
"O35855","Bcat2","12036","Branched-chain-amino-acid aminotransferase, mitochondrial",0,0
"Q9QYB8","Add2","11519","Beta-adducin",0,0
"Q9JLI6","Scly","50880","Selenocysteine lyase",0,0
"Q80UG2","Plxna4","243743","Plexin-A4",0,0
"Q9Z2G6","Sel1l","20338","Protein sel-1 homolog 1",0,0
"Q8CHT0","Aldh4a1","212647","Delta-1-pyrroline-5-carboxylate dehydrogenase, mitochondrial",0,0
"P62960","Ybx1","22608","Y-box-binding protein 1",0,0
"Q0GA42","Cnnm1","83674","Metal transporter CNNM1",0,0
"Q80X32","Q80X32","78521","UPF0461 protein C5orf24 homolog",0,0.25
"O88746","Tom1","21968","Target of Myb1 membrane trafficking protein",0,0
"P97868","Rbbp6","19647","E3 ubiquitin-protein ligase RBBP6",0,0
"P35601","Rfc1","19687","Replication factor C subunit 1",0.5,0.5
"F6ZDS4","Tpr","108989","Nucleoprotein TPR",0,0
"Q3U1F9","Pag1","94212","Phosphoprotein associated with glycosphingolipid-enriched microdomains 1",0,0
"Q5SSH7","Zzef1","195018","Zinc finger ZZ-type and EF-hand domain-containing protein 1",0,0
"Q9WUZ9","Entpd5","12499","Ectonucleoside triphosphate diphosphohydrolase 5",0,0
"P70236","Map2k6","26399","Dual specificity mitogen-activated protein kinase kinase 6",0,0
"Q99M04","Lias","79464","Lipoyl synthase, mitochondrial",0,0
"Q9JKC8","Ap3m1","55946","AP-3 complex subunit mu-1",0,0
"P52480","Pkm","18746","Pyruvate kinase PKM",0,0
"P0DW87","Zftraf1","54151","Zinc finger TRAF-type-containing protein 1",0,0
"Q9WTX2","Prkra","23992","Interferon-inducible double-stranded RNA-dependent protein kinase activator A",0,0
"P46662","Nf2","18016","Merlin",0,0
"Q08509","Eps8","13860","Epidermal growth factor receptor kinase substrate 8",0,0
"Q3ULF4","Spg7","234847","Mitochondrial inner membrane m-AAA protease component paraplegin",0,0
"Q8BHE3","Atcay","16467","Caytaxin",0,0
"O70133","Dhx9","13211","ATP-dependent RNA helicase A",0,0
"Q62383","Supt6h","20926","Transcription elongation factor SPT6",0,0
"P28660","Nckap1","50884","Nck-associated protein 1",0,0
"B2RUJ5","Apba1","319924","Amyloid-beta A4 precursor protein-binding family A member 1",0,0
"P28867","Prkcd","18753","Protein kinase C delta type",0,0
"Q3UHJ0","Aak1","269774","AP2-associated protein kinase 1",0,0
"P37804","Tagln","21345","Transgelin",0,0
"Q80TV8","Clasp1","76707","CLIP-associating protein 1",0,0
"Q9QXS1","Plec","18810","Plectin",0,0
"Q3UNA4","Nxt2","237082","NTF2-related export protein 2",0,0
"Q922D8","Mthfd1","108156","C-1-tetrahydrofolate synthase, cytoplasmic",0,0
"A6H5Y3","Mtr","238505","Methionine synthase",0,0
"Q5SWU9","Acaca","107476","Acetyl-CoA carboxylase 1",0,0
"Q3U1Y4","Dennd4b","229541","DENN domain-containing protein 4B",0,0
"Q80VD1","Fam98b","68215","tRNA-splicing ligase complex subunit FAM98B",0,0
"Q8BPN8","Dmxl2","235380","DmX-like protein 2",0,0
"Q8CGC6","Rbm28","68272","RNA-binding protein 28",0.25,0.5
"Q148V7","Relch","227446","RAB11-binding protein RELCH",0,0
"Q9WU79","Prodh","19125","Proline dehydrogenase 1, mitochondrial",0,0
"Q9JMH9","Myo18a","360013","Unconventional myosin-XVIIIa",0,0
"Q8BTI9","Pik3cb","74769","Phosphatidylinositol 4,5-bisphosphate 3-kinase catalytic subunit beta isoform",0,0
"O70591","Pfdn2","18637","Prefoldin subunit 2",0,0
"F8VPK0","Skic3","218343","Superkiller complex protein 3",0,0
"Q91YR7","Prpf6","68879","Pre-mRNA-processing factor 6",0,0
"Q8BW00","Ptrh1","329384","Probable peptidyl-tRNA hydrolase",0,0
"P67778","Phb1","18673","Prohibitin 1",0,0
"G3X8U3","QNG1","70153","Queuosine 5'-phosphate N-glycosylase/hydrolase",0,0
"Q70FJ1","Akap9","100986","A-kinase anchor protein 9",0,0
"Q922S4","Pde2a","207728","cGMP-dependent 3',5'-cyclic phosphodiesterase",0,0
"Q9DBY1","Syvn1","74126","E3 ubiquitin-protein ligase synoviolin",0,0
"Q9WUR2","Eci2","23986","Enoyl-CoA delta isomerase 2",0,0
"P30416","Fkbp4","14228","Peptidyl-prolyl cis-trans isomerase FKBP4",0,0
"Q91WC0","Setd3","52690","Actin-histidine N-methyltransferase",0,0
"Q810U4","Nrcam","319504","Neuronal cell adhesion molecule",0,0
"Q8CCP0","Nemf","66244","Ribosome quality control complex subunit NEMF",0,0
"Q6P6J9","Txndc15","69672","Thioredoxin domain-containing protein 15",0,0
"Q9Z1J2","Nek4","23955","Serine/threonine-protein kinase Nek4",0,0
"O55029","Copb2","50797","Coatomer subunit beta'",0,0
"Q9Z1P6","Ndufa7","66416","NADH dehydrogenase [ubiquinone] 1 alpha subcomplex subunit 7",0,0
"Q8BJZ4","Mrps35","232536","Small ribosomal subunit protein mS35",0,0
"Q6A0D4","Rftn1","76438","Raftlin",0,0
"Q9CXI0","Coq5","52064","2-methoxy-6-polyprenyl-1,4-benzoquinol methylase, mitochondrial",0,0
"Q9JI39","Abcb10","56199","ATP-binding cassette sub-family B member 10, mitochondrial",0,0
"Q8JZV7","Amdhd2","245847","N-acetylglucosamine-6-phosphate deacetylase",0,0
"Q9Z0H8","Clip2","269713","CAP-Gly domain-containing linker protein 2",0,0
"Q8BX70","Vps13c","320528","Intermembrane lipid transfer protein VPS13C",0,0
"P33173","Kif1a","16560","Kinesin-like protein KIF1A",0,0
"A2AI08","Tprn","97031","Taperin",0.25,0.25
"Q6PB93","Galnt2","108148","Polypeptide N-acetylgalactosaminyltransferase 2",0,0
"Q9R1Q8","Tagln3","56370","Transgelin-3",0,0
"Q3UMU9","Hdgfl2","15193","Hepatoma-derived growth factor-related protein 2",0,0
"Q6PDS3","Sarm1","237868","NAD(+) hydrolase SARM1",0,0
"Q91WJ7","Spats2l","67198","SPATS2-like protein",0,0
"Q8CFQ3","Aqr","11834","RNA helicase aquarius",0,0
"P52912","Tia1","21841","Cytotoxic granule associated RNA binding protein TIA1",0,0
"Q8BG89","Znf365","216049","Protein ZNF365",0,0
"Q9CRD2","Emc2","66736","ER membrane protein complex subunit 2",0,0
"P19123","Tnnc1","21924","Troponin C, slow skeletal and cardiac muscles",0,0
"Q99J85","Nptxr","73340","Neuronal pentraxin receptor",0,0
"Q80ZI6","Lrsam1","227738","E3 ubiquitin-protein ligase LRSAM1",0,0
"Q91VW5","Golga4","54214","Golgin subfamily A member 4",0,0
"Q14BI2","Grm2","108068","Metabotropic glutamate receptor 2",0,0
"Q9D0F3","Lman1","70361","Protein ERGIC-53",0,0
"O35425","Bok","51800","Bcl-2-related ovarian killer protein",0,0
"Q8BJD1","Itih5","209378","Inter-alpha-trypsin inhibitor heavy chain H5",0,0
"Q8BTI8","Srrm2","75956","Serine/arginine repetitive matrix protein 2",0,0
"Q8K2B3","Sdha","66945","Succinate dehydrogenase [ubiquinone] flavoprotein subunit, mitochondrial",0,0
"Q9WVK8","Cyp46a1","13116","Cholesterol 24-hydroxylase",0,0
"Q71RI9","Kyat3","229905","Kynurenine--oxoglutarate transaminase 3",0,0
"Q8CHR6","Dpyd","99586","Dihydropyrimidine dehydrogenase [NADP(+)]",0.5,0.25
"A2AHC3","Camsap1","227634","Calmodulin-regulated spectrin-associated protein 1",0,0
"Q3U2P1","Sec24a","77371","Protein transport protein Sec24A",0,0
"Q8R0G9","Nup133","234865","Nuclear pore complex protein Nup133",0,0
"Q62470","Itga3","16400","Integrin alpha-3",0,0
"Q91YR5","Mettl13","71449","eEF1A lysine and N-terminal methyltransferase",0,0
"Q6ZQA6","Igsf3","78908","Immunoglobulin superfamily member 3",0,0
"P47738","Aldh2","11669","Aldehyde dehydrogenase, mitochondrial",0,0
"Q810A7","Ddx42","72047","ATP-dependent RNA helicase DDX42",0,0
"Q9Z1M8","Ik","24010","Protein Red",0,0
"Q6P5U7","Nwd2","319807","NACHT and WD repeat domain-containing protein 2",0,0
"Q9D8X2","Ccdc124","234388","Coiled-coil domain-containing protein 124",0,0
"P16675","Ctsa","19025","Lysosomal protective protein",0,0
"Q5NBX1","Cobl","12808","Protein cordon-bleu",0,0
"Q8CC86","Naprt","223646","Nicotinate phosphoribosyltransferase",0,0
"Q8BK67","Rcc2","108911","Protein RCC2",0,0
"Q3TDX8","Cyb5r4","266690","Cytochrome b5 reductase 4",0,0
"Q810B6","Ankfy1","11736","Ankyrin repeat and FYVE domain-containing protein 1",0,0
"Q8BIE6","Frmd4a","209630","FERM domain-containing protein 4A",0,0
"Q6R891","Ppp1r9b","217124","Neurabin-2",0,0
"Q8BTR5","Dusp28","67446","Dual specificity phosphatase 28",0,0
"Q8R3Q2","Ppp6r2","71474","Serine/threonine-protein phosphatase 6 regulatory subunit 2",0,0
"P52760","Rida","15473","2-iminobutanoate/2-iminopropanoate deaminase",0,0
"P70345","Bcl2l2","12050","Bcl-2-like protein 2",0,0
"Q9JI11","Stk4","58231","Serine/threonine-protein kinase 4",0,0
"Q8BZA9","Tigar","319801","Fructose-2,6-bisphosphatase TIGAR",0,0
"P57746","Atp6v1d","73834","V-type proton ATPase subunit D",0,0
"Q5U5V2","Hykk","235386","Hydroxylysine kinase",0,0
"Q6PGC1","Dhx29","218629","ATP-dependent RNA helicase DHX29",0,0
"Q8R554","Otud7a","170711","OTU domain-containing protein 7A",0,0
"E9Q5C9","Nolc1","70769","Nucleolar and coiled-body phosphoprotein 1",0,0
"Q9CRA5","Golph3","66629","Golgi phosphoprotein 3",0,0
"Q8BZF8","Pgm5","226041","Phosphoglucomutase-like protein 5",0,0
"Q5SP85","Ccdc85a","216613","Coiled-coil domain-containing protein 85A",0,0
"Q7TQF2","Fbxo10","269529","F-box only protein 10",0,0
"A2ALS5","Rap1gap","110351","Rap1 GTPase-activating protein 1",0,0
"Q99NB9","Sf3b1","81898","Splicing factor 3B subunit 1",0,0
"P39688","Fyn","14360","Tyrosine-protein kinase Fyn",0,0
"Q5ND34","Wdr81","192652","WD repeat-containing protein 81",0,0
"Q9CYG7","Tomm34","67145","Mitochondrial import receptor subunit TOM34",0,0
"P59644","Inpp5j","170835","Phosphatidylinositol 4,5-bisphosphate 5-phosphatase A",0,0
"Q3UYG8","Macrod2","72899","ADP-ribose glycohydrolase MACROD2",0,0
"Q66L44","Cbarp","100503659","Voltage-dependent calcium channel beta subunit-associated regulatory protein",0,0
"A2AJA9","Ajm1","381353","Apical junction component 1 homolog",0,0
"Q8CCJ4","Amer2","72125","APC membrane recruitment protein 2",0,0
"Q99PL5","Rrbp1","81910","Ribosome-binding protein 1",0,0
"O88737","Bsn","12217","Protein bassoon",0,0
"Q80XQ2","Tbc1d5","72238","TBC1 domain family member 5",0,0
"O35927","Ctnnd2","18163","Catenin delta-2",0,0
"Q9JIG4","Ppp1r3f","54646","Protein phosphatase 1 regulatory subunit 3F",0,0
"Q80X90","Flnb","286940","Filamin-B",0,0
"Q922B1","Macrod1","107227","ADP-ribose glycohydrolase MACROD1",0,0
"Q9D773","Mrpl2","27398","Large ribosomal subunit protein uL2m",0,0
"Q8BZ05","Arap2","212285","Arf-GAP with Rho-GAP domain, ANK repeat and PH domain-containing protein 2",0,0
"A2A8L5","Ptprf","19268","Receptor-type tyrosine-protein phosphatase F",0,0
"Q5XKN4","Jagn1","67767","Protein jagunal homolog 1",0,0
"Q8K0V4","Cnot3","232791","CCR4-NOT transcription complex subunit 3",0,0
"Q60610","Tiam1","21844","Rho guanine nucleotide exchange factor TIAM1",0,0
"Q8R071","Itpka","228550","Inositol-trisphosphate 3-kinase A",0,0
"Q9D0K2","Oxct1","67041","Succinyl-CoA:3-ketoacid coenzyme A transferase 1, mitochondrial",0,0
"Q6PFX7","Nyap1","243300","Neuronal tyrosine-phosphorylated phosphoinositide-3-kinase adapter 1",0,0
"Q9CZL5","Pcbd2","72562","Pterin-4-alpha-carbinolamine dehydratase 2",0,0
"Q9QXZ0","Macf1","11426","Microtubule-actin cross-linking factor 1, isoforms 1/2/3/4",0,0
"Q9D8B3","Chmp4b","75608","Charged multivesicular body protein 4b",0,0
"P13595","Ncam1","17967","Neural cell adhesion molecule 1",0,0
"P46735","Myo1b","17912","Unconventional myosin-Ib",0,0
"Q8BLV3","Slc9a7","236727","Sodium/hydrogen exchanger 7",0,0
"Q8BNU0","Armc6","76813","Armadillo repeat-containing protein 6",0,0
"Q9CXJ4","Abcb8","74610","Mitochondrial potassium channel ATP-binding subunit",0,0
"O08599","Stxbp1","20910","Syntaxin-binding protein 1",0,0
"Q8R0X7","Sgpl1","20397","Sphingosine-1-phosphate lyase 1",0,0
"Q9CR57","Rpl14","67115","Large ribosomal subunit protein eL14",0,0
"Q6ZQH8","Nup188","227699","Nucleoporin NUP188",0,0
"Q8C2Q3","Rbm14","56275","RNA-binding protein 14",0,0
"Q924A2","Cic","71722","Protein capicua homolog",0,0
"P56959","Fus","233908","RNA-binding protein FUS",0,0
"Q3THS6","Mat2a","232087","S-adenosylmethionine synthase isoform type-2",0,0
"Q8BYI9","Tnr","21960","Tenascin-R",0,0
"Q80VL1","Tdrkh","72634","Tudor and KH domain-containing protein",0,0
"Q80XI3","Eif4g3","230861","Eukaryotic translation initiation factor 4 gamma 3",0,0
"Q68FD9","Kiaa1549","330286","UPF0606 protein KIAA1549",0,0
"Q3UYH7","Grk3","320129","G protein-coupled receptor kinase 3",0,0
"Q8VIJ8","Nprl3","17168","GATOR1 complex protein NPRL3",0,0
"Q6PH08","Erc2","238988","ERC protein 2",0,0
"Q8BYY4","Ttc39b","69863","Tetratricopeptide repeat protein 39B",0,0
"Q8BGV8","Mief1","239555","Mitochondrial dynamics protein MID51",0,0
"Q8C7X2","Emc1","230866","ER membrane protein complex subunit 1",0,0
"Q6KAR6","Exoc3","211446","Exocyst complex component 3",0,0
"Q8BP40","Acp6","66659","Lysophosphatidic acid phosphatase type 6",0,0
"Q8C419","Gpr158","241263","Metabotropic glycine receptor",0,0
"P98200","Atp8a2","50769","Phospholipid-transporting ATPase IB",0,0
"P35290","Rab24","19336","Ras-related protein Rab-24",0,0
"Q9Z2B2","Slc25a14","20523","Brain mitochondrial carrier protein 1",0,0
"Q91VE0","Slc27a4","26569","Long-chain fatty acid transport protein 4",0,0
"E9Q6B2","Ccdc85c","668158","Coiled-coil domain-containing protein 85C",0,0
"Q2KN98","Specc1l","74392","Cytospin-A",0,0
"Q3UMY5","Eml4","78798","Echinoderm microtubule-associated protein-like 4",0,0
"P55066","Ncan","13004","Neurocan core protein",0,0
"P97427","Crmp1","12933","Dihydropyrimidinase-related protein 1",0,0
"O08553","Dpysl2","12934","Dihydropyrimidinase-related protein 2",0,0
"Q62188","Dpysl3","22240","Dihydropyrimidinase-related protein 3",0,0
"O35098","Dpysl4","26757","Dihydropyrimidinase-related protein 4",0,0
"Q6W8Q3","Pcp4l1","66425","Purkinje cell protein 4-like protein 1",0,0
"Q8BYM8","Cars2","71941","Probable cysteine--tRNA ligase, mitochondrial",0,0
"Q91Z53","Grhpr","76238","Glyoxylate reductase/hydroxypyruvate reductase",0,0
"P63300","Selenow","20364","Selenoprotein W",0,0
"Q91YL3","Uckl1","68556","Uridine-cytidine kinase-like 1",0,0
"P22892","Ap1g1","11765","AP-1 complex subunit gamma-1",0,0
"Q9DB05","Napa","108124","Alpha-soluble NSF attachment protein",0,0
"P28663","Napb","17957","Beta-soluble NSF attachment protein",0,0
"Q99KK2","Cmas","12764","N-acylneuraminate cytidylyltransferase",0,0
"Q5SSM3","Arhgap44","216831","Rho GTPase-activating protein 44",0,0
"Q8BVI4","Qdpr","110391","Dihydropteridine reductase",0,0
"Q80XS6","Samd4b","233033","Protein Smaug homolog 2",0,0
"Q8BWJ3","Phka2","110094","Phosphorylase b kinase regulatory subunit alpha, liver isoform",0,0
"P18826","Phka1","18679","Phosphorylase b kinase regulatory subunit alpha, skeletal muscle isoform",0,0
"Q9CZN7","Shmt2","108037","Serine hydroxymethyltransferase, mitochondrial",0,0
"Q9Z0H4","Celf2","14007","CUGBP Elav-like family member 2",0,0
"Q80YR4","Znf598","213753","E3 ubiquitin-protein ligase ZNF598",0,0
"Q9DB15","Mrpl12","56282","Large ribosomal subunit protein bL12m",0,0
"P58854","Tubgcp3","259279","Gamma-tubulin complex component 3",0,0
"Q61035","Hars1","15115","Histidine--tRNA ligase, cytoplasmic",0,0
"Q6ZQK5","Acap2","78618","Arf-GAP with coiled-coil, ANK repeat and PH domain-containing protein 2",0,0
"Q9DBR1","Xrn2","24128","5'-3' exoribonuclease 2",0,0
"Q03157","Aplp1","11803","Amyloid beta precursor like protein 1",0,0
"Q62210","Birc2","11797","Baculoviral IAP repeat-containing protein 2",0,0
"P52194","Clgn","12745","Calmegin",0,0
"P84086","Cplx2","12890","Complexin-2",0,0
"Q9WV34","Mpp2","50997","MAGUK p55 subfamily member 2",0,0
"Q6P4T2","Snrnp200","320632","U5 small nuclear ribonucleoprotein 200 kDa helicase",0,0
"Q9JLN9","Mtor","56717","Serine/threonine-protein kinase mTOR",0,0
"Q9CYH2","Prxl2a","70564","Peroxiredoxin-like 2A",0,0
"Q64487","Ptprd","19266","Receptor-type tyrosine-protein phosphatase delta",0,0
"Q0KK55","Kndc1","76484","Kinase non-catalytic C-lobe domain-containing protein 1",0,0
"P07934","Phkg1","18682","Phosphorylase b kinase gamma catalytic chain, skeletal muscle/heart isoform",0,0
"Q8BLN6","Unc80","329178","Protein unc-80 homolog",0,0
"Q3USH5","Sfswap","231769","Splicing factor, suppressor of white-apricot homolog",0,0.25
"Q8VEM1","Rnf130","59044","E3 ubiquitin-protein ligase RNF130",0.25,0
"O08784","Tcof1","21453","Treacle protein",0,0
"Q9Z2C9","Mtmr7","54384","Phosphatidylinositol-3-phosphate phosphatase MTMR7",0,0
"Q9QY36","Naa10","56292","N-alpha-acetyltransferase 10",0,0
"Q6NSR8","Npepl1","228961","Probable aminopeptidase NPEPL1",0,0
"Q8K093","Trhde","237553","Thyrotropin-releasing hormone-degrading ectoenzyme",0,0
"Q8C7E9","Cstf2t","83410","Cleavage stimulation factor subunit 2 tau variant",0,0
"Q8BYR5","Cadps2","320405","Calcium-dependent secretion activator 2",0,0
"Q9D115","Znf706","68036","Transcriptional regulator ZNF706",0,0
"Q5SVL6","Rap1gap2","380711","Rap1 GTPase-activating protein 2",0,0
"Q6ZPJ3","Ube2o","217342","(E3-independent) E2 ubiquitin-conjugating enzyme UBE2O",0,0
"O54784","Dapk3","13144","Death-associated protein kinase 3",0.25,0
"O08644","Ephb6","13848","Ephrin type-B receptor 6",0,0
"O54951","Sema6b","20359","Semaphorin-6B",0,0
"Q8BRK9","Man2a2","140481","Alpha-mannosidase 2x",0,0
"Q80Y81","Elac2","68626","Zinc phosphodiesterase ELAC protein 2",0,0
"Q78T54","Vma21","67048","Vacuolar ATPase assembly integral membrane protein Vma21",0,0
"Q6PD28","Ppp2r5b","225849","Serine/threonine-protein phosphatase 2A 56 kDa regulatory subunit beta isoform",0,0
"Q921F4","Hnrnpll","72692","Heterogeneous nuclear ribonucleoprotein L-like",0,0
"Q7TQF7","Amph","218038","Amphiphysin",0,0
"Q91YW3","Dnajc3","100037258","DnaJ homolog subfamily C member 3",0,0
"Q8JZZ7","Adgrl2","99633","Adhesion G protein-coupled receptor L2",0,0
"Q7TMY8","Huwe1","59026","E3 ubiquitin-protein ligase HUWE1",0,0
"Q6PB44","Ptpn23","104831","Tyrosine-protein phosphatase non-receptor type 23",0,0
"Q9WVH4","Foxo3","56484","Forkhead box protein O3",0,0
"P62852","Rps25","75617","Small ribosomal subunit protein eS25",0,0
"Q91ZU6","Dst","13518","Dystonin",0,0
"Q8C015","Pak5","241656","Serine/threonine-protein kinase PAK 5",0,0
"Q3UDP0","Wdr41","218460","WD repeat-containing protein 41",0,0
"O35954","Pitpnm1","18739","Membrane-associated phosphatidylinositol transfer protein 1",0,0
"P62911","Rpl32","19951","Large ribosomal subunit protein eL32",0,0
"O54786","Dffa","13347","DNA fragmentation factor subunit alpha",0,0
"Q60996","Ppp2r5c","26931","Serine/threonine-protein phosphatase 2A 56 kDa regulatory subunit gamma isoform",0,0
"Q91ZX7","Lrp1","16971","Prolow-density lipoprotein receptor-related protein 1",0,0
"Q99JY0","Hadhb","231086","Trifunctional enzyme subunit beta, mitochondrial",0,0
"Q9R1L5","Mast1","56527","Microtubule-associated serine/threonine-protein kinase 1",0,0
"P61202","Cops2","12848","COP9 signalosome complex subunit 2",0,0
"Q6ZPS6","Ankib1","70797","Ankyrin repeat and IBR domain-containing protein 1",0,0
"Q6NZJ6","Eif4g1","208643","Eukaryotic translation initiation factor 4 gamma 1",0,0
"Q9D924","Isca1","69046","Iron-sulfur cluster assembly 1 homolog, mitochondrial",0,0
"P16951","Atf2","11909","Cyclic AMP-dependent transcription factor ATF-2",0,0
"B2RR83","Ythdc2","240255","3'-5' RNA helicase YTHDC2",0,0
"Q9QUJ7","Acsl4","50790","Long-chain-fatty-acid--CoA ligase 4",0,0
"Q922F4","Tubb6","67951","Tubulin beta-6 chain",0,0
"Q80VM8","Pnma8a","71691","Paraneoplastic antigen-like protein 8A",0.25,0.5
"Q3UHK6","Tenm4","23966","Teneurin-4",0,0
"Q9D6D0","Slc25a27","74011","Mitochondrial uncoupling protein 4",0,0
"Q80YE4","Aatk","11302","Serine/threonine-protein kinase LMTK1",0,0
"Q9Z110","Aldh18a1","56454","Delta-1-pyrroline-5-carboxylate synthase",0,0
"Q8BGZ4","Cdc23","52563","Cell division cycle protein 23 homolog",0,0
"Q6ZPE2","Sbf1","77980","Myotubularin-related protein 5",0,0
"Q6PAK3","Prmt8","381813","Protein arginine N-methyltransferase 8",0,0
"Q8CHH9","Septin8","20362","Septin-8",0,0
"P19246","Nefh","380684","Neurofilament heavy polypeptide",0,0
"O35643","Ap1b1","11764","AP-1 complex subunit beta-1",0,0
"Q8R3I3","Cog6","67542","Conserved oligomeric Golgi complex subunit 6",0,0
"A2AT37","Upf2","326622","Regulator of nonsense transcripts 2",0,0
"Q7TT37","Elp1","230233","Elongator complex protein 1",0,0
"Q61315","Apc","11789","Adenomatous polyposis coli protein",0,0
"Q8K394","Plcl2","224860","Inactive phospholipase C-like protein 2",0,0
"Q9D937","Rsmc","66276","28S rRNA/ribosome and sororin micro-cofactor",0,0
"Q9EQK7","Icmt","57295","Protein-S-isoprenylcysteine O-methyltransferase",0,0
"P32921","Wars1","22375","Tryptophan--tRNA ligase, cytoplasmic",0,0
"Q8BU33","Hacl2","216136","2-hydroxyacyl-CoA lyase 2",0,0
"Q02257","Jup","16480","Junction plakoglobin",0,0
"Q8K3G9","Appl2","216190","DCC-interacting protein 13-beta",0,0
"Q6PDN3","Mylk","107589","Myosin light chain kinase, smooth muscle",0,0
"Q9CZJ2","Hspa12b","72630","Heat shock 70 kDa protein 12B",0,0
"Q8BGD5","Cpt1c","78070","Palmitoyl thioesterase CPT1C",0,0
"Q6P542","Abcf1","224742","ATP-binding cassette sub-family F member 1",0,0
"Q4VAA2","Cdv3","321022","Protein CDV3",0,0
"O89026","Robo1","19876","Roundabout homolog 1",0,0
"Q8BWT1","Acaa2","52538","3-ketoacyl-CoA thiolase, mitochondrial",0,0
"Q8BLK3","Lsamp","268890","Limbic system-associated membrane protein",0,0
"Q64727","Vcl","22330","Vinculin",0,0
"P08414","Camk4","12326","Calcium/calmodulin-dependent protein kinase type IV",0,0
"P49722","Psma2","19166","Proteasome subunit alpha type-2",0,0
"Q04736","Yes1","22612","Tyrosine-protein kinase Yes",0,0
"P05480","Src","20779","Proto-oncogene tyrosine-protein kinase Src",0,0
"A1L3P4","Slc9a6","236794","Sodium/hydrogen exchanger 6",0,0
"Q8VHR5","Gatad2b","229542","Transcriptional repressor p66-beta",0,0
"Q0VBD0","Itgb8","320910","Integrin beta-8",0,0
"Q8R0N6","Adhfe1","76187","Hydroxyacid-oxoacid transhydrogenase, mitochondrial",0,0
"Q80W47","Wipi2","74781","WD repeat domain phosphoinositide-interacting protein 2",0,0
"Q9D0M3","Cyc1","66445","Cytochrome c1, heme protein, mitochondrial",0,0
"J9SQF3","Trpm3","226025","Transient receptor potential cation channel subfamily M member 3",0,0
"Q61112","Sdf4","20318","45 kDa calcium-binding protein",0,0
"Q8BH44","Coro2b","235431","Coronin-2B",0,0
"Q3UH68","Limch1","77569","LIM and calponin homology domains-containing protein 1",0,0
"Q9JKR6","Hyou1","12282","Hypoxia up-regulated protein 1",0,0
"Q99J95","Cdk9","107951","Cyclin-dependent kinase 9",0,0
"Q9Z2W1","Stk25","59041","Serine/threonine-protein kinase 25",0,0
"P25911","Lyn","17096","Tyrosine-protein kinase Lyn",0,0
"P21761","Trhr","22045","Thyrotropin-releasing hormone receptor",0.5,0
"Q8BMF4","Dlat","235339","Dihydrolipoyllysine-residue acetyltransferase component of pyruvate dehydrogenase complex, mitochondrial",0,0
"Q5NCX5","Neurl4","216860","Neuralized-like protein 4",0.5,0
"O35969","Gamt","14431","Guanidinoacetate N-methyltransferase",0,0
"Q3UHD3","Mtus2","77521","Microtubule-associated tumor suppressor candidate 2 homolog",0,0
"Q9JIX8","Acin1","56215","Apoptotic chromatin condensation inducer in the nucleus",0,0
"P97300","Nptn","20320","Neuroplastin",0,0
"Q9CRB2","Nhp2","52530","H/ACA ribonucleoprotein complex subunit 2",0,0
"Q9DB70","Fundc1","72018","FUN14 domain-containing protein 1",0,0
"A2AG50","Map7d2","78283","MAP7 domain-containing protein 2",0,0
"Q9D8S3","Arfgap3","66251","ADP-ribosylation factor GTPase-activating protein 3",0,0
"Q9D0S9","Hint2","68917","Adenosine 5'-monophosphoramidase HINT2",0,0
"Q8R2H9","Phospho1","237928","Phosphoethanolamine/phosphocholine phosphatase",0,0
"Q8CI94","Pygb","110078","Glycogen phosphorylase, brain form",0,0
"Q921S7","Mrpl37","56280","Large ribosomal subunit protein mL37",0,0
"Q922H2","Pdk3","236900","[Pyruvate dehydrogenase (acetyl-transferring)] kinase isozyme 3, mitochondrial",0,0
"Q80V91","Dtx3","80904","E3 ubiquitin-protein ligase DTX3",0,0
"Q61838","Pzp","11287","Pregnancy zone protein",0,0
"Q91WG5","Prkag2","108099","5'-AMP-activated protein kinase subunit gamma-2",0,0
"Q6P9Z1","Smarcd3","66993","SWI/SNF-related matrix-associated actin-dependent regulator of chromatin subfamily D member 3",0,0
"Q8BIF2","Rbfox3","52897","RNA binding protein fox-1 homolog 3",0,0
"A2AN08","Ubr4","69116","E3 ubiquitin-protein ligase UBR4",0,0
"P48453","Ppp3cb","19056","Serine/threonine-protein phosphatase 2B catalytic subunit beta isoform",0,0
"Q9JJY4","Ddx20","53975","Probable ATP-dependent RNA helicase DDX20",0,0
"Q9JJW0","Pxmp4","59038","Peroxisomal membrane protein 4",0.25,0.25
"Q925F2","Esam","69524","Endothelial cell-selective adhesion molecule",0,0
"Q8BLK9","Rps6kc1","320119","Ribosomal protein S6 kinase delta-1",0,0
"O89020","Afm","280662","Afamin",0.5,0.5
"Q99P88","Nup155","170762","Nuclear pore complex protein Nup155",0,0
"O08539","Bin1","30948","Myc box-dependent-interacting protein 1",0,0
"Q8VCC9","Spon1","233744","Spondin-1",0,0
"Q7TPG7","Tafa2","268354","Chemokine-like protein TAFA-2",0,0
"B0F2B4","Nlgn4l","100113365","Neuroligin 4-like",0,0
"Q9JLV1","Bag3","29810","BAG family molecular chaperone regulator 3",0,0
"Q9EPJ9","Arfgap1","228998","ADP-ribosylation factor GTPase-activating protein 1",0,0
"Q8VC30","Tkfc","225913","Triokinase/FMN cyclase",0,0
"Q8BG75","Tmem198","319998","Transmembrane protein 198",0,0
"Q3UHC7","Dab2ip","69601","Disabled homolog 2-interacting protein",0,0
"P97801","Smn1","20595","Survival motor neuron protein",0,0
"Q810U3","Nfasc","269116","Neurofascin",0,0
"P47199","Cryz","12972","Zeta-crystallin",0,0
"P56873","Znrd2","56390","Protein ZNRD2",0,0
"P62996","Tra2b","20462","Transformer-2 protein homolog beta",0,0
"Q921T2","Tor1aip1","208263","Torsin-1A-interacting protein 1",0,0
"Q922J3","Clip1","56430","CAP-Gly domain-containing linker protein 1",0,0
"P05064","Aldoa","11674","Fructose-bisphosphate aldolase A",0,0
"Q9JIG7","Ccdc22","54638","Coiled-coil domain-containing protein 22",0,0
"P54103","Dnajc2","22791","DnaJ homolog subfamily C member 2",0,0
"Q9D6E4","Ttc9b","73032","Tetratricopeptide repeat protein 9B",0,0
"Q2TA57","Asphd1","233879","Aspartate beta-hydroxylase domain-containing protein 1",0,0
"P70353","Nfyc","18046","Nuclear transcription factor Y subunit gamma",0,0
"Q921G7","Etfdh","66841","Electron transfer flavoprotein-ubiquinone oxidoreductase, mitochondrial",0,0
"Q8BL66","Eea1","216238","Early endosome antigen 1",0,0
"P17710","Hk1","15275","Hexokinase-1",0,0
"Q61292","Lamb2","16779","Laminin subunit beta-2",0,0
"Q9D7B6","Acad8","66948","Isobutyryl-CoA dehydrogenase, mitochondrial",0,0
"Q99P31","Hspbp1","66245","Hsp70-binding protein 1",0,0
"Q80VQ0","Aldh3b1","67689","Aldehyde dehydrogenase family 3 member B1",0,0
"B1AY10","Nfx1","74164","Transcriptional repressor NF-X1",0.25,0
"P02469","Lamb1","16777","Laminin subunit beta-1",0,0
"Q9Z1K7","Apc2","23805","Adenomatous polyposis coli protein 2",0,0
"Q6PAM1","Txlna","109658","Alpha-taxilin",0,0
"P06837","Gap43","14432","Neuromodulin",0,0
"Q8BK63","Csnk1a1","93687","Casein kinase I isoform alpha",0,0
"Q91ZS8","Adarb1","110532","Double-stranded RNA-specific editase 1",0,0
"P46460","Nsf","18195","Vesicle-fusing ATPase",0,0
"Q8CCB4","Vps53","68299","Vacuolar protein sorting-associated protein 53 homolog",0,0
"P11859","Agt","11606","Angiotensinogen",0.25,0
"Q810U5","Ccdc50","67501","Coiled-coil domain-containing protein 50",0,0
"Q9Z210","Pex11b","18632","Peroxisomal membrane protein 11B",0,0
"Q8BYA0","Tbcd","108903","Tubulin-specific chaperone D",0,0
"D3YZU1","Shank1","243961","SH3 and multiple ankyrin repeat domains protein 1",0,0
"Q8C170","Myo9a","270163","Unconventional myosin-IXa",0,0
"Q9QZQ8","Macroh2a1","26914","Core histone macro-H2A.1",0,0
"Q91V12","Acot7","70025","Cytosolic acyl coenzyme A thioester hydrolase",0,0
"P31324","Prkar2b","19088","cAMP-dependent protein kinase type II-beta regulatory subunit",0,0
"Q921G8","Tubgcp2","74237","Gamma-tubulin complex component 2",0,0
"Q811Q9","Pcyt1b","236899","Choline-phosphate cytidylyltransferase B",0,0
"Q8K4J6","Mrtfa","223701","Myocardin-related transcription factor A",0,0
"Q9DC50","Crot","74114","Peroxisomal carnitine O-octanoyltransferase",0,0
"Q8BZA7","Gpr26","233919","G protein-coupled receptor 26",0.25,0.25
"Q64092","Tfe3","209446","Transcription factor E3",0.5,0
"Q9EPL2","Clstn1","65945","Calsyntenin-1",0,0
"Q9Z0R4","Itsn1","16443","Intersectin-1",0,0
"Q6I6G8","Hecw2","329152","E3 ubiquitin-protein ligase HECW2",0,0
"Q6ZQ82","Arhgap26","71302","Rho GTPase-activating protein 26",0,0
"Q9CRA7","Dmac2l","68055","ATP synthase subunit s, mitochondrial",0,0
"Q3URD3","Slmap","83997","Sarcolemmal membrane-associated protein",0,0
"Q8CG76","Akr7a2","110198","Aflatoxin B1 aldehyde reductase member 2",0,0
"P97429","Anxa4","11746","Annexin A4",0,0
"O88705","Hcn3","15168","Potassium/sodium hyperpolarization-activated cyclic nucleotide-gated channel 3",0,0
"Q8VCW8","Acsf2","264895","Medium-chain acyl-CoA ligase ACSF2, mitochondrial",0,0
"Q9DB29","Iah1","67732","Isoamyl acetate-hydrolyzing esterase 1 homolog",0,0
"Q811D0","Dlg1","13383","Disks large homolog 1",0,0
"O70305","Atxn2","20239","Ataxin-2",0,0
"P98203","Arvcf","11877","Splicing regulator ARVCF",0,0
"Q8K382","Dennd1a","227801","DENN domain-containing protein 1A",0,0
"Q8BGD9","Eif4b","75705","Eukaryotic translation initiation factor 4B",0,0
"Q920B9","Supt16h","114741","FACT complex subunit SPT16",0,0
"Q9EQZ6","Rapgef4","56508","Rap guanine nucleotide exchange factor 4",0,0
"Q6DFZ1","Gbf1","107338","Golgi-specific brefeldin A-resistance guanine nucleotide exchange factor 1",0,0
"Q99PU5","Acsbg1","94180","Long-chain-fatty-acid--CoA ligase ACSBG1",0,0
"Q7TSK2","Sez6","20370","Seizure protein 6",0,0
"Q9Z223","Mocs2","17434","Molybdopterin synthase catalytic subunit",0,0
"P53395","Dbt","13171","Lipoamide acyltransferase component of branched-chain alpha-keto acid dehydrogenase complex, mitochondrial",0,0
"Q9CXV1","Sdhd","66925","Succinate dehydrogenase [ubiquinone] cytochrome b small subunit, mitochondrial",0,0
"Q64511","Top2b","21974","DNA topoisomerase 2-beta",0,0
"Q8CC35","Synpo","104027","Synaptopodin",0,0
"Q68EF6","Begain","380785","Brain-enriched guanylate kinase-associated protein",0,0
"Q8K1C0","Angel2","52477","RNA 2',3'-cyclic phosphatase ANGEL2",0,0
"O89032","Sh3pxd2a","14218","SH3 and PX domain-containing protein 2A",0,0
"Q7TPH6","Mycbp2","105689","E3 ubiquitin-protein ligase MYCBP2",0,0
"Q00493","Cpe","12876","Carboxypeptidase E",0,0
"Q6DFV3","Arhgap21","71435","Rho GTPase-activating protein 21",0,0
"Q9ESN9","Mapk8ip3","30957","C-Jun-amino-terminal kinase-interacting protein 3",0,0
"Q9QYE6","Golga5","27277","Golgin subfamily A member 5",0,0
"O08688","Capn5","12337","Calpain-5",0,0
"Q9JIH2","Nup50","18141","Nuclear pore complex protein Nup50",0,0
"P97820","Map4k4","26921","Mitogen-activated protein kinase kinase kinase kinase 4",0,0
"Q9Z1Q2","Abhd16a","193742","Phosphatidylserine lipase ABHD16A",0,0
"Q61120","Shc3","20418","SHC-transforming protein 3",0,0
"Q80Z38","Shank2","210274","SH3 and multiple ankyrin repeat domains protein 2",0,0
"Q920Q4","Vps16","80743","Vacuolar protein sorting-associated protein 16 homolog",0,0
"Q9EQT6","Syt13","80976","Synaptotagmin-13",0,0
"Q8BX17","Gemin5","216766","Gem-associated protein 5",0,0
"Q9Z1Z2","Strap","20901","Serine-threonine kinase receptor-associated protein",0,0
"Q8CE96","Trmt6","66926","tRNA (adenine(58)-N(1))-methyltransferase non-catalytic subunit TRM6",0,0
"P81117","Nucb2","53322","Nucleobindin-2",0,0
"Q8C4B4","Unc119b","106840","Protein unc-119 homolog B",0,0
"Q3UGF1","Wdr19","213081","WD repeat-containing protein 19",0,0
"Q61687","Atrx","22589","Chromatin remodeler ATRX",0,0
"Q61586","Gpam","14732","Glycerol-3-phosphate acyltransferase 1, mitochondrial",0.25,0.25
"Q8C1Z7","Bbs4","102774","BBSome complex member BBS4",0.25,0
"Q80YV3","Trrap","100683","Transformation/transcription domain-associated protein",0,0
"Q3ULD5","Mccc2","78038","Methylcrotonoyl-CoA carboxylase beta chain, mitochondrial",0,0
"Q3U2I3","Fhip1b","74349","FHF complex subunit HOOK-interacting protein 1B",0,0
"Q9JKK7","Tmod2","50876","Tropomodulin-2",0,0
"P12367","Prkar2a","19087","cAMP-dependent protein kinase type II-alpha regulatory subunit",0,0
"Q80ZF8","Adgrb3","210933","Adhesion G protein-coupled receptor B3",0,0
"Q9CU62","Smc1a","24061","Structural maintenance of chromosomes protein 1A",0,0
"Q9QY42","Gpr37","14763","Prosaposin receptor GPR37",0,0
"Q8BZJ7","Dcun1d2","102323","DCN1-like protein 2",0,0
"P08003","Pdia4","12304","Protein disulfide-isomerase A4",0,0
"Q9D666","Sun1","77053","SUN domain-containing protein 1",0,0
"F8VQK3","Gucy1a2","234889","Guanylate cyclase soluble subunit alpha-2",0,0
"Q0VBL3","Rbm15","229700","RNA-binding protein 15",0,0
"Q8K3F6","Kcnq3","110862","Potassium voltage-gated channel subfamily KQT member 3",0,0
"Q9CYH5","Gfod2","70575","Glucose-fructose oxidoreductase domain-containing protein 2",0,0
"Q8BR63","Fam177a","100101807","Protein FAM177A",0,0
"Q9Z268","Rasal1","19415","RasGAP-activating-like protein 1",0,0
"O88602","Cacng2","12300","Voltage-dependent calcium channel gamma-2 subunit",0,0
"Q8CJ67","Stau2","29819","Double-stranded RNA-binding protein Staufen homolog 2",0,0
"Q8BTF8","Ralyl","76897","RNA-binding Raly-like protein",0,0
"P63054","Pcp4","18546","Calmodulin regulator protein PCP4",0,0
"O88307","Sorl1","20660","Sortilin-related receptor",0,0
"Q02053","Uba1","22201","Ubiquitin-like modifier-activating enzyme 1",0,0
"Q60875","Arhgef2","16800","Rho guanine nucleotide exchange factor 2",0,0
"Q9WV70","Noc2l","57741","Nucleolar complex protein 2 homolog",0.5,0.25
"P51660","Hsd17b4","15488","Peroxisomal multifunctional enzyme type 2",0,0
"Q6NZF1","Zc3h11a","70579","Zinc finger CCCH domain-containing protein 11A",0,0
"Q8K2D3","Edc3","353190","Enhancer of mRNA-decapping protein 3",0,0
"P28474","Adh5","11532","Alcohol dehydrogenase class-3",0,0
"Q9D0G0","Mrps30","59054","Large ribosomal subunit protein mL65",0,0
"Q99LC5","Etfa","110842","Electron transfer flavoprotein subunit alpha, mitochondrial",0,0
"Q8K2L8","Trappc12","217449","Trafficking protein particle complex subunit 12",0,0
"Q7TPV2","Dzip3","224170","E3 ubiquitin-protein ligase DZIP3",0,0
"P63038","Hspd1","15510","60 kDa heat shock protein, mitochondrial",0,0
"Q3V3R1","Mthfd1l","270685","Monofunctional C1-tetrahydrofolate synthase, mitochondrial",0,0
"Q6P3A8","Bckdhb","12040","2-oxoisovalerate dehydrogenase subunit beta, mitochondrial",0,0
"Q8C437","Pex5l","58869","PEX5-related protein",0,0
"Q3TXS7","Psmd1","70247","26S proteasome non-ATPase regulatory subunit 1",0,0
"Q61545","Ewsr1","14030","RNA-binding protein EWS",0,0
"P01027","C3","12266","Complement C3",0,0
"Q7TMC8","Fcsk","234730","L-fucose kinase",0,0
"P13439","Umps","22247","Uridine 5'-monophosphate synthase",0,0
"Q8CGF5","Tlcd4","99887","TLC domain-containing protein 4",0,0
"Q9D2R0","Aacs","78894","Acetoacetyl-CoA synthetase",0,0
"Q6PCZ4","Magee1","107528","Melanoma-associated antigen E1",0,0
"Q9QZI8","Serinc1","56442","Serine incorporator 1",0,0
"Q9JIK5","Ddx21","56200","Nucleolar RNA helicase 2",0,0
"Q9D1G3","Hhatl","74770","Protein-cysteine N-palmitoyltransferase HHAT-like protein",0,0
"Q64012","Raly","19383","RNA-binding protein Raly",0,0
"Q80YA7","Dpp8","74388","Dipeptidyl peptidase 8",0,0
"Q9WU60","Atrn","11990","Attractin",0,0
"Q99PV0","Prpf8","192159","Pre-mRNA-processing-splicing factor 8",0,0
"Q5SRY7","Fbxw11","103583","F-box/WD repeat-containing protein 11",0,0
"Q6PIE5","Atp1a2","98660","Sodium/potassium-transporting ATPase subunit alpha-2",0,0
"P17182","Eno1","433182","Alpha-enolase",0,0
"P17183","Eno2","13807","Gamma-enolase",0,0
"P09411","Pgk1","18655","Phosphoglycerate kinase 1",0,0
"Q71LX4","Tln2","70549","Talin-2",0,0
"Q8K354","Cbr3","109857","Carbonyl reductase [NADPH] 3",0,0
"P16332","Mmut","17850","Methylmalonyl-CoA mutase, mitochondrial",0,0
"P52624","Upp1","22271","Uridine phosphorylase 1",0.25,0
"Q9QYC0","Add1","11518","Alpha-adducin",0,0
"Q3UHU5","Mtcl1","68617","Microtubule cross-linking factor 1",0,0
"Q8CH77","Nav1","215690","Neuron navigator 1",0,0
"P45952","Acadm","11364","Medium-chain specific acyl-CoA dehydrogenase, mitochondrial",0,0
"P84309","Adcy5","224129","Adenylate cyclase type 5",0,0
"P70392","Rasgrf2","19418","Ras-specific guanine nucleotide-releasing factor 2",0,0
"Q505D7","Opa3","403187","Optic atrophy 3 protein homolog",0,0
"Q5SWP3","Nacad","192950","NAC-alpha domain-containing protein 1",0,0
"P27671","Rasgrf1","19417","Ras-specific guanine nucleotide-releasing factor 1",0,0
"Q64096","Mcf2l","17207","Guanine nucleotide exchange factor DBS",0,0
"Q9EPL9","Acox3","80911","Peroxisomal acyl-coenzyme A oxidase 3",0,0
"Q91VC9","Ghitm","66092","Growth hormone-inducible transmembrane protein",0,0
"Q8CGF6","Wdr47","99512","WD repeat-containing protein 47",0,0
"Q8CAK1","Iba57","216792","Iron-sulfur cluster assembly factor IBA57, mitochondrial",0,0
"Q8BWF0","Aldh5a1","214579","Succinate-semialdehyde dehydrogenase, mitochondrial",0,0
"Q62172","Ralbp1","19765","RalA-binding protein 1",0,0
"Q9CQW1","Ykt6","56418","Synaptobrevin homolog YKT6",0,0
"Q5S006","Lrrk2","66725","Leucine-rich repeat serine/threonine-protein kinase 2",0,0
"Q8VED2","Bloc1s4","117197","Biogenesis of lysosome-related organelles complex 1 subunit 4",0,0
"P98195","Atp9b","50771","Probable phospholipid-transporting ATPase IIB",0,0
"Q91YT0","Ndufv1","17995","NADH dehydrogenase [ubiquinone] flavoprotein 1, mitochondrial",0,0
"Q9JHK4","Rabggta","56187","Geranylgeranyl transferase type-2 subunit alpha",0,0
"Q6PDQ2","Chd4","107932","ATP-dependent chromatin remodeler CHD4",0,0
"A2A8L1","Chd5","269610","ATP-dependent chromatin remodeler CHD5",0,0
"Q9CQI6","Cotl1","72042","Coactosin-like protein",0,0
"Q8VDP4","Ccar2","219158","Cell cycle and apoptosis regulator protein 2",0,0
"Q8BGW1","Fto","26383","Alpha-ketoglutarate-dependent dioxygenase FTO",0,0
"Q8BVL9","Jakmip1","76071","Janus kinase and microtubule-interacting protein 1",0,0
"P29341","Pabpc1","18458","Polyadenylate-binding protein 1",0,0
"Q9ES00","Ube4b","63958","Ubiquitin conjugation factor E4 B",0,0
"Q9Z2D8","Mbd3","17192","Methyl-CpG-binding domain protein 3",0,0
"Q9EQH3","Vps35","65114","Vacuolar protein sorting-associated protein 35",0,0
"Q80WM4","Hapln4","330790","Hyaluronan and proteoglycan link protein 4",0,0
"Q80ZX8","Spag1","26942","Sperm-associated antigen 1",0.5,0
"Q3UZV7","Elapor2","231014","Endosome/lysosome-associated apoptosis and autophagy regulator family member 2",0,0
"Q921W4","Cryzl1","66609","Ferry endosomal RAB5 effector complex subunit 4",0,0
"O35099","Map3k5","26408","Mitogen-activated protein kinase kinase kinase 5",0,0
"O08576","Rundc3a","51799","RUN domain-containing protein 3A",0,0
"Q07417","Acads","11409","Short-chain specific acyl-CoA dehydrogenase, mitochondrial",0,0
"Q9JHI5","Ivd","56357","Isovaleryl-CoA dehydrogenase, mitochondrial",0,0
"Q8BRK8","Prkaa2","108079","5'-AMP-activated protein kinase catalytic subunit alpha-2",0,0
"E9PXF8","Sbf2","319934","Myotubularin-related protein 13",0,0
"P97772","Grm1","14816","Metabotropic glutamate receptor 1",0,0
"Q8C3R1","Brat1","231841","Integrator complex assembly factor BRAT1",0,0
"A3KMP2","Ttc38","239570","Tetratricopeptide repeat protein 38",0,0
"P70193","Lrig1","16206","Leucine-rich repeats and immunoglobulin-like domains protein 1",0.5,0
"Q80TG9","Lrfn2","70530","Leucine-rich repeat and fibronectin type-III domain-containing protein 2",0,0
"Q920R0","Als2","74018","Alsin",0,0
"P36916","Gnl1","14670","Guanine nucleotide-binding protein-like 1",0,0
"Q69ZU6","Thsd7a","330267","Thrombospondin type-1 domain-containing protein 7A",0,0
"Q8CDM8","Fhip2a","226252","FHF complex subunit HOOK interacting protein 2A",0,0
"P63239","Pcsk1","18548","Neuroendocrine convertase 1",0,0
"Q9D071","Mms19","72199","MMS19 nucleotide excision repair protein homolog",0,0
"G3X9K3","Arfgef1","211673","Brefeldin A-inhibited guanine nucleotide-exchange protein 1",0,0
"Q99K28","Arfgap2","77038","ADP-ribosylation factor GTPase-activating protein 2",0,0
"Q61739","Itga6","16403","Integrin alpha-6",0,0
"Q6PGG6","Gnl3l","237107","Guanine nucleotide-binding protein-like 3-like protein",0,0
"O88738","Birc6","12211","Dual E2 ubiquitin-conjugating enzyme/E3 ubiquitin-protein ligase BIRC6",0,0
"Q91YP0","L2hgdh","217666","L-2-hydroxyglutarate dehydrogenase, mitochondrial",0,0
"Q63959","Kcnc3","16504","Voltage-gated potassium channel KCNC3",0,0
"Q9QYH6","Maged1","94275","Melanoma-associated antigen D1",0,0
"Q8JZX4","Rbm17","76938","Splicing factor 45",0,0
"Q99MR3","Slc12a9","83704","Solute carrier family 12 member 9",0,0
"P34914","Ephx2","13850","Bifunctional epoxide hydrolase 2",0,0
"Q80YX1","Tnc","21923","Tenascin",0,0
"P62880","Gnb2","14693","Guanine nucleotide-binding protein G(I)/G(S)/G(T) subunit beta-2",0,0
"O88444","Adcy1","432530","Adenylate cyclase type 1",0,0
"Q810J8","Zfyve1","217695","Zinc finger FYVE domain-containing protein 1",0,0
"Q6EDY6","Carmil1","68732","F-actin-uncapping protein LRRC16A",0,0
"P56380","Nudt2","66401","Bis(5'-nucleosyl)-tetraphosphatase [asymmetrical]",0,0
"Q62465","Vat1","26949","NADPH-dependent quinone oxidoreductase VAT1",0,0
"Q80TB8","Vat1l","270097","Putative NADPH-dependent quinone oxidoreductase VAT1L",0,0
"Q99KR6","Rnf34","80751","E3 ubiquitin-protein ligase RNF34",0,0
"Q8BH69","Sephs1","109079","Selenide, water dikinase 1",0,0
"Q01279","Egfr","13649","Epidermal growth factor receptor",0,0
"Q99LI8","Hgs","15239","Hepatocyte growth factor-regulated tyrosine kinase substrate",0,0
"Q91YI4","Arrb2","216869","Beta-arrestin-2",0,0
"Q8BWG8","Arrb1","109689","Beta-arrestin-1",0,0
"Q6QI06","Rictor","78757","Rapamycin-insensitive companion of mTOR",0,0
"Q61290","Cacna1e","12290","Voltage-dependent R-type calcium channel subunit alpha-1E",0,0
"Q8R127","Sccpdh","109232","Saccharopine dehydrogenase-like oxidoreductase",0,0
"Q8C7R4","Uba6","231380","Ubiquitin-like modifier-activating enzyme 6",0,0
"Q2TPA8","Hsdl2","72479","Hydroxysteroid dehydrogenase-like protein 2",0,0
"Q8C7H1","Mmaa","109136","Methylmalonic aciduria type A homolog, mitochondrial",0,0
"Q8R0S2","Iqsec1","232227","IQ motif and SEC7 domain-containing protein 1",0,0
"Q91XD7","Creld1","171508","Protein disulfide isomerase Creld1",0,0
"Q9R013","Ctsf","56464","Cathepsin F",0,0
"P46471","Psmc2","19181","26S proteasome regulatory subunit 7",0,0
"Q8C145","Slc39a6","106957","Zinc transporter ZIP6",0,0
"P57780","Actn4","60595","Alpha-actinin-4",0,0
"Q9JI91","Actn2","11472","Alpha-actinin-2",0,0
"E9Q3L2","Pi4ka","224020","Phosphatidylinositol 4-kinase alpha",0,0
"Q7TSH8","Tmem94","71947","Transmembrane protein 94",0,0
"Q8K1X1","Wdr11","207425","WD repeat-containing protein 11",0,0
"Q8R480","Nup85","445007","Nuclear pore complex protein Nup85",0,0
"Q810D6","Grwd1","101612","Glutamate-rich WD repeat-containing protein 1",0,0
"P97785","Gfra1","14585","GDNF family receptor alpha-1",0,0
"O08842","Gfra2","14586","GDNF family receptor alpha-2",0,0
"P18052","Ptpra","19262","Receptor-type tyrosine-protein phosphatase alpha",0,0
"Q62092","Nsg1","18196","Neuronal vesicle trafficking-associated protein 1",0,0
"Q9R0L6","Pcm1","18536","Pericentriolar material 1 protein",0,0
"Q5H8C4","Vps13a","271564","Intermembrane lipid transfer protein VPS13A",0,0
"Q9EP82","Wdr4","57773","tRNA (guanine-N(7)-)-methyltransferase non-catalytic subunit WDR4",0,0
"Q8K2C8","Gpat4","102247","Glycerol-3-phosphate acyltransferase 4",0,0
"Q8K1H1","Tdrd7","100121","Tudor domain-containing protein 7",0,0
"Q922L6","Nelfcd","57314","Negative elongation factor D",0,0
"P97370","Atp1b3","11933","Sodium/potassium-transporting ATPase subunit beta-3",0,0
"P58802","Tbc1d10a","103724","TBC1 domain family member 10A",0,0
"Q9DC63","Fbxo3","57443","F-box only protein 3",0,0
"Q3UVX5","Grm5","108071","Metabotropic glutamate receptor 5",0,0
"Q8BND3","Wdr35","74682","WD repeat-containing protein 35",0,0
"Q8VEH6","Zng1","226043","Zinc-regulated GTPase metalloprotein activator 1",0,0
"P11835","Itgb2","16414","Integrin beta-2",0,0
"Q9JM98","Wrap73","59002","WD repeat-containing protein WRAP73",0,0.5
"P97351","Rps3a","20091","Small ribosomal subunit protein eS1",0,0
"A2A5R2","Arfgef2","99371","Brefeldin A-inhibited guanine nucleotide-exchange protein 2",0,0
"Q8C547","Heatr5b","320473","HEAT repeat-containing protein 5B",0,0
"Q80Y24","Prickle2","243548","Prickle-like protein 2",0,0
"Q80X80","C2cd2l","71764","Phospholipid transfer protein C2CD2L",0,0
"A6H611","Mipep","70478","Mitochondrial intermediate peptidase",0,0
"Q62407","Speg","11790","Striated muscle-specific serine/threonine-protein kinase",0,0
"Q05920","Pc","18563","Pyruvate carboxylase, mitochondrial",0,0
"Q9QXY7","Xk","22439","Endoplasmic reticulum membrane adapter protein XK",0,0
"Q61595","Ktn1","16709","Kinectin",0,0
"Q5SUR0","Pfas","237823","Phosphoribosylformylglycinamidine synthase",0,0
"Q8BRT1","Clasp2","76499","CLIP-associating protein 2",0,0
"Q6PIC6","Atp1a3","232975","Sodium/potassium-transporting ATPase subunit alpha-3",0,0
"E9PV86","Mctp1","78771","Multiple C2 and transmembrane domain-containing protein 1",0,0
"P58058","Nadk","192185","NAD kinase",0,0
"Q8R1C0","Kcnc4","99738","Voltage-gated potassium channel KCNC4",0,0
"Q922Q9","Chid1","68038","Chitinase domain-containing protein 1",0,0
"O09126","Sema4d","20354","Semaphorin-4D",0,0
"Q9WU42","Ncor2","20602","Nuclear receptor corepressor 2",0,0
"P62908","Rps3","27050","Small ribosomal subunit protein uS3",0,0
"Q9ET80","Jph1","57339","Junctophilin-1",0,0
"P22682","Cbl","12402","E3 ubiquitin-protein ligase CBL",0,0
"Q02357","Ank1","11733","Ankyrin-1",0,0
"Q9CXR1","Dhrs7","66375","Dehydrogenase/reductase SDR family member 7",0,0
"Q80YF9","Arhgap33","233071","Rho GTPase-activating protein 33",0,0
"Q9JLC8","Sacs","50720","Sacsin",0,0
"Q8BFZ9","Erlin2","244373","Erlin-2",0,0
"O88487","Dync1i2","13427","Cytoplasmic dynein 1 intermediate chain 2",0,0
"Q8C561","Lmbrd2","320506","G protein-coupled receptor-associated protein LMBRD2",0,0
"Q6PHS9","Cacna2d2","56808","Voltage-dependent calcium channel subunit alpha-2/delta-2",0,0
"Q9CQ49","Ncbp2","68092","Nuclear cap-binding protein subunit 2",0,0
"P48036","Anxa5","11747","Annexin A5",0,0
"Q91X78","Erlin1","226144","Erlin-1",0,0
"O70589","Cask","12361","Peripheral plasma membrane protein CASK",0,0
"Q9QYR9","Acot2","171210","Acyl-coenzyme A thioesterase 2, mitochondrial",0,0
"Q61234","Snta1","20648","Alpha-1-syntrophin",0,0
"O88878","Zfand5","22682","AN1-type zinc finger protein 5",0,0
"Q9JMB8","Cntn6","53870","Contactin-6",0,0
"Q07409","Cntn3","18488","Contactin-3",0,0
"P22723","Gabrg2","14406","Gamma-aminobutyric acid receptor subunit gamma-2",0,0
"Q62442","Vamp1","22317","Vesicle-associated membrane protein 1",0,0
"Q149L6","Dnajb14","70604","DnaJ homolog subfamily B member 14",0,0
"Q8VE99","Vma22","69668","Vacuolar ATPase assembly protein VMA22",0,0
"Q99JX3","Gorasp2","70231","Golgi reassembly-stacking protein 2",0,0
"Q8BK64","Ahsa1","217737","Activator of 90 kDa heat shock protein ATPase homolog 1",0,0
"O89084","Pde4a","18577","3',5'-cyclic-AMP phosphodiesterase 4A",0,0
"Q9R1V6","Adam22","11496","Disintegrin and metalloproteinase domain-containing protein 22",0,0
"Q8BFR5","Tufm","233870","Elongation factor Tu, mitochondrial",0,0
"A6X935","Itih4","16427","Inter alpha-trypsin inhibitor, heavy chain 4",0,0
"P20491","Fcer1g","14127","High affinity immunoglobulin epsilon receptor subunit gamma",0,0
"Q9D938","Tmem160","69094","Transmembrane protein 160",0,0
"Q9JI99","Sgpp1","81535","Sphingosine-1-phosphate phosphatase 1",0,0
"Q9QZN4","Fbxo6","50762","F-box only protein 6",0,0
"Q91VM9","Ppa2","74776","Inorganic pyrophosphatase 2, mitochondrial",0,0
"Q920N2","Hlcs","110948","Biotin--protein ligase",0,0
"Q80TT8","Cul9","78309","Cullin-9",0,0
"Q9Z2Q6","Septin5","18951","Septin-5",0,0
"Q6PEB6","Mob4","19070","MOB-like protein phocein",0,0
"P32020","Scp2","20280","Sterol carrier protein 2",0,0
"Q923D5","Wbp11","60321","WW domain-binding protein 11",0,0
"Q6GQW0","Abtb3","74007","Ankyrin repeat- and BTB/POZ domain-containing protein 3",0,0
"P39061","Col18a1","12822","Collagen alpha-1(XVIII) chain",0,0
"Q9CTY5","Micu3","78506","Calcium uptake protein 3, mitochondrial",0,0
"P15208","Insr","16337","Insulin receptor",0,0
"Q6PE13","Prrt3","210673","Proline-rich transmembrane protein 3",0,0
"Q9Z1D1","Eif3g","53356","Eukaryotic translation initiation factor 3 subunit G",0,0
"Q3UDE2","Ttll12","223723","Tubulin--tyrosine ligase-like protein 12",0,0
"Q922B2","Dars1","226414","Aspartate--tRNA ligase, cytoplasmic",0,0
"Q80TF3","Pcdh19","279653","Protocadherin-19",0,0
"P51863","Atp6v0d1","11972","V-type proton ATPase subunit d 1",0,0
"Q91WG7","Dgkg","110197","Diacylglycerol kinase gamma",0,0
"Q8BG80","Fbxo46","243867","F-box only protein 46",0.5,0.5
"Q8CFY5","Cox10","70383","Protoheme IX farnesyltransferase, mitochondrial",0.5,0
"P61460","Depdc5","277854","GATOR1 complex protein DEPDC5",0,0
"P53811","Pitpnb","56305","Phosphatidylinositol transfer protein beta isoform",0,0
"P61971","Nutf2","68051","Nuclear transport factor 2",0,0
"P15388","Kcnc1","16502","Voltage-gated potassium channel KCNC1",0,0
"P35700","Prdx1","18477","Peroxiredoxin-1",0,0
"P53564","Cux1","13047","Homeobox protein cut-like 1",0.25,0
"Q8BXN9","Tmem87a","211499","Golgi-pH regulating cation channel",0,0
"P83741","Wnk1","232341","Serine/threonine-protein kinase WNK1",0,0
"Q9R1P4","Psma1","26440","Proteasome subunit alpha type-1",0,0
"Q8BMQ2","Gtf3c4","269252","General transcription factor 3C polypeptide 4",0,0
"Q91V92","Acly","104112","ATP-citrate synthase",0,0
"Q61879","Myh10","77579","Myosin-10",0,0
"P97393","Arhgap5","11855","Rho GTPase-activating protein 5",0,0
"P47791","Gsr","14782","Glutathione reductase, mitochondrial",0,0
"Q8CBF3","Ephb1","270190","Ephrin type-B receptor 1",0,0
"Q9EQ80","Nif3l1","65102","NIF3-like protein 1",0,0
"Q8K135","Kiaa0319l","100317","Dyslexia-associated protein KIAA0319-like protein",0,0
"Q8BH48","Ubap1","67123","Ubiquitin-associated protein 1",0,0
"Q7TQN3","Wfikkn2","278507","WAP, Kazal, immunoglobulin, Kunitz and NTR domain-containing protein 2",0.25,0.25
"Q99MR0","Actl6b","83766","Actin-like protein 6B",0,0
"O88522","Ikbkg","16151","NF-kappa-B essential modulator",0,0
"Q9CRD0","Ociad1","68095","OCIA domain-containing protein 1",0,0
"O08800","Serpinb8","20725","Serpin B8",0,0
"P56375","Acyp2","75572","Acylphosphatase-2",0,0
"Q8K298","Anln","68743","Anillin",0,0
"Q80Y83","Dixdc1","330938","Dixin",0,0
"Q7TQA1","Igsf1","209268","Immunoglobulin superfamily member 1",0.5,0
"Q9DBT3","Ccdc97","52132","Coiled-coil domain-containing protein 97",0,0
"P39447","Tjp1","21872","Tight junction protein 1",0,0
"Q9JIA7","Sphk2","56632","Sphingosine kinase 2",0,0
"Q9D1T0","Lingo1","235402","Leucine-rich repeat and immunoglobulin-like domain-containing nogo receptor-interacting protein 1",0,0
"P97355","Sms","20603","Spermine synthase",0,0
"P70310","Ntsr2","18217","Neurotensin receptor type 2",0,0
"Q0VGY8","Tanc1","66860","Protein TANC1",0,0
"Q8CA95","Pde10a","23984","cAMP and cAMP-inhibited cGMP 3',5'-cyclic phosphodiesterase 10A",0,0
"Q5DU31","Ipcef1","320495","Interactor protein for cytohesin exchange factors 1",0,0
"Q9ERU9","Ranbp2","19386","E3 SUMO-protein ligase RanBP2",0,0
"Q6PDH0","Phldb1","102693","Pleckstrin homology-like domain family B member 1",0,0
"Q9CQ06","Mrpl24","67707","Large ribosomal subunit protein uL24m",0,0
"P13634","Ca1","12346","Carbonic anhydrase 1",0,0
"Q6P1H6","Ankle2","71782","Ankyrin repeat and LEM domain-containing protein 2",0,0
"Q8R2K1","Fuom","69064","Fucose mutarotase",0,0
"Q3UE31","Q3UE31","223739","Uncharacterized protein KIAA0930 homolog",0,0
"P70207","Plxna2","18845","Plexin-A2",0,0
"Q9CW46","Raver1","71766","Ribonucleoprotein PTB-binding 1",0,0
"Q9QZQ1","Afdn","17356","Afadin",0,0
"Q6PHQ8","Naa35","78689","N-alpha-acetyltransferase 35, NatC auxiliary subunit",0,0
"O08749","Dld","13382","Dihydrolipoyl dehydrogenase, mitochondrial",0,0
"Q8BWY4","Mblac1","330216","Metallo-beta-lactamase domain-containing protein 1",0,0
"Q8BGF9","Slc25a44","229517","Solute carrier family 25 member 44",0,0
"P62242","Rps8","100040298","Small ribosomal subunit protein eS8",0,0
"Q01341","Adcy6","11512","Adenylate cyclase type 6",0,0
"P62334","Psmc6","67089","26S proteasome regulatory subunit 10B",0,0
"P11499","Hsp90ab1","15516","Heat shock protein HSP 90-beta",0,0
"Q8K2Q7","Brox","71678","BRO1 domain-containing protein BROX",0,0
"P23819","Gria2","14800","Glutamate receptor 2",0,0
"Q9Z2W9","Gria3","53623","Glutamate receptor 3",0,0
"Q9CY18","Snx7","76561","Sorting nexin-7",0,0
"P58021","Tm9sf2","68059","Transmembrane 9 superfamily member 2",0,0
"Q6ZWX6","Eif2s1","13665","Eukaryotic translation initiation factor 2 subunit 1",0,0
"P61222","Abce1","24015","ATP-binding cassette sub-family E member 1",0,0
"Q61543","Glg1","20340","Golgi apparatus protein 1",0,0
"Q61625","Grid2","14804","Glutamate receptor ionotropic, delta-2",0,0
"Q8VDN2","Atp1a1","11928","Sodium/potassium-transporting ATPase subunit alpha-1",0,0
"Q6PE15","Abhd10","213012","Palmitoyl-protein thioesterase ABHD10, mitochondrial",0,0
"P55144","Tyro3","22174","Tyrosine-protein kinase receptor TYRO3",0,0
"Q8R3P0","Aspa","11484","Aspartoacylase",0,0
"Q8VE62","Paip1","218693","Polyadenylate-binding protein-interacting protein 1",0,0
"Q61503","Nt5e","23959","5'-nucleotidase",0,0
"Q99KK9","Hars2","70791","Histidine--tRNA ligase, mitochondrial",0,0
"P15920","Atp6v0a2","21871","V-type proton ATPase 116 kDa subunit a 2",0,0
"Q8JZR0","Acsl5","433256","Long-chain-fatty-acid--CoA ligase 5",0,0
"Q8VE22","Mrps23","64656","Small ribosomal subunit protein mS23",0,0
"P10649","Gstm1","14862","Glutathione S-transferase Mu 1",0,0
"Q69Z98","Brsk2","75770","Serine/threonine-protein kinase BRSK2",0,0
"Q99KL7","Rab28","100972","Ras-related protein Rab-28",0,0
"Q6P9R2","Oxsr1","108737","Serine/threonine-protein kinase OSR1",0,0
"Q8BGN3","Enpp6","320981","Glycerophosphocholine cholinephosphodiesterase ENPP6",0,0
"P68037","Ube2l3","22195","Ubiquitin-conjugating enzyme E2 L3",0,0
"Q8VBX6","Mpdz","17475","Multiple PDZ domain protein",0,0
"P39087","Grik2","14806","Glutamate receptor ionotropic, kainate 2",0,0
"B1AS29","Grik3","14807","Glutamate receptor ionotropic, kainate 3",0,0
"G5E870","Trip12","14897","E3 ubiquitin-protein ligase TRIP12",0,0
"Q5DTT2","Psd","73728","PH and SEC7 domain-containing protein 1",0,0
"Q6PHU5","Sort1","20661","Sortilin",0,0
"P62897","Cycs","13063","Cytochrome c, somatic",0,0
"Q99MB7","Rnf141","67150","RING finger protein 141",0,0
"P07901","Hsp90aa1","15519","Heat shock protein HSP 90-alpha",0,0
"E9PZJ8","Ascc3","77987","Activating signal cointegrator 1 complex subunit 3",0,0
"Q9Z123","Sema4f","20355","Semaphorin-4F",0,0
"E9Q4S1","Pde8b","218461","High affinity cAMP-specific and IBMX-insensitive 3',5'-cyclic phosphodiesterase 8B",0,0
"Q99J39","Mlycd","56690","Malonyl-CoA decarboxylase, mitochondrial",0,0
"Q8K3K8","Optn","71648","Optineurin",0,0
"Q6URW6","Myh14","71960","Myosin-14",0,0
"Q8JZN7","Rhot2","214952","Mitochondrial Rho GTPase 2",0,0
"Q61165","Slc9a1","20544","Sodium/hydrogen exchanger 1",0,0
"Q8K212","Pacs1","107975","Phosphofurin acidic cluster sorting protein 1",0,0
"Q3TIR1","Trappc13","66975","Trafficking protein particle complex subunit 13",0,0
"Q9D154","Serpinb1a","66222","Leukocyte elastase inhibitor A",0,0
"Q8BQZ4","Ralgapb","228850","Ral GTPase-activating protein subunit beta",0,0
"Q9JM96","Cdc42ep4","56699","Cdc42 effector protein 4",0,0
"Q9ESJ0","Xpo4","57258","Exportin-4",0,0
"Q80V26","Bpnt2","242291","Golgi-resident adenosine 3',5'-bisphosphate 3'-phosphatase",0,0
"Q8BIJ6","Iars2","381314","Isoleucine--tRNA ligase, mitochondrial",0,0
"Q9JHW2","Nit2","52633","Omega-amidase NIT2",0,0
"Q8BMS1","Hadha","97212","Trifunctional enzyme subunit alpha, mitochondrial",0,0
"Q9Z1W9","Stk39","53416","STE20/SPS1-related proline-alanine-rich protein kinase",0,0
"Q6P5E4","Uggt1","320011","UDP-glucose:glycoprotein glucosyltransferase 1",0,0
"Q9D0R2","Tars1","110960","Threonine--tRNA ligase 1, cytoplasmic",0,0
"Q9CPY7","Lap3","66988","Cytosol aminopeptidase",0,0
"Q91YN0","Ferry3","28040","FERRY endosomal RAB5 effector complex subunit 3",0,0
"Q5SW75","Ssh2","237860","Protein phosphatase Slingshot homolog 2",0,0
"Q5SSZ5","Tns3","319939","Tensin-3",0,0
"Q8BH64","Ehd2","259300","EH domain-containing protein 2",0,0
"P58544","Btbd1","83962","BTB/POZ domain-containing protein 1",0,0
"Q61102","Abcb7","11306","Iron-sulfur clusters transporter ABCB7, mitochondrial",0,0
"P19137","Lama1","16772","Laminin subunit alpha-1",0,0
"Q9D0F9","Pgm1","72157","Phosphoglucomutase-1",0,0
"Q7TN98","Cpeb4","67579","Cytoplasmic polyadenylation element-binding protein 4",0,0
"Q9JHU9","Isyna1","71780","Inositol-3-phosphate synthase 1",0,0
"P97449","Anpep","16790","Aminopeptidase N",0,0
"Q9Z1F9","Uba2","50995","SUMO-activating enzyme subunit 2",0,0
"Q9D4H1","Exoc2","66482","Exocyst complex component 2",0,0
"Q8K009","Aldh1l2","216188","Mitochondrial 10-formyltetrahydrofolate dehydrogenase",0,0
"Q8R0Y6","Aldh1l1","107747","Cytosolic 10-formyltetrahydrofolate dehydrogenase",0,0
"Q3UDW8","Hgsnat","52120","Heparan-alpha-glucosaminide N-acetyltransferase",0,0
"Q6IMP4","Panx2","406218","Pannexin-2",0,0
"Q9Z1X4","Ilf3","16201","Interleukin enhancer-binding factor 3",0,0
"Q8BNY6","Ncs1","14299","Neuronal calcium sensor 1",0,0
"Q7TQK5","Ccdc93","70829","Coiled-coil domain-containing protein 93",0,0
"Q8R3I2","Mboat2","67216","Membrane-bound glycerophospholipid O-acyltransferase 2",0,0
"Q9WUT3","Rps6ka2","20112","Ribosomal protein S6 kinase alpha-2",0,0
"P16406","Enpep","13809","Glutamyl aminopeptidase",0,0
"Q68FE6","Ripor1","75687","Rho family-interacting cell polarization regulator 1",0,0
"Q91YJ5","Mtif2","76784","Translation initiation factor IF-2, mitochondrial",0,0
"Q9JKC6","Cend1","57754","Cell cycle exit and neuronal differentiation protein 1",0,0
"Q61609","Slc20a1","20515","Sodium-dependent phosphate transporter 1",0,0
"Q6PCX9","Trim37","68729","E3 ubiquitin-protein ligase TRIM37",0,0.25
"Q8BY87","Usp47","74996","Ubiquitin carboxyl-terminal hydrolase 47",0,0
"Q60710","Samhd1","56045","Deoxynucleoside triphosphate triphosphohydrolase SAMHD1",0,0
"Q920M5","Coro6","216961","Coronin-6",0,0
"O89053","Coro1a","12721","Coronin-1A",0,0
"Q923G2","Polr2h","245841","DNA-directed RNA polymerases I, II, and III subunit RPABC3",0,0
"P20357","Map2","17756","Microtubule-associated protein 2",0,0
"P97326","Cdh6","12563","Cadherin-6",0,0
"Q80Y55","Bsdc1","100383","BSD domain-containing protein 1",0,0
"Q9EQP2","Ehd4","98878","EH domain-containing protein 4",0,0
"Q68ED2","Grm7","108073","Metabotropic glutamate receptor 7",0,0
"P63321","Rala","56044","Ras-related protein Ral-A",0,0
"Q05D44","Eif5b","226982","Eukaryotic translation initiation factor 5B",0,0
"P62264","Rps14","20044","Small ribosomal subunit protein uS11",0,0
"Q921I1","Tf","22041","Serotransferrin",0,0
"P62881","Gnb5","14697","Guanine nucleotide-binding protein subunit beta-5",0,0
"P09470","Ace","11421","Angiotensin-converting enzyme",0,0
"Q3UNH4","Gprin1","26913","G protein-regulated inducer of neurite outgrowth 1",0,0
"Q3UYK3","Tbc1d9","71310","TBC1 domain family member 9",0.25,0.25
"P54754","Ephb3","13845","Ephrin type-B receptor 3",0,0
"Q812A2","Srgap3","259302","SLIT-ROBO Rho GTPase-activating protein 3",0,0
"Q91Z69","Srgap1","117600","SLIT-ROBO Rho GTPase-activating protein 1",0,0
"O88485","Dync1i1","13426","Cytoplasmic dynein 1 intermediate chain 1",0,0
"P70336","Rock2","19878","Rho-associated protein kinase 2",0,0
"Q9CPW3","Mrpl54","66047","Large ribosomal subunit protein mL54",0,0
"Q8BZR9","Ncbp3","66874","Nuclear cap-binding protein subunit 3",0,0
"Q80TE7","Lrrc7","242274","Leucine-rich repeat-containing protein 7",0,0
"Q9DBC3","Cmtr1","74157","Cap-specific mRNA (nucleoside-2'-O-)-methyltransferase 1",0,0
"Q04519","Smpd1","20597","Sphingomyelin phosphodiesterase",0,0
"Q8K3A0","Hscb","100900","Iron-sulfur cluster co-chaperone protein HscB",0,0
"A2AV25","Fibcd1","98970","Fibrinogen C domain-containing protein 1",0,0
"Q99JB8","Pacsin3","80708","Protein kinase C and casein kinase II substrate protein 3",0,0
"Q5SVR0","Tbc1d9b","76795","TBC1 domain family member 9B",0,0
"P80560","Ptprn2","19276","Receptor-type tyrosine-protein phosphatase N2",0,0
"Q9DBX3","Susd2","71733","Sushi domain-containing protein 2",0,0
"Q80YN3","Bcas1","76960","Breast carcinoma-amplified sequence 1 homolog",0,0
"Q60974","Ncor1","20185","Nuclear receptor corepressor 1",0,0
"Q7TQ95","Lnpk","69605","Endoplasmic reticulum junction formation protein lunapark",0,0
"Q9EPU0","Upf1","19704","Regulator of nonsense transcripts 1",0,0
"Q8R059","Gale","74246","UDP-glucose 4-epimerase",0,0
"Q02819","Nucb1","18220","Nucleobindin-1",0,0
"A2AQ25","Skt","208618","Sickle tail protein",0,0
"P35123","Usp4","22258","Ubiquitin carboxyl-terminal hydrolase 4",0,0
"Q80UG5","Septin9","53860","Septin-9",0,0
"O55131","Septin7","235072","Septin-7",0,0
"P28661","Septin4","18952","Septin-4",0,0
"Q9Z1S5","Septin3","24050","Neuronal-specific septin-3",0,0
"Q5F2E7","Nufip2","68564","FMR1-interacting protein NUFIP2",0,0
"Q8K2F0","Brd3","67382","Bromodomain-containing protein 3",0,0
"Q80YR5","Safb2","224902","Scaffold attachment factor B2",0,0
"P23818","Gria1","14799","Glutamate receptor 1",0,0
"Q3TY86","Aifm3","72168","Apoptosis-inducing factor 3",0,0
"P31001","Des","13346","Desmin",0,0
"Q99ME9","Gtpbp4","69237","GTP-binding protein 4",0,0
"Q9DB72","Btbd17","72014","BTB/POZ domain-containing protein 17",0,0
"Q8CFI5","Pars2","230577","Probable proline--tRNA ligase, mitochondrial",0,0
"Q08943","Ssrp1","20833","FACT complex subunit SSRP1",0,0
"Q3U213","Serac1","321007","Protein SERAC1",0,0
"P57716","Ncstn","59287","Nicastrin",0,0
"Q91VK1","Bzw2","66912","eIF5-mimic protein 1",0,0
"Q8BJL0","Smarcal1","54380","SNF2 related chromatin remodeling annealing helicase 1",0,0
"Q3V3N7","Bbs1","52028","BBSome complex member BBS1",0,0
"P49025","Cit","12704","Citron Rho-interacting kinase",0,0
"Q8BVG4","Dpp9","224897","Dipeptidyl peptidase 9",0,0
"Q62318","Trim28","21849","Transcription intermediary factor 1-beta",0,0
"Q9Z2G0","Fem1b","14155","Protein fem-1 homolog B",0,0
"P16546","Sptan1","20740","Spectrin alpha chain, non-erythrocytic 1",0,0
"Q923W1","Tgs1","116940","Trimethylguanosine synthase",0,0
"Q5XJY4","Parl","381038","Presenilin-associated rhomboid-like protein, mitochondrial",0,0
"Q61024","Asns","27053","Asparagine synthetase [glutamine-hydrolyzing]",0,0
"Q8VCV1","Abhd17c","70178","Alpha/beta hydrolase domain-containing protein 17C",0,0
"Q7M759","Abhd17b","226016","Alpha/beta hydrolase domain-containing protein 17B",0,0
"P19783","Cox4i1","12857","Cytochrome c oxidase subunit 4 isoform 1, mitochondrial",0,0
"Q64322","Npdc1","18146","Neural proliferation differentiation and control protein 1",0,0
"P50516","Atp6v1a","11964","V-type proton ATPase catalytic subunit A",0,0
"Q9ER81","Tor1aip2","240832","Torsin-1A-interacting protein 2, isoform IFRG15",0,0
"Q8BP92","Rcn2","26611","Reticulocalbin-2",0,0
"Q7TNC4","Luc7l2","192196","Putative RNA-binding protein Luc7-like 2",0,0
"Q8VEE4","Rpa1","68275","Replication protein A 70 kDa DNA-binding subunit",0,0
"Q8BND5","Qsox1","104009","Sulfhydryl oxidase 1",0,0
"Q8K2G4","Bbs7","71492","BBSome complex member BBS7",0,0
"Q80TL1","Adcy2","210044","Adenylate cyclase type 2",0,0
"Q3UHD9","Agap2","216439","Arf-GAP with GTPase, ANK repeat and PH domain-containing protein 2",0,0
"O54941","Smarce1","57376","SWI/SNF-related matrix-associated actin-dependent regulator of chromatin subfamily E member 1",0,0
"Q9ET77","Jph3","57340","Junctophilin-3",0,0
"Q9WVA2","Timm8a1","30058","Mitochondrial import inner membrane translocase subunit Tim8 A",0.25,0
"Q9WTQ5","Akap12","83397","A-kinase anchor protein 12",0,0
"Q8C0D9","Cep68","216543","Centrosomal protein of 68 kDa",0,0
"Q80WC7","Agfg2","231801","Arf-GAP domain and FG repeat-containing protein 2",0,0
"E9PZ19","Igsf9b","235086","Protein turtle homolog B",0,0
"O88834","Shd","20420","SH2 domain-containing adapter protein D",0,0
"Q91YI0","Asl","109900","Argininosuccinate lyase",0,0
"O88428","Papss2","23972","Bifunctional 3'-phosphoadenosine 5'-phosphosulfate synthase 2",0,0
"P11679","Krt8","16691","Keratin, type II cytoskeletal 8",0,0.5
"Q61818","Rai1","19377","Retinoic acid-induced protein 1",0.25,0
"O08917","Flot1","14251","Flotillin-1",0,0
"P63325","Rps10","67097","Small ribosomal subunit protein eS10",0,0
"Q8K183","Pdxk","216134","Pyridoxal kinase",0,0
"P97765","Wbp2","22378","WW domain-binding protein 2",0,0
"Q9CXF4","Tbc1d15","66687","TBC1 domain family member 15",0,0
"A2CG49","Kalrn","545156","Kalirin",0,0
"Q6PGL7","Washc2","28006","WASH complex subunit 2",0,0
"Q8K1N4","Spats2","72572","Spermatogenesis-associated serine-rich protein 2",0,0
"Q0KL02","Trio","223435","Triple functional domain protein",0,0
"Q8R3F5","Mcat","223722","Malonyl-CoA-acyl carrier protein transacylase, mitochondrial",0,0
"Q8R151","Znfx1","98999","NFX1-type zinc finger-containing protein 1",0,0
"Q8R1N4","Nudcd3","209586","NudC domain-containing protein 3",0,0
"Q9QXV0","Pcsk1n","30052","ProSAAS",0,0
"P05202","Got2","14719","Aspartate aminotransferase, mitochondrial",0,0
"Q3UQ84","Tars2","71807","Threonine--tRNA ligase, mitochondrial",0,0
"Q80U87","Usp8","84092","Ubiquitin carboxyl-terminal hydrolase 8",0,0
"P52734","Fgd1","14163","FYVE, RhoGEF and PH domain-containing protein 1",0,0
"Q8VCG4","C8g","69379","Complement component C8 gamma chain",0.5,0.5
"Q60625","Icam5","15898","Intercellular adhesion molecule 5",0,0
"Q8VDM6","Hnrnpul1","232989","Heterogeneous nuclear ribonucleoprotein U-like protein 1",0,0
"Q922D4","Ppp6r3","52036","Serine/threonine-protein phosphatase 6 regulatory subunit 3",0,0
"P10493","Nid1","18073","Nidogen-1",0,0
"P62812","Gabra1","14394","Gamma-aminobutyric acid receptor subunit alpha-1",0,0
"Q8R0A0","Gtf2f2","68705","General transcription factor IIF subunit 2",0,0
"P06801","Me1","17436","NADP-dependent malic enzyme",0,0
"Q6P6M7","Sepsecs","211006","O-phosphoseryl-tRNA(Sec) selenium transferase",0,0
"Q91V14","Slc12a5","57138","Solute carrier family 12 member 5",0,0
"Q8VE92","Rbm4b","66704","RNA-binding protein 4B",0,0
"Q6GQT9","Nomo1","211548","BOS complex subunit NOMO1",0,0
"Q0GNC1","Inf2","70435","Inverted formin-2",0,0
"Q8CCT4","Tceal5","331532","Transcription elongation factor A protein-like 5",0,0
"Q61147","Cp","12870","Ceruloplasmin",0,0
"Q8R4U7","Luzp1","269593","Leucine zipper protein 1",0,0
"A2RSJ4","Bltp3b","75089","Bridge-like lipid transfer protein family member 3B",0,0
"P26645","Marcks","17118","Myristoylated alanine-rich C-kinase substrate",0,0
"P48428","Tbca","21371","Tubulin-specific chaperone A",0,0
"Q14CH0","Fam171b","241520","Protein FAM171B",0,0
"O08672","Kifc2","16581","Kinesin-like protein KIFC2",0,0
"Q6PDY2","Ado","211488","2-aminoethanethiol dioxygenase",0,0
"P70208","Plxna3","18846","Plexin-A3",0,0
"Q9Z1P7","Kank3","80880","KN motif and ankyrin repeat domain-containing protein 3",0,0
"Q8C8R3","Ank2","109676","Ankyrin-2",0,0
"Q9CW07","Ppp1r3g","76487","Protein phosphatase 1 regulatory subunit 3G",0,0
"Q3UH93","Plxnd1","67784","Plexin-D1",0,0
"Q9ERI6","Rdh14","105014","Retinol dehydrogenase 14",0,0
"Q8BHK2","Scn3b","235281","Sodium channel regulatory subunit beta-3",0,0
"Q9ERG2","Strn3","94186","Striatin-3",0,0
"Q8K296","Mtmr3","74302","Phosphatidylinositol-3,5-bisphosphate 3-phosphatase MTMR3",0,0
"Q9WV92","Epb41l3","13823","Band 4.1-like protein 3",0,0
"D3YVF0","Akap5","238276","A-kinase anchor protein 5",0,0
"Q60675","Lama2","16773","Laminin subunit alpha-2",0,0
"P35564","Canx","12330","Calnexin",0,0
"O35143","Atp5if1","11983","ATPase inhibitor, mitochondrial",0,0
"Q61081","Cdc37","12539","Hsp90 co-chaperone Cdc37",0,0
"Q62418","Dbnl","13169","Drebrin-like protein",0,0
"Q9CZP7","Cdc37l1","67072","Hsp90 co-chaperone Cdc37-like 1",0,0
"Q9Z0R6","Itsn2","20403","Intersectin-2",0,0
"Q3UTQ8","Cdkl5","382253","Cyclin-dependent kinase-like 5",0,0
"Q9JIL5","Tulp4","68842","Tubby-related protein 4",0,0
"P55302","Lrpap1","16976","Alpha-2-macroglobulin receptor-associated protein",0,0
"Q9ERA6","Tfip11","54723","Tuftelin-interacting protein 11",0,0
"Q9CXW4","Rpl11","67025","Large ribosomal subunit protein uL5",0,0
"Q8BG51","Rhot1","59040","Mitochondrial Rho GTPase 1",0,0
"Q5SNZ0","Ccdc88a","108686","Girdin",0,0
"Q921H8","Acaa1a","113868","3-ketoacyl-CoA thiolase A, peroxisomal",0,0
"E9Q7G0","Numa1","101706","Nuclear mitotic apparatus protein 1",0,0
"Q9DCJ9","Npl","74091","N-acetylneuraminate lyase",0,0
"Q3UJU9","Rmdn3","67809","Regulator of microtubule dynamics protein 3",0,0
"Q922P8","Tmem132a","98170","Transmembrane protein 132A",0,0
"Q569Z6","Thrap3","230753","Thyroid hormone receptor-associated protein 3",0,0
"Q60631","Grb2","14784","Growth factor receptor-bound protein 2",0,0
"Q8R1U1","Cog4","102339","Conserved oligomeric Golgi complex subunit 4",0,0
"Q3U0K8","Ogfod1","270086","Prolyl 3-hydroxylase OGFOD1",0,0
"Q7TQG1","Plekha6","240753","Pleckstrin homology domain-containing family A member 6",0,0
"P97434","Mprip","26936","Myosin phosphatase Rho-interacting protein",0,0
"P58771","Tpm1","22003","Tropomyosin alpha-1 chain",0,0
"O54834","Arhgap6","11856","Rho GTPase-activating protein 6",0.25,0.25
"Q0VGB7","Ppp4r2","232314","Serine/threonine-protein phosphatase 4 regulatory subunit 2",0,0
"B2RXS4","Plxnb2","140570","Plexin-B2",0,0
"Q99MD9","Nasp","50927","Nuclear autoantigenic sperm protein",0,0
"Q6PHZ5","Rbm15b","109095","Putative RNA-binding protein 15B",0,0
"P23953","Ces1c","13884","Carboxylesterase 1C",0,0
"Q9DCV4","Rmdn1","66302","Regulator of microtubule dynamics protein 1",0,0
"P97445","Cacna1a","12286","Voltage-dependent P/Q-type calcium channel subunit alpha-1A",0,0
"O55017","Cacna1b","12287","Voltage-dependent N-type calcium channel subunit alpha-1B",0,0
"Q8CD19","Lancl3","236285","LanC-like protein 3",0,0
"Q9JIW9","Ralb","64143","Ras-related protein Ral-B",0,0
"Q99PT1","Arhgdia","192662","Rho GDP-dissociation inhibitor 1",0,0
"Q9D753","Exosc8","69639","Exosome complex component RRP43",0,0
"Q9Z1K5","Arih1","23806","E3 ubiquitin-protein ligase ARIH1",0,0
"Q8BHG9","Cggbp1","106143","CGG triplet repeat-binding protein 1",0,0
"Q8BGB7","Enoph1","67870","Enolase-phosphatase E1",0,0
"Q9D4J7","Phf6","70998","PHD finger protein 6",0,0
"Q9DBB8","Dhdh","71755","Trans-1,2-dihydrobenzene-1,2-diol dehydrogenase",0,0
"O35594","Ift81","12589","Intraflagellar transport protein 81 homolog",0,0
"Q91WB2","Plpp7","227721","Inactive phospholipid phosphatase 7",0.25,0
"Q61466","Smarcd1","83797","SWI/SNF-related matrix-associated actin-dependent regulator of chromatin subfamily D member 1",0,0
"Q91XV3","Basp1","70350","Brain acid soluble protein 1",0,0
"Q61646","Hp","15439","Haptoglobin",0,0.25
"P28658","Atxn10","54138","Ataxin-10",0,0
"Q69ZH9","Arhgap23","58996","Rho GTPase-activating protein 23",0,0
"Q6GQU6","Lingo3","237403","Leucine-rich repeat and immunoglobulin-like domain-containing nogo receptor-interacting protein 3",0,0
"Q9QYR6","Map1a","17754","Microtubule-associated protein 1A",0,0
"Q8VE97","Srsf4","57317","Serine/arginine-rich splicing factor 4",0,0
"Q9DB41","Slc25a18","71803","Mitochondrial glutamate carrier 2",0,0
"Q8CDG3","Vcpip1","70675","Deubiquitinating protein VCPIP1",0,0
"Q8BK75","Elp6","72341","Elongator complex protein 6",0,0
"P49446","Ptpre","19267","Receptor-type tyrosine-protein phosphatase epsilon",0,0
"Q8K370","Acad10","71985","Acyl-CoA dehydrogenase family member 10",0,0
"Q60673","Ptprn","19275","Receptor-type tyrosine-protein phosphatase-like N",0,0
"Q8BTM8","Flna","192176","Filamin-A",0,0
"Q9JHR7","Ide","15925","Insulin-degrading enzyme",0,0
"Q6PB66","Lrpprc","72416","Leucine-rich PPR motif-containing protein, mitochondrial",0,0
"Q7TPD3","Robo2","268902","Roundabout homolog 2",0,0
"Q6ZPY7","Kdm3b","277250","Lysine-specific demethylase 3B",0,0
"Q8K268","Abcf3","27406","ATP-binding cassette sub-family F member 3",0,0
"Q6ZPZ3","Zc3h4","330474","Zinc finger CCCH domain-containing protein 4",0,0
"Q60738","Slc30a1","22782","Proton-coupled zinc antiporter SLC30A1",0,0
"O54774","Ap3d1","11776","AP-3 complex subunit delta-1",0,0
"Q9D906","Atg7","74244","Ubiquitin-like modifier-activating enzyme ATG7",0,0
"Q8BK26","Fbxo44","230903","F-box only protein 44",0,0
"Q99P47","Cntnap4","170571","Contactin-associated protein-like 4",0,0
"Q9ES89","Extl2","58193","Exostosin-like 2",0,0
"Q9ES97","Rtn3","20168","Reticulon-3",0,0
"P42232","Stat5b","20851","Signal transducer and activator of transcription 5B",0,0
"Q9R0N0","Galk1","14635","Galactokinase",0,0
"Q68FF6","Git1","216963","ARF GTPase-activating protein GIT1",0,0
"Q5SUC9","Sco1","52892","Cytochrome c oxidase assembly factor SCO1",0,0
"Q9Z2W8","Gria4","14802","Glutamate receptor 4",0,0
"O55003","Bnip3","12176","BCL2/adenovirus E1B 19 kDa protein-interacting protein 3",0,0
"Q99ME2","Wdr6","83669","tRNA (34-2'-O)-methyltransferase regulator WDR6",0,0
"Q61771","Kif3b","16569","Kinesin-like protein KIF3B",0,0
"Q8BH55","Thnsl1","208967","Threonine synthase-like 1",0,0
"Q99MR6","Srrt","83701","Serrate RNA effector molecule homolog",0,0
"Q9CQ80","Vps25","28084","Vacuolar protein-sorting-associated protein 25",0,0
"Q8CHG7","Rapgef2","76089","Rap guanine nucleotide exchange factor 2",0,0
"Q3TLI0","Trappc10","216131","Trafficking protein particle complex subunit 10",0,0
"P97467","Pam","18484","Peptidyl-glycine alpha-amidating monooxygenase",0,0
"Q05BC3","Eml1","68519","Echinoderm microtubule-associated protein-like 1",0,0
"O35066","Kif3c","16570","Kinesin-like protein KIF3C",0,0
"P08775","Polr2a","20020","DNA-directed RNA polymerase II subunit RPB1",0,0
"Q8VHH5","Agap3","213990","Arf-GAP with GTPase, ANK repeat and PH domain-containing protein 3",0,0
"Q8K2F8","Lsm14a","67070","Protein LSM14 homolog A",0,0
"O08788","Dctn1","13191","Dynactin subunit 1",0,0
"Q69ZW3","Ehbp1","216565","EH domain-binding protein 1",0,0
"Q8BKT7","Thoc5","107829","THO complex subunit 5 homolog",0,0
"Q9D0L4","Adck1","72113","AarF domain-containing protein kinase 1",0,0
"P29037","Tbp","21374","TATA-box-binding protein",0,0
"Q3UTZ3","Trappc14","231807","Trafficking protein particle complex subunit 14",0,0
"Q924T7","Rnf31","268749","E3 ubiquitin-protein ligase RNF31",0,0
"O54988","Slk","20874","STE20-like serine/threonine-protein kinase",0,0
"Q8VDM4","Psmd2","21762","26S proteasome non-ATPase regulatory subunit 2",0,0
"Q6NZL0","Mtcl3","67412","Microtubule cross-linking factor 3",0,0
"Q8VIJ6","Sfpq","71514","Splicing factor, proline- and glutamine-rich",0,0
"Q8R326","Pspc1","66645","Paraspeckle component 1",0,0
"Q8BL99","Dop1a","320615","Protein DOP1A",0,0
"Q91W43","Gldc","104174","Glycine dehydrogenase (decarboxylating), mitochondrial",0,0
"Q921I6","Sh3bp4","98402","SH3 domain-binding protein 4",0,0
"Q8VC31","Ccdc9","243846","Coiled-coil domain-containing protein 9",0,0
"D3YZP9","Ccdc6","76551","Coiled-coil domain-containing protein 6",0,0
"P13346","Fosb","14282","Protein FosB",0.5,0.5
"Q924Z6","Xpo6","74204","Exportin-6",0,0
"Q91YP2","Nln","75805","Neurolysin, mitochondrial",0,0
"Q9JKC7","Ap4m1","11781","AP-4 complex subunit mu-1",0.25,0.25
"P58044","Idi1","319554","Isopentenyl-diphosphate Delta-isomerase 1",0,0
"Q8C9H6","Strip2","320609","Striatin-interacting proteins 2",0,0
"Q9QXG4","Acss2","60525","Acetyl-coenzyme A synthetase, cytoplasmic",0,0
"Q9D853","Eef1akmt2","72096","EEF1A lysine methyltransferase 2",0,0
"Q68FL6","Mars1","216443","Methionine--tRNA ligase, cytoplasmic",0,0
"E9Q9R9","Dlg5","71228","Disks large homolog 5",0.25,0.5
"Q3UUQ7","Pgap1","241062","GPI inositol-deacylase",0,0
"Q6QD59","Bnip1","224630","Vesicle transport protein SEC20",0,0
"Q6IEE6","Tmem132e","270893","Transmembrane protein 132E",0,0
"Q9CZX7","Pip4p2","72519","Type 2 phosphatidylinositol 4,5-bisphosphate 4-phosphatase",0,0
"P55937","Golga3","269682","Golgin subfamily A member 3",0,0
"Q8BR86","Kirrel3","67703","Kin of IRRE-like protein 3",0,0
"Q8K3I4","Myrip","245049","Rab effector MyRIP",0,0
"Q9CWF6","Bbs2","67378","BBSome complex member BBS2",0,0
"Q61584","Fxr1","14359","RNA-binding protein FXR1",0,0
"Q9EQ20","Aldh6a1","104776","Methylmalonate-semialdehyde/malonate-semialdehyde dehydrogenase [acylating], mitochondrial",0,0
"Q91X97","Ncald","52589","Neurocalcin-delta",0,0
"P03995","Gfap","14580","Glial fibrillary acidic protein",0,0
"P05063","Aldoc","11676","Fructose-bisphosphate aldolase C",0,0
"O08638","Myh11","17880","Myosin-11",0,0
"Q99J47","Dhrs7b","216820","Peroxisomal reductase activating PPAR-gamma",0,0
"O35245","Pkd2","18764","Polycystin-2",0.25,0.25
"Q9JI59","Jam2","67374","Junctional adhesion molecule B",0,0
"Q920A5","Scpep1","74617","Retinoid-inducible serine carboxypeptidase",0,0
"P54729","Nub1","53312","NEDD8 ultimate buster 1",0,0
"Q9EPE9","Atp13a1","170759","Endoplasmic reticulum transmembrane helix translocase",0,0
"Q9D964","Gatm","67092","Glycine amidinotransferase, mitochondrial",0,0
"Q8C1B1","Camsap2","67886","Calmodulin-regulated spectrin-associated protein 2",0,0
"Q61335","Bcap31","27061","B-cell receptor-associated protein 31",0,0
"Q6RHR9","Magi1","14924","Membrane-associated guanylate kinase, WW and PDZ domain-containing protein 1",0,0
"P60755","Mdga2","320772","MAM domain-containing glycosylphosphatidylinositol anchor protein 2",0,0
"Q60751","Igf1r","16001","Insulin-like growth factor 1 receptor",0,0
"Q0PMG2","Mdga1","74762","MAM domain-containing glycosylphosphatidylinositol anchor protein 1",0,0
"A2AF47","Dock11","75974","Dedicator of cytokinesis protein 11",0,0
"Q5U4C1","Gprasp1","67298","G protein-coupled receptor-associated sorting protein 1",0,0
"P70261","Pald1","27355","Paladin",0,0
"Q8BH24","Tm9sf4","99237","Transmembrane 9 superfamily member 4",0,0
"Q05512","Mark2","13728","Serine/threonine-protein kinase MARK2",0,0
"Q8CIP4","Mark4","232944","MAP/microtubule affinity-regulating kinase 4",0,0
"Q8R409","Hexim1","192231","Protein HEXIM1",0,0
"Q6NVG1","Lpcat4","99010","Lysophospholipid acyltransferase LPCAT4",0,0
"Q811S7","Ubp1","22221","Upstream-binding protein 1",0,0
"E9PV24","Fga","14161","Fibrinogen alpha chain",0,0
"Q9CPW0","Cntnap2","66797","Contactin-associated protein-like 2",0,0
"Q7TSC1","Prrc2a","53761","Protein PRRC2A",0,0
"Q8CI43","Myl6b","216459","Myosin light chain 6B",0,0
"Q7TPV4","Mybbp1a","18432","Myb-binding protein 1A",0,0
"P61089","Ube2n","93765","Ubiquitin-conjugating enzyme E2 N",0,0
"Q8BU30","Iars1","105148","Isoleucine--tRNA ligase, cytoplasmic",0,0
"Q9R061","Nubp2","26426","Cytosolic Fe-S cluster assembly factor NUBP2",0,0
"Q91YX5","Lpgat1","226856","Acyl-CoA:lysophosphatidylglycerol acyltransferase 1",0,0
"Q80UP3","Dgkz","104418","Diacylglycerol kinase zeta",0,0
"P20060","Hexb","15212","Beta-hexosaminidase subunit beta",0,0
"Q99K74","Med24","23989","Mediator of RNA polymerase II transcription subunit 24",0,0
"Q8BIK4","Dock9","105445","Dedicator of cytokinesis protein 9",0,0
"Q91WK0","Lrrfip2","71268","Leucine-rich repeat flightless-interacting protein 2",0,0
"E9Q634","Myo1e","71602","Unconventional myosin-Ie",0.25,0
"Q60597","Ogdh","18293","2-oxoglutarate dehydrogenase complex component E1",0,0
"Q99JB2","Stoml2","66592","Stomatin-like protein 2, mitochondrial",0,0
"Q9DCD2","Xab2","67439","Pre-mRNA-splicing factor SYF1",0,0
"P60487","Pdxp","57028","Chronophin",0,0
"Q9CYI4","Luc7l","66978","Putative RNA-binding protein Luc7-like 1",0,0
"Q99MU3","Adar","56417","Double-stranded RNA-specific adenosine deaminase",0,0
"Q5SXY1","Specc1","432572","Cytospin-B",0,0
"Q9Z0U1","Tjp2","21873","Tight junction protein 2",0,0
"Q9D1C3","Pyurf","66459","Protein preY, mitochondrial",0.5,0
"Q9JI18","Lrp1b","94217","Low-density lipoprotein receptor-related protein 1B",0,0
"P02468","Lamc1","226519","Laminin subunit gamma-1",0,0
"Q6Y685","Tacc1","320165","Transforming acidic coiled-coil-containing protein 1",0,0
"Q8BH15","Cnot10","78893","CCR4-NOT transcription complex subunit 10",0,0
"Q8VHK9","Dhx36","72162","ATP-dependent DNA/RNA helicase DHX36",0,0
"Q811P8","Arhgap32","330914","Rho GTPase-activating protein 32",0,0
"Q8R146","Apeh","235606","Acylamino-acid-releasing enzyme",0,0
"P22315","Fech","14151","Ferrochelatase, mitochondrial",0,0
"Q60603","Kcnh1","16510","Voltage-gated delayed rectifier potassium channel KCNH1",0,0
"Q9WVI9","Mapk8ip1","19099","C-Jun-amino-terminal kinase-interacting protein 1",0,0
"Q6PDG8","Mon1a","72825","Vacuolar fusion protein MON1 homolog A",0,0
"Q6NVE8","Wdr44","72404","WD repeat-containing protein 44",0,0
"P70663","Sparcl1","13602","SPARC-like protein 1",0,0
"Q99LD4","Gps1","209318","COP9 signalosome complex subunit 1",0,0
"Q9JI90","Rnf14","56736","E3 ubiquitin-protein ligase RNF14",0,0
"Q7TT50","Cdc42bpb","217866","Serine/threonine-protein kinase MRCK beta",0,0
"Q99L43","Cds2","110911","Phosphatidate cytidylyltransferase 2",0,0
"Q7TPB0","Plppr3","216152","Phospholipid phosphatase-related protein type 3",0,0
"Q9JI44","Dmap1","66233","DNA methyltransferase 1-associated protein 1",0,0
"Q9JJL8","Sars2","71984","Serine--tRNA ligase, mitochondrial",0,0
"Q9D5J6","Shpk","74637","Sedoheptulokinase",0.5,0.25
"P07724","Alb","11657","Albumin",0,0
"Q5DTN8","Jakmip3","74004","Janus kinase and microtubule-interacting protein 3",0,0
"Q8R2U0","Seh1l","72124","Nucleoporin SEH1",0,0
"Q80Y17","Llgl1","16897","Lethal(2) giant larvae protein homolog 1",0,0
"B7ZMP1","Xpnpep3","321003","Xaa-Pro aminopeptidase 3",0,0
"O35685","Nudc","18221","Nuclear migration protein nudC",0,0
"Q8CJ40","Crocc","230872","Rootletin",0,0
"Q8VE88","Fam114a2","67726","Protein FAM114A2",0,0
"Q8R373","Clmp","71566","CXADR-like membrane protein",0,0
"Q91ZU1","Asb6","72323","Ankyrin repeat and SOCS box protein 6",0,0
"Q8C878","Uba3","22200","NEDD8-activating enzyme E1 catalytic subunit",0,0
"Q99K95","Rtf2","66404","Replication termination factor 2",0,0
"Q5IRJ6","Slc30a9","109108","Proton-coupled zinc antiporter SLC30A9, mitochondrial",0,0
"Q91W18","Tdrd3","219249","Tudor domain-containing protein 3",0,0
"Q9JJY3","Smpd3","58994","Sphingomyelin phosphodiesterase 3",0,0
"Q61885","Mog","17441","Myelin-oligodendrocyte glycoprotein",0,0
"B9EHT4","Clip3","76686","CAP-Gly domain-containing linker protein 3",0,0
"Q921M3","Sf3b3","101943","Splicing factor 3B subunit 3",0,0
"P26049","Gabra3","14396","Gamma-aminobutyric acid receptor subunit alpha-3",0,0
"P70365","Ncoa1","17977","Nuclear receptor coactivator 1",0,0
"Q3TLH4","Prrc2c","226562","Protein PRRC2C",0,0
"Q9CQC6","Bzw1","66882","eIF5-mimic protein 2",0,0
"Q3UXZ6","Fam81a","76886","Protein FAM81A",0,0
"Q8JZL3","Thtpa","105663","Thiamine-triphosphatase",0,0
"Q8CJ19","Mical3","194401","[F-actin]-monooxygenase MICAL3",0,0
"Q9CZD3","Gars1","353172","Glycine--tRNA ligase",0,0
"Q9R0Y5","Ak1","11636","Adenylate kinase isoenzyme 1",0,0
"Q99JG2","Gpr37l1","171469","G protein-coupled receptor 37-like 1",0,0
"Q9Z2X8","Keap1","50868","Kelch-like ECH-associated protein 1",0,0
"P08030","Aprt","11821","Adenine phosphoribosyltransferase",0,0
"Q9D7I5","Lhpp","76429","Phospholysine phosphohistidine inorganic pyrophosphate phosphatase",0,0
"Q80UP5","Ankrd13a","68420","Ankyrin repeat domain-containing protein 13A",0,0
"Q9JKS5","Habp4","56541","Intracellular hyaluronan-binding protein 4",0,0
"A6H6A9","Rabgap1l","29809","Rab GTPase-activating protein 1-like",0,0
"Q61239","Fnta","14272","Protein farnesyltransferase/geranylgeranyltransferase type-1 subunit alpha",0,0
"Q9CQF6","Aasdhppt","67618","L-aminoadipate-semialdehyde dehydrogenase-phosphopantetheinyl transferase",0,0
"Q9CZ62","Cep97","74201","Centrosomal protein of 97 kDa",0,0
"Q8BW96","Camk1d","227541","Calcium/calmodulin-dependent protein kinase type 1D",0,0
"Q99NF2","Nsmf","56876","NMDA receptor synaptonuclear signaling and neuronal migration factor",0,0
"Q99JI4","Psmd6","66413","26S proteasome non-ATPase regulatory subunit 6",0,0
"P06802","Enpp1","18605","Ectonucleotide pyrophosphatase/phosphodiesterase family member 1",0,0
"Q91Y02","Pcdhb18","93889","Protocadherin beta-18",0,0
"Q8BHF7","Pgs1","74451","CDP-diacylglycerol--glycerol-3-phosphate 3-phosphatidyltransferase, mitochondrial",0,0
"Q3U0D9","Hace1","209462","E3 ubiquitin-protein ligase HACE1",0,0
"Q9DC70","Ndufs7","75406","NADH dehydrogenase [ubiquinone] iron-sulfur protein 7, mitochondrial",0,0
"Q64008","Rab34","19376","Ras-related protein Rab-34",0,0
"Q6VNB8","Wdfy3","72145","WD repeat and FYVE domain-containing protein 3",0,0
"Q8BH95","Echs1","93747","Enoyl-CoA hydratase, mitochondrial",0,0
"Q80U72","Scrib","105782","Protein scribble homolog",0,0
"P26043","Rdx","19684","Radixin",0,0
"Q6NSW3","Sphkap","77629","A-kinase anchor protein SPHKAP",0,0
"Q14BV6","Ydjc","69101","Carbohydrate deacetylase",0,0
"Q61733","Mrps31","57312","Small ribosomal subunit protein mS31",0,0
"Q99NH0","Ankrd17","81702","Ankyrin repeat domain-containing protein 17",0,0
"Q8R3B1","Plcd1","18799","1-phosphatidylinositol 4,5-bisphosphate phosphodiesterase delta-1",0,0
"Q7TNG8","Ldhd","52815","D-lactate dehydrogenase, mitochondrial",0,0
"Q9ERV1","Mkrn2","67027","E3 ubiquitin-protein ligase makorin-2",0,0
"Q921F2","Tardbp","230908","TAR DNA-binding protein 43",0,0
"Q64737","Gart","14450","Trifunctional purine biosynthetic protein adenosine-3",0,0
"O88322","Nid2","18074","Nidogen-2",0,0
"P57722","Pcbp3","59093","Poly(rC)-binding protein 3",0,0
"Q8BXN7","Ppm1k","243382","Protein phosphatase Mn(2+)-dependent 1K",0.5,0
"P08046","Egr1","13653","Early growth response protein 1",0,0
"Q05793","Hspg2","15530","Basement membrane-specific heparan sulfate proteoglycan core protein",0,0
"Q8VEH5","Epm2aip1","77781","EPM2A-interacting protein 1",0,0
"Q02780","Nfia","18027","Nuclear factor 1 A-type",0.25,0
"Q5SFM8","Rbm27","225432","RNA-binding protein 27",0,0
"Q8QZS1","Hibch","227095","3-hydroxyisobutyryl-CoA hydrolase, mitochondrial",0,0
"Q91WI7","Itfg2","101142","KICSTOR complex protein ITFG2",0,0
"Q9CZN8","Qrsl1","76563","Glutamyl-tRNA(Gln) amidotransferase subunit A, mitochondrial",0,0
"Q8C080","Snx16","74718","Sorting nexin-16",0,0
"Q9DAZ9","Zfyve19","72008","Abscission/NoCut checkpoint regulator",0,0
"Q5QNQ6","Osbp2","74309","Oxysterol-binding protein 2",0,0
"Q9D4F8","Tubgcp4","51885","Gamma-tubulin complex component 4",0,0
"Q922H9","Znf330","30932","Zinc finger protein 330",0,0
"Q8K406","Lgi3","213469","Leucine-rich repeat LGI family member 3",0,0
"Q8BHG1","Nrdc","230598","Nardilysin",0,0
"Q8BJ71","Nup93","71805","Nuclear pore complex protein Nup93",0,0
"Q7TSV4","Pgm2","66681","Phosphopentomutase",0,0
"Q9CRY7","Gdpd1","66569","Lysophospholipase D GDPD1",0,0
"Q99LI2","Clcc1","229725","Chloride channel CLIC-like protein 1",0,0
"Q9Z0G0","Gipc1","67903","PDZ domain-containing protein GIPC1",0,0
"Q9D8T0","Fam3a","66294","Protein FAM3A",0.25,0.25
"Q99MN9","Pccb","66904","Propionyl-CoA carboxylase beta chain, mitochondrial",0,0
"Q8BX90","Fndc3a","319448","Fibronectin type-III domain-containing protein 3A",0,0
"Q8BFW6","Entpd3","215446","Ectonucleoside triphosphate diphosphohydrolase 3",0,0
"Q9CZ30","Ola1","67059","Obg-like ATPase 1",0,0
"Q0VE82","Cpne7","102278","Copine-7",0,0
"Q4PZA2","Ece1","230857","Endothelin-converting enzyme 1",0.25,0.5
"P32037","Slc2a3","20527","Solute carrier family 2, facilitated glucose transporter member 3",0,0
"P12658","Calb1","12307","Calbindin",0,0
"Q9CQU5","Zwint","52696","Outer kinetochore KNL1 complex subunit ZWINT",0,0
"Q9D0K0","Tbc1d7","67046","TBC1 domain family member 7",0,0
"O88704","Hcn1","15165","Potassium/sodium hyperpolarization-activated cyclic nucleotide-gated channel 1",0,0
"P35330","Icam2","15896","Intercellular adhesion molecule 2",0.5,0
"O54950","Prkag1","19082","5'-AMP-activated protein kinase subunit gamma-1",0,0
"O88736","Hsd17b7","15490","3-keto-steroid reductase/17-beta-hydroxysteroid dehydrogenase 7",0,0
"Q9D2I5","Armc9","78795","LisH domain-containing protein ARMC9",0,0.25
"Q11011","Npepps","19155","Puromycin-sensitive aminopeptidase",0,0
"P54923","Adprh","11544","ADP-ribosylhydrolase ARH1",0,0
"O35633","Slc32a1","22348","Vesicular inhibitory amino acid transporter",0,0
"Q8VCY8","Plppr2","235044","Phospholipid phosphatase-related protein type 2",0,0
"Q08642","Padi2","18600","Protein-arginine deiminase type-2",0,0
"Q8BHN3","Ganab","14376","Neutral alpha-glucosidase AB",0,0
"Q9DCZ1","Gmpr","66355","GMP reductase 1",0,0
"Q99L27","Gmpr2","105446","GMP reductase 2",0,0
"P11627","L1cam","16728","Neural cell adhesion molecule L1",0,0
"Q810B7","Slitrk5","75409","SLIT and NTRK-like protein 5",0,0
"Q62083","Pick1","18693","PRKCA-binding protein",0,0
"Q8K1L5","Ppp1r11","76497","E3 ubiquitin-protein ligase PPP1R11",0,0
"P61458","Pcbd1","13180","Pterin-4-alpha-carbinolamine dehydratase",0,0
"Q7TPM6","Fsd1","240121","Fibronectin type III and SPRY domain-containing protein 1",0,0
"Q8R4N0","Clybl","69634","Citramalyl-CoA lyase, mitochondrial",0,0
"E9Q8I9","Fry","320365","Protein furry homolog",0,0
"O54836","Zmat3","22401","Zinc finger matrin-type protein 3",0,0
"Q8VCM3","Zfyve21","68520","Zinc finger FYVE domain-containing protein 21",0,0
"Q9ER35","Fn3k","63828","Fructosamine-3-kinase",0,0
"A2A432","Cul4b","72584","Cullin-4B",0,0
"Q566J8","Coq8b","76889","Atypical kinase COQ8B, mitochondrial",0,0
"P21956","Mfge8","17304","Lactadherin",0,0
"P97318","Dab1","13131","Disabled homolog 1",0,0
"Q8BZB2","Ppcdc","66812","Phosphopantothenoylcysteine decarboxylase",0,0
"P84104","Srsf3","20383","Serine/arginine-rich splicing factor 3",0,0
"Q9Z0R9","Fads2","56473","Acyl-CoA 6-desaturase",0,0
"Q8BMP6","Acbd3","170760","Golgi resident protein GCP60",0,0
"P0C673","Igsf11","207683","Immunoglobulin superfamily member 11",0,0
"E9Q6J5","Bod1l","665775","Biorientation of chromosomes in cell division protein 1-like 1",0,0
"Q641K1","Agtpbp1","67269","Cytosolic carboxypeptidase 1",0,0
"O35409","Folh1","53320","Glutamate carboxypeptidase 2",0,0
"P28665","Mug1","17836","Murinoglobulin-1",0,0
"Q9D1J1","Necap2","66147","Adaptin ear-binding coat-associated protein 2",0,0
"F8VPZ3","Usp32","237898","Ubiquitin carboxyl-terminal hydrolase 32",0,0
"P39054","Dnm2","13430","Dynamin-2",0,0
"Q8BML9","Qars1","97541","Glutamine--tRNA ligase",0,0
"Q9JHE3","Asah2","54447","Neutral ceramidase",0.25,0
"Q9D273","Mmab","77697","Corrinoid adenosyltransferase MMAB",0,0
"O08810","Eftud2","20624","116 kDa U5 small nuclear ribonucleoprotein component",0,0
"Q9WU00","Nrf1","18181","Nuclear respiratory factor 1",0,0
"Q62073","Map3k7","26409","Mitogen-activated protein kinase kinase kinase 7",0,0
"Q9Z2E1","Mbd2","17191","Methyl-CpG-binding domain protein 2",0,0
"Q9R099","Tbl2","27368","Transducin beta-like protein 2",0,0
"Q9JKF7","Mrpl39","27393","Large ribosomal subunit protein mL39",0,0
"P53995","Anapc1","17222","Anaphase-promoting complex subunit 1",0,0
"Q8C3F2","Fam120c","207375","Constitutive coactivator of PPAR-gamma-like protein 2",0,0
"Q6A0A9","FAM120A","218236","Constitutive coactivator of PPAR-gamma-like protein 1",0,0
"Q9D2N4","Dtna","13527","Dystrobrevin alpha",0,0
"Q91Z92","B3galt6","117592","Beta-1,3-galactosyltransferase 6",0,0
"D3YUB6","Btbd8","100503185","BTB/POZ domain-containing protein 8",0,0
"Q8BWM0","Ptges2","96979","Prostaglandin E synthase 2",0,0
"Q8BHI4","Kbtbd3","69149","Kelch repeat and BTB domain-containing protein 3",0,0
"Q9CQN1","Trap1","68015","Heat shock protein 75 kDa, mitochondrial",0,0
"Q8BZN6","Dock10","210293","Dedicator of cytokinesis protein 10",0,0
"Q61220","Nell2","54003","Protein kinase C-binding protein NELL2",0,0
"Q9CY97","Ssu72","68991","RNA polymerase II subunit A C-terminal domain phosphatase SSU72",0,0
"P70459","Erf","13875","ETS domain-containing transcription factor ERF",0,0
"Q9D1R9","Rpl34","68436","Large ribosomal subunit protein eL34",0,0
"Q8BIZ1","Anks1b","77531","Ankyrin repeat and sterile alpha motif domain-containing protein 1B",0,0
"Q6KCD5","Nipbl","71175","Nipped-B-like protein",0,0
"Q8C3I8","Hgh1","59053","Co-chaperone protein HGH1 homolog",0,0
"Q8K327","Champ1","101994","Chromosome alignment-maintaining phosphoprotein 1",0,0
"Q69ZK0","Prex1","277360","Phosphatidylinositol 3,4,5-trisphosphate-dependent Rac exchanger 1 protein",0,0
"Q8CIZ8","Vwf","22371","von Willebrand factor",0.25,0.5
"A2A9C3","Szt2","230676","KICSTOR complex protein SZT2",0,0
"Q8CGK3","Lonp1","74142","Lon protease homolog, mitochondrial",0,0
"Q61214","Dyrk1a","13548","Dual specificity tyrosine-phosphorylation-regulated kinase 1A",0,0
"Q9EQ06","Hsd17b11","114664","Estradiol 17-beta-dehydrogenase 11",0,0
"Q69ZR2","Hectd1","207304","E3 ubiquitin-protein ligase HECTD1",0,0
"Q8VD63","Tspyl4","72480","Testis-specific Y-encoded-like protein 4",0,0
"Q91ZV0","Mia2","338320","Melanoma inhibitory activity protein 2",0,0
"P19157","Gstp1","14870","Glutathione S-transferase P 1",0,0
"Q03391","Grin2d","14814","Glutamate receptor ionotropic, NMDA 2D",0.5,0
"Q8CHT3","Ints5","109077","Integrator complex subunit 5",0,0
"P61027","Rab10","19325","Ras-related protein Rab-10",0,0
"Q3UQ44","Iqgap2","544963","Ras GTPase-activating-like protein IQGAP2",0,0
"O88491","Nsd1","18193","Histone-lysine N-methyltransferase, H3 lysine-36 specific",0.25,0.5
"Q62245","Sos1","20662","Son of sevenless homolog 1",0,0
"Q8R1X6","Spart","229285","Spartin",0,0
"P27659","Rpl3","27367","Large ribosomal subunit protein uL3",0,0
"Q9EPN1","Nbea","26422","Neurobeachin",0,0
"Q9QYK9","Pnck","93843","Calcium/calmodulin-dependent protein kinase type 1B",0,0
"Q6WQJ1","Dagla","269060","Diacylglycerol lipase-alpha",0,0
"Q01097","Grin2b","14812","Glutamate receptor ionotropic, NMDA 2B",0,0
"P70211","Dcc","13176","Netrin receptor DCC",0,0
"Q5SV85","Synrg","217030","Synergin gamma",0,0
"A2AIL4","Ndufaf6","76947","NADH dehydrogenase (ubiquinone) complex I, assembly factor 6",0,0
"Q8CI59","Steap3","68428","Metalloreductase STEAP3",0,0
"Q9WVD5","Slc25a15","18408","Mitochondrial ornithine transporter 1",0,0
"A2AMZ4","Ndufaf8","208501","NADH dehydrogenase [ubiquinone] 1 alpha subcomplex assembly factor 8",0,0
"O54865","Gucy1b1","54195","Guanylate cyclase soluble subunit beta-1",0,0
"Q6P1I6","Psd2","74002","PH and SEC7 domain-containing protein 2",0,0
"F6W8I0","Yjefn3","234365","YjeF N-terminal domain-containing protein 3",0,0
"Q9JLV5","Cul3","26554","Cullin-3",0,0
"O89112","Lancl1","14768","Glutathione S-transferase LANCL1",0,0
"Q9CQ69","Uqcrq","22272","Cytochrome b-c1 complex subunit 8",0,0
"Q8BKX1","Baiap2","108100","BAR/IMD domain-containing adapter protein 2",0,0
"Q8BXQ2","Pigt","78928","GPI-anchor transamidase component PIGT",0,0
"Q9D824","Fip1l1","66899","Pre-mRNA 3'-end-processing factor FIP1",0,0
"Q8VHL1","Setd7","73251","Histone-lysine N-methyltransferase SETD7",0,0
"P20108","Prdx3","11757","Thioredoxin-dependent peroxide reductase, mitochondrial",0,0
"Q0V8T9","Cntnap5a","636808","Contactin-associated protein like 5-1",0,0
"A2ASQ1","Agrn","11603","Agrin",0,0
"Q8K3B1","Fbxo45","268882","F-box/SPRY domain-containing protein 1",0,0
"P17047","Lamp2","16784","Lysosome-associated membrane glycoprotein 2",0,0
"Q5SQM0","Eml6","237711","Echinoderm microtubule-associated protein-like 6",0,0
"Q9D0D3","Mtpap","67440","Poly(A) RNA polymerase, mitochondrial",0,0
"Q9EP97","Senp3","80886","Sentrin-specific protease 3",0,0
"P21300","Akr1b7","11997","Aldo-keto reductase family 1 member B7",0,0
"Q8K010","Oplah","75475","5-oxoprolinase",0,0
"Q8CHC4","Synj1","104015","Polyphosphatidylinositol phosphatase SYNJ1",0,0
"O70503","Hsd17b12","56348","Very-long-chain 3-oxoacyl-CoA reductase",0,0
"Q3UHD2","Gfod1","328232","Glucose-fructose oxidoreductase domain-containing protein 1",0,0
"O54990","Prom1","19126","Prominin-1",0,0
"Q0PHV7","Dact3","629378","Dapper homolog 3",0,0
"Q3URE9","Lingo2","242384","Leucine-rich repeat and immunoglobulin-like domain-containing nogo receptor-interacting protein 2",0,0
"Q9Z1T2","Thbs4","21828","Thrombospondin-4",0,0
"Q9R0P3","Esd","13885","S-formylglutathione hydrolase",0,0
"Q9R123","Naa80","56441","N-alpha-acetyltransferase 80",0.25,0
"Q2PFD7","Psd3","234353","PH and SEC7 domain-containing protein 3",0,0
"Q3UDR8","Yipf3","28064","Protein YIPF3",0,0
"Q923Z0","Gprc5b","64297","G protein-coupled receptor family C group 5 member B",0,0
"Q80VP9","Asphd2","72898","Aspartate beta-hydroxylase domain-containing protein 2",0,0
"Q9JLR1","Sec61a2","57743","Protein transport protein Sec61 subunit alpha isoform 2",0,0
"P61620","Sec61a1","53421","Protein transport protein Sec61 subunit alpha isoform 1",0,0
"Q8K411","Pitrm1","69617","Presequence protease, mitochondrial",0,0
"Q0V8T8","Cntnap5b","241175","Contactin-associated protein like 5-2",0,0.25
"Q61616","Drd1","13488","D(1A) dopamine receptor",0.25,0.25
"P26041","Msn","17698","Moesin",0,0
"P97379","G3bp2","23881","Ras GTPase-activating protein-binding protein 2",0,0
"O08919","Numbl","18223","Numb-like protein",0,0
"P70257","Nfix","18032","Nuclear factor 1 X-type",0,0
"Q8BL97","Srsf7","225027","Serine/arginine-rich splicing factor 7",0,0
"P61600","Naa20","67877","N-alpha-acetyltransferase 20",0,0
"Q8BHC1","Rab39b","67790","Ras-related protein Rab-39B",0,0
"Q8BYW9","Eogt","101351","EGF domain-specific O-linked N-acetylglucosamine transferase",0,0
"Q80XK6","Atg2b","76559","Autophagy-related protein 2 homolog B",0,0
"Q8BGQ1","Vipas39","104799","Spermatogenesis-defective protein 39 homolog",0,0
"Q9CZ44","Nsfl1c","386649","NSFL1 cofactor p47",0,0
"Q9DB32","Haghl","68977","Hydroxyacylglutathione hydrolase-like protein",0,0
"Q9CWJ9","Atic","108147","Bifunctional purine biosynthesis protein ATIC",0,0
"Q3UR70","Tgfbrap1","73122","Transforming growth factor-beta receptor-associated protein 1",0,0
"Q9CW03","Smc3","13006","Structural maintenance of chromosomes protein 3",0,0
"P35505","Fah","14085","Fumarylacetoacetase",0,0
"P0C192","Lrrc4b","272381","Leucine-rich repeat-containing protein 4B",0,0
"Q8BH79","Ano10","102566","Anoctamin-10",0,0
"Q62351","Tfrc","22042","Transferrin receptor protein 1",0,0
"Q9D7H3","RtcA","66368","RNA 3'-terminal phosphate cyclase",0,0
"P25444","Rps2","16898","Small ribosomal subunit protein uS5",0,0
"P51174","Acadl","11363","Long-chain specific acyl-CoA dehydrogenase, mitochondrial",0,0
"A2ADY9","Ddi2","68817","Protein DDI1 homolog 2",0,0
"O88544","Cops4","26891","COP9 signalosome complex subunit 4",0,0
"O35658","C1qbp","12261","Complement component 1 Q subcomponent-binding protein, mitochondrial",0,0
"Q9QZB0","Rgs17","56533","Regulator of G protein signaling 17",0,0
"P68368","Tuba4a","22145","Tubulin alpha-4A chain",0,0
"Q9JJZ2","Tuba8","53857","Tubulin alpha-8 chain",0,0
"Q4LDD4","Arap1","69710","Arf-GAP with Rho-GAP domain, ANK repeat and PH domain-containing protein 1",0,0
"Q6P1B1","Xpnpep1","170750","Xaa-Pro aminopeptidase 1",0,0
"Q8VHC3","Selenom","114679","Selenoprotein M",0,0
"Q60575","Kif1b","16561","Kinesin-like protein KIF1B",0,0
"Q8BTG3","Tcp11l1","320554","T-complex protein 11-like protein 1",0,0
"Q9Z2H2","Rgs6","50779","Regulator of G protein signaling 6",0,0
"P97372","Psme2","621823","Proteasome activator complex subunit 2",0,0
"Q80T41","Gabbr2","242425","Gamma-aminobutyric acid type B receptor subunit 2",0,0
"Q8BPQ7","Sgsm1","52850","Small G protein signaling modulator 1",0,0
"Q80ZW2","Them6","223626","Protein THEM6",0,0
"P29758","Oat","18242","Ornithine aminotransferase, mitochondrial",0,0
"Q6IRU5","Cltb","74325","Clathrin light chain B",0,0
"Q3U5Q7","Cmpk2","22169","UMP-CMP kinase 2, mitochondrial",0,0
"Q8C0D4","Arhgap12","75415","Rho GTPase-activating protein 12",0,0
"Q3U4G3","Xxylt1","268880","Xyloside xylosyltransferase 1",0,0
"Q9D2D9","Klhdc8b","78267","Kelch domain-containing protein 8B",0,0
"Q6P8I4","Pcnp","76302","PEST proteolytic signal-containing nuclear protein",0,0
"Q9R069","Bcam","57278","Basal cell adhesion molecule",0,0
"P48318","Gad1","14415","Glutamate decarboxylase 1",0,0
"Q9DBC0","Selenoo","223776","Protein adenylyltransferase SelO, mitochondrial",0,0
"Q3USB7","Plcl1","227120","Inactive phospholipase C-like protein 1",0,0
"G3X9J0","Sipa1l3","74206","Signal-induced proliferation-associated 1-like protein 3",0,0
"Q9WTS6","Tenm3","23965","Teneurin-3",0,0
"Q78IK2","Atp5mk","66477","ATP synthase F(0) complex subunit k, mitochondrial",0,0
"P14576","Srp54","665155","Signal recognition particle subunit SRP54",0,0
"Q9CXS4","Cenpv","73139","Centromere protein V",0,0
"Q9CQT1","Mri1","67873","Methylthioribose-1-phosphate isomerase",0,0
"Q99LD8","Ddah2","51793","Putative hydrolase DDAH2",0,0
"P08249","Mdh2","17448","Malate dehydrogenase, mitochondrial",0,0
"P14869","Rplp0","11837","Large ribosomal subunit protein uL10",0,0
"Q9CQ85","Timm22","56322","Mitochondrial import inner membrane translocase subunit Tim22",0,0
"Q6DID7","Wls","68151","Protein wntless homolog",0,0
"P54763","Ephb2","13844","Ephrin type-B receptor 2",0,0
"Q99MS8","Tpgs1","110012","Tubulin polyglutamylase complex subunit 1",0,0
"A2ARS0","Ankrd63","383787","Ankyrin repeat domain-containing protein 63",0,0
"Q3U3W5","Prmt9","102182","Protein arginine N-methyltransferase 9",0,0.25
"A2AJI0","Map7d1","245877","MAP7 domain-containing protein 1",0,0
"P23780","Glb1","12091","Beta-galactosidase",0,0
"Q6PDJ6","Fbxo42","213499","F-box only protein 42",0,0
"Q8R1Q8","Dync1li1","235661","Cytoplasmic dynein 1 light intermediate chain 1",0,0
"Q99L04","Dhrs1","52585","Dehydrogenase/reductase SDR family member 1",0,0
"P21447","Abcb1a","18671","ATP-dependent translocase ABCB1",0,0
"P58871","Tnks1bp1","228140","182 kDa tankyrase-1-binding protein",0,0
"Q9D8V7","Sec11c","66286","Signal peptidase complex catalytic subunit SEC11C",0,0
"O70228","Atp9a","11981","Probable phospholipid-transporting ATPase IIA",0,0
"Q6P2K6","Ppp4r3a","68734","Serine/threonine-protein phosphatase 4 regulatory subunit 3A",0,0
"Q8CDN6","Txnl1","53382","Thioredoxin-like protein 1",0,0
"Q8VCA8","Scrn2","217140","Secernin-2",0,0
"Q60769","Tnfaip3","21929","Tumor necrosis factor alpha-induced protein 3",0,0
"O70340","Nptx2","53324","Neuronal pentraxin-2",0,0
"Q6PNC0","Dmxl1","240283","DmX-like protein 1",0,0
"Q9JKZ2","Slc5a3","53881","Sodium/myo-inositol cotransporter",0,0
"Q80U04","Pja2","224938","E3 ubiquitin-protein ligase Praja-2",0,0
"Q61425","Hadh","15107","Hydroxyacyl-coenzyme A dehydrogenase, mitochondrial",0,0
"Q8VCN5","Cth","107869","Cystathionine gamma-lyase",0,0
"Q8R0X2","Cacul1","78832","CDK2-associated and cullin domain-containing protein 1",0,0
"Q6ZPK7","Zfyve28","231125","Lateral signaling target protein 2 homolog",0,0
"Q69Z99","Znf512","269639","Zinc finger protein 512",0,0
"Q99NE5","Rims1","116837","Regulating synaptic membrane exocytosis protein 1",0,0
"Q8VBX0","Asb13","142688","Ankyrin repeat and SOCS box protein 13",0,0
"Q9QXL1","Kif21b","16565","Kinesin-like protein KIF21B",0,0
"Q64337","Sqstm1","18412","Sequestosome-1",0,0
"E9Q6P5","Ttc7b","104718","Tetratricopeptide repeat protein 7B",0,0
"Q9DCW4","Etfb","110826","Electron transfer flavoprotein subunit beta",0,0
"P31648","Slc6a1","232333","Sodium- and chloride-dependent GABA transporter 1",0,0
"Q9JMG7","Hdgfl3","29877","Hepatoma-derived growth factor-related protein 3",0,0
"P70206","Plxna1","18844","Plexin-A1",0,0
"P62915","Gtf2b","229906","Transcription initiation factor IIB",0,0
"Q9D0K1","Pex13","72129","Peroxisomal membrane protein PEX13",0,0
"Q60714","Slc27a1","26457","Long-chain fatty acid transport protein 1",0,0
"Q9WVG6","Carm1","59035","Histone-arginine methyltransferase CARM1",0,0
"Q91ZA3","Pcca","110821","Propionyl-CoA carboxylase alpha chain, mitochondrial",0,0
"Q7TNR9","Arhgef4","226970","Rho guanine nucleotide exchange factor 4",0,0
"P51859","Hdgf","15191","Hepatoma-derived growth factor",0,0
"Q8K1B8","Fermt3","108101","Fermitin family homolog 3",0,0
"Q811C2","Atg4c","242557","Cysteine protease ATG4C",0,0
"Q9JKB3","Ybx3","56449","Y-box-binding protein 3",0,0
"Q9CPW2","Fdx2","68165","Ferredoxin-2, mitochondrial",0,0
"Q8BG26","Rusc1","72296","AP-4 complex accessory subunit RUSC1",0,0
"Q91XU0","Wrnip1","78903","ATPase WRNIP1",0,0
"O88533","Ddc","13195","Aromatic-L-amino-acid decarboxylase",0,0
"E9PYL2","Prr12","233210","Proline-rich protein 12",0,0
"Q8BVF2","Pdcl3","68833","Phosducin-like protein 3",0,0
"Q9D3L0","Fam174a","67698","Membrane protein FAM174A",0,0.25
"Q8BGT5","Gpt2","108682","Alanine aminotransferase 2",0,0
"Q9QXL8","Nme7","171567","Nucleoside diphosphate kinase 7",0,0
"P70297","Stam","20844","Signal transducing adapter molecule 1",0,0
"A2AHG0","Lzts3","241638","Leucine zipper putative tumor suppressor 3",0,0
"Q9DBX2","Pdcl","67466","Phosducin-like protein",0,0
"Q8R035","Mrpl58","68572","Large ribosomal subunit protein mL62",0,0
"Q99J08","Sec14l2","67815","SEC14-like protein 2",0,0
"Q9JLB0","Pals2","56524","Protein PALS2",0,0
"Q6PDI5","Ecpas","230249","Proteasome adapter and scaffold protein ECM29",0,0
"Q6A4J8","Usp7","252870","Ubiquitin C-terminal hydrolase 7",0,0
"Q99K46","Usp11","236733","Ubiquitin carboxyl-terminal hydrolase 11",0,0
"Q08274","Dmwd","13401","Dystrophia myotonica WD repeat-containing protein",0,0
"Q99K48","Nono","53610","Non-POU domain-containing octamer-binding protein",0,0
"Q9CRB8","Mtfp1","67900","Mitochondrial fission process protein 1",0,0
"Q99JW2","Acy1","109652","Aminoacylase-1",0,0
"O89029","Matn4","17183","Matrilin-4",0,0
"Q61464","Znf638","18139","Zinc finger protein 638",0,0
"Q6ZQ29","Taok2","381921","Serine/threonine-protein kinase TAO2",0,0
"Q689Z5","Sbno1","243272","Protein strawberry notch homolog 1",0,0
"O08641","Sh3yl1","24057","SH3 domain-containing YSC84-like protein 1",0.5,0.25
"P28028","Braf","109880","Serine/threonine-protein kinase B-raf",0,0
"Q9CQF9","Pcyox1","66881","Prenylcysteine oxidase 1",0,0
"Q9JIA1","Lgi1","56839","Leucine-rich glioma-inactivated protein 1",0,0
"Q8K224","Nat10","98956","RNA cytidine acetyltransferase",0,0
"Q9EPL4","Mettl9","59052","Protein-L-histidine N-pros-methyltransferase",0,0
"D3Z6Q9","Bin2","668218","Bridging integrator 2",0,0
"Q8R516","Mib2","76580","E3 ubiquitin-protein ligase MIB2",0,0
"P82343","Renbp","19703","N-acylglucosamine 2-epimerase",0,0
"Q8BHN0","Ppm1l","242083","Protein phosphatase 1L",0,0
"Q8K1R7","Nek9","217718","Serine/threonine-protein kinase Nek9",0,0
"Q8VHW2","Cacng8","81905","Voltage-dependent calcium channel gamma-8 subunit",0,0
"Q6NVE9","Pptc7","320717","Protein phosphatase PTC7 homolog",0,0
"Q9ERE9","Mapk8ip2","60597","C-Jun-amino-terminal kinase-interacting protein 2",0.25,0
"Q80TJ1","Cadps","27062","Calcium-dependent secretion activator 1",0,0
"Q01815","Cacna1c","12288","Voltage-dependent L-type calcium channel subunit alpha-1C",0,0
"Q3UN16","Gpr162","14788","Probable G protein-coupled receptor 162",0,0
"Q9ES56","Trappc4","60409","Trafficking protein particle complex subunit 4",0,0
"B1AY13","Usp24","329908","Ubiquitin carboxyl-terminal hydrolase 24",0,0
"Q9D1I5","Mcee","73724","Methylmalonyl-CoA epimerase, mitochondrial",0,0
"O09061","Psmb1","19170","Proteasome subunit beta type-1",0,0
"Q6PDG5","Smarcc2","68094","SWI/SNF complex subunit SMARCC2",0,0
"Q8CHU3","Epn2","13855","Epsin-2",0,0
"Q60613","Adora2a","11540","Adenosine receptor A2a",0,0.5
"P54797","Tango2","27883","Transport and Golgi organization 2 homolog",0,0
"Q9EQG7","Enpp5","83965","Ectonucleotide pyrophosphatase/phosphodiesterase family member 5",0,0
"Q3TYS2","Cybc1","217370","Cytochrome b-245 chaperone 1",0,0
"Q9D8L5","Ccdc91","67015","Coiled-coil domain-containing protein 91",0,0
"A2AJL3","Fggy","75578","FGGY carbohydrate kinase domain-containing protein",0,0
"Q9CQE2","Tmem223","66836","Transmembrane protein 223",0,0
"Q8BYL4","Yars2","70120","Tyrosine--tRNA ligase, mitochondrial",0,0
"Q9CQV1","Pam16","66449","Mitochondrial import inner membrane translocase subunit TIM16",0,0
"Q9R0M0","Celsr2","53883","Cadherin EGF LAG seven-pass G-type receptor 2",0,0
"P39098","Man1a2","17156","Mannosyl-oligosaccharide 1,2-alpha-mannosidase IB",0,0
"Q8VIM9","Irgq","210146","Immunity-related GTPase family Q protein",0,0
"Q8BG67","Efr3a","76740","Protein EFR3 homolog A",0,0
"P50247","Ahcy","11615","Adenosylhomocysteinase",0,0
"Q9WTX6","Cul1","26965","Cullin-1",0,0
"Q91XC9","Pex16","18633","Peroxisomal membrane protein PEX16",0,0
"Q80W04","Tmcc2","68875","Transmembrane and coiled-coil domains protein 2",0,0
"Q80VP0","Tecpr1","70381","Tectonin beta-propeller repeat-containing protein 1",0,0
"D3Z7Q2","Smim20","66278","Small integral membrane protein 20",0,0
"D3YXJ0","Dgkh","380921","Diacylglycerol kinase eta",0,0
"O70161","Pip5k1c","18717","Phosphatidylinositol 4-phosphate 5-kinase type-1 gamma",0,0
"Q5RKR3","Islr2","320563","Immunoglobulin superfamily containing leucine-rich repeat protein 2",0,0
"Q8BI84","Mia3","338366","Transport and Golgi organization protein 1 homolog",0,0
"O08914","Faah","14073","Fatty-acid amide hydrolase 1",0,0
"Q8BNJ6","Neto2","74513","Neuropilin and tolloid-like protein 2",0,0
"B0V2N1","Ptprs","19280","Receptor-type tyrosine-protein phosphatase S",0,0
"Q6VN19","Ranbp10","74334","Ran-binding protein 10",0,0
"Q6P9K9","Nrxn3","18191","Neurexin-3",0,0
"Q61137","Astn1","11899","Astrotactin-1",0,0
"P52825","Cpt2","12896","Carnitine O-palmitoyltransferase 2, mitochondrial",0,0
"Q80ZU0","Arl5a","75423","ADP-ribosylation factor-like protein 5A",0,0
"Q0KK59","Unc79","217843","Protein unc-79 homolog",0,0
"Q99N85","Mrps18a","68565","Large ribosomal subunit protein mL66",0,0
"Q61578","Fdxr","14149","NADPH:adrenodoxin oxidoreductase, mitochondrial",0,0
"Q8CH18","Ccar1","67500","Cell division cycle and apoptosis regulator protein 1",0,0
"P59016","Vps33b","233405","Vacuolar protein sorting-associated protein 33B",0,0
"Q80TR1","Adgrl1","330814","Adhesion G protein-coupled receptor L1",0,0
"Q791T5","Mtch1","56462","Mitochondrial carrier homolog 1",0,0
"Q9CZG9","Pdzd11","72621","PDZ domain-containing protein 11",0,0
"P27661","H2ax","15270","Histone H2AX",0,0
"Q9JIY5","Htra2","64704","Serine protease HTRA2, mitochondrial",0,0
"Q8K4Z0","Lgi2","246316","Leucine-rich repeat LGI family member 2",0,0
"Q6PA06","Atl2","56298","Atlastin-2",0,0
"Q9D0M1","Prpsap1","67763","Phosphoribosyl pyrophosphate synthase-associated protein 1",0,0
"Q61235","Sntb2","20650","Beta-2-syntrophin",0,0
"Q9CS84","Nrxn1","18189","Neurexin-1",0,0
"Q9D0Q7","Mrpl45","67036","Large ribosomal subunit protein mL45",0,0
"A2AAE1","Bltp1","229227","Bridge-like lipid transfer protein family member 1",0,0
"E9PUQ8","Dgkd","227333","Diacylglycerol kinase delta",0,0
"Q9DCM2","Gstk1","76263","Glutathione S-transferase kappa 1",0,0
"Q8BH74","Nup107","103468","Nuclear pore complex protein Nup107",0,0
"Q3TT38","Ilrun","224647","Protein ILRUN",0.5,0.25
"Q9Z2A0","Pdpk1","18607","3-phosphoinositide-dependent protein kinase 1",0,0
"P10833","Rras","20130","Ras-related protein R-Ras",0,0
"Q5F2E8","Taok1","216965","Serine/threonine-protein kinase TAO1",0,0
"P67984","Rpl22","19934","Large ribosomal subunit protein eL22",0,0
"Q91WT9","Cbs","12411","Cystathionine beta-synthase",0,0
"P97742","Cpt1a","12894","Carnitine O-palmitoyltransferase 1, liver isoform",0,0
"P35821","Ptpn1","19246","Tyrosine-protein phosphatase non-receptor type 1",0,0
"A2ABV5","Med14","26896","Mediator of RNA polymerase II transcription subunit 14",0,0
"P46467","Vps4b","20479","Vacuolar protein sorting-associated protein 4B",0,0
"Q6P1E1","Zmiz1","328365","Zinc finger MIZ domain-containing protein 1",0,0
"O54967","Tnk2","51789","Activated CDC42 kinase 1",0,0
"Q8CAL5","Gpc5","103978","Glypican-5",0,0
"Q3UM29","Cog7","233824","Conserved oligomeric Golgi complex subunit 7",0,0
"Q99KI3","Emc3","66087","ER membrane protein complex subunit 3",0,0
"Q3UUF8","Ankrd34b","218440","Ankyrin repeat domain-containing protein 34B",0,0
"Q6ZPR4","Kcnt1","227632","Potassium channel subfamily T member 1",0,0
"Q6P9S0","Mtss2","244654","Protein MTSS 2",0,0
"Q7TMK9","Syncrip","56403","Heterogeneous nuclear ribonucleoprotein Q",0,0
"Q9JKF6","Nectin1","58235","Nectin-1",0,0
"Q8VD12","Znf385a","29813","Zinc finger protein 385A",0.5,0.25
"Q2M3X8","Phactr1","218194","Phosphatase and actin regulator 1",0,0
"O55125","Nipsnap1","18082","Protein NipSnap homolog 1",0,0
"Q8CIP5","Disp2","214240","Protein dispatched homolog 2",0,0
"O70405","Ulk1","22241","Serine/threonine-protein kinase ULK1",0,0
"Q9WVS7","Map2k5","23938","Dual specificity mitogen-activated protein kinase kinase 5",0,0
"Q8BH66","Atl1","73991","Atlastin-1",0,0
"P47968","Rpia","19895","Ribose-5-phosphate isomerase",0,0
"Q9CQF0","Mrpl11","66419","Large ribosomal subunit protein uL11m",0,0
"Q9DCD0","Pgd","110208","6-phosphogluconate dehydrogenase, decarboxylating",0,0
"Q08093","Cnn2","12798","Calponin-2",0,0
"Q8C0Z1","Fam234a","106581","Protein FAM234A",0,0
"Q8K377","Lrrtm1","74342","Leucine-rich repeat transmembrane neuronal protein 1",0,0
"Q8BGY4","Klhl26","234378","Kelch-like protein 26",0,0
"O55026","Entpd2","12496","Ectonucleoside triphosphate diphosphohydrolase 2",0,0
"Q9DAW9","Cnn3","71994","Calponin-3",0,0
"P70175","Dlg3","53310","Disks large homolog 3",0,0
"Q9Z0E6","Gbp2","14469","Guanylate-binding protein 2",0,0
"Q9QXX4","Slc25a13","50799","Electrogenic aspartate/glutamate antiporter SLC25A13, mitochondrial",0,0
"Q8BH59","Slc25a12","78830","Electrogenic aspartate/glutamate antiporter SLC25A12, mitochondrial",0,0
"Q8VDI9","Alg9","102580","Alpha-1,2-mannosyltransferase ALG9",0,0
"P31938","Map2k1","26395","Dual specificity mitogen-activated protein kinase kinase 1",0,0
"Q8VEL9","Rem2","140743","GTP-binding protein REM 2",0.25,0
"Q7TQD2","Tppp","72948","Tubulin polymerization-promoting protein",0,0
"Q8BJZ3","Tmbim1","69660","Protein lifeguard 3",0.25,0
"B9EJI9","Tmem229a","319832","Transmembrane protein 229A",0,0
"Q8K596","Slc8a2","110891","Sodium/calcium exchanger 2",0,0
"Q3UH66","Wnk2","75607","Serine/threonine-protein kinase WNK2",0,0
"Q64331","Myo6","17920","Unconventional myosin-VI",0,0
"E9Q0S6","Tns1","21961","Tensin-1",0,0
"Q60987","Foxg1","15228","Forkhead box protein G1",0,0
"A2ARP1","Ppip5k1","327655","Inositol hexakisphosphate and diphosphoinositol-pentakisphosphate kinase 1",0,0
"Q3TDQ1","Stt3b","68292","Dolichyl-diphosphooligosaccharide--protein glycosyltransferase subunit STT3B",0,0
"Q5FWH7","Slc39a12","277468","Zinc transporter ZIP12",0,0
"O88455","Dhcr7","13360","7-dehydrocholesterol reductase",0,0
"Q60700","Map3k12","26404","Mitogen-activated protein kinase kinase kinase 12",0,0
"Q9DB77","Uqcrc2","67003","Cytochrome b-c1 complex subunit 2, mitochondrial",0,0
"Q9EPQ8","Tcf20","21411","Transcription factor 20",0,0
"Q5U680","Slc25a26","67582","Mitochondrial S-adenosylmethionine carrier protein",0,0
"Q62422","Ostf1","20409","Osteoclast-stimulating factor 1",0,0
"Q8CH02","Sugp1","70616","SURP and G-patch domain-containing protein 1",0,0
"Q9CQN6","Tmem14c","66154","Transmembrane protein 14C",0,0
"Q9JL26","Fmnl1","57778","Formin-like protein 1",0,0
"O35668","Hap1","15114","Huntingtin-associated protein 1",0,0
"A6X919","Dpy19l1","244745","Protein C-mannosyl-transferase DPY19L1",0,0
"Q8CC88","Vwa8","219189","von Willebrand factor A domain-containing protein 8",0,0
"Q9R1E6","Enpp2","18606","Autotaxin",0,0
"Q9Z277","Baz1b","22385","Tyrosine-protein kinase BAZ1B",0,0
"Q61330","Cntn2","21367","Contactin-2",0,0
"Q3UYC0","Ppm1h","319468","Protein phosphatase 1H",0,0
"Q924Z4","Cers2","76893","Ceramide synthase 2",0,0
"P43406","Itgav","16410","Integrin alpha-V",0,0
"Q9Z0W3","Nup160","59015","Nuclear pore complex protein Nup160",0,0
"Q924K8","Mta3","116871","Metastasis-associated protein MTA3",0,0
"Q9ERS5","Plekha2","83436","Pleckstrin homology domain-containing family A member 2",0,0
"O89051","Itm2b","16432","Integral membrane protein 2B",0,0
"Q810A3","Ttc9c","70387","Tetratricopeptide repeat protein 9C",0,0
"P50171","Hsd17b8","14979","(3R)-3-hydroxyacyl-CoA dehydrogenase",0,0
"Q7TN22","Txndc16","70561","Thioredoxin domain-containing protein 16",0,0
"Q9D009","Lipt2","67164","Octanoyl-[acyl-carrier-protein]:protein N-octanoyltransferase LIPT2, mitochondrial",0,0
"Q9CQE8","RTRAF","68045","tRNA-splicing ligase complex subunit RTRAF",0,0
"P12815","Pdcd6","18570","Programmed cell death protein 6",0,0
"P12970","Rpl7a","27176","Large ribosomal subunit protein eL8",0,0
"O88741","Gdap1","14545","Ganglioside-induced differentiation-associated protein 1",0,0
"Q61749","Eif2b4","13667","Translation initiation factor eIF2B subunit delta",0,0
"Q8K2T8","Paf1","54624","RNA polymerase II-associated factor 1 homolog",0,0
"Q61410","Prkg2","19092","cGMP-dependent protein kinase 2",0,0
"P36552","Cpox","12892","Oxygen-dependent coproporphyrinogen-III oxidase, mitochondrial",0,0
"A2AFS3","Elapor1","229722","Endosome/lysosome-associated apoptosis and autophagy regulator 1",0,0
"Q6PFD9","Nup98","269966","Nuclear pore complex protein Nup98-Nup96",0,0
"Q9JMD3","Stard10","56018","START domain-containing protein 10",0,0
"Q8BP48","Metap1","75624","Methionine aminopeptidase 1",0,0
"O70481","Ubr1","22222","E3 ubiquitin-protein ligase UBR1",0,0
"Q80U63","Mfn2","170731","Mitofusin-2",0,0
"Q9QUK3","Cln8","26889","Protein CLN8",0,0
"Q9Z2N8","Actl6a","56456","Actin-like protein 6A",0,0
"Q8BHB9","Clic6","209195","Chloride intracellular channel protein 6",0,0
"Q7TNM2","Trim46","360213","Tripartite motif-containing protein 46",0,0
"Q9JJK2","Lancl2","71835","LanC-like protein 2",0,0
"Q8BX02","Kank2","235041","KN motif and ankyrin repeat domain-containing protein 2",0,0.25
"O88532","Zfr","22763","Zinc finger RNA-binding protein",0,0
"Q9WVR4","Fxr2","23879","RNA-binding protein FXR2",0,0
"E9Q7X7","Nrxn2","18190","Neurexin-2",0,0
"F6SEU4","Syngap1","240057","Ras/Rap GTPase-activating protein SynGAP",0,0
"O08915","Aip","11632","AH receptor-interacting protein",0,0
"Q99J09","Wdr77","70465","Methylosome protein WDR77",0,0
"Q6NZK8","Ptpdc1","218232","Protein tyrosine phosphatase domain-containing protein 1",0,0
"Q9CS74","Ecd","70601","Protein ecdysoneless homolog",0,0
"O88342","Wdr1","22388","WD repeat-containing protein 1",0,0
"Q91WA3","Hdac11","232232","Histone deacetylase 11",0,0
"Q8BQU6","Gjc2","118454","Gap junction gamma-2 protein",0.25,0
"Q3U2V3","Nudt18","213484","8-oxo-dGDP phosphatase NUDT18",0,0
"Q9QY81","Nup210","54563","Nuclear pore membrane glycoprotein 210",0,0
"P63328","Ppp3ca","19055","Protein phosphatase 3 catalytic subunit alpha",0,0
"Q60803","Traf3","22031","TNF receptor-associated factor 3",0,0
"Q8BN59","Larp6","67557","La-related protein 6",0,0
"Q9WUQ2","Preb","50907","Guanine nucleotide-exchange factor SEC12",0,0
"P42932","Cct8","12469","T-complex protein 1 subunit theta",0,0
"Q9JLB2","Pals1","56217","Protein PALS1",0,0
"Q9WUD1","Stub1","56424","E3 ubiquitin-protein ligase CHIP",0,0
"P50428","Arsa","11883","Arylsulfatase A",0,0
"Q99JX7","Nxf1","53319","Nuclear RNA export factor 1",0,0
"Q61730","Il1rap","16180","Interleukin-1 receptor accessory protein",0,0
"Q9R1S8","Capn7","12339","Calpain-7",0,0
"Q8BFY9","Tnpo1","238799","Transportin-1",0,0
"B5TVM2","Ildr2","100039795","Immunoglobulin-like domain-containing receptor 2",0,0
"P56480","Atp5f1b","11947","ATP synthase F(1) complex catalytic subunit beta, mitochondrial",0,0
"Q6VNS1","Ntrk3","18213","NT-3 growth factor receptor",0,0
"Q9CYW4","Hdhd3","72748","Haloacid dehalogenase-like hydrolase domain-containing protein 3",0,0
"Q922E4","Pcyt2","68671","Ethanolamine-phosphate cytidylyltransferase",0,0
"Q91V76","Bkgd","70984","Beta-keto L-gulonate decarboxylase",0,0
"Q9QZX7","Srr","27364","Serine racemase",0,0
"P46664","Adss2","11566","Adenylosuccinate synthetase isozyme 2",0,0
"Q8R5L3","Vps39","269338","Vam6/Vps39-like protein",0,0
"Q9D6F4","Gabra4","14397","Gamma-aminobutyric acid receptor subunit alpha-4",0,0
"P62267","Rps23","66475","Small ribosomal subunit protein uS12",0,0
"O89116","Vti1a","53611","Vesicle transport through interaction with t-SNAREs homolog 1A",0,0
"Q08460","Kcnma1","16531","Calcium-activated potassium channel subunit alpha-1",0,0
"Q8R2P1","Klhl25","207952","Kelch-like protein 25",0.5,0.25
"Q8VHY0","Cspg4","121021","Chondroitin sulfate proteoglycan 4",0,0
"Q3U7U3","Fbxo7","69754","F-box only protein 7",0,0
"P97384","Anxa11","11744","Annexin A11",0,0
"P28650","Adss1","11565","Adenylosuccinate synthetase isozyme 1",0,0
"Q9CQ10","Chmp3","66700","Charged multivesicular body protein 3",0,0
"Q7TMR0","Prcp","72461","Lysosomal Pro-X carboxypeptidase",0,0
"Q8C0T5","Sipa1l1","217692","Signal-induced proliferation-associated 1-like protein 1",0,0
"Q60649","Clpb","20480","Mitochondrial disaggregase",0,0
"Q8K400","Stxbp5","78808","Syntaxin-binding protein 5",0,0
"P11352","Gpx1","14775","Glutathione peroxidase 1",0,0
"P97813","Pld2","18806","Phospholipase D2",0,0
"Q9CQ75","Ndufa2","17991","NADH dehydrogenase [ubiquinone] 1 alpha subcomplex subunit 2",0,0
"A2AP18","Plch2","269615","1-phosphatidylinositol 4,5-bisphosphate phosphodiesterase eta-2",0,0
"Q9CQR6","Ppp6c","67857","Serine/threonine-protein phosphatase 6 catalytic subunit",0,0
"P62715","Ppp2cb","19053","Serine/threonine-protein phosphatase 2A catalytic subunit beta isoform",0,0
"Q8CAQ8","Immt","76614","MICOS complex subunit Mic60",0,0
"Q9CPU4","Mgst3","66447","Glutathione S-transferase 3, mitochondrial",0,0
"Q8BFZ2","Plppr1","272031","Phospholipid phosphatase-related protein type 1",0,0
"P12960","Cntn1","12805","Contactin-1",0,0
"Q9JM52","Mink1","50932","Misshapen-like kinase 1",0,0
"Q6V4S5","Sdk2","237979","Protein sidekick-2",0,0
"P62717","Rpl18a","76808","Large ribosomal subunit protein eL20",0,0
"Q8CIW6","Slc26a6","171429","Solute carrier family 26 member 6",0.25,0.25
"Q8CFA2","Amt","434437","Aminomethyltransferase, mitochondrial",0,0
"Q3TIU4","Pde12","211948","2',5'-phosphodiesterase 12",0,0
"Q61129","Cfi","12630","Complement factor I",0,0.5
"P46935","Nedd4","17999","E3 ubiquitin-protein ligase NEDD4",0,0
"Q8CFI0","Nedd4l","83814","E3 ubiquitin-protein ligase NEDD4-like",0,0
"Q9EPU5","Tnfrsf21","94185","Tumor necrosis factor receptor superfamily member 21",0,0
"Q68FM6","Elfn2","207393","Protein phosphatase 1 regulatory subunit 29",0,0
"Q6PFR5","Tra2a","101214","Transformer-2 protein homolog alpha",0,0
"D3YZG8","Mthfd2l","665563","Bifunctional methylenetetrahydrofolate dehydrogenase/cyclohydrolase 2, mitochondrial",0.25,0.5
"Q6NZC7","Sec23ip","207352","SEC23-interacting protein",0,0
"Q8BWT5","Dip2a","64451","Disco-interacting protein 2 homolog A",0,0
"Q8BLY3","Lrfn3","233067","Leucine-rich repeat and fibronectin type-III domain-containing protein 3",0,0
"Q7TPS5","C2cd5","74741","C2 domain-containing protein 5",0,0
"Q91ZJ5","Ugp2","216558","UTP--glucose-1-phosphate uridylyltransferase",0,0
"P03911","Mtnd4","17719","NADH-ubiquinone oxidoreductase chain 4",0,0
"Q61550","Rad21","19357","Double-strand-break repair protein rad21 homolog",0,0
"Q63912","Omg","18377","Oligodendrocyte-myelin glycoprotein",0,0
"Q8BPM0","Daam1","208846","Disheveled-associated activator of morphogenesis 1",0,0
"Q80U19","Daam2","76441","Disheveled-associated activator of morphogenesis 2",0,0
"Q8K0E8","Fgb","110135","Fibrinogen beta chain",0,0
"Q99LG2","Tnpo2","212999","Transportin-2",0,0
"Q99JY4","Trabd","67976","TraB domain-containing protein",0,0
"P63005","Pafah1b1","18472","Platelet-activating factor acetylhydrolase IB subunit beta",0,0
"Q8CBY0","Gatc","384281","Glutamyl-tRNA(Gln) amidotransferase subunit C, mitochondrial",0,0
"Q6A0A2","Larp4b","217980","La-related protein 4B",0,0
"P11881","Itpr1","16438","Inositol 1,4,5-trisphosphate-gated calcium channel ITPR1",0,0
"P57080","Usp25","30940","Ubiquitin carboxyl-terminal hydrolase 25",0,0
"B2RRE7","Otud4","73945","OTU domain-containing protein 4",0,0
"Q69ZK9","Nlgn2","216856","Neuroligin-2",0,0
"Q9R0M8","Slc35a2","22232","UDP-galactose translocator",0.5,0
"Q9Z0X1","Aifm1","26926","Apoptosis-inducing factor 1, mitochondrial",0,0
"O88343","Slc4a4","54403","Electrogenic sodium bicarbonate cotransporter 1",0,0
"Q8CJG1","Ago1","236511","Protein argonaute-1",0,0
"Q8CJG0","Ago2","239528","Protein argonaute-2",0,0
"P47857","Pfkm","18642","ATP-dependent 6-phosphofructokinase, muscle type",0,0
"Q9D7N3","Mrps9","69527","Small ribosomal subunit protein uS9m",0,0
"P97863","Nfib","18028","Nuclear factor 1 B-type",0,0
"Q9WTS4","Tenm1","23963","Teneurin-1",0,0
"P70398","Usp9x","22284","Ubiquitin carboxyl-terminal hydrolase 9X",0,0
"Q8CBE3","Wdr37","207615","WD repeat-containing protein 37",0,0
"P62192","Psmc1","19179","26S proteasome regulatory subunit 4",0,0
"Q8BFQ8","Gatd1","213350","Glutamine amidotransferase-like class 1 domain-containing protein 1",0,0
"O35136","Ncam2","17968","Neural cell adhesion molecule 2",0,0
"Q61738","Itga7","16404","Integrin alpha-7",0,0
"Q99L47","St13","70356","Hsc70-interacting protein",0,0
"Q91WM1","Strbp","20744","Spermatid perinuclear RNA-binding protein",0,0
"Q923L3","Csmd1","94109","CUB and sushi domain-containing protein 1",0,0
"Q8BGA3","Lrrtm2","107065","Leucine-rich repeat transmembrane neuronal protein 2",0,0
"P59913","Pcmtd1","319263","Protein-L-isoaspartate O-methyltransferase domain-containing protein 1",0,0
"O35598","Adam10","11487","Disintegrin and metalloproteinase domain-containing protein 10",0,0
"Q3UN90","Lyrm9","66274","LYR motif-containing protein 9",0,0
"Q6DIC0","Smarca2","67155","SWI/SNF-related matrix-associated actin-dependent regulator of chromatin subfamily A member 2",0,0
"Q3TKT4","Smarca4","20586","SWI/SNF-related matrix-associated actin-dependent regulator of chromatin subfamily A member 4",0,0
"O88958","Gnpda1","26384","Glucosamine-6-phosphate deaminase 1",0,0
"Q03137","Epha4","13838","Ephrin type-A receptor 4",0,0
"Q05CL8","Larp7","28036","La-related protein 7",0,0
"Q9D0C4","Trmt5","76357","tRNA (guanine(37)-N(1))-methyltransferase",0,0
"Q8VE11","Mtmr6","219135","Phosphatidylinositol-3,5-bisphosphate 3-phosphatase MTMR6",0,0
"Q9CRA9","Fgfr1op2","67529","FGFR1 oncogene partner 2 homolog",0,0
"Q6NWV3","Ift122","81896","Intraflagellar transport protein 122 homolog",0,0
"Q80UM3","Naa15","74838","N-alpha-acetyltransferase 15, NatA auxiliary subunit",0,0
"Q8C190","Vps9d1","72325","VPS9 domain-containing protein 1",0,0
"Q8BJU0","Sgta","52551","Small glutamine-rich tetratricopeptide repeat-containing protein alpha",0,0
"Q9D8B1","Aig1","66253","Androgen-induced gene 1 protein",0,0
"Q9D7X8","Ggct","110175","Gamma-glutamylcyclotransferase",0,0
"P70452","Stx4","20909","Syntaxin-4",0,0
"Q9DB50","Ap1s2","108012","AP-1 complex subunit sigma-2",0,0
"P61967","Ap1s1","11769","AP-1 complex subunit sigma-1A",0,0
"P61264","Stx1b","56216","Syntaxin-1B",0,0
"P35438","Grin1","14810","Glutamate receptor ionotropic, NMDA 1",0,0
"Q8VDK1","Nit1","27045","Deaminated glutathione amidase",0,0
"O55142","Rpl35a","57808","Large ribosomal subunit protein eL33",0,0
"Q8K1N1","Pnpla8","67452","Calcium-independent phospholipase A2-gamma",0,0
"Q9ER39","Tor1a","30931","Torsin-1A",0,0
"Q9ER41","Tor1b","30934","Torsin-1B",0,0
"Q9WUM3","Coro1b","23789","Coronin-1B",0,0
"Q9WUM4","Coro1c","23790","Coronin-1C",0,0
"P60521","Gabarapl2","93739","Gamma-aminobutyric acid receptor-associated protein-like 2",0,0
"A2AKG8","Focad","230393","Focadhesin",0,0
"Q99PU8","Dhx30","72831","ATP-dependent RNA helicase DHX30",0,0
"P98156","Vldlr","22359","Very low-density lipoprotein receptor",0,0
"P18242","Ctsd","13033","Cathepsin D",0,0
"Q61074","Ppm1g","14208","Protein phosphatase 1G",0,0
"Q8CGA0","Ppm1f","68606","Protein phosphatase 1F",0,0
"Q8C163","Exog","208194","Nuclease EXOG, mitochondrial",0,0
"Q7TPM1","Prrc2b","227723","Protein PRRC2B",0,0
"Q9JLZ3","Auh","11992","Methylglutaconyl-CoA hydratase, mitochondrial",0,0
"Q9DCX2","Atp5pd","71679","ATP synthase peripheral stalk subunit d, mitochondrial",0,0
"P52293","Kpna2","16647","Importin subunit alpha-1",0,0
"Q9CZU3","Mtrex","72198","Exosome RNA helicase MTR4",0,0
"P47759","Nsg2","18197","Neuronal vesicle trafficking-associated protein 2",0,0
"Q9Z2U1","Psma5","26442","Proteasome subunit alpha type-5",0,0
"Q9QYI4","Dnajb12","56709","DnaJ homolog subfamily B member 12",0,0
"Q9Z1J3","Nfs1","18041","Cysteine desulfurase",0,0
"O88441","Mtx2","53375","Metaxin-2",0,0
"P40240","Cd9","12527","CD9 antigen",0,0
"Q6P2B1","Tnpo3","320938","Transportin-3",0,0
"P99026","Psmb4","19172","Proteasome subunit beta type-4",0,0
"Q505D1","Ankrd28","105522","Serine/threonine-protein phosphatase 6 regulatory ankyrin repeat subunit A",0,0
"Q99N87","Mrps5","77721","Small ribosomal subunit protein uS5m",0,0
"Q91VH6","Memo1","76890","Protein MEMO1",0,0
"Q6P5F9","Xpo1","103573","Exportin-1",0,0
"B9EKR1","Ptprz1","19283","Receptor-type tyrosine-protein phosphatase zeta",0,0
"Q9QWY8","Asap1","13196","Arf-GAP with SH3 domain, ANK repeat and PH domain-containing protein 1",0,0
"O89001","Cpd","12874","Carboxypeptidase D",0,0
"Q68EF4","Grm4","268934","Metabotropic glutamate receptor 4",0,0
"P41234","Abca2","11305","ATP-binding cassette sub-family A member 2",0,0
"Q5DU14","Myo16","244281","Unconventional myosin-XVI",0.25,0
"P28704","Rxrb","20182","Retinoic acid receptor RXR-beta",0.25,0.5
"Q9WVJ3","Cpq","54381","Carboxypeptidase Q",0,0
"Q99JP6","Homer3","26558","Homer protein homolog 3",0.25,0
"Q99KY4","Gak","231580","Cyclin-G-associated kinase",0,0
"Q8BYM5","Nlgn3","245537","Neuroligin-3",0,0
"P53798","Fdft1","14137","Squalene synthase",0,0
"Q5GH67","Xkr4","497097","XK-related protein 4",0,0
"Q8VDQ1","Ptgr2","77219","Prostaglandin reductase 2",0,0
"Q9WV69","Dmtn","13829","Dematin",0,0
"Q9DCR2","Ap3s1","11777","AP-3 complex subunit sigma-1",0,0
"Q80XN0","Bdh1","71911","D-beta-hydroxybutyrate dehydrogenase, mitochondrial",0,0
"Q8BR07","Bicd1","12121","Protein bicaudal D homolog 1",0,0
"Q61627","Grid1","14803","Glutamate receptor ionotropic, delta-1",0,0
"P60843","Eif4a1","13681","Eukaryotic initiation factor 4A-I",0,0
"P24527","Lta4h","16993","Leukotriene A-4 hydrolase",0,0
"Q60949","Tbc1d1","57915","TBC1 domain family member 1",0,0
"P24472","Gsta4","14860","Glutathione S-transferase A4",0,0
"Q80X82","Sympk","68188","Symplekin",0,0
"Q9CZ42","Naxd","69225","ATP-dependent (S)-NAD(P)H-hydrate dehydratase",0,0
"Q9ERD7","Tubb3","22152","Tubulin beta-3 chain",0,0
"P61211","Arl1","104303","ADP-ribosylation factor-like protein 1",0,0
"Q64521","Gpd2","14571","Glycerol-3-phosphate dehydrogenase, mitochondrial",0,0
"Q9JKN6","Nova1","664883","RNA-binding protein Nova-1",0,0
"Q5M8N4","Sdr39u1","654795","Epimerase family protein SDR39U1",0,0
"Q8CBC4","Cnst","226744","Consortin",0,0
"P54276","Msh6","17688","DNA mismatch repair protein Msh6",0,0
"P14824","Anxa6","11749","Annexin A6",0,0
"Q9WV18","Gabbr1","54393","Gamma-aminobutyric acid type B receptor subunit 1",0,0
"Q7SIG6","Asap2","211914","Arf-GAP with SH3 domain, ANK repeat and PH domain-containing protein 2",0,0
"Q80ZJ6","Zer1","227693","Protein zer-1 homolog",0,0
"Q9QUM9","Psma6","26443","Proteasome subunit alpha type-6",0,0
"Q3U0V1","Khsrp","16549","Far upstream element-binding protein 2",0,0
"Q8BUR4","Dock1","330662","Dedicator of cytokinesis protein 1",0,0
"Q80V03","Adck5","268822","Uncharacterized aarF domain-containing protein kinase 5",0,0
"Q9JKY5","Hip1r","29816","Huntingtin-interacting protein 1-related protein",0,0
"Q9WVM3","Anapc7","56317","Anaphase-promoting complex subunit 7",0,0
"Q60900","Elavl3","15571","ELAV-like protein 3",0,0
"Q61701","Elavl4","15572","ELAV-like protein 4",0,0
"Q8VD75","Hip1","215114","Huntingtin-interacting protein 1",0,0
"Q8VE70","Pdcd10","56426","Programmed cell death protein 10",0,0
"Q80X50","Ubap2l","74383","Ubiquitin-associated protein 2-like",0,0
"P27612","Plaa","18786","Phospholipase A-2-activating protein",0,0
"O88910","Mpp3","13384","MAGUK p55 subfamily member 3",0,0
"Q8R366","Igsf8","140559","Immunoglobulin superfamily member 8",0,0
"Q8BGN5","Nipal3","74552","NIPA-like protein 3",0,0
"Q8C0D5","Efl1","101592","Elongation factor-like GTPase 1",0,0
"P63040","Cplx1","12889","Complexin-1",0,0
"P05532","Kit","16590","Mast/stem cell growth factor receptor Kit",0,0
"Q9CR16","Ppid","67738","Peptidyl-prolyl cis-trans isomerase D",0,0
"Q6PFD5","Dlgap3","242667","Disks large-associated protein 3",0,0
"Q3UEB3","Puf60","67959","Poly(U)-binding-splicing factor PUF60",0,0
"Q03059","Chat","12647","Choline O-acetyltransferase",0,0
"Q8BT14","Cnot4","53621","CCR4-NOT transcription complex subunit 4",0,0
"P40936","Inmt","21743","Indolethylamine N-methyltransferase",0,0
"Q8BZB3","Tmem266","244886","Transmembrane protein 266",0,0
"Q9CYI0","Q9CYI0","70591","Protein Njmu-R1",0,0
"Q3UUI3","Them4","75778","Acyl-coenzyme A thioesterase THEM4",0,0
"Q8VE19","Mios","252875","GATOR2 complex protein MIOS",0,0
"P14685","Psmd3","22123","26S proteasome non-ATPase regulatory subunit 3",0,0
"Q91Z38","Ttc1","66827","Tetratricopeptide repeat protein 1",0,0
"Q9CVD2","Atxn3","110616","Ataxin-3",0,0
"Q60823","Akt2","11652","RAC-beta serine/threonine-protein kinase",0,0
"A2AR50","Ralgps1","241308","Ras-specific guanine nucleotide-releasing factor RalGPS1",0,0
"Q9DCP2","Slc38a3","76257","Sodium-coupled neutral amino acid transporter 3",0,0
"Q3TCH7","Cul4a","99375","Cullin-4A",0,0
"Q80U23","Snph","241727","Syntaphilin",0,0
"Q9EQI8","Mrpl46","67308","Large ribosomal subunit protein mL46",0,0
"Q8VCM7","Fgg","99571","Fibrinogen gamma chain",0,0
"Q9CWX2","Ndufaf1","69702","Complex I intermediate-associated protein 30, mitochondrial",0,0
"Q9Z218","Dpp6","13483","A-type potassium channel modulatory protein DPP6",0,0
"Q8K0V2","Dcun1d3","233805","DCN1-like protein 3",0,0
"Q8CCK0","Macroh2a2","404634","Core histone macro-H2A.2",0,0
"Q8K4B0","Mta1","116870","Metastasis-associated protein MTA1",0,0
"P97411","Ica1","15893","Islet cell autoantigen 1",0,0
"Q99MX7","Tmem121b","94047","Transmembrane protein 121B",0,0
"Q8BJ05","Zc3h14","75553","Zinc finger CCCH domain-containing protein 14",0,0
"Q62384","Zpr1","22687","Zinc finger protein ZPR1",0,0
"P0C7L0","Wipf3","330319","WAS/WASL-interacting protein family member 3",0,0
"Q3UH99","Shisa6","380702","Protein shisa-6",0,0
"Q8VCE6","Nt5m","103850","5'(3')-deoxyribonucleotidase, mitochondrial",0,0
"Q91XM9","Dlg2","23859","Disks large homolog 2",0,0
"Q5FWI3","Cemip2","83921","Cell surface hyaluronidase",0,0
"Q5KU39","Vps41","218035","Vacuolar protein sorting-associated protein 41 homolog",0,0
"O35857","Timm44","21856","Mitochondrial import inner membrane translocase subunit TIM44",0,0
"Q61037","Tsc2","22084","Tuberin",0,0
"Q6NZN0","Rbm26","74213","RNA-binding protein 26",0,0
"Q61282","Acan","11595","Aggrecan core protein",0,0
"Q9JM13","Rabgef1","56715","Rab5 GDP/GTP exchange factor",0,0
"Q8BP67","Rpl24","68193","Large ribosomal subunit protein eL24",0,0
"Q60759","Gcdh","270076","Glutaryl-CoA dehydrogenase, mitochondrial",0,0
"Q8R081","Hnrnpl","15388","Heterogeneous nuclear ribonucleoprotein L",0,0
"Q91WD4","Q91WD4","105351","UPF0415 protein C7orf25 homolog",0.25,0.25
"Q8BUN5","Smad3","17127","SMAD family member 3",0,0
"Q9Z2U0","Psma7","26444","Proteasome subunit alpha type-7",0,0
"Q8CC21","Ttc19","72795","Tetratricopeptide repeat protein 19, mitochondrial",0,0
"P97447","Fhl1","14199","Four and a half LIM domains protein 1",0,0
"Q9QZE5","Copg1","54161","Coatomer subunit gamma-1",0,0
"Q9QXK3","Copg2","54160","Coatomer subunit gamma-2",0,0
"Q9QXG2","Chm","12662","Rab proteins geranylgeranyltransferase component A 1",0,0
"Q6ZQ18","Efr3b","668212","Protein EFR3 homolog B",0,0
"Q91WE3","Rpp25","102614","Ribonuclease P protein subunit p25",0.25,0.5
"Q8R420","Abca3","27410","Phospholipid-transporting ATPase ABCA3",0,0
"O35188","Cx3cl1","20312","Fractalkine",0,0
"P49117","Nr2c2","22026","Nuclear receptor subfamily 2 group C member 2",0,0
"Q60632","Nr2f1","13865","COUP transcription factor 1",0,0
"P43135","Nr2f2","11819","COUP transcription factor 2",0,0
"Q99JY8","Plpp3","67916","Phospholipid phosphatase 3",0,0
"Q8CGF7","Tcerg1","56070","Transcription elongation regulator 1",0,0
"Q9Z0U0","Xpr1","19775","Solute carrier family 53 member 1",0,0
"Q60695","Rgl1","19731","Ral guanine nucleotide dissociation stimulator-like 1",0.5,0.25
"Q8VHQ4","Rab40c","224624","Ras-related protein Rab-40C",0,0
"P35951","Ldlr","16835","Low-density lipoprotein receptor",0,0
"Q6A028","Swap70","20947","Switch-associated protein 70",0,0
"P09671","Sod2","20656","Superoxide dismutase [Mn], mitochondrial",0,0
"Q8K4G5","Ablim1","226251","Actin-binding LIM protein 1",0,0
"Q6PHZ8","Kcnip4","80334","Kv channel-interacting protein 4",0,0
"Q9D8W5","Psmd12","66997","26S proteasome non-ATPase regulatory subunit 12",0,0
"P63154","Crnkl1","66877","Crooked neck-like protein 1",0,0
"Q922G0","Slc25a36","192287","Solute carrier family 25 member 36",0,0
"Q9Z1G4","Atp6v0a1","11975","V-type proton ATPase 116 kDa subunit a 1",0,0
"Q8K012","Fnbp1l","214459","Formin-binding protein 1-like",0,0
"O55234","Psmb5","19173","Proteasome subunit beta type-5",0,0
"Q3TCJ1","Abraxas2","109359","BRISC complex subunit Abraxas 2",0,0
"Q9ERZ3","Chrm3","12671","Muscarinic acetylcholine receptor M3",0,0
"Q9JIY0","Plekho1","67220","Pleckstrin homology domain-containing family O member 1",0,0
"P05132","Prkaca","18747","cAMP-dependent protein kinase catalytic subunit alpha",0,0
"P68181","Prkacb","18749","cAMP-dependent protein kinase catalytic subunit beta",0,0
"P97346","Nxn","18230","Nucleoredoxin",0,0
"P14094","Atp1b1","11931","Sodium/potassium-transporting ATPase subunit beta-1",0,0
"Q9CQK7","Rwdd1","66521","RWD domain-containing protein 1",0,0
"P20029","Hspa5","14828","Endoplasmic reticulum chaperone BiP",0,0
"Q4PJX1","Odr4","226499","Protein odr-4 homolog",0,0
"O88844","Idh1","15926","Isocitrate dehydrogenase [NADP] cytoplasmic",0,0
"O08532","Cacna2d1","12293","Voltage-dependent calcium channel subunit alpha-2/delta-1",0,0
"P58281","Opa1","74143","Dynamin-like GTPase OPA1, mitochondrial",0,0
"Q8K0P3","Meak7","74347","MTOR-associated protein MEAK7",0,0
"Q9D2G2","Dlst","78920","Dihydrolipoyllysine-residue succinyltransferase component of 2-oxoglutarate dehydrogenase complex, mitochondrial",0,0
"Q8VCI5","Pex19","19298","Peroxisomal biogenesis factor 19",0,0
"Q9WUM5","Suclg1","56451","Succinate--CoA ligase [ADP/GDP-forming] subunit alpha, mitochondrial",0,0
"Q8K2J0","Plcd3","72469","1-phosphatidylinositol 4,5-bisphosphate phosphodiesterase delta-3",0,0
"P10637","Mapt","17762","Microtubule-associated protein tau",0,0
"Q6ZWV3","Rpl10","110954","Large ribosomal subunit protein uL16",0,0
"Q9DAK9","Phpt1","75454","14 kDa phosphohistidine phosphatase",0,0
"Q9CZX8","Rps19","20085","Small ribosomal subunit protein eS19",0,0
"Q6NT99","Dusp23","68440","Dual specificity protein phosphatase 23",0,0
"Q9CPW4","Arpc5","67771","Actin-related protein 2/3 complex subunit 5",0,0
"Q8BTW9","Pak4","70584","Serine/threonine-protein kinase PAK 4",0,0.25
"Q91YN5","Uap1","107652","UDP-N-acetylhexosamine pyrophosphorylase",0,0
"Q9D0L7","Armc10","67211","Armadillo repeat-containing protein 10",0,0
"Q6ZQB6","Ppip5k2","227399","Inositol hexakisphosphate and diphosphoinositol-pentakisphosphate kinase 2",0.5,0.25
"Q9JIM1","Slc29a1","63959","Equilibrative nucleoside transporter 1",0,0
"Q99LP6","Grpel1","17713","GrpE protein homolog 1, mitochondrial",0,0
"Q8C1A5","Thop1","50492","Thimet oligopeptidase",0,0
"Q80ZJ7","Snx32","225861","Sorting nexin-32",0,0
"Q5RJG7","Crppa","75847","D-ribitol-5-phosphate cytidylyltransferase",0,0
"Q80ZJ1","Rap2a","76108","Ras-related protein Rap-2a",0,0
"P61226","Rap2b","74012","Ras-related protein Rap-2b",0,0
"P13020","Gsn","227753","Gelsolin",0,0
"Q921J2","Rheb","19744","GTP-binding protein Rheb",0,0
"Q922J9","Far1","67420","Fatty acyl-CoA reductase 1",0,0
"Q8BZX4","Srek1","218543","Splicing regulatory glutamine/lysine-rich protein 1",0,0
"Q9ESK3","Capn10","23830","Calpain-10",0.5,0.5
"Q93092","Taldo1","21351","Transaldolase",0,0
"Q8BTY8","Scfd2","212986","Sec1 family domain-containing protein 2",0,0
"Q71M36","Cspg5","29873","Chondroitin sulfate proteoglycan 5",0,0
"Q3TLP5","Echdc2","52430","Enoyl-CoA hydratase domain-containing protein 2, mitochondrial",0,0
"Q60847","Col12a1","12816","Collagen alpha-1(XII) chain",0,0
"Q9CZP5","Bcs1l","66821","Mitochondrial chaperone BCS1",0,0
"Q80TE0","Rpap1","68925","RNA polymerase II-associated protein 1",0,0
"Q3UMC0","Afg2a","57815","ATPase family gene 2 protein homolog A",0.25,0
"P09103","P4hb","18453","Protein disulfide-isomerase",0,0
"P35285","Rab22a","19334","Ras-related protein Rab-22A",0,0
"Q64105","Spr","20751","Sepiapterin reductase",0,0
"Q91W90","Txndc5","105245","Thioredoxin domain-containing protein 5",0,0
"Q8BU31","Rap2c","72065","Ras-related protein Rap-2c",0,0
"P26443","Glud1","14661","Glutamate dehydrogenase 1, mitochondrial",0,0
"Q9EQN3","Tsc22d4","78829","TSC22 domain family protein 4",0,0
"Q91YH5","Atl3","109168","Atlastin-3",0,0
"Q69ZP3","Pnkd","56695","Probable thioesterase PNKD",0,0
"Q3TC72","Fahd2a","68126","Oxaloacetate tautomerase Fahd2a, mitochondrial",0,0
"Q3V384","Afg1l","215951","AFG1-like ATPase",0,0
"Q8BPM2","Map4k5","399510","Mitogen-activated protein kinase kinase kinase kinase 5",0,0
"Q9D898","Arpc5l","74192","Actin-related protein 2/3 complex subunit 5-like protein",0,0
"A2A699","Fam171a2","217219","Protein FAM171A2",0,0
"Q9D2V7","Coro7","78885","Coronin-7",0,0
"Q9JJA9","Tamalin","56149","General receptor for phosphoinositides 1-associated scaffold protein",0,0
"Q3UU96","Cdc42bpa","226751","Serine/threonine-protein kinase MRCK alpha",0,0
"Q9CRT8","Xpot","73192","Exportin-T",0,0
"Q6TEK5","Vkorc1l1","69568","Vitamin K epoxide reductase complex subunit 1-like protein 1",0,0
"Q9CRC0","Vkorc1","27973","Vitamin K epoxide reductase complex subunit 1",0,0
"Q80YE7","Dapk1","69635","Death-associated protein kinase 1",0,0
"Q9QZW0","Atp11c","320940","Phospholipid-transporting ATPase 11C",0,0
"P11531","Dmd","13405","Dystrophin",0,0
"Q8JZW4","Cpne5","240058","Copine-5",0,0
"Q6DIB5","Megf10","70417","Multiple epidermal growth factor-like domains protein 10",0,0
"Q8K1R3","Pnpt1","71701","Polyribonucleotide nucleotidyltransferase 1, mitochondrial",0,0
"P21460","Cst3","13010","Cystatin-C",0,0
"Q8C052","Map1s","270058","Microtubule-associated protein 1S",0,0
"Q8BHN7","Rlig1","68281","RNA ligase 1",0,0
"Q9R190","Mta2","23942","Metastasis-associated protein MTA2",0,0
"Q9JIG8","Praf2","54637","PRA1 family protein 2",0,0
"O88351","Ikbkb","16150","Inhibitor of nuclear factor kappa-B kinase subunit beta",0,0
"Q9D8S4","Rexo2","104444","Oligoribonuclease, mitochondrial",0,0
"Q9CZW4","Acsl3","74205","Fatty acid CoA ligase Acsl3",0,0
"Q3USJ8","Fchsd2","207278","F-BAR and double SH3 domains protein 2",0,0
"A2A6Q5","Cdc27","217232","Cell division cycle protein 27 homolog",0,0
"Q8VD33","Sgtb","218544","Small glutamine-rich tetratricopeptide repeat-containing protein beta",0,0
"P10107","Anxa1","16952","Annexin A1",0,0
"Q922R8","Pdia6","71853","Protein disulfide-isomerase A6",0,0
"Q8BIG7","Comtd1","69156","Catechol O-methyltransferase domain-containing protein 1",0,0
"O88986","Gcat","26912","2-amino-3-ketobutyrate coenzyme A ligase, mitochondrial",0,0
"Q9D855","Uqcrb","67530","Cytochrome b-c1 complex subunit 7",0,0
"Q9CV28","Mindy3","66960","Ubiquitin carboxyl-terminal hydrolase MINDY-3",0,0.25
"P70265","Pfkfb2","18640","6-phosphofructo-2-kinase/fructose-2,6-bisphosphatase 2",0,0
"Q69Z26","Cntn4","269784","Contactin-4",0,0
"O08663","Metap2","56307","Methionine aminopeptidase 2",0,0
"Q922P9","Glyr1","74022","Cytokine-like nuclear factor N-PAC",0,0
"Q3UHD1","Adgrb1","107831","Adhesion G protein-coupled receptor B1",0,0
"P23506","Pcmt1","18537","Protein-L-isoaspartate(D-aspartate) O-methyltransferase",0,0
"Q3TMH2","Scrn3","74616","Secernin-3",0,0
"Q00915","Rbp1","19659","Retinol-binding protein 1",0,0
"Q8BYN5","Fsd1l","319636","FSD1-like protein",0,0
"P83093","Stim2","116873","Stromal interaction molecule 2",0,0
"O54833","Csnk2a2","13000","Casein kinase II subunit alpha'",0,0
"Q60737","Csnk2a1","12995","Casein kinase II subunit alpha",0,0
"Q8CF89","Tab1","66513","TGF-beta-activated kinase 1 and MAP3K7-binding protein 1",0,0
"Q62036","Cep131","12009","Centrosomal protein of 131 kDa",0,0.25
"Q9WV02","Rbmx","19655","RNA-binding motif protein, X chromosome",0,0
"O35250","Exoc7","53413","Exocyst complex component 7",0,0
"P15066","Jund","16478","Transcription factor JunD",0,0
"O08529","Capn2","12334","Calpain-2 catalytic subunit",0,0
"Q3UMG5","Lrch2","210297","Leucine-rich repeat and calponin homology domain-containing protein 2",0,0
"Q8VDD5","Myh9","17886","Myosin-9",0,0
"Q8C9B9","Dido1","23856","Death-inducer obliterator 1",0,0
"Q69ZZ9","Macf1","11426","Microtubule-actin cross-linking factor 1, isoforms 6/7",0,0
"Q8BH35","C8b","110382","Complement component C8 beta chain",0,0.25
"Q8BIL5","Hook1","77963","Protein Hook homolog 1",0,0
"Q8BMK4","Ckap4","216197","Cytoskeleton-associated protein 4",0,0
"P55821","Stmn2","20257","Stathmin-2",0,0
"O70166","Stmn3","20262","Stathmin-3",0,0
"Q8R0I4","Tm2d2","69742","TM2 domain-containing protein 2",0,0
"Q9WTK3","Gpaa1","14731","GPI-anchor transamidase component GPAA1",0,0
"Q6NZL8","Scube1","64706","Signal peptide, CUB and EGF-like domain-containing protein 1",0,0
"P70698","Ctps1","51797","CTP synthase 1",0,0
"Q3TTA7","Cblb","208650","E3 ubiquitin-protein ligase CBL-B",0,0
"Q8K0Z7","Taco1","70207","Translational activator of cytochrome c oxidase 1",0,0
"Q3V0I2","Prr7","432763","Proline-rich protein 7",0,0
"Q8QZR5","Gpt","76282","Alanine aminotransferase 1",0,0
"Q9D6N5","Drap1","66556","Dr1-associated corepressor",0,0
"Q91V24","Abca7","27403","ATP-binding cassette sub-family A member 7",0,0
"O09012","Pex5","19305","Peroxisomal targeting signal 1 receptor",0,0
"Q569Z5","Ddx46","212880","Probable ATP-dependent RNA helicase DDX46",0,0
"Q91X58","Zfand2b","68818","AN1-type zinc finger protein 2B",0,0
"P09405","Ncl","17975","Nucleolin",0,0
"Q45VK7","Dync2h1","110350","Cytoplasmic dynein 2 heavy chain 1",0,0
"Q5RJI5","Brsk1","381979","Serine/threonine-protein kinase BRSK1",0,0
"Q91WZ8","Dtnbp1","94245","Dysbindin",0.25,0
"P55194","Sh3bp1","20401","SH3 domain-binding protein 1",0,0
"Q8C4Y3","Nelfb","58202","Negative elongation factor B",0,0
"P27773","Pdia3","14827","Protein disulfide-isomerase A3",0,0
"A2APY7","Ndufaf5","69487","Arginine-hydroxylase NDUFAF5, mitochondrial",0,0
"P97438","Kcnk2","16526","Potassium channel subfamily K member 2",0,0
"P60122","Ruvbl1","56505","RuvB-like 1",0,0
"Q9CZR8","Tsfm","66399","Elongation factor Ts, mitochondrial",0,0
"Q8K4Q0","Rptor","74370","Regulatory-associated protein of mTOR",0,0
"Q8C854","Myef2","17876","Myelin expression factor 2",0,0
"Q3UHQ6","Dop1b","70028","Protein DOP1B",0,0
"Q6NZR5","Skic2","108077","Superkiller complex protein 2",0,0
"P23116","Eif3a","13669","Eukaryotic translation initiation factor 3 subunit A",0,0
"Q8CIQ7","Dock3","208869","Dedicator of cytokinesis protein 3",0,0
"Q52KF3","Spire1","68166","Protein spire homolog 1",0,0
"Q9CQF3","Nudt21","68219","Cleavage and polyadenylation specificity factor subunit 5",0,0
"Q9CRA8","Exosc5","27998","Exosome complex component RRP46",0,0.25
"Q9Z2D3","Gsdme","54722","Gasdermin-E",0,0
"Q8R0S4","Cacnb4","12298","Voltage-dependent L-type calcium channel subunit beta-4",0,0
"Q8VD72","Ttc8","76260","Tetratricopeptide repeat protein 8",0,0
"Q9CPY1","Mrpl51","66493","Large ribosomal subunit protein mL51",0,0
"Q9CWZ7","Napg","108123","Gamma-soluble NSF attachment protein",0,0
"Q99JP0","Map4k3","225028","Mitogen-activated protein kinase kinase kinase kinase 3",0,0
"Q80XE1","Ric8b","237422","Chaperone Ric-8B",0,0
"Q9WUI1","Mapk11","19094","Mitogen-activated protein kinase 11",0,0
"Q8R1S0","Coq6","217707","Ubiquinone biosynthesis monooxygenase COQ6, mitochondrial",0,0
"Q3UFQ8","Carmil3","268747","Capping protein, Arp2/3 and myosin-I linker protein 3",0,0
"Q9JMD0","Znf207","22680","BUB3-interacting and GLEBS motif-containing protein ZNF207",0,0
"Q9CQN7","Mrpl41","107733","Large ribosomal subunit protein mL41",0,0
"Q9ERB5","Slco1c1","58807","Solute carrier organic anion transporter family member 1C1",0,0
"Q80XL6","Acad11","102632","Acyl-CoA dehydrogenase family member 11",0,0
"Q9CY28","Gtpbp8","66067","GTP-binding protein 8",0,0
"Q8VEB1","Grk5","14773","G protein-coupled receptor kinase 5",0,0
"Q9DBL9","Abhd5","67469","1-acylglycerol-3-phosphate O-acyltransferase ABHD5",0,0
"Q61361","Bcan","12032","Brevican core protein",0,0
"Q91W61","Fbxl15","68431","F-box/LRR-repeat protein 15",0,0
"Q80TA9","Epg5","100502841","Ectopic P granules protein 5 homolog",0,0
"P49443","Ppm1a","19042","Protein phosphatase 1A",0,0
"Q3U2A8","Vars2","68915","Valine--tRNA ligase, mitochondrial",0,0
"Q80XU8","Lrfn4","225875","Leucine-rich repeat and fibronectin type-III domain-containing protein 4",0,0
"P36993","Ppm1b","19043","Protein phosphatase 1B",0,0
"A8Y5H7","Sec14l1","74136","SEC14-like protein 1",0,0
"Q8C1M2","Znf428","232969","Zinc finger protein 428",0,0
"Q9DAW6","Prpf4","70052","U4/U6 small nuclear ribonucleoprotein Prp4",0,0
"Q8C025","Chpt1","212862","Cholinephosphotransferase 1",0,0
"Q80SY5","Prpf38b","66921","Pre-mRNA-splicing factor 38B",0,0
"P54728","Rad23b","19359","Lysine-specific demethylase RAD23B",0,0
"Q9CZU6","Cs","12974","Citrate synthase, mitochondrial",0,0
"Q91WM2","Hdhd5","214932","Haloacid dehalogenase-like hydrolase domain-containing 5",0,0
"P22437","Ptgs1","19224","Prostaglandin G/H synthase 1",0,0
"Q6GQS1","Slc25a23","66972","Mitochondrial adenyl nucleotide antiporter SLC25A23",0,0
"Q07235","Serpine2","20720","Glia-derived nexin",0,0
"Q3ULJ0","Gpd1l","333433","Glycerol-3-phosphate dehydrogenase 1-like protein",0,0
"O88447","Klc1","16593","Kinesin light chain 1",0,0
"P47802","Mtx1","17827","Metaxin-1",0,0
"Q64378","Fkbp5","14229","Peptidyl-prolyl cis-trans isomerase FKBP5",0,0
"Q811I0","Atpaf1","230649","ATP synthase mitochondrial F1 complex assembly factor 1",0,0
"O35604","Npc1","18145","NPC intracellular cholesterol transporter 1",0,0
"Q8VI56","Lrp4","228357","Low-density lipoprotein receptor-related protein 4",0,0
"Q5SYH2","Vma12","195040","Vacuolar ATPase assembly protein VMA12",0.25,0
"P09541","Myl4","17896","Myosin light chain 4",0,0
"Q7TNV1","Tlcd3b","68952","Ceramide synthase",0,0
"O08848","RO60","20822","RNA-binding protein Ro60",0,0
"Q8VI59","Pcnx3","104401","Pecanex-like protein 3",0,0
"Q8VDS8","Stx18","71116","Syntaxin-18",0,0
"Q6PDC8","Slc60a1","213006","Solute carrier family 60 member 1",0,0
"Q8VDP3","Mical1","171580","[F-actin]-monooxygenase MICAL1",0,0
"P45377","Akr1b8","14187","Aldose reductase-related protein 2",0,0
"Q3TFD2","Lpcat1","210992","Lysophosphatidylcholine acyltransferase 1",0,0
"Q9Z2I0","Letm1","56384","Mitochondrial proton/calcium exchanger protein",0,0
"O35684","Serpini1","20713","Neuroserpin",0,0
"Q91VY9","Znf622","52521","Cytoplasmic 60S subunit biogenesis factor ZNF622",0,0
"Q9CQX0","Otub2","68149","Ubiquitin thioesterase OTUB2",0,0
"Q8K0C1","Ipo13","230673","Importin-13",0,0
"Q61097","Ksr1","16706","Kinase suppressor of Ras 1",0,0
"Q8BP00","Iqcb1","320299","IQ calmodulin-binding motif-containing protein 1",0,0
"O54901","Cd200","17470","OX-2 membrane glycoprotein",0,0
"Q6P4T0","Atg2a","329015","Autophagy-related protein 2 homolog A",0,0
"Q8K245","Uvrag","78610","UV radiation resistance-associated protein",0,0
"Q8BS40","Cptp","79554","Ceramide-1-phosphate transfer protein",0,0
"Q9Z2I9","Sucla2","20916","Succinate--CoA ligase [ADP-forming] subunit beta, mitochondrial",0,0
"P80315","Cct4","12464","T-complex protein 1 subunit delta",0,0
"Q9D4C9","Clvs1","74438","Clavesin-1",0,0
"P97823","Lypla1","18777","Acyl-protein thioesterase 1",0,0
"Q8R092","Ltap1","99650","Lipid transport auxiliary protein 1",0,0
"Q9WTL7","Lypla2","26394","Acyl-protein thioesterase 2",0,0
"Q3V2Q8","N4bp2l1","100637","NEDD4-binding protein 2-like 1",0.5,0.5
"O35678","Mgll","23945","Monoglyceride lipase",0,0
"Q9WV85","Nme3","79059","Nucleoside diphosphate kinase C",0,0
"P13864","Dnmt1","13433","DNA (cytosine-5)-methyltransferase 1",0,0
"Q9DAX9","Appbp2","66884","Amyloid protein-binding protein 2",0,0
"Q924D0","Rtn4ip1","170728","NAD(P)H oxidoreductase RTN4IP1, mitochondrial",0,0
"Q8BG30","Nelfa","24116","Negative elongation factor A",0,0
"Q80YQ2","Med23","70208","Mediator of RNA polymerase II transcription subunit 23",0,0
"Q8BTZ7","Gmppb","331026","Mannose-1-phosphate guanylyltransferase catalytic subunit beta",0,0
"O35681","Syt3","20981","Synaptotagmin-3",0,0
"Q8C522","Endod1","71946","Endonuclease domain-containing 1 protein",0,0
"Q9D7M8","Polr2d","69241","DNA-directed RNA polymerase II subunit RPB4",0,0
"Q9DAM5","Slc25a19","67283","Mitochondrial thiamine pyrophosphate carrier",0,0
"Q91VR5","Ddx1","104721","ATP-dependent RNA helicase DDX1",0,0
"Q64669","Nqo1","18104","NAD(P)H dehydrogenase [quinone] 1",0,0
"Q8BHS6","Armcx3","71703","Armadillo repeat-containing X-linked protein 3",0,0
"Q80UW8","Polr2e","66420","DNA-directed RNA polymerases I, II, and III subunit RPABC1",0,0
"Q8C2E7","Washc5","223593","WASH complex subunit 5",0,0
"Q91YM4","Tbrg4","21379","FAST kinase domain-containing protein 4",0,0
"Q8BKR5","Ppp1r37","232947","Protein phosphatase 1 regulatory subunit 37",0,0
"Q8BVY0","Rsl1d1","66409","Ribosomal L1 domain-containing protein 1",0,0
"Q9EQK5","Mvp","78388","Major vault protein",0,0
"Q8R1R4","Il34","76527","Interleukin-34",0.25,0
"Q9D563","Tmem114","74720","Transmembrane protein 114",0.25,0
"Q91WK2","Eif3h","68135","Eukaryotic translation initiation factor 3 subunit H",0,0
"Q8K2T1","Nmral1","67824","NmrA-like family domain-containing protein 1",0,0
"O88839","Adam15","11490","Disintegrin and metalloproteinase domain-containing protein 15",0,0
"Q8R361","Rab11fip5","52055","Rab11 family-interacting protein 5",0,0
"P58252","Eef2","13629","Elongation factor 2",0,0
"Q99KB8","Hagh","14651","Hydroxyacylglutathione hydrolase, mitochondrial",0,0
"Q8BHC9","Pofut4","73068","GDP-fucose protein O-fucosyltransferase 4",0,0
"Q3TRM4","Pnpla6","50767","Patatin-like phospholipase domain-containing protein 6",0,0
"Q9JIN6","Kcnmb4","58802","Calcium-activated potassium channel subunit beta-4",0,0
"Q80U58","Pum2","80913","Pumilio homolog 2",0,0
"Q8VCS3","Fam20b","215015","Glycosaminoglycan xylosylkinase",0,0
"Q9DBS2","Tprg1l","67808","Tumor protein p63-regulated gene 1-like protein",0,0
"Q8R180","Ero1a","50527","ERO1-like protein alpha",0,0
"A2A8U2","Tmem201","230917","Transmembrane protein 201",0,0
"Q9R0G7","Zeb2","24136","Zinc finger E-box-binding homeobox 2",0,0
"Q8VIK2","Mpv17l2","234384","Mpv17-like protein 2",0,0
"Q3UKC1","Tax1bp1","52440","Tax1-binding protein 1 homolog",0,0
"Q8VEG4","Exd2","97827","Exonuclease 3'-5' domain-containing protein 2",0,0
"Q3ZK22","Vezt","215008","Vezatin",0,0
"O35405","Pld3","18807","5'-3' exonuclease PLD3",0,0
"Q00PI9","Hnrnpul2","68693","Heterogeneous nuclear ribonucleoprotein U-like protein 2",0,0
"Q8C2E4","Ptcd1","71799","Pentatricopeptide repeat-containing protein 1, mitochondrial",0.25,0
"Q3UV70","Pdp1","381511","[Pyruvate dehydrogenase [acetyl-transferring]]-phosphatase 1, mitochondrial",0,0
"Q99KD5","Unc45a","101869","Protein unc-45 homolog A",0,0.25
"Q8R4V2","Dusp15","252864","Dual specificity protein phosphatase 15",0,0
"Q80TL4","Phf24","230085","PHD finger protein 24",0,0
"Q8BNV1","Trmt2a","15547","tRNA (uracil-5-)-methyltransferase homolog A",0,0
"P39053","Dnm1","13429","Dynamin-1",0,0
"P13808","Slc4a2","20535","Anion exchange protein 2",0.25,0.25
"Q8BHA3","Dtd2","328092","D-aminoacyl-tRNA deacylase 2",0,0
"Q8BMA6","Srp68","217337","Signal recognition particle subunit SRP68",0,0
"P29416","Hexa","15211","Beta-hexosaminidase subunit alpha",0,0
"Q8BZS9","Dhx32","101437","Putative pre-mRNA-splicing factor ATP-dependent RNA helicase DHX32",0.5,0.5
"Q3UPL0","Sec31a","69162","Protein transport protein Sec31A",0,0
"Q7TNR6","Igsf21","230868","Immunoglobulin superfamily member 21",0,0
"Q8C726","Btbd9","224671","BTB/POZ domain-containing protein 9",0,0
"P58501","Paxbp1","67367","PAX3- and PAX7-binding protein 1",0,0
"Q01065","Pde1b","18574","Dual specificity calcium/calmodulin-dependent 3',5'-cyclic nucleotide phosphodiesterase 1B",0,0
"Q8CI71","Vps50","73288","Syndetin",0,0
"Q8BP47","Nars1","70223","Asparagine--tRNA ligase, cytoplasmic",0,0
"P08032","Spta1","20739","Spectrin alpha chain, erythrocytic 1",0,0
"Q8VD65","Pik3r4","75669","Phosphoinositide 3-kinase regulatory subunit 4",0,0
"Q8VCM4","Lipt1","623661","Lipoyl amidotransferase LIPT1, mitochondrial",0,0
"Q4VA53","Pds5b","100710","Sister chromatid cohesion protein PDS5 homolog B",0,0
"Q8C5H8","Nadk2","68646","NAD kinase 2, mitochondrial",0,0
"Q9CQ22","Lamtor1","66508","Ragulator complex protein LAMTOR1",0,0
"Q8CI75","Dis3l2","208718","DIS3-like exonuclease 2",0,0
"Q7TMB8","Cyfip1","20430","Cytoplasmic FMR1-interacting protein 1",0,0
"Q921L5","Cog2","76332","Conserved oligomeric Golgi complex subunit 2",0,0
"P59325","Eif5","217869","Eukaryotic translation initiation factor 5",0,0
"B1AZA5","Tmem245","242474","Transmembrane protein 245",0,0
"P99029","Prdx5","54683","Peroxiredoxin-5, mitochondrial",0,0
"Q9DC29","Abcb6","74104","ATP-binding cassette sub-family B member 6",0,0
"Q99LG4","Ttc5","219022","Tetratricopeptide repeat protein 5",0,0
"Q6XUX1","Dstyk","213452","Dual serine/threonine and tyrosine protein kinase",0,0
"Q9JJF3","Riox1","71952","Ribosomal oxygenase 1",0,0
"Q8BLJ3","Plcxd3","239318","PI-PLC X domain-containing protein 3",0,0
"P03987","P03987","16136","Ig gamma-3 chain C region",0,0.25
"Q923S6","Neurl1","18011","E3 ubiquitin-protein ligase NEURL1",0.5,0.25
"Q8C4G9","Adgra1","52389","Adhesion G protein-coupled receptor A1",0,0
"O54824","Il16","16170","Pro-interleukin-16",0,0
"Q8C729","Hycc2","213056","Hyccin 2",0,0
"Q8R105","Vps37c","107305","Vacuolar protein sorting-associated protein 37C",0,0
"Q9D328","Tmem35a","67564","Novel acetylcholine receptor chaperone",0,0
"Q03249","Galt","14430","Galactose-1-phosphate uridylyltransferase",0,0
"O70250","Pgam2","56012","Phosphoglycerate mutase 2",0,0
"Q9DBJ1","Pgam1","18648","Phosphoglycerate mutase 1",0,0
"Q8BRH0","Tmtc3","237500","Protein O-mannosyl-transferase TMTC3",0,0
"Q5FWH2","Unkl","74154","Putative E3 ubiquitin-protein ligase UNKL",0.25,0.25
"Q64336","Tbr1","21375","T-box brain protein 1",0,0
"Q9JMK2","Csnk1e","27373","Casein kinase I isoform epsilon",0,0
"Q9DBE0","Csad","246277","Cysteine sulfinic acid decarboxylase",0,0
"Q9QZA0","Ca5b","56078","Carbonic anhydrase 5B, mitochondrial",0.25,0.5
"Q8CHT1","Ngef","53972","Ephexin-1",0,0
"Q9D6T0","Nosip","66394","Nitric oxide synthase-interacting protein",0,0
"P01864","P01864","621968","Ig gamma-2A chain C region secreted form",0,0
"Q8CE50","Snx30","209131","Sorting nexin-30",0,0
"P16283","Slc4a3","20536","Anion exchange protein 3",0,0
"Q9CWB7","Q9CWB7","77422","Glutaredoxin-like protein C5orf63 homolog",0,0
"Q9QZF2","Gpc1","14733","Glypican-1",0,0
"P11438","Lamp1","16783","Lysosome-associated membrane glycoprotein 1",0,0
"Q99KP6","Prpf19","28000","Pre-mRNA-processing factor 19",0,0
"Q8VDS4","Rprd1a","225283","Regulation of nuclear pre-mRNA domain-containing protein 1A",0,0
"Q9CSU0","Rprd1b","70470","Regulation of nuclear pre-mRNA domain-containing protein 1B",0,0
"Q8C8N2","Scai","320271","Protein SCAI",0,0
"Q811L6","Mast4","328329","Microtubule-associated serine/threonine-protein kinase 4",0,0
"Q6P9R4","Arhgef18","102098","Rho guanine nucleotide exchange factor 18",0,0
"Q8R3S6","Exoc1","69940","Exocyst complex component 1",0,0
"O35691","Pnn","18949","Pinin",0,0
"P80317","Cct6a","12466","T-complex protein 1 subunit zeta",0,0
"Q8BX10","Pgam5","72542","Serine/threonine-protein phosphatase PGAM5, mitochondrial",0,0
"Q3U319","Rnf40","233900","E3 ubiquitin-protein ligase BRE1B",0,0
"Q9EPB5","Serhl","68607","Serine hydrolase-like protein",0,0
"Q9DBG3","Ap2b1","71770","AP-2 complex subunit beta",0,0
"Q8VCF0","Mavs","228607","Mitochondrial antiviral-signaling protein",0,0
"Q8BW41","Pomgnt2","215494","Protein O-linked-mannose beta-1,4-N-acetylglucosaminyltransferase 2",0,0
"O88811","Stam2","56324","Signal transducing adapter molecule 2",0,0
"Q6PAR5","Gapvd1","66691","GTPase-activating protein and VPS9 domain-containing protein 1",0,0
"P26040","Ezr","22350","Ezrin",0,0
"P42125","Eci1","13177","Enoyl-CoA delta isomerase 1, mitochondrial",0,0
"P97471","Smad4","17128","SMAD family member 4",0,0
"Q9D3D0","Ttpal","76080","Alpha-tocopherol transfer protein-like",0,0
"Q9D8Y1","Tmem126a","66271","Transmembrane protein 126A",0,0
"Q6P1G0","Heatr6","217026","HEAT repeat-containing protein 6",0,0
"P47934","Crat","12908","Carnitine O-acetyltransferase",0,0
"Q8BYI6","Lpcat2","270084","Lysophosphatidylcholine acyltransferase 2",0,0
"Q9D6W8","Borcs6","71923","BLOC-1-related complex subunit 6",0,0
"Q99ML4","Dipk1b","56279","Divergent protein kinase domain 1B",0,0
"Q8BHZ0","Cyria","76820","CYFIP-related Rac1 interactor A",0,0
"Q8R3K3","Ptcd2","68927","Pentatricopeptide repeat-containing protein 2, mitochondrial",0,0
"P70704","Atp8a1","11980","Phospholipid-transporting ATPase IA",0,0
"Q99M07","Coa5","76178","Cytochrome c oxidase assembly factor 5",0,0
"Q3UGP8","Alg10b","380959","Dol-P-Glc:Glc(2)Man(9)GlcNAc(2)-PP-Dol alpha-1,2-glucosyltransferase",0,0
"Q9ES74","Nek7","59125","Serine/threonine-protein kinase Nek7",0,0
"O88845","Akap10","56697","A-kinase anchor protein 10, mitochondrial",0,0
"Q9R1R2","Trim3","55992","Tripartite motif-containing protein 3",0,0
"Q8CJH3","Plxnb1","235611","Plexin-B1",0,0
"P47964","Rpl36","54217","Large ribosomal subunit protein eL36",0,0
"Q9WV91","Ptgfrn","19221","Prostaglandin F2 receptor negative regulator",0,0
"P54254","Atxn1","20238","Ataxin-1",0,0
"Q60963","Pla2g7","27226","Platelet-activating factor acetylhydrolase",0,0
"Q9DBB5","Eif4e3","66892","Eukaryotic translation initiation factor 4E type 3",0,0
"P70340","Smad1","17125","SMAD family member 1",0,0
"Q3UN04","Usp30","100756","Ubiquitin carboxyl-terminal hydrolase 30",0,0
"Q3TWN3","Cnnm2","94219","Metal transporter CNNM2",0,0
"Q9CZV8","Fbxl20","72194","F-box/LRR-repeat protein 20",0,0
"Q91VD9","Ndufs1","227197","NADH-ubiquinone oxidoreductase 75 kDa subunit, mitochondrial",0,0
"Q8BGR2","Lrrc8d","231549","Volume-regulated anion channel subunit LRRC8D",0,0
"P16054","Prkce","18754","Protein kinase C epsilon type",0,0
"Q62178","Sema4a","20351","Semaphorin-4A",0,0
"Q9EQC5","Scyl1","78891","N-terminal kinase-like protein",0,0
"P60853","Lzts1","211134","Leucine zipper putative tumor suppressor 1",0,0
"Q62443","Nptx1","18164","Neuronal pentraxin-1",0,0
"Q91YI1","Atg13","51897","Autophagy-related protein 13",0,0
"Q9R0Z9","Dlc1","50768","Rho GTPase-activating protein 7",0,0
"Q62165","Dag1","13138","Dystroglycan 1",0,0
"Q99NB8","Ubqln4","94232","Ubiquilin-4",0,0
"P55288","Cdh11","12552","Cadherin-11",0,0
"Q8BM55","Tmem214","68796","Transmembrane protein 214",0,0
"Q8BM85","Tbck","271981","TBC domain-containing protein kinase-like protein",0,0
"Q6P5B0","Rrp12","107094","RRP12-like protein",0,0
"Q924L1","Letmd1","68614","LETM1 domain-containing protein 1",0,0
"P97872","Fmo5","14263","Flavin-containing monooxygenase 5",0.25,0.25
"Q9CWK8","Snx2","67804","Sorting nexin-2",0,0
"O88569","Hnrnpa2b1","53379","Heterogeneous nuclear ribonucleoproteins A2/B1",0,0
"Q99MR1","Gigyf1","57330","GRB10-interacting GYF protein 1",0,0
"Q9JK42","Pdk2","18604","[Pyruvate dehydrogenase (acetyl-transferring)] kinase isozyme 2, mitochondrial",0,0
"Q8BFP9","Pdk1","228026","[Pyruvate dehydrogenase (acetyl-transferring)] kinase isozyme 1, mitochondrial",0,0
"Q9D9V3","Echdc1","52665","Ethylmalonyl-CoA decarboxylase",0,0
"O35955","Psmb10","19171","Proteasome subunit beta type-10",0.25,0
"Q9JHW4","Eefsec","65967","Selenocysteine-specific elongation factor",0,0
"Q8K2Y9","Ccm2","216527","Cerebral cavernous malformations protein 2 homolog",0,0
"Q9WVJ2","Psmd13","23997","26S proteasome non-ATPase regulatory subunit 13",0,0
"Q69ZS7","Hbs1l","56422","HBS1-like protein",0,0
"Q8K221","Arfip2","76932","Arfaptin-2",0,0
"Q9JI78","Ngly1","59007","Peptide-N(4)-(N-acetyl-beta-glucosaminyl)asparagine amidase",0,0
"Q8BRF7","Scfd1","76983","Sec1 family domain-containing protein 1",0,0
"Q8VC88","Gca","227960","Grancalcin",0,0
"Q6P069","Sri","109552","Sorcin",0,0
"Q8R3Y8","Irf2bp1","272359","Interferon regulatory factor 2-binding protein 1",0,0
"Q3U7R1","Esyt1","23943","Extended synaptotagmin-1",0,0
"Q8R3Q0","Saraf","67887","Store-operated calcium entry-associated regulatory factor",0,0
"Q91X52","Dcxr","67880","L-xylulose reductase",0,0
"Q8BTZ4","Anapc5","59008","Anaphase-promoting complex subunit 5",0,0
"Q3TJD7","Pdlim7","67399","PDZ and LIM domain protein 7",0,0
"Q8K0G5","Eipr1","380752","EARP and GARP complex-interacting protein 1",0,0
"O35682","Myadm","50918","Myeloid-associated differentiation marker",0,0
"Q9JI75","Nqo2","18105","Ribosyldihydronicotinamide dehydrogenase [quinone]",0,0
"Q9D4H8","Cul2","71745","Cullin-2",0,0
"Q99KE1","Me2","107029","NAD-dependent malic enzyme, mitochondrial",0,0
"Q7TMM9","Tubb2a","22151","Tubulin beta-2A chain",0,0
"P99024","Tubb5","22154","Tubulin beta-5 chain",0,0
"P43024","Cox6a1","12861","Cytochrome c oxidase subunit 6A1, mitochondrial",0,0
"Q9WUA2","Farsb","23874","Phenylalanine--tRNA ligase beta subunit",0,0
"Q71KT5","Tm7sf2","73166","Delta(14)-sterol reductase TM7SF2",0,0
"Q8BLR2","Cpne4","74020","Copine-4",0,0
"P14131","Rps16","20055","Small ribosomal subunit protein uS9",0,0
"Q9QXT0","Cnpy2","56530","Protein canopy homolog 2",0,0
"Q8C3Q5","Shisa7","232813","Protein shisa-7",0,0
"Q9JJR9","Nrip3","78593","Nuclear receptor-interacting protein 3",0,0
"Q9D6S7","Mrrf","67871","Ribosome-recycling factor, mitochondrial",0,0
"Q9JK81","Myg1","60315","MYG1 exonuclease",0,0
"P11103","Parp1","11545","Poly [ADP-ribose] polymerase 1",0,0
"Q8C3X4","Guf1","231279","Translation factor Guf1, mitochondrial",0,0
"Q3ZT31","Snx25","102141","Sorting nexin-25",0,0
"O35219","Kcnh2","16511","Voltage-gated inwardly rectifying potassium channel KCNH2",0.25,0.25
"P70182","Pip5k1a","18720","Phosphatidylinositol 4-phosphate 5-kinase type-1 alpha",0,0
"Q99LX0","Park7","57320","Parkinson disease protein 7 homolog",0,0
"P97492","Rgs14","51791","Regulator of G protein signaling 14",0,0
"Q91W34","Rusf1","233913","RUS family member 1",0,0
"P37040","Por","18984","NADPH--cytochrome P450 reductase",0,0
"Q80U35","Arhgef17","207212","Rho guanine nucleotide exchange factor 17",0,0
"Q99M71","Epdr1","105298","Mammalian ependymin-related protein 1",0,0
"O35286","Dhx15","13204","ATP-dependent RNA helicase DHX15",0,0
"A2ACJ2","Faap100","71885","Fanconi anemia core complex-associated protein 100",0.5,0.25
"B2RXR6","Ankrd44","329154","Serine/threonine-protein phosphatase 6 regulatory ankyrin repeat subunit B",0,0
"Q2WF71","Lrfn1","80749","Leucine-rich repeat and fibronectin type III domain-containing protein 1",0,0
"Q5DTM8","Rnf20","109331","E3 ubiquitin-protein ligase BRE1A",0,0
"Q9R0N3","Syt11","229521","Synaptotagmin-11",0,0
"P70181","Pip5k1b","18719","Phosphatidylinositol 4-phosphate 5-kinase type-1 beta",0,0
"Q9DCS3","Mecr","26922","Enoyl-[acyl-carrier-protein] reductase, mitochondrial",0,0
"P63094","Gnas","14683","Guanine nucleotide-binding protein G(s) subunit alpha isoforms short",0,0
"Q91WL8","Wwox","80707","WW domain-containing oxidoreductase",0,0
"Q8K310","Matr3","17184","Matrin-3",0,0
"B2RUR8","Otud7b","229603","OTU domain-containing protein 7B",0,0
"Q9JHU2","Palmd","114301","Palmdelphin",0,0
"Q62419","Sh3gl1","20405","Endophilin-A2",0,0
"Q62420","Sh3gl2","20404","Endophilin-A1",0,0
"Q920E5","Fdps","110196","Farnesyl pyrophosphate synthase",0,0
"Q8CHI8","Ep400","75560","E1A-binding protein p400",0,0
"P97789","Xrn1","24127","5'-3' exoribonuclease 1",0,0
"Q60770","Stxbp3","20912","Syntaxin-binding protein 3",0,0
"Q60790","Rasa3","19414","Ras GTPase-activating protein 3",0,0
"Q5GH64","Xkr7","228787","XK-related protein 7",0,0
"Q9CW79","Golga1","76899","Golgin subfamily A member 1",0,0
"Q01730","Rsu1","20163","Ras suppressor protein 1",0,0
"Q9CQM2","Kdelr2","66913","ER lumen protein-retaining receptor 2",0,0.25
"Q6SKR2","Hemk2","67768","Methyltransferase HEMK2",0,0
"P07759","Serpina3k","20714","Serine protease inhibitor A3K",0,0
"Q9DBL2","Gdap2","14547","Ganglioside-induced differentiation-associated protein 2",0,0
"Q8C7K6","Pcyox1l","240334","Prenylcysteine oxidase 1-like",0,0
"Q8R3L2","Tcf25","66855","Ribosome quality control complex subunit TCF25",0,0
"Q6A009","Ltn1","78913","E3 ubiquitin-protein ligase listerin",0,0
"Q8VEM8","Slc25a3","18674","Solute carrier family 25 member 3",0,0
"Q8BK72","Mrps27","218506","Small ribosomal subunit protein mS27",0,0
"Q8VCM8","Ncln","103425","BOS complex subunit NCLN",0,0
"Q9QYS2","Grm3","108069","Metabotropic glutamate receptor 3",0,0
"Q5SQX6","Cyfip2","76884","Cytoplasmic FMR1-interacting protein 2",0,0
"Q9R0N7","Syt7","54525","Synaptotagmin-7",0,0
"Q99PJ0","Ntm","235106","Neurotrimin",0,0
"P18872","Gnao1","14681","Guanine nucleotide-binding protein G(o) subunit alpha",0,0
"Q91XL9","Osbpl1a","64291","Oxysterol-binding protein-related protein 1",0,0
"P08752","Gnai2","14678","Guanine nucleotide-binding protein G(i) subunit alpha-2",0,0
"O89086","Rbm3","19652","RNA-binding protein 3",0,0
"Q9QY76","Vapb","56491","Vesicle-associated membrane protein-associated protein B",0,0
"Q80VP1","Epn1","13854","Epsin-1",0,0
"P50114","S100b","20203","Protein S100-B",0,0
"Q91WS0","Cisd1","52637","CDGSH iron-sulfur domain-containing protein 1",0,0
"Q8CHE4","Phlpp1","98432","PH domain leucine-rich repeat-containing protein phosphatase 1",0,0
"P54116","Stom","13830","Stomatin",0,0
"P49817","Cav1","12389","Caveolin-1",0,0
"A2AQ19","Rtf1","76246","RNA polymerase-associated protein RTF1 homolog",0,0
"Q9ESE1","Lrba","80877","Lipopolysaccharide-responsive and beige-like anchor protein",0,0
"Q3UGY8","Arfgef3","215821","Brefeldin A-inhibited guanine nucleotide-exchange protein 3",0,0
"Q61062","Dvl3","13544","Segment polarity protein dishevelled homolog DVL-3",0,0
"P54310","Lipe","16890","Hormone-sensitive lipase",0,0
"Q9R0N4","Syt10","54526","Synaptotagmin-10",0.5,0.5
"Q9R0N8","Syt6","54524","Synaptotagmin-6",0,0
"Q91V36","Nrbp2","223649","Nuclear receptor-binding protein 2",0,0
"O08648","Map3k4","26407","Mitogen-activated protein kinase kinase kinase 4",0,0
"P46656","Fdx1","14148","Adrenodoxin, mitochondrial",0.5,0.5
"Q8R086","Suox","211389","Sulfite oxidase, mitochondrial",0,0
"Q80TS3","Adgrl3","319387","Adhesion G protein-coupled receptor L3",0,0
"Q9D0B5","Tstd3","77032","Thiosulfate sulfurtransferase/rhodanese-like domain-containing protein 3",0,0
"Q9CRC9","Gnpda2","67980","Glucosamine-6-phosphate deaminase 2",0,0
"Q9DCT5","Sdf2","20316","Stromal cell-derived factor 2",0,0
"Q3UFS0","Zyg11b","414872","Protein zyg-11 homolog B",0,0
"Q64435","Ugt1a6","94284","UDP-glucuronosyltransferase 1A6",0,0
"Q91X51","Gorasp1","74498","Golgi reassembly-stacking protein 1",0,0
"O70311","Nmt2","18108","Glycylpeptide N-tetradecanoyltransferase 2",0,0
"P25976","Ubtf","21429","Nucleolar transcription factor 1",0,0
"Q9CPT5","Nop16","28126","Nucleolar protein 16",0,0
"Q3TC93","Hs1bp3","58240","HCLS1-binding protein 3",0,0
"A2AGL3","Ryr3","20192","Ryanodine receptor 3",0.25,0
"Q8BFR6","Zfand1","66361","AN1-type zinc finger protein 1",0,0
"Q64442","Sord","20322","Sorbitol dehydrogenase",0,0
"Q8BL03","Slc25a29","214663","Mitochondrial basic amino acids transporter",0,0
"B1AZP2","Dlgap4","228836","Disks large-associated protein 4",0,0
"Q9D415","Dlgap1","224997","Disks large-associated protein 1",0,0
"Q80U78","Pum1","80912","Pumilio homolog 1",0,0
"Q99LS3","Psph","100678","Phosphoserine phosphatase",0,0
"P49442","Inpp1","16329","Inositol polyphosphate 1-phosphatase",0,0
"A2BE28","Las1l","76130","Ribosomal biogenesis protein LAS1L",0,0
"Q9JIK9","Mrps34","79044","Small ribosomal subunit protein mS34",0,0
"P03921","Mtnd5","17721","NADH-ubiquinone oxidoreductase chain 5",0,0
"P70444","Bid","12122","BH3-interacting domain death agonist",0,0
"P50285","Fmo1","14261","Flavin-containing monooxygenase 1",0,0
"Q5SUQ9","Ctc1","68964","CST complex subunit CTC1",0,0
"P83940","Eloc","67923","Elongin-C",0,0
"Q05909","Ptprg","19270","Receptor-type tyrosine-protein phosphatase gamma",0,0
"Q8CI96","Clip4","78785","CAP-Gly domain-containing linker protein 4",0,0
"Q8CH09","Sugp2","234373","SURP and G-patch domain-containing protein 2",0,0
"Q6ZPT1","Klhl9","242521","Kelch-like protein 9",0,0
"Q8VD66","Abhd4","105501","(Lyso)-N-acylphosphatidylethanolamine lipase",0,0
"Q9WU22","Ptpn4","19258","Tyrosine-protein phosphatase non-receptor type 4",0,0
"A2ALK8","Ptpn3","545622","Tyrosine-protein phosphatase non-receptor type 3",0,0
"P24547","Impdh2","23918","Inosine-5'-monophosphate dehydrogenase 2",0,0
"Q80TP3","Ubr5","70790","E3 ubiquitin-protein ligase UBR5",0.25,0.25
"P38647","Hspa9","15526","Stress-70 protein, mitochondrial",0,0
"Q8VDC0","Lars2","102436","Probable leucine--tRNA ligase, mitochondrial",0,0
"Q8VEA4","Chchd4","72170","Mitochondrial intermembrane space import and assembly protein 40",0,0
"Q07076","Anxa7","11750","Annexin A7",0,0
"Q9D0B6","Pbdc1","67683","Protein PBDC1",0,0
"Q8VI24","Satb2","212712","DNA-binding protein SATB2",0.25,0
"Q60611","Satb1","20230","DNA-binding protein SATB1",0.5,0.25
"Q9WV30","Nfat5","54446","Nuclear factor of activated T-cells 5",0,0
"Q9WUN2","Tbk1","56480","Serine/threonine-protein kinase TBK1",0,0
"O88703","Hcn2","15166","Potassium/sodium hyperpolarization-activated cyclic nucleotide-gated channel 2",0,0
"Q9CYV5","Tmem135","72759","Transmembrane protein 135",0,0.25
"O35654","Pold2","18972","DNA polymerase delta subunit 2",0,0
"Q91V93","Rhobtb2","246710","Rho-related BTB domain-containing protein 2",0,0
"Q9CQ62","Decr1","67460","2,4-dienoyl-CoA reductase [(3E)-enoyl-CoA-producing], mitochondrial",0,0
"Q91YE3","Egln1","112405","Egl nine homolog 1",0,0
"P50544","Acadvl","11370","Very long-chain specific acyl-CoA dehydrogenase, mitochondrial",0,0
"Q9D1M4","Eef1e1","66143","Eukaryotic translation elongation factor 1 epsilon-1",0,0
"Q3UGR5","Hdhd2","76987","Haloacid dehalogenase-like hydrolase domain-containing protein 2",0,0
"Q9R1Z8","Sorbs3","20410","Vinexin",0,0
"P42337","Pik3ca","18706","Phosphatidylinositol 4,5-bisphosphate 3-kinase catalytic subunit alpha isoform",0,0
"P03975","Iap","118568345","IgE-binding protein",0,0
"Q7TME0","Plppr4","229791","Phospholipid phosphatase-related protein type 4",0,0
"Q9JJG0","Tacc2","57752","Transforming acidic coiled-coil-containing protein 2",0,0
"Q9JJ59","Abcb9","56325","ABC-type oligopeptide transporter ABCB9",0,0
"Q8VDI7","Ubac1","98766","Ubiquitin-associated domain-containing protein 1",0,0
"O88967","Yme1l1","27377","ATP-dependent zinc metalloprotease YME1L1",0,0
"Q640Q5","Pan3","72587","PAN2-PAN3 deadenylation complex subunit Pan3",0,0
"Q6A051","Atrnl1","226255","Attractin-like protein 1",0,0
"P35550","Fbl","14113","rRNA 2'-O-methyltransferase fibrillarin",0,0
"P29268","Ccn2","14219","CCN family member 2",0,0
"O88851","Rbbp9","26450","Serine hydrolase RBBP9",0,0
"Q8BYB9","Poglut1","224143","Protein O-glucosyltransferase 1",0,0
"Q9D7X3","Dusp3","72349","Dual specificity protein phosphatase 3",0,0
"Q3TIX9","Usp39","28035","Ubiquitin carboxyl-terminal hydrolase 39",0,0
"Q61207","Psap","19156","Prosaposin",0,0
"Q3UHX2","Pdap1","231887","28 kDa heat- and acid-stable phosphoprotein",0,0
"P09242","Alpl","11647","Alkaline phosphatase, tissue-nonspecific isozyme",0,0
"Q91W96","Anapc4","52206","Anaphase-promoting complex subunit 4",0,0
"Q8BNL5","Kctd6","71393","BTB/POZ domain-containing protein KCTD6",0,0
"Q60598","Cttn","13043","Src substrate cortactin",0,0
"Q91WR3","Ascc2","75452","Activating signal cointegrator 1 complex subunit 2",0,0
"A2A6A1","Gpatch8","237943","G patch domain-containing protein 8",0.25,0
"Q9Z1S3","Rasgrp1","19419","RAS guanyl-releasing protein 1",0,0
"Q7TQK4","Exosc3","66362","Exosome complex component RRP40",0,0
"B2RY56","Rbm25","67039","RNA-binding protein 25",0,0
"Q60715","P4ha1","18451","Prolyl 4-hydroxylase subunit alpha-1",0,0
"Q80TT2","Baiap3","545192","BAI1-associated protein 3",0,0
"P01844","Iglc2","16136","Ig lambda-2 chain C region",0.25,0.5
"P61255","Rpl26","19941","Large ribosomal subunit protein uL24",0,0
"Q8VEJ1","Gpn2","100210","GPN-loop GTPase 2",0.5,0.25
"P56818","Bace1","23821","Beta-secretase 1",0,0
"Q8BNE1","Tcaf1","77574","TRPM8 channel-associated factor 1",0,0
"Q9R112","Sqor","59010","Sulfide:quinone oxidoreductase, mitochondrial",0,0
"Q99KR3","Lactb2","212442","Endoribonuclease LACTB2",0,0
"Q922X9","Prmt7","214572","Protein arginine N-methyltransferase 7",0,0
"P55258","Rab8a","17274","Ras-related protein Rab-8A",0,0
"Q9JL35","Hmgn5","50887","High mobility group nucleosome-binding domain-containing protein 5",0,0
"Q9Z2L6","Minpp1","17330","Multiple inositol polyphosphate phosphatase 1",0,0
"Q6ZPQ6","Pitpnm2","19679","Membrane-associated phosphatidylinositol transfer protein 2",0,0
"Q8BKZ9","Pdhx","27402","Pyruvate dehydrogenase protein X component, mitochondrial",0,0
"Q8C129","Lnpep","240028","Leucyl-cystinyl aminopeptidase",0,0
"Q8R4C2","Rufy2","70432","RUN and FYVE domain-containing protein 2",0,0
"Q80WQ2","Vac14","234729","Protein VAC14 homolog",0,0
"P29699","Ahsg","11625","Alpha-2-HS-glycoprotein",0,0
"Q6GYP7","Ralgapa1","56784","Ral GTPase-activating protein subunit alpha-1",0,0
"Q8K207","Q8K207","69399","Uncharacterized protein C1orf21 homolog",0,0
"Q61624","Znf148","22661","Zinc finger protein 148",0,0
"O08547","Sec22b","20333","Vesicle-trafficking protein SEC22b",0,0
"Q8VD62","Bles03","107242","UPF0696 protein C11orf68 homolog",0,0
"Q3UYV9","Ncbp1","433702","Nuclear cap-binding protein subunit 1",0,0
"Q9D7N9","Apmap","71881","Adipocyte plasma membrane-associated protein",0,0
"Q6IE26","Ephx4","384214","Epoxide hydrolase 4",0,0
"Q9ERA0","Tfcp2","21422","Alpha-globin transcription factor CP2",0,0
"Q8VC42","Rmc1","76482","Regulator of MON1-CCZ1 complex",0,0
"P03899","mt-Nd3","17718","NADH-ubiquinone oxidoreductase chain 3",0,0
"P60762","Morf4l1","21761","Mortality factor 4-like protein 1",0,0
"Q99MP8","Brap","72399","BRCA1-associated protein",0,0
"A2AFR3","Frmpd4","333605","FERM and PDZ domain-containing protein 4",0,0
"Q91Z67","Srgap2","14270","SLIT-ROBO Rho GTPase-activating protein 2",0,0
"Q9CQV5","Mrps24","64660","Small ribosomal subunit protein uS3m",0,0
"P32261","Serpinc1","11905","Antithrombin-III",0,0
"P46414","Cdkn1b","12576","Cyclin-dependent kinase inhibitor 1B",0,0
"Q8C739","Fam110b","242297","Protein FAM110B",0,0
"Q8BX94","Osbpl2","228983","Oxysterol-binding protein-related protein 2",0,0
"Q9EQQ9","Oga","76055","Protein O-GlcNAcase",0,0
"Q9CYN9","Atp6ap2","70495","Renin receptor",0,0
"Q99KI0","Aco2","11429","Aconitate hydratase, mitochondrial",0,0
"Q6NS52","Dgkb","217480","Diacylglycerol kinase beta",0,0
"Q8BSF4","Pisd","320951","Phosphatidylserine decarboxylase proenzyme, mitochondrial",0,0
"Q8JZP2","Syn3","27204","Synapsin-3",0,0
"P13707","Gpd1","14555","Glycerol-3-phosphate dehydrogenase [NAD(+)], cytoplasmic",0,0
"Q80Z10","Astn2","56079","Astrotactin-2",0,0
"Q3UTH8","Arhgef9","236915","Rho guanine nucleotide exchange factor 9",0,0
"D3Z4I3","Rbm24","666794","RNA-binding protein 24",0,0
"Q9CXI3","Moxd1","59012","DBH-like monooxygenase protein 1",0,0
"P27038","Acvr2a","11480","Activin receptor type-2A",0,0.25
"Q6PD19","Armh3","71617","Armadillo-like helical domain-containing protein 3",0,0
"P56528","Cd38","12494","ADP-ribosyl cyclase/cyclic ADP-ribose hydrolase 1",0,0
"P28271","Aco1","11428","Cytoplasmic aconitate hydratase",0,0
"Q9D1L0","Chchd2","14004","Coiled-coil-helix-coiled-coil-helix domain-containing protein 2",0,0
"O54983","Crym","12971","Ketimine reductase mu-crystallin",0,0
"D3YZI9","Pgbd5","209966","PiggyBac transposable element-derived protein 5",0,0
"Q80U12","Sgsm2","97761","Small G protein signaling modulator 2",0,0
"P70169","Doc2b","13447","Double C2-like domain-containing protein beta",0.5,0.5
"Q3U0L2","Ankrd33b","67434","Ankyrin repeat domain-containing protein 33B",0.5,0.25
"Q62406","Irak1","16179","Interleukin-1 receptor-associated kinase 1",0.5,0.25
"Q9R078","Prkab1","19079","5'-AMP-activated protein kinase subunit beta-1",0,0
"Q8BYZ1","Abi3","66610","ABI gene family member 3",0,0
"O54931","Pakap","677884","PALM2-AKAP2 fusion protein",0,0
"Q91W89","Man2c1","73744","Alpha-mannosidase 2C1",0,0
"Q9DCN2","Cyb5r3","109754","NADH-cytochrome b5 reductase 3",0,0
"Q8R2Y8","Ptrh2","217057","Peptidyl-tRNA hydrolase 2, mitochondrial",0,0
"Q91YQ5","Rpn1","103963","Dolichyl-diphosphooligosaccharide--protein glycosyltransferase subunit 1",0,0
"Q91ZN5","Slc35b2","73836","Adenosine 3'-phospho 5'-phosphosulfate transporter 1",0,0
"Q99L20","Gstt3","103140","Glutathione S-transferase theta-3",0,0.25
"Q9D2C2","Saal1","78935","Protein SAAL1",0,0
"Q5SYL3","Bltp2","72503","Bridge-like lipid transfer protein family member 2",0,0
"Q920L1","Fads1","76267","Acyl-CoA (8-3)-desaturase",0,0
"O88983","Stx8","55943","Syntaxin-8",0,0
"Q7TMW6","Ciao3","67563","Cytosolic iron-sulfur assembly component 3",0,0
"Q9CR30","Josd2","66124","Josephin-2",0,0
"Q9WU63","Hebp2","56016","Heme-binding protein 2",0,0.25
"Q9CQG2","Mettl16","67493","RNA N(6)-adenosine-methyltransferase METTL16",0,0
"Q8R2Y2","Mcam","84004","Cell surface glycoprotein MUC18",0,0
"O35459","Ech1","51798","Delta(3,5)-Delta(2,4)-dienoyl-CoA isomerase, mitochondrial",0,0
"P60904","Dnajc5","13002","DnaJ homolog subfamily C member 5",0,0
"O54949","Nlk","18099","Serine/threonine-protein kinase NLK",0,0
"O88697","Stk16","20872","Serine/threonine-protein kinase 16",0,0
"Q03147","Cdk7","12572","Cyclin-dependent kinase 7",0,0
"Q8BWD8","Cdk19","78334","Cyclin-dependent kinase 19",0,0
"Q9CYS6","Q9CYS6","72792","Uncharacterized protein C2orf72 homolog",0,0
"Q3USH1","Insyn2a","627214","Inhibitory synaptic factor 2A",0,0
"Q91ZR2","Snx18","170625","Sorting nexin-18",0,0
"P97797","Sirpa","19261","Tyrosine-protein phosphatase non-receptor type substrate 1",0,0
"Q80VJ2","Sra1","24068","Steroid receptor RNA activator 1",0,0
"Q91Y86","Mapk8","26419","Mitogen-activated protein kinase 8",0,0
"Q6GQT6","Scap","235623","Sterol regulatory element-binding protein cleavage-activating protein",0,0
"Q8K2M0","Mrpl38","60441","Large ribosomal subunit protein mL38",0,0
"Q8BTY2","Slc4a7","218756","Sodium bicarbonate cotransporter 3",0,0
"Q5DTL9","Slc4a10","94229","Sodium-driven chloride bicarbonate exchanger",0,0
"Q8K209","Adgrg1","14766","Adhesion G protein-coupled receptor G1",0,0
"Q9CQ79","Txndc9","98258","Thioredoxin domain-containing protein 9",0,0
"Q61490","Alcam","11658","CD166 antigen",0,0
"Q9JL04","Fmn2","54418","Formin-2",0,0
"Q9D164","Fxyd6","59095","FXYD domain-containing ion transport regulator 6",0,0
"Q91WD5","Ndufs2","226646","NADH dehydrogenase [ubiquinone] iron-sulfur protein 2, mitochondrial",0,0
"P21836","Ache","11423","Acetylcholinesterase",0,0
"Q80WT0","Jph4","319984","Junctophilin-4",0,0
"Q9WU56","Pus1","56361","Pseudouridylate synthase 1 homolog",0.25,0
"Q8C5L3","Cnot2","72068","CCR4-NOT transcription complex subunit 2",0,0
"P59326","Ythdf1","228994","YTH domain-containing family protein 1",0,0
"O08908","Pik3r2","18709","Phosphatidylinositol 3-kinase regulatory subunit beta",0,0
"Q8K097","Faim2","72393","Protein lifeguard 2",0,0
"Q3TYD6","Lmtk2","231876","Serine/threonine-protein kinase LMTK2",0,0
"P48193","Epb41","269587","Protein 4.1",0,0
"Q9DBE8","Alg2","56737","Alpha-1,3/1,6-mannosyltransferase ALG2",0,0
"A6H8H2","Dennd4c","329877","DENN domain-containing protein 4C",0,0
"P11276","Fn1","14268","Fibronectin",0,0
"Q9CQH7","Btf3l4","70533","Transcription factor BTF3 homolog 4",0,0
"Q8BW75","Maob","109731","Amine oxidase [flavin-containing] B",0,0
"Q64152","Btf3","218490","Transcription factor BTF3",0,0
"Q8BLE7","Slc17a6","140919","Vesicular glutamate transporter 2",0,0
"P97371","Psme1","19186","Proteasome activator complex subunit 1",0,0
"Q8CHX7","Rftn2","74013","Raftlin-2",0,0
"Q8K1A6","Cc2d1a","212139","Coiled-coil and C2 domain-containing protein 1A",0,0
"P07214","Sparc","20692","SPARC",0,0
"Q3UHB1","Nt5dc3","103466","5'-nucleotidase domain-containing protein 3",0,0
"Q0VGU4","Vgf","381677","Neurosecretory protein VGF",0,0
"P54869","Hmgcs2","15360","Hydroxymethylglutaryl-CoA synthase, mitochondrial",0,0
"Q91ZP9","Necab2","117148","N-terminal EF-hand calcium-binding protein 2",0,0
"Q62011","Pdpn","14726","Podoplanin",0.5,0
"Q9JJA4","Wdr12","57750","Ribosome biogenesis protein WDR12",0,0
"Q9DCS2","Mettl26","68347","Methyltransferase-like 26",0,0
"Q69ZJ7","Ric1","226089","Guanine nucleotide exchange factor subunit RIC1",0.5,0
"Q3UJP5","Cfap418","67157","Cilia- and flagella-associated protein 418",0,0
"Q8VEB4","Pla2g15","192654","Lysosomal phospholipase A and acyltransferase",0,0
"P16460","Ass1","11898","Argininosuccinate synthase",0,0
"Q80YD1","Supv3l1","338359","ATP-dependent RNA helicase SUPV3L1, mitochondrial",0,0
"Q9WTP6","Ak2","11637","Adenylate kinase 2, mitochondrial",0,0
"Q8C570","Rae1","66679","mRNA export factor",0,0
"O35926","Cdk5r2","12570","Cyclin-dependent kinase 5 activator 2",0,0
"Q6PGH1","Bud31","231889","Protein BUD31 homolog",0,0
"Q6PCN3","Ttbk1","106763","Tau-tubulin kinase 1",0,0
"P54830","Ptpn5","19259","Tyrosine-protein phosphatase non-receptor type 5",0,0
"A6H8H5","Kcnb2","98741","Potassium voltage-gated channel subfamily B member 2",0,0
"Q62277","Syp","20977","Synaptophysin",0,0
"Q3U3E2","Fam117b","72750","Protein FAM117B",0,0
"Q9D7S9","Chmp5","76959","Charged multivesicular body protein 5",0,0
"Q8BQM8","Eml5","319670","Echinoderm microtubule-associated protein-like 5",0,0
"P05201","Got1","14718","Aspartate aminotransferase, cytoplasmic",0,0
"O89079","Cope","59042","Coatomer subunit epsilon",0,0
"Q8BYH7","Tbc1d17","233204","TBC1 domain family member 17",0,0
"Q8VDL4","Adpgk","72141","ADP-dependent glucokinase",0,0
"Q8BTH8","Csnk1g1","214897","Casein kinase I isoform gamma-1",0,0
"Q61823","Pdcd4","18569","Programmed cell death protein 4",0,0
"Q9JHL1","Nherf2","65962","Na(+)/H(+) exchange regulatory cofactor NHE-RF2",0,0
"Q8CIT0","Crh","12918","Corticotropin-releasing hormone",0,0.25
"Q9Z160","Cog1","16834","Conserved oligomeric Golgi complex subunit 1",0,0
"Q9D1P0","Mrpl13","68537","Large ribosomal subunit protein uL13m",0,0
"P97792","Cxadr","13052","Coxsackievirus and adenovirus receptor homolog",0,0
"Q8BQZ5","Cpsf4","54188","Cleavage and polyadenylation specificity factor subunit 4",0,0.25
"P01867","Ighg2b","621968","Immunoglobulin heavy constant gamma 2B",0,0
"Q80TS7","Ddn","13199","Dendrin",0,0
"Q8K3X4","Irf2bpl","238330","Probable E3 ubiquitin-protein ligase IRF2BPL",0,0
"Q8BGT6","Micall1","27008","MICAL-like protein 1",0,0
"Q9QYY8","Spast","50850","Spastin",0,0
"O35350","Capn1","12333","Calpain-1 catalytic subunit",0,0
"Q8BT60","Cpne3","70568","Copine-3",0,0
"Q8VDZ4","Zdhhc5","228136","Palmitoyltransferase ZDHHC5",0,0
"Q80YA3","Ddhd1","114874","Phospholipase DDHD1",0,0
"E9QAT4","Sec16a","227648","Protein transport protein Sec16A",0,0
"Q9CPQ8","Atp5mg","27425","ATP synthase F(0) complex subunit g, mitochondrial",0,0
"Q60841","Reln","19699","Reelin",0,0
"Q8BKX6","Smg1","233789","Serine/threonine-protein kinase SMG1",0,0
"Q8CEE7","Rdh13","108841","Retinol dehydrogenase 13",0,0
"Q9ESN4","C1ql3","227580","Complement C1q-like protein 3",0,0
"Q8BJW6","Eif2a","229317","Eukaryotic translation initiation factor 2A",0,0
"Q9DCI9","Mrpl32","75398","Large ribosomal subunit protein bL32m",0,0
"Q62413","Epha6","13840","Ephrin type-A receptor 6",0,0
"Q3TY60","Fam131b","76156","Protein FAM131B",0,0
"Q8VHE0","Sec63","140740","Translocation protein SEC63 homolog",0,0
"Q8CGA3","Slc43a2","215113","Large neutral amino acids transporter small subunit 4",0,0
"Q80T79","Csmd3","239420","CUB and sushi domain-containing protein 3",0,0
"Q62193","Rpa2","19891","Replication protein A 32 kDa subunit",0,0
"Q8K2K6","Agfg1","15463","Arf-GAP domain and FG repeat-containing protein 1",0,0
"Q6PD31","Trak1","67095","Trafficking kinesin-binding protein 1",0,0
"E9Q236","Abcc4","239273","ATP-binding cassette sub-family C member 4",0,0
"Q62504","Spen","56381","Msx2-interacting protein",0,0
"Q63739","Ptp4a1","19243","Protein tyrosine phosphatase type IVA 1",0,0
"Q9D658","Ptp4a3","19245","Protein tyrosine phosphatase type IVA 3",0,0
"Q922R1","Phaf1","234678","Phagosome assembly factor 1",0,0
"Q9CWI3","Bccip","66165","BRCA2 and CDKN1A-interacting protein",0,0
"Q91W92","Cdc42ep1","104445","Cdc42 effector protein 1",0,0
"Q5U4F6","Dync2i2","71820","Cytoplasmic dynein 2 intermediate chain 2",0,0
"Q8K1E0","Stx5","56389","Syntaxin-5",0,0
"O55176","Pja1","18744","E3 ubiquitin-protein ligase Praja-1",0,0
"Q80TN7","Nav3","260315","Neuron navigator 3",0,0
"P01898","H2-Q10","15007","H-2 class I histocompatibility antigen, Q10 alpha chain",0,0
"P24638","Acp2","11432","Lysosomal acid phosphatase",0,0
"Q8JZR6","Slc4a8","59033","Electroneutral sodium bicarbonate exchanger 1",0,0
"P97799","Nrsn1","22360","Neurensin-1",0.5,0.5
"O70572","Smpd2","20598","Sphingomyelin phosphodiesterase 2",0,0
"Q9Z1T6","Pikfyve","18711","1-phosphatidylinositol 3-phosphate 5-kinase",0,0
"Q9JHS3","Lamtor2","83409","Ragulator complex protein LAMTOR2",0,0
"Q9CQQ7","Atp5pb","11950","ATP synthase peripheral stalk subunit b, mitochondrial",0,0
"Q9D1E6","Tbcb","66411","Tubulin-folding cofactor B",0,0
"P47915","Rpl29","19944","Large ribosomal subunit protein eL29",0,0
"Q8VBZ3","Clptm1","56457","Putative lipid scramblase CLPTM1",0,0
"P51150","Rab7a","19349","Ras-related protein Rab-7a",0,0
"P08113","Hsp90b1","22027","Endoplasmin",0,0
"Q8BSY0","Asph","65973","Aspartyl/asparaginyl beta-hydroxylase",0,0
"Q62059","Vcan","13003","Versican core protein",0,0
"Q6A068","Cdc5l","71702","Cell division cycle 5-like protein",0,0
"Q9ESB3","Hrg","94175","Histidine-rich glycoprotein",0,0
"Q6P073","Ube2j2","140499","Ubiquitin-conjugating enzyme E2 J2",0,0
"Q9CQ48","Nudcd2","52653","NudC domain-containing protein 2",0,0
"Q9CXY6","Ilf2","67781","Interleukin enhancer-binding factor 2",0,0
"Q9CYP7","Sesn3","75747","Sestrin-3",0,0
"O08586","Pten","19211","Phosphatidylinositol 3,4,5-trisphosphate 3-phosphatase and dual-specificity protein phosphatase PTEN",0,0
"Q99J31","Ophn1","94190","Oligophrenin-1",0,0
"Q80ZS3","Mrps26","99045","Small ribosomal subunit protein mS26",0,0
"O70422","Gtf2h4","14885","General transcription factor IIH subunit 4",0,0
"Q9JKD3","Scamp5","56807","Secretory carrier-associated membrane protein 5",0,0
"Q7TMQ7","Wdr91","101240","WD repeat-containing protein 91",0,0
"Q3TJZ6","Fam98a","72722","Protein FAM98A",0,0
"Q8BR70","Yipf6","77929","Protein YIPF6",0,0
"Q8CHP6","Phc3","241915","Polyhomeotic-like protein 3",0,0
"Q9JMI0","Ecel1","13599","Endothelin-converting enzyme-like 1",0.25,0.5
"Q80Y98","Ddhd2","72108","Triacylglycerol hydrolase DDHD2",0,0
"Q8BHW2","Oscp1","230751","Protein OSCP1",0,0
"Q8K4Z5","Sf3a1","67465","Splicing factor 3A subunit 1",0,0
"Q8BHG2","Czib","74098","CXXC motif containing zinc binding protein",0,0
"Q9DBG5","Plin3","66905","Perilipin-3",0,0
"Q9WVL2","Stat2","20847","Signal transducer and activator of transcription 2",0,0
"Q8BM65","Nyap2","241134","Neuronal tyrosine-phosphorylated phosphoinositide-3-kinase adapter 2",0,0
"P52332","Jak1","16451","Tyrosine-protein kinase JAK1",0,0
"Q6DFY8","Brinp2","240843","BMP/retinoic acid-inducible neural-specific protein 2",0,0
"P59764","Dock4","238130","Dedicator of cytokinesis protein 4",0,0
"P70290","Mpp1","17524","55 kDa erythrocyte membrane protein",0,0
"P48722","Hspa4l","18415","Heat shock 70 kDa protein 4L",0,0
"O35129","Phb2","12034","Prohibitin-2",0,0
"Q7TNG5","Eml2","72205","Echinoderm microtubule-associated protein-like 2",0,0
"Q9Z108","Stau1","20853","Double-stranded RNA-binding protein Staufen homolog 1",0,0
"Q08288","Lyar","17089","Cell growth-regulating nucleolar protein",0,0
"Q8K386","Rab15","104886","Ras-related protein Rab-15",0,0
"Q9D0I6","Wdsub1","72137","WD repeat, SAM and U-box domain-containing protein 1",0,0
"O09114","Ptgds","19215","Prostaglandin-H2 D-isomerase",0,0
"Q99M87","Dnaja3","83945","DnaJ homolog subfamily A member 3, mitochondrial",0,0
"Q811U4","Mfn1","67414","Mitofusin-1",0,0
"Q9D880","Timm50","66525","Mitochondrial import inner membrane translocase subunit TIM50",0,0
"Q9R0D8","Wdr54","75659","WD repeat-containing protein 54",0,0
"Q8BKG3","Ptk7","71461","Inactive tyrosine-protein kinase 7",0,0
"P05784","Krt18","16668","Keratin, type I cytoskeletal 18",0,0
"P14602","Hspb1","15507","Heat shock protein beta-1",0,0
"P17879","Hspa1b","15511","Heat shock 70 kDa protein 1B",0,0
"A2A690","Tanc2","77097","Protein TANC2",0,0
"P28571","Slc6a9","14664","Sodium- and chloride-dependent glycine transporter 1",0,0
"Q7TSK3","Pcdh8","18530","Protocadherin-8",0,0
"Q9WVT6","Ca14","23831","Carbonic anhydrase 14",0,0
"Q3UVR3","Ttbk2","140810","Tau-tubulin kinase 2",0,0
"Q6P9N1","Hycc1","84652","Hyccin",0,0
"Q9JMA1","Usp14","59025","Ubiquitin carboxyl-terminal hydrolase 14",0,0
"Q9D6K7","Ttc33","67515","Tetratricopeptide repeat protein 33",0,0
"Q9D6Z1","Nop56","67134","Nucleolar protein 56",0,0
"Q9DBR7","Ppp1r12a","17931","Protein phosphatase 1 regulatory subunit 12A",0,0
"Q69Z89","Radil","231858","Ras-associating and dilute domain-containing protein",0.25,0
"Q9QXB9","Drg2","13495","Developmentally-regulated GTP-binding protein 2",0,0
"Q7TSZ8","Nacc1","66830","Nucleus accumbens-associated protein 1",0,0
"P62918","Rpl8","26961","Large ribosomal subunit protein uL2",0,0
"Q64705","Usf2","22282","Upstream stimulatory factor 2",0.5,0
"Q8BTS4","Nup54","269113","Nuclear pore complex protein Nup54",0,0
"Q8BGT7","Smndc1","76479","Survival of motor neuron-related-splicing factor 30",0,0
"Q8C0Y0","Ppp4r4","74521","Serine/threonine-protein phosphatase 4 regulatory subunit 4",0,0
"P61406","Smg6","103677","Telomerase-binding protein EST1A",0,0
"Q9D9V7","Dennd6b","69440","Protein DENND6B",0,0
"Q61334","Bcap29","12033","B-cell receptor-associated protein 29",0,0
"P56960","Exosc10","50912","Exosome complex component 10",0,0
"Q9R1T2","Sae1","56459","SUMO-activating enzyme subunit 1",0,0
"Q1RLL3","Cpne9","211232","Copine-9",0,0
"Q9CWR0","Arhgef25","52666","Rho guanine nucleotide exchange factor 25",0,0
"Q9JLM8","Dclk1","13175","Serine/threonine-protein kinase DCLK1",0,0
"Q99JT9","Adi1","104923","Acireductone dioxygenase",0,0
"Q9ER47","Kcnh7","170738","Voltage-gated inwardly rectifying potassium channel KCNH7",0,0
"P61809","Cdk5r1","12569","Cyclin-dependent kinase 5 activator 1",0,0
"Q2TBE6","Pi4k2a","84095","Phosphatidylinositol 4-kinase type 2-alpha",0,0
"Q99PL6","Ubxn6","66530","UBX domain-containing protein 6",0,0
"P61965","Wdr5","140858","WD repeat-containing protein 5",0,0
"Q14CH7","Aars2","224805","Alanine--tRNA ligase, mitochondrial",0,0
"D3YWQ0","Dgki","320127","Diacylglycerol kinase iota",0,0
"Q08024","Cbfb","12400","Core-binding factor subunit beta",0.25,0.5
"O35609","Scamp3","24045","Secretory carrier-associated membrane protein 3",0,0
"Q8K021","Scamp1","107767","Secretory carrier-associated membrane protein 1",0,0
"P28741","Kif3a","16568","Kinesin-like protein KIF3A",0,0
"P62073","Timm10","30059","Mitochondrial import inner membrane translocase subunit Tim10",0,0
"Q8BGY3","Luzp2","233271","Leucine zipper protein 2",0,0
"Q8VHG2","Amot","27494","Angiomotin",0,0
"O70585","Dtnb","13528","Dystrobrevin beta",0,0
"Q8C4X2","Csnk1g3","70425","Casein kinase I isoform gamma-3",0,0
"Q62077","Plcg1","18803","1-phosphatidylinositol 4,5-bisphosphate phosphodiesterase gamma-1",0,0
"Q5DQR4","Stxbp5l","207227","Syntaxin-binding protein 5-like",0,0
"Q6ZPY2","Smg5","229512","Nonsense-mediated mRNA decay factor SMG5",0,0
"Q9D3D9","Atp5f1d","66043","ATP synthase F(1) complex subunit delta, mitochondrial",0,0
"Q8JZW5","Sh2d5","230863","SH2 domain-containing protein 5",0,0
"Q9QXV8","Spry2","24064","Protein sprouty homolog 2",0,0
"Q6A037","N4bp1","80750","NEDD4-binding protein 1",0,0
"Q3U1N2","Srebf2","20788","Sterol regulatory element-binding protein 2",0.25,0
"Q3ULB5","Pak6","214230","Serine/threonine-protein kinase PAK 6",0,0
"Q8CFH6","Sik2","235344","Serine/threonine-protein kinase SIK2",0.25,0.5
"Q6P6I6","Polr2m","28015","DNA-directed RNA polymerase II subunit GRINL1A",0,0
"Q80XP9","Wnk3","279561","Serine/threonine-protein kinase WNK3",0.25,0
"O35153","Bet1l","54399","BET1-like protein",0,0
"P97494","Gclc","14629","Glutamate--cysteine ligase catalytic subunit",0,0
"O88829","St3gal5","20454","Lactosylceramide alpha-2,3-sialyltransferase",0,0
"Q9JKV5","Scamp4","56214","Secretory carrier-associated membrane protein 4",0,0
"P70423","Slc7a3","11989","Cationic amino acid transporter 3",0,0
"Q6P5H6","Frmd5","228564","FERM domain-containing protein 5",0,0
"P52189","Kcnj4","16520","Inward rectifier potassium channel 4",0,0
"Q5HZI2","C2cd4c","237397","C2 calcium-dependent domain-containing protein 4C",0,0
"Q8R1B5","Cplx3","235415","Complexin-3",0,0
"Q6P4T1","Snx19","102607","Sorting nexin-19",0,0
"Q8C650","Septin10","103080","Septin-10",0,0
"Q6PAL8","Dennd5a","19347","DENN domain-containing protein 5A",0,0
"Q80TH2","Erbin","59079","Erbin",0,0
"P70349","Hint1","15254","Adenosine 5'-monophosphoramidase HINT1",0,0
"Q80UW2","Fbxo2","230904","F-box only protein 2",0,0
"Q8K215","Lyrm4","380840","LYR motif-containing protein 4",0,0
"Q3TIR3","Ric8a","101489","Chaperone Ric-8A",0,0
"Q3TVA9","Ccdc136","232664","Coiled-coil domain-containing protein 136",0,0
"Q8C3P7","Mettl3","56335","N(6)-adenosine-methyltransferase catalytic subunit METTL3",0,0
"Q9EPR5","Sorcs2","81840","VPS10 domain-containing receptor SorCS2",0,0
"O08715","Akap1","11640","A-kinase anchor protein 1, mitochondrial",0,0
"Q6P2L6","Nsd3","234135","Histone-lysine N-methyltransferase NSD3",0,0
"O70362","Gpld1","14756","Phosphatidylinositol-glycan-specific phospholipase D",0,0
"Q69ZZ6","Tmcc1","330401","Transmembrane and coiled-coil domains protein 1",0,0
"Q99N84","Mrps18b","66973","Small ribosomal subunit protein mS40",0,0
"Q9R049","Amfr","23802","E3 ubiquitin-protein ligase AMFR",0,0
"Q8BUY8","Gprasp2","245607","G protein-coupled receptor-associated sorting protein 2",0,0
"P63017","Hspa8","15481","Heat shock cognate 71 kDa protein",0,0
"B1AXV0","Frrs1l","230235","DOMON domain-containing protein FRRS1L",0,0
"Q9CQH3","Ndufb5","66046","NADH dehydrogenase [ubiquinone] 1 beta subcomplex subunit 5, mitochondrial",0,0
"Q9CWQ0","Dph5","69740","Diphthine methyl ester synthase",0,0
"Q8BLF1","Nceh1","320024","Neutral cholesterol ester hydrolase 1",0,0
"Q62446","Fkbp3","30795","Peptidyl-prolyl cis-trans isomerase FKBP3",0,0
"Q8QZV4","Stk32c","57740","Serine/threonine-protein kinase 32C",0,0
"Q00623","Apoa1","11806","Apolipoprotein A-I",0,0
"Q8K1S2","Unc5d","210801","Netrin receptor UNC5D",0,0
"Q9ES46","Parvb","170736","Beta-parvin",0,0
"Q9ET01","Pygl","110095","Glycogen phosphorylase, liver form",0,0
"Q8JZS9","Mrpl48","52443","Large ribosomal subunit protein mL48",0,0
"Q9WUB0","Rbck1","24105","RanBP-type and C3HC4-type zinc finger-containing protein 1",0,0
"Q61559","Fcgrt","14132","IgG receptor FcRn large subunit p51",0,0
"Q7M6Z0","Rtn4rl2","269295","Reticulon-4 receptor-like 2",0,0
"Q99PI8","Rtn4r","65079","Reticulon-4 receptor",0,0
"A2ALU4","Shroom2","110380","Protein Shroom2",0,0
"Q64471","Gstt1","14871","Glutathione S-transferase theta-1",0,0
"P20152","Vim","22352","Vimentin",0,0
"Q62393","Tpd52","21985","Tumor protein D52",0,0
"Q8BL48","Unk","217331","RING finger protein unkempt homolog",0,0
"Q3U0P5","Entpd6","12497","Ectonucleoside triphosphate diphosphohydrolase 6",0,0
"Q9DAS9","Gng12","14701","Guanine nucleotide-binding protein G(I)/G(S)/G(O) subunit gamma-12",0,0
"Q9ESP1","Sdf2l1","64136","Stromal cell-derived factor 2-like protein 1",0,0
"P54823","Ddx6","13209","Probable ATP-dependent RNA helicase DDX6",0,0
"Q91YQ3","Csdc2","105859","Cold shock domain-containing protein C2",0,0
"Q91V64","Isoc1","66307","Isochorismatase domain-containing protein 1",0,0
"Q9CYL5","Glipr2","384009","Golgi-associated plant pathogenesis-related protein 1",0,0
"Q8R4I7","Neto1","246317","Neuropilin and tolloid-like protein 1",0,0
"Q8CIM8","Ints4","101861","Integrator complex subunit 4",0,0
"Q9WVJ5","Crybb1","12960","Beta-crystallin B1",0,0
"Q9DCA2","Mrps11","67994","Small ribosomal subunit protein uS11m",0,0
"Q99LB7","Sardh","192166","Sarcosine dehydrogenase, mitochondrial",0,0
"B9EJ80","Pdzd8","107368","PDZ domain-containing protein 8",0,0
"Q5SW19","Cluh","74148","Clustered mitochondria protein homolog",0,0
"Q6PIU9","Q6PIU9","269774","Uncharacterized protein FLJ45252 homolog",0,0
"Q9EPK2","Rp2","19889","Protein XRP2",0,0
"P0CW02","Ly6c1","17067","Lymphocyte antigen 6C1",0,0
"Q3TPE9","Ankmy2","217473","Ankyrin repeat and MYND domain-containing protein 2",0,0
"Q9QXT8","Kcnip3","56461","Calsenilin",0,0
"O35454","Clcn6","26372","H(+)/Cl(-) exchange transporter 6",0,0
"Q05186","Rcn1","19672","Reticulocalbin-1",0,0
"Q9QZ29","Igbp1b","50540","Immunoglobulin-binding protein 1b",0.5,0.5
"Q9QYA2","Tomm40","53333","Mitochondrial import receptor subunit TOM40 homolog",0,0
"Q9R111","Gda","14544","Guanine deaminase",0,0
"Q80UP8","Slc20a2","20516","Sodium-dependent phosphate transporter 2",0,0
"Q8K157","Galm","319625","Galactose mutarotase",0,0
"A6H5Z3","Exoc6b","75914","Exocyst complex component 6B",0,0
"O88545","Cops6","26893","COP9 signalosome complex subunit 6",0,0
"P09581","Csf1r","12978","Macrophage colony-stimulating factor 1 receptor",0,0
"Q3UHK1","Slc2a13","239606","Proton myo-inositol cotransporter",0,0
"P16014","Chgb","12653","Secretogranin-1",0,0
"Q63943","Mef2d","17261","Myocyte-specific enhancer factor 2D",0,0
"Q8K0L9","Zbtb20","56490","Zinc finger and BTB domain-containing protein 20",0,0
"Q61626","Grik5","14809","Glutamate receptor ionotropic, kainate 5",0,0
"Q8R123","Flad1","319945","Bifunctional FAD diphosphatase/FAD synthase",0,0
"Q91XY4","Pcdhga4","93712","Protocadherin gamma-A4",0,0
"Q9D1X0","Nol3","78688","Nucleolar protein 3",0,0
"Q9CZ52","Antxr1","69538","Anthrax toxin receptor 1",0.5,0.25
"Q8BXR9","Osbpl6","99031","Oxysterol-binding protein-related protein 6",0,0
"Q9Z0H3","Smarcb1","20587","SWI/SNF-related matrix-associated actin-dependent regulator of chromatin subfamily B member 1",0,0
"Q6PAV2","Herc4","67345","Probable E3 ubiquitin-protein ligase HERC4",0,0
"O55135","Eif6","16418","Eukaryotic translation initiation factor 6",0,0
"O09174","Amacr","17117","Alpha-methylacyl-CoA racemase",0,0
"Q9R0M4","Podxl","27205","Podocalyxin",0,0
"Q9WTI7","Myo1c","17913","Unconventional myosin-Ic",0,0
"Q9QZH6","Ecsit","26940","Evolutionarily conserved signaling intermediate in Toll pathway, mitochondrial",0,0
"Q9CWN7","Cnot11","52846","CCR4-NOT transcription complex subunit 11",0,0
"P83510","Tnik","665113","Traf2 and NCK-interacting protein kinase",0,0
"O88935","Syn1","20964","Synapsin-1",0,0
"Q8BH57","Wdr48","67561","WD repeat-containing protein 48",0,0
"Q06890","Clu","12759","Clusterin",0,0
"Q8R5A3","Apbb1ip","54519","Amyloid beta A4 precursor protein-binding family B member 1-interacting protein",0,0
"O08600","Endog","13804","Endonuclease G, mitochondrial",0,0
"D3YVE8","Slc35g2","245020","Solute carrier family 35 member G2",0,0
"O88271","Cfdp1","23837","Heterochromatin-stabilizing protein CFDP1",0,0
"Q8VCB1","Ndc1","72787","Nucleoporin NDC1",0,0
"Q14C51","Ptcd3","69956","Small ribosomal subunit protein mS39",0,0
"Q80T85","Dcaf5","320808","DDB1- and CUL4-associated factor 5",0,0
"Q9EST3","Eif4enif1","74203","Eukaryotic translation initiation factor 4E transporter",0,0
"Q6PAL7","Ahdc1","230793","Transcription factor Gibbin",0,0
"Q9Z1T1","Ap3b1","11774","AP-3 complex subunit beta-1",0,0
"P06330","P06330","621968","Ig heavy chain V region AC38 205.12",0,0.25
"P59268","Zdhhc9","208884","Palmitoyltransferase ZDHHC9",0,0.5
"P70232","Chl1","12661","Neural cell adhesion molecule L1-like protein",0,0
"Q9CVB6","Arpc2","76709","Actin-related protein 2/3 complex subunit 2",0,0
"Q8C0M9","Asrgl1","66514","Isoaspartyl peptidase/L-asparaginase",0,0
"Q3TDD9","Ppp1r21","73825","Protein phosphatase 1 regulatory subunit 21",0,0
"Q8VD37","Sgip1","73094","SH3-containing GRB2-like protein 3-interacting protein 1",0,0
"Q8C8T7","Elfn1","243312","Protein ELFN1",0,0
"P42208","Septin2","18000","Septin-2",0,0
"Q61103","Dpf2","19708","Zinc finger protein ubi-d4",0,0
"Q4VBD2","Tapt1","231225","Transmembrane anterior posterior transformation protein 1",0,0
"Q8VDU5","Snrk","20623","SNF-related serine/threonine-protein kinase",0,0
"Q80V42","Cpm","70574","Carboxypeptidase M",0,0
"Q8K3C0","Rnasek","52898","Ribonuclease kappa",0,0
"Q9CYU6","Dph7","67228","Diphthine methyltransferase",0,0
"Q7TT18","Atf7ip","54343","Activating transcription factor 7-interacting protein 1",0,0
"O70251","Eef1b","55949","Elongation factor 1-beta",0,0
"Q8K479","C1qtnf5","235312","Complement C1q tumor necrosis factor-related protein 5",0.5,0
"Q8K3Z9","Pom121","107939","Nuclear envelope pore membrane protein POM 121",0,0
"Q04899","Cdk18","18557","Cyclin-dependent kinase 18",0,0
"Q8K0D0","Cdk17","237459","Cyclin-dependent kinase 17",0,0
"Q6PD10","Ip6k1","27399","Inositol hexakisphosphate kinase 1",0,0
"Q91VN4","Chchd6","66098","MICOS complex subunit Mic25",0,0
"Q9CSH3","Dis3","72662","Exosome complex exonuclease RRP44",0,0
"Q8K190","Saysd1","67509","SAYSvFN domain-containing protein 1",0,0.5
"Q8R2Z5","Vwa1","246228","von Willebrand factor A domain-containing protein 1",0,0
"P97401","Frzb","20378","Secreted frizzled-related protein 3",0,0
"Q3TMP8","Tmem38a","74166","Trimeric intracellular cation channel type A",0,0
"Q99K85","Psat1","107272","Phosphoserine aminotransferase",0,0
"Q9CY57","Chtop","66511","Chromatin target of PRMT1 protein",0,0
"Q8BG94","Commd7","99311","COMM domain-containing protein 7",0,0
"P49813","Tmod1","21916","Tropomodulin-1",0,0
"Q8JZM4","Dner","227325","Delta and Notch-like epidermal growth factor-related receptor",0,0
"Q8CIE6","Copa","12847","Coatomer subunit alpha",0,0
"Q8C7D2","Crbn","58799","Protein cereblon",0,0
"Q9QYE3","Bcl11a","14025","BCL11 transcription factor A",0,0
"Q9JMC8","Epb41l4b","54357","Band 4.1-like protein 4B",0,0
"Q9ET22","Dpp7","83768","Dipeptidyl peptidase 2",0,0
"P59808","Sash1","70097","SAM and SH3 domain-containing protein 1",0,0
"Q7TSG2","Ctdp1","67655","RNA polymerase II subunit A C-terminal domain phosphatase",0,0
"O08747","Unc5c","22253","Netrin receptor UNC5C",0,0
"O70174","Chrna4","11438","Neuronal acetylcholine receptor subunit alpha-4",0.25,0.25
"P47740","Aldh3a2","11671","Aldehyde dehydrogenase family 3 member A2",0,0
"Q6P6N5","Spred3","101809","Sprouty-related, EVH1 domain-containing protein 3",0,0
"Q99MI1","Erc1","111173","ELKS/Rab6-interacting/CAST family member 1",0,0
"Q7TSF4","Lrrc75a","192976","Leucine-rich repeat-containing protein 75A",0,0
"P58468","Slx9","108707","Ribosome biogenesis protein SLX9 homolog",0.5,0.25
"Q9DAU1","Cnpy3","72029","Protein canopy homolog 3",0,0
"Q60929","Mef2a","17258","Myocyte-specific enhancer factor 2A",0.25,0.5
"Q8BIH0","Sap130","269003","Histone deacetylase complex subunit SAP130",0,0.25
"Q9D379","Ephx1","13849","Epoxide hydrolase 1",0,0
"Q9QZB1","Rgs20","58175","Regulator of G protein signaling 20",0,0
"Q9QZS8","Sh2d3c","27387","SH2 domain-containing protein 3C",0,0
"Q8BH82","Napepld","242864","N-acyl-phosphatidylethanolamine-hydrolyzing phospholipase D",0,0
"Q9EPW0","Inpp4a","269180","Inositol polyphosphate-4-phosphatase type I A",0,0
"Q8VE52","Ogfrl1","70155","Opioid growth factor receptor-like protein 1",0,0
"A2A7S8","Nhsl3","97130","NHS-like protein 3",0.25,0
"P15209","Ntrk2","18212","BDNF/NT-3 growth factors receptor",0,0
"Q7TSI3","Ppp6r1","243819","Serine/threonine-protein phosphatase 6 regulatory subunit 1",0,0
"Q9Z2Q5","Mrpl40","18100","Large ribosomal subunit protein mL40",0,0
"Q80TI0","Gramd1b","235283","Protein Aster-B",0,0
"Q9Z1Z0","Uso1","56041","General vesicular transport factor p115",0,0
"Q62421","Sh3gl3","20408","Endophilin-A3",0,0
"Q80XA6","Reps2","194590","RalBP1-associated Eps domain-containing protein 2",0,0
"Q0P678","Zc3h18","76014","Zinc finger CCCH domain-containing protein 18",0,0
"Q9EQZ7","Rims2","116838","Regulating synaptic membrane exocytosis protein 2",0,0
"Q8JZK9","Hmgcs1","208715","Hydroxymethylglutaryl-CoA synthase, cytoplasmic",0,0
"Q9Z315","Sart1","20227","U4/U6.U5 tri-snRNP-associated protein 1",0,0
"P70429","Evl","14026","Ena/VASP-like protein",0,0
"Q61029","Tmpo","21917","Lamina-associated polypeptide 2, isoforms beta/delta/epsilon/gamma",0,0
"P81122","Irs2","384783","Insulin receptor substrate 2",0,0
"O89017","Lgmn","19141","Legumain",0,0
"Q80U28","Madd","228355","MAP kinase-activating death domain protein",0,0
"Q8R550","Sh3kbp1","58194","SH3 domain-containing kinase-binding protein 1",0,0
"Q9CQE5","Rgs10","67865","Regulator of G protein signaling 10",0,0
"Q9CQ33","Lztr1","66863","Leucine-zipper-like transcriptional regulator 1",0,0
"Q62074","Prkci","18759","Protein kinase C iota type",0,0
"Q6NXI6","Rprd2","75137","Regulation of nuclear pre-mRNA domain-containing protein 2",0,0
"P50586","Tub","22141","Tubby protein",0,0
"O88597","Becn1","56208","Beclin-1",0,0
"Q9DBL1","Acadsb","66885","Short/branched chain specific acyl-CoA dehydrogenase, mitochondrial",0,0
"Q8R0F6","Ilkap","67444","Integrin-linked kinase-associated serine/threonine phosphatase 2C",0,0
"Q9DCT8","Crip2","68337","Cysteine-rich protein 2",0,0
"Q499E5","Stox2","71069","Storkhead-box protein 2",0.5,0.25
"O09172","Gclm","14630","Glutamate--cysteine ligase regulatory subunit",0,0
"P61022","Chp1","56398","Calcineurin B homologous protein 1",0,0
"Q9DC23","Dnajc10","66861","Endoplasmic reticulum disulfide reductase DNAJC10",0,0
"Q9Z2X2","Psmd10","53380","26S proteasome non-ATPase regulatory subunit 10",0,0
"Q3URU2","Peg3","18616","Paternally-expressed gene 3 protein",0,0
"Q8BGS1","Epb41l5","226352","Band 4.1-like protein 5",0.25,0.25
"P35347","Crhr1","12921","Corticotropin-releasing hormone receptor 1",0.25,0
"Q9D0L8","Rnmt","67897","mRNA cap guanine-N(7) methyltransferase",0,0
"Q9JLY7","Dusp14","56405","Dual specificity protein phosphatase 14",0,0
"Q9CQG6","Tmem147","69804","BOS complex subunit TMEM147",0,0
"Q99KJ8","Dctn2","69654","Dynactin subunit 2",0,0
"Q8VEF1","Gramd1a","52857","Protein Aster-A",0,0
"Q8BUE4","Aifm2","71361","Ferroptosis suppressor protein 1",0,0
"O70475","Ugdh","22235","UDP-glucose 6-dehydrogenase",0,0
"Q8K004","Spata2","263876","Spermatogenesis-associated protein 2",0,0
"Q922V4","Plrg1","53317","Pleiotropic regulator 1",0,0
"Q99PD7","Slc24a3","94249","Sodium/potassium/calcium exchanger 3",0,0
"Q80WR5","Q80WR5","97159","UPF0688 protein C1orf174 homolog",0,0.5
"P34884","Mif","17319","Macrophage migration inhibitory factor",0,0
"Q11136","Pepd","18624","Xaa-Pro dipeptidase",0,0
"Q9Z2Y8","Plpbp","114863","Pyridoxal phosphate homeostasis protein",0,0
"A2ALI5","Ajap1","230959","Adherens junction-associated protein 1",0,0
"Q9DD18","Dtd1","66044","D-aminoacyl-tRNA deacylase 1",0,0
"Q8CCN5","Bcas3","192197","BCAS3 microtubule associated cell migration factor",0,0
"Q8R3D1","Tbc1d13","70296","TBC1 domain family member 13",0,0
"Q6ZPJ0","Tex2","21763","Testis-expressed protein 2",0,0
"P28654","Dcn","13179","Decorin",0,0
"Q8VC16","Lrrc14","223664","Leucine-rich repeat-containing protein 14",0,0
"Q8VI51","Sorcs3","66673","VPS10 domain-containing receptor SorCS3",0,0
"Q8BHL5","Elmo2","140579","Engulfment and cell motility protein 2",0,0
"P20917","Mag","17136","Myelin-associated glycoprotein",0,0
"P16627","Hspa1l","15482","Heat shock 70 kDa protein 1-like",0,0
"P28063","Psmb8","16913","Proteasome subunit beta type-8",0,0
"Q8BV13","Cops7b","26895","COP9 signalosome complex subunit 7b",0,0
"Q8R138","Tmem119","231633","Transmembrane protein 119",0,0
"P11214","Plat","18791","Tissue-type plasminogen activator",0,0
"Q9R1P0","Psma4","26441","Proteasome subunit alpha type-4",0,0
"Q3U0B3","Dhrs11","192970","Dehydrogenase/reductase SDR family member 11",0,0
"Q5RJH3","Cdh12","215654","Cadherin-12",0,0
"Q923B1","Dbr1","83703","Lariat debranching enzyme",0,0
"P54071","Idh2","269951","Isocitrate dehydrogenase [NADP], mitochondrial",0,0
"P62500","Tsc22d1","21807","TSC22 domain family protein 1",0,0
"Q61923","Kcna6","16494","Potassium voltage-gated channel subfamily A member 6",0,0
"Q8BYJ6","Tbc1d4","210789","TBC1 domain family member 4",0,0
"Q6P5E6","Gga2","74105","ADP-ribosylation factor-binding protein GGA2",0,0
"Q8K1J6","Trnt1","70047","CCA tRNA nucleotidyltransferase 1, mitochondrial",0,0
"E9Q7M2","Tsc22d2","72033","TSC22 domain family protein 2",0,0
"Q8R2R9","Ap3m2","64933","AP-3 complex subunit mu-2",0,0
"A2AJT4","Pnisr","66625","Arginine/serine-rich protein PNISR",0,0
"Q3B7Z2","Osbp","76303","Oxysterol-binding protein 1",0,0
"O08912","Galnt1","14423","Polypeptide N-acetylgalactosaminyltransferase 1",0,0
"O54724","Cavin1","19285","Caveolae-associated protein 1",0,0
"P70195","Psmb7","19177","Proteasome subunit beta type-7",0,0
"Q8BHY8","Snx14","244962","Sorting nexin-14",0,0
"Q32NY4","Cnnm3","94218","Metal transporter CNNM3",0,0
"Q8BUN9","Slc24a2","76376","Sodium/potassium/calcium exchanger 2",0,0
"Q08481","Pecam1","18613","Platelet endothelial cell adhesion molecule",0,0
"A2AHL1","Ano3","228432","Anoctamin-3",0,0
"O09159","Man2b1","17159","Lysosomal alpha-mannosidase",0,0
"Q6A152","Cyp4x1","81906","Cytochrome P450 4X1",0,0
"Q01339","Apoh","11818","Beta-2-glycoprotein 1",0,0
"Q6NTA4","Rragb","245670","Ras-related GTP-binding protein B",0,0
"O35435","Dhodh","56749","Dihydroorotate dehydrogenase (quinone), mitochondrial",0,0
"Q9Z2A5","Ate1","11907","Arginyl-tRNA--protein transferase 1",0,0
"Q8C5Q4","Grsf1","231413","G-rich sequence factor 1",0,0
"Q8R4X3","Rbm12","75710","RNA-binding protein 12",0,0
"P56183","Rrp1","18114","Ribosomal RNA processing protein 1 homolog A",0,0
"Q9Z2C5","Mtm1","17772","Myotubularin",0,0
"Q8K274","Fn3krp","238024","Ketosamine-3-kinase",0,0
"Q9DC22","Dcaf6","74106","DDB1- and CUL4-associated factor 6",0,0
"Q9DCM7","Nacc2","67991","Nucleus accumbens-associated protein 2",0,0
"P54285","Cacnb3","12297","Voltage-dependent L-type calcium channel subunit beta-3",0,0
"P69566","Ranbp9","56705","Ran-binding protein 9",0,0
"Q8CC27","Cacnb2","12296","Voltage-dependent L-type calcium channel subunit beta-2",0,0
"Q8R3Z5","Cacnb1","12295","Voltage-dependent L-type calcium channel subunit beta-1",0,0
"Q9D1E8","Agpat5","52123","1-acyl-sn-glycerol-3-phosphate acyltransferase epsilon",0,0
"Q9DBN4","P33monox","97820","Putative monooxygenase p33MONOX",0,0
"P06728","Apoa4","11808","Apolipoprotein A-IV",0,0
"Q641K5","Nuak1","77976","NUAK family SNF1-like kinase 1",0,0.25
"Q9JIB4","Gtf2h2","23894","General transcription factor IIH subunit 2",0,0
"Q8BGA9","Oxa1l","69089","Mitochondrial inner membrane protein OXA1L",0,0
"P17427","Ap2a2","11772","AP-2 complex subunit alpha-2",0,0
"Q9Z0S9","Rabac1","14470","Prenylated Rab acceptor protein 1",0,0
"Q8BJF9","Chmp2b","68942","Charged multivesicular body protein 2b",0,0
"Q01063","Pde4d","238871","3',5'-cyclic-AMP phosphodiesterase 4D",0,0
"Q5XPI3","Rnf123","84585","E3 ubiquitin-protein ligase RNF123",0,0
"Q6NZM9","Hdac4","208727","Histone deacetylase 4",0,0
"Q9ERL9","Gucy1a1","60596","Guanylate cyclase soluble subunit alpha-1",0,0
"Q9EQM6","Dgcr8","94223","Microprocessor complex subunit DGCR8",0.5,0.25
"Q3V0G7","Garnl3","99326","GTPase-activating Rap/Ran-GAP domain-like protein 3",0,0
"Q07113","Igf2r","16004","Cation-independent mannose-6-phosphate receptor",0,0
"Q9JLT4","Txnrd2","26462","Thioredoxin reductase 2, mitochondrial",0,0
"Q8K4R4","Pitpnc1","71795","Cytoplasmic phosphatidylinositol transfer protein 1",0,0
"P52196","Tst","22117","Thiosulfate sulfurtransferase",0,0
"Q60829","Ppp1r1b","19049","Protein phosphatase 1 regulatory subunit 1B",0,0
"Q9D0I8","Mrto4","69902","mRNA turnover protein 4 homolog",0,0
"Q8K4K6","Pank1","75735","Pantothenate kinase 1",0,0
"Q9JIF0","Prmt1","15469","Protein arginine N-methyltransferase 1",0,0
"Q8CD26","Slc35e1","270066","Solute carrier family 35 member E1",0,0
"Q64345","Ifit3","15959","Interferon-induced protein with tetratricopeptide repeats 3",0,0
"P50571","Gabrb1","14400","Gamma-aminobutyric acid receptor subunit beta-1",0,0
"Q9D1H8","Mrpl53","68499","Large ribosomal subunit protein mL53",0,0
"Q60967","Papss1","23971","Bifunctional 3'-phosphoadenosine 5'-phosphosulfate synthase 1",0,0
"Q7TNC8","Glra2","237213","Glycine receptor subunit alpha-2",0,0
"Q3UFT3","Garem1","381126","GRB2-associated and regulator of MAPK protein",0,0
"P08122","Col4a2","12827","Collagen alpha-2(IV) chain",0.5,0.25
"P17918","Pcna","18538","DNA sliding clamp PCNA",0,0
"Q8BTV2","Cpsf7","269061","Cleavage and polyadenylation specificity factor subunit 7",0,0
"Q9CQ91","Ndufa3","66091","NADH dehydrogenase [ubiquinone] 1 alpha subcomplex subunit 3",0,0
"Q62288","Spock1","20745","Testican-1",0,0
"Q91WA6","Sharpin","106025","Sharpin",0,0
"Q6NXK7","Dpp10","269109","Inactive dipeptidyl peptidase 10",0,0
"Q8K3I9","Glcci1","170772","Glucocorticoid-induced transcript 1 protein",0,0
"Q80TN5","Zdhhc17","320150","Palmitoyltransferase ZDHHC17",0,0
"S4R1M9","Osbpl10","74486","Oxysterol-binding protein-related protein 10",0,0
"Q8BPU7","Elmo1","140580","Engulfment and cell motility protein 1",0,0
"Q9WV54","Asah1","11886","Acid ceramidase",0,0
"D3Z649","Kcnt2","240776","Potassium channel subfamily T member 2",0,0
"Q3THE2","Myl12b","67938","Myosin regulatory light chain 12B",0,0
"Q8BYI8","Fam234b","74525","Protein FAM234B",0,0
"O08677","Kng1","16644","Kininogen-1",0,0
"Q8BXV2","Bri3bp","76809","BRI3-binding protein",0,0
"Q9EQG9","Cert1","68018","Ceramide transfer protein",0,0
"Q571K4","Tab3","66724","TGF-beta-activated kinase 1 and MAP3K7-binding protein 3",0,0
"Q7M6Y3","Picalm","233489","Phosphatidylinositol-binding clathrin assembly protein",0,0
"Q6PDX6","Rnf220","66743","E3 ubiquitin-protein ligase Rnf220",0,0
"B1AXH1","Nhsl2","100042480","NHS-like protein 2",0,0
"Q8CGE9","Rgs12","71729","Regulator of G protein signaling 12",0,0
"P50429","Arsb","11881","Arylsulfatase B",0,0
"Q8R3V5","Sh3glb2","227700","Endophilin-B2",0,0
"Q8VCQ3","Nrbf2","641340","Nuclear receptor-binding factor 2",0,0
"Q9CQ02","Commd4","66199","COMM domain-containing protein 4",0,0
"Q922Q8","Lrrc59","98238","Leucine-rich repeat-containing protein 59",0,0
"P70460","Vasp","22323","Vasodilator-stimulated phosphoprotein",0,0
"Q8CEC0","Nup88","19069","Nuclear pore complex protein Nup88",0,0
"Q9Z103","Adnp","11538","Activity-dependent neuroprotector homeobox protein",0,0
"Q8BRU6","Slc18a2","214084","Synaptic vesicular amine transporter",0,0
"Q64FW2","Retsat","67442","All-trans-retinol 13,14-reductase",0,0
"Q80XU3","Nucks1","98415","Nuclear ubiquitous casein and cyclin-dependent kinase substrate 1",0,0
"Q6PGB8","Smarca1","93761","SWI/SNF-related matrix-associated actin-dependent regulator of chromatin subfamily A member 1",0.25,0
"Q9CPT3","Nanp","67311","N-acylneuraminate-9-phosphatase",0,0
"Q05AA6","Drp2","13497","Dystrophin-related protein 2",0,0
"Q8VCH5","Rabepk","227746","Rab9 effector protein with kelch motifs",0,0
"Q99JH8","Kdelr1","68137","ER lumen protein-retaining receptor 1",0,0
"Q9CXX9","Cuedc2","67116","CUE domain-containing protein 2",0,0
"Q8BGJ9","U2af1l4","233073","Splicing factor U2AF 26 kDa subunit",0,0
"P50136","Bckdha","12039","2-oxoisovalerate dehydrogenase subunit alpha, mitochondrial",0,0
"Q99LD9","Eif2b2","217715","Translation initiation factor eIF2B subunit beta",0,0
"Q8CAA7","Pgm2l1","70974","Glucose 1,6-bisphosphate synthase",0,0
"Q8VCR7","Abhd14b","76491","Putative protein-lysine deacylase ABHD14B",0,0
"Q9CWR2","Smyd3","69726","Histone-lysine N-methyltransferase SMYD3",0,0
"Q91V51","Ttll1","319953","Polyglutamylase complex subunit TTLL1",0,0
"Q91VT4","Cbr4","234309","3-oxoacyl-[acyl-carrier-protein] reductase",0,0
"Q3TC33","Ccdc127","67433","Coiled-coil domain-containing protein 127",0,0
"Q80YV4","Pank4","269614","4'-phosphopantetheine phosphatase",0,0
"B8JKV0","Amn1","232566","Protein AMN1 homolog",0,0
"P62340","Tbpl1","237336","TATA box-binding protein-like 1",0,0
"Q8VEJ9","Vps4a","116733","Vacuolar protein sorting-associated protein 4A",0,0
"Q99LB2","Dhrs4","28200","Dehydrogenase/reductase SDR family member 4",0,0
"Q9Z127","Slc7a5","20539","Large neutral amino acids transporter small subunit 1",0,0
"Q8N9S3","Ahsa2","268390","Activator of 90 kDa heat shock protein ATPase homolog 2",0,0
"O54991","Cntnap1","53321","Contactin-associated protein 1",0,0
"Q9JM93","Arl6ip4","65105","ADP-ribosylation factor-like protein 6-interacting protein 4",0,0
"Q4JIM5","Abl2","11352","Tyrosine-protein kinase ABL2",0,0
"O35593","Psmd14","59029","Ubiquitin C-terminal hydrolase PSMD14",0,0
"Q8K0C4","Cyp51a1","13121","Lanosterol 14-alpha demethylase",0,0
"Q3LAC4","Prex2","109294","Phosphatidylinositol 3,4,5-trisphosphate-dependent Rac exchanger 2 protein",0,0
"Q9WTK7","Stk11","20869","Serine/threonine-protein kinase STK11",0,0
"P70188","Kifap3","16579","Kinesin-associated protein 3",0,0
"Q8BH04","Pck2","74551","Phosphoenolpyruvate carboxykinase [GTP], mitochondrial",0,0
"Q9CQD1","Rab5a","271457","Ras-related protein Rab-5A",0,0
"Q8BNA6","Fat3","270120","Protocadherin Fat 3",0,0
"Q62283","Tspan7","21912","Tetraspanin-7",0,0
"O35963","Rab33b","19338","Ras-related protein Rab-33B",0,0
"Q61194","Pik3c2a","18704","Phosphatidylinositol 4-phosphate 3-kinase C2 domain-containing subunit alpha",0,0
"P53026","Rpl10a","19896","Large ribosomal subunit protein uL1",0,0
"Q99JF8","Psip1","101739","PC4 and SFRS1-interacting protein",0,0
"Q8CBC7","Ftsj1","54632","tRNA (cytidine(32)/guanosine(34)-2'-O)-methyltransferase",0,0
"P47911","Rpl6","19988","Large ribosomal subunit protein eL6",0,0
"Q07797","Lgals3bp","19039","Galectin-3-binding protein",0.25,0
"Q6PDI6","Mindy2","235461","Ubiquitin carboxyl-terminal hydrolase MINDY-2",0,0
"Q03265","Atp5f1a","11946","ATP synthase F(1) complex subunit alpha, mitochondrial",0,0
"Q7TSQ8","Pdpr","319518","Pyruvate dehydrogenase phosphatase regulatory subunit, mitochondrial",0,0
"Q9QXK7","Cpsf3","54451","Cleavage and polyadenylation specificity factor subunit 3",0,0
"Q9WV95","Phlda3","27280","Pleckstrin homology-like domain family A member 3",0,0
"P49138","Mapkapk2","17164","MAP kinase-activated protein kinase 2",0,0
"Q8R3C0","Mcmbp","210711","Mini-chromosome maintenance complex-binding protein",0,0
"Q6P5H2","Nes","18008","Nestin",0.5,0
"P06683","C9","12279","Complement component C9",0,0
"Q61183","Papola","18789","Poly(A) polymerase alpha",0,0
"Q6DVA0","Lemd2","224640","LEM domain-containing protein 2",0,0
"P35278","Rab5c","19345","Ras-related protein Rab-5C",0,0
"Q3UDK1","Trafd1","231712","TRAF-type zinc finger domain-containing protein 1",0,0
"Q9DCL4","Mettl15","76894","12S rRNA N(4)-cytidine methyltransferase METTL15",0,0.25
"Q61142","Spin1","20729","Spindlin-1",0,0
"Q8R1R3","Stard7","99138","StAR-related lipid transfer protein 7, mitochondrial",0,0
"Q9CXT8","Pmpcb","73078","Mitochondrial-processing peptidase subunit beta",0,0
"Q812E0","Cpeb2","231207","Cytoplasmic polyadenylation element-binding protein 2",0,0
"Q923X4","Glrx2","69367","Glutaredoxin-2, mitochondrial",0,0
"Q9D7A6","Srp19","66384","Signal recognition particle 19 kDa protein",0,0
"Q99JW1","Abhd17a","216169","Alpha/beta hydrolase domain-containing protein 17A",0,0
"P55065","Pltp","18830","Phospholipid transfer protein",0,0
"Q9DBU6","Rsrc1","66880","Serine/Arginine-related protein 53",0,0
"P47856","Gfpt1","14583","Glutamine--fructose-6-phosphate aminotransferase [isomerizing] 1",0,0
"Q80W22","Thnsl2","232078","Threonine synthase-like 2",0,0
"Q9CPV9","P2ry12","70839","P2Y purinoceptor 12",0,0
"Q99J45","Nrbp1","192292","Nuclear receptor-binding protein",0,0
"Q8R173","Zdhhc3","69035","Palmitoyltransferase ZDHHC3",0,0
"Q8R1F6","Hid1","217310","Protein HID1",0,0
"Q80YD6","Sergef","27414","Secretion-regulating guanine nucleotide exchange factor",0,0
"Q3UMB9","Washc4","319277","WASH complex subunit 4",0,0
"Q9CZR3","Tomm40l","641376","Mitochondrial import receptor subunit TOM40B",0,0
"Q9D1A2","Cndp2","66054","Cytosolic non-specific dipeptidase",0,0
"Q9CYC6","Dcp2","70640","m7GpppN-mRNA hydrolase",0.25,0.25
"P68373","Tuba1c","22146","Tubulin alpha-1C chain",0,0
"Q8CCJ3","Ufl1","67490","E3 UFM1-protein ligase 1",0,0
"O70293","Grk6","26385","G protein-coupled receptor kinase 6",0,0
"Q9CQY1","Atg12","67526","Ubiquitin-like protein ATG12",0.25,0
"Q9DC53","Cpne8","66871","Copine-8",0,0
"Q91XD6","Vps36","70160","Vacuolar protein-sorting-associated protein 36",0,0
"P61514","Rpl37a","19981","Large ribosomal subunit protein eL43",0,0
"Q9CWD8","Nubpl","76826","Iron-sulfur cluster transfer protein NUBPL",0,0
"Q9CZN4","Shisa9","72555","Protein shisa-9",0,0
"Q9R020","Zranb2","53861","Zinc finger Ran-binding domain-containing protein 2",0,0
"P15327","Bpgm","12183","Bisphosphoglycerate mutase",0,0
"Q3TGW2","Eepd1","67484","Endonuclease/exonuclease/phosphatase family domain-containing protein 1",0,0
"Q80U56","Avl9","78937","Late secretory pathway protein AVL9 homolog",0,0
"Q7TN29","Smap2","69780","Stromal membrane-associated protein 2",0,0
"Q3TD49","Sppl2b","73218","Signal peptide peptidase-like 2B",0,0
"Q7TN99","Cpeb3","208922","Cytoplasmic polyadenylation element-binding protein 3",0,0
"Q9QZR0","Rnf25","57751","E3 ubiquitin-protein ligase RNF25",0,0
"Q80SY4","Mib1","225164","E3 ubiquitin-protein ligase MIB1",0,0
"O09111","Ndufb11","104130","NADH dehydrogenase [ubiquinone] 1 beta subcomplex subunit 11, mitochondrial",0,0
"Q8CHK2","Rln3","212108","Relaxin-3",0,0.25
"Q9WUR9","Ak4","11639","Adenylate kinase 4, mitochondrial",0,0
"Q922H4","Gmppa","69080","Mannose-1-phosphate guanylyltransferase regulatory subunit alpha",0,0
"Q6ZPF3","Tiam2","24001","Rho guanine nucleotide exchange factor TIAM2",0,0
"P47743","Grm8","14823","Metabotropic glutamate receptor 8",0,0
"Q9WTP7","Ak3","56248","GTP:AMP phosphotransferase AK3, mitochondrial",0,0
"Q8R1F1","Niban2","227737","Protein Niban 2",0,0
"Q922H1","Prmt3","71974","Protein arginine N-methyltransferase 3",0,0
"Q91Y63","Slc13a3","114644","Na(+)/dicarboxylate cotransporter 3",0,0
"P12023","App","11820","Amyloid-beta precursor protein",0,0
"Q8K448","Abca5","217265","Cholesterol transporter ABCA5",0,0
"Q8CE33","Klhl11","217194","Kelch-like protein 11",0,0
"Q99NB1","Acss1","68738","Acetyl-coenzyme A synthetase 2-like, mitochondrial",0,0
"Q5NCE8","Mrs2","380836","Magnesium transporter MRS2 homolog, mitochondrial",0,0
"Q9D710","Tmx2","66958","Thioredoxin-related transmembrane protein 2",0,0
"Q9Z2V5","Hdac6","15185","Protein deacetylase HDAC6",0,0
"Q3TL44","Nlrx1","270151","NLR family member X1",0,0
"P63001","Rac1","19353","Ras-related C3 botulinum toxin substrate 1",0,0
"Q05144","Rac2","19354","Ras-related C3 botulinum toxin substrate 2",0.25,0
"Q80ZK0","Mrps10","64657","Small ribosomal subunit protein uS10m",0,0
"Q91WP6","Serpina3n","20716","Serine protease inhibitor A3N",0,0.25
"Q6PF93","Pik3c3","225326","Phosphatidylinositol 3-kinase catalytic subunit type 3",0,0
"Q99LB6","Mat2b","108645","Methionine adenosyltransferase 2 subunit beta",0,0
"Q925N1","Sfxn4","94281","Sideroflexin-4",0,0
"P47758","Srprb","20818","Signal recognition particle receptor subunit beta",0,0
"Q64516","Gk","14933","Glycerol kinase",0,0
"Q9D0E3","Lysmd1","217779","LysM and putative peptidoglycan-binding domain-containing protein 1",0,0
"P06745","Gpi","14751","Glucose-6-phosphate isomerase",0,0
"Q9CZH3","Psmg3","66506","Proteasome assembly chaperone 3",0.25,0
"Q8VCK3","Tubg2","103768","Tubulin gamma-2 chain",0,0
"Q8BLN5","Lss","16987","Lanosterol synthase",0,0
"P84096","Rhog","56212","Rho-related GTP-binding protein RhoG",0,0
"Q8K2Q9","Shtn1","71653","Shootin-1",0,0
"Q99LH2","Ptdss1","19210","Phosphatidylserine synthase 1",0,0
"Q3U186","Rars2","109093","Probable arginine--tRNA ligase, mitochondrial",0,0
"Q9QYP6","Azi2","27215","5-azacytidine-induced protein 2",0,0
"O88792","F11r","16456","Junctional adhesion molecule A",0,0
"Q80YV2","Zc3hc1","232679","Zinc finger C3HC-type protein 1",0,0
"Q80YS6","Afap1","70292","Actin filament-associated protein 1",0,0
"Q9D6F9","Tubb4a","22153","Tubulin beta-4A chain",0,0
"Q9QZS3","Numb","18222","Protein numb homolog",0,0
"Q8R1J9","Tor2a","30933","Torsin-2A",0,0
"A0A1W2P872","Nova2","384569","RNA-binding protein Nova-2",0,0
"Q9CQE1","Nipsnap3b","66536","Protein NipSnap homolog 3B",0,0
"Q8R3N6","Thoc1","225160","THO complex subunit 1",0,0
"Q9CQQ0","Smim8","66291","Small integral membrane protein 8",0,0
"Q921X6","Polr3f","70408","DNA-directed RNA polymerase III subunit RPC6",0,0.25
"Q8K1S4","Unc5a","107448","Netrin receptor UNC5A",0,0
"Q99KQ4","Nampt","59027","Nicotinamide phosphoribosyltransferase",0,0
"Q8BGR6","Arl15","218639","ADP-ribosylation factor-like protein 15",0,0
"Q9WVF8","Tusc2","80385","Tumor suppressor candidate 2",0,0
"Q8CI61","Bag4","67384","BAG family molecular chaperone regulator 4",0,0
"Q99K01","Pdxdc1","94184","Pyridoxal-dependent decarboxylase domain-containing protein 1",0,0
"Q8BVI5","Stx16","228960","Syntaxin-16",0,0
"Q9CX80","Cygb","114886","Cytoglobin",0,0
"Q8K0T2","Dync2li1","213575","Cytoplasmic dynein 2 light intermediate chain 1",0,0
"Q9JLV2","Trpc4ap","56407","Short transient receptor potential channel 4-associated protein",0,0
"Q9DC69","Ndufa9","66108","NADH dehydrogenase [ubiquinone] 1 alpha subcomplex subunit 9, mitochondrial",0,0
"A2RSX7","Tyw5","68736","tRNA wybutosine-synthesizing protein 5",0,0
"Q6RI63","Fam120b","67544","Constitutive coactivator of peroxisome proliferator-activated receptor gamma",0,0
"Q5SSW2","Psme4","103554","Proteasome activator complex subunit 4",0,0
"Q91WA9","Abcg4","192663","ATP-binding cassette subfamily G member 4",0,0
"O55074","Akap7","432442","A-kinase anchor protein 7 isoform alpha",0,0
"Q3TC46","Patl1","225929","Protein PAT1 homolog 1",0,0
"Q9CPR7","Sike1","66641","Suppressor of IKBKE 1",0,0
"Q91WF7","Fig4","103199","Polyphosphoinositide phosphatase",0,0
"Q6PJN8","Dalrd3","67789","DALR anticodon-binding domain-containing protein 3",0.25,0
"Q6NVF9","Cpsf6","432508","Cleavage and polyadenylation specificity factor subunit 6",0,0
"Q9DCH6","Zfand6","65098","AN1-type zinc finger protein 6",0,0
"Q8BUL6","Plekha1","101476","Pleckstrin homology domain-containing family A member 1",0,0
"Q9JJJ7","Porcn","53627","Protein-serine O-palmitoleoyltransferase porcupine",0,0
"P70414","Slc8a1","20541","Sodium/calcium exchanger 1",0,0
"P28828","Ptprm","19274","Receptor-type tyrosine-protein phosphatase mu",0,0
"P51175","Ppox","19044","Protoporphyrinogen oxidase",0,0
"Q8VE18","Smg8","74133","Nonsense-mediated mRNA decay factor SMG8",0,0
"O08997","Atox1","11927","Copper transport protein ATOX1",0,0
"Q61772","Epha7","13841","Ephrin type-A receptor 7",0,0
"Q9CYK1","Wars2","70560","Tryptophan--tRNA ligase, mitochondrial",0,0
"P28651","Ca8","12319","Carbonic anhydrase-related protein",0,0
"P68254","Ywhaq","22630","14-3-3 protein theta",0,0
"Q9CQV8","Ywhab","54401","14-3-3 protein beta/alpha",0,0
"Q9JLB9","Nectin3","58998","Nectin-3",0,0
"Q60590","Orm1","18405","Alpha-1-acid glycoprotein 1",0,0
"Q91ZW2","Pofut1","140484","GDP-fucose protein O-fucosyltransferase 1",0,0
"Q7TSH4","Ccp110","101565","Centriolar coiled-coil protein of 110 kDa",0,0
"Q9QZE7","Tsnax","53424","Translin-associated protein X",0,0
"O70451","Slc16a7","20503","Monocarboxylate transporter 2",0,0
"P57724","Pcbp4","59092","Poly(rC)-binding protein 4",0,0
"Q9DBG7","Srpra","67398","Signal recognition particle receptor subunit alpha",0,0
"Q9R088","Tk2","57813","Thymidine kinase 2, mitochondrial",0,0
"Q8CFE2","Hpf1","72612","Histone PARylation factor 1",0,0
"Q8BWH0","Slc38a7","234595","Sodium-coupled neutral amino acid transporter 7",0,0
"Q9CY62","Rnf181","66510","E3 ubiquitin-protein ligase RNF181",0,0
"P62814","Atp6v1b2","11966","V-type proton ATPase subunit B, brain isoform",0,0
"P24668","M6pr","17113","Cation-dependent mannose-6-phosphate receptor",0,0
"Q9DC40","Telo2","71718","Telomere length regulation protein TEL2 homolog",0.25,0
"Q8BMB3","Eif4e2","26987","Eukaryotic translation initiation factor 4E type 2",0,0
"Q9EP72","Emc7","73024","Endoplasmic reticulum membrane protein complex subunit 7",0,0
"Q8K211","Slc31a1","20529","High affinity copper uptake protein 1",0,0
"Q8VHK5","Mlc1","170790","Membrane protein MLC1",0,0
"Q8BMF3","Me3","109264","NADP-dependent malic enzyme, mitochondrial",0,0
"Q9ESW8","Pgpep1","66522","Pyroglutamyl-peptidase 1",0,0
"B2RSH2","Gnai1","14677","Guanine nucleotide-binding protein G(i) subunit alpha-1",0,0
"Q9R0X4","Acot9","56360","Acyl-coenzyme A thioesterase 9, mitochondrial",0,0
"Q3TZX3","Slc25a33","70556","Solute carrier family 25 member 33",0,0
"Q9JHZ2","Ankh","11732","Mineralization regulator ANKH",0,0
"O88587","Comt","12846","Catechol O-methyltransferase",0,0
"Q9JIQ3","Diablo","66593","Diablo IAP-binding mitochondrial protein",0,0
"Q8BVG8","Nat14","269854","Probable N-acetyltransferase 14",0,0
"Q9DA75","Mfsd2a","76574","Sodium-dependent lysophosphatidylcholine symporter 1",0,0.25
"Q8CHK3","Mboat7","77582","Membrane-bound acylglycerophosphatidylinositol O-acyltransferase MBOAT7",0,0
"Q6NV83","U2surp","67958","U2 snRNP-associated SURP motif-containing protein",0,0
"Q921M7","Cyrib","223601","CYFIP-related Rac1 interactor B",0,0
"O55060","Tpmt","22017","Thiopurine S-methyltransferase",0,0
"E9Q8Q6","Ccdc141","545428","Coiled-coil domain-containing protein 141",0.25,0
"Q9JKM7","Rab37","58222","Ras-related protein Rab-37",0.25,0.5
"P53810","Pitpna","18738","Phosphatidylinositol transfer protein alpha isoform",0,0
"Q8BH16","Fbxl2","72179","F-box/LRR-repeat protein 2",0.5,0
"Q9DBF1","Aldh7a1","110695","Alpha-aminoadipic semialdehyde dehydrogenase",0,0
"Q9DBL7","Coasy","71743","Bifunctional coenzyme A synthase",0,0
"Q8BWS5","Gprin3","243385","G protein-regulated inducer of neurite outgrowth 3",0,0
"Q8BGI5","Pex26","74043","Peroxisome assembly protein 26",0.5,0.25
"Q09143","Slc7a1","11987","High affinity cationic amino acid transporter 1",0,0
"P18581","Slc7a2","11988","Cationic amino acid transporter 2",0,0
"Q8BLQ7","Slc7a4","224022","Cationic amino acid transporter 4",0,0
"Q920P3","Brinp1","56710","BMP/retinoic acid-inducible neural-specific protein 1",0,0
"P34022","Ranbp1","19385","Ran-specific GTPase-activating protein",0,0
"Q3URS9","Ccdc51","66658","Mitochondrial potassium channel",0,0
"Q9D4H2","Gcc1","74375","GRIP and coiled-coil domain-containing protein 1",0,0.25
"Q78IK4","Apool","68117","MICOS complex subunit Mic27",0,0
"P51141","Dvl1","13542","Segment polarity protein dishevelled homolog DVL-1",0,0
"P53994","Rab2a","59021","Ras-related protein Rab-2A",0,0
"Q61598","Gdi2","14569","Rab GDP dissociation inhibitor beta",0,0
"O70443","Gnaz","14687","Guanine nucleotide-binding protein G(z) subunit alpha",0,0
"O88696","Clpp","53895","ATP-dependent Clp protease proteolytic subunit, mitochondrial",0,0
"Q9DCS9","Ndufb10","68342","NADH dehydrogenase [ubiquinone] 1 beta subcomplex subunit 10",0,0
"Q8CC70","Cfap300","234912","Cilia- and flagella-associated protein 300",0.25,0.5
"P53702","Hccs","15159","Holocytochrome c-type synthase",0,0
"P0C605","Prkg1","19091","cGMP-dependent protein kinase 1",0,0
"Q3TVP5","Otulinl","223433","Inactive ubiquitin thioesterase OTULINL",0,0
"Q80TN4","Dnajc16","214063","DnaJ homolog subfamily C member 16",0,0
"Q149F3","Gspt2","14853","Eukaryotic peptide chain release factor GTP-binding subunit ERF3B",0,0
"Q9D4H9","Phf14","75725","PHD finger protein 14",0,0
"Q8CFI7","Polr2b","231329","DNA-directed RNA polymerase II subunit RPB2",0,0
"P00397","Mtco1","17708","Cytochrome c oxidase subunit 1",0,0
"P24529","Th","21823","Tyrosine 3-monooxygenase",0,0
"Q8BSE0","Rmdn2","381110","Regulator of microtubule dynamics protein 2",0,0
"Q60872","Eif1a","13664","Eukaryotic translation initiation factor 1A",0,0
"Q8BTU1","Cfap20","14894","Cilia- and flagella-associated protein 20",0,0
"Q8VEH8","Erlec1","66753","Endoplasmic reticulum lectin 1",0,0
"Q8BK03","Miga2","108958","Mitoguardin 2",0,0
"Q8JZN5","Acad9","229211","Complex I assembly factor ACAD9, mitochondrial",0,0
"Q80Y56","Rbsn","78287","Rabenosyn-5",0,0
"Q8BHJ6","Serinc5","218442","Serine incorporator 5",0,0
"Q96DY5","Rnf112","22671","RING finger protein 112",0,0
"Q9D8N2","Dennd10","67894","DENN domain-containing protein 10",0,0
"Q99LT0","Dpy30","66310","Protein dpy-30 homolog",0.25,0.25
"P01901","H2-K1","14972","H-2 class I histocompatibility antigen, K-B alpha chain",0,0
"Q5SWD9","Tsr1","104662","Pre-rRNA-processing protein TSR1 homolog",0.5,0
"Q61070","Ei24","13663","Etoposide-induced protein 2.4",0,0
"P60191","Rims4","241770","Regulating synaptic membrane exocytosis protein 4",0,0
"Q9JM76","Arpc3","56378","Actin-related protein 2/3 complex subunit 3",0,0
"Q8BLQ9","Cadm2","239857","Cell adhesion molecule 2",0,0
"Q499E0","Brinp3","215378","BMP/retinoic acid-inducible neural-specific protein 3",0,0
"O08811","Ercc2","13871","General transcription and DNA repair factor IIH helicase subunit XPD",0,0
"Q8K4Z3","Naxe","246703","NAD(P)H-hydrate epimerase",0,0
"Q8CEC6","Ppwd1","238831","Peptidylprolyl isomerase domain and WD repeat-containing protein 1",0,0
"Q6PCP5","Mff","75734","Mitochondrial fission factor",0,0
"Q8BGV0","Nars2","244141","Asparaginyl-tRNA synthetase",0,0
"Q8BLS7","Sowaha","237761","Ankyrin repeat domain-containing protein SOWAHA",0,0
"P68500","Cntn5","244682","Contactin-5",0,0
"Q8C460","Eri3","140546","ERI1 exoribonuclease 3",0,0
"Q71FD5","Znrf2","387524","E3 ubiquitin-protein ligase ZNRF2",0,0
"P63250","Kcnj3","16519","G protein-activated inward rectifier potassium channel 1",0,0
"Q3V3V9","Carmil2","234695","Capping protein, Arp2/3 and myosin-I linker protein 2",0,0
"Q8CBY1","Samd4a","74480","Protein Smaug homolog 1",0,0
"Q8VDT9","Mrpl50","28028","Large ribosomal subunit protein mL50",0,0
"Q2HXL6","Edem3","66967","ER degradation-enhancing alpha-mannosidase-like protein 3",0.25,0
"Q9DCH4","Eif3f","66085","Eukaryotic translation initiation factor 3 subunit F",0,0
"O54962","Banf1","23825","Barrier-to-autointegration factor",0,0
"Q8BWR2","Pithd1","66193","PITH domain-containing protein 1",0,0
"Q99LR1","Abhd12","76192","Lysophosphatidylserine lipase ABHD12",0,0
"Q3UVC0","Ksr2","333050","Kinase suppressor of Ras 2",0,0
"Q8R4G0","Ntng1","80883","Netrin-G1",0,0
"Q8R4F1","Ntng2","171171","Netrin-G2",0,0
"Q9Z1K6","Arih2","23807","E3 ubiquitin-protein ligase ARIH2",0,0
"P70453","Pde7a","18583","High affinity 3',5'-cyclic-AMP phosphodiesterase 7A",0,0.5
"Q61271","Acvr1b","11479","Activin receptor type-1B",0,0
"Q80WT5","Aftph","216549","Aftiphilin",0,0
"Q80TE4","Sipa1l2","244668","Signal-induced proliferation-associated 1-like protein 2",0,0
"Q8VEE0","Rpe","66646","Ribulose-phosphate 3-epimerase",0,0
"Q9JLC4","Sorcs1","58178","VPS10 domain-containing receptor SorCS1",0,0
"Q8BYW1","Arhgap25","232201","Rho GTPase-activating protein 25",0,0
"Q3U308","Ctu2","66965","Cytoplasmic tRNA 2-thiolation protein 2",0,0
"Q9ERE7","Mesd","67943","LRP chaperone MESD",0,0
"Q5PR73","Diras2","68203","GTP-binding protein Di-Ras2",0,0
"O70433","Fhl2","14200","Four and a half LIM domains protein 2",0,0
"Q99LC9","Pex6","224824","Peroxisomal ATPase PEX6",0,0
"Q8K440","Abca8b","27404","ABC-type organic anion transporter ABCA8B",0,0
"Q7TNF0","Doc2a","13446","Double C2-like domain-containing protein alpha",0,0
"Q811J3","Ireb2","64602","Iron-responsive element-binding protein 2",0,0
"P59823","Il1rapl1","331461","Interleukin-1 receptor accessory protein-like 1",0,0
"Q6P1Y8","Inpp4b","234515","Type II inositol 3,4-bisphosphate 4-phosphatase",0,0
"Q8WTY4","Ciapin1","109006","Anamorsin",0,0
"Q8BY89","Slc44a2","68682","Choline transporter-like protein 2",0,0
"P97927","Lama4","16775","Laminin subunit alpha-4",0,0
"Q9R118","Htra1","56213","Serine protease HTRA1",0,0
"Q6X893","Slc44a1","100434","Choline transporter-like protein 1",0,0
"Q06180","Ptpn2","19255","Tyrosine-protein phosphatase non-receptor type 2",0,0
"Q8BFX3","Kctd3","226823","BTB/POZ domain-containing protein KCTD3",0,0
"E9Q137","Tex264","21767","Testis-expressed protein 264 homolog",0,0
"P53668","Limk1","16885","LIM domain kinase 1",0,0
"Q9Z1M0","P2rx7","18439","P2X purinoceptor 7",0,0
"P21614","Gc","14473","Vitamin D-binding protein",0,0
"Q8BX09","Rbbp5","213464","Retinoblastoma-binding protein 5",0,0
"F7BWT7","Tspan15","70423","Tetraspanin-15",0,0
"Q8BJU2","Tspan9","109246","Tetraspanin-9",0,0
"Q62392","Phlda1","21664","Pleckstrin homology-like domain family A member 1",0.5,0.5
"P62983","Rps27a","78294","Ubiquitin-ribosomal protein eS31 fusion protein",0,0
"Q9CQE7","Ergic3","66366","Endoplasmic reticulum-Golgi intermediate compartment protein 3",0,0
"O55186","Cd59a","12509","CD59A glycoprotein",0,0.5
"Q9WTU3","Scn8a","20273","Sodium channel protein type 8 subunit alpha",0,0
"Q8BGT1","Flrt3","71436","Leucine-rich repeat transmembrane protein FLRT3",0,0
"Q80WM5","Hapln3","67666","Hyaluronan and proteoglycan link protein 3",0,0
"Q9QUP5","Hapln1","12950","Hyaluronan and proteoglycan link protein 1",0,0
"Q9QYM9","Tmeff2","56363","Tomoregulin-2",0,0
"Q6PDL0","Dync1li2","234663","Cytoplasmic dynein 1 light intermediate chain 2",0,0
"O35711","Ppfibp2","19024","Liprin-beta-2",0.5,0.25
"Q6ZQ88","Kdm1a","99982","Lysine-specific histone demethylase 1A",0,0
"P09055","Itgb1","16412","Integrin beta-1",0,0
"Q921C5","Bicd2","76895","Protein bicaudal D homolog 2",0,0
"Q9D9E0","Slc22a17","59049","Solute carrier family 22 member 17",0,0
"P63268","Actg2","11468","Actin, gamma-enteric smooth muscle",0,0
"P35276","Rab3d","19340","Ras-related protein Rab-3D",0,0
"P62835","Rap1a","109905","Ras-related protein Rap-1A",0,0
"Q9CR56","Nkiras2","71966","NF-kappa-B inhibitor-interacting Ras-like protein 2",0,0
"Q921E2","Rab31","106572","Ras-related protein Rab-31",0,0
"Q80WV3","Chst2","54371","Carbohydrate sulfotransferase 2",0,0
"Q8CJ61","Cmtm4","97487","CKLF-like MARVEL transmembrane domain-containing protein 4",0,0
"Q99PP7","Trim33","94093","E3 ubiquitin-protein ligase TRIM33",0,0
"Q61164","Ctcf","13018","Transcriptional repressor CTCF",0,0
"Q8K2P6","Rfesd","218341","Rieske domain-containing protein",0,0
"P70335","Rock1","19877","Rho-associated protein kinase 1",0,0
"Q8CD92","Ttc27","74196","Tetratricopeptide repeat protein 27",0,0
"Q8BFZ3","Actbl2","238880","Beta-actin-like protein 2",0,0
"P41242","Matk","17179","Megakaryocyte-associated tyrosine-protein kinase",0,0
"Q9D868","Ppih","66101","Peptidyl-prolyl cis-trans isomerase H",0,0
"Q8HW98","Iglon5","210094","IgLON family member 5",0,0
"O35393","Efnb3","13643","Ephrin-B3",0,0
"Q8R5M8","Cadm1","54725","Cell adhesion molecule 1",0,0
"Q80TR4","Slit1","20562","Slit homolog 1 protein",0,0
"Q91W59","Rbms1","56878","RNA-binding motif, single-stranded-interacting protein 1",0.5,0
"Q9R1V7","Adam23","23792","Disintegrin and metalloproteinase domain-containing protein 23",0,0
"Q8VE95","Q8VE95","223665","UPF0598 protein C8orf82 homolog",0,0
"Q60634","Flot2","14252","Flotillin-2",0,0
"Q8BMJ2","Lars1","107045","Leucine--tRNA ligase, cytoplasmic",0,0
"Q3UMF0","Cobll1","319876","Cordon-bleu protein-like 1",0,0
"Q99N93","Mrpl16","94063","Large ribosomal subunit protein uL16m",0,0
"Q6PFE7","Tmeff1","230157","Tomoregulin-1",0,0
"Q80Z24","Negr1","320840","Neuronal growth regulator 1",0,0
"P20918","Plg","18815","Plasminogen",0,0
"Q9DB30","Phkg2","68961","Phosphorylase b kinase gamma catalytic chain, liver/testis isoform",0,0
"Q9WVB4","Slit3","20564","Slit homolog 3 protein",0,0
"O70194","Eif3d","55944","Eukaryotic translation initiation factor 3 subunit D",0,0
"A2AWA9","Rabgap1","227800","Rab GTPase-activating protein 1",0,0
"P97367","Meis2","17536","Homeobox protein Meis2",0.25,0.25
"Q8CIH9","Ppat","231327","Amidophosphoribosyltransferase",0,0
"Q8C6G8","Wdr26","226757","WD repeat-containing protein 26",0,0
"Q8BH27","Megf9","230316","Multiple epidermal growth factor-like domains protein 9",0,0
"Q8C0L0","Tmx4","52837","Thioredoxin-related transmembrane protein 4",0,0
"Q3UVG3","Fam91a1","210998","Protein FAM91A1",0,0
"P61082","Ube2m","22192","NEDD8-conjugating enzyme Ubc12",0,0
"P0C7M9","Clec2l","665180","C-type lectin domain family 2 member L",0,0
"Q810C1","Slitrk1","76965","SLIT and NTRK-like protein 1",0,0
"Q810B8","Slitrk4","245446","SLIT and NTRK-like protein 4",0,0
"Q8C6E0","Cfap36","216618","Cilia- and flagella-associated protein 36",0,0
"Q9D8B7","Jam3","83964","Junctional adhesion molecule C",0,0
"P97333","Nrp1","18186","Neuropilin-1",0,0
"Q8C4Q6","Aida","108909","Axin interactor, dorsalization-associated protein",0,0
"Q2YDW2","Msto1","229524","Protein misato homolog 1",0,0
"Q8BSZ2","Ap3s2","11778","AP-3 complex subunit sigma-2",0,0
"A2AR02","Ppig","228005","Peptidyl-prolyl cis-trans isomerase G",0,0
"P61315","Gal3st3","545276","Galactose-3-O-sulfotransferase 3",0,0
"Q8R010","Aimp2","231872","Aminoacyl tRNA synthase complex-interacting multifunctional protein 2",0,0
"Q3V1L4","Nt5c2","76952","Cytosolic purine 5'-nucleotidase",0,0
"P98191","Cds1","74596","Phosphatidate cytidylyltransferase 1",0,0
"Q99KF1","Tmed9","67511","Transmembrane emp24 domain-containing protein 9",0,0
"Q80U30","Clec16a","74374","Protein CLEC16A",0,0
"Q9QXW9","Slc7a8","50934","Large neutral amino acids transporter small subunit 2",0,0
"O08738","Casp6","12368","Caspase-6",0,0.25
"Q6GQT5","Tmem151a","381199","Transmembrane protein 151A",0,0
"P35441","Thbs1","21825","Thrombospondin-1",0,0
"Q8R4E6","Purg","75029","Purine-rich element-binding protein gamma",0,0
"Q8BKC8","Pi4kb","107650","Phosphatidylinositol 4-kinase beta",0,0
"Q8BGS7","Cept1","99712","Choline/ethanolaminephosphotransferase 1",0,0
"P51125","Cast","12380","Calpastatin",0,0
"Q9CX56","Psmd8","57296","26S proteasome non-ATPase regulatory subunit 8",0,0
"Q9QZB7","Actr10","56444","Actin-related protein 10",0,0
"Q62219","Tgfb1i1","21804","Transforming growth factor beta-1-induced transcript 1 protein",0,0
"Q60870","Reep5","13476","Receptor expression-enhancing protein 5",0,0
"Q91WB4","Plekhf2","71801","Pleckstrin homology domain-containing family F member 2",0,0
"Q3TWI9","Tmem63b","224807","Mechanosensitive cation channel TMEM63B",0,0
"Q8BH60","Gopc","94221","Golgi-associated PDZ and coiled-coil motif-containing protein",0,0
"Q3UGP9","Lrrc58","320184","Leucine-rich repeat-containing protein 58",0,0
"P28843","Dpp4","13482","Dipeptidyl peptidase 4",0,0
"P70689","Gjb6","14623","Gap junction beta-6 protein",0,0
"Q8BFU8","Slc17a8","216227","Vesicular glutamate transporter 3",0.5,0
"Q8CIB5","Fermt2","218952","Fermitin family homolog 2",0,0
"P41778","Pbx1","18514","Pre-B-cell leukemia transcription factor 1",0,0
"Q8VDP2","Steep1","77644","STING ER exit protein",0,0
"P70662","Ldb1","16825","LIM domain-binding protein 1",0,0
"Q61324","Arnt2","11864","Aryl hydrocarbon receptor nuclear translocator 2",0,0
"P97470","Ppp4c","56420","Serine/threonine-protein phosphatase 4 catalytic subunit",0,0
"Q8BH61","F13a1","74145","Coagulation factor XIII A chain",0,0
"P17563","Selenbp1","20341","Methanethiol oxidase",0,0
"Q9CQA3","Sdhb","67680","Succinate dehydrogenase [ubiquinone] iron-sulfur subunit, mitochondrial",0,0
"Q8C0J2","Atg16l1","77040","Autophagy-related protein 16-1",0,0
"O70209","Pdlim3","53318","PDZ and LIM domain protein 3",0.25,0
"Q91VM3","Wdr45","54636","WD repeat domain phosphoinositide-interacting protein 4",0,0
"Q8BGF3","Dnaaf10","103784","Dynein axonemal assembly factor 10",0,0
"Q3TWL2","Pip4p1","219024","Type 1 phosphatidylinositol 4,5-bisphosphate 4-phosphatase",0,0
"Q3THG9","Aarsd1","69684","Alanyl-tRNA editing protein Aarsd1",0,0
"Q925T6","Grip1","74053","Glutamate receptor-interacting protein 1",0,0
"P62080","Tspan5","56224","Tetraspanin-5",0,0
"Q8QZY6","Tspan14","52588","Tetraspanin-14",0,0
"P61161","Actr2","66713","Actin-related protein 2",0,0
"P98192","Gnpat","14712","Dihydroxyacetone phosphate acyltransferase",0,0
"O55013","Trappc3","27096","Trafficking protein particle complex subunit 3",0,0
"Q9DB27","Mcts1","68995","Malignant T-cell-amplified sequence 1",0,0
"Q5HZI9","Slc25a51","230125","Mitochondrial nicotinamide adenine dinucleotide transporter SLC25A51",0,0
"Q8BGC4","Ptgr3","225791","Prostaglandin reductase-3",0,0
"Q6GV12","Kdsr","70750","3-ketodihydrosphingosine reductase",0,0
"Q9Z1N5","Ddx39b","53817","Spliceosome RNA helicase Ddx39b",0,0
"Q9JJR8","Tmem9b","56786","Transmembrane protein 9B",0,0
"Q9CR23","Tmem9","66241","Proton-transporting V-type ATPase complex assembly regulator TMEM9",0,0
"Q9R1V4","Adam11","11488","Disintegrin and metalloproteinase domain-containing protein 11",0,0
"Q99KN2","Ciao1","26371","Probable cytosolic iron-sulfur protein assembly protein CIAO1",0,0
"P63056","Olfm3","229759","Noelin-3",0,0
"O88998","Olfm1","56177","Noelin",0,0
"Q9DBS9","Osbpl3","71720","Oxysterol-binding protein-related protein 3",0,0
"Q9WVH9","Fbln5","23876","Fibulin-5",0,0
"Q9JHI7","Exosc9","50911","Exosome complex component RRP45",0,0
"O35874","Slc1a4","55963","Neutral amino acid transporter A",0,0
"Q3UM45","Ppp1r7","66385","Protein phosphatase 1 regulatory subunit 7",0,0
"P50543","S100a11","20195","Protein S100-A11",0,0
"Q91YM2","Arhgap35","232906","Rho GTPase-activating protein 35",0,0
"Q9QZC2","Plxnc1","54712","Plexin-C1",0,0
"Q8BRJ3","Rell2","225392","RELT-like protein 2",0,0
"Q6P1D5","Sez6l","56747","Seizure 6-like protein",0,0
"Q8R2S9","Actr8","56249","Actin-related protein 8",0.5,0.5
"P27048","Snrpb","20638","Small nuclear ribonucleoprotein-associated protein B",0,0
"Q8BVU5","Nudt9","74167","ADP-ribose pyrophosphatase",0,0
"Q9EST4","Psmg2","107047","Proteasome assembly chaperone 2",0,0
"Q924X6","Lrp8","16975","Low-density lipoprotein receptor-related protein 8",0,0
"Q8C0K5","Slc25a16","73132","Mitochondrial coenzyme A transporter SLC25A16",0,0
"Q9CZ04","Cops7a","26894","COP9 signalosome complex subunit 7a",0,0
"Q99JF5","Mvd","192156","Diphosphomevalonate decarboxylase",0,0
"Q9JMC3","Dnaja4","58233","DnaJ homolog subfamily A member 4",0,0
"Q8C525","Mb21d2","239796","Nucleotidyltransferase MB21D2",0,0
"Q8BG16","Slc6a15","103098","Sodium-dependent neutral amino acid transporter B(0)AT2",0,0
"Q99LC2","Cstf1","67337","Cleavage stimulation factor subunit 1",0,0
"Q8BVW0","Ganc","76051","Neutral alpha-glucosidase C",0,0
"P97798","Neo1","18007","Neogenin",0,0
"Q9ES07","Slc15a2","57738","Solute carrier family 15 member 2",0,0
"P14211","Calr","12317","Calreticulin",0,0
"P29533","Vcam1","22329","Vascular cell adhesion protein 1",0,0
"Q80W21","Gstm7","68312","Glutathione S-transferase Mu 7",0,0
"Q8BGD8","Coa6","67892","Cytochrome c oxidase assembly factor 6 homolog",0,0
"P48774","Gstm5","14866","Glutathione S-transferase Mu 5",0,0
"Q09XV5","Chd8","67772","ATP-dependent chromatin remodeler CHD8",0,0
"Q6NXK2","Znf532","328977","Zinc finger protein 532",0.25,0.5
"Q8R1B4","Eif3c","56347","Eukaryotic translation initiation factor 3 subunit C",0,0
"P56564","Slc1a3","20512","Excitatory amino acid transporter 1",0,0
"P61922","Abat","268860","4-aminobutyrate aminotransferase, mitochondrial",0,0
"Q8CCA0","Dcun1d4","100737","DCN1-like protein 4",0,0
"Q9CRA4","Msmo1","66234","Methylsterol monooxygenase 1",0,0
"Q68FH4","Galk2","69976","N-acetylgalactosamine kinase",0,0
"Q9ER97","Ngb","64242","Neuroglobin",0.25,0.25
"Q91X88","Pomgnt1","68273","Protein O-linked-mannose beta-1,2-N-acetylglucosaminyltransferase 1",0.25,0
"A3KGS3","Ralgapa2","241694","Ral GTPase-activating protein subunit alpha-2",0.5,0.5
"O88196","Ttc3","22129","E3 ubiquitin-protein ligase TTC3",0,0
"Q8K3E5","Ahi1","52906","Jouberin",0,0
"P27600","Gna12","14673","Guanine nucleotide-binding protein subunit alpha-12",0,0
"Q8K4P0","Wdr33","74320","pre-mRNA 3' end processing protein WDR33",0,0
"Q8C6M1","Usp20","74270","Ubiquitin carboxyl-terminal hydrolase 20",0,0
"P62069","Usp46","69727","Ubiquitin carboxyl-terminal hydrolase 46",0,0
"Q923S9","Rab30","75985","Ras-related protein Rab-30",0,0
"Q4V9Z5","Sez6l2","233878","Seizure 6-like protein 2",0,0
"Q9WV68","Decr2","26378","Peroxisomal 2,4-dienoyl-CoA reductase [(3E)-enoyl-CoA-producing]",0,0
"P06537","Nr3c1","14815","Glucocorticoid receptor",0,0
"Q61908","Cmc4","105886298","Cx9C motif-containing protein 4",0,0
"Q8K4X7","Agpat4","68262","1-acyl-sn-glycerol-3-phosphate acyltransferase delta",0,0
"Q6PGN3","Dclk2","70762","Serine/threonine-protein kinase DCLK2",0,0
"Q923D2","Blvrb","233016","Flavin reductase (NADPH)",0,0
"Q3UGS4","Mcrip1","192173","Mapk-regulated corepressor-interacting protein 1",0,0
"Q06335","Aplp2","11804","Amyloid beta precursor like protein 2",0,0
"Q9QXJ1","Apbb1","11785","Amyloid beta precursor protein binding family B member 1",0,0
"Q9Z306","Slc22a4","30805","Solute carrier family 22 member 4",0,0
"Q8BME9","Cbln4","228942","Cerebellin-4",0,0
"Q9R171","Cbln1","12404","Cerebellin-1",0,0
"Q99N92","Mrpl27","94064","Large ribosomal subunit protein bL27m",0,0
"P67871","Csnk2b","13001","Casein kinase II subunit beta",0,0
"P10639","Txn","22166","Thioredoxin",0,0
"Q8K2Q5","Chchd7","66433","Coiled-coil-helix-coiled-coil-helix domain-containing protein 7",0,0
"Q9CQX5","Cldnd1","224250","Claudin domain-containing protein 1",0,0
"O35071","Kif1c","16562","Kinesin-like protein KIF1C",0,0
"Q9DBY8","Nvl","67459","Nuclear valosin-containing protein-like",0,0
"P97376","Frg1","14300","Protein FRG1",0.25,0
"Q9D0A3","Arpin","70420","Arpin",0,0
"Q64689","St8sia3","20451","Alpha-N-acetylneuraminate alpha-2,8-sialyltransferase ST8SIA3",0,0
"Q61418","Clcn4","12727","H(+)/Cl(-) exchange transporter 4",0,0
"Q9QWR8","Naga","17939","Alpha-N-acetylgalactosaminidase",0,0
"P97819","Pla2g6","53357","85/88 kDa calcium-independent phospholipase A2",0,0
"Q3TY65","Ica1l","70375","Islet cell autoantigen 1-like protein",0,0
"Q9EPV8","Ubl5","66177","Ubiquitin-like protein 5",0,0
"P23242","Gja1","14609","Gap junction alpha-1 protein",0,0
"Q60809","Cnot7","18983","CCR4-NOT transcription complex subunit 7",0,0
"Q9CR39","Wdr45b","66840","WD repeat domain phosphoinositide-interacting protein 3",0,0
"Q9Z0L0","Tpbg","21983","Trophoblast glycoprotein",0,0
"Q61851","Fgfr3","14184","Fibroblast growth factor receptor 3",0,0
"Q3UCV8","Otulin","432940","Ubiquitin thioesterase otulin",0,0
"Q8BKY8","Mterf2","74238","Transcription termination factor 2, mitochondrial",0,0
"P0DP60","Lynx1","23936","Ly-6/neurotoxin-like protein 1",0,0
"Q3UE37","Ube2z","268470","Ubiquitin-conjugating enzyme E2 Z",0,0
"Q80X66","Btbd10","68815","BTB/POZ domain-containing protein 10",0.25,0.25
"Q62179","Sema4b","20352","Semaphorin-4B",0,0
"E9Q7T7","Chadl","214685","Chondroadherin-like protein",0,0
"O88531","Ppt1","19063","Palmitoyl-protein thioesterase 1",0,0
"Q3U0M1","Trappc9","76510","Trafficking protein particle complex subunit 9",0,0
"Q61527","Erbb4","13869","Receptor tyrosine-protein kinase erbB-4",0,0
"Q08890","Ids","15931","Iduronate 2-sulfatase",0,0
"Q5RJH6","Smg7","226517","Nonsense-mediated mRNA decay factor SMG7",0,0
"P19536","Cox5b","12859","Cytochrome c oxidase subunit 5B, mitochondrial",0,0
"P97822","Anp32e","66471","Acidic leucine-rich nuclear phosphoprotein 32 family member E",0,0
"Q6NS82","Retreg2","227298","Reticulophagy regulator 2",0,0
"Q9CY73","Mrpl44","69163","Large ribosomal subunit protein mL44",0,0
"Q8CI11","Gnl3","30877","Guanine nucleotide-binding protein-like 3",0.5,0.5
"Q61686","Cbx5","12419","Chromobox protein homolog 5",0,0
"Q64299","Ccn3","18133","CCN family member 3",0,0
"P51910","Apod","11815","Apolipoprotein D",0,0
"P16092","Fgfr1","14182","Fibroblast growth factor receptor 1",0.25,0.25
"Q8K0C9","Gmds","218138","GDP-mannose 4,6 dehydratase",0,0
"Q9D020","Nt5c3a","107569","Cytosolic 5'-nucleotidase 3A",0,0
"Q9DB16","Cab39l","69008","Calcium-binding protein 39-like",0,0
"Q8BTG7","Ndrg4","234593","Protein NDRG4",0,0
"Q80YQ8","Rmnd5a","68477","E3 ubiquitin-protein ligase RMND5A",0,0
"Q9JHR9","Nrip2","60345","Nuclear receptor-interacting protein 2",0,0
"P17156","Hspa2","15512","Heat shock-related 70 kDa protein 2",0,0
"Q3UMR5","Mcu","215999","Calcium uniporter protein, mitochondrial",0,0
"Q91YE7","Rbm5","83486","RNA-binding protein 5",0,0
"Q9Z224","Mocs2","17434","Molybdopterin synthase sulfur carrier subunit",0,0
"Q60612","Adora1","11539","Adenosine receptor A1",0,0
"Q6KAU4","Mvb12b","72543","Multivesicular body subunit 12B",0,0
"Q99LM2","Cdk5rap3","80280","CDK5 regulatory subunit-associated protein 3",0,0
"Q8R2Y3","Dolk","227697","Dolichol kinase",0,0
"Q9JJ61","Galnt16","108760","Polypeptide N-acetylgalactosaminyltransferase 16",0,0
"P58742","Aaas","223921","Aladin",0,0
"Q6DFW4","Nop58","55989","Nucleolar protein 58",0,0
"Q6NVF0","Ocrl","320634","Inositol polyphosphate 5-phosphatase OCRL",0,0
"Q8VC57","Kctd5","69259","BTB/POZ domain-containing protein KCTD5",0,0
"Q7TPG8","Tafa1","320265","Chemokine-like protein TAFA-1",0,0
"Q9CXL1","Tmem50a","71817","Transmembrane protein 50A",0,0
"Q8VEE1","Lmcd1","30937","LIM and cysteine-rich domains protein 1",0,0
"Q69ZS8","Kazn","71529","Kazrin",0,0
"Q9QUR7","Pin1","23988","Peptidyl-prolyl cis-trans isomerase NIMA-interacting 1",0,0
"Q9DBR2","Fam13c","71721","Protein FAM13C",0,0
"Q09LZ8","Agbl4","78933","Cytosolic carboxypeptidase 6",0,0
"A2AJB2","Tmem141","51875","Transmembrane protein 141",0.25,0.25
"Q8K4P8","Hecw1","94253","E3 ubiquitin-protein ligase HECW1",0,0
"Q91X72","Hpx","15458","Hemopexin",0,0
"P52479","Usp10","22224","Ubiquitin carboxyl-terminal hydrolase 10",0,0
"P06909","Cfh","12628","Complement factor H",0,0
"P97315","Csrp1","13007","Cysteine and glycine-rich protein 1",0,0
"P02798","Mt2","17750","Metallothionein-2",0,0
"Q9Z2C4","Mtmr1","53332","Phosphatidylinositol-3-phosphate phosphatase MTMR1",0,0
"Q9Z2D1","Mtmr2","77116","Phosphatidylinositol-3,5-bisphosphate 3-phosphatase MTMR2",0,0
"Q9D8C2","Tspan13","66109","Tetraspanin-13",0,0
"Q6PE01","Snrnp40","66585","U5 small nuclear ribonucleoprotein 40 kDa protein",0,0
"P97366","Evi5","14020","Ecotropic viral integration site 5 protein",0,0
"Q9JJV2","Pfn2","18645","Profilin-2",0,0
"Q8BMQ8","Mon1b","270096","Vacuolar fusion protein MON1 homolog B",0,0
"Q8VI63","Mob2","101513","MOB kinase activator 2",0,0
"Q5PR69","Cracd","320827","Capping protein-inhibiting regulator of actin dynamics",0,0
"Q8R3T5","Stxbp6","217517","Syntaxin-binding protein 6",0,0
"Q0VBU9","Plpp4","381925","Phospholipid phosphatase 4",0,0
"P35979","Rpl12","269261","Large ribosomal subunit protein uL11",0,0
"Q99N50","Sytl2","83671","Synaptotagmin-like protein 2",0,0
"Q9JMG4","Nkain4","58237","Sodium/potassium-transporting ATPase subunit beta-1-interacting protein 4",0.5,0
"Q8K284","Gtf3c1","233863","General transcription factor 3C polypeptide 1",0,0
"Q8K2C6","Sirt5","68346","NAD-dependent protein deacylase sirtuin-5, mitochondrial",0,0
"Q8C0D0","Trub1","72133","Pseudouridylate synthase TRUB1",0,0
"Q9D2Z4","Senp8","71599","Sentrin-specific protease 8",0.5,0.5
"Q8K2J7","Rell1","100532","RELT-like protein 1",0,0.25
"Q9D8T7","Slirp","380773","SRA stem-loop-interacting RNA-binding protein, mitochondrial",0,0
"Q6WVG3","Kctd12","239217","BTB/POZ domain-containing protein KCTD12",0,0
"Q91WJ0","Frs3","107971","Fibroblast growth factor receptor substrate 3",0,0
"Q501J6","Ddx17","67040","Probable ATP-dependent RNA helicase DDX17",0,0
"Q8BGU5","Ccny","67974","Cyclin-Y",0,0
"Q8CFP6","Dnajc27","217378","DnaJ homolog subfamily C member 27",0,0
"Q8R2N2","Utp4","21771","U3 small nucleolar RNA-associated protein 4 homolog",0,0
"Q8BPB5","Efemp1","216616","EGF-containing fibulin-like extracellular matrix protein 1",0.25,0.25
"Q8BXA0","Lrfn5","238205","Leucine-rich repeat and fibronectin type-III domain-containing protein 5",0,0
"Q8BM13","Olfm2","244723","Noelin-2",0,0
"Q60780","Gas7","14457","Growth arrest-specific protein 7",0,0
"Q8K124","Plekho2","102595","Pleckstrin homology domain-containing family O member 2",0,0
"Q9D0M0","Exosc7","66446","Exosome complex exonuclease RRP42",0,0
"Q68EF8","Rapgefl1","268480","Rap guanine nucleotide exchange factor-like 1",0,0
"P83870","Phf5a","68479","PHD finger-like domain-containing protein 5A",0,0
"P70213","Fv1","14349","Friend virus susceptibility protein 1",0,0
"Q8C407","Yipf4","67864","Protein YIPF4",0,0.25
"P63037","Dnaja1","15502","DnaJ homolog subfamily A member 1",0,0
"Q922Q1","Mtarc2","67247","Mitochondrial amidoxime reducing component 2",0,0
"Q80X73","Pelo","105083","Protein pelota homolog",0,0
"Q922U1","Prpf3","70767","U4/U6 small nuclear ribonucleoprotein Prp3",0,0
"Q62132","Ptprr","19279","Receptor-type tyrosine-protein phosphatase R",0,0
"Q8BL95","Cfap298","68001","Cilia- and flagella-associated protein 298",0.5,0.25
"Q8VCM5","Mul1","68350","Mitochondrial ubiquitin ligase activator of NFKB 1",0,0
"Q8CDJ3","Atg14","100504663","Beclin 1-associated autophagy-related key regulator",0,0
"D3Z7P3","Gls","14660","Glutaminase kidney isoform, mitochondrial",0,0
"Q8R0A7","Kiaa0513","234797","Uncharacterized protein KIAA0513",0,0
"Q8BHT6","B3glct","381694","Beta-1,3-glucosyltransferase",0,0
"Q8BJI1","Slc6a17","229706","Sodium-dependent neutral amino acid transporter SLC6A17",0,0
"Q91ZH7","Abhd3","106861","Phospholipase ABHD3",0,0
"P60766","Cdc42","12540","Cell division control protein 42 homolog",0,0
"Q5BL07","Pex1","71382","Peroxisomal ATPase PEX1",0,0
"P21995","Emb","13723","Embigin",0,0
"Q61048","Wbp4","22380","WW domain-binding protein 4",0,0.25
"Q3U3R4","Lmf1","76483","Lipase maturation factor 1",0,0
"Q9CR09","Ufc1","66155","Ubiquitin-fold modifier-conjugating enzyme 1",0,0
"Q80Y50","Camta2","216874","Calmodulin-binding transcription activator 2",0,0
"Q9R0Q9","Mpdu1","24070","Mannose-P-dolichol utilization defect 1 protein",0,0
"Q9CZ16","Tmem178a","68027","Transmembrane protein 178A",0,0
"Q8C0M0","Wdr59","319481","GATOR2 complex protein WDR59",0,0
"Q925H0","Asic2","11418","Acid-sensing ion channel 2",0,0
"Q52KR3","Prune2","353211","Protein prune homolog 2",0,0
"P49615","Cdk5","12568","Cyclin-dependent kinase 5",0,0
"Q6NXK8","Asic1","11419","Acid-sensing ion channel 1",0,0
"Q8K114","Ints9","210925","Integrator complex subunit 9",0.25,0.5
"Q8VI36","Pxn","19303","Paxillin",0,0
"P70318","Tial1","21843","Nucleolysin TIAR",0,0
"Q8VBW6","Nae1","234664","NEDD8-activating enzyme E1 regulatory subunit",0,0
"Q9D5T0","Atad1","67979","Outer mitochondrial transmembrane helix translocase",0,0
"Q9JHE7","Tssc4","56844","U5 small nuclear ribonucleoprotein TSSC4",0,0
"Q9CZB6","Med7","66213","Mediator of RNA polymerase II transcription subunit 7",0,0.25
"Q8CI78","Rmnd1","66084","Required for meiotic nuclear division protein 1 homolog",0,0
"Q8CFJ9","Wdr24","268933","GATOR2 complex protein WDR24",0,0
"Q8BU04","Ubr7","66622","Putative E3 ubiquitin-protein ligase UBR7",0,0
"Q9Z2A7","Dgat1","13350","Diacylglycerol O-acyltransferase 1",0,0
"Q61581","Igfbp7","29817","Insulin-like growth factor-binding protein 7",0.25,0
"P56394","Cox17","12856","Cytochrome c oxidase copper chaperone",0,0
"O88319","Ntsr1","18216","Neurotensin receptor type 1",0,0.25
"O35326","Srsf5","20384","Serine/arginine-rich splicing factor 5",0,0
"Q80U40","Rimbp2","231760","RIMS-binding protein 2",0,0
"Q5EBG8","Q5EBG8","230696","Uncharacterized protein C1orf50 homolog",0,0
"P23591","Gfus","22122","GDP-L-fucose synthase",0,0
"Q62313","Tgoln1","22134","Trans-Golgi network integral membrane protein 1",0,0
"Q9CWT3","Snx10","71982","Sorting nexin-10",0,0
"P35831","Ptpn12","19248","Tyrosine-protein phosphatase non-receptor type 12",0,0
"Q9R0U0","Srsf10","14105","Serine/arginine-rich splicing factor 10",0,0
"Q6PDM2","Srsf1","110809","Serine/arginine-rich splicing factor 1",0,0
"P08226","Apoe","11816","Apolipoprotein E",0,0
"Q921Q3","Alg1","208211","Chitobiosyldiphosphodolichol beta-mannosyltransferase",0,0
"Q8QZT2","Ccsap","73420","Centriole, cilia and spindle-associated protein",0,0
"Q8BUV8","Gpr107","277463","Protein GPR107",0,0
"Q8K0D7","Get1","71446","Guided entry of tail-anchored proteins factor 1",0,0
"Q9CWG8","Ndufaf7","73694","Protein arginine methyltransferase NDUFAF7, mitochondrial",0,0
"Q0VBF8","Stum","381310","Protein stum homolog",0,0
"Q5XG69","Fam169a","320557","Soluble lamin-associated protein of 75 kDa",0,0
"Q9EPC1","Parva","57342","Alpha-parvin",0,0
"O35648","Cetn3","12626","Centrin-3",0,0
"Q8CI33","Cwf19l1","72502","CWF19-like protein 1",0,0
"Q9ET30","Tm9sf3","107358","Transmembrane 9 superfamily member 3",0,0
"P47809","Map2k4","26398","Dual specificity mitogen-activated protein kinase kinase 4",0,0
"Q9WVQ1","Magi2","50791","Membrane-associated guanylate kinase, WW and PDZ domain-containing protein 2",0,0
"P49586","Pcyt1a","13026","Choline-phosphate cytidylyltransferase A",0,0
"Q8R4H9","Slc30a5","69048","Proton-coupled zinc antiporter SLC30A5",0,0
"Q9D404","Oxsm","71147","3-oxoacyl-[acyl-carrier-protein] synthase, mitochondrial",0,0
"Q99K67","Aass","30956","Alpha-aminoadipic semialdehyde synthase, mitochondrial",0,0
"Q504M8","Rab26","328778","Ras-related protein Rab-26",0,0
"Q9DAI2","Ift22","67286","Intraflagellar transport protein 22 homolog",0,0
"Q4FK66","Prpf38a","230596","Pre-mRNA-splicing factor 38A",0,0
"O55126","Nipsnap2","14467","Protein NipSnap homolog 2",0,0
"Q9EPB4","Pycard","66824","Apoptosis-associated speck-like protein containing a CARD",0,0
"Q8CGK7","Gnal","14680","Guanine nucleotide-binding protein G(olf) subunit alpha",0,0
"Q8C0J6","Sowahc","268301","Ankyrin repeat domain-containing protein SOWAHC",0,0
"Q9R0N9","Syt9","60510","Synaptotagmin-9",0,0.25
"O70309","Itgb5","16419","Integrin beta-5",0,0
"Q8BGX0","Trim23","81003","E3 ubiquitin-protein ligase TRIM23",0,0
"Q9D338","Mrpl19","56284","Large ribosomal subunit protein bL19m",0,0
"Q9D517","Agpat3","28169","1-acyl-sn-glycerol-3-phosphate acyltransferase gamma",0,0
"Q3U4H6","Hexd","238023","Hexosaminidase D",0,0.5
"Q6P8M1","Tatdn1","69694","Deoxyribonuclease TATDN1",0,0
"Q80UU9","Pgrmc2","70804","Membrane-associated progesterone receptor component 2",0,0
"P60824","Cirbp","12696","Cold-inducible RNA-binding protein",0,0
"Q8BUY5","Timmdc1","76916","Complex I assembly factor TIMMDC1, mitochondrial",0,0
"P62702","Rps4x","20102","Small ribosomal subunit protein eS4",0,0
"P09602","Hmgn2","15331","Non-histone chromosomal protein HMG-17",0,0
"Q8K2C7","Os9","216440","Protein OS-9",0,0
"Q8BGG7","Ubash3b","72828","Ubiquitin-associated and SH3 domain-containing protein B",0,0
"Q925J9","Med1","19014","Mediator of RNA polymerase II transcription subunit 1",0,0
"Q9ER65","Clstn2","64085","Calsyntenin-2",0.5,0
"Q9ESU6","Brd4","57261","Bromodomain-containing protein 4",0,0
"Q61599","Arhgdib","11857","Rho GDP-dissociation inhibitor 2",0,0
"E9Q735","Ube4a","140630","Ubiquitin conjugation factor E4 A",0,0
"O35343","Kpna4","16649","Importin subunit alpha-3",0,0
"Q99L45","Eif2s2","67204","Eukaryotic translation initiation factor 2 subunit 2",0,0
"P04186","Cfb","14962","Complement factor B",0,0
"P85094","Isoc2a","664994","Isochorismatase domain-containing protein 2A",0,0
"Q91VB2","Camk1g","215303","Calcium/calmodulin-dependent protein kinase type 1G",0,0.25
"Q922B6","Traf7","224619","E3 ubiquitin-protein ligase TRAF7",0,0
"O70378","Emc8","18117","ER membrane protein complex subunit 8",0,0
"Q00560","Il6st","16195","Interleukin-6 receptor subunit beta",0,0
"O35075","Vps26c","13185","Vacuolar protein sorting-associated protein 26C",0,0
"Q99L48","Nmd3","97112","60S ribosomal export protein NMD3",0,0
"Q8CI08","Slain2","75991","SLAIN motif-containing protein 2",0,0
"Q3V1U8","Elmod1","270162","ELMO domain-containing protein 1",0,0
"Q8R164","Bphl","68021","Serine hydrolase BPHL",0,0
"P84084","Arf5","11844","ADP-ribosylation factor 5",0,0
"Q8BSL7","Arf2","11841","ADP-ribosylation factor 2",0,0
"Q68FF0","Sanbr","71675","SANT and BTB domain regulator of class switch recombination",0,0
"P62806","H4c1","100041230","Histone H4",0,0
"P86046","Kcnj13","100040591","Inward rectifier potassium channel 13",0.25,0.25
"O35841","Api5","11800","Apoptosis inhibitor 5",0,0
"Q62167","Ddx3x","13205","ATP-dependent RNA helicase DDX3X",0,0
"Q9JIP6","Fzd2","57265","Frizzled-2",0,0
"Q91YS8","Camk1","52163","Calcium/calmodulin-dependent protein kinase type 1",0,0
"Q9QZI9","Serinc3","26943","Serine incorporator 3",0,0
"Q99KJ0","Ubxn2a","217379","UBX domain-containing protein 2A",0.25,0
"Q61072","Adam9","11502","Disintegrin and metalloproteinase domain-containing protein 9",0,0
"Q61090","Fzd7","14369","Frizzled-7",0.5,0.25
"Q8BIP0","Dars2","226539","Aspartate--tRNA ligase, mitochondrial",0,0
"P59481","Lman2l","214895","VIP36-like protein",0,0
"Q9CQS4","Slc25a46","67453","Mitochondrial outer membrane protein SLC25A46",0,0
"Q9CYA0","Creld2","76737","Protein disulfide isomerase Creld2",0,0
"Q99MK8","Grk2","110355","G protein-coupled receptor kinase 2",0,0
"Q9QZC7","Plekhb2","226971","Pleckstrin homology domain-containing family B member 2",0,0
"Q9WU28","Pfdn5","56612","Prefoldin subunit 5",0,0
"Q8K2V6","Ipo11","76582","Importin-11",0,0
"Q9WU84","Ccs","12460","Copper chaperone for superoxide dismutase",0,0
"Q60629","Epha5","13839","Ephrin type-A receptor 5",0,0
"Q8BGZ1","Hpcal4","170638","Hippocalcin-like protein 4",0,0
"P62761","Vsnl1","26950","Visinin-like protein 1",0,0
"P62748","Hpcal1","53602","Hippocalcin-like protein 1",0,0
"P84075","Hpca","15444","Neuron-specific calcium-binding protein hippocalcin",0,0
"Q9QUN9","Dkk3","50781","Dickkopf-related protein 3",0,0
"Q9DCB4","Arpp21","74100","cAMP-regulated phosphoprotein 21",0,0
"Q8C180","Frs2","327826","Fibroblast growth factor receptor substrate 2",0,0
"P70303","Ctps2","55936","CTP synthase 2",0,0
"Q91WU5","As3mt","57344","Arsenite methyltransferase",0,0
"Q9CR29","Ccdc43","52715","Coiled-coil domain-containing protein 43",0,0
"Q9QYE9","Plekhb1","27276","Pleckstrin homology domain-containing family B member 1",0,0
"Q6DFV7","Ncoa7","211329","Nuclear receptor coactivator 7",0,0
"P46096","Syt1","20979","Synaptotagmin-1",0,0
"O35387","Hax1","23897","HCLS1-associated protein X-1",0,0
"Q60766","Irgm1","15944","Immunity-related GTPase family M protein 1",0,0
"Q60749","Khdrbs1","20218","KH domain-containing, RNA-binding, signal transduction-associated protein 1",0,0
"Q9D074","Mgrn1","17237","E3 ubiquitin-protein ligase MGRN1",0,0
"Q9JMH6","Txnrd1","50493","Thioredoxin reductase 1, cytoplasmic",0,0
"P16125","Ldhb","16832","L-lactate dehydrogenase B chain",0,0
"Q6Q477","Atp2b4","381290","Plasma membrane calcium-transporting ATPase 4",0,0
"P70274","Selenop","20363","Selenoprotein P",0.25,0
"Q9Z2V6","Hdac5","15184","Histone deacetylase 5",0,0
"O08530","S1pr1","13609","Sphingosine 1-phosphate receptor 1",0,0
"Q8R464","Cadm4","260299","Cell adhesion molecule 4",0,0
"Q9CWD3","Nudt17","78373","m7GpppN-mRNA hydrolase NUDT17",0,0
"Q9WVA4","Tagln2","21346","Transgelin-2",0,0
"P26339","Chga","12652","Chromogranin-A",0,0
"P98197","Atp11a","50770","Phospholipid-transporting ATPase IH",0,0
"Q99MS3","Mpv17l","93734","Mpv17-like protein",0,0
"Q9D1K2","Atp6v1f","66144","V-type proton ATPase subunit F",0,0
"Q8BXZ1","Tmx3","67988","Protein disulfide-isomerase TMX3",0,0
"Q8BGH2","Samm50","68653","Sorting and assembly machinery component 50 homolog",0,0
"Q9D0I4","Stx17","67727","Syntaxin-17",0,0
"Q8CFV9","Rfk","54391","Riboflavin kinase",0,0
"P11031","Sub1","20024","Activated RNA polymerase II transcriptional coactivator p15",0,0
"P70408","Cdh10","320873","Cadherin-10",0,0
"P63078","Gng8","14709","Guanine nucleotide-binding protein G(I)/G(S)/G(O) subunit gamma-8",0,0.5
"Q9WTX5","Skp1","21402","S-phase kinase-associated protein 1",0,0
"Q9WTR5","Cdh13","12554","Cadherin-13",0,0
"Q8BVR6","Rspry1","67610","RING finger and SPRY domain-containing protein 1",0,0
"Q924S7","Spred2","114716","Sprouty-related, EVH1 domain-containing protein 2",0,0
"P26516","Psmd7","17463","26S proteasome non-ATPase regulatory subunit 7",0,0
"Q91W39","Ncoa5","228869","Nuclear receptor coactivator 5",0,0
"Q9D1Q6","Erp44","76299","Endoplasmic reticulum resident protein 44",0,0
"P70191","Traf5","22033","TNF receptor-associated factor 5",0,0.25
"Q8BHH2","Rab9b","319642","Ras-related protein Rab-9B",0,0
"O08582","Gtpbp1","14904","GTP-binding protein 1",0,0
"Q69ZI1","Sh3rf1","59009","E3 ubiquitin-protein ligase SH3RF1",0,0
"Q8VE80","Thoc3","73666","THO complex subunit 3",0,0
"P09528","Fth1","14319","Ferritin heavy chain",0,0
"Q9WTN0","Ggps1","14593","Geranylgeranyl pyrophosphate synthase",0,0
"Q8CB44","Gramd4","223752","GRAM domain-containing protein 4",0,0
"Q8R555","Crtac1","72832","Cartilage acidic protein 1",0,0
"Q91WG8","Gne","50798","Bifunctional UDP-N-acetylglucosamine 2-epimerase/N-acetylmannosamine kinase",0,0
"Q60692","Psmb6","19175","Proteasome subunit beta type-6",0,0
"Q8R0W6","Ndfip1","65113","NEDD4 family-interacting protein 1",0,0
"O70551","Srpk1","20815","SRSF protein kinase 1",0,0
"P97493","Txn2","56551","Thioredoxin, mitochondrial",0,0
"Q9CY27","Tecr","106529","Very-long-chain enoyl-CoA reductase",0,0
"Q8C167","Prepl","213760","Prolyl endopeptidase-like",0,0
"Q99KN9","Clint1","216705","Clathrin interactor 1",0,0
"P97478","Coq7","12850","NADPH-dependent 3-demethoxyubiquinone 3-hydroxylase, mitochondrial",0,0
"Q8BXK9","Clic5","224796","Chloride intracellular channel protein 5",0.25,0.5
"P01831","Thy1","21838","Thy-1 membrane glycoprotein",0,0
"Q9DA37","Samd8","67630","Sphingomyelin synthase-related protein 1",0,0.25
"Q99PG2","Ogfr","72075","Opioid growth factor receptor",0,0
"P43407","Sdc2","15529","Syndecan-2",0,0
"O35988","Sdc4","20971","Syndecan-4",0,0
"Q64519","Sdc3","20970","Syndecan-3",0,0
"Q8VCZ6","Sgsm3","105835","Small G protein signaling modulator 3",0,0
"Q6P9Q6","Fkbp15","338355","FK506-binding protein 15",0,0
"Q6DFW5","Atp11b","76295","Phospholipid-transporting ATPase IF",0,0
"Q60972","Rbbp4","19646","Histone-binding protein RBBP4",0,0
"Q9DC61","Pmpca","66865","Mitochondrial-processing peptidase subunit alpha",0,0
"Q8VHJ5","Mark1","226778","Serine/threonine-protein kinase MARK1",0,0
"Q61937","Npm1","18148","Nucleophosmin",0,0
"P51410","Rpl9","20005","Large ribosomal subunit protein uL6",0,0
"Q9CY58","Serbp1","66870","SERPINE1 mRNA-binding protein 1",0,0
"Q8BZW8","Nhlrc2","66866","NHL repeat-containing protein 2",0,0
"P38585","Ttl","69737","Tubulin--tyrosine ligase",0,0
"Q99PV8","Bcl11b","58208","B-cell lymphoma/leukemia 11B",0,0
"Q99N95","Mrpl3","94062","Large ribosomal subunit protein uL3m",0,0
"P63058","Thra","21833","Thyroid hormone receptor alpha",0,0
"Q8CEZ0","Kctd2","70382","BTB/POZ domain-containing protein KCTD2",0,0
"O35488","Slc27a2","26458","Long-chain fatty acid transport protein 2",0,0
"P06800","Ptprc","19264","Receptor-type tyrosine-protein phosphatase C",0.25,0
"P31750","Akt1","11651","RAC-alpha serine/threonine-protein kinase",0,0
"Q99K30","Eps8l2","98845","Epidermal growth factor receptor kinase substrate 8-like protein 2",0.25,0.25
"O35114","Scarb2","12492","Lysosome membrane protein 2",0,0
"P26638","Sars1","20226","Serine--tRNA ligase, cytoplasmic",0,0
"Q8BXL7","Arfrp1","76688","ADP-ribosylation factor-related protein 1",0,0
"Q8BZZ3","Wwp1","107568","NEDD4-like E3 ubiquitin-protein ligase WWP1",0,0
"Q62000","Ogn","18295","Mimecan",0.25,0.25
"P10417","Bcl2","12043","Apoptosis regulator Bcl-2",0,0
"Q8BVA2","Tmem222","52174","Transmembrane protein 222",0,0
"Q8BTY1","Kyat1","70266","Kynurenine--oxoglutarate transaminase 1",0,0
"Q02788","Col6a2","12834","Collagen alpha-2(VI) chain",0.25,0.5
"Q9D9I4","Tbc1d20","67231","TBC1 domain family member 20",0,0
"P46978","Stt3a","16430","Dolichyl-diphosphooligosaccharide--protein glycosyltransferase subunit STT3A",0,0
"A3KGB4","Tbc1d8b","245638","TBC1 domain family member 8B",0,0
"Q6P4S8","Ints1","68510","Integrator complex subunit 1",0,0
"Q61247","Serpinf2","18816","Alpha-2-antiplasmin",0,0
"Q5DU02","Usp22","216825","Ubiquitin carboxyl-terminal hydrolase 22",0,0
"P97855","G3bp1","27041","Ras GTPase-activating protein-binding protein 1",0,0
"Q8CF93","Galnt13","271786","Polypeptide N-acetylgalactosaminyltransferase 13",0.25,0.5
"O35474","Edil3","13612","EGF-like repeat and discoidin I-like domain-containing protein 3",0,0
"Q3UD01","Atxn7l3b","382423","Ataxin-7-like protein 3B",0,0
"A2AIG8","Accs","329470","1-aminocyclopropane-1-carboxylate synthase-like protein 1",0.25,0.25
"Q64455","Ptprj","19271","Receptor-type tyrosine-protein phosphatase eta",0,0
"Q99JX4","Eif3m","98221","Eukaryotic translation initiation factor 3 subunit M",0,0
"P58390","Kcnn2","140492","Small conductance calcium-activated potassium channel protein 2",0,0
"P12265","Gusb","110006","Beta-glucuronidase",0,0.25
"Q91WC9","Daglb","231871","Diacylglycerol lipase-beta",0,0
"Q9CXG3","Ppil4","67418","Peptidyl-prolyl cis-trans isomerase-like 4",0,0
"Q8VBT0","Tmx1","72736","Thioredoxin-related transmembrane protein 1",0,0
"Q8VHI3","Pofut2","80294","GDP-fucose protein O-fucosyltransferase 2",0,0
"Q4VAE3","Tmem65","74868","Transmembrane protein 65",0,0
"Q9QYF1","Rdh11","17252","Retinol dehydrogenase 11",0,0
"Q4U2R1","Herc2","15204","E3 ubiquitin-protein ligase HERC2",0,0
"Q9D051","Pdhb","68263","Pyruvate dehydrogenase E1 component subunit beta, mitochondrial",0,0
"Q8VI33","Taf9","108143","Transcription initiation factor TFIID subunit 9",0,0
"Q9JJI8","Rpl38","67671","Large ribosomal subunit protein eL38",0,0
"Q8BSQ9","Pbrm1","66923","Protein polybromo-1",0,0
"Q8BZW2","Sowahb","78088","Ankyrin repeat domain-containing protein SOWAHB",0.25,0.5
"Q8R1Y2","Bmerb1","67254","bMERB domain-containing protein 1",0,0
"Q8VCA6","Tmem161a","234371","Transmembrane protein 161A",0.25,0
"P24369","Ppib","19035","Peptidyl-prolyl cis-trans isomerase B",0,0
"Q9JJF0","Nap1l5","58243","Nucleosome assembly protein 1-like 5",0,0
"Q9D0W5","Ppil1","68816","Peptidyl-prolyl cis-trans isomerase-like 1",0,0
"Q8VCD5","Med17","234959","Mediator of RNA polymerase II transcription subunit 17",0.25,0.25
"Q8VBV7","Cops8","108679","COP9 signalosome complex subunit 8",0,0
"Q9DCT2","Ndufs3","68349","NADH dehydrogenase [ubiquinone] iron-sulfur protein 3, mitochondrial",0,0
"Q9JK53","Prelp","116847","Prolargin",0.25,0
"Q8BKE9","Ift74","67694","Intraflagellar transport protein 74 homolog",0,0
"P63030","Mpc1","55951","Mitochondrial pyruvate carrier 1",0,0
"Q61086","Fzd3","14365","Frizzled-3",0,0
"P70271","Pdlim4","30794","PDZ and LIM domain protein 4",0,0
"Q8K0X8","Fez1","235180","Fasciculation and elongation protein zeta-1",0,0
"Q99LE6","Abcf2","27407","ATP-binding cassette sub-family F member 2",0,0
"Q9Z2D0","Mtmr9","210376","Myotubularin-related protein 9",0,0
"Q3UHF7","Hivep2","15273","Transcription factor HIVEP2",0,0
"Q99L13","Hibadh","58875","3-hydroxyisobutyrate dehydrogenase, mitochondrial",0,0
"Q69ZQ1","Myorg","329828","Alpha-galactosidase MYORG",0,0
"O88879","Apaf1","11783","Apoptotic protease-activating factor 1",0,0.5
"P70699","Gaa","14387","Lysosomal alpha-glucosidase",0,0
"P16388","Kcna1","16485","Potassium voltage-gated channel subfamily A member 1",0,0
"O55022","Pgrmc1","53328","Membrane-associated progesterone receptor component 1",0,0
"P56135","Atp5mf","57423","ATP synthase F(0) complex subunit f, mitochondrial",0,0
"O08709","Prdx6","11758","Peroxiredoxin-6",0,0
"O88819","Fut9","14348","4-galactosyl-N-acetylglucosaminide 3-alpha-L-fucosyltransferase 9",0.25,0
"Q9QXW2","Fbxw5","30839","F-box/WD repeat-containing protein 5",0,0
"Q8CII2","Cdc123","98828","Translation initiation factor eIF2 assembly protein",0,0.25
"Q9EPQ7","Stard5","170460","StAR-related lipid transfer protein 5",0,0
"Q9EQX4","Aif1l","108897","Allograft inflammatory factor 1-like",0.5,0.5
"Q8JZQ2","Afg3l2","69597","Mitochondrial inner membrane m-AAA protease component AFG3L2",0,0
"Q8C0L9","Gpcpd1","74182","Glycerophosphocholine phosphodiesterase GPCPD1",0,0
"Q9JL56","Gde1","56209","Glycerophosphodiester phosphodiesterase 1",0,0
"Q61143","Trpc6","22068","Short transient receptor potential channel 6",0.5,0
"Q8VHK1","Caskin2","140721","Caskin-2",0,0
"Q9CY66","Gar1","68147","H/ACA ribonucleoprotein complex subunit 1",0,0
"Q5EG47","Prkaa1","105787","5'-AMP-activated protein kinase catalytic subunit alpha-1",0,0
"Q9QZ73","Dcun1d1","114893","DCN1-like protein 1",0,0
"O35379","Abcc1","17250","Multidrug resistance-associated protein 1",0,0
"Q9Z351","Kcnq2","16536","Potassium voltage-gated channel subfamily KQT member 2",0,0
"P61759","Vbp1","22327","Prefoldin subunit 3",0,0
"Q01338","Adra2a","11551","Alpha-2A adrenergic receptor",0,0
"Q63810","Ppp3r1","19058","Calcineurin subunit B type 1",0,0
"P57759","Erp29","67397","Endoplasmic reticulum resident protein 29",0,0
"O35887","Calu","12321","Calumenin",0,0
"Q8R5K2","Usp33","170822","Ubiquitin carboxyl-terminal hydrolase 33",0,0
"O35375","Nrp2","18187","Neuropilin-2",0,0
"Q99246","Cacna1d","12289","Voltage-dependent L-type calcium channel subunit alpha-1D",0.5,0.5
"O35218","Cpsf2","51786","Cleavage and polyadenylation specificity factor subunit 2",0,0
"Q8CGA2","Tbc1d14","100855","TBC1 domain family member 14",0,0
"Q6P3D0","Nudt16","75686","U8 snoRNA-decapping enzyme",0,0
"Q61576","Fkbp10","14230","Peptidyl-prolyl cis-trans isomerase FKBP10",0.25,0
"Q9Z148","Ehmt2","110147","Histone-lysine N-methyltransferase EHMT2",0.25,0
"Q3UBZ5","Mif4gd","69674","MIF4G domain-containing protein",0,0.5
"Q5NCF2","Trappc1","245828","Trafficking protein particle complex subunit 1",0,0
"P01872","Ighm","14999","Immunoglobulin heavy constant mu",0,0
"Q8VC69","Slc22a6","18399","Solute carrier family 22 member 6",0.25,0
"Q5XJY5","Arcn1","213827","Coatomer subunit delta",0,0
"Q9D3A8","Nos1ap","70729","Carboxyl-terminal PDZ ligand of neuronal nitric oxide synthase protein",0,0
"Q9ERZ4","Chrm2","243764","Muscarinic acetylcholine receptor M2",0.25,0.25
"Q07646","Mest","17294","Mesoderm-specific transcript protein",0,0
"Q922M3","Kctd10","330171","BTB/POZ domain-containing adapter for CUL3-mediated RhoA degradation protein 3",0,0
"Q9DC51","Gnai3","14679","Guanine nucleotide-binding protein G(i) subunit alpha-3",0,0
"Q99KV1","Dnajb11","67838","DnaJ homolog subfamily B member 11",0,0
"O54929","Wsb2","59043","WD repeat and SOCS box-containing protein 2",0,0
"P70288","Hdac2","15182","Histone deacetylase 2",0,0
"Q08091","Cnn1","12797","Calponin-1",0.25,0
"Q99PM3","Gtf2a1","83602","Transcription initiation factor IIA subunit 1",0,0
"Q91ZD4","Vangl2","93840","Vang-like protein 2",0,0
"Q8BMD8","Slc25a24","229731","Mitochondrial adenyl nucleotide antiporter SLC25A24",0,0
"Q8BUR3","Foxj3","230700","Forkhead box protein J3",0,0
"P63028","Tpt1","22070","Translationally-controlled tumor protein",0,0
"Q9WTU0","Phf2","18676","Lysine-specific demethylase PHF2",0,0.25
"Q8R5C8","Zmynd11","66505","Zinc finger MYND domain-containing protein 11",0,0
"Q99LJ1","Fuca1","71665","Tissue alpha-L-fucosidase",0,0
"Q8CJF7","Ahctf1","226747","Protein ELYS",0,0
"Q5SSH8","Cyb5d2","192986","Neuferricin",0,0
"Q64237","Dbh","13166","Dopamine beta-hydroxylase",0,0.5
"Q8QZT1","Acat1","110446","Acetyl-CoA acetyltransferase, mitochondrial",0,0
"A2AJ15","Man1b1","227619","Endoplasmic reticulum mannosyl-oligosaccharide 1,2-alpha-mannosidase",0,0
"A2ANU3","Syndig1","433485","Synapse differentiation-inducing gene protein 1",0,0.25
"Q9JLM9","Grb14","50915","Growth factor receptor-bound protein 14",0,0
"Q9D967","Mdp1","67881","Magnesium-dependent phosphatase 1",0,0
"Q9Z1L5","Cacna2d3","12294","Voltage-dependent calcium channel subunit alpha-2/delta-3",0,0
"Q91VX2","Ubap2","68926","Ubiquitin-associated protein 2",0,0
"Q8BKE6","Cyp20a1","77951","Cytochrome P450 20A1",0,0
"Q8R310","Tmcc3","319880","Transmembrane and coiled-coil domain protein 3",0,0
"Q8JZM0","Tfb1m","224481","Dimethyladenosine transferase 1, mitochondrial",0,0
"Q9JIP4","Panx1","55991","Pannexin-1",0,0
"Q31125","Slc39a7","14977","Zinc transporter SLC39A7",0,0
"O88848","Arl6","56297","ADP-ribosylation factor-like protein 6",0,0
"Q91VU6","Dcaf11","28199","DDB1- and CUL4-associated factor 11",0,0
"Q5SZV5","Kiaa0319","210108","Dyslexia-associated protein KIAA0319 homolog",0,0
"Q9D9K3","Aven","74268","Cell death regulator Aven",0,0
"Q1HFZ0","Nsun2","28114","RNA cytosine C(5)-methyltransferase NSUN2",0,0
"P16858","Gapdh","14433","Glyceraldehyde-3-phosphate dehydrogenase",0,0
"Q91WD9","Scgn","214189","Secretagogin",0.25,0.5
"P10126","Eef1a1","13627","Elongation factor 1-alpha 1",0,0
"O08795","Prkcsh","19089","Glucosidase 2 subunit beta",0,0
"Q9QYJ3","Dnajb1","81489","DnaJ homolog subfamily B member 1",0,0
"Q99M31","Hspa14","50497","Heat shock 70 kDa protein 14",0,0
"Q9D832","Dnajb4","67035","DnaJ homolog subfamily B member 4",0,0
"Q99MR8","Mccc1","72039","Methylcrotonoyl-CoA carboxylase subunit alpha, mitochondrial",0,0
"Q6ZPF4","Fmnl3","22379","Formin-like protein 3",0,0.25
"P29351","Ptpn6","15170","Tyrosine-protein phosphatase non-receptor type 6",0,0.25
"P59240","Nphp4","260305","Nephrocystin-4",0.5,0.5
"O89114","Dnajb5","56323","DnaJ homolog subfamily B member 5",0,0
"Q8BWU5","Osgep","66246","tRNA N6-adenosine threonylcarbamoyltransferase",0,0
"Q3UIL6","Plekha7","233765","Pleckstrin homology domain-containing family A member 7",0,0.25
"P08228","Sod1","20655","Superoxide dismutase [Cu-Zn]",0,0
"P62830","Rpl23","65019","Large ribosomal subunit protein uL14",0,0
"Q3U1V6","Uevld","54122","Ubiquitin-conjugating enzyme E2 variant 3",0,0
"Q64373","Bcl2l1","12048","Bcl-2-like protein 1",0,0
"Q9QUI0","Rhoa","11848","Transforming protein RhoA",0,0
"Q8CJF9","Ago3","214150","Protein argonaute-3",0,0
"Q9R008","Mvk","17855","Mevalonate kinase",0,0
"Q9ES28","Arhgef7","54126","Rho guanine nucleotide exchange factor 7",0,0
"Q8K4T5","Dusp19","68082","Dual specificity protein phosphatase 19",0,0
"Q9JJ69","Kcnip2","80906","A-type potassium channel modulatory protein KCNIP2",0,0
"Q9D6H2","Ift25","72938","Intraflagellar transport protein 25 homolog",0,0
"Q9QXC1","Fetub","59083","Fetuin-B",0,0
"Q60865","Caprin1","53872","Caprin-1",0,0
"Q9D772","Fam219a","71901","Protein FAM219A",0,0
"Q3TWW8","Srsf6","67996","Serine/arginine-rich splicing factor 6",0,0
"P41233","Abca1","11303","Phospholipid-transporting ATPase ABCA1",0,0
"Q04207","Rela","19697","Transcription factor p65",0,0
"Q91VX5","Nxph3","104079","Neurexophilin-3",0,0
"O35566","Cd151","12476","CD151 antigen",0,0
"Q9CPP0","Npm3","18150","Nucleoplasmin-3",0.5,0.5
"Q9DBH5","Lman2","66890","Vesicular integral-membrane protein VIP36",0,0
"Q99N28","Cadm3","94332","Cell adhesion molecule 3",0,0
"Q8K3H0","Appl1","72993","DCC-interacting protein 13-alpha",0,0
"E9Q612","Ptpro","19277","Receptor-type tyrosine-protein phosphatase O",0,0.25
"Q8VHN8","Nudt16l1","66911","Tudor-interacting repair regulator protein",0,0
"Q9CPS6","Hint3","66847","Adenosine 5'-monophosphoramidase HINT3",0,0
"Q99M28","Rnps1","19826","RNA-binding protein with serine-rich domain 1",0,0
"Q8VE38","Oxnad1","218885","Oxidoreductase NAD-binding domain-containing protein 1",0,0
"Q61704","Itih3","16426","Inter-alpha-trypsin inhibitor heavy chain H3",0,0
"Q9DAM7","Tmem263","103266","Transmembrane protein 263",0,0
"Q8BVQ5","Ppme1","72590","Protein phosphatase methylesterase 1",0,0
"Q80XG9","Lrrtm4","243499","Leucine-rich repeat transmembrane neuronal protein 4",0,0
"Q5SUE8","Ankrd40","71452","Ankyrin repeat domain-containing protein 40",0,0
"Q6ZWR4","Ppp2r2b","72930","Serine/threonine-protein phosphatase 2A 55 kDa regulatory subunit B beta isoform",0,0
"Q8BG02","Ppp2r2c","269643","Serine/threonine-protein phosphatase 2A 55 kDa regulatory subunit B gamma isoform",0,0
"P32233","Drg1","13494","Developmentally-regulated GTP-binding protein 1",0,0
"Q78RX3","Smim12","80284","Small integral membrane protein 12",0,0
"P50096","Impdh1","23917","Inosine-5'-monophosphate dehydrogenase 1",0,0
"Q8CDA1","Inpp5f","101490","Phosphatidylinositide 4-phosphatase SAC2",0,0
"P63168","Dynll1","56455","Dynein light chain 1, cytoplasmic",0,0
"Q9JJU8","Sh3bgrl","56726","Adapter Sh3bgrl",0,0
"Q9D0M5","Dynll2","68097","Dynein light chain 2, cytoplasmic",0,0
"Q64676","Ugt8","22239","2-hydroxyacylsphingosine 1-beta-galactosyltransferase",0,0
"P63101","Ywhaz","22631","14-3-3 protein zeta/delta",0,0
"O70325","Gpx4","625249","Phospholipid hydroperoxide glutathione peroxidase GPX4",0,0
"P70404","Idh3g","15929","Isocitrate dehydrogenase [NAD] subunit gamma 1, mitochondrial",0,0
"Q7TSH2","Phkb","102093","Phosphorylase b kinase regulatory subunit beta",0,0
"Q60928","Ggt1","14598","Glutathione hydrolase 1 proenzyme",0,0
"P58064","Mrps6","121022","Small ribosomal subunit protein bS6m",0,0
"Q9D6J6","Ndufv2","72900","NADH dehydrogenase [ubiquinone] flavoprotein 2, mitochondrial",0,0
"P70670","Naca","17938","Nascent polypeptide-associated complex subunit alpha, muscle-specific form",0,0
"Q8BY02","Nkrf","77286","NF-kappa-B-repressing factor",0,0
"Q9Z2I8","Suclg2","20917","Succinate--CoA ligase [GDP-forming] subunit beta, mitochondrial",0,0
"Q4QQM5","Miga1","215708","Mitoguardin 1",0,0
"Q6A026","Pds5a","71521","Sister chromatid cohesion protein PDS5 homolog A",0,0
"Q9JJT9","Phax","56698","Phosphorylated adapter RNA export protein",0,0
"Q3V3R4","Itga1","109700","Integrin alpha-1",0,0
"P62274","Rps29","20090","Small ribosomal subunit protein uS14",0,0
"Q8CFW1","Ano2","243634","Anoctamin-2",0.25,0
"Q8BPE4","Tmem177","66343","Transmembrane protein 177",0,0
"Q8R050","Gspt1","14852","Eukaryotic peptide chain release factor GTP-binding subunit ERF3A",0,0
"Q6PGE7","Slc6a7","240332","Sodium-dependent proline transporter",0,0
"P47962","Rpl5","100503670","Large ribosomal subunit protein uL18",0,0
"Q63850","Nup62","18226","Nuclear pore glycoprotein p62",0,0
"Q7TPD0","Ints3","229543","Integrator complex subunit 3",0,0
"Q9DB73","Cyb5r1","72017","NADH-cytochrome b5 reductase 1",0,0
"Q91X20","Ash2l","23808","Set1/Ash2 histone methyltransferase complex subunit ASH2",0,0
"Q9WV60","Gsk3b","56637","Glycogen synthase kinase-3 beta",0,0
"P18653","Rps6ka1","20111","Ribosomal protein S6 kinase alpha-1",0,0
"Q9D8Y7","Tnfaip8l2","69769","Tumor necrosis factor alpha-induced protein 8-like protein 2",0,0
"Q8C3J5","Dock2","94176","Dedicator of cytokinesis protein 2",0,0
"Q80X41","Vrk1","22367","Serine/threonine-protein kinase VRK1",0,0
"Q91VJ4","Stk38","106504","Serine/threonine-protein kinase 38",0.5,0
"P18654","Rps6ka3","110651","Ribosomal protein S6 kinase alpha-3",0,0
"Q9CQ20","Mid1ip1","68041","Mid1-interacting protein 1",0,0
"Q8R4G6","Mgat5","107895","Alpha-1,6-mannosylglycoprotein 6-beta-N-acetylglucosaminyltransferase A",0,0
"O35144","Terf2","21750","Telomeric repeat-binding factor 2",0,0.25
"P21661","Pcsk2","18549","Neuroendocrine convertase 2",0,0
"P46718","Pdcd2","18567","uS5 assembly chaperone PDCD2",0,0
"P62754","Rps6","20104","Small ribosomal subunit protein eS6",0,0
"Q9Z247","Fkbp9","27055","Peptidyl-prolyl cis-trans isomerase FKBP9",0,0
"Q5NCI0","Urgcp","72046","Up-regulator of cell proliferation",0,0
"Q8VDH1","Fbxo21","231670","F-box only protein 21",0,0
"O35495","Cdk14","18647","Cyclin-dependent kinase 14",0,0
"P62855","Rps26","27370","Small ribosomal subunit protein eS26",0,0
"Q9CSN1","Snw1","66354","SNW domain-containing protein 1",0,0
"Q9EST5","Anp32b","67628","Acidic leucine-rich nuclear phosphoprotein 32 family member B",0,0
"Q9DBD5","Pelp1","75273","Proline-, glutamic acid- and leucine-rich protein 1",0,0
"Q9D6L8","Ppil3","70225","Peptidyl-prolyl cis-trans isomerase-like 3",0,0
"D3YUJ3","Ccnyl1","227210","Cyclin-Y-like protein 1",0,0
"Q64133","Maoa","17161","Amine oxidase [flavin-containing] A",0,0
"O88622","Parg","26430","Poly(ADP-ribose) glycohydrolase",0,0
"O08581","Kcnk1","16525","Potassium channel subfamily K member 1",0,0
"Q640R3","Hepacam","72927","Hepatic and glial cell adhesion molecule",0,0
"Q8VHL0","Slc14a1","108052","Urea transporter 1",0,0
"Q99NF3","Cep41","83922","Centrosomal protein of 41 kDa",0,0
"Q78PG9","Ccdc25","67179","Coiled-coil domain-containing protein 25",0,0
"Q9WUK6","Zbtb18","30928","Zinc finger and BTB domain-containing protein 18",0,0
"P06151","Ldha","16828","L-lactate dehydrogenase A chain",0,0
"Q9JIS8","Slc12a4","20498","Solute carrier family 12 member 4",0,0
"O08756","Hsd17b10","15108","3-hydroxyacyl-CoA dehydrogenase type-2",0,0
"Q8C0E2","Vps26b","69091","Vacuolar protein sorting-associated protein 26B",0,0
"Q924N4","Slc12a6","107723","Solute carrier family 12 member 6",0,0
"P56546","Ctbp2","13017","C-terminal-binding protein 2",0,0
"O35181","Nrg3","18183","Pro-neuregulin-3, membrane-bound isoform",0,0.25
"Q6PDY0","Ccdc85b","240514","Coiled-coil domain-containing protein 85B",0,0
"Q60760","Grb10","14783","Growth factor receptor-bound protein 10",0,0
"Q9JKX4","Aatf","56321","Protein AATF",0.25,0.5
"Q80UY2","Kcmf1","74287","E3 ubiquitin-protein ligase KCMF1",0,0
"A2ASZ8","Slc25a25","227731","Mitochondrial adenyl nucleotide antiporter SLC25A25",0,0
"Q6ZQI3","Mlec","109154","Malectin",0,0
"Q9QWH1","Phc2","54383","Polyhomeotic-like protein 2",0,0
"S4R2P9","Slc8a3","110893","Sodium/calcium exchanger 3",0,0
"P14152","Mdh1","17449","Malate dehydrogenase, cytoplasmic",0,0
"Q8BWZ3","Naa25","231713","N-alpha-acetyltransferase 25, NatB auxiliary subunit",0,0
"A2TJV2","Palm3","74337","Paralemmin-3",0,0
"Q9D162","Ccdc167","68597","Coiled-coil domain-containing protein 167",0,0
"Q8BIF0","Cd99l2","171486","CD99 antigen-like protein 2",0,0
"Q9D0B0","Srsf9","108014","Serine/arginine-rich splicing factor 9",0,0
"Q9QZ05","Eif2ak4","27103","eIF-2-alpha kinase GCN2",0.25,0
"Q8K0F1","Tbc1d23","67581","TBC1 domain family member 23",0,0
"Q99LF4","Rtcb","28088","RNA-splicing ligase RTCB",0,0
"Q9DBN5","Lonp2","66887","Lon protease homolog 2, peroxisomal",0,0
"Q91YD3","Dcp1a","75901","mRNA-decapping enzyme 1A",0,0
"Q8BS45","Ift56","264134","Intraflagellar transport protein 56",0,0.25
"P36895","Bmpr1a","12166","Bone morphogenetic protein receptor type-1A",0,0
"P97386","Lig3","16882","DNA ligase 3",0.25,0.25
"Q8C1D8","Iws1","73473","Protein IWS1 homolog",0,0
"Q8R001","Mapre2","212307","Microtubule-associated protein RP/EB family member 2",0,0
"Q9R0M6","Rab9a","56382","Ras-related protein Rab-9A",0,0
"Q4VBE8","Wdr18","216156","WD repeat-containing protein 18",0,0
"P49135","Ercc3","13872","General transcription and DNA repair factor IIH helicase/translocase subunit XPB",0,0
"Q04447","Ckb","12709","Creatine kinase B-type",0,0
"P07310","Ckm","12715","Creatine kinase M-type",0,0
"Q8CHY3","Dym","69190","Dymeclin",0,0
"Q9JI19","Fibp","58249","Acidic fibroblast growth factor intracellular-binding protein",0,0
"P51655","Gpc4","14735","Glypican-4",0,0
"P17751","Tpi1","21991","Triosephosphate isomerase",0,0
"Q9CQY6","Uqcc2","67267","Ubiquinol-cytochrome c reductase complex assembly factor 2",0,0
"Q64343","Abcg1","11307","ATP-binding cassette sub-family G member 1",0,0
"Q9D9H8","Q9D9H8","73467","Mitochondrial protein C2orf69 homolog",0,0
"Q8BKI2","Tnrc6b","213988","Trinucleotide repeat-containing gene 6B protein",0,0
"P20352","F3","14066","Tissue factor",0,0
"Q5BKP2","Usp13","72607","Ubiquitin carboxyl-terminal hydrolase 13",0,0
"O89106","Fhit","14198","Bis(5'-adenosyl)-triphosphatase",0,0
"Q3TYX3","Smyd5","232187","Protein-lysine N-trimethyltransferase SMYD5",0,0
"Q9JI10","Stk3","56274","Serine/threonine-protein kinase 3",0,0.25
"Q69ZC8","Gpalpp1","67467","GPALPP motifs-containing protein 1",0,0
"P24288","Bcat1","12035","Branched-chain-amino-acid aminotransferase, cytosolic",0,0
"Q8C050","Rps6ka5","73086","Ribosomal protein S6 kinase alpha-5",0,0
"Q8R5A0","Smyd2","226830","N-lysine methyltransferase SMYD2",0,0
"Q62018","Ctr9","22083","RNA polymerase-associated protein CTR9 homolog",0,0
"Q8BG18","Necab1","69352","N-terminal EF-hand calcium-binding protein 1",0,0
"Q3U214","Mast3","546071","Microtubule-associated serine/threonine-protein kinase 3",0,0
"Q8BSK8","Rps6kb1","72508","Ribosomal protein S6 kinase beta-1",0,0
"Q7TSY6","Celf4","108013","CUGBP Elav-like family member 4",0,0
"Q923U0","Tom1l1","71943","TOM1-like protein 1",0,0
"Q6ZWY3","Rps27l","67941","Small ribosomal subunit protein eS27-like",0,0
"Q6ZWU9","Rps27","100043813","Small ribosomal subunit protein eS27",0,0
"P47811","Mapk14","26416","Mitogen-activated protein kinase 14",0,0
"Q9D1H6","Ndufaf4","68493","NADH dehydrogenase [ubiquinone] 1 alpha subcomplex assembly factor 4",0,0
"P56565","S100a1","20193","Protein S100-A1",0,0
"P22005","Penk","18619","Proenkephalin-A",0,0.25
"Q3URQ0","Tex10","269536","Testis-expressed protein 10",0,0
"Q5SWT3","Slc25a35","71998","Solute carrier family 25 member 35",0,0
"Q9DA03","Lyrm7","75530","Complex III assembly factor LYRM7",0,0
"Q9D1D4","Tmed10","68581","Transmembrane emp24 domain-containing protein 10",0,0
"Q9CZU4","Eral1","57837","GTPase Era, mitochondrial",0.25,0.25
"Q9CQ86","Mien1","103742","Migration and invasion enhancer 1",0,0
"Q9R022","Dnajc12","30045","DnaJ homolog subfamily C member 12",0.25,0.25
"P50427","Sts","20905","Steryl-sulfatase",0,0
"P00493","Hprt1","15452","Hypoxanthine-guanine phosphoribosyltransferase",0,0
"Q9ERB0","Snap29","67474","Synaptosomal-associated protein 29",0,0
"Q80XD1","Chn2","69993","Beta-chimaerin",0,0
"Q91V57","Chn1","108699","N-chimaerin",0,0
"Q99MJ9","Ddx50","94213","ATP-dependent RNA helicase DDX50",0,0
"Q8CHQ0","Fbxo4","106052","F-box only protein 4",0,0
"Q9CR88","Mrps14","64659","Small ribosomal subunit protein uS14m",0,0
"Q91VF2","Hnmt","140483","Histamine N-methyltransferase",0,0
"Q0KL01","Ubxn2b","68053","UBX domain-containing protein 2B",0,0
"Q8R570","Snap47","67826","Synaptosomal-associated protein 47",0,0
"Q5EBJ4","Ermn","77767","Ermin",0,0
"Q8CDU6","Hectd2","226098","Probable E3 ubiquitin-protein ligase HECTD2",0.5,0
"D3Z4S3","Ptrhd1","69709","Putative peptidyl-tRNA hydrolase PTRHD1",0,0
"O35381","Anp32a","11737","Acidic leucine-rich nuclear phosphoprotein 32 family member A",0,0
"Q3TP92","Ctdnep1","67181","CTD nuclear envelope phosphatase 1",0,0
"Q3TX08","Trmt1","212528","tRNA (guanine(26)-N(2))-dimethyltransferase",0,0
"Q8CIM7","Cyp2d26","76279","Cytochrome P450 2D26",0,0
"Q80V94","Ap4e1","108011","AP-4 complex subunit epsilon-1",0,0
"Q8CA71","Shisa4","77552","Protein shisa-4",0,0
"Q9CXW2","Mrps22","64655","Small ribosomal subunit protein mS22",0,0
"E9PZM4","Chd2","244059","ATP-dependent chromatin remodeler CHD2",0,0
"Q8R088","Golph3l","229593","Golgi phosphoprotein 3-like",0,0
"Q8R104","Sirt3","64384","NAD-dependent protein deacetylase sirtuin-3",0,0
"Q76LL6","Fhod3","225288","FH1/FH2 domain-containing protein 3",0,0
"Q9D2X5","Mau2","74549","MAU2 chromatid cohesion factor homolog",0,0
"Q8BHS8","Sybu","319613","Syntabulin",0,0
"P58242","Smpdl3b","100340","Acid sphingomyelinase-like phosphodiesterase 3b",0,0.25
"Q9DC11","Plxdc2","67448","Plexin domain-containing protein 2",0,0
"P68134","Acta1","11459","Actin, alpha skeletal muscle",0,0
"Q80W54","Zmpste24","230709","CAAX prenyl protease 1 homolog",0,0
"Q9D6J5","Ndufb8","67264","NADH dehydrogenase [ubiquinone] 1 beta subcomplex subunit 8, mitochondrial",0,0
"Q8R2Y0","Abhd6","66082","Monoacylglycerol lipase ABHD6",0,0
"Q91YV9","Pgap4","67063","GPI-N-acetylgalactosamine transferase PGAP4",0,0
"Q8C031","Lrrc4c","241568","Leucine-rich repeat-containing protein 4C",0,0
"Q8K273","Mmgt1","236792","ER membrane protein complex subunit 5",0,0
"P15306","Thbd","21824","Thrombomodulin",0.25,0
"Q3UI43","Babam1","68251","BRISC and BRCA1-A complex member 1",0,0
"P61963","Dcaf7","71833","DDB1- and CUL4-associated factor 7",0,0
"Q02614","Sap30bp","57230","SAP30-binding protein",0,0
"Q9D4F2","Plpp6","74411","Polyisoprenoid diphosphate/phosphate phosphohydrolase PLPP6",0,0
"Q8VCE2","Gpn1","74254","GPN-loop GTPase 1",0,0
"Q80X95","Rraga","68441","Ras-related GTP-binding protein A",0,0
"Q9D1G2","Pmvk","68603","Phosphomevalonate kinase",0,0
"Q8QZY1","Eif3l","223691","Eukaryotic translation initiation factor 3 subunit L",0,0
"P62843","Rps15","20054","Small ribosomal subunit protein uS19",0,0
"O55201","Supt5h","20924","Transcription elongation factor SPT5",0,0
"Q3UZ39","Lrrfip1","16978","Leucine-rich repeat flightless-interacting protein 1",0,0
"Q99JT1","Gatb","229487","Glutamyl-tRNA(Gln) amidotransferase subunit B, mitochondrial",0,0
"Q3TBT3","Sting1","72512","Stimulator of interferon genes protein",0.25,0.5
"O54828","Rgs9","19739","Regulator of G protein signaling 9",0.25,0
"Q9QZD9","Eif3i","54709","Eukaryotic translation initiation factor 3 subunit I",0,0
"Q9DCE5","Pak1ip1","68083","p21-activated protein kinase-interacting protein 1",0,0
"Q9QYS9","Qki","19317","KH domain-containing RNA-binding protein QKI",0,0
"Q9JKN1","Slc30a7","66500","Zinc transporter 7",0,0
"O88507","Cntfr","12804","Ciliary neurotrophic factor receptor subunit alpha",0,0
"P83887","Tubg1","103733","Tubulin gamma-1 chain",0,0
"Q7TSS2","Ube2q1","70093","Ubiquitin-conjugating enzyme E2 Q1",0,0
"O35710","Noct","12457","Nocturnin",0,0
"P06797","Ctsl","13039","Procathepsin L",0,0
"Q8VE33","Gdap1l1","228858","Ganglioside-induced differentiation-associated protein 1-like 1",0,0
"Q8K2X3","Stn1","108689","CST complex subunit STN1",0,0
"Q99N94","Mrpl9","78523","Large ribosomal subunit protein bL9m",0,0
"Q08122","Tle3","21887","Transducin-like enhancer protein 3",0,0
"P19221","F2","14061","Prothrombin",0,0
"Q922M7","AI597479","98404","tRNA-splicing ligase complex subunit ASW",0,0
"Q8VE37","Rcc1","100088","Regulator of chromosome condensation",0,0
"Q9ERN0","Scamp2","24044","Secretory carrier-associated membrane protein 2",0,0
"Q8BXA7","Phlpp2","244650","PH domain leucine-rich repeat-containing protein phosphatase 2",0.25,0.5
"P19324","Serpinh1","12406","Serpin H1",0,0
"Q62087","Pon3","269823","Serum paraoxonase/lactonase 3",0.25,0
"Q9CYH6","Rrs1","59014","Ribosome biogenesis regulatory protein homolog",0,0
"Q64444","Ca4","12351","Carbonic anhydrase 4",0,0
"P98154","Dgcr2","13356","Integral membrane protein DGCR2/IDD",0.5,0.5
"Q91W82","Ube2e2","218793","Ubiquitin-conjugating enzyme E2 E2",0,0
"Q91VU0","Fam3c","27999","Protein FAM3C",0,0
"Q8C863","Itch","16396","E3 ubiquitin-protein ligase Itchy",0,0
"P63276","Rps17","20068","Small ribosomal subunit protein eS17",0,0
"Q5U5M8","Bloc1s3","232946","Biogenesis of lysosome-related organelles complex 1 subunit 3",0.25,0
"B1AR13","Cisd3","217149","CDGSH iron-sulfur domain-containing protein 3, mitochondrial",0,0
"Q9CWW7","Cxxc1","74322","CXXC-type zinc finger protein 1",0.25,0.25
"Q8BGC9","Creg2","263764","Protein CREG2",0,0.25
"P55772","Entpd1","12495","Ectonucleoside triphosphate diphosphohydrolase 1",0,0
"P97291","Cdh8","12564","Cadherin-8",0,0
"Q99JP7","Ggt7","207182","Glutathione hydrolase 7",0,0
"O08967","Cyth3","19159","Cytohesin-3",0,0
"Q9QX11","Cyth1","19157","Cytohesin-1",0,0
"Q7TSH6","Scaf4","224432","SR-related and CTD-associated factor 4",0,0
"Q9CY64","Blvra","109778","Biliverdin reductase A",0,0
"Q9WTZ8","Bex2","12069","Protein BEX2",0.25,0.25
"Q8VD00","Tmem97","69071","Sigma intracellular receptor 2",0,0
"Q9CQ40","Mrpl49","18120","Large ribosomal subunit protein mL49",0,0
"Q8BHL8","Psmf1","228769","Proteasome inhibitor PI31 subunit",0,0
"Q60991","Cyp7b1","13123","Cytochrome P450 7B1",0,0
"Q61830","Mrc1","17533","Macrophage mannose receptor 1",0,0
"Q61189","Clns1a","12729","Methylosome subunit pICln",0,0
"Q9CQ26","Stambp","70527","STAM-binding protein",0,0
"P58158","B3gat3","72727","Galactosylgalactosylxylosylprotein 3-beta-glucuronosyltransferase 3",0,0
"P59759","Mrtfb","239719","Myocardin-related transcription factor B",0,0
"Q8CCI5","Rybp","56353","RING1 and YY1-binding protein",0.25,0.25
"O08740","Polr2j","20022","DNA-directed RNA polymerase II subunit RPB11",0.25,0.25
"Q9D864","Actr6","67019","Actin-related protein 6",0.5,0.25
"Q9DC04","Rgs3","50780","Regulator of G protein signaling 3",0,0
"Q9JJZ4","Ube2j1","56228","Ubiquitin-conjugating enzyme E2 J1",0,0
"O70370","Ctss","13040","Cathepsin S",0,0
"P26048","Gabra2","14395","Gamma-aminobutyric acid receptor subunit alpha-2",0,0
"Q9D1B9","Mrpl28","68611","Large ribosomal subunit protein bL28m",0,0
"Q8R2T8","Gtf3c5","70239","General transcription factor 3C polypeptide 5",0,0
"O35607","Bmpr2","12168","Bone morphogenetic protein receptor type-2",0,0
"O55028","Bckdk","12041","Branched-chain alpha-ketoacid dehydrogenase kinase",0,0
"P62046","Lrch1","380916","Leucine-rich repeat and calponin homology domain-containing protein 1",0,0.5
"P22907","Hmbs","15288","Porphobilinogen deaminase",0,0
"Q9R0L7","Akap8l","54194","A-kinase anchor protein 8-like",0,0
"Q9QZM0","Ubqln2","54609","Ubiquilin-2",0,0
"Q75N73","Slc39a14","213053","Metal cation symporter ZIP14",0,0.5
"Q9D9Z5","Dda1","66498","DET1- and DDB1-associated protein 1",0,0
"Q61161","Map4k2","26412","Mitogen-activated protein kinase kinase kinase kinase 2",0,0
"Q3UMB5","Smcr8","237782","Guanine nucleotide exchange protein SMCR8",0,0
"P10605","Ctsb","13030","Cathepsin B",0,0
"Q99KU0","Vmp1","75909","Vacuole membrane protein 1",0,0
"Q3TPX4","Exoc5","105504","Exocyst complex component 5",0,0
"Q8C5L6","Inpp5k","19062","Inositol polyphosphate 5-phosphatase K",0,0
"Q60805","Mertk","17289","Tyrosine-protein kinase Mer",0,0
"Q8BM72","Hspa13","110920","Heat shock 70 kDa protein 13",0,0
"Q8C9S4","Ccdc186","213993","Coiled-coil domain-containing protein 186",0.25,0
"P26262","Klkb1","16621","Plasma kallikrein",0,0.5
"P39038","Cdh4","12561","Cadherin-4",0,0
"P15116","Cdh2","12558","Cadherin-2",0,0
"Q9WTU6","Mapk9","26420","Mitogen-activated protein kinase 9",0,0
"Q9R226","Khdrbs3","13992","KH domain-containing, RNA-binding, signal transduction-associated protein 3",0,0
"Q8R242","Ctbs","74245","Di-N-acetylchitobiase",0,0
"Q8VHH7","Adcy3","104111","Adenylate cyclase type 3",0,0
"Q9CQV4","Retreg3","67998","Reticulophagy regulator 3",0,0
"P51954","Nek1","18004","Serine/threonine-protein kinase Nek1",0.25,0.5
"Q3TCN2","Plbd2","71772","Putative phospholipase B-like 2",0,0
"Q00898","Serpina1e","20704","Alpha-1-antitrypsin 1-5",0,0
"Q00897","Serpina1d","20703","Alpha-1-antitrypsin 1-4",0,0
"P55096","Abcd3","19299","ATP-binding cassette sub-family D member 3",0,0
"P98064","Masp1","17174","Mannan-binding lectin serine protease 1",0,0.25
"Q9CXV9","Dcun1d5","76863","DCN1-like protein 5",0,0
"P26450","Pik3r1","18708","Phosphatidylinositol 3-kinase regulatory subunit alpha",0,0
"O70496","Clcn7","26373","H(+)/Cl(-) exchange transporter 7",0,0
"Q9JHJ0","Tmod3","50875","Tropomodulin-3",0,0
"P62071","Rras2","66922","Ras-related protein R-Ras2",0,0
"Q9CXI5","Manf","74840","Mesencephalic astrocyte-derived neurotrophic factor",0,0
"Q3TH73","Ttyh2","117160","Protein tweety homolog 2",0,0
"O35526","Stx1a","20907","Syntaxin-1A",0,0
"O54734","Ddost","13200","Dolichyl-diphosphooligosaccharide--protein glycosyltransferase 48 kDa subunit",0,0
"Q9D7V9","Naaa","67111","N-acylethanolamine-hydrolyzing acid amidase",0,0
"Q9D1G5","Lrrc57","66606","Leucine-rich repeat-containing protein 57",0,0
"Q9CRC8","Lrrc40","67144","Leucine-rich repeat-containing protein 40",0,0
"P59235","Nup43","69912","Nucleoporin Nup43",0,0
"Q8BGX2","Timm29","69773","Mitochondrial import inner membrane translocase subunit Tim29",0,0
"Q8K019","Bclaf1","72567","Bcl-2-associated transcription factor 1",0,0
"Q9CX60","Lbh","77889","Protein LBH",0,0
"P54731","Faf1","14084","FAS-associated factor 1",0,0
"Q01768","Nme2","18103","Nucleoside diphosphate kinase B",0,0
"P15532","Nme1","18102","Nucleoside diphosphate kinase A",0,0
"Q8BGH4","Reep1","52250","Receptor expression-enhancing protein 1",0,0
"Q9D7G0","Prps1","19139","Ribose-phosphate pyrophosphokinase 1",0,0
"P46737","Brcc3","210766","Lys-63-specific deubiquitinase BRCC36",0,0
"Q9CR21","Ndufab1","70316","Acyl carrier protein, mitochondrial",0,0
"Q571F8","Gls2","216456","Glutaminase liver isoform, mitochondrial",0,0
"Q03146","Ddr1","12305","Epithelial discoidin domain-containing receptor 1",0,0
"Q9ESM3","Hapln2","73940","Hyaluronan and proteoglycan link protein 2",0,0
"Q9DCU6","Mrpl4","66163","Large ribosomal subunit protein uL4m",0,0
"P28798","Grn","14824","Progranulin",0,0
"Q3UFY8","Trmt10c","52575","tRNA methyltransferase 10 homolog C",0,0
"Q91WK1","Spryd4","66701","SPRY domain-containing protein 4",0,0
"P08556","Nras","18176","GTPase NRas",0,0
"P23198","Cbx3","12417","Chromobox protein homolog 3",0,0
"P55099","Tac3","21334","Tachykinin-3",0,0.25
"Q99KX1","Mlf2","30853","Myeloid leukemia factor 2",0,0
"Q8N7N5","Dcaf8","98193","DDB1- and CUL4-associated factor 8",0,0
"P32883","Kras","16653","GTPase KRas",0,0
"Q91VE6","Nifk","67949","MKI67 FHA domain-interacting nucleolar phosphoprotein",0,0
"Q9Z0Z4","Heph","15203","Hephaestin",0.25,0
"Q91VH2","Snx9","66616","Sorting nexin-9",0,0
"Q8VDG5","Ppcs","106564","Phosphopantothenate--cysteine ligase",0,0
"Q6P9J9","Ano6","105722","Anoctamin-6",0,0
"Q9QXE0","Hacl1","56794","2-hydroxyacyl-CoA lyase 1",0,0
"Q9CR61","Ndufb7","66916","NADH dehydrogenase [ubiquinone] 1 beta subcomplex subunit 7",0,0
"Q62415","Ppp1r13b","21981","Apoptosis-stimulating of p53 protein 1",0,0
"Q6NSQ9","G6pc3","68401","Glucose-6-phosphatase 3",0,0
"P62301","Rps13","68052","Small ribosomal subunit protein uS15",0,0
"P04370","Mbp","17196","Myelin basic protein",0,0
"Q9ER58","Spock2","94214","Testican-2",0,0
"Q9CPW7","Zmat2","66492","Zinc finger matrin-type protein 2",0,0
"Q9WU01","Khdrbs2","170771","KH domain-containing, RNA-binding, signal transduction-associated protein 2",0,0
"Q8BKV0","Spock3","72902","Testican-3",0,0
"Q9CQB5","Cisd2","67006","CDGSH iron-sulfur domain-containing protein 2",0,0
"P70158","Smpdl3a","57319","Cyclic GMP-AMP phosphodiesterase SMPDL3A",0,0
"P98086","C1qa","12259","Complement C1q subcomponent subunit A",0,0
"Q99L85","Elp5","54351","Elongator complex protein 5",0,0
"P83882","Rpl36a","19982","Large ribosomal subunit protein eL42",0,0
"Q8VCS6","Med9","192191","Mediator of RNA polymerase II transcription subunit 9",0,0
"Q99J21","Mcoln1","94178","Mucolipin-1",0,0
"P47746","Cnr1","12801","Cannabinoid receptor 1",0,0
"Q811B5","Prr3","75210","Proline-rich protein 3",0,0
"Q60596","Xrcc1","22594","DNA repair protein XRCC1",0.25,0
"Q9QZD8","Slc25a10","27376","Mitochondrial dicarboxylate carrier",0,0
"P59267","Zdhhc2","70546","Palmitoyltransferase ZDHHC2",0.25,0.25
"Q8BH50","Ark2n","212163","Protein ARK2N",0,0
"P55088","Aqp4","11829","Aquaporin-4",0,0
"Q80WB5","Ntaq1","76773","Protein N-terminal glutamine amidohydrolase",0,0
"Q62095","Ddx3y","26900","ATP-dependent RNA helicase DDX3Y",0,0
"Q9EP75","Cyp4f14","64385","Leukotriene-B4 omega-hydroxylase 3",0,0
"Q9CZT4","Polr3e","26939","DNA-directed RNA polymerase III subunit RPC5",0.25,0.5
"Q91VS8","Farp2","227377","FERM, ARHGEF and pleckstrin domain-containing protein 2",0.25,0
"Q5U4C3","Scaf1","233208","Splicing factor, arginine/serine-rich 19",0.5,0.5
"Q99J10","Ctu1","233189","Cytoplasmic tRNA 2-thiolation protein 1",0,0
"Q2MHE5","Dok6","623279","Docking protein 6",0,0
"P01837","Igkc","16136","Immunoglobulin kappa constant",0,0
"P59114","Pcif1","228866","mRNA (2'-O-methyladenosine-N(6)-)-methyltransferase",0,0
"Q99J27","Slc33a1","11416","Acetyl-coenzyme A transporter 1",0,0
"Q6PAM0","Prkab2","108097","5'-AMP-activated protein kinase subunit beta-2",0,0
"Q8K4I3","Arhgef6","73341","Rho guanine nucleotide exchange factor 6",0,0
"Q3UIA2","Arhgap17","70497","Rho GTPase-activating protein 17",0,0
"Q8BN57","Miso1","329659","Mitochondrial inner membrane subdomain organizer 1",0,0.25
"Q80X71","Tmem106b","71900","Transmembrane protein 106B",0,0
"Q9CWK3","Cd2bp2","70233","CD2 antigen cytoplasmic tail-binding protein 2",0,0
"Q8R404","Micos13","224904","MICOS complex subunit MIC13",0,0
"Q923D4","Sf3b5","66125","Splicing factor 3B subunit 5",0,0
"Q91VM5","Rbmxl1","19656","RNA binding motif protein, X-linked-like-1",0,0
"Q8BFY6","Pef1","67898","Peflin",0,0
"Q99JI6","Rap1b","215449","Ras-related protein Rap-1b",0,0
"Q8CI04","Cog3","338337","Conserved oligomeric Golgi complex subunit 3",0,0
"Q9JM14","Nt5c","50773","5'(3')-deoxyribonucleotidase, cytosolic type",0,0
"Q7TQE6","Maco1","66146","Macoilin",0,0
"Q9CZH7","Mxra7","67622","Matrix-remodeling-associated protein 7",0,0
"Q8K337","Inpp5b","16330","Type II inositol 1,4,5-trisphosphate 5-phosphatase",0,0
"Q9JLV6","Pnkp","59047","Bifunctional polynucleotide phosphatase/kinase",0,0
"Q8BWW4","Larp4","207214","La-related protein 4",0,0
"Q3TIV5","Zc3h15","69082","Zinc finger CCCH domain-containing protein 15",0,0
"Q9WUD8","Faim","23873","Fas apoptotic inhibitory molecule 1",0,0
"P32067","Ssb","20823","Lupus La protein homolog",0,0
"Q3U829","Ap5z1","231855","AP-5 complex subunit zeta-1",0.25,0.5
"Q8VD26","Tmem143","70209","Transmembrane protein 143",0,0
"Q8BM92","Cdh7","241201","Cadherin-7",0,0
"P32507","Nectin2","19294","Nectin-2",0,0
"Q9CXZ1","Ndufs4","17993","NADH dehydrogenase [ubiquinone] iron-sulfur protein 4, mitochondrial",0,0
"Q80WJ7","Mtdh","67154","Protein LYRIC",0,0
"Q80TQ5","Plekhm2","69582","Pleckstrin homology domain-containing family M member 2",0,0
"P32211","Chrm4","12672","Muscarinic acetylcholine receptor M4",0,0
"Q9JKY0","Cnot9","58184","CCR4-NOT transcription complex subunit 9",0,0
"A2A8Z1","Osbpl9","100273","Oxysterol-binding protein-related protein 9",0,0
"Q8BJS4","Sun2","223697","SUN domain-containing protein 2",0,0
"O88492","Plin4","57435","Perilipin-4",0,0
"Q91Z61","Diras1","208666","GTP-binding protein Di-Ras1",0,0
"Q3TAS6","Emc10","69683","ER membrane protein complex subunit 10",0,0
"Q8BTI7","Ankrd52","237615","Serine/threonine-protein phosphatase 6 regulatory ankyrin repeat subunit C",0.5,0
"Q8R0G7","Spns1","73658","Protein spinster homolog 1",0,0
"Q06138","Cab39","12283","Calcium-binding protein 39",0,0
"Q9D1M0","Sec13","110379","Protein SEC13 homolog",0,0
"Q9CYR0","Ssbp1","381760","Single-stranded DNA-binding protein, mitochondrial",0,0
"Q9JLK7","Cabp1","29867","Calcium-binding protein 1",0,0
"Q91YK0","Lrrc49","102747","Leucine-rich repeat-containing protein 49",0,0
"Q8K297","Colgalt1","234407","Procollagen galactosyltransferase 1",0,0
"Q9CYA6","Zcchc8","70650","Zinc finger CCHC domain-containing protein 8",0,0
"O88745","Scrg1","20284","Scrapie-responsive protein 1",0,0
"Q8BU11","Tox4","268741","TOX high mobility group box family member 4",0,0
"E9Q5K9","Ythdc1","231386","YTH domain-containing protein 1",0,0
"P61358","Rpl27","19942","Large ribosomal subunit protein eL27",0,0
"Q9Z329","Itpr2","16439","Inositol 1,4,5-trisphosphate-gated calcium channel ITPR2",0,0
"Q6S5J6","Krit1","79264","Krev interaction trapped protein 1",0,0
"Q8R1B0","Stac2","217154","SH3 and cysteine-rich domain-containing protein 2",0,0
"P97352","S100a13","20196","Protein S100-A13",0,0
"P51569","Gla","11605","Alpha-galactosidase A",0.25,0.25
"Q9DC28","Csnk1d","104318","Casein kinase I isoform delta",0,0
"Q8BVP5","Csnk1g2","103236","Casein kinase I isoform gamma-2",0,0
"Q8CE90","Map2k7","26400","Dual specificity mitogen-activated protein kinase kinase 7",0,0
"Q9CXJ1","Ears2","67417","Nondiscriminating glutamyl-tRNA synthetase EARS2, mitochondrial",0,0
"Q6PGB6","Naa50","72117","N-alpha-acetyltransferase 50",0,0
"Q8BMC3","Shc2","216148","SHC-transforming protein 2",0,0
"P63087","Ppp1cc","19047","Serine/threonine-protein phosphatase PP1-gamma catalytic subunit",0,0
"Q9JM62","Reep6","70335","Receptor expression-enhancing protein 6",0,0.25
"Q91VN6","Ddx41","72935","Probable ATP-dependent RNA helicase DDX41",0.25,0.5
"Q9CWV6","Prkrip1","66801","PRKR-interacting protein 1",0.5,0.25
"P70407","Cdh9","12565","Cadherin-9",0,0
"O08739","Ampd3","11717","AMP deaminase 3",0,0
"P00158","Mt-Cyb","17711","Cytochrome b",0,0
"Q9D6M3","Slc25a22","68267","Mitochondrial glutamate carrier 1",0,0
"Q3UHI4","Tmed8","382620","Protein TMED8",0,0
"Q8K3D3","Swi5","72931","DNA repair protein SWI5 homolog",0,0
"Q9DBX6","Cyp2s1","74134","Cytochrome P450 2S1",0.25,0.25
"Q8BH43","Wasf2","242687","Actin-binding protein WASF2",0,0
"Q8CB67","Lrp11","237253","Low-density lipoprotein receptor-related protein 11",0,0.25
"O35900","Lsm2","27756","U6 snRNA-associated Sm-like protein LSm2",0,0
"A3KFX0","Nt5c1a","230718","Cytosolic 5'-nucleotidase 1A",0,0
"Q8R1A4","Dock7","67299","Dedicator of cytokinesis protein 7",0,0
"Q05A62","Dnal1","105000","Dynein axonemal light chain 1",0,0
"Q80TA6","Mtmr12","268783","Myotubularin-related protein 12",0,0
"Q76HP3","Tmem132d","243274","Transmembrane protein 132D",0,0
"P70205","Adcyap1r1","11517","Pituitary adenylate cyclase-activating polypeptide type I receptor",0,0
"Q8C0I1","Agps","228061","Alkyldihydroxyacetonephosphate synthase, peroxisomal",0,0
"Q9R0S3","Mmp17","23948","Matrix metalloproteinase-17",0,0
"P01887","B2m","12010","Beta-2-microglobulin",0,0
"Q810C0","Slitrk2","245450","SLIT and NTRK-like protein 2",0,0
"Q80Y14","Glrx5","73046","Glutaredoxin-related protein 5, mitochondrial",0,0
"Q60973","Rbbp7","245688","Histone-binding protein RBBP7",0,0
"Q9CQM0","Nicn1","66257","Nicolin-1",0,0
"Q9Z280","Pld1","18805","Phospholipase D1",0,0
"Q6PHN9","Rab35","77407","Ras-related protein Rab-35",0,0
"Q99JI1","Mustn1","66175","Musculoskeletal embryonic nuclear protein 1",0.25,0
"Q9CY52","Thg1l","66628","Probable tRNA(His) guanylyltransferase",0,0
"P49312","Hnrnpa1","15382","Heterogeneous nuclear ribonucleoprotein A1",0,0
"Q9CPR5","Mrpl15","27395","Large ribosomal subunit protein uL15m",0,0
"O08807","Prdx4","53381","Peroxiredoxin-4",0,0
"Q62511","Zfp91","109910","E3 ubiquitin-protein ligase ZFP91",0,0
"Q64332","Syn2","20965","Synapsin-2",0,0
"Q8BU88","Mrpl22","216767","Large ribosomal subunit protein uL22m",0,0
"P42669","Pura","19290","Transcriptional activator protein Pur-alpha",0,0
"A2A9Q0","Fndc10","230991","Fibronectin type III domain-containing protein 10",0.5,0
"E0CZ16","Klhl3","100503085","Kelch-like protein 3",0,0
"Q5SXA9","Wwc1","211652","Protein KIBRA",0,0
"P70425","Rit2","19762","GTP-binding protein Rit2",0,0
"Q76N33","Stambpl1","76630","AMSH-like protease",0,0
"Q3UHH2","Slc22a23","73102","Solute carrier family 22 member 23",0,0
"Q5SU73","Coil","12812","Coilin",0,0
"Q8BH65","Dennd6a","211922","Protein DENND6A",0,0
"Q9CQU0","Txndc12","66073","Thioredoxin domain-containing protein 12",0,0
"Q6P5F6","Slc39a10","227059","Zinc transporter ZIP10",0,0
"P47963","Rpl13","270106","Large ribosomal subunit protein eL13",0,0
"Q9QXY9","Pex3","56535","Peroxisomal biogenesis factor 3",0,0
"Q99LN9","Dohh","102115","Deoxyhypusine hydroxylase",0,0
"G3X9X1","Kbtbd2","210973","Kelch repeat and BTB domain-containing protein 2",0,0
"Q9CWU4","Q9CWU4","66421","UPF0690 protein C1orf52 homolog",0,0
"O88559","Men1","17283","Menin",0,0
"Q8BGU2","Cbln2","12405","Cerebellin-2",0,0
"Q3UY34","Custos","72357","Protein CUSTOS",0,0
"Q60960","Kpna1","16646","Importin subunit alpha-5",0,0
"Q8BFW7","Lpp","210126","Lipoma-preferred partner homolog",0,0
"Q499X9","Mars2","212679","Methionine--tRNA ligase, mitochondrial",0,0
"Q9CQA1","Trappc5","66682","Trafficking protein particle complex subunit 5",0,0
"Q68EF0","Rab3ip","216363","Rab-3A-interacting protein",0,0
"Q8C0L6","Paox","212503","Peroxisomal N(1)-acetyl-spermine/spermidine oxidase",0,0
"Q9R257","Hebp1","15199","Heme-binding protein 1",0,0
"Q9EP71","Rai14","75646","Ankycorbin",0,0
"Q50H33","Kctd8","243043","BTB/POZ domain-containing protein KCTD8",0,0
"Q9ESL4","Map3k20","65964","Mitogen-activated protein kinase kinase kinase 20",0,0
"Q7TPW1","Nexn","68810","Nexilin",0.5,0.5
"Q91XF0","Pnpo","103711","Pyridoxine-5'-phosphate oxidase",0,0
"Q99J83","Atg5","11793","Autophagy protein 5",0,0
"Q6P549","Inppl1","16332","Phosphatidylinositol 3,4,5-trisphosphate 5-phosphatase 2",0,0
"Q9R1K9","Cetn2","26370","Centrin-2",0,0
"P11930","Nudt19","110959","Acyl-coenzyme A diphosphatase NUDT19",0,0
"Q8BGR8","Gskip","66787","GSK3B-interacting protein",0,0
"Q80T23","Sytl5","236643","Synaptotagmin-like protein 5",0.25,0.25
"Q9CXL3","Chlsn","73212","Cholesin",0,0.5
"Q9CR25","Dph2","67728","2-(3-amino-3-carboxypropyl)histidine synthase subunit 2",0,0
"O55102","Bloc1s1","14533","Biogenesis of lysosome-related organelles complex 1 subunit 1",0,0
"Q9CY45","Eef1akmt1","68043","EEF1A lysine methyltransferase 1",0,0
"P51807","Dynlt1","100040531","Dynein light chain Tctex-type 1",0,0
"Q9Z2W0","Dnpep","13437","Aspartyl aminopeptidase",0,0
"Q66T02","Plekhg5","269608","Pleckstrin homology domain-containing family G member 5",0,0
"Q99J23","Ghdc","80860","GH3 domain-containing protein",0,0
"Q9EQ61","Pes1","64934","Pescadillo homolog",0,0
"Q3UPH7","Arhgef40","268739","Rho guanine nucleotide exchange factor 40",0,0
"Q3UEZ8","Slc10a4","231290","Putative sodium/bile acid cotransporter 4",0,0
"O09131","Gsto1","14873","Glutathione S-transferase omega-1",0,0
"Q91YJ2","Snx4","69150","Sorting nexin-4",0,0
"O54825","Bysl","53414","Bystin",0,0
"Q9DB25","Alg5","66248","Dolichyl-phosphate beta-glucosyltransferase",0,0
"Q8CB27","Yod1","226418","Ubiquitin thioesterase OTU1",0,0
"Q8BHA1","Lrrc24","378937","Leucine-rich repeat-containing protein 24",0.25,0
"Q9JIZ9","Plscr3","70310","Phospholipid scramblase 3",0,0
"A9Z1V5","Vwa5b1","75718","von Willebrand factor A domain-containing protein 5B1",0.5,0.5
"Q80TR8","Dcaf1","321006","DDB1- and CUL4-associated factor 1",0,0
"P62751","Rpl23a","268449","Large ribosomal subunit protein uL23",0,0
"Q6PHP4","Znf512b","269401","Zinc finger protein 512B",0,0
"Q8R1T1","Chmp7","105513","Charged multivesicular body protein 7",0,0
"Q91VA6","Poldip2","67811","Polymerase delta-interacting protein 2",0,0
"Q6NXJ0","Wwc2","52357","Protein WWC2",0,0
"O35464","Sema6a","20358","Semaphorin-6A",0.25,0
"Q78YY6","Dnajc15","66148","DnaJ homolog subfamily C member 15",0,0
"Q8BL80","Arhgap22","239027","Rho GTPase-activating protein 22",0.25,0.25
"Q61809","Lrrn1","16979","Leucine-rich repeat neuronal protein 1",0,0
"O35680","Mrps12","24030","Small ribosomal subunit protein uS12m",0.5,0.25
"Q9DCM0","Ethe1","66071","Persulfide dioxygenase ETHE1, mitochondrial",0,0
"Q8R395","Commd5","66398","COMM domain-containing protein 5",0,0
"Q8BFQ9","Klhl42","232539","Kelch-like protein 42",0,0.25
"Q62348","Tsn","22099","Translin",0,0
"Q8CIF6","Sidt2","214597","SID1 transmembrane family member 2",0,0
"Q9D142","Nudt14","66174","Uridine diphosphate glucose pyrophosphatase NUDT14",0,0
"Q91YJ3","Thyn1","77862","Thymocyte nuclear protein 1",0,0
"Q9D850","Tmem68","72098","DGAT1/2-independent enzyme synthesizing storage lipids",0,0
"Q8R2R6","Mtg1","212508","Mitochondrial ribosome-associated GTPase 1",0,0.25
"Q9CXE7","Tmed5","73130","Transmembrane emp24 domain-containing protein 5",0,0
"O35207","Cdk2ap1","13445","Cyclin-dependent kinase 2-associated protein 1",0.25,0
"Q8VE08","Fbxo33","70611","F-box only protein 33",0,0
"Q61474","Msi1","17690","RNA-binding protein Musashi homolog 1",0,0
"Q7M729","Scn4b","399548","Sodium channel regulatory subunit beta-4",0.25,0
"Q9D125","Mrps25","64658","Small ribosomal subunit protein mS25",0,0
"Q920Q6","Msi2","76626","RNA-binding protein Musashi homolog 2",0,0
"Q62192","Cd180","17079","CD180 antigen",0.25,0.25
"P21126","Ubl4a","100169864","Ubiquitin-like protein 4A",0,0
"P43247","Msh2","17685","DNA mismatch repair protein Msh2",0,0
"P37172","Acvr1","11477","Activin receptor type-1",0,0
"Q8BGK6","Slc7a6","330836","Y+L amino acid transporter 2",0,0
"Q9ET54","Palld","72333","Palladin",0,0.25
"Q6PEE2","Ctif","269037","CBP80/20-dependent translation initiation factor",0,0
"Q8CI95","Osbpl11","106326","Oxysterol-binding protein-related protein 11",0,0
"P51163","Uros","22276","Uroporphyrinogen-III synthase",0,0
"Q61391","Mme","17380","Neprilysin",0.5,0.5
"Q9D358","Acp1","11431","Low molecular weight phosphotyrosine protein phosphatase",0,0
"Q64735","Cr1l","12946","Complement component receptor 1-like protein",0,0
"Q3TUA9","Pomk","74653","Protein O-mannose kinase",0,0
"Q3UJB0","Sf3b2","319322","Splicing factor 3B subunit 2",0,0
"P70255","Nfic","18029","Nuclear factor 1 C-type",0.25,0
"Q7TT45","Rragd","52187","Ras-related GTP-binding protein D",0,0
"P53612","Rabggtb","19352","Geranylgeranyl transferase type-2 subunit beta",0,0
"Q8R3R8","Gabarapl1","57436","Gamma-aminobutyric acid receptor-associated protein-like 1",0,0
"P70677","Casp3","12367","Caspase-3",0,0
"O88508","Dnmt3a","13435","DNA (cytosine-5)-methyltransferase 3A",0.5,0.25
"P07903","Ercc1","13870","DNA excision repair protein ERCC-1",0,0.5
"Q9CR41","Hypk","67693","Huntingtin-interacting protein K",0,0
"Q9Z0F7","Sncg","20618","Gamma-synuclein",0,0
"P70451","Fer","14158","Tyrosine-protein kinase Fer",0,0
"Q3UN02","Lclat1","225010","Lysocardiolipin acyltransferase 1",0,0
"Q3UFS4","Gpatch11","53951","G patch domain-containing protein 11",0,0
"O54804","Chka","12660","Choline kinase alpha",0,0
"Q9D7X1","Kctd4","67516","BTB/POZ domain-containing protein KCTD4",0,0
"Q9JHK5","Plek","56193","Pleckstrin",0,0
"Q921C1","Gjc3","118446","Gap junction gamma-3 protein",0,0
"Q99LI5","Znf281","226442","Zinc finger protein 281",0,0.5
"P50153","Gng4","14706","Guanine nucleotide-binding protein G(I)/G(S)/G(O) subunit gamma-4",0,0
"P52875","Tmem165","21982","Putative divalent cation/proton antiporter TMEM165",0,0
"Q3TKY6","Cwc27","67285","Spliceosome-associated protein CWC27 homolog",0,0
"Q9DBG6","Rpn2","20014","Dolichyl-diphosphooligosaccharide--protein glycosyltransferase subunit 2",0,0
"B1AXP6","Tomm5","68512","Mitochondrial import receptor subunit TOM5 homolog",0,0
"O35638","Stag2","20843","Cohesin subunit SA-2",0,0
"Q8C4U2","Tmem145","330485","Transmembrane protein 145",0,0
"Q8BLR9","Hif1an","319594","Hypoxia-inducible factor 1-alpha inhibitor",0,0
"Q5XG73","Acbd5","74159","Acyl-CoA-binding domain-containing protein 5",0,0
"Q9JMG3","Tmub1","64295","Transmembrane and ubiquitin-like domain-containing protein 1",0,0
"Q8BWP8","B4gat1","108902","Beta-1,4-glucuronyltransferase 1",0,0
"P40237","Cd82","12521","CD82 antigen",0,0
"P50172","Hsd11b1","15483","11-beta-hydroxysteroid dehydrogenase 1",0,0
"Q9WUP7","Uchl5","56207","Ubiquitin carboxyl-terminal hydrolase isozyme L5",0,0
"Q8VDD8","Washc1","68767","WASH complex subunit 1",0,0
"Q9D2P8","Mobp","17433","Myelin-associated oligodendrocyte basic protein",0,0
"Q3U0S6","Rasip1","69903","Ras-interacting protein 1",0,0
"Q9CY50","Ssr1","107513","Translocon-associated protein subunit alpha",0,0
"P99028","Uqcrh","66576","Cytochrome b-c1 complex subunit 6, mitochondrial",0,0
"P62317","Snrpd2","107686","Small nuclear ribonucleoprotein Sm D2",0,0
"P17095","Hmga1","15361","High mobility group protein HMG-I/HMG-Y",0,0
"Q810B9","Slitrk3","386750","SLIT and NTRK-like protein 3",0,0
"Q9D6U8","Fam162a","70186","Protein FAM162A",0,0
"Q8R5H6","Wasf1","83767","Actin-binding protein WASF1",0,0
"Q9CZ83","Mrpl55","67212","Large ribosomal subunit protein mL55",0,0
"P63141","Kcna2","16490","Potassium voltage-gated channel subfamily A member 2",0,0
"Q9QX66","Dpf1","29861","Zinc finger protein neuro-d4",0,0
"Q811G0","Bbs9","319845","Protein PTHB1",0,0
"Q9Z1M7","Large1","16795","Xylosyl- and glucuronyltransferase LARGE1",0,0
"Q8CAF4","Nhsl1","215819","NHS-like protein 1",0,0
"O55242","Sigmar1","18391","Sigma non-opioid intracellular receptor 1",0,0
"Q62148","Aldh1a2","19378","Retinal dehydrogenase 2",0,0
"Q9CZS1","Aldh1b1","72535","Aldehyde dehydrogenase family 1 member B1, mitochondrial",0,0
"Q62433","Ndrg1","17988","Protein NDRG1",0,0
"Q9D8V0","Hm13","14950","Signal peptide peptidase",0,0
"Q03958","Pfdn6","14976","Prefoldin subunit 6",0,0
"Q9CQC9","Sar1b","66397","Small COPII coat GTPase SAR1B",0,0
"Q8BU14","Sec62","69276","Translocation protein SEC62",0,0
"Q8R5F8","Eps8l1","67425","Epidermal growth factor receptor kinase substrate 8-like protein 1",0.25,0
"Q9EQJ0","Tpcn1","252972","Two pore calcium channel protein 1",0,0
"Q69ZF7","Cnnm4","94220","Metal transporter CNNM4",0,0
"Q3TVI8","Pbxip1","229534","Pre-B-cell leukemia transcription factor-interacting protein 1",0,0
"Q4G5Y1","Klhdc2","69554","Kelch domain-containing protein 2",0,0
"Q9D1K7","Adissp","67326","Adipose-secreted signaling protein",0,0
"Q9ERS2","Ndufa13","67184","NADH dehydrogenase [ubiquinone] 1 alpha subcomplex subunit 13",0,0
"Q8K409","Polb","18970","DNA polymerase beta",0,0.25
"Q9JJ57","Kcnip1","70357","A-type potassium channel modulatory protein KCNIP1",0.5,0
"Q8BZQ7","Anapc2","99152","Anaphase-promoting complex subunit 2",0,0
"Q9CQT9","Rab5if","67388","GEL complex subunit OPTI",0.25,0
"D3Z7H4","Gsg1l","269994","Germ cell-specific gene 1-like protein",0,0
"Q921K9","Bcl7b","12054","B-cell CLL/lymphoma 7 protein family member B",0.5,0.5
"Q91YE8","Synpo2","118449","Synaptopodin-2",0.5,0.5
"O08585","Clta","12757","Clathrin light chain A",0,0
"Q9R0P4","Smap","56372","Small acidic protein",0,0
"Q3UMR0","Ankrd27","245886","Ankyrin repeat domain-containing protein 27",0,0
"O88502","Pde8a","18584","High affinity cAMP-specific and IBMX-insensitive 3',5'-cyclic phosphodiesterase 8A",0,0
"Q91WE1","Snx15","69024","Sorting nexin-15",0,0
"A6H603","Nwd1","319555","NACHT domain- and WD repeat-containing protein 1",0.5,0.5
"P97364","Sephs2","20768","Selenide, water dikinase 2",0,0
"Q78T81","Eeig1","98952","Early estrogen-induced gene 1 protein",0,0
"Q99J93","Ifitm2","80876","Interferon-induced transmembrane protein 2",0.5,0.25
"Q80SY6","Mapda","75894","N6-Methyl-AMP deaminase",0,0
"Q61193","Rgl2","19732","Ral guanine nucleotide dissociation stimulator-like 2",0,0.25
"Q7TNE3","Spag7","216873","Sperm-associated antigen 7",0,0
"Q3UBX0","Tmem109","68539","Voltage-gated monoatomic cation channel TMEM109",0,0
"P54818","Galc","14420","Galactocerebrosidase",0,0
"Q99LJ7","Rcbtb2","105670","RCC1 and BTB domain-containing protein 2",0.25,0.25
"Q9ER88","Dap3","65111","Small ribosomal subunit protein mS29",0,0
"Q9R194","Cry2","12953","Cryptochrome-2",0,0
"P12025","Mdk","17242","Midkine",0.25,0
"Q9EQU5","Set","56086","Protein SET",0,0
"Q3UA37","Qrich1","69232","Transcriptional regulator QRICH1",0,0
"Q9DCA5","Brix1","67832","Ribosome biogenesis protein BRX1 homolog",0,0
"P62774","Mtpn","14489","Myotrophin",0,0
"Q9CZJ0","Mpped2","77015","Metallophosphoesterase MPPED2",0,0
"P08207","S100a10","20194","Protein S100-A10",0,0
"Q9CPU2","Ndufb2","68198","NADH dehydrogenase [ubiquinone] 1 beta subcomplex subunit 2, mitochondrial",0,0
"Q9Z0S6","Cldn10","58187","Claudin-10",0,0
"Q9WVL6","Extl3","54616","Exostosin-like 3",0.5,0.5
"E9Q9D5","Rabl2","68708","Rab-like protein 2A",0,0
"Q8BHE8","Maip1","68115","m-AAA protease-interacting protein 1, mitochondrial",0,0
"Q9CWP6","Mospd2","76763","Motile sperm domain-containing protein 2",0,0
"Q9R0P9","Uchl1","22223","Ubiquitin carboxyl-terminal hydrolase isozyme L1",0,0
"Q62507","Coch","12810","Cochlin",0,0
"Q9CQL6","Mrpl35","66223","Large ribosomal subunit protein bL35m",0,0
"P05555","Itgam","16409","Integrin alpha-M",0,0
"P14231","Atp1b2","11932","Sodium/potassium-transporting ATPase subunit beta-2",0,0
"O54942","Cldn5","12741","Claudin-5",0,0
"Q7TSH7","Kcnf1","382571","Voltage-gated potassium channel regulatory subunit KCNF1",0,0
"P62956","Cacng7","81904","Voltage-dependent calcium channel gamma-7 subunit",0,0
"O35316","Slc6a6","21366","Sodium- and chloride-dependent taurine transporter",0,0
"Q8BQM4","Heatr3","234549","HEAT repeat-containing protein 3",0,0
"Q8VC66","Ssx2ip","99167","Afadin- and alpha-actinin-binding protein",0,0.5
"Q9JME9","Vstm2b","58188","V-set and transmembrane domain-containing protein 2B",0,0
"P62858","Rps28","54127","Small ribosomal subunit protein eS28",0,0
"Q03717","Kcnb1","16500","Potassium voltage-gated channel subfamily B member 1",0,0
"Q9Z2L7","Crlf3","54394","Cytokine receptor-like factor 3",0,0
"Q3URE1","Acsf3","257633","Malonate--CoA ligase ACSF3, mitochondrial",0,0
"Q9Z321","Top3b","21976","DNA topoisomerase 3-beta-1",0,0
"Q9QYC1","Pcnx1","54604","Pecanex-like protein 1",0,0
"Q7TT15","Galnt17","212996","Polypeptide N-acetylgalactosaminyltransferase 17",0,0
"Q8BX80","Engase","217364","Cytosolic endo-beta-N-acetylglucosaminidase",0,0
"Q69ZA1","Cdk13","69562","Cyclin-dependent kinase 13",0,0
"P24788","Cdk11b","12537","Cyclin-dependent kinase 11B",0,0
"Q8BG58","P4htm","74443","Transmembrane prolyl 4-hydroxylase",0,0
"Q6PIX5","Rhbdf1","13650","Inactive rhomboid protein 1",0,0
"Q6VVW5","Npr2","230103","Atrial natriuretic peptide receptor 2",0,0
"Q3TB48","SLC38A12","320534","Putative sodium-coupled neutral amino acid transporter 12",0.25,0.25
"Q9WTR6","Slc7a11","26570","Cystine/glutamate transporter",0,0
"P63115","Slc7a10","53896","Asc-type amino acid transporter 1",0,0
"P41241","Csk","12988","Tyrosine-protein kinase CSK",0,0
"P60840","Ensa","56205","Alpha-endosulfine",0,0
"P53986","Slc16a1","20501","Monocarboxylate transporter 1",0,0
"Q3KNM2","Marchf5","69104","E3 ubiquitin-protein ligase MARCHF5",0,0
"Q8VCH6","Dhcr24","74754","Delta(24)-sterol reductase",0,0
"Q02956","Prkcz","18762","Protein kinase C zeta type",0,0
"P17742","Ppia","268373","Peptidyl-prolyl cis-trans isomerase A",0,0
"P61294","Rab6b","270192","Ras-related protein Rab-6B",0,0
"P62631","Eef1a2","13628","Elongation factor 1-alpha 2",0,0
"O70152","Dpm1","13480","Dolichol-phosphate mannosyltransferase subunit 1",0,0
"Q9JJE7","Fads3","60527","Fatty acid desaturase 3",0,0
"Q9JJZ6","Klf13","50794","Krueppel-like factor 13",0,0
"P39876","Timp3","21859","Metalloproteinase inhibitor 3",0,0
"Q9CQW0","Emc6","66048","ER membrane protein complex subunit 6",0,0
"Q9CWU9","Nup37","69736","Nucleoporin Nup37",0,0
"Q9D6Y7","Msra","110265","Mitochondrial peptide methionine sulfoxide reductase",0,0
"Q9JM63","Kcnj10","16513","ATP-sensitive inward rectifier potassium channel 10",0,0
"Q3TMX7","Qsox2","227638","Sulfhydryl oxidase 2",0,0
"Q9Z0V7","Timm17b","21855","Mitochondrial import inner membrane translocase subunit Tim17-B",0,0
"Q3UCQ1","Foxk2","68837","Forkhead box protein K2",0,0
"Q9QZH3","Ppie","56031","Peptidyl-prolyl cis-trans isomerase E",0,0
"P00416","mt-Co3","17710","Cytochrome c oxidase subunit 3",0,0
"Q8VE47","Uba5","66663","Ubiquitin-like modifier-activating enzyme 5",0,0
"Q9JLQ0","Cd2ap","12488","CD2-associated protein",0,0
"Q8BTJ4","Enpp4","224794","Bis(5'-adenosyl)-triphosphatase enpp4",0,0
"Q62159","Rhoc","11853","Rho-related GTP-binding protein RhoC",0,0
"P62746","Rhob","11852","Rho-related GTP-binding protein RhoB",0,0
"O35709","Enc1","13803","Ectoderm-neural cortex protein 1",0,0
"Q922W5","Pycr1","209027","Pyrroline-5-carboxylate reductase 1, mitochondrial",0,0
"Q8CHP5","Pym1","78428","Partner of Y14 and mago",0,0
"Q8CI03","Flywch1","224613","FLYWCH-type zinc finger-containing protein 1",0,0
"Q60932","Vdac1","22333","Non-selective voltage-gated ion channel VDAC1",0,0
"Q61146","Ocln","18260","Occludin",0,0.25
"Q8BXC6","Commd2","52245","COMM domain-containing protein 2",0,0
"Q9CXE2","Bcl7a","77045","B-cell CLL/lymphoma 7 protein family member A",0,0
"Q91V04","Tram1","72265","Translocating chain-associated membrane protein 1",0,0
"Q9CZ13","Uqcrc1","22273","Cytochrome b-c1 complex subunit 1, mitochondrial",0,0
"O88735","Map7","17761","Ensconsin",0,0
"P0DN34","Ndufb1","102631912","NADH dehydrogenase [ubiquinone] 1 beta subcomplex subunit 1",0,0
"Q8C5W3","Tbcel","272589","Tubulin-specific chaperone cofactor E-like protein",0,0
"Q9CX00","Ist1","71955","IST1 homolog",0,0
"Q69Z38","Peak1","244895","Inactive tyrosine-protein kinase PEAK1",0,0
"Q99LC3","Ndufa10","67273","NADH dehydrogenase [ubiquinone] 1 alpha subcomplex subunit 10, mitochondrial",0,0
"Q76KF0","Sema6d","214968","Semaphorin-6D",0,0.25
"A2AWP8","Arhgef10l","72754","Rho guanine nucleotide exchange factor 10-like protein",0,0
"P97363","Sptlc2","20773","Serine palmitoyltransferase 2",0.25,0
"Q8VCD6","Reep2","225362","Receptor expression-enhancing protein 2",0,0
"Q76I79","Ssh1","231637","Protein phosphatase Slingshot homolog 1",0,0.5
"Q7TMY4","Thoc7","66231","THO complex subunit 7 homolog",0,0
"Q3U9G9","Lbr","98386","Delta(14)-sterol reductase LBR",0,0
"Q9D187","Ciao2b","68523","Cytosolic iron-sulfur assembly component 2B",0,0
"Q8R179","Kbtbd4","67136","Kelch repeat and BTB domain-containing protein 4",0,0
"Q8K2H6","Anapc10","68999","Anaphase-promoting complex subunit 10",0.5,0.5
"O55128","Sap18","100041953","Histone deacetylase complex subunit SAP18",0,0
"Q3UQN2","Fcho2","218503","F-BAR domain only protein 2",0,0
"Q91YN9","Bag2","213539","BAG family molecular chaperone regulator 2",0,0
"Q923Z3","Mto1","68291","5-taurinomethyluridine-[tRNA] synthase subunit MTO1, mitochondrial",0,0
"Q3UBG2","Pid1","98496","PTB-containing, cubilin and LRP1-interacting protein",0,0
"Q91WN1","Dnajc9","108671","DnaJ homolog subfamily C member 9",0,0
"Q9R0P6","Sec11a","56529","Signal peptidase complex catalytic subunit SEC11A",0,0
"O88520","Shoc2","56392","Leucine-rich repeat protein SHOC-2",0,0
"Q9CQA6","Chchd1","66121","Small ribosomal subunit protein mS37",0,0
"Q8R2E9","Ero1b","67475","ERO1-like protein beta",0.25,0.25
"Q99K23","Ufsp2","192169","Ufm1-specific protease 2",0,0
"Q09200","B4galnt1","14421","Beta-1,4 N-acetylgalactosaminyltransferase 1",0,0
"P28653","Bgn","12111","Biglycan",0,0
"O35083","Agpat1","55979","1-acyl-sn-glycerol-3-phosphate acyltransferase alpha",0,0
"Q8C669","Peli1","67245","E3 ubiquitin-protein ligase pellino homolog 1",0,0
"P40336","Vps26a","30930","Vacuolar protein sorting-associated protein 26A",0,0
"Q8R2V5","Adap2","216991","Arf-GAP with dual PH domain-containing protein 2",0,0
"O09161","Casq2","12373","Calsequestrin-2",0.5,0
"Q91WM6","Eva1a","232146","Protein eva-1 homolog A",0,0
"Q9D2E2","Toe1","68276","Target of EGR1 protein 1",0,0
"Q9Z1X2","Ptdss2","27388","Phosphatidylserine synthase 2",0,0
"Q9JLM4","Zmym3","56364","Zinc finger MYM-type protein 3",0,0
"O89016","Abcd4","19300","Lysosomal cobalamin transporter ABCD4",0,0
"P12787","Cox5a","12858","Cytochrome c oxidase subunit 5A, mitochondrial",0,0
"O35704","Sptlc1","268656","Serine palmitoyltransferase 1",0,0
"Q64314","Cd34","12490","Hematopoietic progenitor cell antigen CD34",0,0
"Q9D706","Rpap3","71919","RNA polymerase II-associated protein 3",0,0
"Q9D8B4","Ndufa11","69875","NADH dehydrogenase [ubiquinone] 1 alpha subcomplex subunit 11",0,0
"Q8R3G1","Ppp1r8","100336","Nuclear inhibitor of protein phosphatase 1",0,0
"P12657","Chrm1","12669","Muscarinic acetylcholine receptor M1",0,0
"Q06185","Atp5me","11958","ATP synthase F(0) complex subunit e, mitochondrial",0,0
"P48542","Kcnj6","16522","G protein-activated inward rectifier potassium channel 2",0,0
"Q8K363","Ddx18","66942","ATP-dependent RNA helicase DDX18",0,0
"O88653","Lamtor3","56692","Ragulator complex protein LAMTOR3",0,0
"Q8VCX6","Kptn","70394","KICSTOR complex protein kaptin",0,0.25
"Q9WV76","Ap4b1","67489","AP-4 complex subunit beta-1",0,0
"Q9D7P6","Iscu","66383","Iron-sulfur cluster assembly enzyme ISCU",0,0
"Q9D8X1","Cutc","66388","Copper homeostasis protein cutC homolog",0,0
"Q00422","Gabpa","14390","GA-binding protein alpha chain",0,0.25
"P63330","Ppp2ca","19052","Serine/threonine-protein phosphatase 2A catalytic subunit alpha isoform",0,0
"Q9CQP3","Chchd5","66170","Coiled-coil-helix-coiled-coil-helix domain-containing protein 5",0,0
"Q8C6G1","Cfap410","67884","Cilia- and flagella-associated protein 410",0,0
"Q9CR59","Gadd45gip1","102060","Large ribosomal subunit protein mL64",0,0
"Q9CQ45","Nenf","66208","Neudesin",0,0
"A2A4P0","Dhx8","217207","ATP-dependent RNA helicase DHX8",0.25,0
"Q63932","Map2k2","26396","Dual specificity mitogen-activated protein kinase kinase 2",0,0
"Q3UJD6","Usp19","71472","Ubiquitin carboxyl-terminal hydrolase 19",0,0
"P27545","Cers1","93898","Ceramide synthase 1",0,0
"Q9JKX6","Nudt5","53893","ADP-sugar pyrophosphatase",0,0
"O35544","Slc1a6","20513","Excitatory amino acid transporter 4",0,0.25
"Q91XL3","Uxs1","67883","UDP-glucuronic acid decarboxylase 1",0,0
"Q80U16","Ripor2","193385","Rho family-interacting cell polarization regulator 2",0,0
"Q9D6J4","Necab3","56846","N-terminal EF-hand calcium-binding protein 3",0,0.25
"Q8K2I4","Manba","110173","Beta-mannosidase",0,0
"P26151","Fcgr1","14129","High affinity immunoglobulin gamma Fc receptor I",0.5,0.25
"Q9EQS9","Igdcc4","56741","Immunoglobulin superfamily DCC subclass member 4",0,0
"Q9QZN1","Fbxl17","50758","F-box/LRR-repeat protein 17",0,0
"Q8BTW3","Exosc6","72544","Exosome complex component MTR3",0,0
"P19426","Nelfe","27632","Negative elongation factor E",0,0
"Q9DC71","Mrps15","66407","Small ribosomal subunit protein uS15m",0,0
"Q05816","Fabp5","16592","Fatty acid-binding protein 5",0,0
"P50608","Fmod","14264","Fibromodulin",0,0
"Q8BZ81","Lrrtm3","216028","Leucine-rich repeat transmembrane neuronal protein 3",0,0
"Q570Y9","Deptor","97998","DEP domain-containing mTOR-interacting protein",0,0
"Q91VR2","Atp5f1c","11949","ATP synthase F(1) complex subunit gamma, mitochondrial",0,0
"Q9CQA5","Med4","67381","Mediator of RNA polymerase II transcription subunit 4",0.25,0.25
"P40630","Tfam","21780","Transcription factor A, mitochondrial",0,0
"Q8C006","Trim35","66854","E3 ubiquitin-protein ligase TRIM35",0,0
"O88974","Setdb1","84505","Histone-lysine N-methyltransferase SETDB1",0,0
"P70671","Irf3","54131","Interferon regulatory factor 3",0,0
"E9PY46","Ift140","106633","Intraflagellar transport protein 140 homolog",0,0
"Q9D024","Ccdc47","67163","PAT complex subunit CCDC47",0,0
"Q64339","Isg15","100038882","Ubiquitin-like protein ISG15",0,0
"Q8VEG6","Cnot6l","231464","CCR4-NOT transcription complex subunit 6-like",0,0.25
"Q922K7","Nop2","110109","28S rRNA (cytosine-C(5))-methyltransferase",0,0
"Q6ZWN5","Rps9","76846","Small ribosomal subunit protein uS4",0,0
"Q8BFQ3","Gpr68","238377","G protein-coupled receptor 68",0.5,0.5
"Q9CQ19","Myl9","98932","Myosin regulatory light polypeptide 9",0,0
"Q62084","Ppp1r14b","18938","Protein phosphatase 1 regulatory subunit 14B",0,0
"Q08857","Cd36","12491","Platelet glycoprotein 4",0.5,0
"Q8BVE3","Atp6v1h","108664","V-type proton ATPase subunit H",0,0
"P60603","Romo1","67067","Reactive oxygen species modulator 1",0,0
"P36536","Sar1a","20224","Small COPII coat GTPase SAR1A",0,0
"P62838","Ube2d2","56550","Ubiquitin-conjugating enzyme E2 D2",0,0
"O55057","Pde6d","18582","Retinal rod rhodopsin-sensitive cGMP 3',5'-cyclic phosphodiesterase subunit delta",0,0
"Q99K10","Nlgn1","192167","Neuroligin-1",0,0
"Q91XE4","Acy3","71670","N-acyl-aromatic-L-amino acid amidohydrolase (carboxylate-forming)",0,0
"Q8JZX9","Cdc42ep2","104252","Cdc42 effector protein 2",0.25,0
"Q8BGN2","D3Ertd751e","73852","UPF0462 protein C4orf33 homolog",0,0
"Q60739","Bag1","12017","BAG family molecular chaperone regulator 1",0,0
"Q8WUR0","Q8WUR0","72244","Protein C19orf12 homolog",0,0
"P70279","Surf6","20935","Surfeit locus protein 6",0,0
"Q9CQJ2","Pih1d1","68845","PIH1 domain-containing protein 1",0,0
"Q9D0J4","Arl2","56327","ADP-ribosylation factor-like protein 2",0,0
"Q9D1Q4","Dpm3","68563","Dolichol-phosphate mannosyltransferase subunit 3",0,0
"Q9ERT9","Ppp1r1a","58200","Protein phosphatase 1 regulatory subunit 1A",0,0
"Q3U5C7","Prickle1","106042","Prickle-like protein 1",0,0
"P61079","Ube2d3","66105","Ubiquitin-conjugating enzyme E2 D3",0,0
"P61080","Ube2d1","216080","Ubiquitin-conjugating enzyme E2 D1",0,0
"Q62141","Sin3b","20467","Paired amphipathic helix protein Sin3b",0,0
"P59266","Fitm2","228859","Acyl-coenzyme A diphosphatase FITM2",0,0
"Q8BRG8","Tmem209","72649","Transmembrane protein 209",0,0
"Q68ED7","Crtc1","382056","CREB-regulated transcription coactivator 1",0,0
"Q5SX39","Myh4","17884","Myosin-4",0,0
"Q99LJ0","Cttnbp2nl","80281","CTTNBP2 N-terminal-like protein",0,0
"Q9CZD5","Mtif3","76366","Translation initiation factor IF-3, mitochondrial",0,0
"Q8BQP9","Rgs7bp","52882","Regulator of G protein signaling 7-binding protein",0,0
"Q8K2A7","Ints10","70885","Integrator complex subunit 10",0,0
"Q3UHG7","Dennd11","243780","DENN domain-containing protein 11",0,0
"P09925","Surf1","20930","Surfeit locus protein 1",0,0
"Q9JII1","Inpp5e","64436","Phosphatidylinositol polyphosphate 5-phosphatase type IV",0.25,0
"Q8BGP6","Slc25a40","319653","Mitochondrial glutathione transporter SLC25A40",0,0
"Q9CXD6","Mcur1","76137","Mitochondrial calcium uniporter regulator 1",0,0
"Q9DBP5","Cmpk1","66588","UMP-CMP kinase",0,0
"P62900","Rpl31","114641","Large ribosomal subunit protein eL31",0,0
"Q62101","Prkd1","18760","Serine/threonine-protein kinase D1",0,0
"Q8BPA8","Dpcd","226162","Protein DPCD",0.25,0
"P25799","Nfkb1","18033","Nuclear factor NF-kappa-B p105 subunit",0.25,0
"Q9D5V6","Syap1","67043","Synapse-associated protein 1",0,0
"Q9D385","Arl2bp","107566","ADP-ribosylation factor-like protein 2-binding protein",0,0
"Q8BJ03","Cox15","226139","Heme A synthase COX15",0,0
"Q8VCH8","Ubxn4","67812","UBX domain-containing protein 4",0,0
"O55236","Rngtt","24018","mRNA-capping enzyme",0,0
"Q60857","Slc6a4","15567","Sodium-dependent serotonin transporter",0,0
"Q99NH2","Pard3","93742","Partitioning defective 3 homolog",0.25,0
"Q8R066","C1qtnf4","67445","Complement C1q tumor necrosis factor-related protein 4",0,0
"P62331","Arf6","11845","ADP-ribosylation factor 6",0,0
"Q8R0J7","Vps37b","330192","Vacuolar protein sorting-associated protein 37B",0,0
"Q8R0Y8","Slc25a42","73095","Mitochondrial coenzyme A transporter SLC25A42",0,0
"Q8BHD7","Ptbp3","230257","Polypyrimidine tract-binding protein 3",0,0
"Q8C0Q9","Rapgef5","217944","Rap guanine nucleotide exchange factor 5",0,0
"P97952","Scn1b","20266","Sodium channel regulatory subunit beta-1",0,0
"Q9DC48","Cdc40","71713","Pre-mRNA-processing factor 17",0,0
"Q8R0F8","Fahd1","68636","Oxaloacetate tautomerase FAHD1, mitochondrial",0,0
"Q8R3E3","Wipi1","52639","WD repeat domain phosphoinositide-interacting protein 1",0,0
"P62492","Rab11a","53869","Ras-related protein Rab-11A",0,0
"Q9CQL5","Mrpl18","67681","Large ribosomal subunit protein uL18m",0,0
"Q9JKL5","Tesc","57816","Calcineurin B homologous protein 3",0,0
"P97930","Dtymk","21915","Thymidylate kinase",0,0
"Q9CS42","Prps2","110639","Ribose-phosphate pyrophosphokinase 2",0,0
"Q9CQJ1","Higd2a","67044","HIG1 domain family member 2A",0,0
"Q9D8S9","Bola1","69168","BolA-like protein 1",0,0
"Q9Z2E9","Bscl2","14705","Seipin",0,0
"Q7TNP2","Ppp2r1b","73699","Serine/threonine-protein phosphatase 2A 65 kDa regulatory subunit A beta isoform",0.25,0
"P52800","Efnb2","13642","Ephrin-B2",0,0
"Q61831","Mapk10","26414","Mitogen-activated protein kinase 10",0,0
"Q9ERG0","Lima1","65970","LIM domain and actin-binding protein 1",0,0
"Q8VEB3","Macir","52392","Macrophage immunometabolism regulator",0.25,0.5
"Q9R1C7","Prpf40a","56194","Pre-mRNA-processing factor 40 homolog A",0,0
"Q8K3J1","Ndufs8","225887","NADH dehydrogenase [ubiquinone] iron-sulfur protein 8, mitochondrial",0,0
"Q8BK30","Ndufv3","78330","NADH dehydrogenase [ubiquinone] flavoprotein 3, mitochondrial",0,0
"Q9CRC3","Q9CRC3","67290","UPF0235 protein C15orf40 homolog",0,0
"Q7TNV0","Dek","110052","Protein DEK",0,0
"P01878","P01878","621968","Ig alpha chain C region",0,0.5
"E9PYH6","Setd1a","233904","Histone-lysine N-methyltransferase SETD1A",0.25,0
"Q69ZS0","Pdzrn3","55983","E3 ubiquitin-protein ligase PDZRN3",0.5,0
"O09117","Sypl1","19027","Synaptophysin-like protein 1",0,0
"Q9QZD4","Ercc4","50505","DNA repair endonuclease XPF",0,0
"Q6PDJ1","Cachd1","320508","VWFA and cache domain-containing protein 1",0,0.25
"B1AUH1","Ptpru","19273","Receptor-type tyrosine-protein phosphatase U",0,0
"P15379","Cd44","12505","CD44 antigen",0,0
"P40338","Vhl","22346","von Hippel-Lindau disease tumor suppressor",0.25,0
"Q9DCG9","Trmt112","67674","Multifunctional methyltransferase subunit TRM112-like protein",0,0
"Q99JR6","Nmnat3","74080","Nicotinamide/nicotinic acid mononucleotide adenylyltransferase 3",0,0
"P62315","Snrpd1","20641","Small nuclear ribonucleoprotein Sm D1",0,0
"Q9DCC7","Isoc2b","67441","Isochorismatase domain-containing protein 2B",0.25,0.25
"Q8K4F5","Abhd11","68758","sn-1-specific diacylglycerol lipase ABHD11",0,0
"P56395","Cyb5a","109672","Cytochrome b5",0,0
"Q8K2H2","Otud6b","72201","Deubiquitinase OTUD6B",0,0
"Q9D281","Fam114a1","68303","Protein Noxp20",0.25,0.25
"Q8VCW4","Unc93b1","54445","Protein unc-93 homolog B1",0.5,0.25
"P63139","Nfyb","18045","Nuclear transcription factor Y subunit beta",0.25,0.25
"A4Q9F0","Ttll7","70892","Tubulin polyglutamylase TTLL7",0,0
"P51949","Mnat1","17420","CDK-activating kinase assembly factor MAT1",0,0
"Q8VDG3","Parn","74108","Poly(A)-specific ribonuclease PARN",0,0
"Q8K449","Abca9","217262","ATP-binding cassette sub-family A member 9",0,0
"Q9ER69","Wtap","60532","Pre-mRNA-splicing regulator WTAP",0,0
"Q9DCL8","Ppp1r2","66849","Protein phosphatase inhibitor 2",0,0
"Q9CPY6","Gid4","66771","Glucose-induced degradation protein 4 homolog",0,0
"Q8CBG9","Rnf170","77733","E3 ubiquitin-protein ligase RNF170",0,0
"P97950","Rab33a","19337","Ras-related protein Rab-33A",0,0
"Q9CPR4","Rpl17","319195","Large ribosomal subunit protein uL22",0,0
"Q6P2L7","Golm2","319996","Protein GOLM2",0,0
"Q6PDC0","Rundc3b","242819","RUN domain-containing protein 3B",0,0
"Q8BXR5","Nalcn","338370","Sodium leak channel NALCN",0.25,0
"Q8C7V8","Ccdc134","76457","Coiled-coil domain-containing protein 134",0.25,0
"Q6P5C5","Smug1","71726","Single-strand selective monofunctional uracil DNA glycosylase",0,0
"Q8BHJ7","Gabra5","110886","Gamma-aminobutyric acid receptor subunit alpha-5",0,0
"Q04692","Smarcad1","13990","SWI/SNF-related matrix-associated actin-dependent regulator of chromatin subfamily A containing DEAD/H box 1",0,0
"Q8BZ09","Slc25a21","217593","Mitochondrial 2-oxodicarboxylate carrier",0.25,0.25
"Q8BZH4","Pogz","229584","Pogo transposable element with ZNF domain",0,0
"Q6PCM2","Ints6","18130","Integrator complex subunit 6",0,0
"P28656","Nap1l1","53605","Nucleosome assembly protein 1-like 1",0,0
"Q3TZM9","Alg11","207958","GDP-Man:Man(3)GlcNAc(2)-PP-Dol alpha-1,2-mannosyltransferase",0,0
"Q8BRN9","Cc2d1b","319965","Coiled-coil and C2 domain-containing protein 1B",0,0
"Q9DCN1","Nudt12","67993","NAD-capped RNA hydrolase NUDT12",0,0
"Q8R332","Nup58","71844","Nucleoporin p58/p45",0,0
"Q8K2I1","Fntb","110606","Protein farnesyltransferase subunit beta",0,0
"Q99KW9","Itfg1","71927","T-cell immunomodulatory protein",0,0
"P35235","Ptpn11","19247","Tyrosine-protein phosphatase non-receptor type 11",0,0
"Q61398","Pcolce","18542","Procollagen C-endopeptidase enhancer 1",0.5,0.25
"P35569","Irs1","16367","Insulin receptor substrate 1",0.25,0
"Q99KG3","Rbm10","236732","RNA-binding protein 10",0,0
"Q80ZD8","Amigo1","229715","Amphoterin-induced protein 1",0,0
"Q6P8J2","Sat2","69215","Thialysine N-epsilon-acetyltransferase",0,0
"Q91VC7","Ppp1r14a","68458","Protein phosphatase 1 regulatory subunit 14A",0,0
"Q8VC85","Lsm1","67207","U6 snRNA-associated Sm-like protein LSm1",0,0
"P62700","Ypel5","383295","Protein yippee-like 5",0,0
"Q7TS68","Nsun6","74455","tRNA (cytosine(72)-C(5))-methyltransferase NSUN6",0.5,0.25
"O54750","Cyp2j6","13110","Cytochrome P450 2J6",0,0
"Q8C4J7","Tbl3","213773","Transducin beta-like protein 3",0,0
"Q5BLK4","Tut7","214290","Terminal uridylyltransferase 7",0,0
"Q9R0C8","Vav3","57257","Guanine nucleotide exchange factor VAV3",0,0
"Q9WUU9","Mcm3ap","54387","Germinal-center associated nuclear protein",0.5,0.25
"Q9CQQ8","Lsm7","66094","U6 snRNA-associated Sm-like protein LSm7",0,0
"B1AWJ5","Tmem8b","242409","Transmembrane protein 8B",0.25,0
"Q99LL5","Pwp1","103136","Periodic tryptophan protein 1 homolog",0,0
"Q571I4","Prag1","244418","Inactive tyrosine-protein kinase PRAG1",0,0
"Q8QZV7","IntS13","71177","Integrator complex subunit 13",0.25,0
"J3QPC3","Actmap","414069","Actin maturation protease",0.5,0
"Q99JT2","Stk26","70415","Serine/threonine-protein kinase 26",0,0
"O88822","Sc5d","235293","Lathosterol oxidase",0.5,0
"Q8BG73","Sh3bgrl2","212531","SH3 domain-binding glutamic acid-rich-like protein 2",0,0
"Q80W00","Ppp1r10","52040","Serine/threonine-protein phosphatase 1 regulatory subunit 10",0,0
"P04925","Prnp","19122","Major prion protein",0,0
"Q9CQG9","Tmem100","67888","Transmembrane protein 100",0,0
"Q922J6","Tspan2","70747","Tetraspanin-2",0,0
"Q9DBH0","Wwp2","66894","NEDD4-like E3 ubiquitin-protein ligase WWP2",0,0
"Q99KS6","Adprm","66358","Manganese-dependent ADP-ribose/CDP-alcohol diphosphatase",0,0
"P70313","Nos3","18127","Nitric oxide synthase 3",0,0.5
"Q62441","Tle4","21888","Transducin-like enhancer protein 4",0,0
"P70377","Fgf13","14168","Fibroblast growth factor 13",0,0
"Q924M7","Mpi","110119","Mannose-6-phosphate isomerase",0,0
"O54984","Get3","56495","ATPase GET3",0,0
"Q9CQ21","Mcts2","66405","Malignant T-cell-amplified sequence 2",0.5,0.5
"Q9D903","Ebna1bp2","69072","Probable rRNA-processing protein EBP2",0,0
"Q9QZ88","Vps29","56433","Vacuolar protein sorting-associated protein 29",0,0
"P98084","Apba2","11784","Amyloid-beta A4 precursor protein-binding family A member 2",0,0
"Q7TMY7","Ipo8","320727","Importin-8",0.25,0.5
"Q9DAA6","Exosc1","66583","Exosome complex component CSL4",0,0
"Q8BYC6","Taok3","330177","Serine/threonine-protein kinase TAO3",0,0
"P59279","Rab2b","76338","Ras-related protein Rab-2B",0,0
"Q5SS80","Dhrs13","70451","Dehydrogenase/reductase SDR family member 13",0,0
"Q9CPS8","Akap19","67080","A-kinase anchoring protein 19",0,0
"Q8K2P7","Slc38a1","105727","Sodium-coupled neutral amino acid symporter 1",0,0
"Q91VU7","Pus7","78697","Pseudouridylate synthase 7 homolog",0,0.25
"Q78J03","Msrb2","76467","Methionine-R-sulfoxide reductase B2, mitochondrial",0,0
"Q8R0P4","Aamdc","66273","Mth938 domain-containing protein",0,0
"Q9CQF4","Mtres1","67851","Mitochondrial transcription rescue factor 1",0,0
"Q921L3","Tmco1","68944","Calcium load-activated calcium channel",0,0
"Q8BZJ8","Q8BZJ8","320492","Uncharacterized protein C8orf34 homolog",0.25,0
"Q8K3C3","Lzic","69151","Protein LZIC",0,0
"Q9JJF9","Sppl2a","66552","Signal peptide peptidase-like 2A",0.5,0.25
"Q7TPE5","Slc7a6os","66432","Probable RNA polymerase II nuclear localization protein SLC7A6OS",0,0
"O89104","Sypl2","17306","Synaptophysin-like protein 2",0.5,0.5
"Q9CR24","Nudt8","66387","Mitochondrial coenzyme A diphosphatase NUDT8",0.25,0
"Q9CZJ9","Dnajc18","76594","DnaJ homolog subfamily C member 18",0,0
"Q9WTQ8","Timm23","53600","Mitochondrial import inner membrane translocase subunit Tim23",0,0
"Q3TXX3","Zfyve27","319740","Protrudin",0,0
"Q9Z2A9","Ggt5","23887","Glutathione hydrolase 5 proenzyme",0.5,0.25
"P27641","Xrcc5","22596","DNA repair protein Ku80",0,0
"Q9D2R8","Mrps33","14548","Small ribosomal subunit protein mS33",0,0
"Q7TT23","Dnaaf9","228602","Dynein axonemal assembly factor 9",0.25,0.5
"Q60648","Gm2a","14667","Ganglioside GM2 activator",0,0
"Q8VHV1","Baalc","118452","Brain and acute leukemia cytoplasmic protein",0,0
"Q8CEC5","Nkiras1","69721","NF-kappa-B inhibitor-interacting Ras-like protein 1",0,0
"P11862","Gas2","14453","Growth arrest-specific protein 2",0,0
"O09164","Sod3","20657","Extracellular superoxide dismutase [Cu-Zn]",0,0
"Q3UW53","Niban1","63913","Protein Niban 1",0.25,0
"P25785","Timp2","21858","Metalloproteinase inhibitor 2",0,0
"Q80YT7","Pde4dip","83679","Myomegalin",0,0
"Q8CBH5","Mfsd6","98682","Major facilitator superfamily domain-containing protein 6",0,0
"P50396","Gdi1","14567","Rab GDP dissociation inhibitor alpha",0,0
"P03953","Cfd","11537","Complement factor D",0,0.25
"Q62086","Pon2","330260","Serum paraoxonase/arylesterase 2",0,0
"B2RWS6","Ep300","328572","Histone acetyltransferase p300",0,0
"Q99P30","Nudt7","67528","Peroxisomal coenzyme A diphosphatase NUDT7",0,0
"Q9QXJ4","Arl10","56795","ADP-ribosylation factor-like protein 10",0.25,0
"Q8R1V4","Tmed4","103694","Transmembrane emp24 domain-containing protein 4",0,0
"Q61263","Soat1","20652","Sterol O-acyltransferase 1",0,0
"Q99M01","Fars2","69955","Phenylalanine--tRNA ligase, mitochondrial",0,0
"Q6NXM2","Rcbtb1","71330","RCC1 and BTB domain-containing protein 1",0,0
"Q8BQ47","Cnpy4","66455","Protein canopy homolog 4",0,0
"Q8BGN8","Synpr","72003","Synaptoporin",0,0
"P70295","Aup1","11993","Lipid droplet-regulating VLDL assembly factor AUP1",0,0
"Q6AXF6","Sidt1","320007","SID1 transmembrane family member 1",0,0
"Q9R1Q9","Atp6ap1","54411","V-type proton ATPase subunit S1",0,0
"Q91WF0","Tafazzin","66826","Tafazzin",0.25,0
"Q8BLC3","Lypd1","72585","Ly6/PLAUR domain-containing protein 1",0,0
"Q924H7","Wac","225131","WW domain-containing adapter protein with coiled-coil",0,0
"P52503","Ndufs6","407785","NADH dehydrogenase [ubiquinone] iron-sulfur protein 6, mitochondrial",0,0
"Q9Z0J0","Npc2","67963","NPC intracellular cholesterol transporter 2",0,0
"Q8BHB4","Wdr3","269470","WD repeat-containing protein 3",0.25,0.25
"Q9CQZ5","Ndufa6","67130","NADH dehydrogenase [ubiquinone] 1 alpha subcomplex subunit 6",0,0
"Q60953","Pml","18854","Protein PML",0.25,0
"Q9CX84","Rgs19","56470","Regulator of G protein signaling 19",0.25,0.25
"O70200","Aif1","11629","Allograft inflammatory factor 1",0,0
"Q8BJM5","Slc30a6","210148","Zinc transporter 6",0,0
"P38060","Hmgcl","15356","Hydroxymethylglutaryl-CoA lyase, mitochondrial",0,0
"P13541","Myh3","17883","Myosin-3",0,0
"Q5SX79","Shroom1","71774","Protein Shroom1",0.25,0
"Q9EP89","Lactb","80907","Serine beta-lactamase-like protein LACTB, mitochondrial",0,0
"Q8R2U6","Nudt4","71207","Diphosphoinositol polyphosphate phosphohydrolase 2",0,0
"P63254","Crip1","12925","Cysteine-rich protein 1",0,0
"Q99020","Hnrnpab","15384","Heterogeneous nuclear ribonucleoprotein A/B",0,0
"Q8JZS0","Lin7a","108030","Protein lin-7 homolog A",0,0
"Q61127","Nab2","17937","NGFI-A-binding protein 2",0,0.25
"Q8CHG5","Arel1","68497","Apoptosis-resistant E3 ubiquitin protein ligase 1",0,0
"Q99LY9","Ndufs5","595136","NADH dehydrogenase [ubiquinone] iron-sulfur protein 5",0,0
"Q8BH31","Mfsd8","72175","Major facilitator superfamily domain-containing protein 8",0.5,0.5
"Q7TPD2","Fam185a","330050","Protein FAM185A",0,0
"Q7TPM9","Mtmr10","233315","Myotubularin-related protein 10",0.5,0.5
"Q9R0Q4","Morf4l2","56397","Mortality factor 4-like protein 2",0,0
"Q6ZQ89","Marchf6","223455","E3 ubiquitin-protein ligase MARCHF6",0.5,0.25
"Q07456","Ambp","11699","Protein AMBP",0,0.5
"Q9D3E6","Stag1","20842","Cohesin subunit SA-1",0,0
"Q8R5A6","Tbc1d22a","223754","TBC1 domain family member 22A",0,0
"Q60668","Hnrnpd","11991","Heterogeneous nuclear ribonucleoprotein D0",0,0
"O08543","Efna5","13640","Ephrin-A5",0,0
"Q6VH22","Ift172","67661","Intraflagellar transport protein 172 homolog",0.25,0.5
"Q8R2Q4","Gfm2","320806","Ribosome-releasing factor 2, mitochondrial",0,0
"P07742","Rrm1","20133","Ribonucleoside-diphosphate reductase large subunit",0,0
"Q6NS46","Pdcd11","18572","Protein RRP5 homolog",0,0
"Q8BHR8","Cstpp1","228356","Centriolar satellite-associated tubulin polyglutamylase complex regulator 1",0,0
"Q0P5V2","Sobp","109205","Sine oculis-binding protein homolog",0.5,0.25
"Q9CQC7","Ndufb4","100041273","NADH dehydrogenase [ubiquinone] 1 beta subcomplex subunit 4",0,0
"Q61475","Cd55","13136","Complement decay-accelerating factor, GPI-anchored",0,0.25
"Q6ZWQ0","Syne2","319565","Nesprin-2",0,0
"Q9R1Z7","Pts","19286","6-pyruvoyl tetrahydrobiopterin synthase",0,0
"Q8C5N3","Cwc22","80744","Pre-mRNA-splicing factor CWC22 homolog",0,0.25
"Q8BGA5","Krr1","52705","KRR1 small subunit processome component homolog",0.25,0.25
"Q9DC16","Ergic1","67458","Endoplasmic reticulum-Golgi intermediate compartment protein 1",0,0
"Q8K358","Pigu","228812","GPI-anchor transamidase component PIGU",0,0
"Q9WTP5","Cdh22","104010","Cadherin-22",0,0.25
"Q920A7","Afg3l1","114896","Mitochondrial inner membrane m-AAA protease component AFG3L1",0,0
"Q9D486","Cmip","74440","C-Maf-inducing protein",0,0
"A2AWR3","Gpr155","68526","Lysosomal cholesterol signaling protein",0.25,0.25
"Q9CQP2","Trappc2","66226","Trafficking protein particle complex subunit 2",0,0
"Q8BMS4","Coq3","230027","Ubiquinone biosynthesis O-methyltransferase, mitochondrial",0,0
"Q9CZ28","Snf8","27681","Vacuolar-sorting protein SNF8",0,0
"Q00899","Yy1","22632","Transcriptional repressor protein YY1",0,0
"Q9CR76","Tmem186","66690","Transmembrane protein 186",0,0
"A4FUP9","Glt1d1","319804","Glycosyltransferase 1 domain-containing protein 1",0.25,0
"Q8BMG8","Slc25a32","69906","Solute carrier family 25 member 32",0,0
"Q8BL74","Gtf3c2","71752","General transcription factor 3C polypeptide 2",0,0
"Q8BY71","Hat1","107435","Histone acetyltransferase type B catalytic subunit",0,0.25
"O35730","Ring1","19763","E3 ubiquitin-protein ligase RING1",0,0
"P97450","Atp5pf","11957","ATP synthase peripheral stalk subunit F6, mitochondrial",0,0
"P56481","Cckbr","12426","Gastrin/cholecystokinin type B receptor",0,0
"P07758","Serpina1a","20700","Alpha-1-antitrypsin 1-1",0,0
"Q00896","Serpina1c","20702","Alpha-1-antitrypsin 1-3",0,0
"O88874","Ccnk","12454","Cyclin-K",0,0
"Q8CI70","Lrrc20","216011","Leucine-rich repeat-containing protein 20",0,0
"Q8BTE0","Sdhaf4","68002","Succinate dehydrogenase assembly factor 4, mitochondrial",0,0
"Q9CZQ9","Bbs5","72569","BBSome complex member BBS5",0,0.25
"Q91ZE0","Tmlhe","192289","Trimethyllysine dioxygenase, mitochondrial",0,0.5
"P29788","Vtn","22370","Vitronectin",0,0
"P63032","Rasd2","75141","GTP-binding protein Rhes",0.5,0.5
"Q9WUL7","Arl3","56350","ADP-ribosylation factor-like protein 3",0,0
"Q6ZQ03","Fnbp4","55935","Formin-binding protein 4",0.5,0.25
"Q3UX10","Tubal3","238463","Tubulin alpha chain-like 3",0,0
"Q02384","Sos2","20663","Son of sevenless homolog 2",0,0
"Q504M2","Pdp2","382051","[Pyruvate dehydrogenase [acetyl-transferring]]-phosphatase 2, mitochondrial",0,0
"P59672","Anks1a","224650","Ankyrin repeat and SAM domain-containing protein 1A",0,0
"P05622","Pdgfrb","18596","Platelet-derived growth factor receptor beta",0,0
"Q9QUQ5","Trpc4","22066","Short transient receptor potential channel 4",0,0
"Q8K2Y7","Mrpl47","74600","Large ribosomal subunit protein uL29m",0,0
"Q62186","Ssr4","20832","Translocon-associated protein subunit delta",0,0
"Q9CZM2","Rpl15","66480","Large ribosomal subunit protein eL15",0,0
"Q8K0T7","Unc13c","208898","Protein unc-13 homolog C",0,0
"Q8K199","Cmc2","66531","COX assembly mitochondrial protein 2 homolog",0,0
"Q9Z2G9","Htatip2","53415","Protein HTATIP2",0,0
"Q80YC5","F12","58992","Coagulation factor XII",0,0
"Q9DCC8","Tomm20","67952","Mitochondrial import receptor subunit TOM20 homolog",0,0
"Q99JT6","Tlcd1","68385","TLC domain-containing protein 1",0,0
"O35215","Ddt","13202","D-dopachrome decarboxylase",0,0
"Q9ES70","Nek6","59126","Serine/threonine-protein kinase Nek6",0.5,0
"Q8JZU2","Slc25a1","13358","Tricarboxylate transport protein, mitochondrial",0,0
"Q78WH7","Camk2n2","73047","Calcium/calmodulin-dependent protein kinase II inhibitor 2",0,0
"Q8VDP6","Cdipt","52858","CDP-diacylglycerol--inositol 3-phosphatidyltransferase",0,0
"Q91VL8","Terf2ip","57321","Telomeric repeat-binding factor 2-interacting protein 1",0,0
"P97328","Khk","16548","Ketohexokinase",0,0.25
"Q9QXD8","Limd1","29806","LIM domain-containing protein 1",0.25,0
"Q56A07","Scn2b","72821","Sodium channel regulatory subunit beta-2",0,0
"O70579","Slc25a17","20524","Peroxisomal membrane protein PMP34",0,0
"Q8BUH8","Senp7","66315","Sentrin-specific protease 7",0,0
"Q9D0F6","Rfc5","72151","Replication factor C subunit 5",0,0.25
"P52431","Pold1","18971","DNA polymerase delta catalytic subunit",0,0.25
"Q9CWW6","Pin4","69713","Peptidyl-prolyl cis-trans isomerase NIMA-interacting 4",0,0
"B2RVW2","Clrn2","624224","Clarin-2",0,0
"Q9JKW0","Arl6ip1","54208","ADP-ribosylation factor-like protein 6-interacting protein 1",0,0
"P70403","Cux1","13047","Protein CASP",0.25,0.5
"Q8BZ60","Ston2","108800","Stonin-2",0,0
"Q9D7S7","Rpl22l1","68028","Ribosomal protein eL22-like 1",0,0
"Q8BP78","Fra10ac1","70567","Protein FRA10AC1 homolog",0,0
"B2RWJ3","Tmem240","381582","Transmembrane protein 240",0,0
"O88895","Hdac3","15183","Histone deacetylase 3",0,0
"P49962","Srp9","27058","Signal recognition particle 9 kDa protein",0,0
"P39429","Traf2","22030","TNF receptor-associated factor 2",0,0
"O54782","Man2b2","17160","Epididymis-specific alpha-mannosidase",0,0
"Q91ZF0","Dnajc24","99349","DnaJ homolog subfamily C member 24",0,0
"Q64338","Pde1c","18575","Dual specificity calcium/calmodulin-dependent 3',5'-cyclic nucleotide phosphodiesterase 1C",0.5,0.5
"G5E8P0","Tubgcp6","328580","Gamma-tubulin complex component 6",0,0
"P97760","Polr2c","20021","DNA-directed RNA polymerase II subunit RPB3",0,0
"P62743","Ap2s1","232910","AP-2 complex subunit sigma",0,0
"Q9CX13","Cnih4","98417","Protein cornichon homolog 4",0,0
"Q9QZ23","Nfu1","56748","NFU1 iron-sulfur cluster scaffold homolog, mitochondrial",0,0
"Q3TQB2","Foxred1","235169","FAD-dependent oxidoreductase domain-containing protein 1",0,0
"Q8BNJ3","Nmnat2","226518","Nicotinamide/nicotinic acid mononucleotide adenylyltransferase 2",0.25,0
"P48168","Glrb","14658","Glycine receptor subunit beta",0.25,0
"P63158","Hmgb1","15289","High mobility group protein B1",0,0
"Q9CPV2","Anapc16","52717","Anaphase-promoting complex subunit 16",0,0
"Q9D5R2","Wdr20","70948","WD repeat-containing protein 20",0,0
"P01942","Hba","110257","Hemoglobin subunit alpha",0,0
"A2RSY6","Trmt1l","98685","tRNA (guanine(27)-N(2))-dimethyltransferase",0,0
"P17439","Gba1","14466","Lysosomal acid glucosylceramidase",0,0
"Q8BFR4","Gns","75612","N-acetylglucosamine-6-sulfatase",0,0
"Q8K070","Samd14","217125","Sterile alpha motif domain-containing protein 14",0,0
"Q9JMF7","Dolpp1","57170","Dolichyldiphosphatase 1",0,0
"Q91YY4","Atpaf2","246782","ATP synthase mitochondrial F1 complex assembly factor 2",0,0
"P60882","Megf8","269878","Multiple epidermal growth factor-like domains protein 8",0,0
"Q9JKB1","Uchl3","50933","Ubiquitin carboxyl-terminal hydrolase isozyme L3",0,0
"Q91WE4","Q91WE4","407819","UPF0729 protein C18orf32 homolog",0,0
"Q8K1S1","Lgi4","243914","Leucine-rich repeat LGI family member 4",0,0
"Q9CY16","Mrps28","66230","Small ribosomal subunit protein bS1m",0,0
"Q8BWU8","Etnppl","71760","Ethanolamine-phosphate phospho-lyase",0,0
"Q3V3Q7","Pacs2","217893","Phosphofurin acidic cluster sorting protein 2",0,0
"Q8BM39","Prpf18","67229","Pre-mRNA-splicing factor 18",0.25,0.25
"P17809","Slc2a1","20525","Solute carrier family 2, facilitated glucose transporter member 1",0,0
"P61969","Lmo4","16911","LIM domain transcription factor LMO4",0,0
"Q9D8Z1","Ascc1","69090","Activating signal cointegrator 1 complex subunit 1",0,0
"Q8BPG6","Sumf2","67902","Inactive C-alpha-formylglycine-generating enzyme 2",0,0
"Q8R3F9","Tut1","70044","Speckle targeted PIP5K1A-regulated poly(A) polymerase",0,0.25
"Q9QYK7","Rnf11","29864","RING finger protein 11",0,0
"P97290","Serping1","12258","Plasma protease C1 inhibitor",0,0
"P70170","Abcc9","20928","ATP-binding cassette sub-family C member 9",0,0
"Q9DBQ7","Scyl3","240880","Protein-associating with the carboxyl-terminal domain of ezrin",0,0
"Q99N89","Mrpl43","94067","Large ribosomal subunit protein mL43",0,0
"P62245","Rps15a","267019","Small ribosomal subunit protein uS8",0,0
"Q9CZT6","Cmss1","66497","Protein CMSS1",0,0
"Q8K3G5","Vrk3","101568","Serine/threonine-protein kinase VRK3",0.5,0.25
"P46412","Gpx3","14778","Glutathione peroxidase 3",0,0
"Q03141","Mark3","17169","MAP/microtubule affinity-regulating kinase 3",0,0
"Q9CQV6","Map1lc3b","67443","Microtubule-associated protein 1 light chain 3 beta",0,0
"Q91VR7","Map1lc3a","66734","Microtubule-associated protein 1 light chain 3 alpha",0,0
"Q3THJ3","Eif1ad","69860","Probable RNA-binding protein EIF1AD",0,0
"O08601","Mttp","17777","Microsomal triglyceride transfer protein large subunit",0.25,0
"Q924T2","Mrps2","118451","Small ribosomal subunit protein uS2m",0,0
"O08573","Lgals9","16859","Galectin-9",0.25,0
"Q91ZG2","Mpped1","223726","Metallophosphoesterase domain-containing protein 1",0,0.25
"Q67BT3","Slc13a5","237831","Na(+)/citrate cotransporter",0,0
"Q6PGF2","Morn4","226123","MORN repeat-containing protein 4",0,0
"Q8CCH2","Nhlrc3","212114","NHL repeat-containing protein 3",0.25,0.25
"Q8CFE6","Slc38a2","67760","Sodium-coupled neutral amino acid symporter 2",0,0
"Q9WUU7","Ctsz","64138","Cathepsin Z",0,0
"Q02105","C1qc","12262","Complement C1q subcomponent subunit C",0,0
"Q9JJH1","Rnase4","58809","Ribonuclease 4",0,0
"Q9D787","Ppil2","66053","RING-type E3 ubiquitin-protein ligase PPIL2",0,0
"Q91W53","Golga7","57437","Golgin subfamily A member 7",0,0
"Q99KR7","Ppif","105675","Peptidyl-prolyl cis-trans isomerase F, mitochondrial",0,0
"Q9EQH2","Erap1","80898","Endoplasmic reticulum aminopeptidase 1",0,0
"Q8VEK2","Rhbdd2","215160","Rhomboid domain-containing protein 2",0,0
"Q8CFI2","Cdc34","216150","Ubiquitin-conjugating enzyme E2 R1",0,0
"Q5M956","Kctd1","106931","BTB/POZ domain-containing protein KCTD1",0,0
"Q9EPR4","Slc23a2","54338","Solute carrier family 23 member 2",0,0
"A2AAY5","Sh3pxd2b","268396","SH3 and PX domain-containing protein 2B",0,0.25
"P56391","Cox6b1","110323","Cytochrome c oxidase subunit 6B1",0,0
"Q9ERR7","Selenof","93684","Selenoprotein F",0,0
"Q03517","Scg2","20254","Secretogranin-2",0,0
"Q9D799","Mtfmt","69606","Methionyl-tRNA formyltransferase, mitochondrial",0,0
"P31650","Slc6a11","243616","Sodium- and chloride-dependent GABA transporter 3",0,0
"S4R2K0","Pdf","68023","Peptide deformylase, mitochondrial",0,0
"O35317","Pbx3","18516","Pre-B-cell leukemia transcription factor 3",0.25,0.25
"Q8BYN3","Itpk1","217837","Inositol-tetrakisphosphate 1-kinase",0,0
"Q9D8P4","Mrpl17","27397","Large ribosomal subunit protein bL17m",0,0
"P16254","Srp14","20813","Signal recognition particle 14 kDa protein",0,0
"Q99N96","Mrpl1","94061","Large ribosomal subunit protein uL1m",0,0
"Q80VJ3","Dnph1","381101","5-hydroxymethyl-dUMP N-hydrolase",0,0
"O89023","Tpp1","12751","Tripeptidyl-peptidase 1",0,0
"Q9D1R1","Tmem126b","68472","Complex I assembly factor TMEM126B, mitochondrial",0,0
"P03888","Mtnd1","17716","NADH-ubiquinone oxidoreductase chain 1",0,0
"Q9CR27","Washc3","67282","WASH complex subunit 3",0,0
"Q3UMF9","Faxc","76132","Failed axon connections homolog",0,0
"Q8CCM6","Timm21","67105","Mitochondrial import inner membrane translocase subunit Tim21",0,0
"Q00724","Rbp4","19662","Retinol-binding protein 4",0,0
"Q922E6","Fastkd2","75619","FAST kinase domain-containing protein 2, mitochondrial",0,0
"Q9Z2B9","Rps6ka4","56613","Ribosomal protein S6 kinase alpha-4",0,0
"Q9DCB8","Isca2","74316","Iron-sulfur cluster assembly 2 homolog, mitochondrial",0,0
"Q6DID3","Scaf8","106583","SR-related and CTD-associated factor 8",0,0
"Q9DB20","Atp5po","28080","ATP synthase peripheral stalk subunit OSCP, mitochondrial",0,0
"Q9WVA3","Bub3","12237","Mitotic checkpoint protein BUB3",0,0
"P56382","Atp5f1e","67126","ATP synthase F(1) complex subunit epsilon, mitochondrial",0,0
"Q8BH70","Fbxl4","269514","F-box/LRR-repeat protein 4",0,0
"Q61387","Cox7a2l","20463","Cytochrome c oxidase subunit 7A2-like, mitochondrial",0,0
"Q9ET26","Rnf114","81018","E3 ubiquitin-protein ligase RNF114",0,0
"Q9Z307","Kcnj16","16517","Inward rectifier potassium channel 16",0,0
"Q9CQI4","Iftap","68170","Intraflagellar transport-associated protein",0.25,0
"P60605","Ube2g2","22213","Ubiquitin-conjugating enzyme E2 G2",0,0
"Q91XP5","Glra3","110304","Glycine receptor subunit alpha-3",0.25,0
"Q8CGQ8","Slc24a4","238384","Sodium/potassium/calcium exchanger 4",0,0
"P51885","Lum","17022","Lumican",0.5,0
"O55192","Slc6a2","20538","Sodium-dependent noradrenaline transporter",0,0
"Q8VC65","Nrm","106582","Nurim",0,0
"P22933","Gabrd","14403","Gamma-aminobutyric acid receptor subunit delta",0,0
"P63002","Tle5","14797","TLE family member 5",0,0
"Q8BHH9","Tmem179","104885","Transmembrane protein 179",0,0
"Q6P5D3","Dhx57","106794","Putative ATP-dependent RNA helicase DHX57",0,0
"Q9D6J1","Cers4","67260","Ceramide synthase 4",0.25,0.25
"Q61735","Cd47","16423","Leukocyte surface antigen CD47",0,0
"P58929","Gmeb2","229004","Glucocorticoid modulatory element-binding protein 2",0,0.25
"Q8VEL2","Mtmr14","97287","Phosphatidylinositol-3,5-bisphosphate 3-phosphatase MTMR14",0,0
"Q8BGB8","Coq4","227683","Ubiquinone biosynthesis protein COQ4 homolog, mitochondrial",0,0.5
"P45481","Crebbp","12914","Histone lysine acetyltransferase CREBBP",0,0
"P07309","Ttr","22139","Transthyretin",0,0
"Q8CAE9","Podxl2","319655","Podocalyxin-like protein 2",0,0
"Q9CPX7","Mrps16","66242","Small ribosomal subunit protein bS16m",0,0
"O70628","Pde9a","18585","High affinity cGMP-specific 3',5'-cyclic phosphodiesterase 9A",0,0.25
"Q8BZN2","Kcnv1","67498","Potassium voltage-gated channel subfamily V member 1",0,0
"Q9JJE4","Paqr4","76498","Progestin and adipoQ receptor family member 4",0,0
"Q9CZB0","Sdhc","66052","Succinate dehydrogenase cytochrome b560 subunit, mitochondrial",0,0
"P62862","Fau","14109","Ubiquitin-like FUBI-ribosomal protein eS30 fusion protein",0,0
"O54785","Limk2","16886","LIM domain kinase 2",0.25,0.5
"Q9DAT5","Trmu","72026","Mitochondrial tRNA-specific 2-thiouridylase 1",0,0
"A2AB59","Arhgap27","544817","Rho GTPase-activating protein 27",0.5,0
"Q8VDD9","Phip","83946","PH-interacting protein",0,0
"O88668","Creg1","433375","Protein CREG1",0,0.25
"P97490","Adcy8","11514","Adenylate cyclase type 8",0,0
"Q3TWF6","Wdr70","545085","WD repeat-containing protein 70",0.5,0.25
"O89103","Cd93","17064","Complement component C1q receptor",0,0
"Q8C4X7","Minar2","225583","Major intrinsically disordered NOTCH2-binding receptor 1-like homolog",0,0
"Q62241","Snrpc","20630","U1 small nuclear ribonucleoprotein C",0,0
"P51906","Slc1a1","20510","Excitatory amino acid transporter 3",0,0
"P62257","Ube2h","22214","Ubiquitin-conjugating enzyme E2 H",0,0
"Q8BJ83","Tm2d3","68634","TM2 domain-containing protein 3",0,0
"Q99MB3","Tm2d1","94043","TM2 domain-containing protein 1",0,0.5
"Q61458","Ccnh","66671","Cyclin-H",0,0
"Q61703","Itih2","16425","Inter-alpha-trypsin inhibitor heavy chain H2",0,0
"P16390","Kcna3","16491","Potassium voltage-gated channel subfamily A member 3",0,0
"Q62425","Coxfa4","17992","Cytochrome c oxidase subunit FA4",0,0
"Q8VHI6","Wasf3","245880","Actin-binding protein WASF3",0,0
"Q9CQS8","Sec61b","66212","Protein transport protein Sec61 subunit beta",0,0
"Q60771","Cldn11","18417","Claudin-11",0,0
"O70507","Hcn4","330953","Potassium/sodium hyperpolarization-activated cyclic nucleotide-gated channel 4",0,0
"Q66L42","Map3k10","269881","Mitogen-activated protein kinase kinase kinase 10",0,0
"Q6PD21","Shb","230126","SH2 domain-containing adapter protein B",0.25,0
"Q8CG80","Shf","435684","SH2 domain-containing adapter protein F",0.25,0
"Q9CPT4","Mydgf","28106","Myeloid-derived growth factor",0,0
"Q9DAV9","Tmem38b","52076","Trimeric intracellular cation channel type B",0.25,0.25
"Q9CU65","Zmym2","76007","Zinc finger MYM-type protein 2",0,0
"Q8R3V6","Cuedc1","103841","CUE domain-containing protein 1",0,0
"Q3UVU3","Slc30a10","226781","Calcium/manganese antiporter SLC30A10",0,0
"Q9JKS4","Ldb3","24131","LIM domain-binding protein 3",0.5,0
"Q640M6","Gdpd5","233552","Glycerophosphodiester phosphodiesterase 2",0,0
"Q8C5P7","Tdrp","72148","Testis development-related protein",0,0
"P61021","Rab5b","19344","Ras-related protein Rab-5B",0,0
"Q78JW9","Ubfd1","28018","Ubiquitin domain-containing protein UBFD1",0,0
"Q3UNZ8","Cryzl2","226527","Protein Cryzl2",0,0
"Q9D975","Srxn1","76650","Sulfiredoxin-1",0,0
"Q8CAM5","Rab36","76877","Ras-related protein Rab-36",0.25,0
"Q8R1N0","Znf830","66983","Zinc finger protein 830",0,0.25
"Q7TN33","Celf6","76183","CUGBP Elav-like family member 6",0,0
"Q80ZK9","Wdtc1","230796","WD and tetratricopeptide repeats protein 1",0,0
"Q8R2Y9","Nabp2","69917","SOSS complex subunit B1",0,0
"Q6PCX7","Rgma","244058","Repulsive guidance molecule A",0,0
"P0C090","Rc3h2","319817","Roquin-2",0,0
"Q5Y5T5","Zdhhc8","27801","Palmitoyltransferase ZDHHC8",0,0
"P63137","Gabrb2","14401","Gamma-aminobutyric acid receptor subunit beta-2",0,0
"Q9R144","Prmt2","15468","Protein arginine N-methyltransferase 2",0.25,0.25
"O35449","Prrt1","260297","Proline-rich transmembrane protein 1",0,0
"P62305","Snrpe","20643","Small nuclear ribonucleoprotein E",0,0
"Q4ZJN1","C1qtnf9","239126","Complement C1q and tumor necrosis factor-related protein 9",0,0.25
"O88413","Tulp3","22158","Tubby-related protein 3",0.25,0
"P14106","C1qb","12260","Complement C1q subcomponent subunit B",0,0
"Q9D902","Gtf2e2","68153","General transcription factor IIE subunit 2",0.25,0.5
"P45878","Fkbp2","14227","Peptidyl-prolyl cis-trans isomerase FKBP2",0,0
"Q9WUB4","Dctn6","22428","Dynactin subunit 6",0,0
"P97452","Bop1","12181","Ribosome biogenesis protein BOP1",0,0
"Q9D6I9","Lurap1","68075","Leucine rich adaptor protein 1",0,0.25
"Q91XE8","Tmem205","235043","Transmembrane protein 205",0,0
"Q9JHS9","Cwc15","66070","Spliceosome-associated protein CWC15 homolog",0,0
"P47879","Igfbp4","16010","Insulin-like growth factor-binding protein 4",0.5,0.25
"P47941","Crkl","12929","Crk-like protein",0,0
"O70480","Vamp4","53330","Vesicle-associated membrane protein 4",0,0
"Q8BW22","Ss18l1","269397","Calcium-responsive transactivator",0,0
"P62488","Polr2g","67710","DNA-directed RNA polymerase II subunit RPB7",0,0
"Q5DTZ6","Rnf150","330812","RING finger protein 150",0,0
"Q80XC3","Usp6nl","98910","USP6 N-terminal-like protein",0.25,0.5
"Q8R0F5","Rbmx2","209003","RNA-binding motif protein, X-linked 2",0.5,0.5
"Q8K4T3","Stradb","227154","STE20-related kinase adapter protein beta",0.25,0
"Q3ULW8","Parp3","235587","Protein mono-ADP-ribosyltransferase PARP3",0.25,0.25
"Q9Z2I2","Fkbp1b","14226","Peptidyl-prolyl cis-trans isomerase FKBP1B",0,0
"Q9D711","Pir","69656","Pirin",0,0
"Q8R3C6","Rbm19","74111","Probable RNA-binding protein 19",0.5,0.5
"Q9JJ43","Rbfox1","268859","RNA binding protein fox-1 homolog 1",0,0
"Q9JJV5","Cacng3","54376","Voltage-dependent calcium channel gamma-3 subunit",0,0
"Q8BLU0","Flrt2","399558","Leucine-rich repeat transmembrane protein FLRT2",0,0
"Q8R4D1","Slc9a8","77031","Sodium/hydrogen exchanger 8",0.25,0.25
"Q5Y5T3","Zdhhc23","332175","Palmitoyltransferase ZDHHC23",0.25,0.5
"Q8CFV4","Nrn1","68404","Neuritin",0,0
"Q9R087","Gpc6","23888","Glypican-6",0,0
"Q9D9M2","Usp12","22217","Ubiquitin carboxyl-terminal hydrolase 12",0,0
"Q8CBX0","Tmem63c","217733","Osmosensitive cation channel TMEM63C",0,0
"O70146","Tesk1","21754","Dual specificity testis-specific protein kinase 1",0,0
"Q9JKL4","Ndufaf3","66706","NADH dehydrogenase [ubiquinone] 1 alpha subcomplex assembly factor 3",0,0
"P56501","Ucp3","22229","Putative mitochondrial transporter UCP3",0.25,0
"Q9D172","Gatd3","28295","Glutamine amidotransferase-like class 1 domain-containing protein 3, mitochondrial",0,0
"P60761","Nrgn","64011","Neurogranin",0,0
"P00520","Abl1","11350","Tyrosine-protein kinase ABL1",0,0
"P48771","Cox7a2","12866","Cytochrome c oxidase subunit 7A2, mitochondrial",0,0
"P57787","Slc16a3","80879","Monocarboxylate transporter 4",0.5,0.25
"Q9R1B9","Slit2","20563","Slit homolog 2 protein",0.25,0
"Q64436","Atp4a","11944","Potassium-transporting ATPase alpha chain 1",0,0
"P01899","H2-D1","14964","H-2 class I histocompatibility antigen, D-B alpha chain",0,0
"Q8K194","Snrnp27","66618","U4/U6.U5 small nuclear ribonucleoprotein 27 kDa protein",0.25,0
"Q60866","Pter","19212","N-acetyltaurine hydrolase",0,0
"P56392","Cox7a1","12865","Cytochrome c oxidase subunit 7A1, mitochondrial",0,0
"Q9BCZ4","Selenos","109815","Selenoprotein S",0,0
"Q9Z2F7","Bnip3l","12177","BCL2/adenovirus E1B 19 kDa protein-interacting protein 3-like",0,0
"Q9DBR0","Akap8","56399","A-kinase anchor protein 8",0,0
"P49935","Ctsh","13036","Pro-cathepsin H",0.25,0.25
"Q8C1W1","Vash1","238328","Tubulinyl-Tyr carboxypeptidase 1",0.25,0.5
"Q9JJ80","Rpf2","67239","Ribosome production factor 2 homolog",0,0
"Q9D735","Trir","68544","Telomerase RNA component-interacting RNase",0,0
"Q9CQ25","Mzt2","72083","Mitotic-spindle organizing protein 2",0,0
"Q9WTP2","Spry4","24066","Protein sprouty homolog 4",0.25,0
"P57784","Snrpa1","68981","U2 small nuclear ribonucleoprotein A'",0,0
"G5E8V9","Arfip1","99889","Arfaptin-1",0,0
"Q9WVJ0","Kcnh3","16512","Voltage-gated inwardly rectifying potassium channel KCNH3",0.25,0
"O08734","Bak1","12018","Bcl-2 homologous antagonist/killer",0,0
"Q8BGH7","Cdc42se2","72729","CDC42 small effector protein 2",0,0
"P49710","Hcls1","15163","Hematopoietic lineage cell-specific protein",0.5,0.5
"Q9D882","Fam241b","69894","Protein FAM241B",0,0
"Q9QX60","Dguok","27369","Deoxyguanosine kinase, mitochondrial",0,0
"Q61469","Plpp1","19012","Phospholipid phosphatase 1",0,0
"Q8BL06","Usp54","78787","Ubiquitin carboxyl-terminal hydrolase 54",0,0.5
"Q61743","Kcnj11","16514","ATP-sensitive inward rectifier potassium channel 11",0,0
"Q3UZP4","Svip","75744","Small VCP/p97-interacting protein",0,0
"Q8BX57","Pxk","218699","PX domain-containing protein kinase-like protein",0,0
"Q91Z49","Fyttd1","69823","UAP56-interacting factor",0,0
"Q80WS3","Fbll1","237730","RNA 2'-O-methyltransferase FBLL1",0,0
"Q3TQI7","Q3TQI7","227707","Splicing factor C9orf78 homolog",0,0
"P30275","Ckmt1","12716","Creatine kinase U-type, mitochondrial",0,0
"Q9Z1B5","Mad2l1","56150","Mitotic spindle assembly checkpoint protein MAD2A",0,0
"Q9Z0V8","Timm17a","21854","Mitochondrial import inner membrane translocase subunit Tim17-A",0,0
"Q9CQ89","Cuta","67675","Protein CutA",0,0
"P83917","Cbx1","12412","Chromobox protein homolog 1",0,0
"Q69ZB3","Tspyl5","239364","Testis-specific Y-encoded-like protein 5",0,0
"E9Q7E2","Arid2","77044","AT-rich interactive domain-containing protein 2",0,0.5
"Q9QY15","Ddx25","30959","ATP-dependent RNA helicase DDX25",0,0
"Q8VDW0","Ddx39a","68278","ATP-dependent RNA helicase DDX39A",0,0
"Q9JIX0","Eny2","223527","Transcription and mRNA export factor ENY2",0,0
"Q5SQY2","Bod1","69556","Biorientation of chromosomes in cell division protein 1",0.25,0
"O88796","Rpp30","54364","Ribonuclease P protein subunit p30",0,0
"Q9DCK3","Tspan4","64540","Tetraspanin-4",0,0.25
"Q9D3P8","Plgrkt","67759","Plasminogen receptor (KT)",0,0
"P60202","Plp1","18823","Myelin proteolipid protein",0,0
"Q9Z101","Pard6a","56513","Partitioning defective 6 homolog alpha",0,0
"Q8BGF6","Elmod2","244548","ELMO domain-containing protein 2",0,0
"P59041","Dnajc30","66114","DnaJ homolog subfamily C member 30, mitochondrial",0,0
"Q9D920","Borcs5","67774","BLOC-1-related complex subunit 5",0,0
"Q8VE42","Ankrd49","56503","Ankyrin repeat domain-containing protein 49",0,0.25
"Q6RKD8","Flrt1","396184","Leucine-rich repeat transmembrane protein FLRT1",0,0
"Q8BS39","Ccdc32","269336","Coiled-coil domain-containing protein 32",0,0
"Q8CFN5","Mef2c","17260","Myocyte-specific enhancer factor 2C",0,0
"Q60899","Elavl2","15569","ELAV-like protein 2",0,0
"O88843","Cradd","12905","Death domain-containing protein CRADD",0,0
"Q9CQZ6","Ndufb3","66495","NADH dehydrogenase [ubiquinone] 1 beta subcomplex subunit 3",0,0
"Q8BXA5","Clptm1l","218335","Lipid scramblase CLPTM1L",0,0
"Q99PH1","Lrrc4","192198","Leucine-rich repeat-containing protein 4",0,0
"Q9JLC6","Tef","21685","Thyrotroph embryonic factor",0.5,0.5
"P48455","Ppp3cc","19057","Serine/threonine-protein phosphatase 2B catalytic subunit gamma isoform",0,0
"Q8VCB2","Med25","75613","Mediator of RNA polymerase II transcription subunit 25",0,0.5
"Q8VCC8","Rapgef3","223864","Rap guanine nucleotide exchange factor 3",0,0.25
"Q9CXY1","Tmem175","72392","Endosomal/lysosomal proton channel TMEM175",0.25,0
"Q9D9M5","Phospho2","73373","Pyridoxal phosphate phosphatase PHOSPHO2",0,0.25
"Q5U419","Slc33a2","69572","Solute carrier family 33 member 2",0.5,0.25
"P49282","Slc11a2","18174","Natural resistance-associated macrophage protein 2",0.25,0
"Q8C6I2","Sdhaf2","66072","Succinate dehydrogenase assembly factor 2, mitochondrial",0.25,0
"Q7TN73","Casd1","213819","N-acetylneuraminate (7)9-O-acetyltransferase",0,0
"P55284","Cdh5","12562","Cadherin-5",0,0
"Q99N91","Mrpl34","94065","Large ribosomal subunit protein bL34m",0.25,0
"Q8BXJ9","Tmem62","96957","Transmembrane protein 62",0,0
"Q8CH36","Slc36a4","234967","Neutral amino acid uniporter 4",0,0.25
"Q8K4D3","Slc36a1","215335","Proton-coupled amino acid transporter 1",0,0
"Q2TJ95","Rspo3","72780","R-spondin-3",0.25,0.25
"P62313","Lsm6","78651","U6 snRNA-associated Sm-like protein LSm6",0,0
"Q8R4T1","Cys1","12879","Cystin-1",0,0.5
"P24457","Cyp2d11","545123","Cytochrome P450 2D11",0,0
"P62309","Snrpg","68011","Small nuclear ribonucleoprotein G",0,0
"Q571E4","Galns","50917","N-acetylgalactosamine-6-sulfatase",0.25,0.25
"Q8BTZ5","Ankrd46","68839","Ankyrin repeat domain-containing protein 46",0,0
"Q9CQ43","Dut","110074","Deoxyuridine 5'-triphosphate nucleotidohydrolase",0,0
"Q9CQY2","Ramac","67148","RNA guanine-N7 methyltransferase activating subunit",0,0
"Q3U276","Sdhaf1","68332","Succinate dehydrogenase assembly factor 1, mitochondrial",0,0
"Q91X56","S1pr5","94226","Sphingosine 1-phosphate receptor 5",0,0.25
"Q9D387","Lamp5","76161","Lysosome-associated membrane glycoprotein 5",0,0
"Q8K003","Tma7","115487184","Translation machinery-associated protein 7",0.25,0
"Q8VCE9","Plekhh3","217198","Pleckstrin homology domain-containing family H member 3",0,0.25
"Q78HU3","Mvb12a","73711","Multivesicular body subunit 12A",0,0
"Q04735","Cdk16","18555","Cyclin-dependent kinase 16",0,0
"E9Q6C8","Xkr6","219149","XK-related protein 6",0,0
"P48410","Abcd1","11666","ATP-binding cassette sub-family D member 1",0.25,0.5
"Q9D6K5","Synj2bp","24071","Synaptojanin-2-binding protein",0,0
"Q66JT5","Tpgs2","66648","Tubulin polyglutamylase complex subunit 2",0,0
"P56671","Maz","17188","Myc-associated zinc finger protein",0.25,0.5
"Q3V038","Ttc9","69480","Tetratricopeptide repeat protein 9A",0,0
"Q3UPH1","Prrc1","73137","Protein PRRC1",0,0
"Q9R0Q3","Tmed2","56334","Transmembrane emp24 domain-containing protein 2",0,0
"A2AI05","Ndor1","78797","NADPH-dependent diflavin oxidoreductase 1",0,0.25
"Q99PM9","Uck2","80914","Uridine-cytidine kinase 2",0.25,0.25
"Q64310","Surf4","20932","Surfeit locus protein 4",0,0
"Q9R060","Nubp1","26425","Cytosolic Fe-S cluster assembly factor NUBP1",0,0
"Q9CTG6","Atp13a2","74772","Polyamine-transporting ATPase 13A2",0,0
"Q9Z2G1","Fem1aa","14154","Protein fem-1 homolog A-A",0,0
"Q99J77","Nans","94181","N-acetylneuraminate-9-phosphate synthase",0,0
"Q9D032","Ssbp3","72475","Single-stranded DNA-binding protein 3",0,0
"Q9Z1N9","Unc13b","22249","Protein unc-13 homolog B",0,0
"Q9CTN8","Lhfpl3","269629","LHFPL tetraspan subfamily member 3 protein",0,0.25
"Q6PGH2","Jpt2","52009","Jupiter microtubule associated homolog 2",0,0
"O54890","Itgb3","16416","Integrin beta-3",0.25,0
"Q7TMV1","Rnf139","75841","E3 ubiquitin-protein ligase RNF139",0.25,0.25
"Q61702","Itih1","16424","Inter-alpha-trypsin inhibitor heavy chain H1",0,0.25
"Q7M750","Opalin","226115","Opalin",0,0
"Q8CHY6","Gatad2a","234366","Transcriptional repressor p66 alpha",0.25,0
"Q91VT8","Smim14","68552","Small integral membrane protein 14",0.25,0.25
"Q8K0S5","Rtn4rl1","237847","Reticulon-4 receptor-like 1",0,0
"Q9CQX8","Kgd4","66128","Alpha-ketoglutarate dehydrogenase component 4",0,0
"Q91W29","Cox4i2","84682","Cytochrome c oxidase subunit 4 isoform 2, mitochondrial",0.25,0
"P0DN89","Tmem254","66039","Transmembrane protein 254",0,0
"P59708","Sf3b6","66055","Splicing factor 3B subunit 6",0,0
"Q9D2V5","Aar2","68295","Protein AAR2 homolog",0,0
"Q61133","Gstt2","14872","Glutathione S-transferase theta-2",0.5,0
"Q9JLQ2","Git2","26431","ARF GTPase-activating protein GIT2",0,0
"Q60722","Tcf4","21413","Transcription factor 4",0,0.25
"Q9CQ73","Pkp2","67451","Plakophilin-2",0.25,0
"Q99JR5","Tinagl1","94242","Tubulointerstitial nephritis antigen-like",0,0
"Q8C6B2","Rtkn","20166","Rhotekin",0,0
"O70401","Tspan6","56496","Tetraspanin-6",0,0
"Q9CPZ6","Ormdl3","66612","ORM1-like protein 3",0,0.25
"P97717","Adra1b","11548","Alpha-1B adrenergic receptor",0,0.5
"P56388","Cartpt","27220","Cocaine- and amphetamine-regulated transcript protein",0,0
"P35980","Rpl18","19899","Large ribosomal subunit protein eL18",0,0
"Q91VJ5","Pqbp1","54633","Polyglutamine-binding protein 1",0,0
"O09167","Rpl21","19933","Large ribosomal subunit protein eL21",0,0
"Q9CZ96","Zcrb1","67197","Zinc finger CCHC-type and RNA-binding motif-containing protein 1",0.5,0.25
"Q8VHX6","Flnc","68794","Filamin-C",0.25,0.5
"Q9R0E1","Plod3","26433","Multifunctional procollagen lysine hydroxylase and glycosyltransferase LH3",0.5,0
"Q61211","Eif2d","16865","Eukaryotic translation initiation factor 2D",0,0
"Q9EQC4","Elovl4","83603","Very long chain fatty acid elongase 4",0,0
"Q9CWR1","Wdr73","71968","Integrator complex assembly factor WDR73",0.25,0.5
"P14115","Rpl27a","26451","Large ribosomal subunit protein uL15",0,0
"Q9DCU2","Pllp","67801","Plasmolipin",0,0
"Q9DAD6","Pfn3","75477","Profilin-3",0,0
"Q8BTE5","Cebpzos","68554","Protein CEBPZOS",0,0
"Q8VE96","Slc35f6","74919","Solute carrier family 35 member F6",0,0
"Q9DBR4","Apbb2","11787","Amyloid beta precursor protein binding family B member 2",0,0
"P62137","Ppp1ca","19045","Serine/threonine-protein phosphatase PP1-alpha catalytic subunit",0,0
"Q8BFQ4","Wdr82","77305","WD repeat-containing protein 82",0,0
"Q400C8","Amz2","13929","Archaemetzincin-2",0,0
"P97314","Csrp2","13008","Cysteine and glycine-rich protein 2",0,0.5
"Q9DCZ4","Apoo","68316","MICOS complex subunit Mic26",0,0
"Q920S3","Gatad1","67210","GATA zinc finger domain-containing protein 1",0.5,0.5
"P42703","Lifr","16880","Leukemia inhibitory factor receptor",0,0
"Q8BGY9","Slc5a7","63993","High affinity choline transporter 1",0,0
"Q9WTS2","Fut8","53618","Alpha-(1,6)-fucosyltransferase",0,0
"Q9D9S3","Rwdd2a","69519","RWD domain-containing protein 2A",0,0
"P70445","Eif4ebp2","13688","Eukaryotic translation initiation factor 4E-binding protein 2",0,0.25
"Q9Z126","Pf4","56744","Platelet factor 4",0,0.25
"Q64707","Zrsr2-ps1","22184","U2 small nuclear ribonucleoprotein auxiliary factor 35 kDa subunit-related protein 2-like",0,0
"Q80VQ1","Lrrc1","214345","Leucine-rich repeat-containing protein 1",0.25,0
"Q8R1C3","Vopp1","232023","WW domain binding protein VOPP1",0,0
"Q921Y4","Slc61a1","106073","Solute carrier family 61 member 1",0,0.25
"O35657","Neu1","18010","Sialidase-1",0,0.25
"P46097","Syt2","20980","Synaptotagmin-2",0,0
"Q9CQE3","Mrps17","66258","Small ribosomal subunit protein uS17m",0,0
"Q8BKU8","Tmem87b","72477","Transmembrane protein 87B",0,0.25
"Q9WUC3","Ly6h","23934","Lymphocyte antigen 6H",0,0
"Q8BP22","Cibar1","68099","CBY1-interacting BAR domain-containing protein 1",0.25,0.5
"O54799","Nmbr","18101","Neuromedin-B receptor",0,0.25
"Q9JJA2","Cog8","97484","Conserved oligomeric Golgi complex subunit 8",0,0
"E9PUN2","Nrxn2","18190","Neurexin-2-beta",0,0
"Q6PGA0","Rcor3","214742","REST corepressor 3",0.25,0.25
"P60764","Rac3","170758","Ras-related C3 botulinum toxin substrate 3",0,0
"Q9EQS3","Mycbp","56309","c-Myc-binding protein",0,0
"P21550","Eno3","13808","Beta-enolase",0,0
"Q8R2L5","Mrps18c","68735","Small ribosomal subunit protein bS18m",0.25,0
"Q8K0B2","Lmbrd1","68421","Lysosomal cobalamin transport escort protein LMBD1",0,0
"P39749","Fen1","14156","Flap endonuclease 1",0,0
"Q64522","H2ac21","621893","Histone H2A type 2-B",0,0
"Q8C3X8","Lmf2","105847","Lipase maturation factor 2",0,0
"P84099","Rpl19","19921","Large ribosomal subunit protein eL19",0,0
"Q8CI15","Sphk1","20698","Sphingosine kinase 1",0.5,0.5
"Q3UEI1","Pde4c","110385","3',5'-cyclic-AMP phosphodiesterase 4C",0.25,0
"Q8R1H0","Hopx","74318","Homeodomain-only protein",0,0
"Q8R3L5","Slco3a1","108116","Solute carrier organic anion transporter family member 3A1",0,0
"Q9Z2R6","Unc119","22248","Protein unc-119 homolog A",0,0
"A0A571BF63","Ankfn1","382543","Ankyrin-repeat and fibronectin type III domain-containing 1",0.25,0.25
"Q9D2P4","Urm1","68205","Ubiquitin-related modifier 1",0,0
"P61205","Arf3","11842","ADP-ribosylation factor 3",0,0
"P84078","Arf1","11840","ADP-ribosylation factor 1",0,0
"P32648","Vip","22353","VIP peptides",0.25,0
"Q9DCM4","Dnal4","54152","Dynein axonemal light chain 4",0,0
"Q8C120","Sh3rf3","237353","E3 ubiquitin-protein ligase SH3RF3",0.25,0.25
"Q4QQM4","Trp53i11","277414","Tumor protein p53-inducible protein 11",0,0
"Q61337","Bad","12015","Bcl2-associated agonist of cell death",0,0
"Q8K4M5","Commd1","17846","COMM domain-containing protein 1",0,0
"Q9R1Q7","Plp2","18824","Proteolipid protein 2",0,0
"Q8BHC4","Dcakd","68087","Dephospho-CoA kinase domain-containing protein",0,0
"Q9CXY9","Pigk","329777","GPI-anchor transamidase",0,0
"Q9R0N5","Syt5","53420","Synaptotagmin-5",0,0
"Q8BGX3","Lrtm2","211187","Leucine-rich repeat and transmembrane domain-containing protein 2",0,0
"Q04857","Col6a1","12833","Collagen alpha-1(VI) chain",0,0.25
"Q91YT8","Tmem63a","208795","Mechanosensitive cation channel TMEM63A",0.5,0.25
"O09005","Degs1","13244","Sphingolipid delta(4)-desaturase DES1",0,0
"Q9CR89","Ergic2","67456","Endoplasmic reticulum-Golgi intermediate compartment protein 2",0,0
"Q8CIB6","Tmem230","70612","Transmembrane protein 230",0,0
"Q3TBL6","Tnfaip8l3","244882","Tumor necrosis factor alpha-induced protein 8-like protein 3",0,0
"Q6NZQ8","Marchf1","72925","E3 ubiquitin-protein ligase MARCHF1",0.25,0.25
"Q80ZE5","Paqr8","74229","Membrane progestin receptor beta",0.5,0.5
"P35762","Cd81","12520","CD81 antigen",0,0
"Q8CG79","Tp53bp2","209456","Apoptosis-stimulating of p53 protein 2",0,0
"P21237","Bdnf","12064","Neurotrophic factor BDNF precursor form",0,0
"Q5SUF2","Luc7l3","67684","Luc7-like protein 3",0,0
"Q9WUE4","Nprl2","56032","GATOR1 complex protein NPRL2",0.5,0.25
"Q8CCF0","Prpf31","68988","U4/U6 small nuclear ribonucleoprotein Prp31",0,0
"P62342","Selenot","69227","Thioredoxin reductase-like selenoprotein T",0,0
"P30681","Hmgb2","97165","High mobility group protein B2",0,0
"Q9CQB7","Lyrm1","73919","LYR motif-containing protein 1",0,0
"P63080","Gabrb3","14402","Gamma-aminobutyric acid receptor subunit beta-3",0,0
"Q8CEI1","Bola3","78653","BolA-like protein 3",0,0
"Q8CD10","Micu2","68514","Calcium uptake protein 2, mitochondrial",0,0
"Q9WUU8","Tnip1","57783","TNFAIP3-interacting protein 1",0,0
"Q8BXT1","Rgs8","67792","Regulator of G protein signaling 8",0,0
"Q3UMQ8","Naf1","234344","H/ACA ribonucleoprotein complex non-core subunit NAF1",0.25,0.25
"Q9CR11","Yeats4","64050","YEATS domain-containing protein 4",0,0
"Q8BUY9","Pggt1b","225467","Geranylgeranyl transferase type-1 subunit beta",0.25,0
"Q9CPS7","Pno1","66249","RNA-binding protein PNO1",0.5,0.5
"Q62120","Jak2","16452","Tyrosine-protein kinase JAK2",0,0
"Q07813","Bax","12028","Apoptosis regulator BAX",0,0
"P22935","Crabp2","12904","Cellular retinoic acid-binding protein 2",0.5,0.25
"Q8BTV1","Tusc3","80286","Dolichyl-diphosphooligosaccharide--protein glycosyltransferase subunit TUSC3",0,0
"Q9CQA9","Ntpcr","66566","Cancer-related nucleoside-triphosphatase homolog",0,0
"Q99J62","Rfc4","106344","Replication factor C subunit 4",0.5,0.25
"Q3UG98","Nat9","66176","Alpha/beta-tubulin-N-acetyltransferase 9",0,0
"Q9CQI9","Med30","69790","Mediator of RNA polymerase II transcription subunit 30",0,0
"Q8QZZ7","Tprkb","69786","EKC/KEOPS complex subunit Tprkb",0,0
"P97382","Kcnab3","16499","Voltage-gated potassium channel subunit beta-3",0,0
"Q99LU0","Chmp1b1","67064","Charged multivesicular body protein 1B1",0,0
"Q9R0Y8","Gabrg1","14405","Gamma-aminobutyric acid receptor subunit gamma-1",0,0
"B1AVY7","Kif16b","16558","Kinesin-like protein KIF16B",0,0
"Q9CWU6","Uqcc1","56046","Ubiquinol-cytochrome c reductase complex assembly factor 1",0,0
"O88477","Igf2bp1","140486","Insulin-like growth factor 2 mRNA-binding protein 1",0.5,0.5
"P30677","Gna14","14675","Guanine nucleotide-binding protein subunit alpha-14",0.5,0.25
"Q9D8Z6","Atg101","68118","Autophagy-related protein 101",0,0
"P55200","Kmt2a","214162","Histone-lysine N-methyltransferase 2A",0,0
"Q8CHS8","Vps37a","52348","Vacuolar protein sorting-associated protein 37A",0,0
"Q60680","Chuk","12675","Inhibitor of nuclear factor kappa-B kinase subunit alpha",0,0
"Q9Z120","Mettl1","17299","tRNA (guanine-N(7)-)-methyltransferase",0,0.25
"Q9D1N9","Mrpl21","353242","Large ribosomal subunit protein bL21m",0,0
"O70494","Sp3","20687","Transcription factor Sp3",0.5,0
"Q9CQW9","Ifitm3","66141","Interferon-induced transmembrane protein 3",0,0
"Q9WVL1","Ap4s1","11782","AP-4 complex subunit sigma-1",0,0
"Q9CPV7","Zdhhc6","66980","Palmitoyltransferase ZDHHC6",0.25,0.25
"P0C0A3","Chmp6","208092","Charged multivesicular body protein 6",0,0
"O35166","Gosr2","56494","Golgi SNAP receptor complex member 2",0,0
"P99027","Rplp2","67186","Large ribosomal subunit protein P2",0,0
"Q3UL36","Arglu1","234023","Arginine and glutamate-rich protein 1",0.25,0
"Q9EP96","Slco1a4","28250","Solute carrier organic anion transporter family member 1A4",0,0
"Q6NXN1","Szrd1","213491","SUZ RNA-binding domain-containing",0.25,0
"P97858","Slc35b1","110172","Solute carrier family 35 member B1",0,0.25
"Q01147","Creb1","12912","Cyclic AMP-responsive element-binding protein 1",0,0
"Q7TQK1","Ints7","77065","Integrator complex subunit 7",0,0
"Q5XJE5","Leo1","235497","RNA polymerase-associated protein LEO1",0,0
"Q8BMS9","Rassf2","215653","Ras association domain-containing protein 2",0,0
"Q8BG99","Pknox2","208076","Homeobox protein PKNOX2",0,0
"Q8CIF4","Btd","26363","Biotinidase",0.25,0
"Q6P5G0","Mapk4","225724","Mitogen-activated protein kinase 4",0,0
"P58059","Mrps21","66292","Small ribosomal subunit protein bS21m",0,0
"Q9D270","Zdhhc21","68268","Palmitoyltransferase ZDHHC21",0,0
"P00405","Mt-co2","17709","Cytochrome c oxidase subunit 2",0,0
"Q9R1W5","Calcrl","54598","Calcitonin gene-related peptide type 1 receptor",0.25,0
"Q8K1Z0","Coq9","67914","Ubiquinone biosynthesis protein COQ9, mitochondrial",0,0
"Q91VX9","Tmem168","101118","Transmembrane protein 168",0,0
"Q9D2M8","Ube2v2","70620","Ubiquitin-conjugating enzyme E2 variant 2",0,0
"O88693","Ugcg","22234","Ceramide glucosyltransferase",0,0.25
"P26323","Fli1","14247","Friend leukemia integration 1 transcription factor",0,0
"P68372","Tubb4b","227613","Tubulin beta-4B chain",0,0
"Q9CWF2","Tubb2b","73710","Tubulin beta-2B chain",0,0
"Q9JMH7","Neu3","50877","Sialidase-3",0,0.5
"Q8BWW9","Pkn2","109333","Serine/threonine-protein kinase N2",0.5,0
"O70622","Rtn2","20167","Reticulon-2",0.25,0.5
"Q9D1I6","Mrpl14","68463","Large ribosomal subunit protein uL14m",0,0
"O35972","Mrpl23","19935","Large ribosomal subunit protein uL23m",0,0
"Q8R1G1","Tasp1","75812","Threonine aspartase 1",0.25,0
"Q9JHF7","Hpgds","54486","Hematopoietic prostaglandin D synthase",0,0
"Q6P8I6","Cox11","69802","Cytochrome c oxidase assembly protein COX11, mitochondrial",0,0
"O35386","Phyh","16922","Phytanoyl-CoA dioxygenase, peroxisomal",0,0
"P61750","Arf4","11843","ADP-ribosylation factor 4",0,0
"Q9R0E2","Plod1","18822","Procollagen-lysine,2-oxoglutarate 5-dioxygenase 1",0.25,0
"Q9CWX9","Ddx47","67755","Probable ATP-dependent RNA helicase DDX47",0,0
"P15626","Gstm2","14863","Glutathione S-transferase Mu 2",0,0
"B9EKI3","Tmf1","232286","TATA element modulatory factor",0.25,0
"Q501J7","Phactr4","100169","Phosphatase and actin regulator 4",0,0
"Q8VH37","Hdac8","70315","Histone deacetylase 8",0.25,0
"Q8BMI0","Fbxo38","107035","F-box only protein 38",0,0
"Q91VW3","Sh3bgrl3","73723","SH3 domain-binding glutamic acid-rich-like protein 3",0,0
"Q8R5I6","Gstm4","14865","Glutathione S-transferase Mu 4",0,0
"Q60571","Crhbp","12919","Corticotropin-releasing hormone-binding protein",0,0
"Q9DAI6","Fam135b","70363","Protein FAM135B",0.25,0
"Q9D8B6","Mims2","67017","Mitochondrial inner membrane scaffold 2",0,0
"Q04573","Npy1r","18166","Neuropeptide Y receptor type 1",0.5,0.25
"P61807","Snn","20621","Stannin",0,0
"Q5RL79","Krtcap2","66059","Dolichyl-diphosphooligosaccharide--protein glycosyltransferase subunit KCP2",0,0
"Q9CQL4","Mrpl20","66448","Large ribosomal subunit protein bL20m",0,0
"Q9JJV4","Cacng4","54377","Voltage-dependent calcium channel gamma-4 subunit",0,0
"A2AIV2","Virma","66185","Protein virilizer homolog",0,0
"P61961","Ufm1","67890","Ubiquitin-fold modifier 1",0,0
"P61290","Psme3","19192","Proteasome activator complex subunit 3",0,0
"B1AYL1","Scn7a","20272","Sodium channel protein type 7 subunit alpha",0,0.5
"Q8VEJ4","Nle1","217011","Notchless protein homolog 1",0,0
"Q61200","Nxph1","18231","Neurexophilin-1",0,0
"Q9D0U6","Maf1","68877","Repressor of RNA polymerase III transcription MAF1 homolog",0,0
"Q8R3Q6","Mix23","381045","Protein MIX23",0,0
"Q8BJU9","Mtrf1l","108853","Peptide chain release factor 1-like, mitochondrial",0,0.25
"A2AIR5","Grin3a","242443","Glutamate receptor ionotropic, NMDA 3A",0.25,0
"Q8R2R3","Aagab","66939","Alpha- and gamma-adaptin-binding protein p34",0,0
"P60954","Nol4","319211","Nucleolar protein 4",0,0.5
"Q8VE85","Prelid3a","225655","PRELI domain containing protein 3A",0,0
"Q9CXT7","Tmem192","73067","Transmembrane protein 192",0,0
"Q91VS7","Mgst1","56615","Microsomal glutathione S-transferase 1",0,0
"P03930","Mtatp8","17706","ATP synthase F(0) complex subunit 8",0,0
"Q9D2Q3","Paat","68277","ATPase PAAT",0.25,0.25
"Q91VZ6","Smap1","98366","Stromal membrane-associated protein 1",0,0
"Q8BGY7","Mims1","108654","Mitochondrial inner membrane scaffold 1",0,0
"Q8VCL2","Sco2","100126824","Cytochrome c oxidase assembly protein SCO2",0,0
"Q9CPP6","Ndufa5","68202","NADH dehydrogenase [ubiquinone] 1 alpha subcomplex subunit 5",0,0
"P58774","Tpm2","22004","Tropomyosin beta chain",0,0
"O54879","Hmgb3","15354","High mobility group protein B3",0,0
"P18572","Bsg","12215","Basigin",0,0
"P22599","Serpina1b","20701","Alpha-1-antitrypsin 1-2",0,0
"Q8VCN6","Cd99","673094","CD99 antigen",0,0
"P63089","Ptn","19242","Pleiotrophin",0,0
"P62889","Rpl30","19946","Large ribosomal subunit protein eL30",0,0
"Q9D8U2","Tmem41a","66664","Transmembrane protein 41A",0,0
"Q8BML1","Mical2","320878","[F-actin]-monooxygenase MICAL2",0,0.25
"Q9R0B7","Znf346","26919","Zinc finger protein 346",0,0.25
"Q01237","Hmgcr","15357","3-hydroxy-3-methylglutaryl-coenzyme A reductase",0.5,0.5
"O70479","Tnfaip1","21927","BTB/POZ domain-containing adapter for CUL3-mediated RhoA degradation protein 2",0.25,0
"P61028","Rab8b","235442","Ras-related protein Rab-8B",0,0
"Q8BGC1","Q8BGC1","77877","UPF0489 protein C5orf22 homolog",0,0.25
"Q3TYA6","Mphosph8","75339","M-phase phosphoprotein 8",0.25,0.25
"Q8CGB6","Tns2","209039","Tensin-2",0,0
"Q66JZ4","TCAIM","382117","T-cell activation inhibitor, mitochondrial",0,0
"Q01705","Notch1","18128","Neurogenic locus notch homolog protein 1",0,0.25
"O88561","Slc27a3","26568","Long-chain fatty acid transport protein 3",0.5,0.5
"Q8VEM9","Klhdc3","71765","Kelch domain-containing protein 3",0,0.5
"Q62559","Ift52","245866","Intraflagellar transport protein 52 homolog",0.25,0.25
"Q9D067","Saxo6","17245","Stabilizer of axonemal microtubules 6",0.25,0.5
"O54992","Mapkapk5","17165","MAP kinase-activated protein kinase 5",0.25,0.5
"Q3TCX3","Khdc4","74200","KH homology domain-containing protein 4",0,0.25
"Q501P1","Fbln7","70370","Fibulin-7",0,0.25
"Q8BGT0","Ostm1","14628","Osteopetrosis-associated transmembrane protein 1",0.25,0
"O55203","Ldb2","16826","LIM domain-binding protein 2",0,0
"Q99JP4","Cdc26","66440","Anaphase-promoting complex subunit CDC26",0,0
"P46062","Sipa1","20469","Signal-induced proliferation-associated protein 1",0.25,0.5
"Q8C3X2","Ccdc90b","66365","Coiled-coil domain-containing protein 90B, mitochondrial",0,0
"A2APT9","Klhdc7a","242721","Kelch domain-containing protein 7A",0,0
"O35943","Fxn","14297","Frataxin, mitochondrial",0,0
"Q8VBV3","Exosc2","227715","Exosome complex component RRP4",0,0
"P13597","Icam1","15894","Intercellular adhesion molecule 1",0.5,0.25
"P70174","Hrh1","15465","Histamine H1 receptor",0,0
"Q8BMJ3","Eif1ax","66235","Eukaryotic translation initiation factor 1A, X-chromosomal",0,0
"Q08AU7","Myadml2","68515","Myeloid-associated differentiation marker-like protein 2",0,0
"P58686","Bbln","73737","Bublin coiled-coil protein",0.25,0
"Q8BH32","Susd4","96935","Sushi domain-containing protein 4",0.25,0.5
"P58391","Kcnn3","140493","Small conductance calcium-activated potassium channel protein 3",0,0
"P08101","Fcgr2","14130","Low affinity immunoglobulin gamma Fc region receptor II",0.5,0.5
"Q8BNI4","Derl2","116891","Derlin-2",0.25,0.5
"Q99J25","Mrm1","217038","rRNA methyltransferase 1, mitochondrial",0,0
"Q8BZL8","Lmo3","109593","LIM domain only protein 3",0.25,0.5
"Q3V0C5","Usp48","170707","Ubiquitin carboxyl-terminal hydrolase 48",0,0.5
"Q3THF9","Coq10b","67876","Coenzyme Q-binding protein COQ10 homolog B, mitochondrial",0,0
"Q8BMN4","Lmln","239833","Leishmanolysin-like peptidase",0.5,0.25
"Q8VD24","Zcchc18","66995","Zinc finger CCHC domain-containing protein 18",0,0
"Q5SSK3","Tefm","68550","Transcription elongation factor, mitochondrial",0.25,0.25
"Q1EG27","Myo3b","329421","Myosin-IIIb",0,0
"Q810S1","Mcub","66815","Calcium uniporter regulatory subunit MCUb, mitochondrial",0,0.25
"Q5F285","Tmem256","69186","Transmembrane protein 256",0,0
"Q8BHL7","Cdc42se1","57912","CDC42 small effector protein 1",0.25,0.5
"O09106","Hdac1","433759","Histone deacetylase 1",0,0
"Q6Y5D8","Arhgap10","78514","Rho GTPase-activating protein 10",0,0.5
"Q7TMV3","Fastkd5","380601","Non-canonical pre-mRNAs endonuclease FASTKD5, mitochondrial",0,0
"Q8BS95","Gphr","67549","Golgi pH regulator",0,0
"Q9DCT6","Bacc1","104457","BPTF-associated chromatin complex component 1",0,0
"Q9WVC3","Cav2","12390","Caveolin-2",0,0
"Q9QZL6","Usp21","30941","Ubiquitin carboxyl-terminal hydrolase 21",0,0.5
"Q9Z1R4","D17h6s53e","114585","Uncharacterized protein C6orf47 homolog",0,0
"Q14B80","Kcnc2","268345","Voltage-gated potassium channel KCNC2",0,0
"Q9CWX4","Rpusd4","71989","Pseudouridylate synthase RPUSD4, mitochondrial",0.25,0.25
"Q8BGA7","Ints15","231868","Integrator complex subunit 15",0.25,0.25
"Q91XB7","Yif1a","68090","Protein YIF1A",0.25,0.25
"Q8BMZ5","Tsen34","66078","tRNA-splicing endonuclease subunit Sen34",0,0
"Q9D0T2","Dusp12","80915","Dual specificity protein phosphatase 12",0,0
"Q6ZQL4","Wdr43","72515","WD repeat-containing protein 43",0,0
"Q3U5F4","Yrdc","230734","Threonylcarbamoyl-AMP synthase",0,0
"A2AQ07","Tubb1","545486","Tubulin beta-1 chain",0,0
"Q6PGH0","Ubtd2","327900","Ubiquitin domain-containing protein 2",0,0
"Q64518","Atp2a3","53313","Sarcoplasmic/endoplasmic reticulum calcium ATPase 3",0.25,0.5
"Q8CEG5","Ccdc28b","66264","Coiled-coil domain-containing protein 28B",0,0
"Q5U4D8","Slc5a6","330064","Sodium-dependent multivitamin transporter",0,0
"Q8BK08","Tmem11","216821","Transmembrane protein 11, mitochondrial",0,0
"Q3TBW2","Mrpl10","107732","Large ribosomal subunit protein uL10m",0,0
"P00848","Mtatp6","17705","ATP synthase F(0) complex subunit a",0,0
"Q9DC33","Hmg20a","66867","High mobility group protein 20A",0,0
"Q9CXK8","Nip7","66164","60S ribosome subunit biogenesis protein NIP7 homolog",0,0.25
"Q6P8J7","Ckmt2","76722","Creatine kinase S-type, mitochondrial",0.25,0
"P60867","Rps20","67427","Small ribosomal subunit protein uS10",0,0
"Q9CPX8","Uqcr11","66594","Cytochrome b-c1 complex subunit 10",0,0
"Q3UM18","Lsg1","224092","Large subunit GTPase 1 homolog",0.25,0
"Q78YZ6","Scoc","56367","Short coiled-coil protein",0,0
"A2AG06","Meioc","268491","Meiosis-specific coiled-coil domain-containing protein MEIOC",0.25,0.25
"P03893","mt-Nd2","17717","NADH-ubiquinone oxidoreductase chain 2",0,0
"Q921N7","Tmem70","70397","Transmembrane protein 70, mitochondrial",0,0
"O35623","Bet1","12068","BET1 homolog",0,0
"Q99P58","Rab27b","80718","Ras-related protein Rab-27B",0,0
"Q3UF64","Rnft2","269695","RING finger and transmembrane domain-containing protein 2",0,0.25
"Q3USZ8","Dipk2a","68861","Divergent protein kinase domain 2A",0,0
"Q920Q8","Ivns1abp","117198","Influenza virus NS1A-binding protein homolog",0,0
"P22366","Myd88","17874","Myeloid differentiation primary response protein MyD88",0,0.25
"Q8BPS4","Gpr180","58245","Integral membrane protein GPR180",0,0.25
"Q9JHJ3","Glmp","56700","Glycosylated lysosomal membrane protein",0,0.5
"Q6P9J5","Kank4","242553","KN motif and ankyrin repeat domain-containing protein 4",0.25,0.5
"Q923K4","Gtpbp3","70359","5-taurinomethyluridine-[tRNA] synthase subunit GTPB3, mitochondrial",0,0
"Q7TQI7","Abtb2","99382","Ankyrin repeat and BTB/POZ domain-containing protein 2",0.5,0.5
"Q8R2U4","Ntmt1","66617","N-terminal Xaa-Pro-Lys N-methyltransferase 1",0,0
"Q99J78","Def8","23854","Differentially expressed in FDCP 8",0.25,0.25
"Q9JK38","Gnpnat1","54342","Glucosamine 6-phosphate N-acetyltransferase",0,0
"O35450","Fkbpl","56299","FK506-binding protein-like",0,0
"P47867","Scg3","20255","Secretogranin-3",0.5,0.25
"P62876","Polr2l","66491","DNA-directed RNA polymerases I, II, and III subunit RPABC5",0,0
"Q3TAP4","Ap5b1","381201","AP-5 complex subunit beta-1",0.25,0.5
"Q9WUP4","Srd5a3","57357","Polyprenal reductase",0,0
"P61215","Ca10","72605","Carbonic anhydrase-related protein 10",0,0
"Q9D7K2","Ten1","69535","CST complex subunit TEN1",0,0
"Q99N13","Hdac9","79221","Histone deacetylase 9",0,0.5
"Q9EPK6","Sil1","81500","Nucleotide exchange factor SIL1",0.25,0
"Q8C817","Tmem200a","77220","Transmembrane protein 200A",0,0
"Q8R5K4","Nol6","230082","Nucleolar protein 6",0,0
"P48381","Rfx3","19726","Transcription factor RFX3",0,0
"P14069","S100a6","20200","Protein S100-A6",0,0
"O88990","Actn3","11474","Alpha-actinin-3",0,0.25
"Q8JZP3","Klhl2","77113","Kelch-like protein 2",0.25,0.25
"Q1HKZ5","Map3k13","71751","Mitogen-activated protein kinase kinase kinase 13",0.25,0
"Q8BHE1","Gemin8","237221","Gem-associated protein 8",0.25,0
"P30875","Sstr2","20606","Somatostatin receptor type 2",0.25,0
"Q61160","Fadd","14082","FAS-associated death domain protein",0.25,0
"Q6A044","Entrep2","70638","Protein ENTREP2",0,0.25
"Q91ZV7","Plxdc1","72324","Plexin domain-containing protein 1",0,0
"Q8BVU0","Lrch3","70144","DISP complex protein LRCH3",0,0
"Q9CQT5","Pomp","66537","Proteasome maturation protein",0,0
"O35671","Itgb1bp1","16413","Integrin beta-1-binding protein 1",0,0.5
"Q9D1R2","Kti12","100087","Protein KTI12 homolog",0,0
"Q78XF5","Ostc","66357","Oligosaccharyltransferase complex subunit OSTC",0,0
"Q8BHD8","Pcmtd2","245867","Protein-L-isoaspartate O-methyltransferase domain-containing protein 2",0,0
"Q9DCF1","Tmem25","71687","Transmembrane protein 25",0,0.25
"Q8K2U2","Alkbh6","233065","Probable RNA/DNA demethylase ALKBH6",0,0
"Q9D7N6","Mrpl30","107734","Large ribosomal subunit protein uL30m",0,0
"Q80YR2","Fhip2b","239170","FHF complex subunit HOOK-interacting protein 2B",0.5,0.5
"Q9Z0M5","Lipa","16889","Lysosomal acid lipase/cholesteryl ester hydrolase",0,0
"Q9Z0F8","Adam17","11491","Disintegrin and metalloproteinase domain-containing protein 17",0,0
"Q9CQ88","Tspan31","67125","Tetraspanin-31",0,0
"Q3TGF2","Fam107b","66540","Protein FAM107B",0.25,0.25
"Q5SVQ0","Kat7","217127","Histone acetyltransferase KAT7",0,0
"Q0VE29","Samd12","320679","Sterile alpha motif domain-containing protein 12",0.25,0.25
"G5E897","Poglut3","68304","Protein O-glucosyltransferase 3",0,0
"Q9QX96","Sall2","50524","Sal-like protein 2",0.5,0.5
"P19973","Lsp1","16985","Lymphocyte-specific protein 1",0.5,0.5
"Q8K3R3","Plcd4","18802","1-phosphatidylinositol 4,5-bisphosphate phosphodiesterase delta-4",0.5,0
"Q9DD03","Rab13","68328","Ras-related protein Rab-13",0,0
"Q9CXK4","Slc50a1","19729","Sugar transporter SWEET1",0,0
"Q9D023","Mpc2","70456","Mitochondrial pyruvate carrier 2",0,0
"Q9ET43","Cldn12","64945","Claudin-12",0,0
"Q9DCB1","Hmgn3","94353","High mobility group nucleosome-binding domain-containing protein 3",0,0
"Q8K2V1","Ppp4r1","70351","Serine/threonine-protein phosphatase 4 regulatory subunit 1",0.25,0.25
"Q3TEL6","Rnf157","217340","E3 ubiquitin ligase Rnf157",0,0
"Q6NXM3","Tmem130","243339","Transmembrane protein 130",0.5,0.25
"A0A286YD83","Smim43","100503068","Small integral membrane protein 43",0.25,0
"Q9CQP0","Mrpl33","66845","Large ribosomal subunit protein bL33m",0.25,0.25
"Q8BGV7","Kctd13","233877","BTB/POZ domain-containing adapter for CUL3-mediated RhoA degradation protein 1",0,0
"Q61672","Slc29a2","13340","Equilibrative nucleoside transporter 2",0,0
"Q9JJI6","Pigo","56703","GPI ethanolamine phosphate transferase 3, catalytic subunit",0.25,0.25
"O88907","Pias1","56469","E3 SUMO-protein ligase PIAS1",0.5,0
"Q8R3W5","Tsen15","66637","tRNA-splicing endonuclease subunit Sen15",0,0
"Q6DFV5","Helz","78455","ATP-dependent RNA helicase with zinc finger domain",0.25,0
"Q3UJ81","Cnep1r1","382030","Nuclear envelope phosphatase-regulatory subunit 1",0,0
"P97298","Serpinf1","20317","Pigment epithelium-derived factor",0.25,0.5
"Q9Z255","Ube2a","22209","Ubiquitin-conjugating enzyme E2 A",0,0
"Q8R3U1","Plaat3","225845","Phospholipase A and acyltransferase 3",0.25,0
"P61793","Lpar1","14745","Lysophosphatidic acid receptor 1",0,0
"Q9CQ74","Leprotl1","68192","Leptin receptor overlapping transcript-like 1",0,0
"Q9QYT7","Pigq","14755","Phosphatidylinositol N-acetylglucosaminyltransferase subunit Q",0.25,0
"Q8BGK9","Q8BGK9","235599","Uncharacterized protein C3orf18 homolog",0.5,0.25
"Q9CQG1","Chac2","68044","Putative glutathione-specific gamma-glutamylcyclotransferase 2",0,0
"Q3TAA7","Stk11ip","71728","Serine/threonine-protein kinase 11-interacting protein",0,0
"P63147","Ube2b","22210","Ubiquitin-conjugating enzyme E2 B",0,0
"P70426","Rit1","19769","GTP-binding protein Rit1",0.25,0.25
"O70324","Slc16a2","20502","Monocarboxylate transporter 8",0,0.25
"Q8R3H7","Hs2st1","23908","Heparan sulfate 2-O-sulfotransferase 1",0,0
"Q99KR8","Fuca2","66848","Plasma alpha-L-fucosidase",0.25,0.25
"Q6NS65","Gpr17","574402","Uracil nucleotide/cysteinyl leukotriene receptor",0.25,0.5
"Q8R0I0","Ace2","70008","Angiotensin-converting enzyme 2",0.25,0
"Q60584","Fbxw2","30050","F-box/WD repeat-containing protein 2",0.5,0
"Q9CQL7","Mrfap1","67568","MORF4 family-associated protein 1",0,0
"Q9JHG2","Rcan2","53901","Calcipressin-2",0,0
"Q64704","Stx3","20908","Syntaxin-3",0,0.25
"Q80U38","Khnyn","219094","Protein KHNYN",0.25,0
"Q9ERY9","Erg28","58520","Ergosterol biosynthetic protein 28 homolog",0,0
"Q80UX8","Abhd13","68904","Protein ABHD13",0,0.25
"O08583","Alyref","21681","THO complex subunit 4",0,0
"Q9CRC6","Borcs7","66439","BLOC-1-related complex subunit 7",0,0
"Q6GU68","Islr","26968","Immunoglobulin superfamily containing leucine-rich repeat protein",0.25,0.5
"Q6NZQ2","Ddx31","227674","ATP-dependent DNA helicase DDX31",0.5,0.5
"Q8K4Q7","Cerk","223753","Ceramide kinase",0,0
"Q9CZ00","Dbndd1","72185","Dysbindin domain-containing protein 1",0,0
"Q8CIN6","Celf3","78784","CUGBP Elav-like family member 3",0,0.25
"Q9CQS2","Nop10","66181","H/ACA ribonucleoprotein complex subunit 3",0,0
"Q8CIA5","Slc35b4","58246","Nucleotide sugar transporter SLC35B4",0,0
"B2RXA1","Plcxd2","433022","PI-PLC X domain-containing protein 2",0,0
"Q8K5B2","Mcfd2","193813","Multiple coagulation factor deficiency protein 2 homolog",0,0
"Q8BK62","Olfml3","99543","Olfactomedin-like protein 3",0.25,0.25
"P49769","Psen1","19164","Presenilin-1",0,0
"Q6ZWQ7","Spcs3","76687","Signal peptidase complex subunit 3",0,0
"Q91YR9","Ptgr1","67103","Prostaglandin reductase 1",0.25,0.5
"Q8R043","Smim29","106672","Small integral membrane protein 29",0.5,0.25
"Q8BRV5","Kiaa1671","243219","Uncharacterized protein KIAA1671",0,0
"P25233","Ndn","17984","Necdin",0.5,0.25
"Q68ED3","Tent4b","214627","Terminal nucleotidyltransferase 4B",0.25,0.25
"Q9DB10","Smdt1","69029","Essential MCU regulator, mitochondrial",0,0
"Q9EQF5","Dpys","64705","Dihydropyrimidinase",0,0
"P60003","Elof1","66126","Transcription elongation factor 1 homolog",0.25,0
"Q91WK5","Gcsh","68133","Glycine cleavage system H protein, mitochondrial",0,0
"Q8BP71","Rbfox2","93686","RNA binding protein fox-1 homolog 2",0,0
"F7BJB9","Morc3","338467","MORC family CW-type zinc finger protein 3",0,0.25
"Q91WL6","Snx11","74479","Sorting nexin-11",0,0
"Q8K1I7","Wipf1","215280","WAS/WASL-interacting protein family member 1",0,0.25
"Q69ZR9","Tasor","218850","Protein TASOR",0,0.5
"Q62264","Thrsp","21835","Thyroid hormone-inducible hepatic protein",0.25,0.25
"P56942","Pmch","110312","Pro-MCH",0.25,0
"Q9QXN3","Trip4","56404","Activating signal cointegrator 1",0.25,0.25
"Q8K1S3","Unc5b","107449","Netrin receptor UNC5B",0,0
"Q80UU2","Rpp38","227522","Ribonuclease P protein subunit p38",0.5,0.25
"A1A5B6","Tbc1d25","209815","TBC1 domain family member 25",0,0
"Q8K1A5","Tmem41b","233724","Transmembrane protein 41B",0.5,0
"Q8CIE2","Zmiz2","52915","Zinc finger MIZ domain-containing protein 2",0,0
"P11087","Col1a1","12842","Collagen alpha-1(I) chain",0.5,0.25
"Q9CWS4","Ints11","71957","Integrator complex subunit 11",0,0
"Q8QZR0","Tram1l1","229801","Translocating chain-associated membrane protein 1-like 1",0.5,0.5
"Q80TZ9","Rere","68703","Arginine-glutamic acid dipeptide repeats protein",0.25,0.25
"Q9CXU9","Eif1b","68969","Eukaryotic translation initiation factor 1b",0,0
"Q9D113","Dnlz","52838","DNL-type zinc finger protein",0,0
"Q9CR20","Ier3ip1","66191","Immediate early response 3-interacting protein 1",0,0
"Q7TQK0","Ccnt2","72949","Cyclin-T2",0.25,0.25
"P46938","Yap1","22601","Transcriptional coactivator YAP1",0,0
"Q03734","Serpina3m","20717","Serine protease inhibitor A3M",0,0
"A2RTL5","Rsrc2","208606","Arginine/serine-rich coiled-coil protein 2",0,0
"Q8BHJ9","Slu7","193116","Pre-mRNA-splicing factor SLU7",0.5,0.25
"P29391","Ftl1","14325","Ferritin light chain 1",0,0
"P17665","Cox7c","12867","Cytochrome c oxidase subunit 7C, mitochondrial",0,0
"P09240","Cck","12424","Cholecystokinin",0,0
"Q9CQN3","Tomm6","66119","Mitochondrial import receptor subunit TOM6 homolog",0,0
"P42867","Dpagt1","13478","UDP-N-acetylglucosamine--dolichyl-phosphate N-acetylglucosaminephosphotransferase",0,0
"Q921P9","Tceal1","237052","Transcription elongation factor A protein-like 1",0.25,0.25
"Q9DBU0","Tm9sf1","74140","Transmembrane 9 superfamily member 1",0,0.25
"Q64253","Ly6e","17069","Lymphocyte antigen 6E",0,0
"Q921Z5","Tnfaip8","106869","Tumor necrosis factor alpha-induced protein 8",0,0
"O35089","Cnih2","12794","Protein cornichon homolog 2",0,0
"Q07916","Pou6f1","19009","POU domain, class 6, transcription factor 1",0,0
"Q9CQD4","Chmp1b2","67028","Charged multivesicular body protein 1B2",0,0.25
"Q6PFX9","Tnks","21951","Poly [ADP-ribose] polymerase tankyrase-1",0,0
"Q8CCX5","Krt222","268481","Keratin-like protein KRT222",0,0
"P31649","Slc6a13","14412","Sodium- and chloride-dependent GABA transporter 2",0.25,0
"Q8C0N2","Gpat3","231510","Glycerol-3-phosphate acyltransferase 3",0,0.25
"Q9JL15","Lgals8","56048","Galectin-8",0.25,0.25
"Q9D842","Aplf","72103","Aprataxin and PNK-like factor",0.5,0.5
"Q9D3X9","Mfap3l","71306","Microfibrillar-associated protein 3-like",0.25,0.25
"Q9QY73","Tmem59","56374","Transmembrane protein 59",0.25,0
"P61953","Gng11","66066","Guanine nucleotide-binding protein G(I)/G(S)/G(O) subunit gamma-11",0.25,0
"Q99LW6","Yaf2","67057","YY1-associated factor 2",0,0
"Q9ESC8","Aff4","93736","AF4/FMR2 family member 4",0,0.25
"Q8CD15","Riox2","67014","Ribosomal oxygenase 2",0.25,0
"Q6ZWV7","Rpl35","66489","Large ribosomal subunit protein uL29",0,0
"Q8VCG3","Wdr74","107071","WD repeat-containing protein 74",0.5,0.5
"Q8CHK4","Kat5","81601","Histone acetyltransferase KAT5",0.5,0.25
"P03958","Ada","11486","Adenosine deaminase",0.5,0
"P97480","Eya3","14050","Protein phosphatase EYA3",0.5,0.5
"Q9WVS8","Mapk7","23939","Mitogen-activated protein kinase 7",0.25,0.5
"Q3UHX0","Nol8","70930","Nucleolar protein 8",0.5,0.5
"Q7JJ13","Brd2","14312","Bromodomain-containing protein 2",0,0.25
"O35372","Cnih1","12793","Protein cornichon homolog 1",0,0
"Q9ERU3","Znf22","67255","Zinc finger protein 22",0.25,0
"P17141","Zfp37","22696","Zinc finger protein 37",0.5,0.5
"Q9CQY5","Magt1","67075","Dolichyl-diphosphooligosaccharide--protein glycosyltransferase subunit MAGT1",0,0
"Q9R1S0","B9d1","27078","B9 domain-containing protein 1",0.25,0.25
"Q9DB52","Pabir1","68034","P2R1A-PPP2R2A-interacting phosphatase regulator 1",0.5,0.5
"Q9QXP6","Mkrn1","54484","E3 ubiquitin-protein ligase makorin-1",0.5,0.5
"Q9D0P8","Ift27","67042","Intraflagellar transport protein 27 homolog",0.25,0
"Q64264","Htr1a","15550","5-hydroxytryptamine receptor 1A",0,0
"Q8BGK5","Slc35f1","215085","Solute carrier family 35 member F1",0,0
"Q920B0","Frmd4b","232288","FERM domain-containing protein 4B",0.25,0
"Q8BH51","Cox14","66379","Cytochrome c oxidase assembly protein COX14",0,0
"Q91W52","Tmem19","67226","Transmembrane protein 19",0,0.5
"Q9CPV3","Mrpl42","67270","Large ribosomal subunit protein mL42",0,0
"P31725","S100a9","20202","Protein S100-A9",0,0
"P62892","Rpl39","67248","Large ribosomal subunit protein eL39",0,0
"Q91WT4","Dnajc17","69408","DnaJ homolog subfamily C member 17",0.25,0.25
"Q63871","Polr2k","17749","DNA-directed RNA polymerases I, II, and III subunit RPABC4",0.5,0.5
"Q9DCF9","Ssr3","67437","Translocon-associated protein subunit gamma",0,0
"Q8VE91","Retreg1","66270","Reticulophagy regulator 1",0,0
"Q8K2T4","Uqcc3","107197","Ubiquinol-cytochrome-c reductase complex assembly factor 3",0,0.25
"O70354","Ca11","12348","Carbonic anhydrase-related protein 11",0,0
"Q9WUH1","Tmem115","56395","Transmembrane protein 115",0,0
"Q9QYM5","Rnd2","11858","Rho-related GTP-binding protein RhoN",0.25,0.5
"Q61390","Cct6b","12467","Probable T-complex protein 1 subunit zeta-2",0,0
"Q9EQQ2","Yipf5","67180","Protein YIPF5",0,0
"Q7TMI3","Uhrf2","109113","E3 ubiquitin-protein ligase UHRF2",0.25,0
"Q9CWH5","Trmt11","73681","tRNA (guanine(10)-N(2))-methyltransferase TRMT11",0,0
"Q69ZT1","Fan1","330554","Fanconi-associated nuclease 1",0,0
"Q6A058","Armcx2","67416","Armadillo repeat-containing X-linked protein 2",0,0
"Q9QUI1","Fam89b","17826","Leucine repeat adapter protein 25",0.25,0.25
"Q9D0J8","Ptms","69202","Parathymosin",0,0
"Q9D0Y8","Mrpl52","68836","Large ribosomal subunit protein mL52",0,0
"Q3TNH5","Arb2a","68675","Cotranscriptional regulator ARB2A",0.25,0
"Q9WV03","Fam50a","108160","Protein FAM50A",0.25,0
"P60041","Sst","20604","Somatostatin",0,0
"Q9CQ00","Dmac1","66928","Distal membrane-arm assembly complex protein 1",0,0
"Q99N11","Dusp22","105352","Dual specificity protein phosphatase 22",0.25,0
"P28184","Mt3","17751","Metallothionein-3",0,0
"P02802","Mt1","17748","Metallothionein-1",0,0
"A2A6T1","Cdr2l","237988","Cerebellar degeneration-related protein 2-like",0.5,0.5
"Q8BUM6","Fam163b","109349","Protein FAM163B",0,0
"Q9Z2P8","Vamp5","53620","Vesicle-associated membrane protein 5",0,0
"Q8C3Q9","Casp9","12371","Caspase-9",0.25,0
"Q5NCC3","Trim41","211007","E3 ubiquitin-protein ligase TRIM41",0.5,0.5
"P59648","Fxyd7","57780","FXYD domain-containing ion transport regulator 7",0,0
"Q9ERD6","Ralgps2","78255","Ras-specific guanine nucleotide-releasing factor RalGPS2",0.5,0.5
"Q02013","Aqp1","11826","Aquaporin-1",0.25,0.25
"Q91W98","Slc15a4","100561","Solute carrier family 15 member 4",0.25,0.25
"P41731","Cd63","12512","CD63 antigen",0,0
"P0CG14","Derpc","116621581","Decreased expression in renal and prostate cancer protein",0,0
"Q8VD57","Sft2d2","108735","Vesicle transport protein SFT2B",0,0.25
"Q60925","Dbp","13170","D site-binding protein",0,0
"P63082","Atp6v0c","11984","V-type proton ATPase 16 kDa proteolipid subunit c",0,0
"Q91WE9","Tafa5","106014","Chemokine-like protein TAFA-5",0,0
"O55047","Tlk2","24086","Serine/threonine-protein kinase tousled-like 2",0,0
"Q9CR64","Tmem167a","66074","Protein kish-A",0,0
"Q8R079","Bfar","67118","Bifunctional apoptosis regulator",0,0
"Q924H2","Med15","94112","Mediator of RNA polymerase II transcription subunit 15",0.25,0
"P62965","Crabp1","12903","Cellular retinoic acid-binding protein 1",0,0.5
"Q18PE0","Dok7","231134","Protein Dok-7",0.25,0.5
"Q9D6Y4","Borcs8","72368","BLOC-1-related complex subunit 8",0,0
"Q9D1P2","Kat8","67773","Histone acetyltransferase KAT8",0.25,0.25
"Q9CYZ8","Ssbp2","66970","Single-stranded DNA-binding protein 2",0.25,0.25
"Q6RUT7","Uqcc4","214489","Ubiquinol-cytochrome c reductase complex assembly factor 4",0,0
"Q6ZWS4","Cnih3","72978","Protein cornichon homolog 3",0,0
"Q9CX53","Gemin6","67242","Gem-associated protein 6",0.25,0.5
"Q8VBW1","Slc6a8","102857","Sodium- and chloride-dependent creatine transporter 1",0.5,0.5
"Q3UDF0","Slc2a6","227659","Solute carrier family 2, facilitated glucose transporter member 6",0.5,0.25
"Q9Z0D9","Cx3cr1","13051","CX3C chemokine receptor 1",0.25,0
"Q99M96","St7","64213","Suppressor of tumorigenicity 7 protein",0,0.25
"Q8BVZ5","Il33","77125","Interleukin-33",0.25,0.5
"Q8BZ94","Zmat4","320158","Zinc finger matrin-type protein 4",0,0
"Q99PN0","Slc5a5","114479","Sodium/iodide cotransporter",0.5,0.5
"Q91WA4","Cxxc5","67393","CXXC-type zinc finger protein 5",0.5,0.5
"Q8BH10","Orai2","269717","Protein orai-2",0,0
"Q8BWY7","Slc39a11","69806","Zinc transporter ZIP11",0,0.25
"Q3UR78","Nicol1","381633","NELL2-interacting cell ontogeny regulator 1",0.5,0
"Q64387","Pnoc","18155","Prepronociceptin",0.25,0
"Q920V1","B3galnt1","26879","UDP-GalNAc:beta-1,3-N-acetylgalactosaminyltransferase 1",0,0
"Q6TCG2","Paqr9","75552","Membrane progesterone receptor epsilon",0,0
"Q9DB26","Phyhd1","227696","Phytanoyl-CoA dioxygenase domain-containing protein 1",0.25,0
"P61957","Sumo2","170930","Small ubiquitin-related modifier 2",0,0
"Q8C7V3","Utp15","105372","U3 small nucleolar RNA-associated protein 15 homolog",0.25,0.25
"Q61542","Stard3","59045","StAR-related lipid transfer protein 3",0,0
"O70348","Dxo","112403","Decapping and exoribonuclease protein",0.5,0.25
"Q0VG49","Q0VG49","69478","Uncharacterized protein C15orf61 homolog",0.5,0.5
"Q6PDS0","Vstm2l","277432","V-set and transmembrane domain-containing protein 2-like protein",0,0.25
"Q9Z239","Fxyd1","56188","Phospholemman",0,0
"Q8K2A8","Alg3","208624","Dol-P-Man:Man(5)GlcNAc(2)-PP-Dol alpha-1,3-mannosyltransferase",0.25,0
"Q9CQC8","Spg21","27965","Maspardin",0,0
"Q8BHN1","Txlng","353170","Gamma-taxilin",0.25,0.5
"P16301","Lcat","16816","Phosphatidylcholine-sterol acyltransferase",0.5,0.5
"Q8BR37","Nhlrc1","105193","E3 ubiquitin-protein ligase NHLRC1",0.25,0.25
"O54940","Bnip2","12175","BCL2/adenovirus E1B 19 kDa protein-interacting protein 2",0.25,0.25
"Q9D7K5","Dmac2","66349","Distal membrane-arm assembly complex protein 2",0,0
"P19258","Mpv17","17527","Mitochondrial inner membrane protein Mpv17",0,0
"Q9CQ28","Dph6","66632","Diphthine--ammonia ligase",0,0
"Q80XH1","Kxd1","75620","KxDL motif-containing protein 1",0.25,0.25
"P49222","Epb42","13828","Protein 4.2",0.5,0.25
"Q921I2","Klhdc4","234825","Kelch domain-containing protein 4",0.25,0.25
"Q9Z0M3","Cdh20","23836","Cadherin-20",0.25,0
"Q9QWV9","Ccnt1","12455","Cyclin-T1",0,0
"Q9CRD4","Dbndd2","52840","Dysbindin domain-containing protein 2",0,0
"O88824","Jtb","23922","Protein JTB",0,0.25
"P15331","Prph","19132","Peripherin",0.5,0.25
"Q8K353","Cystm1","66060","Cysteine-rich transmembrane module-containing protein 1",0,0
"Q99LJ6","Gpx7","67305","Protein peroxidase GPX7",0,0.25
"Q9DCL2","Ciao2a","68250","Cytosolic iron-sulfur assembly component 2A",0,0.25
"Q6PGD0","Atraid","381629","All-trans retinoic acid-induced differentiation factor",0,0
"Q9CPR8","Nsmce3","66647","Non-structural maintenance of chromosomes element 3 homolog",0,0.5
"P97762","rp9","55934","Retinitis pigmentosa 9 protein homolog",0.25,0.5
"Q8BRJ4","Ppp1r3e","105651","Protein phosphatase 1 regulatory subunit 3E",0.25,0.5
"Q5RKZ7","Mocs1","56738","Molybdenum cofactor biosynthesis protein 1",0.25,0.25
"Q9R0T7","Try4","22074","Trypsin-4",0,0
"Q61696","Hspa1a","193740","Heat shock 70 kDa protein 1A",0,0
"Q9D0V7","Ebag9","55960","Receptor-binding cancer antigen expressed on SiSo cells",0.25,0.25
"P58466","Ctdsp1","227292","Carboxy-terminal domain RNA polymerase II polypeptide A small phosphatase 1",0.5,0.5
"P04247","Mb","17189","Myoglobin",0.25,0
"Q62447","Ccnc","51813","Cyclin-C",0.5,0.25
"Q56A08","Gpkow","209416","G-patch domain and KOW motifs-containing protein",0.5,0
"Q8C1Q6","Uqcc5","66487","Ubiquinol-cytochrome c reductase complex assembly factor 5",0.5,0.25
"O88909","Slc22a8","19879","Organic anion transporter 3",0.25,0
"Q9CQE6","Asf1a","66403","Histone chaperone ASF1A",0,0
"Q9DAT2","Mrgbp","73247","MRG/MORF4L-binding protein",0.5,0.25
"Q99J19","Smim11","68936","Small integral membrane protein 11",0.5,0.25
"Q91VU8","Ptov1","84113","Prostate tumor-overexpressed gene 1 protein homolog",0,0.5
"P43300","Egr3","13655","Early growth response protein 3",0.25,0.5
"O35683","Ndufa1","54405","NADH dehydrogenase [ubiquinone] 1 alpha subcomplex subunit 1",0,0
"P32300","Oprd1","18386","Delta-type opioid receptor",0.25,0.5
"P11688","Itga5","16402","Integrin alpha-5",0,0.5
"Q8R0A6","Vstm2a","211739","V-set and transmembrane domain-containing protein 2A",0.25,0
"O89013","Leprot","230514","Leptin receptor gene-related protein",0,0
"Q3UPR9","Sbspon","226866","Somatomedin-B and thrombospondin type-1 domain-containing protein",0.25,0.5
"Q9JLJ1","Selenok","80795","Selenoprotein K",0,0.25
"Q8BH75","Rnf41","67588","E3 ubiquitin-protein ligase NRDP1",0.25,0.25
"Q9CPX9","Anapc11","66156","Anaphase-promoting complex subunit 11",0.5,0.25
"Q9D958","Spcs1","69019","Signal peptidase complex subunit 1",0,0
"Q5RJF7","Cacna2d4","319734","Voltage-dependent calcium channel subunit alpha-2/delta-4",0.5,0
"Q9D4V7","Rabl3","67657","Rab-like protein 3",0,0
"Q922K9","Frk","14302","Tyrosine-protein kinase FRK",0,0.25
"Q8CG50","Rab43","69834","Ras-related protein Rab-43",0.25,0
"Q02111","Prkcq","18761","Protein kinase C theta type",0.5,0.5
"Q9CQF8","Mrpl57","67840","Large ribosomal subunit protein mL63",0,0
"Q9EPB8","Vmn1r54","113851","Vomeronasal type-1 receptor 54",0,0
"Q8C436","Vcpkmt","207965","Protein N-lysine methyltransferase METTL21D",0.25,0.5
"Q9CZ82","Med18","67219","Mediator of RNA polymerase II transcription subunit 18",0.25,0.25
"Q91WK7","Ankrd54","223690","Ankyrin repeat domain-containing protein 54",0,0.5
"Q9EPA7","Nmnat1","66454","Nicotinamide/nicotinic acid mononucleotide adenylyltransferase 1",0,0.5
"Q8BHI7","Elovl5","68801","Very long chain fatty acid elongase 5",0,0
"O35111","Kcnk3","16527","Potassium channel subfamily K member 3",0.25,0.5
"O35625","Axin1","12005","Axin-1",0.5,0.5
