"ID","Metabolites","Metabolites_cn","ControlDetectionRate","AsphyxiaDetectionRate","QCDetectionRate","QCMean","QCRSD","ProcessedVariance","PassDetection","PassQCRSD","PassVariance","Retained"
"FT1175NR","Citric acid","柠檬酸",1,1,1,359235528.95,9.39813717522026,0.054310861898812,TRUE,TRUE,TRUE,TRUE
"FT0714NR","Xanthine","黄嘌呤",1,1,1,49770286.7,6.04893236414742,0.0518633781922175,TRUE,TRUE,TRUE,TRUE
"FT1761PR","Phosphorylcholine","磷酸胆碱",1,1,1,183146122.296667,1.57575708804746,0.37571743887575,TRUE,TRUE,TRUE,TRUE
"FT1241PR","L-Glutamic acid","L-谷氨酸",1,1,1,911679732.073333,1.90919160552612,0.371190823849094,TRUE,TRUE,TRUE,TRUE
"FT0033PR","Pyrrolidine","四氢吡咯",1,1,1,37163530.5266667,1.55400146426528,0.0740275552547391,TRUE,TRUE,TRUE,TRUE
"FT1453PR","L-Carnitine","L-肉碱",1,1,1,233665398.756667,6.3775471474427,0.0342386553250226,TRUE,TRUE,TRUE,TRUE
"FT1435PR","Aminovaleric acid betaine","氨基戊酸甜菜碱",1,1,1,77794654.9833333,13.9459757019611,0.135064077520238,TRUE,TRUE,TRUE,TRUE
"FT0497NR","L-Aspartic acid","L-天门冬氨酸",1,1,1,495945455.9,1.8184267794288,0.0522122853009767,TRUE,TRUE,TRUE,TRUE
"FT1276PR","L-Methionine","蛋氨酸",1,1,1,91391511.8433333,28.4509920859589,0.0813670335810325,TRUE,TRUE,TRUE,TRUE
"FT2253NR","Inosine","肌苷",1,1,1,350883115.576667,3.52542596834748,0.0269524203472538,TRUE,TRUE,TRUE,TRUE
"FT1738PR","L-Tyrosine","L-酪氨酸",1,1,1,67641015.01,8.2523590387527,0.194622186557244,TRUE,TRUE,TRUE,TRUE
"FT1034NR","myo-Inositol","肌醇",1,1,1,15824249.9233333,9.88378293184728,0.067684361057109,TRUE,TRUE,TRUE,TRUE
"FT1228PR","L-Glutamine","L-谷氨酰胺",1,1,1,556527513.203333,14.4098881412802,0.443699892030118,TRUE,TRUE,TRUE,TRUE
"FT0521NR","Malic acid","苹果酸",1,1,1,624124013.233333,4.0231478686046,0.143042872257821,TRUE,TRUE,TRUE,TRUE
"FT3022NR","N-Acetylneuraminic acid","N-乙酰神经氨酸",1,1,1,42869796.0933333,3.44427710564613,0.0587533282463458,TRUE,TRUE,TRUE,TRUE
"FT0818PR","Niacinamide","烟酰胺",1,1,1,864395195.306667,8.90982480373662,0.010137243520952,TRUE,TRUE,TRUE,TRUE
"FT2470PR","Carnosine","L-肌肽",1,1,1,22665575.58,20.4060115567637,1.13355087427919,TRUE,TRUE,TRUE,TRUE
"FT0471NR","N-Acetyl-beta-alanine","N-乙酰-β-丙氨酸",1,1,1,81519382.5366667,12.2374281829577,0.0245918781638056,TRUE,TRUE,TRUE,TRUE
"FT1857NR","Uridine","尿苷",1,1,1,19414751.73,3.8449304618883,0.0550677054016124,TRUE,TRUE,TRUE,TRUE
"FT2254NR","Ara-HX","阿糖肌苷",1,1,1,77365798.1166667,0.812258908005818,0.035097843298631,TRUE,TRUE,TRUE,TRUE
"FT1074PR","Hypoxanthine","次黄嘌呤",1,1,1,1251558511.5,20.6808377391702,0.0894481403763243,TRUE,TRUE,TRUE,TRUE
"FT2476NR","FA(18:2)","9Z,11E-十八碳二烯酸",1,1,1,10972000.6366667,7.06714639849286,0.0529352649752441,TRUE,TRUE,TRUE,TRUE
"FT0576PR","Choline","胆碱",1,1,1,4107690618.06667,8.4740275523782,0.0195936810199252,TRUE,TRUE,TRUE,TRUE
"FT6192PR","PC(O-16:0/1:0)","磷脂酰胆碱(O-16:0/1:0)",1,1,1,5319738.65333333,4.63371351561752,0.183232054662721,TRUE,TRUE,TRUE,TRUE
"FT2704PR","Lumichrome","光色素",1,1,1,2452724.47666667,8.95538000912261,0.0236148114587037,TRUE,TRUE,TRUE,TRUE
"FT1174NR","Oxoglutaric acid","α-酮戊二酸",1,1,1,533295115.383333,1.41781393241554,0.0431683867226073,TRUE,TRUE,TRUE,TRUE
"FT3694PR","5'-Methylthioadenosine","5-甲硫腺苷",1,1,1,15327358.8,12.971050878984,0.0373684052040776,TRUE,TRUE,TRUE,TRUE
"FT2714NR","Tanacetol A","丹酚醛 A",1,1,1,12902655.93,6.0762249066195,0.19788596331735,TRUE,TRUE,TRUE,TRUE
"FT6295PR","LysoPC(0:0/18:0)","2-硬脂酰-SN-甘油-3-磷酸胆碱",0.833333333333333,1,1,218988416.7,9.21721800010084,26.9543437978942,TRUE,TRUE,TRUE,TRUE
"FT0981PR","Creatine","肌酸",1,1,1,9135631933.71,3.35737768447034,0.014296959938499,TRUE,TRUE,TRUE,TRUE
"FT3862NR","FA(20:3;O3)","地诺前列素",1,1,1,7919115.42,6.68526821541737,0.128251080276985,TRUE,TRUE,TRUE,TRUE
"FT3447PR","Guanosine","鸟苷",1,1,1,37886084.3066667,13.2541445330511,0.0298724649824448,TRUE,TRUE,TRUE,TRUE
"FT3116PR","Vidarabine","阿糖腺苷",1,1,1,906884671.873333,9.70900940447489,0.11814532894237,TRUE,TRUE,TRUE,TRUE
"FT4558PR","Isograyanotoxin II","异野芥毒素II",1,1,1,721397.88,3.28908822042117,0.246217429342506,TRUE,TRUE,TRUE,TRUE
"FT0685NR","3-Hydroxyglutaric acid","3-羟基戊二酸",1,1,1,19111297.5433333,5.09715726769071,0.018261533928199,TRUE,TRUE,TRUE,TRUE
"FT0557NR","D-Lactic acid","D-乳酸",1,1,1,192657242.006667,4.99488263868779,0.514458565816881,TRUE,TRUE,TRUE,TRUE
"FT1218PR","Spermidine","亚精胺",1,1,1,40750694.97,8.42986003017903,0.184017403676921,TRUE,TRUE,TRUE,TRUE
"FT1790NR","Homocarnosine","高肌肽",1,1,1,8956130.07333333,4.57718056232858,0.0485728747560558,TRUE,TRUE,TRUE,TRUE
"FT0772PR","L-Threonine","L-苏氨酸",1,1,1,24844860.96,8.58531939864253,0.448766687685025,TRUE,TRUE,TRUE,TRUE
"FT1230PR","L-Lysine","L-赖氨酸",1,1,1,46669194.8266667,6.78502744241405,0.0854178923429347,TRUE,TRUE,TRUE,TRUE
"FT2401NR","(2S,3'S)-alpha-Amino-2-carboxy-5-oxo-1-pyrrolidinebutanoic acid","(2S,3'S)-α-氨基-2-羧基-5-氧代-1-吡咯烷丁酸",1,1,1,38085977.7566667,2.300731097115,0.0146146671382691,TRUE,TRUE,TRUE,TRUE
"FT3484NR","(S)-a-Amino-2,5-dihydro-5-oxo-4-isoxazolepropanoic acid N2-glucoside","(S)-a-氨基-2,5-二氢-5-氧代-4-异恶唑丙酸N2-葡萄糖苷",1,1,1,13588159.5433333,0.575163661716692,0.074423311298923,TRUE,TRUE,TRUE,TRUE
"FT1649PR","L-Arginine","L-精氨酸",1,1,1,131070089.903333,2.76027038225443,0.0772915683048759,TRUE,TRUE,TRUE,TRUE
"FT0633PR","2,3-Diaminopyridine","2,3-二氨基吡啶",1,1,1,12646165.9533333,22.6107066623817,0.392572557413703,TRUE,TRUE,TRUE,TRUE
"FT0746PR","Betaine","甜菜碱",1,1,1,117865776.67,7.47368782499675,0.064414947677585,TRUE,TRUE,TRUE,TRUE
"FT1054PR","Adenine","腺嘌呤",1,1,1,79290424.98,8.79508895999693,0.063899346078522,TRUE,TRUE,TRUE,TRUE
"FT7038NR","Oxidized glutathione","L-谷胱甘肽 (氧化型)",1,1,1,28756517.6366667,8.71639654870318,0.0421942528645259,TRUE,TRUE,TRUE,TRUE
"FT2309PR","12-amino-dodecanoic acid","12-氨基十二酸",1,1,1,602488.086666667,3.92200371342158,0.430263148506544,TRUE,TRUE,TRUE,TRUE
"FT6455PR","LysoPC(0:0/20:4)","磷脂酰胆碱(0:0/20:4)",1,1,1,82828996.8633333,5.19137738773509,0.0474759152016789,TRUE,TRUE,TRUE,TRUE
"FT3229NR","Beta-Citryl-L-glutamic acid","β-柠檬酰-L-谷氨酸",1,1,1,5602585.94333333,2.55218137518814,0.181621147361108,TRUE,TRUE,TRUE,TRUE
"FT3220NR","20-Hydroxyeicosatetraenoic acid","20-羟基二十碳四烯酸",1,1,1,35812476.1233333,3.94237365912941,0.391580866142019,TRUE,TRUE,TRUE,TRUE
"FT5632PR","(9Z)-12-Hydroxyoctadec-9-enoylcarnitine","(9Z)-12-羟基十八-9-烯酰肉碱",1,1,1,1106503.06333333,9.91666928174136,0.156772012103899,TRUE,TRUE,TRUE,TRUE
"FT3827NR","Prostaglandin E2","前列腺素E2",1,1,1,7024721.54,4.44480547132395,0.0809227106449119,TRUE,TRUE,TRUE,TRUE
"FT3829PR","8,11,14,17-eicosatetraenoic acid","8,11,14,17-二十碳四烯酸",1,1,1,34465095.07,2.02630284411097,0.0108979749415046,TRUE,TRUE,TRUE,TRUE
"FT1791NR","Cucujolide IV","葫芦内酯 IV",1,1,1,4146738.59,11.6238642757494,0.12344243321034,TRUE,TRUE,TRUE,TRUE
"FT2132PR","L-Tryptophan","L-色氨酸",1,1,1,78354644.4966667,3.87964126188053,0.129107330196137,TRUE,TRUE,TRUE,TRUE
"FT0213NR","gamma-Aminobutyric acid","γ-氨基丁酸",1,1,1,69740480.7333333,3.07321338268334,0.0447565302638469,TRUE,TRUE,TRUE,TRUE
"FT3079PR","N-Phenylacetylglutamic acid","N-苯乙酰谷氨酸",0.833333333333333,0.833333333333333,1,439653.516666667,7.11693853366986,13.8469243865545,TRUE,TRUE,TRUE,TRUE
"FT3764NR","Inosinic acid","肌苷单磷酸",1,1,1,21426570.9833333,1.39950129357766,0.376338369051766,TRUE,TRUE,TRUE,TRUE
"FT0034PR","3-Buten-1-amine","3-丁烯-1-胺",1,1,1,7215161.36,11.161636303654,0.0823423460717927,TRUE,TRUE,TRUE,TRUE
"FT0088NR","L-Alanine","L-丙氨酸",1,1,1,91781945.3233333,3.11535657053504,0.0156686540068958,TRUE,TRUE,TRUE,TRUE
"FT1879NR","3-octenoylglycine","3-辛烯酰甘氨酸",1,0.833333333333333,1,297162.406666667,9.16831846399377,10.8210299057909,TRUE,TRUE,TRUE,TRUE
"FT0349NR","Succinic acid","琥珀酸",1,1,1,16006907.98,2.2443391238186,0.711223431033835,TRUE,TRUE,TRUE,TRUE
"FT3210PR","gamma-Camphorene",NA,1,1,1,626438.97,12.3469621801995,0.0430918376412633,TRUE,TRUE,TRUE,TRUE
"FT3635PR","gamma-Glutamylphenylalanine","γ-谷氨酰苯丙氨酸",1,1,1,1371904.76333333,13.106336235485,0.14603518444201,TRUE,TRUE,TRUE,TRUE
"FT5413NR","Flavin mononucleotide","核黄素-5-磷酸",1,1,1,1281109.35666667,6.65922918580261,0.0105019531768184,TRUE,TRUE,TRUE,TRUE
"FT0537NR","2-Aminopurine","2-氨基嘌呤",1,1,1,27682930.37,7.19739081286026,0.0778186769106465,TRUE,TRUE,TRUE,TRUE
"FT3337PR","9,12,15-Octadecatrienal","9,12,15-十八碳三醛",1,1,1,106848014.483333,2.67396550382751,0.196496585609444,TRUE,TRUE,TRUE,TRUE
"FT2108PR","Spermine","精胺",1,1,1,2956707.10666667,2.63477268201735,0.419387750003507,TRUE,TRUE,TRUE,TRUE
"FT5540NR","LysoPE(P-18:0/0:0)","磷脂酰乙醇胺(P-18:0/0:0)",1,1,1,14043459.6433333,4.00482373459694,0.0298106460364628,TRUE,TRUE,TRUE,TRUE
"FT2117PR","Car(2:0)","L-乙酰肉碱",1,1,1,74310839.47,10.1674276460376,0.135417148380859,TRUE,TRUE,TRUE,TRUE
"FT4064NR","Phosphoribosyl formamidocarboxamide","磷酸核糖甲酰胺甲酰胺",1,1,1,9616385.31333333,1.62924321291075,0.0426089984267934,TRUE,TRUE,TRUE,TRUE
"FT3822PR","N-Acetylaspartylglutamic acid","异冬谷酸",1,1,1,10225039.0733333,8.35284969144652,0.0911214574136993,TRUE,TRUE,TRUE,TRUE
"FT1305PR","Guanine","鸟嘌呤",1,1,1,12196683.0166667,2.93236060375131,0.0404623223583274,TRUE,TRUE,TRUE,TRUE
"FT3795PR","14(R)-Hydroxy-retro-vitamin A","14-羟基-4，14-逆向视黄醇",1,1,1,12994579.04,5.15271552949978,0.475618962548571,TRUE,TRUE,TRUE,TRUE
"FT0993PR","L-Alloisoleucine","L-别异亮氨酸",1,1,1,452351249.893333,14.0930877278669,0.193312408352888,TRUE,TRUE,TRUE,TRUE
"FT2343PR","Spermic acid 1","精胺酸1",1,1,1,1039161.64,6.44914903981922,0.0786556590265263,TRUE,TRUE,TRUE,TRUE
"FT5752PR","5-methylnonadecanoylcarnitine","5-甲基十九酰肉碱",1,1,1,1664441.01666667,11.2923473492965,0.229472973721975,TRUE,TRUE,TRUE,TRUE
"FT6515PR","LysoPC(20:1/0:0)","磷脂酰胆碱(20:1/0:0)",1,1,1,7859983.33666667,12.2618968087947,0.0438547643932591,TRUE,TRUE,TRUE,TRUE
"FT3752NR","Adenosine monophosphate","一磷酸腺苷",1,1,1,15164955.2566667,2.88499428653354,0.0679820641970502,TRUE,TRUE,TRUE,TRUE
"FT4921PR","Riboflavin","维生素B2",1,1,1,565741.176666667,10.522901830007,0.0768306417377391,TRUE,TRUE,TRUE,TRUE
"FT6468PR","PC(20:3(8Z,11Z,14Z)/0:0)","磷脂酰胆碱(20:3/0:0)",1,1,1,4040900.83666667,3.8264581751791,0.0186243732507175,TRUE,TRUE,TRUE,TRUE
"FT2058NR","Isopalmitic acid","14-甲基十五烷酸",1,1,1,38146718.57,7.02835882871643,0.0303853257800652,TRUE,TRUE,TRUE,TRUE
"FT5848PR","LysoPC(0:0/14:0)","磷脂酰胆碱(0:0/14:0)",1,1,1,2798404.38,9.23039001193679,0.0477267633383774,TRUE,TRUE,TRUE,TRUE
"FT3699PR","Palmitoleoyl Ethanolamide","棕榈油酰乙醇酰胺",1,1,1,5531527.09,5.96707260280106,0.0305380224431907,TRUE,TRUE,TRUE,TRUE
"FT6029NR","LPC(17:1/0:0)","磷脂酰胆碱(17:1/0:0)",1,1,1,3347056.51666667,11.3700324833015,0.0318288085329053,TRUE,TRUE,TRUE,TRUE
"FT5042PR","S-Adenosylhomocysteine","S-(5'-腺苷)-L-高半胱氨酸",1,1,1,3797349.44,18.2687003476022,0.0759289644996828,TRUE,TRUE,TRUE,TRUE
"FT3700PR","Spiroxamine","螺噁茂胺",1,1,1,5039536.43,6.83572588559541,0.18230466715146,TRUE,TRUE,TRUE,TRUE
"FT0819PR","Isonicotinamide","异烟酰胺",1,1,1,185491414.97,6.54432290267266,0.0114515315930371,TRUE,TRUE,TRUE,TRUE
"FT1087NR","3-Phosphoglyceric acid","3-磷酸甘油酸",1,1,1,2495041.16,2.02852923630361,0.324627230522815,TRUE,TRUE,TRUE,TRUE
"FT5053PR","3-Deoxy-25-hydroxyvitamin D3","3-脱氧-25-羟基维生素D3",1,1,1,29215529.4466667,11.590210595386,0.0124288920700777,TRUE,TRUE,TRUE,TRUE
"FT7780NR","FAD","核黄素-5'-腺苷二磷酸",1,1,1,2086152.74333333,8.89886615026692,0.015104587278083,TRUE,TRUE,TRUE,TRUE
"FT5019PR","N6-Succinyl Adenosine","N6-琥珀酰腺苷",1,1,1,2537468.67333333,5.17125963177372,0.172431217563929,TRUE,TRUE,TRUE,TRUE
"FT5179PR","S-Adenosylmethionine","S-腺苷蛋氨酸",1,1,1,2074474.28333333,18.5864696320746,0.197942325524503,TRUE,TRUE,TRUE,TRUE
"FT1211PR","OXYQUINOLINE","8-羟基喹啉",1,1,1,2354482.97333333,3.56372864547004,0.0866209738779461,TRUE,TRUE,TRUE,TRUE
"FT2896PR","Palmitoleamide","棕榈油酰胺",1,1,1,997982.933333333,10.3697870107562,0.144301285232129,TRUE,TRUE,TRUE,TRUE
"FT6590NR","Uridine diphosphategalactose",NA,1,1,1,15322594.2266667,8.13605890665448,0.201231693997446,TRUE,TRUE,TRUE,TRUE
"FT5735PR","lysoPE(0:0/16:0)","磷脂酰乙醇胺(0:0/16:0)",1,1,1,56244535.7,3.64575597822072,0.00579395127984467,TRUE,TRUE,TRUE,TRUE
"FT0293NR","Fumaric acid","富马酸",1,1,1,33366617.9666667,9.34501069263313,0.108588452108814,TRUE,TRUE,TRUE,TRUE
"FT6275PR","LysoPC(0:0/18:1)","磷脂酰胆碱(0:0/18:1)",1,1,1,313572043.72,8.44267028503996,0.0420564801354888,TRUE,TRUE,TRUE,TRUE
"FT1055NR","Hydroxyphenyllactic acid","羟基苯基乳酸",1,1,1,4586080.93333333,3.4508456723075,0.406224437543624,TRUE,TRUE,TRUE,TRUE
"FT0257PR","Piperidine","六氢吡啶",1,1,1,128360996.51,5.00036353836225,0.114749823197609,TRUE,TRUE,TRUE,TRUE
"FT3783PR","Enigmol","恩尼格莫尔",1,1,1,38111545.8533333,2.66081468670586,0.286283653469695,TRUE,TRUE,TRUE,TRUE
"FT2930PR","Bacillamidin F","枯草胺 F",1,1,1,207046545.93,4.3030806560865,0.279627372658809,TRUE,TRUE,TRUE,TRUE
"FT2802PR","Car(4:0;O)","3-羟基丁酰肉碱",0.833333333333333,1,1,2442089.11666667,1.79084560872717,10.8501061742623,TRUE,TRUE,TRUE,TRUE
"FT2547NR","Xanthosine","黄嘌呤核苷",1,1,1,1657429.63,7.52323024485522,0.115224488912224,TRUE,TRUE,TRUE,TRUE
"FT3407PR","9-Octadecenamide","油酰胺",1,1,1,609817776.483333,1.61074381703864,0.147543221697744,TRUE,TRUE,TRUE,TRUE
"FT1168NR","N-Acetyl-L-methionine","N-乙酰-L-蛋氨酸",1,1,1,8288648.97666667,6.06685987730967,0.160804933238246,TRUE,TRUE,TRUE,TRUE
"FT5742NR","LysoPC(15:0/0:0)","磷脂酰胆碱(15:0/0:0)",1,1,1,10811513.7866667,5.0369309561643,0.0142505262430204,TRUE,TRUE,TRUE,TRUE
"FT2331NR","FA(16:0;O)","角叉菜酸",1,1,1,2658253.46333333,4.74790467690825,0.0184189066552184,TRUE,TRUE,TRUE,TRUE
"FT4139NR","6-keto-PGF1alpha","6-酮前列腺素",1,1,1,1770266.93,9.36339161592113,0.163809365654515,TRUE,TRUE,TRUE,TRUE
"FT3366NR","(4E,7E,10Z,13E,16E,19E)-docosa-4,7,10,13,16,19-hexaenoic acid","二十二碳六烯酸",1,1,1,771734690.916667,7.67438525215372,0.0239598033083542,TRUE,TRUE,TRUE,TRUE
"FT1322NR","Indolelactic acid","吲哚乳酸",1,1,1,298992.233333333,7.26481845166691,0.281452726973067,TRUE,TRUE,TRUE,TRUE
"FT6631NR","LysoPS(22:6/0:0)","磷脂酰丝氨酸(22:6/0:0)",1,1,1,113224267.313333,10.8763896558487,0.268264937518767,TRUE,TRUE,TRUE,TRUE
"FT4449PR","Heptaethylene glycol","七聚乙二醇",1,1,1,10516166.7266667,6.01259016601208,3.44117137350506,TRUE,TRUE,TRUE,TRUE
"FT3465PR","Stearamide","硬脂酰胺",1,1,1,71069366.4933333,5.59693479373253,0.298559101691837,TRUE,TRUE,TRUE,TRUE
"FT2625PR","N-Lactoylphenylalanine","N-乳酰苯丙氨酸",1,1,1,383912.646666667,3.62457596930804,2.49705068060037,TRUE,TRUE,TRUE,TRUE
"FT0870NR","Xylan","木聚糖",1,1,1,14234924.88,8.11939902708863,0.229076294030388,TRUE,TRUE,TRUE,TRUE
"FT1452PR","(±)-2,2'-Iminobispropanoic acid","化合物 T29822",1,1,1,11861601.6166667,11.0736993971305,0.20499169755141,TRUE,TRUE,TRUE,TRUE
"FT1339NR","N-Acetyl-L-phenylalanine","N-乙酰-L-苯丙氨酸",1,1,1,604314.063333333,7.8725172359232,0.337330364331485,TRUE,TRUE,TRUE,TRUE
"FT6082PR","LysoPC(0:0/16:0)","磷脂酰胆碱(0:0/16:0)",1,1,1,827656000.06,8.34313383450556,0.0169888057902958,TRUE,TRUE,TRUE,TRUE
"FT6064PR","LysoPC(0:0/16:1)",NA,1,1,1,12469169.1566667,5.34910623564978,0.0210848407473944,TRUE,TRUE,TRUE,TRUE
"FT2979NR","cis-8,11,14-Eicosatrienoic Acid","顺式-8,11,14-二十碳三烯酸",1,1,1,7722002.49,3.20422862681695,0.030064970386019,TRUE,TRUE,TRUE,TRUE
"FT6215NR","LPS(O-18:1;O/0:0)","1-(2-甲氧基-6Z-十七烯基)-sn-甘油-3-磷酸丝氨酸",1,1,1,26351921.8966667,29.9200436708612,0.0938805017789529,TRUE,TRUE,TRUE,TRUE
"FT2720PR","Cytidine","胞苷",1,1,1,10132459.91,10.0353400366685,0.0652314854197391,TRUE,TRUE,TRUE,TRUE
"FT6633PR","LysoPC(22:6/0:0)","磷脂酰胆碱(22:6/0:0)",1,1,1,55619719.0566667,4.51273240356926,0.065975871850208,TRUE,TRUE,TRUE,TRUE
"FT6983NR","UDP-GlcNAc","二磷酸尿嘧啶核苷-N-乙酰半乳糖胺",1,1,1,16634247.76,2.39899683047547,0.0297719908378284,TRUE,TRUE,TRUE,TRUE
"FT1456NR","(4R,6S)-4-Hydroxy-1,7-dioxaspiro[5.5]undecane","(4R,6S)-4-羟基-1,7-二氧杂螺[5.5]十一烷",1,1,1,623229.7,10.7791402597698,0.230235840726115,TRUE,TRUE,TRUE,TRUE
"FT6256PR","LysoPC(0:0/18:2)","溶血磷脂酰胆碱(0:0/18:2)",1,1,1,9673799.23666667,14.0059699166917,0.100175382794581,TRUE,TRUE,TRUE,TRUE
"FT3228PR","C16 Sphinganine","C16 司芬甘宁",1,1,1,216370941.413333,10.4030620129888,0.278384981940367,TRUE,TRUE,TRUE,TRUE
"FT5986PR","Palmitoyl Ara-C","棕榈酰阿糖胞苷",1,1,1,1898847.19666667,9.40525964413813,0.393611002621066,TRUE,TRUE,TRUE,TRUE
"FT2131NR","Glucose 6-phosphate","葡萄糖-6-磷酸",1,1,1,43252772.8933333,8.65784862753158,0.191147831632786,TRUE,TRUE,TRUE,TRUE
"FT2475NR","12S-HHT","12S-羟基十七碳三烯酸",1,1,1,8714687.49666667,3.73937461276878,0.0648050853588311,TRUE,TRUE,TRUE,TRUE
"FT4303PR","isopentenyl adenosine","利波腺苷",1,1,1,146257.853333333,17.6335235959243,0.0423478939736926,TRUE,TRUE,TRUE,TRUE
"FT5037NR","Cysteineglutathione disulfide","L-半胱氨酸-谷胱甘肽二硫化物",1,1,1,22023398.53,2.9099618023187,0.0493499457726381,TRUE,TRUE,TRUE,TRUE
"FT1451PR","N-methyl-L-glutamic Acid","N-甲基谷氨酸",1,1,1,78071041.0733333,8.2996473058666,0.199366824094092,TRUE,TRUE,TRUE,TRUE
"FT3462NR","FA(22:4)","4Z,9E,15E,19Z-二十二碳四烯酸",1,1,1,62654819.8766667,7.11727693939216,0.0532789300952605,TRUE,TRUE,TRUE,TRUE
"FT2766PR","Isovalerylcarnitine","异戊酰肉碱",1,1,1,3206423.85,4.35351228602924,0.0960851286524978,TRUE,TRUE,TRUE,TRUE
"FT1507PR","L-Phenylalanine","L-苯丙氨酸",1,1,1,538135544.006667,2.6488169417535,0.162387909846056,TRUE,TRUE,TRUE,TRUE
"FT3426NR","Docosapentaenoic acid (22n-3)","二十二碳五烯酸(22n-3)",1,1,1,19825145.6066667,4.57243606044105,0.20991114361039,TRUE,TRUE,TRUE,TRUE
"FT5496PR","Stearoylcarnitine","十八酰肉碱",1,1,1,36902206.6633333,16.9921314665847,0.133774694626785,TRUE,TRUE,TRUE,TRUE
"FT1608NR","D-Ribose 5-phosphate","D-核糖-5-磷酸",1,1,1,55229024.6366667,2.0044299877412,0.0263587697067039,TRUE,TRUE,TRUE,TRUE
"FT1465NR","O-Succinyl-L-homoserine","琥珀酰高丝氨酸",1,1,1,1556372.36666667,19.2498291174287,0.6956181798625,TRUE,TRUE,TRUE,TRUE
"FT4852PR","Myristoylcarnitine","肉豆蔻酰肉碱",1,1,1,8261042.23,9.33284518747741,0.295568500206457,TRUE,TRUE,TRUE,TRUE
"FT1386NR","Indoxyl sulfate","吲哚硫酸酯",1,1,1,531832.316666667,6.95376113466591,0.45493777451333,TRUE,TRUE,TRUE,TRUE
"FT1852PR","N-Acetyl-L-glutamic acid","N-乙酰-L-谷氨酸",1,1,1,2213143.85333333,4.95519254951329,0.0544975477153684,TRUE,TRUE,TRUE,TRUE
"FT0745PR","Norvaline","正缬氨酸",1,1,1,19121165.8633333,12.0719002566414,0.0780357564039829,TRUE,TRUE,TRUE,TRUE
"FT4358PR","Erucamide","芥酸酰胺",1,1,1,391539845.683333,12.9973207920732,0.805636776829539,TRUE,TRUE,TRUE,TRUE
"FT3600NR","Fructose-1,6-diphosphate","1,6-二磷酸果糖",1,1,1,32432582.93,2.29937795109318,0.114483243288807,TRUE,TRUE,TRUE,TRUE
"FT5378PR","Armillarin","蜜环素",1,1,1,48230945.62,11.0787881796041,0.179845573324992,TRUE,TRUE,TRUE,TRUE
"FT4646PR","Pantetheine 4'-phosphate","磷酸泛酰巯基乙胺",1,1,1,328282.51,18.9652161183027,0.323042735982036,TRUE,TRUE,TRUE,TRUE
"FT1488NR","Boc-L-cysteine","叔丁氧羰基-L-半胱氨酸",1,1,1,651475.546666667,2.9527390338527,1.28905869864156,TRUE,TRUE,TRUE,TRUE
"FT6491PR","LysoPC(20:2/0:0)","磷脂酰胆碱(20:2/0:0)",1,1,1,3131242.58333333,9.61470762079069,0.0998684485646348,TRUE,TRUE,TRUE,TRUE
"FT5686PR","(8Z,11Z,14Z,17Z)-Icosa-8,11,14,17-tetraenoylcarnitine","(8Z,11Z,14Z,17Z)-Icosa-8,11,14,17-四烯酰肉碱",1,1,1,20167725.2733333,7.74669549320373,0.0520303338106311,TRUE,TRUE,TRUE,TRUE
"FT1278NR","3-ethylphenyl Sulfate","3-乙基苯基硫酸盐",1,1,1,565992.606666667,5.06714917586759,0.606034367828343,TRUE,TRUE,TRUE,TRUE
"FT3049NR","FA(20:1)","反11-二十碳烯酸",1,1,1,31189779.1266667,11.2956295166186,0.0649292265223365,TRUE,TRUE,TRUE,TRUE
"FT5472PR","Oleoylcarnitine","油酰肉碱",1,1,1,28637292.77,2.27778440294756,0.233223203635797,TRUE,TRUE,TRUE,TRUE
"FT1495NR","Monobutylphthalate","邻苯二甲酸单丁酯",1,1,1,1217940.58333333,11.0578451838339,0.459640350871747,TRUE,TRUE,TRUE,TRUE
"FT3001PR","2-Keto-3-Deoxy-D-Mannooctanoic Acid","2-酮-3-脱氧-D-甘露辛酸",1,1,1,37993554.52,27.7951423041546,0.124726658514841,TRUE,TRUE,TRUE,TRUE
"FT5388PR","13-Hydroxyhexadecanoylcarnitine","13-羟基十六碳酰肉碱",1,1,1,1151802.75666667,2.02199046432841,0.144574977406261,TRUE,TRUE,TRUE,TRUE
"FT1630NR","3-Hepteneoylglycine","3-庚烯酰甘氨酸",1,1,1,7261972.57,4.14837008799392,9.73277374844499,TRUE,TRUE,TRUE,TRUE
"FT5119PR","19-Hydroxyprostaglandin F","19-羟基前列腺素 F",1,1,1,354963.9,2.21592991149998,0.229523935228015,TRUE,TRUE,TRUE,TRUE
"FT3872PR","Glutathione","谷光甘肽",1,1,1,11368611.3766667,26.5387217970203,2.63642921611065,TRUE,TRUE,TRUE,TRUE
"FT0962NR","N-Acetyl-L-aspartic acid","N-乙酰基天冬氨酸",1,1,1,3909546400.28,2.15370329190915,0.0230844725664267,TRUE,TRUE,TRUE,TRUE
"FT3391PR","1-Methyladenosine","1-甲基腺苷",1,1,1,3158831.20333333,19.2058867108858,0.0700283553336429,TRUE,TRUE,TRUE,TRUE
"FT4274NR","Sphingosine 1-phosphate","D-苏式-鞘胺醇-1-磷酸",1,1,1,1246356.74333333,2.60709618240404,0.684950112958564,TRUE,TRUE,TRUE,TRUE
"FT2801NR","FA(18:1;O)","蓖麻油酸",1,1,1,5394038.93333333,6.55220991035709,0.0601111847876473,TRUE,TRUE,TRUE,TRUE
"FT3989PR","Cyclopropyl-methoxycarbonyl metomidate","甲氧羰基环丙基甲氨酸酯",1,1,1,187224.22,11.3856913068534,0.0895276161232306,TRUE,TRUE,TRUE,TRUE
"FT2502PR","Leucylproline","亮氨酸-脯氨酸",1,1,1,1820138.08666667,4.78857061461307,0.137274209595526,TRUE,TRUE,TRUE,TRUE
"FT2403NR","N-lactoyl-Tryptophan","N-乳酰色氨酸",1,1,1,156513.6,3.86264472826937,1.22422897773331,TRUE,TRUE,TRUE,TRUE
"FT2565PR","Valylaspartic acid","缬氨酸酰天冬氨酸",1,1,1,2908607.12666667,11.3659442382415,0.147456105099607,TRUE,TRUE,TRUE,TRUE
"FT6256NR","LysoPE(22:4/0:0)","磷脂酰乙醇胺(22:4/0:0)",1,1,1,19196363.5166667,2.50382046114477,0.0349086583482563,TRUE,TRUE,TRUE,TRUE
"FT3744PR","Sphingosine","D-鞘氨醇",1,1,1,13431956.49,2.31541215061678,0.0299664454017055,TRUE,TRUE,TRUE,TRUE
"FT2514NR","FA(18:1)","十八碳烯酸(反-6)",1,1,1,130239646.04,10.18952782259,0.0340095281009667,TRUE,TRUE,TRUE,TRUE
"FT2868NR","Epoxyeicosatrienoic acid","环氧二十碳三烯酸",1,1,1,7445680.26666667,5.53254275876824,0.150827553927666,TRUE,TRUE,TRUE,TRUE
"FT6136PR","LysoPE(20:4/0:0)","磷脂酰乙醇胺(20:4/0:0)",1,1,1,106737485.836667,6.58521450653934,0.0315140160591166,TRUE,TRUE,TRUE,TRUE
"FT2561NR","Stearic acid","硬脂酸",1,1,1,4068645.19666667,19.6153909509711,0.113841391028464,TRUE,TRUE,TRUE,TRUE
"FT4454PR","N-Palmitoyl Serine","N-棕榈酰丝氨酸",1,1,1,677558.056666667,12.767441582433,0.0557917763631626,TRUE,TRUE,TRUE,TRUE
"FT1499NR","Polygonal",NA,1,1,1,530397.353333333,3.21305621383961,0.232260060175669,TRUE,TRUE,TRUE,TRUE
"FT0016NR","Pyruvaldehyde","丙酮醛",1,1,1,15859954.77,1.2825471116733,0.0267351030806865,TRUE,TRUE,TRUE,TRUE
"FT3221NR","FA(20:4;O)","3R-羟基二十碳四烯酸",1,1,1,2277932.24666667,9.05492155254144,0.086902372722885,TRUE,TRUE,TRUE,TRUE
"FT2437NR","Pantetheine","泛硫乙胺",1,1,1,786145.026666667,5.48492084505889,0.842340661531671,TRUE,TRUE,TRUE,TRUE
"FT2869NR","Eicosapentaenoic acid","二十碳五烯酸",1,1,1,716249.893333333,12.2596216675231,0.106635437709632,TRUE,TRUE,TRUE,TRUE
"FT2793NR","4-Ethylphenol glucuronide","4-乙基苯酚葡糖苷酸",1,1,1,194572.276666667,2.57478888549375,0.108811374697828,TRUE,TRUE,TRUE,TRUE
"FT4023NR","Guanosine monophosphate","鸟苷酸",1,1,1,15808731.4633333,3.34394288647363,0.0936132528233064,TRUE,TRUE,TRUE,TRUE
"FT1146PR","O-Phosphoethanolamine","O-磷酸乙醇胺",1,1,1,19741699.5466667,6.68949577215344,0.0356295987603286,TRUE,TRUE,TRUE,TRUE
"FT6667PR","LysoPC(22:4/0:0)","磷脂酰胆碱(22:4/0:0)",1,1,1,5493098.10333333,7.23109043026394,0.0538815335682546,TRUE,TRUE,TRUE,TRUE
"FT5985PR","LysoPE(0:0/18:0)","磷脂酰乙醇胺(0:0/18:0)",1,1,1,81503893.7866667,10.2302564007836,0.0212997151925741,TRUE,TRUE,TRUE,TRUE
"FT2835NR","FA(18:0;O)","羟基-十八烷酸",1,1,1,5583790.72,6.47638099761706,0.0930553230057981,TRUE,TRUE,TRUE,TRUE
"FT4850PR","Anandamide (22:6, n-3)","二十二碳六烯酸乙醇胺",1,1,1,2112368.96333333,6.74243892534377,0.01538488901743,TRUE,TRUE,TRUE,TRUE
"FT1502PR","Methionine sulfoxide","蛋氨酸亚砜",1,1,1,9240170.02666667,29.2296772166639,0.132120535063999,TRUE,TRUE,TRUE,TRUE
"FT6965NR","Guanosine diphosphate mannose","鸟苷二磷酸甘露糖",1,1,1,2871207.06333333,8.07756101050609,0.0315572320475514,TRUE,TRUE,TRUE,TRUE
"FT0472NR","4-Hydroxyproline","4-羟基脯氨酸",1,1,1,171421267.763333,1.58862635356474,0.0150139829279878,TRUE,TRUE,TRUE,TRUE
"FT4605PR","Arachidoyl Ethanolamide","二十酰乙醇胺",1,1,1,1323895.94666667,4.23308121444689,1.40853172271468,TRUE,TRUE,TRUE,TRUE
"FT5712PR","LysoPE(0:0/16:1)","磷脂酰乙醇胺(0:0/16:1)",1,1,1,1885154.58,8.69132542015945,0.0209690968608247,TRUE,TRUE,TRUE,TRUE
"FT3119NR","3-(1-Azatricyclo[7.3.1.05,13]trideca-5,7,9(13)-trien-7-yl)-2-cyanoprop-2-enoic acid","9-(2-羧基-2-氰基乙烯基)久洛啶",1,1,1,1262663.72333333,10.4458446081409,0.112042709000058,TRUE,TRUE,TRUE,TRUE
"FT5450PR","Linoleyl carnitine","亚油酰肉碱",1,1,1,1499621.08666667,6.34057787748526,0.176345066130185,TRUE,TRUE,TRUE,TRUE
"FT6334PR","LysoPE(22:5/0:0)","磷脂酰乙醇胺(22:5/0:0)",1,1,1,3230871.46666667,15.9880868917688,0.160049519007037,TRUE,TRUE,TRUE,TRUE
"FT6395NR","LysoPS(20:4/0:0)","磷脂酰丝氨酸(20:4/0:0)",1,1,1,3020338.41333333,6.35964901128178,0.0634609526927586,TRUE,TRUE,TRUE,TRUE
"FT3925PR","Desogestrel","去氧孕烯",1,1,1,1153569.67,4.4862535828091,0.0372725716792603,TRUE,TRUE,TRUE,TRUE
"FT7525PR","PC(18:0/18:1)","磷脂酰胆碱(18:0/18:1)",1,1,1,49855654.39,27.7868982882503,0.0808993430744719,TRUE,TRUE,TRUE,TRUE
"FT1467NR","3-[[(2S)-2,4-Dihydroxy-3,3-dimethylbutanoyl]amino]propanoic acid","泛酸",1,1,1,37809686.8433333,1.44787230737584,0.134988592070513,TRUE,TRUE,TRUE,TRUE
"FT3861NR","13,14-Dihydro-lipoxin A4","13,14-二氢硫辛 A4",1,1,1,696913.94,15.3157870255485,0.575561185062043,TRUE,TRUE,TRUE,TRUE
"FT4879PR","N-Benzyloctadecanamide","N-苄基硬脂酰胺",1,1,1,1679952.16,19.5201211467654,0.0543967524721667,TRUE,TRUE,TRUE,TRUE
"FT0100NR","Glyceraldehyde","甘油醛",1,1,1,483749520.88,14.6989508611056,0.0542598582474525,TRUE,TRUE,TRUE,TRUE
"FT3249NR","FA(20:3;O)","12R-羟基二十碳三烯酸",1,1,1,485109.123333333,4.36204893289151,0.0853227953863843,TRUE,TRUE,TRUE,TRUE
"FT2336PR","Propionylcarnitine","丙酰肉碱",1,1,1,2001195.19333333,3.1399938692496,0.0984239968155012,TRUE,TRUE,TRUE,TRUE
"FT0412NR","3-Hydroxybenzyl alcohol","3-羟基苯甲醇",1,1,1,1733953.59666667,6.17123306606107,2.09364191152703,TRUE,TRUE,TRUE,TRUE
"FT1509PR","2-Amino-3-(4-hydroxyphenyl)propanal","2-氨基-3-(4-羟基苯基)丙醛",1,1,1,5741958.04333333,5.26658203397789,0.22004855442526,TRUE,TRUE,TRUE,TRUE
"FT3282PR","Glutamylglutamic acid","谷氨酰谷氨酸",1,1,1,10613635.38,9.89612079367534,0.0192468008792408,TRUE,TRUE,TRUE,TRUE
"FT4683PR","ebelactone a",NA,1,1,1,2325560.08666667,9.84085549036687,6.12692114786354,TRUE,TRUE,TRUE,TRUE
"FT5737PR","Acar(20:1)","二十碳烯酸酰肉碱",1,1,1,4069335.59666667,11.1565914188543,0.247714062208593,TRUE,TRUE,TRUE,TRUE
"FT5987PR","LysoPC(O-16:0/0:0)","1-O-十六烷基-sn-甘油-3-磷酸胆碱",1,1,1,1186889.19333333,9.83240042285458,0.0355698700084615,TRUE,TRUE,TRUE,TRUE
"FT7424PR","PE(O-18:0/19:1)","磷脂酰乙醇胺(O-18:0/19:1)",1,1,1,5590694.8,19.0982788014455,0.139397745862616,TRUE,TRUE,TRUE,TRUE
"FT0694PR","Uracil","尿嘧啶",1,1,1,28637758.1666667,9.69061054648742,0.0179279012214784,TRUE,TRUE,TRUE,TRUE
"FT5961PR","PE(18:1(11Z)/0:0)","磷脂酰乙醇胺(18:1/0:0)",1,1,1,64778538.69,5.06522445041518,0.025415118477646,TRUE,TRUE,TRUE,TRUE
"FT0871PR","Taurine","牛磺酸",1,1,1,126416721.326667,10.4843300190638,0.0454231094470428,TRUE,TRUE,TRUE,TRUE
"FT1449PR","S-Allylcysteine","S-烯丙基-L-半胱氨酸",1,1,1,10950150.92,2.45983799568543,0.0784049127896049,TRUE,TRUE,TRUE,TRUE
"FT4278PR","gamma-Glutamyltryptophan","γ-谷氨酰色氨酸",1,1,1,500598.61,14.1420017773999,0.0624330351061872,TRUE,TRUE,TRUE,TRUE
"FT3007NR","FA(20:2)","11,14-二十碳二烯酸C20:2",1,1,1,6508104.96666667,10.4079089463421,0.0432317628462918,TRUE,TRUE,TRUE,TRUE
"FT5506NR","Adenylosuccinic acid","腺苷酸基琥珀酸",1,1,1,1616103.23666667,3.97590780512976,0.167454084382304,TRUE,TRUE,TRUE,TRUE
"FT4993PR","Sphinganine 1-phosphate","D-赤式 - 二氢-D-鞘氨醇-1 - 磷酸",1,1,1,321516.93,13.7573084354791,1.11365058619074,TRUE,TRUE,TRUE,TRUE
"FT7356PR","PC(15:0/17:0)","磷脂酰胆碱(15:0/17:0)",1,1,1,35722064.1866667,20.9471000642952,0.127826605602937,TRUE,TRUE,TRUE,TRUE
"FT1026NR","Hippuric acid","马尿酸",1,1,1,306178.926666667,6.39923591081443,0.475783459525216,TRUE,TRUE,TRUE,TRUE
"FT2014NR","N-lactoyl-Tyrosine","N-乳酰酪氨酸",1,1,1,502576.413333333,3.90737558342321,2.10193454723351,TRUE,TRUE,TRUE,TRUE
"FT3006PR","gamma-Glutamylleucine","γ-谷氨酰亮氨酸",1,1,1,2873839.10333333,1.99597272191354,0.0310351861945201,TRUE,TRUE,TRUE,TRUE
"FT2805NR","FA(19:0)","结核硬脂酸",1,1,1,1963248.69333333,8.78427237079469,0.0597811353121659,TRUE,TRUE,TRUE,TRUE
"FT3905PR","3,7,11,15-Tetramethyl-6,10,14-hexadecatrien-1-ol","3,7,11,15-四甲基-6,10,14-十六碳三烯-1-醇",1,1,1,29124923.4,11.270924732945,0.794663760979697,TRUE,TRUE,TRUE,TRUE
"FT4468NR","N-Arachidonoyl GABA","N-花生四烯酰基GABA",1,1,1,622895.85,6.78472441271174,0.0621134573155988,TRUE,TRUE,TRUE,TRUE
"FT0252NR","2,5-dioxopentanoic acid","2,5-二氧代戊酸",1,1,1,46579771.3933333,2.97202146370528,0.0280481118509041,TRUE,TRUE,TRUE,TRUE
"FT7346PR","PE-NMe2(18:1/15:0)","二甲基磷脂酰乙醇胺(18:1/15:0)",1,1,1,29852775.13,23.0916855743551,1.49200652116925,TRUE,TRUE,TRUE,TRUE
"FT5311PR","Corchoionol C 9-glucoside","科乔木酚 C 9-葡萄糖苷",1,1,1,579851.32,18.8705541777446,3.29636309802237,TRUE,TRUE,TRUE,TRUE
"FT2731PR","C14 sphingosine","(2S,3R,E)-2-氨基-4-十四碳烯-1,3-二醇",1,1,1,221843.61,14.7306939183277,0.114420327618964,TRUE,TRUE,TRUE,TRUE
"FT3579NR","FA(22:1)","13-二十二烯酸",1,1,1,22640575.26,17.4072739316294,0.138185417834957,TRUE,TRUE,TRUE,TRUE
"FT4483PR","Corticosterone","皮质酮",1,1,1,336707.523333333,3.04044026009822,4.26220610887648,TRUE,TRUE,TRUE,TRUE
"FT2033NR","Palmitelaidic acid","9-十六烯酸",1,1,1,2655141.53666667,11.6675297964551,0.071194714549,TRUE,TRUE,TRUE,TRUE
"FT4841NR","Mycolipanolic acid (C26)","霉酚酸",1,1,1,293612.93,26.0633459700919,0.602804081752792,TRUE,TRUE,TRUE,TRUE
"FT4339NR","(S)-malyl N-acetyl-alpha-D-glucosaminide","(S)-丙氨酰 N-乙酰基-α-D-氨基葡萄糖苷",1,1,1,1673203.31,1.84602817682411,0.305854742545507,TRUE,TRUE,TRUE,TRUE
"FT6313PR","LysoPE(0:0/22:6)","磷脂酰乙醇胺(0:0/22:6)",1,1,1,284546699.33,3.37205867861424,0.0795791159689009,TRUE,TRUE,TRUE,TRUE
"FT3862PR","FA(20:3)","9Z,11Z,14Z-二十碳三烯酸",1,1,1,631579.853333333,14.2251636565375,0.0176748135476274,TRUE,TRUE,TRUE,TRUE
"FT3863NR","Grayanotoxin",NA,1,1,1,456335.08,5.39538142479317,0.079383274347827,TRUE,TRUE,TRUE,TRUE
"FT2549PR","Butyrylcarnitine","丁酰肉碱",1,1,1,602767.506666667,22.9549957037608,0.309452492342149,TRUE,TRUE,TRUE,TRUE
"FT3914NR","1,7-Dimethylguanosine",NA,1,1,1,28191810.5433333,3.04065044988045,0.155661385151072,TRUE,TRUE,TRUE,TRUE
"FT5718PR","(11Z,14Z)-eicosadienoylcarnitine","二十碳二烯酰肉碱",1,1,1,828883.03,12.4311615917226,0.204251610258356,TRUE,TRUE,TRUE,TRUE
"FT5490PR","ADP","二磷酸腺苷",1,1,1,1312863.70666667,6.50648023447443,0.0816254846083556,TRUE,TRUE,TRUE,TRUE
"FT2332NR","2S-hydroxypalmitic acid","2S-羟基十六烷酸",1,1,1,2109491.49333333,3.39981848434442,0.0474599773889928,TRUE,TRUE,TRUE,TRUE
"FT3264NR","Uridine 3'-monophosphate","尿苷-3′-单磷酸",1,1,1,2004026.71333333,10.8749750358626,0.0829217372875134,TRUE,TRUE,TRUE,TRUE
"FT2305NR","15-Methylpalmitate","15-甲基十六烷酸",1,1,1,717353.35,12.2752659072343,0.168521400696393,TRUE,TRUE,TRUE,TRUE
"FT6182PR","LysoPC(P-18:0/0:0)","磷脂酰胆碱(P-18:0/0:0)",1,1,1,740495.8,7.91573911796922,0.0411183015175192,TRUE,TRUE,TRUE,TRUE
"FT4499PR","Bishomostearidonoyl-EA","顺式-8,11,14,17-二十碳四烯酸乙醇酰胺",1,1,1,2704267.99,9.5543781069592,0.02588514512666,TRUE,TRUE,TRUE,TRUE
"FT2821PR","2',3'-Didehydro-2',3'-dideoxyguanosine","2',3'-二脱氢-2',3'-二脱氧鸟苷",1,1,1,3138051.26333333,7.96160817469181,0.0925411872202855,TRUE,TRUE,TRUE,TRUE
"FT6570NR","3-O-alpha-L-rhamnopyranosyl-3-hydroxyundecanoyl-3-hydroxydecanoic acid","3-O-α-L-鼠李糖基-3-羟基十一酰基-3-羟基癸酸",1,1,1,332866.593333333,14.1583089102077,0.116056159343589,TRUE,TRUE,TRUE,TRUE
"FT5995NR","LysoPE(20:3/0:0)","磷脂酰乙醇胺(20:3/0:0)",1,1,1,3695027.78666667,2.93785847082585,0.0244522243900037,TRUE,TRUE,TRUE,TRUE
"FT6047NR","LysoPC(17:0/0:0)","1-十七碳酰-甘油-3-磷酰胆碱",1,1,1,1494543.46666667,8.28220322514049,0.0446689111146265,TRUE,TRUE,TRUE,TRUE
"FT3950NR","FA(24:5)","12-[5]-十一烷-十二烷酸",1,1,1,2973530.46333333,2.15545235304711,0.0752241092309093,TRUE,TRUE,TRUE,TRUE
"FT6013NR","LysoPE(0:0/20:2)","磷脂酰乙醇胺(0:0/20:2)",1,1,1,635668.193333333,4.32361910713471,0.0461050628951965,TRUE,TRUE,TRUE,TRUE
"FT1277PR","Racemethionine","DL-蛋氨酸-D3",1,1,1,50090260.0766667,17.3139688489491,0.12071594609657,TRUE,TRUE,TRUE,TRUE
"FT5939NR","LysoPE(0:0/20:5)","磷脂酰乙醇胺(0:0/20:5)",1,1,1,419275.68,6.43088570529631,0.117055300465634,TRUE,TRUE,TRUE,TRUE
"FT2633NR","Thymidine","胸苷",1,1,1,792771.096666667,6.0059103442243,0.0521634482334034,TRUE,TRUE,TRUE,TRUE
"FT5199PR","Palmitoylcarnitine","棕榈酰肉碱",1,1,1,58320211.92,6.21966854300579,0.155262926052755,TRUE,TRUE,TRUE,TRUE
"FT2067NR","N-Acetylgalactosamine","N-乙酰半乳糖胺",1,1,1,19851622.7466667,13.5886340511045,0.422926186058606,TRUE,TRUE,TRUE,TRUE
"FT6180PR","(13Z)-3-Hydroxyicos-13-enoylcarnitine","(13Z)-3-羟基肌醇-13-烯酰肉碱",1,1,1,1019938.47333333,11.3518461867635,0.109378279088596,TRUE,TRUE,TRUE,TRUE
"FT7679PR","PC(18:2/18:2)","磷脂酰胆碱(18:2/18:2)",1,0.833333333333333,1,2993393.09666667,10.8123718202894,10.9904093030497,TRUE,TRUE,TRUE,TRUE
"FT6181PR","LysoPE(20:1/0:0)","磷脂酰乙醇胺(20:1/0:0)",1,1,1,1356796.86333333,16.134907075653,0.200605622274116,TRUE,TRUE,TRUE,TRUE
"FT4027PR","Sterebin D","斯特雷宾D",1,1,1,1521046.4,6.70778922689784,0.0891689553187807,TRUE,TRUE,TRUE,TRUE
"FT1444PR","Proline betaine","脯氨酸甜菜碱",1,1,1,7075248.87666667,6.1120005756459,0.0282323457697732,TRUE,TRUE,TRUE,TRUE
"FT3773NR","Carbocyclic Thromboxane A2",NA,1,1,1,291820.06,4.90179604294515,0.222592703718702,TRUE,TRUE,TRUE,TRUE
"FT0897NR","Phosphodimethylethanolamine","磷酸二甲氨乙酯",1,1,1,19724113.6433333,3.46766430784298,0.0278482337056196,TRUE,TRUE,TRUE,TRUE
"FT0351NR","2-hydroxy-2-methyl-butyric acid","2-羟基-2-甲基丁酸",1,1,1,6585202.96333333,6.49488884387263,0.0606535010832138,TRUE,TRUE,TRUE,TRUE
"FT7357PR","PE(21:0/14:0)","磷脂酰乙醇胺(21:0/14:0)",1,1,1,37469306.1266667,27.6224279443471,0.0991622741310862,TRUE,TRUE,TRUE,TRUE
"FT5681NR","LysoPE(0:0/18:2)","磷脂酰乙醇胺(0:0/18:2)",1,1,1,3593793.03333333,4.14910187009411,0.0457971433592429,TRUE,TRUE,TRUE,TRUE
"FT3864NR","13,14-Dihydro-15-keto PGF2a","13,14-二羟基-15-酮基-前列腺素F2α",1,1,1,407092.996666667,5.52080973612599,0.134543324351091,TRUE,TRUE,TRUE,TRUE
"FT1737PR","Meta-Tyrosine","L-M-酪氨酸",1,1,1,27334312.7666667,5.94770420691428,0.273184147310566,TRUE,TRUE,TRUE,TRUE
"FT5371PR","Heptadecanoyl carnitine","十七酰肉碱",1,1,1,834650.75,10.3348297301339,0.0906387745117119,TRUE,TRUE,TRUE,TRUE
"FT5945NR","Taurodeoxycholic acid","牛磺脱氧胆酸",0.5,0.666666666666667,1,233987.17,7.86948457621487,18.0554371323261,TRUE,TRUE,TRUE,TRUE
"FT0453NR","Pyroglutamic acid","焦谷氨酸",1,1,1,163803382.826667,2.01601393057497,0.0483295086069169,TRUE,TRUE,TRUE,TRUE
"FT4143PR","plaunotol","谱劳诺托",1,1,1,2756711.01,11.1856787980151,0.0415572944127958,TRUE,TRUE,TRUE,TRUE
"FT2803NR","19-HOME(9Z)","19-主场(9Z)",1,1,1,5168530.84,16.8260335163151,0.107002831387273,TRUE,TRUE,TRUE,TRUE
"FT1588NR","Isomyristic acid","12-甲基十三酸",1,1,1,208024.576666667,11.1451193793879,0.0675046460877295,TRUE,TRUE,TRUE,TRUE
"FT4958PR","MG(0:0/20:4)","甘油一酯(0:0/20:4/0:0)",1,1,1,665138.113333333,18.157352907083,0.225236168910745,TRUE,TRUE,TRUE,TRUE
"FT6596PR","PC(18:1/2:0)","磷脂酰胆碱(18:1/2:0)",1,1,1,997312.09,9.81232214987769,0.0928798792334919,TRUE,TRUE,TRUE,TRUE
"FT3707NR","(+/-)-13-HDoHE","(+/-)-13-HDoHE",1,1,1,1764704.32,5.29090913292159,0.2527216821764,TRUE,TRUE,TRUE,TRUE
"FT4141NR","19-Hydroxyprostaglandin E1","19-羟基前列腺素E1",1,1,1,1465984.95666667,3.37069934201211,0.17546406089595,TRUE,TRUE,TRUE,TRUE
"FT3514PR","FA(17:0;O)","2-甲氧基十六烷酸",1,1,1,188890.993333333,2.9813715900594,0.750062863254083,TRUE,TRUE,TRUE,TRUE
"FT7527PR","PC(21:0/15:1)","磷脂酰胆碱(21:0/15:1)",1,1,1,29638303.3633333,4.09431881893407,0.385121557948381,TRUE,TRUE,TRUE,TRUE
"FT3978PR","Margaroyl-EA","Margaroyl-EA",1,1,1,1007609.86333333,9.73009058536359,2.59425800653125,TRUE,TRUE,TRUE,TRUE
"FT7338PR","DG(i-16:0/0:0/LTE4)","甘油二酯(i-16:0/0:0/LTE4)",1,1,1,6284723.22333333,5.19948746233856,5.08254508926945,TRUE,TRUE,TRUE,TRUE
"FT4205PR","20-Eicosanolide","20-二十烷内酯",1,1,1,7578108.03666667,7.63287493249359,0.0570166509198268,TRUE,TRUE,TRUE,TRUE
"FT5883PR","Cervonyl carnitine","二十二碳六烯酰肉碱",1,1,1,1222312.92666667,10.5203639937111,0.0680357521498865,TRUE,TRUE,TRUE,TRUE
"FT1138NR","Glutarylglycine","戊二酰甘氨酸",1,1,1,11906268.16,1.85162125405836,0.0236920523264234,TRUE,TRUE,TRUE,TRUE
"FT7526PR","PE-NMe2(15:0/22:1)","二甲基磷脂酰乙醇胺(15:0/22:1)",1,1,1,47591905.72,19.0133027327471,0.134446541001674,TRUE,TRUE,TRUE,TRUE
"FT2805PR","Naxagolide",NA,0.5,0.166666666666667,1,77776.32,7.56615710826807,13.8351665769167,TRUE,TRUE,TRUE,TRUE
"FT3745PR","18-Octadecanolide","18-十八内酯",1,1,1,21234769.9266667,6.15127520712451,0.0503526483744036,TRUE,TRUE,TRUE,TRUE
"FT2503PR","Pro-Ile","脯氨酰-异亮氨酸",1,1,1,357888.196666667,21.6549164693017,0.517654706215529,TRUE,TRUE,TRUE,TRUE
"FT3903NR","FA(24:6)","4,8,12,15,19,21-二十四碳六烯酸",1,1,1,4935228.50333333,6.83542078857142,0.0415389531618338,TRUE,TRUE,TRUE,TRUE
"FT4284NR","Kaltostat",NA,1,1,1,7798287.35666667,1.00674608944074,0.121073954355194,TRUE,TRUE,TRUE,TRUE
"FT5660PR","3-beta-Hydroxy-4-beta-methyl-5-alpha-cholest-7-ene-4-alpha-carboxylate","3-β-羟基-4-β-甲基-5-α-胆甾烯-7-烯-4-α-羧酸酯",1,1,1,2153877.18666667,10.7886007645108,0.0148746758110075,TRUE,TRUE,TRUE,TRUE
"FT4027NR","N-palmitoyl taurine","N-棕榈酰牛磺酸",1,1,1,6143975.05,29.9497007591657,0.0256250300801126,TRUE,TRUE,TRUE,TRUE
"FT4286PR","2,4,12-Octadecatrienoic acid isobutylamide",NA,1,1,1,3531942.35666667,4.54820451947686,0.961949131712997,TRUE,TRUE,TRUE,TRUE
"FT2165NR","5-Fluorouridine","5-氟尿嘧啶核苷",1,1,1,1067153.65333333,5.39760942060086,1.21100124013145,TRUE,TRUE,TRUE,TRUE
"FT0277PR","METHACRYLIC ACID","甲基丙烯酸",1,1,1,284108183.213333,2.78722064238086,0.0815753986369352,TRUE,TRUE,TRUE,TRUE
"FT4082PR","11E-Eicosen-1-ol","顺11-二十烯醇",1,1,1,838563.66,8.83144276517161,1.03517042982433,TRUE,TRUE,TRUE,TRUE
"FT0777PR","2-Amino-1-phenylethanol","2-羟基苯乙胺",1,1,1,318298762.556667,3.23759101723895,0.172813133171687,TRUE,TRUE,TRUE,TRUE
"FT5066PR","Pentadecanoylcarnitine","十五酰肉碱",1,1,1,14883606.8266667,4.41254622248926,0.00531142751899939,TRUE,TRUE,TRUE,TRUE
"FT2459PR","2-Decylfuran","2-癸基呋喃",1,1,1,421243.016666667,6.70991355288507,0.211924856406658,TRUE,TRUE,TRUE,TRUE
"FT5079PR","2-Hydroxymyristoylcarnitine","2-羟基十四酰肉碱",1,1,1,397159.026666667,10.5231165758463,0.180835037541081,TRUE,TRUE,TRUE,TRUE
"FT0686NR","D-Ribonolactone","核糖内酯",1,1,1,42581278.9833333,2.44828503887047,0.013793818392752,TRUE,TRUE,TRUE,TRUE
"FT1014NR","Pyrophosphate","焦磷酸盐",1,1,1,43783395.75,0.470104509871063,0.0141433288517792,TRUE,TRUE,TRUE,TRUE
"FT0239NR","Glyceric acid","甘油酸",1,1,1,1730110.68333333,9.66735469718652,0.122104471419862,TRUE,TRUE,TRUE,TRUE
"FT6735NR","Uridine diphosphate glucuronic acid","UDP葡萄糖醛酸",1,1,1,3026033.92666667,6.91334710723874,0.09132167037796,TRUE,TRUE,TRUE,TRUE
"FT0043NR","Phosphate","磷酸盐",1,1,1,107856853.28,0.536343423186642,0.00332259937994397,TRUE,TRUE,TRUE,TRUE
"FT0712PR","N-ISOPROPYLACRYLAMIDE","聚(N-异丙基丙烯酰胺)",1,1,1,17529847.3366667,17.9889998634377,4.42698140515362,TRUE,TRUE,TRUE,TRUE
"FT4316PR","Pipericine","哌啶",1,1,1,21642748.7033333,4.18708138701545,0.969274623143188,TRUE,TRUE,TRUE,TRUE
"FT0811NR","D-Tagatose","D-塔格糖",1,1,1,7432344.56666667,9.64818003034143,0.0597436678560339,TRUE,TRUE,TRUE,TRUE
"FT1969NR","4-Hydroxy-3-methoxy-cinnamoylglycine","4-羟基-3-甲氧基-肉桂酰甘氨酸",1,1,1,503246.433333333,11.9420159147539,3.2697671451343,TRUE,TRUE,TRUE,TRUE
"FT0435NR","Imidazoleacetic acid","咪唑乙酸",1,1,1,629554.933333333,18.6428285431666,0.372994754483813,TRUE,TRUE,TRUE,TRUE
"FT1056NR","Mannitol","甘露醇",1,1,1,2227191.42333333,6.65278436428381,0.146920316592316,TRUE,TRUE,TRUE,TRUE
"FT2931PR","Muscone","麝香酮",1,1,1,23111535.85,3.33456182488856,0.25907320972592,TRUE,TRUE,TRUE,TRUE
"FT5117PR","Gln-Val-Phe","谷氨酰胺酰-缬氨酰-苯丙氨酸",1,1,1,7513102.33666667,21.6467449757386,3.18071638213704,TRUE,TRUE,TRUE,TRUE
"FT4144PR","6R,7S-Epoxy-3Z,9Z-heneicosadiene","6R,7S-环氧-3Z,9Z-二十二碳二烯",1,1,1,1087561.36,4.57020989767785,0.792934897373053,TRUE,TRUE,TRUE,TRUE
"FT0852NR","xi-3-Hydroxy-2-oxobutanoic acid","xi-3-羟基-2-氧代丁酸",1,1,1,6006129.87333333,4.22833251229767,0.259675734757857,TRUE,TRUE,TRUE,TRUE
"FT3309NR","Epoxydocosapentaenoic acid",NA,1,1,1,2828803.19666667,4.29705672507199,0.0457810560542269,TRUE,TRUE,TRUE,TRUE
"FT0316NR","L-Valine","L-缬氨酸",1,1,1,997633.92,6.09343631219598,0.212114175482125,TRUE,TRUE,TRUE,TRUE
"FT6659NR","LysoPS(22:5/0:0)","溶血磷脂酰丝氨酸(22:5/0:0)",1,1,1,998240.096666667,17.2481638158533,0.293832288198593,TRUE,TRUE,TRUE,TRUE
"FT0248NR","3-Hydroxy-4-aminopyridine","4-氨基吡啶-3-醇",1,1,1,700025.326666667,6.2663602351953,0.303509683570859,TRUE,TRUE,TRUE,TRUE
"FT1666PR","Citrulline","瓜氨酸",1,1,1,4393161.59333333,6.52091618228893,0.0850180971496957,TRUE,TRUE,TRUE,TRUE
"FT1886PR","5-Hydroxyindoleacetic acid","5-羟基吲哚乙酸",1,1,1,915439.386666667,8.5816508492528,0.160173409174271,TRUE,TRUE,TRUE,TRUE
"FT2271NR","FA(17:1)","十七碳烯酸(反-10)",1,1,1,366559.563333333,2.07070203961059,0.118945036659943,TRUE,TRUE,TRUE,TRUE
"FT1647PR","N2-Acetylornithine","N2-乙酰基鸟氨酸",1,1,1,1468342.13,8.36308758098723,0.318236590181374,TRUE,TRUE,TRUE,TRUE
"FT1527NR","2-Keto-3-deoxy-D-gluconic acid","2-酮基-3-脱氧葡萄糖酸",1,1,1,872324.56,27.9632516703996,0.124476121743144,TRUE,TRUE,TRUE,TRUE
"FT1345NR","Garcinia acid","5-羟基吲哚-2-羧酸",1,1,1,3785542.60333333,4.47597460298929,0.368838017283169,TRUE,TRUE,TRUE,TRUE
"FT3161NR","all-trans-4-hydroxyretinoic acid","4-羟基维甲酸",1,1,1,493774.436666667,8.18258576832859,0.0607654464875123,TRUE,TRUE,TRUE,TRUE
"FT1217NR","D-Ribose","D-核糖",1,1,1,12983736.1,4.47132286013487,0.0813964324533284,TRUE,TRUE,TRUE,TRUE
"FT0430NR","2-Hydroxyethanesulfonate","2-羟乙基磺酸",1,1,1,19824419.53,7.01191462422846,0.186643743255911,TRUE,TRUE,TRUE,TRUE
"FT0599NR","Sulfoacetic acid","磺基乙酸",1,1,1,961203.643333333,9.89954921029204,0.375212535629661,TRUE,TRUE,TRUE,TRUE
"FT1156NR","Carglumic acid","N-氨基甲酰-L-谷氨酸",1,1,1,1605631.17,7.33026917041197,0.267664574633583,TRUE,TRUE,TRUE,TRUE
"FT5008PR","Ile-Ala-Tyr","异亮氨酰-丙氨酰-酪氨酸",1,1,1,220066.95,14.9204808864985,0.350817288489726,TRUE,TRUE,TRUE,TRUE
"FT1238PR","Thiomorpholine 3-carboxylate","3-硫代吗啉羧酸",1,1,1,19258551.61,16.1972257562602,0.0394215007465532,TRUE,TRUE,TRUE,TRUE
"FT1201NR","D-Glucuronic acid","D-葡萄糖醛酸",1,1,1,934971.816666667,19.5388099179574,0.0748710598851242,TRUE,TRUE,TRUE,TRUE
"FT2657NR","D-Sedoheptulose 7-phosphate","D-景天庚酮糖7-磷酸",1,1,1,1860943.44,8.85930103391306,0.208324207181502,TRUE,TRUE,TRUE,TRUE
"FT1035PR","2-(2-Hydroxypropan-2-ylamino)propan-2-ol","2-(2-羟基丙-2-氨基)丙-2-醇",1,1,1,23596379.0933333,6.34434922395337,0.369373491287521,TRUE,TRUE,TRUE,TRUE
"FT1216PR","4-Trimethylammoniobutanoic acid","γ-丁基甜菜碱",1,1,1,36379035.53,4.67210503535541,0.0614357871052018,TRUE,TRUE,TRUE,TRUE
"FT2264NR","N'-Benzoyl-N,N'-dimethylbenzohydrazide","1,2-二甲基-1,2-二苯甲酰肼",1,1,1,275254.023333333,4.04075394813123,0.0958488473980794,TRUE,TRUE,TRUE,TRUE
"FT1356NR","3-Carbamoyl-2-phenylpropionic acid","3-氨基甲酰基-2-苯基丙酸",1,1,1,174563.6,4.9498698846986,0.0759011594809549,TRUE,TRUE,TRUE,TRUE
"FT1212PR","1-Hydroxyisoquinoline","1-羟基异喹啉",1,1,1,524420.263333333,7.72614102715183,0.0945268927411533,TRUE,TRUE,TRUE,TRUE
"FT0178PR","1-Aminocyclopropanecarboxylic acid","1-氨基环丙烷羧酸",1,1,1,101190878.79,4.13994938931857,0.398688892739625,TRUE,TRUE,TRUE,TRUE
"FT1320PR","N1-Methyl-4-pyridone-3-carboxamide","N1-甲基-4-吡啶酮-3-甲酰胺",1,1,1,1468936.96,6.19276777486487,0.0952065435805905,TRUE,TRUE,TRUE,TRUE
"FT1535PR","4-Hydroxyphenylglycine","4-羟基苯基甘氨酸",1,1,1,1574967.00666667,9.01329860558214,0.114405182394094,TRUE,TRUE,TRUE,TRUE
"FT7000NR","FA(20:4)","4,7,10,13-二十碳四烯酸",1,1,1,8795350.76666667,16.9367897540546,0.0525302506543818,TRUE,TRUE,TRUE,TRUE
"FT2235PR","Cyclo(Pro-Leu)","环(脯氨酸-亮氨酸)二肽",1,1,1,145701.19,5.26743452138381,0.169191894589505,TRUE,TRUE,TRUE,TRUE
"FT4675PR","Caffeoyl tyrosine","咖啡酰酪氨酸",1,1,1,660827.116666667,7.84204054556211,0.0920818398556607,TRUE,TRUE,TRUE,TRUE
"FT3584PR","Argininosuccinic acid","精氨基琥珀酸",1,1,1,583374.48,5.54410633200526,1.40126863702293,TRUE,TRUE,TRUE,TRUE
"FT2111NR","D-Glucosamine-6-phosphate","D-氨基葡萄糖-6-磷酸",1,1,1,500831.956666667,10.1664419431947,0.248733339565337,TRUE,TRUE,TRUE,TRUE
"FT4814NR","dIDP","2'-脱氧肌苷-5'-二磷酸",1,1,1,749942.106666667,7.53655198106136,0.0616239265941897,TRUE,TRUE,TRUE,TRUE
"FT1064NR","4-Pyridoxic acid","4-吡哆酸",1,1,1,213821.12,3.57960742722808,0.171236314869807,TRUE,TRUE,TRUE,TRUE
"FT4171PR","9R,10S-Epoxy-6Z-heneicosene","9R,10S-环氧-6Z-二十碳烯",1,1,1,392107.946666667,9.16565868942728,0.0596789735009963,TRUE,TRUE,TRUE,TRUE
"FT0099NR","Dihydroxyacetone","二羟基丙酮",1,1,1,954853431.613333,4.43936179030206,0.0417033726043575,TRUE,TRUE,TRUE,TRUE
"FT0901NR","Dihydroxyacetone phosphate","二羟丙酮磷酸盐",1,1,1,10889191.2233333,4.29526757666981,0.0418924642528283,TRUE,TRUE,TRUE,TRUE
"FT0536PR","D-Cycloserine","环丝氨酸",1,1,1,1300865.07333333,4.17353573928466,0.0219835461942127,TRUE,TRUE,TRUE,TRUE
"FT3678NR","Asp-Pro-Ile","天冬氨酰-脯氨酰-异亮氨酸",1,1,1,293308.946666667,5.22110766189095,0.01687218858765,TRUE,TRUE,TRUE,TRUE
"FT1327NR","Oxoadipic acid","2-氧代己二酸",1,1,1,11355236.47,2.67583011114805,0.0116213802805148,TRUE,TRUE,TRUE,TRUE
"FT1565PR","3-Methylhistidine","3-乙酰基组胺",1,1,1,1097715.77666667,1.80739634088882,0.0789274144904324,TRUE,TRUE,TRUE,TRUE
"FT2793PR","Pyridoxal 5'-phosphate","5'-磷酸吡哆醛",1,1,1,474612.256666667,18.3048272813784,0.0887255772451614,TRUE,TRUE,TRUE,TRUE
"FT1872NR","O-Phosphothreonine","O-磷酸- L -苏氨酸",1,1,1,9141551.38333333,7.21696055443476,0.044799202559281,TRUE,TRUE,TRUE,TRUE
"FT2404NR","5-Benzylacyclouridine","5-苄基环尿苷",1,1,1,46342.5433333333,18.1060525663683,0.163789709590884,TRUE,TRUE,TRUE,TRUE
"FT1154NR","3,7-dideoxy-D-threo-hepto-2,6-diuolosonic acid","3,7-二脱氧-D-巯基-2,6-二醇糖酸",1,1,1,1259133.75666667,18.6140556175228,0.109909180053921,TRUE,TRUE,TRUE,TRUE
"FT2000NR","Deoxyinosine","脱氧肌苷",1,1,1,161931.9,6.12311973595324,0.134617924903417,TRUE,TRUE,TRUE,TRUE
"FT2166NR","Na-L-Glutamyl-L-aspartic acid","Na-L-谷氨酰-L-天冬氨酸",1,1,1,4307626.22333333,5.13023789800728,0.413704799181706,TRUE,TRUE,TRUE,TRUE
"FT1769NR","Betamipron","N-苯甲酰基-beta-丙氨酸",1,1,1,81737.1133333333,7.39629237014181,0.110482314947986,TRUE,TRUE,TRUE,TRUE
"FT2400NR","D-glycero-L-galacto-Octulose","龙胆三糖",1,1,1,12264045.4966667,6.64471958733659,0.0315200372268286,TRUE,TRUE,TRUE,TRUE
"FT2741PR","Pro-Glu","脯氨酸-谷氨酸",1,1,1,429462.32,4.58196255145308,0.678182671472658,TRUE,TRUE,TRUE,TRUE
"FT3301PR","4-(Dodecylamino)Phenol",NA,1,1,1,2857503.62666667,18.7077875200296,0.364810117577199,TRUE,TRUE,TRUE,TRUE
"FT2266PR","Histidylglycine","组氨酸-甘氨酸",1,1,1,183250.116666667,17.1473468492748,0.421395814463654,TRUE,TRUE,TRUE,TRUE
"FT1858PR","Prenylcysteine",NA,1,1,1,2064664.62666667,6.04756327667404,0.0692196035595085,TRUE,TRUE,TRUE,TRUE
"FT0490NR","Ornithine","鸟氨酸",1,1,1,1381661.60666667,10.9158706956311,0.0384291950224651,TRUE,TRUE,TRUE,TRUE
"FT0527NR","5-Deoxy-D-ribose","5-脱氧-D-核糖",1,1,1,586532.806666667,10.4100943779293,0.055582116812525,TRUE,TRUE,TRUE,TRUE
"FT0618PR","2,5-Dimethylpyrazine","2,5-二甲基吡嗪",1,1,1,751736.78,6.26167570286548,0.0496677463221908,TRUE,TRUE,TRUE,TRUE
"FT0881NR","L-Cysteine","L-半胱氨酸",1,1,1,3148898.10666667,1.41031942369387,0.115716768515777,TRUE,TRUE,TRUE,TRUE
"FT1843PR","Homo-L-arginine","高精氨酸",1,1,1,644531.28,4.96986276435699,0.289143472644546,TRUE,TRUE,TRUE,TRUE
"FT2129PR","gamma-Glutamylglycine","γ-谷氨酰甘氨酸",0.833333333333333,1,1,751696.446666667,10.2805986783572,7.34889830048802,TRUE,TRUE,TRUE,TRUE
"FT2305PR","sn-glycero-3-Phosphoethanolamine","s-甘油-3-磷酸乙醇胺",1,1,1,2473274.66,7.73956337275968,0.769915791892338,TRUE,TRUE,TRUE,TRUE
"FT2445NR","FA(18:3)","11-十八碳烯-9-炔酸",1,1,1,803170.156666667,14.1930948052301,0.0980778038134129,TRUE,TRUE,TRUE,TRUE
"FT1825PR","N8-Acetylspermidine","N8-乙酰基亚精胺",1,1,1,915364.493333333,8.75794051253241,0.442296538908545,TRUE,TRUE,TRUE,TRUE
"FT1108PR","Nicotinamide N-oxide","N-氧代烟酰胺",1,1,1,2606901.35,20.503059040561,0.133937178879319,TRUE,TRUE,TRUE,TRUE
"FT3511NR","Ser-Glu-Thr","丝氨酰-谷氨酰-苏氨酸",0.833333333333333,1,1,416853.03,8.81843994907072,6.06812061215667,TRUE,TRUE,TRUE,TRUE
"FT4172NR","FA(20:2;O4)","13,14-二氢-19R-羟基前列腺素E1",1,1,1,352284.19,10.4256845454062,0.194842162925019,TRUE,TRUE,TRUE,TRUE
"FT2430NR","Polyribosylribitolphosphate","多核糖核糖醇磷酸酯",1,1,1,591582.023333333,9.85011533029035,0.155345946392807,TRUE,TRUE,TRUE,TRUE
"FT6459PR","Norgarmultinone A",NA,1,1,1,481428.813333333,2.55100086107889,0.377953059917249,TRUE,TRUE,TRUE,TRUE
"FT2911PR","Histidylvaline","组氨缬氨酸",0.833333333333333,1,1,169814.883333333,22.2813106414913,4.80167240358018,TRUE,TRUE,TRUE,TRUE
"FT1114NR","Ectoine","依克多因",1,1,1,2226679.64333333,5.8760207803259,0.603031626309175,TRUE,TRUE,TRUE,TRUE
"FT1829NR","Cyclo(L-Pro-L-Val)","环(L-脯-L-缬)二肽",1,1,1,230323.463333333,8.19878908808933,0.0498940652132938,TRUE,TRUE,TRUE,TRUE
"FT2728NR","Norepinephrine sulfate","去甲肾上腺素硫酸盐",1,1,1,5554953.20333333,7.10406065880481,0.0813872451012113,TRUE,TRUE,TRUE,TRUE
"FT2572NR","Ala-Pro-Val","丙氨酰-脯氨酰-缬氨酸",1,1,1,186154.99,2.86622312086633,0.283920177136882,TRUE,TRUE,TRUE,TRUE
"FT1272NR","Cyclopropanecarboxamide, 1,2,2,3,3-pentamethyl-","环丙烷甲酰胺，1,2,2,3,3-五甲基-",1,1,1,116124.51,19.1690297465886,0.150180999627039,TRUE,TRUE,TRUE,TRUE
"FT2386NR","N2-gamma-Glutamylglutamine","N2-γ-谷氨酰谷氨酰胺",1,1,1,3634906.48333333,15.0426647420492,0.372549569894474,TRUE,TRUE,TRUE,TRUE
"FT3064PR","Thiamine","硫胺素",1,1,1,1424971.06,15.139050781567,0.14970618438436,TRUE,TRUE,TRUE,TRUE
"FT3018PR","Aspartyllysine","天冬氨酰赖氨酸",1,1,1,214180.246666667,12.490020757187,0.016041849231968,TRUE,TRUE,TRUE,TRUE
"FT1579NR","Deoxyuridine","2-脱氧尿苷",1,1,1,525308.91,8.62838022861381,0.0380527063606773,TRUE,TRUE,TRUE,TRUE
"FT3272NR","WE(5:1/16:0)","3-甲基-3-丁烯基十六酸酯",1,1,1,629100.386666667,1.52684927459095,0.136648721551182,TRUE,TRUE,TRUE,TRUE
"FT1025NR","S-Carboxymethyl-L-cysteine","S-羧甲基-L-半胱氨酸",1,1,1,2497183.88333333,18.9195981607927,0.0866346228691845,TRUE,TRUE,TRUE,TRUE
"FT3130NR","FA(19:0;O)","19-羟基十九酸",1,1,1,3457017.89666667,21.3082814662318,0.668262980317154,TRUE,TRUE,TRUE,TRUE
"FT3993NR","N-Arachidonoylglycine","N-花生四烯酰甘氨酸",1,1,1,601208.79,8.56386212859427,0.0249959870424085,TRUE,TRUE,TRUE,TRUE
"FT3638PR","Tyrosyl-Leucine","酪氨酰亮氨酸",1,1,1,37894.1033333333,28.2071849217779,0.353124847598025,TRUE,TRUE,TRUE,TRUE
"FT1838PR","Glycylleucine","甘氨酸-亮氨酸",1,1,1,473092.69,25.7443729539548,0.427858051764634,TRUE,TRUE,TRUE,TRUE
"FT3483NR","Glycerophosphoinositol","甘油磷酸肌醇",1,1,1,1856121.27666667,16.190532421072,0.111741318018563,TRUE,TRUE,TRUE,TRUE
"FT4200PR","Val-Pro-Ile","缬氨酰-脯氨酰-异亮氨酸",1,1,1,36666.1933333333,13.8410469241129,0.320730138941745,TRUE,TRUE,TRUE,TRUE
"FT1683PR","Serotonin","5-羟基色胺",1,1,1,65575.29,2.98096109768843,0.617381499044333,TRUE,TRUE,TRUE,TRUE
"FT7075NR","PC(22:5(7Z,10Z,13Z,16Z,19Z)/0:0)","磷脂酰胆碱(22:5/0:0)",1,1,1,895047.05,9.79382912306734,0.225049209083031,TRUE,TRUE,TRUE,TRUE
"FT3195PR","2-amino-hexadecanoic acid","2-氨基十六烷酸",1,1,1,2253893.42666667,2.62948949444025,0.0968283972744867,TRUE,TRUE,TRUE,TRUE
"FT5078PR","N-Stearoyl Cysteine","N-硬脂酰半胱氨酸",1,1,1,617181.2,5.88266286867094,0.0744390488935651,TRUE,TRUE,TRUE,TRUE
"FT4713NR","1-O-p-Coumaroyl-(b-D-glucose 6-O-sulfate)","1-Op-香豆酰-(bD-葡萄糖6-O-硫酸酯)",0.666666666666667,0.833333333333333,1,80104.02,13.3802103908879,9.9236772224121,TRUE,TRUE,TRUE,TRUE
"FT1566NR","L-Glutamic acid 5-phosphate","L-谷氨酸-5-磷酸",1,1,1,1273867.78,11.9171150604066,0.109806983289718,TRUE,TRUE,TRUE,TRUE
"FT3278PR","6-Phosphogluconic acid","6-磷酸葡萄糖酸",1,1,1,22181249.9266667,9.98332323017197,0.0487761402022373,TRUE,TRUE,TRUE,TRUE
"FT0679PR","Cytosine","胞嘧啶",1,1,1,21583101.0866667,10.6604114252951,0.0700495686945079,TRUE,TRUE,TRUE,TRUE
"FT3312NR","FA(20:1;O)","19-氧代二十烷酸",1,1,1,186763.793333333,17.9826899722862,0.0563047179881119,TRUE,TRUE,TRUE,TRUE
"FT4230NR","Taxa-4(20),11(12)-dien-5alpha-yl acetate",NA,1,1,1,174322.486666667,2.36397328886737,0.230385107627351,TRUE,TRUE,TRUE,TRUE
"FT5060PR","N-Oleoyl Cysteine","油酰半胱氨酸",1,1,1,603289.133333333,17.1922472914474,0.122248703669613,TRUE,TRUE,TRUE,TRUE
"FT1716PR","alpha-Methylphenylalanine","α-甲基苯丙氨酸",1,1,1,191774.236666667,14.0254708403767,0.417297465172482,TRUE,TRUE,TRUE,TRUE
"FT3250NR","(-)-Spongiane-15,16-diol","(-)-海绵-15,16-二醇",1,1,1,535245.143333333,11.6436365454512,0.164550493064425,TRUE,TRUE,TRUE,TRUE
"FT3561PR","Asp-Gly-Val","天冬氨酰-甘氨酰-缬氨酸",1,1,1,66297.5033333333,25.0278749009323,0.0919129361101567,TRUE,TRUE,TRUE,TRUE
"FT2372NR","5-(Hexahydro-2-oxo-1H-thieno[3,4-D]imidazol-6-YL)pentanal","5-(六氢-2-氧代-1H-噻吩并[3,4-D]咪唑-6-YL)戊醛",1,1,1,289728.62,6.49698663681419,0.0279311514378759,TRUE,TRUE,TRUE,TRUE
"FT4315PR","2-AOD-3-ol","2-氨基-14,16-二甲基十八烷-3-醇",1,1,1,5786870.3,5.50576931858571,1.025160367935,TRUE,TRUE,TRUE,TRUE
"FT1107NR","p-Cresol sulfate","对甲酚硫酸盐",1,0.833333333333333,1,57521.5066666667,8.5303666543984,4.73684279058878,TRUE,TRUE,TRUE,TRUE
"FT6387PR","LPC(18:0(11cp)/0:0)","磷脂酰胆碱(18:0(11cp)/0:0)",1,1,1,410188.183333333,11.5543326630291,0.206663777769816,TRUE,TRUE,TRUE,TRUE
"FT4087PR","Pro-Gly-Phe","脯氨酰-甘氨酰-苯丙氨酸",1,1,1,111244.983333333,10.5301155727168,0.185977070045551,TRUE,TRUE,TRUE,TRUE
"FT2350NR","Deoxycytidine","脱氧胞苷",1,1,1,4576184.43333333,5.62114407133261,0.399489726703146,TRUE,TRUE,TRUE,TRUE
"FT1896NR","N-Acetyltryptophan","N-乙酰色氨酸",1,1,1,61972.02,9.83352226914015,0.513804184901421,TRUE,TRUE,TRUE,TRUE
"FT0227NR","Malonic acid","丙二酸",1,1,1,3711241.03666667,7.47187142347376,0.130620924176291,TRUE,TRUE,TRUE,TRUE
"FT1650PR","Ethyl lysine","乙基赖氨酸",1,1,1,295915.713333333,22.0714356936867,0.127210572724904,TRUE,TRUE,TRUE,TRUE
"FT0593NR","Paramethadione","甲乙双酮",1,1,1,770996.876666667,11.6633187605619,0.0624831193361501,TRUE,TRUE,TRUE,TRUE
"FT3877PR","Oleoylethanolamide","油酰乙醇胺",1,1,1,1751624.94666667,13.4595333547586,0.688869223928025,TRUE,TRUE,TRUE,TRUE
"FT3384NR","Cyclic AMP","环磷酸腺苷",1,1,1,258884.643333333,13.7497783375503,0.0782527938535143,TRUE,TRUE,TRUE,TRUE
"FT1779NR","L-Cystine","L-胱氨酸",1,1,1,906289.386666667,26.7863898328022,0.353054710197542,TRUE,TRUE,TRUE,TRUE
"FT3393PR","N-(1-Deoxy-1-fructosyl)threonine","N-(1-脱氧-1-果糖基)苏氨酸",1,1,1,2053424.92,19.3939237569847,0.199534356489871,TRUE,TRUE,TRUE,TRUE
"FT1823PR","3S-aminodecanoic acid","3S-氨基十二酸",1,1,1,49168.3333333333,4.79555551834486,0.118076001160262,TRUE,TRUE,TRUE,TRUE
"FT2444NR","8-Acetoxy-4-acoren-3-one","8-乙酰氧基-4-acoren-3-酮",1,1,1,69144.56,10.69077351267,0.0763417233221295,TRUE,TRUE,TRUE,TRUE
"FT0482NR","Monoethyl malonic acid","丙二酸单乙酯",1,1,1,6504853.35333333,11.6126677395203,0.162631594364691,TRUE,TRUE,TRUE,TRUE
"FT5163PR","ergosta-4,7,22E-trien-3beta-ol","麦角甾-4,7,22E-三烯-3β-醇",1,1,1,54744.8133333333,18.5565703529017,0.197767493898873,TRUE,TRUE,TRUE,TRUE
"FT4538NR","FA(22:5;O4)","delta18-13-神经F",1,1,1,87470.37,4.84396133445559,2.18130270423249,TRUE,TRUE,TRUE,TRUE
"FT6835NR","GDP-L-fucose","5`-二磷酸鸟嘌呤核苷-岩藻糖二钠盐",1,1,1,2234228.66,7.69347631281543,0.0289444766522221,TRUE,TRUE,TRUE,TRUE
"FT1954NR","Norambreinolide","香紫苏内酯",1,1,1,370015.863333333,6.20052979212626,0.101062181586601,TRUE,TRUE,TRUE,TRUE
"FT1016PR","L-Asparagine","L-天冬酰胺",1,1,1,4573534.68666667,18.0378729160144,0.236870506710154,TRUE,TRUE,TRUE,TRUE
"FT1302NR","Isopentenyladenine","异戊烯腺嘌呤",1,1,1,1702331.29,5.88470100676764,1.04616430358561,TRUE,TRUE,TRUE,TRUE
"FT4994PR","(10Z,12E)-Pentadeca-10,12-dienoylcarnitine","(10Z,12E)-十五碳-10,12-二烯酰肉碱",1,1,1,381162.306666667,6.63621478284613,0.523265488349331,TRUE,TRUE,TRUE,TRUE
"FT3392PR","N6-Methyladenosine","N6-甲基腺苷",1,1,1,243757.53,15.1528366367881,0.041509782417015,TRUE,TRUE,TRUE,TRUE
"FT1390NR","2-Oxo-3-hydroxy-4-phosphobutanoic acid","2-氧代-3-羟基-4-磷酸丁酸",1,1,1,411276.573333333,5.18199369479361,0.361687681120374,TRUE,TRUE,TRUE,TRUE
"FT2029NR","Daidzein","大豆甙元",1,1,1,64677.9133333333,9.57602698131338,0.986217625606197,TRUE,TRUE,TRUE,TRUE
"FT1284NR","4-hydroxy-undecanoic acid","4-羟基十一酸",1,1,1,7656774.58,9.19614680533391,0.0520880226029345,TRUE,TRUE,TRUE,TRUE
"FT4005NR","5-(3'-Hydroxyphenyl)-gamma-valerolactone-3'-O-glucuronide",NA,1,1,1,2006685.33666667,6.08374476442583,0.233297377330133,TRUE,TRUE,TRUE,TRUE
"FT1865NR","Ethyl 3-hydroxydodecanoate",NA,1,1,1,3055697.27333333,1.86404068304908,0.0354767787491008,TRUE,TRUE,TRUE,TRUE
"FT3374NR","(+)-Disparlure","(+)-环氧十九烷",1,1,1,244010.693333333,8.1023952981783,0.0532346194903575,TRUE,TRUE,TRUE,TRUE
"FT4028PR","Prostaglandin A2","前列腺素A2",1,1,1,867996.926666667,2.34894881579299,0.0624378583153271,TRUE,TRUE,TRUE,TRUE
"FT5668PR","Austalide L","奥斯塔利德L",1,1,1,1632566.53,23.264479564454,0.118794118147474,TRUE,TRUE,TRUE,TRUE
"FT6193PR","LysoPC(O-18:0/0:0)","磷脂酰胆碱(O-18:0/0:0)",1,1,1,337130.48,9.67455191702891,0.124910675966783,TRUE,TRUE,TRUE,TRUE
"FT4855NR","N-Docosahexaenoyl GABA","N-二十二碳六烯酰γ－氨基丁酸",1,1,1,100033.39,3.4237743994375,0.100505416443358,TRUE,TRUE,TRUE,TRUE
"FT3308PR","5-hydroxyindole thiazolidine carboxylate",NA,1,1,1,316191.736666667,3.62296051439207,0.989711069576421,TRUE,TRUE,TRUE,TRUE
"FT4128NR","Sedoheptulose 1,7-bisphosphate","景天庚酮糖-1,7-二磷酸",1,1,1,3099872.22333333,7.78276785142375,0.216785605237985,TRUE,TRUE,TRUE,TRUE
"FT2662NR","FA(19:4)","13-苯基十三烷酸",1,1,1,74422.8766666667,9.01771449729607,0.200855793267365,TRUE,TRUE,TRUE,TRUE
"FT5694NR","Dolicholide","多利内酯",1,1,1,177467.646666667,14.697577057052,0.118914713146339,TRUE,TRUE,TRUE,TRUE
"FT4077PR","Androstane-3,11-dione, (5beta), 17beta-hydroxy-17alpha-methyl-,",NA,1,1,1,1400449.73,7.92736854670166,0.0934711463334371,TRUE,TRUE,TRUE,TRUE
"FT1009NR","N-Formyl-DL-methionine","N-甲醯甲硫胺酸",1,1,1,211727.936666667,4.95717247425129,0.139033534023808,TRUE,TRUE,TRUE,TRUE
"FT4114NR","Asp-Ser-Cys","天冬氨酰-丝氨酰-半胱氨酸",1,1,1,2594328.13,6.29610232478211,0.100435216277837,TRUE,TRUE,TRUE,TRUE
"FT3915PR","gamma-Glutamyltyrosine","γ-谷氨酰酪氨酸",1,1,1,270602.243333333,10.8585540440838,0.223821670845837,TRUE,TRUE,TRUE,TRUE
"FT3111NR","5'-phosphoribosyl-N-formylglycinamide","5'-磷酸核糖基-N-甲酰甘氨酰胺",1,1,1,1029490.76666667,7.97940121478525,0.0567674634948415,TRUE,TRUE,TRUE,TRUE
"FT4647PR","Phlorisobutyrophenone 2-glucoside","邻苯异丁酮2-葡萄糖苷",1,1,1,111592.51,9.40821237230322,0.0246547396596941,TRUE,TRUE,TRUE,TRUE
"FT5467PR","LysoPE(0:0/14:0)","磷脂酰乙醇胺(0:0/14:0)",1,1,1,112461.723333333,11.1549564859354,0.0660889392144253,TRUE,TRUE,TRUE,TRUE
"FT1188NR","5,6-Dihydroxyindole-2-carboxylic acid","5,6-二羟基-2-吲哚甲酸",1,1,1,276769.143333333,9.52547929976109,0.0923336689696562,TRUE,TRUE,TRUE,TRUE
"FT4664PR","Ile-Glu-Val","异亮氨酰-谷氨酰-缬氨酸",1,1,1,49616.2066666667,8.94410935034073,0.139994743192582,TRUE,TRUE,TRUE,TRUE
"FT2561PR","Kifunensine","几夫碱",1,1,1,163289.08,19.5345299391035,0.143562434335112,TRUE,TRUE,TRUE,TRUE
"FT0302PR","Vinyl carbamate","氨基甲酸乙烯酯",1,1,1,23080959.2633333,13.8510873676923,0.0358477983736621,TRUE,TRUE,TRUE,TRUE
"FT2684NR","2-hydroxyflutamide","羟基氟他胺",1,1,1,50790.24,1.66273945938562,0.687045762788108,TRUE,TRUE,TRUE,TRUE
"FT5010PR","13,14-Dihydro-15-keto-20-ethyl prostaglandin f2alpha",NA,1,1,1,1757349.48333333,10.3041530501892,7.17944659695302,TRUE,TRUE,TRUE,TRUE
"FT7881PR","PC(22:5(4Z,7Z,10Z,13Z,16Z)/20:5(5Z,8Z,11Z,14Z,17Z))","磷脂酰胆碱(22:5/20:5)",1,1,1,1717552.17,2.36553107105595,0.0951791861496429,TRUE,TRUE,TRUE,TRUE
"FT3457NR","dehydroabietadienol","脱氢枞醇",1,1,1,72853.7433333333,12.1662741289728,0.177647589867484,TRUE,TRUE,TRUE,TRUE
"FT5102NR","Cholestenone","胆甾烯酮",1,1,1,115947.673333333,5.95246631038659,0.113194378058777,TRUE,TRUE,TRUE,TRUE
"FT4555PR","Tetrahydroalstonine","四氢鸭脚木碱",1,1,1,101783.136666667,19.7773434928459,2.59976306860293,TRUE,TRUE,TRUE,TRUE
"FT2168NR","9-HYDROXY-8-(2-HYDROXYPROPAN-2-YL)-2H,8H,9H-FURO[2,3-H]CHROMEN-2-ONE",NA,0.666666666666667,0.833333333333333,1,78421.8933333333,11.0305284752921,7.23252615039353,TRUE,TRUE,TRUE,TRUE
"FT2768NR","cis-12-Octadecenoic Acid methyl ester","(12Z)-12-十八碳烯酸甲酯",1,1,1,677523.546666667,2.59614513567355,0.0781589321043511,TRUE,TRUE,TRUE,TRUE
"FT4548PR","Dihomolinoleoyl-EA","Anandamide（20:2，n-6）",1,1,1,2980734.41,5.22469883048637,1.14589386380218,TRUE,TRUE,TRUE,TRUE
"FT2707NR","Furylfuramide",NA,1,1,1,41718.98,5.05062334275818,0.19883959445969,TRUE,TRUE,TRUE,TRUE
"FT4977PR","Prenyl arabinosyl-(1->6)-glucoside","异戊二烯阿拉伯糖基-(1->6)-葡萄糖苷",1,1,1,47726.5466666667,24.4560390788085,0.85451631235548,TRUE,TRUE,TRUE,TRUE
"FT5344NR","Chenodeoxycholic acid glycine conjugate","甘氨鹅脱氧胆酸",1,1,1,30495.93,15.5479426065214,0.108504783547829,TRUE,TRUE,TRUE,TRUE
"FT3369PR","Phenylalanylaspartic acid","苯丙氨酸-天冬氨酸",1,1,1,67680.3733333333,16.0570064014847,0.457518323161766,TRUE,TRUE,TRUE,TRUE
"FT2852PR","L-Aspartyl-4-phosphate",NA,1,1,1,18899224.76,11.5917326435744,0.0925827883529158,TRUE,TRUE,TRUE,TRUE
"FT3198NR","Topsentolide A2","托普生内酯A2",1,1,1,591595.68,5.50929172290612,0.159101502983045,TRUE,TRUE,TRUE,TRUE
"FT2141PR","Xanthurenic acid","黄尿酸",1,1,1,45031.1466666667,18.4860508615085,0.512623278701772,TRUE,TRUE,TRUE,TRUE
"FT5340PR","26-oxohexacosanoic acid",NA,1,1,1,307471.3,11.8458265411331,0.152361365376999,TRUE,TRUE,TRUE,TRUE
"FT1617PR","Glycylproline","甘氨酰脯氨酸",1,1,1,883322.863333333,26.9465682665356,0.49599519316021,TRUE,TRUE,TRUE,TRUE
"FT3723NR","Val-Asp-Ile","缬氨酰-天冬氨酰-异亮氨酸",1,1,1,63710.15,0.731352789309495,0.934585429233247,TRUE,TRUE,TRUE,TRUE
"FT2749PR","Leucylleucine","亮氨酸-亮氨酸",1,1,1,243764.756666667,29.4585348350631,0.0822839327026211,TRUE,TRUE,TRUE,TRUE
"FT4247NR","2-Galloylglucose","2-没食子酰葡萄糖",1,0.833333333333333,1,113678.583333333,20.6564296996095,4.28298332455086,TRUE,TRUE,TRUE,TRUE
"FT4412NR","Shibic acid","涩酸",1,1,1,53552.9,11.0899756571506,0.317139633844623,TRUE,TRUE,TRUE,TRUE
"FT2761PR","Asperitaconic acid C","麴酸 C",1,0.833333333333333,1,129092.813333333,15.1210552724978,7.37293133265847,TRUE,TRUE,TRUE,TRUE
"FT5305PR","Miltefosine","米替福新",1,1,1,238410.283333333,12.5122788647539,0.191903040884539,TRUE,TRUE,TRUE,TRUE
"FT1221NR","Bornyl acetate","乙酸龙脑酯",1,1,1,1192070.36666667,7.39409868439974,0.104463741774833,TRUE,TRUE,TRUE,TRUE
"FT1029PR","Maleic acid","马来酸",1,1,1,99444424.3366667,7.81501303809469,0.0442740540016228,TRUE,TRUE,TRUE,TRUE
"FT5258NR","8-oxo-dGDP",NA,1,1,1,6567748.00333333,11.2222388513912,0.0349298801501732,TRUE,TRUE,TRUE,TRUE
"FT3367PR","Aspartylphenylalanine","天冬氨酸-苯丙氨酸",1,1,1,200571.933333333,25.2552625583501,0.234081088571763,TRUE,TRUE,TRUE,TRUE
"FT2725PR","3-Methylbut-2-enoylcarnitine","3-甲基丁-2-烯酰肉碱",1,1,1,76371.5133333333,11.5144451886996,0.222390085465512,TRUE,TRUE,TRUE,TRUE
"FT4768PR","DG(8:0/8:0/0:0)","1,2-二辛基甘油",1,1,1,2057802.74,10.1612692797388,2.32175558989431,TRUE,TRUE,TRUE,TRUE
"FT1509NR","N-Acetyl-L-tyrosine","N-乙酰-L酪氨酸",1,1,1,155442.336666667,10.3986876626878,0.507202235238351,TRUE,TRUE,TRUE,TRUE
"FT2711NR","6-Hydroxymelatonin","6-羟基褪黑素",1,1,1,63157.0933333333,8.25111053351329,0.24331017966985,TRUE,TRUE,TRUE,TRUE
"FT2360PR","N-Acetylserotonin","N-乙酰基-5-羟色胺",1,1,1,120432.38,7.09681298253597,0.103198948835009,TRUE,TRUE,TRUE,TRUE
"FT5131PR","N-Palmitoyl Histidine","N-棕榈酰组氨酸",1,0.833333333333333,1,716167.253333333,12.579836025812,9.23166694049518,TRUE,TRUE,TRUE,TRUE
"FT5075PR","5alpha-cholestanone","5-Α-胆甾烷-3-酮",1,1,1,168339.4,5.75338069371877,0.0596916495293541,TRUE,TRUE,TRUE,TRUE
"FT6885PR","Cytidine 5'-monophosphate-N-acetylneuraminic acid","胞苷一磷酸 N-乙酰神经氨酸",1,1,1,1259796.66333333,12.9455691128549,0.600144851330761,TRUE,TRUE,TRUE,TRUE
"FT1657NR","Dopamine 4-sulfate","多巴胺-4-O-硫酸盐",1,1,1,142076.053333333,22.6538575555041,0.0697206492644966,TRUE,TRUE,TRUE,TRUE
"FT5564PR","ELAIDYLPHOSPHOCHOLINE","BQ-788 钠盐",1,1,1,310765.706666667,9.51512536263679,0.314089680816348,TRUE,TRUE,TRUE,TRUE
"FT4685PR","MG(20:4/0:0)","2-花生酰基甘油乙腈溶液",1,1,1,8688834.82666667,11.0153836091319,0.226818302542256,TRUE,TRUE,TRUE,TRUE
"FT3759PR","Ethynodiol","炔诺酮",1,1,1,69176.75,19.9045555379408,0.679346881160492,TRUE,TRUE,TRUE,TRUE
"FT3673NR","Cystinylglycine",NA,1,1,1,2758135.88,9.79038054010637,0.111944355513572,TRUE,TRUE,TRUE,TRUE
"FT3193PR","Prolyl-Arginine","脯氨酸-精氨酸",1,1,1,219550.686666667,7.72746150233151,0.493610752290885,TRUE,TRUE,TRUE,TRUE
"FT2007NR","FA(16:2)","9,12-十六碳二烯酸",1,1,1,87783.8333333333,16.6851376228715,0.443016137779864,TRUE,TRUE,TRUE,TRUE
"FT2324NR","N-(2,4-Dinitrophenyl)ethylenediamine","N1-(2,4-硝基苯基)-1,2-乙二胺",1,1,1,3989001.13333333,4.38928012314014,0.104763926201009,TRUE,TRUE,TRUE,TRUE
"FT3959PR","1-O-(2R-hydroxy-4Z-hexadecenyl)-sn-glycerol","1-O-(2R-羟基-4Z-十六烯基)-sn-甘油",1,1,1,1531748.96333333,12.925278913624,0.0647732164724907,TRUE,TRUE,TRUE,TRUE
"FT5289NR","CDP-ethanolamine","胞苷二磷酸乙醇胺",1,1,1,3524820.98333333,1.66263427682145,0.0263757141037149,TRUE,TRUE,TRUE,TRUE
"FT3991PR","Tolmetin glycinamide",NA,1,1,1,734429.353333333,9.76736281423729,0.0913639466096956,TRUE,TRUE,TRUE,TRUE
"FT1560NR","Carbidopa","卡比多巴",1,1,1,124085.236666667,8.14785832923833,0.0220021559885816,TRUE,TRUE,TRUE,TRUE
"FT4957NR","Macrophorin B",NA,1,1,1,1876911.35,1.77692814672482,0.115586565255064,TRUE,TRUE,TRUE,TRUE
"FT7310PR","PE(20:3-OH/P-16:0)","磷脂酰乙醇胺(20:3-OH/P-16:0)",1,1,1,937926.746666667,25.1019223469975,0.402921983633368,TRUE,TRUE,TRUE,TRUE
"FT1248NR","4-Nitroanisole","4-硝基苯甲醚",1,1,1,29201.17,28.5653997550478,0.864853277141446,TRUE,TRUE,TRUE,TRUE
"FT3939NR","2-O-(beta-L-Arabinopyranosyl)-myoinositol","2-O-(β-L-阿拉伯吡喃糖基)-肌醇",1,1,1,1881342,7.21559056477695,0.169956403390587,TRUE,TRUE,TRUE,TRUE
"FT5252NR","4alpha-methyl-5alpha-cholesta-8,14,24-trien-3beta-ol","4-α-甲基-5-α-胆甾烷-8,14,24-三烯-3-β-醇",1,1,1,105438.773333333,18.4568201256211,0.0712002651088474,TRUE,TRUE,TRUE,TRUE
"FT3943PR","2E-Phytenal","2E-植物醛",1,1,1,3196919.52333333,6.8859640402729,0.549154310413294,TRUE,TRUE,TRUE,TRUE
"FT3664NR","10Z-Nonadecenoic acid","10Z-十九碳烯酸",1,1,1,284333.913333333,27.2386517556787,0.0385059003245627,TRUE,TRUE,TRUE,TRUE
"FT1123NR","Alanylvaline","丙氨酰缬氨酸",1,1,1,116270.133333333,9.08265596470446,1.1841814211741,TRUE,TRUE,TRUE,TRUE
"FT5424NR","Corbisterol","山嵛醇",1,1,1,232602.246666667,6.8136617554795,0.0789582927738249,TRUE,TRUE,TRUE,TRUE
"FT5804PR","Glucosylsphingosine","葡萄糖鞘氨醇半乳糖苷",1,1,1,57295.6133333333,23.7904310947244,0.189508600478024,TRUE,TRUE,TRUE,TRUE
"FT5456NR","MG(22:1/0:0)","甘油一酯(22:1/0:0/0:0)",1,1,1,102962.683333333,5.34676963287646,0.218345835294442,TRUE,TRUE,TRUE,TRUE
"FT3722NR","Pro-Thr-Glu","脯氨酰-苏氨酰-谷氨酸",1,1,1,87861.2466666667,2.9417672065737,0.0182562472581906,TRUE,TRUE,TRUE,TRUE
"FT4011NR","20alpha-Dihydroprogesterone","20α-二氢孕酮",1,1,1,77495.85,6.15354073358025,0.12687099918171,TRUE,TRUE,TRUE,TRUE
"FT2989PR","Car(6:0)","己酰肉碱",1,1,1,36338.33,24.07626357453,1.22989567229655,TRUE,TRUE,TRUE,TRUE
"FT2169PR","DL-O-Phosphoserine","DL-O-磷酸丝氨酸",1,1,1,4806839.49,3.36268638829163,0.110443315113451,TRUE,TRUE,TRUE,TRUE
"FT2866NR","1,1,1-Tri(butyryloxy)propane","1,1,1-三(丁酰氧基)丙烷",1,1,1,100261.53,18.2435352714861,0.370869920759514,TRUE,TRUE,TRUE,TRUE
"FT2836NR","11Z-heptadecen-1-ol","11Z-十七烯-1-醇",1,1,1,1084693.17666667,1.65141770519728,0.0402316436047916,TRUE,TRUE,TRUE,TRUE
"FT2263NR","Nafazatrom","那法扎琼",1,1,1,100342.173333333,13.0261866195992,0.116476277860988,TRUE,TRUE,TRUE,TRUE
"FT0822PR","D-Threitol","D-苏糖醇",1,1,1,130414.513333333,7.45339818864392,0.126171075137529,TRUE,TRUE,TRUE,TRUE
"FT4079PR","FA(21:3;O)","11-(3-甲基-5-戊基呋喃-2-基)十一烷酸",1,1,1,1082211.18666667,9.81758398249721,0.132810222848185,TRUE,TRUE,TRUE,TRUE
"FT6006PR","5-Methylhenicosanoylcarnitine","5-甲基二十烷酰肉碱",1,1,1,161982.4,19.1151292900486,0.611752074533796,TRUE,TRUE,TRUE,TRUE
"FT2117NR","Mizoribine","咪唑立宾",1,1,1,2223197.65,22.036032036364,0.0937996401270833,TRUE,TRUE,TRUE,TRUE
"FT7104NR","OKOHA-PA","健康PA",1,1,1,60693502.1066667,22.5388990926647,0.141646398138658,TRUE,TRUE,TRUE,TRUE
"FT0999NR","Ureidosuccinic acid","氨甲酰天冬氨酸",1,1,1,10791514.05,1.97186898059129,0.023029414242739,TRUE,TRUE,TRUE,TRUE
"FT1542NR","Fusaric acid","萎蔫酸",0.833333333333333,0.666666666666667,1,106829.67,12.8976198588169,7.59456366979124,TRUE,TRUE,TRUE,TRUE
"FT3353NR","Methotrimeprazine","左美吗嗪",1,1,1,160956.163333333,15.7718480459678,0.575893647695337,TRUE,TRUE,TRUE,TRUE
"FT5014PR","1alpha-Hydroxypregnacalciferol","阿法骨化醇",1,1,1,1085425.19,8.97660083156949,0.0300813373030971,TRUE,TRUE,TRUE,TRUE
"FT6623NR","FA(35:0)","霉菌蜡酸 (C35)",1,1,1,918895.33,14.9668818792105,0.07207753752475,TRUE,TRUE,TRUE,TRUE
"FT6781PR","PC(16:0/5:0(CHO))","磷脂酰胆碱(16:0/5:0(CHO))",1,1,1,462330.576666667,12.6316326341048,0.252009799407984,TRUE,TRUE,TRUE,TRUE
"FT2609NR","Pelrinone","培力农",1,1,1,45211.3433333333,5.02644462715589,1.44163234319752,TRUE,TRUE,TRUE,TRUE
"FT5509NR","4-Hydroxynonenal glutathione","4-羟基壬烯醛谷胱甘肽",1,1,1,157227.983333333,3.38911861664342,0.237409300476583,TRUE,TRUE,TRUE,TRUE
"FT2299NR","D-erythro-L-galacto-Nonulose","绞股蓝素",1,1,1,1699736.76333333,8.68696845013383,0.245641448094774,TRUE,TRUE,TRUE,TRUE
"FT1798PR","Dodecylamine","十二烷基伯胺",1,1,1,824659.81,19.4299668634354,0.326817856184585,TRUE,TRUE,TRUE,TRUE
"FT5523PR","Nebrosteroid K","黑类固醇K",1,1,1,418884.073333333,19.8623867118434,0.0702355233272348,TRUE,TRUE,TRUE,TRUE
"FT4765PR","1-(1,2,3,4,5-Pentahydroxypent-1-yl)-1,2,3,4-tetrahydro-beta-carboline-3-carboxylate",NA,1,1,1,3992059.71,16.1911014367637,0.0425597304353098,TRUE,TRUE,TRUE,TRUE
"FT2412NR","DOPA sulfate","多巴硫酸盐",1,1,1,2855270.24,9.62851152956894,0.0612252770980888,TRUE,TRUE,TRUE,TRUE
"FT2293PR","Prolyl-Valine","脯氨酰缬氨酸",1,1,1,294187.67,14.8073572098935,0.377401504945237,TRUE,TRUE,TRUE,TRUE
"FT1215PR","4-Guanidinobutanoic acid","4-胍基丁酸",1,1,1,3276256.42333333,10.3582138209271,0.0310347202650862,TRUE,TRUE,TRUE,TRUE
"FT4528PR","(1S,2R,4R,8S)-p-Menthane-2,8,9-triol 2-glucoside","(1S,2R,4R,8S)-对薄荷烷-2,8,9-三醇2-葡萄糖苷",1,1,1,48035.55,28.9059459507371,1.74272370047768,TRUE,TRUE,TRUE,TRUE
"FT3311NR","2-methyl-7R,8S-Epoxy-17-octadecene","2-甲基-7R,8S-环氧-17-十八碳烯",1,1,1,133640.826666667,10.8071589967344,0.0799039155683667,TRUE,TRUE,TRUE,TRUE
"FT6410PR","PC(O-18:0/1:0)","磷脂酰胆碱(O-18:0/1:0)",1,1,1,292103.686666667,27.6756390950825,0.143279016249444,TRUE,TRUE,TRUE,TRUE
"FT0698NR","Penicillamine","青霉胺",1,1,1,1561307.3,12.1821936306788,0.0676401705301087,TRUE,TRUE,TRUE,TRUE
"FT2864PR","13-amino-tridecanoic acid","13-氨基十三酸",1,1,1,44892.14,5.76150028217469,0.351583461728934,TRUE,TRUE,TRUE,TRUE
"FT5418NR","Heliocide H2","螺旋杀菌剂 H2",1,1,1,472260.04,6.2420149727989,0.507315233928635,TRUE,TRUE,TRUE,TRUE
"FT4510NR","Chenodeoxycholic acid","鹅去氧胆酸",1,0.833333333333333,1,152173.99,6.52792145335566,5.41334536934664,TRUE,TRUE,TRUE,TRUE
"FT4480PR","Deutzioside","杜齐甙",1,1,1,52155.2933333333,14.9082459666515,0.080236602112205,TRUE,TRUE,TRUE,TRUE
"FT1832NR","Sarcinic acid","12-甲基十四烷酸",1,1,1,64809.7366666667,3.22937252919605,0.303540346119078,TRUE,TRUE,TRUE,TRUE
"FT4367PR","4'-O-Methylbavachalcone","4'-O-甲基补骨脂查耳酮B",1,1,1,234681.943333333,4.35606122216272,0.11234703628805,TRUE,TRUE,TRUE,TRUE
"FT4081NR","Nervonic acid","神经酸",1,1,1,1985208.24666667,28.650666955398,0.203886037489168,TRUE,TRUE,TRUE,TRUE
"FT5173PR","Car(16:0;O)","3-羟基十六酰肉碱",1,1,1,2828272.89666667,3.84102875357545,0.337256908554641,TRUE,TRUE,TRUE,TRUE
"FT0790NR","2,8-Quinolinediol","2,8-喹啉二醇",1,1,1,536688.19,12.9514984415518,0.0870860537086741,TRUE,TRUE,TRUE,TRUE
"FT2517PR","geniposidie acid_qt","京尼平苷酸",0.833333333333333,1,1,245849.833333333,6.49847339549842,7.0845707673823,TRUE,TRUE,TRUE,TRUE
"FT1169NR","4-Acetamidobutanoic acid","4-乙酰氨基丁酸",0.833333333333333,1,1,58801.8333333333,18.3713500597009,3.73401296626074,TRUE,TRUE,TRUE,TRUE
"FT2194PR","L-Kynurenine","L-犬尿氨酸",1,1,1,125726.523333333,7.91523171780415,0.250438708440267,TRUE,TRUE,TRUE,TRUE
"FT2003NR","8-hydroxy-3E,5E,10E,12-tridecatetraen-2-one","8-羟基-3E,5E,10E,12-十三碳四烯-2-酮",1,1,1,685903.023333333,26.8606679303153,0.17587177745588,TRUE,TRUE,TRUE,TRUE
"FT4033PR","5beta-Pregnane-3,20-dione","5β-孕烷-3,20-二酮",1,1,1,834558.07,3.57750358302929,0.373073504130164,TRUE,TRUE,TRUE,TRUE
"FT4601PR","Tridec-6-enoylcarnitine",NA,1,1,1,2116066.56,1.46749039493256,5.01440528250862,TRUE,TRUE,TRUE,TRUE
"FT1523PR","3-Aminopiperidine-2,6-dione","3-氨基-2,6-哌啶二酮",1,1,1,5699207.92666667,5.4598189186406,0.373819724445737,TRUE,TRUE,TRUE,TRUE
"FT2359PR","Gamma-Glutamylalanine","γ-谷氨酰丙氨酸",1,1,1,975306.516666667,20.8615733664989,1.03286243278107,TRUE,TRUE,TRUE,TRUE
"FT1434NR","N-butanoyl-l-homoserine lactone","N-[(3S)-四氢-2-氧代-3-呋喃基]丁酰胺",1,1,1,2174407.40333333,9.08185055942402,8.57239152366445,TRUE,TRUE,TRUE,TRUE
"FT2654PR","1-hydroxy-2-Oxopropyl tetrahydropterin",NA,1,1,1,2753478.26,16.0675428040791,0.216724154887506,TRUE,TRUE,TRUE,TRUE
"FT4676PR","p-Coumaroyl 3-hydroxytyrosine",NA,1,1,1,151493.96,8.31032694316243,0.148132004157412,TRUE,TRUE,TRUE,TRUE
"FT3066PR","L-Valyl-L-phenylalanine","缬氨酸-苯丙氨酸",0.833333333333333,1,1,32653.91,18.5673155881672,2.908848944567,TRUE,TRUE,TRUE,TRUE
"FT1136NR","Kynurenic acid","犬尿喹啉酸",1,1,1,434401.163333333,5.12200270033965,0.26156185180779,TRUE,TRUE,TRUE,TRUE
"FT3100NR","cinnamoyltyramine",NA,1,1,1,253413.75,9.97434017981659,0.334313553912013,TRUE,TRUE,TRUE,TRUE
"FT1831PR","(2E)-2-(methoxycarbonylmethyl)but-2-enedioic acid","(2E)-2-(甲氧基羰基甲基)丁-2-烯二酸",1,1,1,1981223.54333333,8.5896952877276,0.0403466308644084,TRUE,TRUE,TRUE,TRUE
"FT5925PR","(7Z,10Z,13Z,16Z)-docosatetraenoylcarnitine","(7Z,10Z,13Z,16Z)-二十二碳四烯酰肉碱",1,1,1,1497048.86333333,7.64473830465543,0.600357769089756,TRUE,TRUE,TRUE,TRUE
"FT3771NR","Neoabietic acid","新松脂酸",1,1,1,908981.216666667,19.339696907863,0.0484878481599147,TRUE,TRUE,TRUE,TRUE
"FT1799NR","3-Hydroxyhippuric acid","3-羟基马尿酸",0.833333333333333,0.833333333333333,1,85562.1133333333,6.6930422840181,8.54411423367308,TRUE,TRUE,TRUE,TRUE
"FT3222NR","(+-)-Trihydroxy-decipiadiene","(+-)-三羟基-癸二烯",1,1,1,29922.3966666667,11.8404376091823,0.400540787040205,TRUE,TRUE,TRUE,TRUE
"FT2635NR","3'-Hydroxyamobarbital","5-乙基-5-（3-羟基-3-甲基丁基）巴比妥酸",1,1,1,77585.2833333333,9.9174615301814,0.0980035775263305,TRUE,TRUE,TRUE,TRUE
"FT4958NR","11beta-Hydroxy-3,20-dioxopregn-4-en-21-oic acid","11β-羟基-3,20-二氧孕-4-en-21-油酸",1,1,1,545401.763333333,7.75301999051482,0.129582717099581,TRUE,TRUE,TRUE,TRUE
"FT0925NR","Phenol sulphate","硫酸苯酯",1,1,1,208494.006666667,4.16747725443792,0.65847270218728,TRUE,TRUE,TRUE,TRUE
"FT1806PR","1,2,3,4-Tetrahydro-2-methyl-b-carboline",NA,1,1,1,426671.653333333,10.0204757672868,0.0804791191781953,TRUE,TRUE,TRUE,TRUE
"FT4582NR","N-Acetyl-4-O-acetylneuraminic acid","4-O-乙酰基-N-乙酰基神经氨酸",1,1,1,593030.79,18.6771687390547,0.215964638393998,TRUE,TRUE,TRUE,TRUE
"FT6800NR","LPS(O-19:1;O/0:0)","1-(2-甲氧基-6Z-十八烯基)-sn-甘油-3-磷酸丝氨酸",1,1,1,296185.256666667,14.9659565449946,0.0565553691228989,TRUE,TRUE,TRUE,TRUE
"FT3784NR","S-(Formylmethyl)glutathione","S-（甲酰甲基）谷胱甘肽",1,1,1,99861.1133333333,13.6961100197957,0.163969968133348,TRUE,TRUE,TRUE,TRUE
"FT4445NR","Eicosanedioic acid","二十碳二酸",1,1,1,466096.603333333,12.4690306416752,0.239421718711596,TRUE,TRUE,TRUE,TRUE
"FT0179PR","t-4-AMINOCROTONIC ACID (TACA)","7-氨基-3-[(1H-1,2,3-三唑-4-硫代)甲基]-8-氧代-5-硫杂-1-氮杂双环[4.2.0]辛-2-烯-2-甲酸",1,1,1,18663456.3566667,29.8024172815115,0.366051195243219,TRUE,TRUE,TRUE,TRUE
"FT1849PR","Lanthionine ketimine","羊毛硫氨酸酮亚胺",1,1,1,18230.83,26.3863347184624,0.743741843294957,TRUE,TRUE,TRUE,TRUE
"FT5232NR","Ursolic aldehyde","熊果醛",1,1,1,59220.51,25.3710277645524,0.14515233030402,TRUE,TRUE,TRUE,TRUE
"FT5824PR","Deoxycholylalanine","脱氧胆丙氨酸",1,1,1,184340.676666667,11.3249480017127,0.172721144518417,TRUE,TRUE,TRUE,TRUE
"FT1299NR","1-Acetylproline",NA,1,1,1,2884717.37666667,3.82071432270647,0.140847230455594,TRUE,TRUE,TRUE,TRUE
"FT6228PR","Phytolaccinic acid","美商陆酸",0.833333333333333,1,1,472889.983333333,18.2422015491921,9.48908503940243,TRUE,TRUE,TRUE,TRUE
"FT4369NR","N-palmitoyl glutamine","N-棕榈酰谷氨酰胺",1,1,1,661756.893333333,13.2820489842373,0.314084338614212,TRUE,TRUE,TRUE,TRUE
"FT5031PR","5-Hydroxytrtradeca-7,9-dienoylcarnitine","5-羟基十四烷-7,9-二烯酰肉碱",1,1,1,33773.63,15.8060290193162,0.406146445332831,TRUE,TRUE,TRUE,TRUE
"FT5483PR","Cetylmannoside",NA,0.5,1,1,1486543.31666667,8.06794156059544,23.9753041513549,TRUE,TRUE,TRUE,TRUE
"FT5374PR","Hyaluronic acid","透明质酸",1,1,1,10555708.1166667,13.2763873500454,0.366415256431049,TRUE,TRUE,TRUE,TRUE
"FT1677PR","D-Glucurono-6,3-lactone","D-葡萄糖醛酸-6,3-内酯",1,1,1,1893922.63666667,8.80175870106062,2.60120397842079,TRUE,TRUE,TRUE,TRUE
"FT3986PR","D-gamma-Glutamyl-D-glutamic acid","D-γ-谷氨酰-D-谷氨酸",1,1,1,8466112.53666667,12.750516002213,0.0316094357305719,TRUE,TRUE,TRUE,TRUE
"FT4439PR","FA(23:6)","卡杜辛A",1,1,1,530713.133333333,8.99161098655484,0.0279536998053702,TRUE,TRUE,TRUE,TRUE
"FT4613NR","D-Erythrose 4-phosphate","D-赤藓糖-4-磷酸盐",1,1,1,1734629.31666667,20.2822892250041,0.0889234311124521,TRUE,TRUE,TRUE,TRUE
"FT5859PR","Cepagenin","塞帕吉宁",1,1,1,831699.293333333,13.931587207137,0.0192381496360323,TRUE,TRUE,TRUE,TRUE
"FT7030PR","LPS(O-27:2;O/0:0)","1-(2-甲氧基-5Z,9Z-二十二烯基)-sn-甘油-3-磷酸丝氨酸",1,1,1,420944.04,17.1032980730492,0.167671041749181,TRUE,TRUE,TRUE,TRUE
"FT2104PR","N-Acetylisoputreanine","N-乙酰异腐胺",1,1,1,646124.45,27.099403976719,0.0924250759348918,TRUE,TRUE,TRUE,TRUE
"FT1306PR","2-Hydroxyadenine","磷酸氟达拉滨杂质B",1,1,1,37343715.3633333,2.07283523815118,0.0167795491658992,TRUE,TRUE,TRUE,TRUE
"FT2611PR","(S)-2,3-Dihydro-7-hydroxy-2-methyl-4-oxo-4H-1-benzopyran-5-acetic acid","(S)-2,3-二氢-7-羟基-2-甲基-4-氧代-4H-1-苯并吡喃-5-乙酸",1,1,1,23214.57,6.99138933250509,0.0922474046267268,TRUE,TRUE,TRUE,TRUE
"FT4233NR","7alpha-Hydroxy-5beta-cholan-24-oic Acid","熊去氧胆酸杂质3",1,1,1,35827.45,22.2202124071704,0.242426828290477,TRUE,TRUE,TRUE,TRUE
"FT4887PR","Swertiamarin","獐牙菜甙",1,1,1,102814.256666667,7.57755912380965,0.0619377398104564,TRUE,TRUE,TRUE,TRUE
"FT3823NR","Bavacoumestan A","巴瓦库斯坦A",1,1,1,80751.8766666667,4.71598799661209,0.156003547601099,TRUE,TRUE,TRUE,TRUE
"FT5071NR","cholest-5-en-23-yn-3beta-ol","胆固醇-5-烯-23-炔-3β-醇",1,1,1,197548.633333333,5.05067323222448,0.0666088429238497,TRUE,TRUE,TRUE,TRUE
"FT2877PR","Tyrosyl-Alanine","酪氨酰丙氨酸",1,1,1,49199.13,18.5811440039442,0.329485791756668,TRUE,TRUE,TRUE,TRUE
"FT3481NR","Daidzein 4'-sulfate","大豆苷元 4'-硫酸盐",0.833333333333333,0.666666666666667,1,27285.54,8.56176699708909,6.57966885159654,TRUE,TRUE,TRUE,TRUE
"FT3375PR","Leu-leu-ome",NA,1,0.833333333333333,1,85713.88,7.55840431939468,6.48007990253946,TRUE,TRUE,TRUE,TRUE
"FT5368PR","(10Z)-7-Hydroxyhexadecenoylcarnitine","(10Z)-7-羟基十六碳酰肉碱",1,1,1,255957.856666667,6.06770299764318,0.220786365161484,TRUE,TRUE,TRUE,TRUE
"FT5070NR","14-Epi-19-nortachysterol","14-Epi-19-去甲甾醇",1,1,1,610961.673333333,4.75219260249107,0.242300917138916,TRUE,TRUE,TRUE,TRUE
"FT2779PR","Valylglutamic acid","缬氨酸-谷氨酸",1,1,1,795872.1,4.91950178581271,1.61334190661496,TRUE,TRUE,TRUE,TRUE
"FT4461PR","11-Dehydrocorticosterone","11-去氢皮质甾酮",0.666666666666667,1,1,40409.3866666667,13.5113566279921,5.463301532641,TRUE,TRUE,TRUE,TRUE
"FT4226NR","Pseudomonine","假单胞菌",1,1,1,75621.4866666667,4.09564012722962,0.0898909333168238,TRUE,TRUE,TRUE,TRUE
"FT0315NR","Indole","吲哚",1,1,1,74100.3533333333,10.0968565667698,0.0678079159360104,TRUE,TRUE,TRUE,TRUE
"FT4479PR","Miraxanthin-V",NA,1,1,1,31503.6066666667,7.83205652909512,0.207506281963866,TRUE,TRUE,TRUE,TRUE
"FT1645PR","1,3-Benzodioxole-5,6-diamine",NA,1,1,1,4349950.59666667,2.06178478845184,0.0530976181676733,TRUE,TRUE,TRUE,TRUE
"FT1108NR","cis-2-Methylaconitate","顺-2-乌头酸甲酯",1,1,1,462124.043333333,17.5962494520679,0.131073662205608,TRUE,TRUE,TRUE,TRUE
"FT4368NR","6,7-dihydro-12-epi-LTB4","6,7-二氢-12-表-白三烯B4",1,1,1,148019.18,21.9502304136298,1.38667824551731,TRUE,TRUE,TRUE,TRUE
"FT5198NR","Penicildione D","青霉二酮D",1,1,1,330803.773333333,1.75790713599329,0.23883761459104,TRUE,TRUE,TRUE,TRUE
"FT5002NR","S-(1,2-Dicarboxyethyl)glutathione","S-(1,2-二羧乙基)谷胱甘肽",1,1,1,1256759.78666667,10.1980228624894,0.0513150418075403,TRUE,TRUE,TRUE,TRUE
"FT3216NR","AICAR","5-氨基咪唑-4-甲酰胺-1-β-D-呋喃核糖苷5-磷酸盐",1,1,1,728244.533333333,7.38933893417278,0.296409953027273,TRUE,TRUE,TRUE,TRUE
"FT3876NR","5-methylthiopentyldesulfoglucosinolate","5-甲基硫代戊基脱硫芥子油苷",1,1,1,91899.0233333333,2.59832025863352,0.0709882032470024,TRUE,TRUE,TRUE,TRUE
"FT3860NR","Prostaglandin F2a","前列腺素F2α",1,1,1,481719.336666667,0.734488940180136,0.0609898534029965,TRUE,TRUE,TRUE,TRUE
"FT1257NR","Harmalol","骆驼蓬酚",1,1,1,39641.63,27.6848712482507,1.75990769037028,TRUE,TRUE,TRUE,TRUE
"FT4069NR","4-p-Coumaroyl-1,5-quinolactone","4-对香豆酰基-1,5-喹内酯",1,1,1,30071.7933333333,17.0949209565901,0.623922626519246,TRUE,TRUE,TRUE,TRUE
"FT7594PR","SM(d18:2/20:5-OH)","鞘磷脂(d18:2/20:5-OH)",0.666666666666667,1,1,1002579.92,7.15732579784274,16.1384055685509,TRUE,TRUE,TRUE,TRUE
"FT4819PR","Semiplenamide F","半烯丙基酰胺 F",1,1,1,140776.34,20.8473257522966,0.14357229328228,TRUE,TRUE,TRUE,TRUE
"FT6005NR","(3beta,17alpha,23S)-17,23-Epoxy-3,29-dihydroxy-27-norlanost-8-en-24-one","(3β,17α,23S)-17,23-环氧-3,29-二羟基-27-降兰甾-8-烯-24-酮",0.833333333333333,1,1,184686.726666667,5.15040327302303,5.65117319399745,TRUE,TRUE,TRUE,TRUE
"FT5709PR","(22E)-1alpha,25-dihydroxy-26-methyl-22,23-didehydrovitamin D3","(22E)-1α,25-二羟基-26-甲基-22,23-二脱氢维生素 D3",0.833333333333333,1,1,2146204.35666667,10.6423250535198,12.2096877752133,TRUE,TRUE,TRUE,TRUE
"FT0127NR","Mesylate","(苄基)二甲基十二烷基铵甲磺酸盐",1,1,1,815718.713333333,16.1548450808667,0.073133221561661,TRUE,TRUE,TRUE,TRUE
"FT3769NR","2-(3,7-Dimethyl-2,6-octadienyl)-4-hydroxy-6-methoxyacetophenone","2-(3,7-二甲基-2,6-辛二烯基)-4-羟基-6-甲氧基苯乙酮",1,1,1,1549582.16666667,5.52267470046161,0.0664395096392129,TRUE,TRUE,TRUE,TRUE
"FT5738PR","N-hexacosanoylglycine","N-二十二烷酰甘氨酸",1,1,1,66610.1033333333,13.7592292527303,0.544264957770952,TRUE,TRUE,TRUE,TRUE
"FT1859PR","1,2-Cyclohexanedicarboxylic acid","反-1,2-环己烷二甲酸",1,1,1,134136.726666667,7.64960132583302,1.79555187986135,TRUE,TRUE,TRUE,TRUE
"FT2185NR","tri-glyceride","甘油三酯",1,1,1,4468071.81666667,8.48221523765265,0.0730193526959092,TRUE,TRUE,TRUE,TRUE
"FT2073NR","N-lauroyl glycine","N-月桂酰甘氨酸",1,1,1,103984.43,11.7181101366618,0.747226174985697,TRUE,TRUE,TRUE,TRUE
"FT6409PR","PC(9:0/9:0)","磷脂酰胆碱(9:0/9:0)",1,1,1,614450.066666667,6.36692580384636,0.130715101750306,TRUE,TRUE,TRUE,TRUE
"FT4302PR","Berberine","小檗碱",1,0.833333333333333,1,30815.67,11.2675108959743,3.1691248525533,TRUE,TRUE,TRUE,TRUE
"FT5825NR","Lonchocarpol B","龙须草酚 B",1,1,1,490665.03,4.80249686216983,0.0783064472433207,TRUE,TRUE,TRUE,TRUE
"FT1072NR","5-Hydroxyisourate","抗坏血酸",1,1,1,273130.626666667,12.3699042023814,0.0997257297690186,TRUE,TRUE,TRUE,TRUE
"FT5408PR","Simvastatin","辛伐他汀",1,1,1,156648.64,27.9090870483104,0.330926750336886,TRUE,TRUE,TRUE,TRUE
"FT3311PR","gamma-Glutamylmethionine","γ-谷氨酰蛋氨酸",1,1,1,97241.0333333333,23.6702963670044,0.440258228785934,TRUE,TRUE,TRUE,TRUE
"FT7903PR","Cyclotricuspidoside C","环三刺苷C",1,1,1,283233.033333333,16.4344903484089,0.165838877857571,TRUE,TRUE,TRUE,TRUE
"FT0986NR","Phosphonoacetic acid","磷酰基乙酸",1,1,1,10070714.0466667,4.26581433664577,0.0346443687537807,TRUE,TRUE,TRUE,TRUE
"FT0992PR","Aminocaproic acid","氨基己酸",1,1,1,64205549.2866667,8.38876003689161,0.0930983254367967,TRUE,TRUE,TRUE,TRUE
"FT2112NR","5,6-epoxy-2-salicyloylamino-2-cyclohexen-1,4-dione",NA,1,1,1,1544618.28,5.71156045888281,0.175152408603572,TRUE,TRUE,TRUE,TRUE
"FT5711NR","LPC(O-16:1/0:0)","磷脂酰胆碱(O-16:1/0:0)",1,1,1,315182.283333333,5.95634308957744,0.0581318182005491,TRUE,TRUE,TRUE,TRUE
"FT2764PR","S-3-oxodecanoyl cysteamine","S-3-氧代癸酰半胱胺",1,1,1,2684439.91666667,11.5176080100289,0.321389275492725,TRUE,TRUE,TRUE,TRUE
"FT4409PR","FA(20:5;O)","11S-羟基二十碳五烯酸",1,1,1,110243.323333333,15.4050505727808,1.25457576232864,TRUE,TRUE,TRUE,TRUE
"FT7572PR","PC(20:4-OH(5S)/16:1)","磷脂酰胆碱(20:4-OH(5S)/16:1)",1,1,1,3529743.77666667,4.23054222588181,5.73873303010737,TRUE,TRUE,TRUE,TRUE
"FT2834NR","Dehydroabietic acid","去氢松香酸",1,0.833333333333333,1,51844.3533333333,16.7962222997497,3.228299237967,TRUE,TRUE,TRUE,TRUE
"FT4334NR","FA(24:1;O)","3-氧代二十四酸",1,1,1,218283.866666667,3.15471273567887,0.244639690381608,TRUE,TRUE,TRUE,TRUE
"FT3627NR","5-amino-1-(5-phosphonato-D-ribosyl)imidazol-3-ium",NA,1,1,1,1556602.8,4.03573791577822,0.0195740356176672,TRUE,TRUE,TRUE,TRUE
"FT4798NR","Ala-Glu-Phe","丙氨酰-谷氨酰-苯丙氨酸",0.833333333333333,1,1,33535.9866666667,13.9578242771143,2.40074176427417,TRUE,TRUE,TRUE,TRUE
"FT2971NR","4-Thiouridine","4-硫尿苷",1,1,1,2984936.58333333,2.11774683773007,0.0495749311010282,TRUE,TRUE,TRUE,TRUE
"FT4389PR","(3E,5E,8Z)-Deca-3,5,8-trienedioylcarnitine","(3E,5E,8Z)-癸-3,5,8-三烯二酰肉碱",1,1,1,70296.0966666667,15.321911698885,0.972881777312108,TRUE,TRUE,TRUE,TRUE
"FT4929NR","Dihydroferulic acid 4-O-glucuronide","二氢阿魏酸 4-O-葡萄糖醛酸苷",1,1,1,26920.1566666667,1.48344625388853,0.165684851956979,TRUE,TRUE,TRUE,TRUE
"FT2409PR","Glycyl-Phenylalanine","甘氨酸-苯丙氨酸",1,1,1,111155.93,6.51319336440573,0.43222119097262,TRUE,TRUE,TRUE,TRUE
"FT3348NR","5-O-beta-D-Xylopyranosyl-L-arabinose","5-O-β-D-吡喃木糖基-L-阿拉伯糖",1,1,1,407411.443333333,27.5489136162319,0.0419333395554376,TRUE,TRUE,TRUE,TRUE
"FT4790PR","Oleoylcholine","油酰胆碱",1,1,1,605778.99,7.40445923976575,0.243022505249072,TRUE,TRUE,TRUE,TRUE
"FT6195PR","Cer(d14:1/18:0)","神经酰胺(d14:1/18:0)",1,1,1,107172.46,10.5371218604167,0.218248545808809,TRUE,TRUE,TRUE,TRUE
"FT1680NR","Cysteinylhydroxyproline","胱氨酰羟脯氨酸",1,1,1,5934274.55666667,4.40053450845591,0.039470656354439,TRUE,TRUE,TRUE,TRUE
"FT1895NR","benzyl-6-hydroxy-2-cyclohexene-on-oyl","6-羟基-2-环己烯酰基苄基",1,1,1,24931.3266666667,23.7040432551324,0.989880672906266,TRUE,TRUE,TRUE,TRUE
"FT7203NR","3,4-Dihydrospheroidenone",NA,1,1,1,7495760.22666667,16.0240334447155,0.0484953800043446,TRUE,TRUE,TRUE,TRUE
"FT1684NR","Pterosin N",NA,1,1,1,832200.57,3.80511337253195,0.0848108052877739,TRUE,TRUE,TRUE,TRUE
"FT7344PR","SM(d18:0/18:1(11Z))","鞘磷脂(d18:0/18:1)",1,1,1,4613145.66,22.2569353286802,1.38448082922406,TRUE,TRUE,TRUE,TRUE
"FT5364PR","Noscapine","那可汀",1,1,1,22841.6733333333,1.88567755484941,0.363571634702855,TRUE,TRUE,TRUE,TRUE
"FT2489PR","3-hydroxy-.beta.-ionol",NA,1,1,1,15976326.3233333,8.19852983201433,0.432648549146176,TRUE,TRUE,TRUE,TRUE
"FT6455NR","LysoPC(P-18:1/0:0)","磷脂酰胆碱(P-18:1/0:0)",1,1,1,158816.03,23.2335415237948,0.21281320237748,TRUE,TRUE,TRUE,TRUE
"FT2300NR","voxtalisib",NA,1,1,1,31070.27,24.5906257601277,0.361434075215302,TRUE,TRUE,TRUE,TRUE
"FT7422PR","PC(O-16:1/18:0)","磷脂酰胆碱(O-16:1/18:0)",1,1,1,1652571.74666667,10.4000912949672,0.0585174192817767,TRUE,TRUE,TRUE,TRUE
"FT0258PR","N,N,N-Trimethylethenaminium",NA,1,1,1,25022660.8766667,5.79612899240615,0.0755137383403544,TRUE,TRUE,TRUE,TRUE
"FT1600NR","Icaridin","埃卡瑞丁",1,1,1,859130.3,8.62319226957124,0.430500464805514,TRUE,TRUE,TRUE,TRUE
"FT6056NR","alpha-Tocopherol phosphate","α-生育酚磷酸盐",1,1,1,399446.996666667,3.49041315552971,0.0668367110088693,TRUE,TRUE,TRUE,TRUE
"FT5486NR","Ser-Tyr-Phe","丝氨酰-酪氨酰-苯丙氨酸",1,1,1,103007.573333333,6.07543734052442,0.258639057833993,TRUE,TRUE,TRUE,TRUE
"FT2573NR","Myristoylglycine","肉豆蔻酰甘氨酸",1,1,1,177824.823333333,11.8728346468907,0.0884767770109304,TRUE,TRUE,TRUE,TRUE
"FT4136NR","L-Prolinamide, 5-oxo-L-prolyl-L-norvalyl-","L-脯氨酰胺，5-氧代-L-脯氨酰-L-正缬氨酸",1,1,1,80170.6466666667,2.39144025513116,0.0243607124751199,TRUE,TRUE,TRUE,TRUE
"FT6419NR","Armochaetoglasin K",NA,1,1,1,376932.613333333,6.0228406717498,0.0163722250724425,TRUE,TRUE,TRUE,TRUE
"FT7545PR","PC(P-16:0/22:6)","磷脂酰胆碱(P-16:0/22:6)",1,1,1,1420495.64,19.8206088870893,0.463849563269768,TRUE,TRUE,TRUE,TRUE
"FT2729NR","Phaclofen","3-氨基-2-(4-氯苯基)丙基膦酸",1,1,1,3093404.5,15.7420673668498,0.120206199965976,TRUE,TRUE,TRUE,TRUE
"FT3541NR","Docosadienoic acid","二十二碳二烯酸",1,1,1,1920872.47,2.80013537615966,0.082238955158311,TRUE,TRUE,TRUE,TRUE
"FT2119PR","1-Carboxyethylisoleucine","1-羧乙基异亮氨酸",1,1,1,455545.116666667,7.65858194350953,0.469265919312361,TRUE,TRUE,TRUE,TRUE
"FT1534PR","Pyridoxal","吡哆醛",1,1,1,1711375.79666667,2.96984890297665,0.0784575121048957,TRUE,TRUE,TRUE,TRUE
"FT4774NR","6-Thioinosine-5'-monophosphate",NA,1,1,1,5831542.55,8.32314314787932,0.0406224107193358,TRUE,TRUE,TRUE,TRUE
"FT4286NR","Folipastatin",NA,1,1,1,1628381.68,11.6133259140272,0.205076743503177,TRUE,TRUE,TRUE,TRUE
"FT3674PR","Panaquinquecol 4",NA,1,1,1,14579726.8733333,8.97611976378743,0.0209639342225175,TRUE,TRUE,TRUE,TRUE
"FT5636NR","2-Methylthio-adenosine-5'-diphosphate",NA,1,1,1,1548203.19,7.54229730794227,0.561255863191677,TRUE,TRUE,TRUE,TRUE
"FT0857PR","2-Aminoethanesulfonamide","2-氨基乙基磺酰胺",1,1,1,8714165.98666667,8.87801691406238,0.0306198299936882,TRUE,TRUE,TRUE,TRUE
"FT4667PR","3-hydroxydodecanoyl carnitine","3-羟基十二酰肉碱",1,1,1,167954.976666667,8.9055626726372,0.185675346050218,TRUE,TRUE,TRUE,TRUE
"FT4872NR","Trp-Asp-Ile","色氨酰-天冬氨酰-异亮氨酸",1,1,1,81060.97,4.69861242142179,0.132004541675131,TRUE,TRUE,TRUE,TRUE
"FT0927PR","Dibutylamine","二正丁胺",1,1,1,2386498.03333333,12.9396496934329,0.449105354565603,TRUE,TRUE,TRUE,TRUE
"FT3181PR","6-(1,2,3,4-Tetrahydroxybutyl)oxane-2,3,4,5-tetrol","6-（1,2,3,4-四羟基丁基）氧杂环己烷-2,3,4,5-四醇",1,1,1,130901.73,12.4248166412192,0.180780809234906,TRUE,TRUE,TRUE,TRUE
"FT4246NR","Gossypetin 3-methyl ether","棉素3-甲醚",1,1,1,100972.023333333,3.73121189209387,0.024216066866466,TRUE,TRUE,TRUE,TRUE
"FT0553PR","Thiomorpholine","硫代吗啉",1,1,1,7942819.57666667,12.3677298177404,0.100641863122577,TRUE,TRUE,TRUE,TRUE
"FT3107NR","N-palmitoylglycine","N-棕榈酰甘氨酸",1,1,1,190592.596666667,13.0411374642726,0.0527797048567875,TRUE,TRUE,TRUE,TRUE
"FT0515PR","1-Methylpiperazine","N-甲基哌嗪",1,1,1,215925.72,10.4401465377649,0.0769027838451431,TRUE,TRUE,TRUE,TRUE
"FT4512PR","4,5-dehydro Docosahexaenoic Acid","4,5-脱氢二十二碳六烯酸",1,1,1,4670677.16666667,4.28654589603167,0.00822461202388597,TRUE,TRUE,TRUE,TRUE
"FT4073NR","Edulenane",NA,1,1,1,1555531.93333333,17.9458272486822,0.224981279729123,TRUE,TRUE,TRUE,TRUE
"FT5691NR","Colupdox a",NA,1,1,1,479524.676666667,1.75451533381425,0.455130302424017,TRUE,TRUE,TRUE,TRUE
"FT2921PR","7,8-Dihydroneopterin","7,8-二氢-D-新蝶呤",1,1,1,671972.526666667,14.3134466820142,0.14684022101461,TRUE,TRUE,TRUE,TRUE
"FT5849PR","10-Hydroxyheptadecanoylcarnitine",NA,1,1,1,953341.86,15.7228071472191,0.15573841151427,TRUE,TRUE,TRUE,TRUE
"FT3987NR","SCHEMBL16685713",NA,1,1,1,6614214.03333333,16.4690129828398,0.120119547467178,TRUE,TRUE,TRUE,TRUE
"FT5968PR","Citronellyl beta-sophoroside","香茅基β-槐糖苷",1,1,1,1371822.60666667,17.9274691586741,2.08610067687519,TRUE,TRUE,TRUE,TRUE
"FT3639NR","N-Myristoyl Isoleucine","N-肉豆蔻酰异亮氨酸",1,1,1,132379.16,2.43676572685007,0.102404335613372,TRUE,TRUE,TRUE,TRUE
"FT5337PR","N-Oleoyl Glutamine","N-油酰谷氨酰胺",1,1,1,145039.443333333,9.73588415703919,1.06826943498585,TRUE,TRUE,TRUE,TRUE
"FT5477NR","Pro-Ile-Trp","脯氨酰-异亮氨酰-色氨酸",0.666666666666667,1,1,25124.4133333333,9.9044707620852,4.06209237656561,TRUE,TRUE,TRUE,TRUE
"FT5389PR","12-Hydroxyhexadecanoylcarnitine","12-羟基十六烷酰肉碱",1,1,1,112834.576666667,9.66667054959595,0.0662426556256457,TRUE,TRUE,TRUE,TRUE
"FT4616PR","ent-16beta-Methoxy-19-kauranoic acid","ent-16β-甲氧基-19-贝壳杉酸",1,1,1,163684.893333333,20.5006085872737,0.151374676501233,TRUE,TRUE,TRUE,TRUE
"FT5620PR","(9S,10E,12Z)-9-Hydroxyoctadeca-10,12-dienoylcarnitine","(9S,10E,12Z)-9-羟基十八-10,12-二烯酰肉碱",1,1,1,157302.71,6.76762717707944,0.195980710948042,TRUE,TRUE,TRUE,TRUE
"FT6658NR","LysoPE(22:6/0:0)","磷脂酰乙醇胺(22:6/0:0)",1,1,1,305352.06,19.0721162872809,0.0966043051190768,TRUE,TRUE,TRUE,TRUE
"FT0695NR","4-Thiazolidinone",NA,1,1,1,520631.34,11.2906873453022,0.278579963046661,TRUE,TRUE,TRUE,TRUE
"FT0555NR","Tetrahydrothiophene-3-ol 1,1-dioxide","1,1-二氧代-3-羟基-四氢噻吩",0.833333333333333,1,1,130920.253333333,25.2226529312428,6.38408872795635,TRUE,TRUE,TRUE,TRUE
"FT2885NR","2-Hexenoylcarnitine","2-己烯酰肉碱",0.833333333333333,0.166666666666667,1,27648.3033333333,3.05809771237862,9.26148878261967,TRUE,TRUE,TRUE,TRUE
"FT4252PR","3-hydroxydecanoyl carnitine","3-羟基癸酰肉碱",1,1,1,43053.7533333333,4.61401954585578,0.139586608198261,TRUE,TRUE,TRUE,TRUE
"FT0017NR","Acrylic acid","聚丙烯酸钾",1,1,1,8785269.04666667,5.84069269637404,0.0746531584727626,TRUE,TRUE,TRUE,TRUE
"FT1872PR","Coumarin-4-carboxylic acid","香豆素-4-羧酸",1,1,1,24638.77,9.58755519363978,0.161582516746287,TRUE,TRUE,TRUE,TRUE
"FT1436PR","Propionylcholine",NA,1,1,1,8481060.32333333,9.51265271576481,0.0671789998639991,TRUE,TRUE,TRUE,TRUE
"FT2916NR","Temarotene",NA,1,1,1,9382094.54333333,15.3116162871807,0.0632661792796652,TRUE,TRUE,TRUE,TRUE
"FT1181NR","1-Acetyl-2-methylcyclopentene",NA,1,1,1,2772374.11666667,9.89544540908751,0.0331700678852408,TRUE,TRUE,TRUE,TRUE
"FT0251NR","Glycolic acid","乙醇酸",1,1,1,24039038.0366667,3.60903138011719,0.037965948857287,TRUE,TRUE,TRUE,TRUE
"FT0893NR","9-Undecenal","1,1-二甲氧基癸烷",1,1,1,59712.28,13.7296635309313,0.155713758537534,TRUE,TRUE,TRUE,TRUE
"FT2533NR","Biopterin","生物喋呤",1,1,1,2693398.76666667,9.27275861540271,0.0372694994009166,TRUE,TRUE,TRUE,TRUE
"FT1357NR","4-Nitrophenyl butyrate","4-硝基苯丁酸酯",1,1,1,47671.13,21.5513484791,0.0937478748076441,TRUE,TRUE,TRUE,TRUE
"FT2318NR","Phosphocitrate","磷酰柠檬酸",1,1,1,7135431.18666667,2.68324109612321,0.0170019175967071,TRUE,TRUE,TRUE,TRUE
"FT1947NR","Samin","萨敏",1,1,1,58483.18,6.87225451190383,0.0287882327189308,TRUE,TRUE,TRUE,TRUE
"FT3812PR","t17:0 phytosphingosine","T17:0 植物鞘氨醇",0.833333333333333,1,1,49539.9,4.32653828453836,2.80176807284695,TRUE,TRUE,TRUE,TRUE
"FT4010PR","Pristanic acid","降植烷酸",1,1,1,227910.886666667,5.25154041301559,0.172262856955576,TRUE,TRUE,TRUE,TRUE
"FT3420PR","5-Methylthioribulose 1-phosphate","5-甲基硫代核糖1-磷酸",1,1,1,446732.6,7.52284058694405,0.0657622637664361,TRUE,TRUE,TRUE,TRUE
"FT2184NR","N-(2-Hydroxy-3,3,3-trifluoropropyl)-2-(2-nitro-1-imidazolyl)acetamide","N-(2-羟基-3,3,3-三氟丙基)-2-(2-硝基-1-咪唑基)乙酰胺",1,1,1,47100.29,12.5235014698043,0.401908663466034,TRUE,TRUE,TRUE,TRUE
"FT3686PR","Linoleamide","亚油酰胺",1,1,1,3002939.46,18.4033244821419,0.445047444272107,TRUE,TRUE,TRUE,TRUE
"FT0089NR","1-Nitropropane","1-硝基丙烷",1,1,1,1505445.08333333,18.9430194753446,0.114714453664382,TRUE,TRUE,TRUE,TRUE
"FT3592NR","N-Oleoyl glycine","2-油酰胺基乙酸",1,1,1,181733.46,5.88359651414495,0.0613847788814257,TRUE,TRUE,TRUE,TRUE
"FT6484PR","PC(6:0/6:0)","磷脂酰胆碱(6:0/6:0)",1,1,1,24569748.8933333,3.45270359732706,0.0526733673335666,TRUE,TRUE,TRUE,TRUE
"FT3197NR","Camonagrel","卡莫格雷",1,1,1,30162.41,21.1069059576244,0.229465885983771,TRUE,TRUE,TRUE,TRUE
"FT2671NR","5-Fluoro-2'-deoxycytidine",NA,1,1,1,340767.986666667,11.8246012145853,0.0206666925984801,TRUE,TRUE,TRUE,TRUE
"FT4006NR","Isopulegone caffeate","咖啡酸异胡薄荷酮",1,1,1,60806.9666666667,16.5099104626261,0.0631871441878242,TRUE,TRUE,TRUE,TRUE
"FT1115NR","Antipyrine","安替比林",1,1,1,89971.9633333333,8.38026970208652,0.271442120091192,TRUE,TRUE,TRUE,TRUE
"FT4209PR","Glycine, N-[1-(phenylacetyl)-L-prolyl]-","甘氨酸，N-[1-(苯乙酰基)-L-脯氨酰基]-",1,1,1,60255.19,9.98780739462666,0.0595645484281776,TRUE,TRUE,TRUE,TRUE
"FT0611NR","(-)-5-(2-Propenyl)-2-oxazolidinethione",NA,1,1,1,32457.2166666667,4.00030507383997,0.234912805310203,TRUE,TRUE,TRUE,TRUE
"FT3425NR","ent-16b,19-Kauranediol 19-acetate","ent-16b,19-贝壳杉二醇 19-乙酸酯",1,1,1,8681531.44333333,10.9231408967559,0.081889846561717,TRUE,TRUE,TRUE,TRUE
"FT4635NR","Risdiplam","利司扑兰",1,1,1,91167.2566666667,15.5696808422285,0.0518534633359121,TRUE,TRUE,TRUE,TRUE
"FT2761NR","(S)-2-Methyl-1-butanol O-beta-D-Glucopyranoside",NA,0.833333333333333,0.666666666666667,1,36830.6,18.4531277990716,6.60297463410986,TRUE,TRUE,TRUE,TRUE
"FT1267NR","5-Acetyl-2,4-dimethylthiazole","2,4-二甲基-5-乙酰基噻唑",1,1,1,31772.3966666667,9.22028593417044,0.155611971293976,TRUE,TRUE,TRUE,TRUE
"FT1420PR","1,5-Naphthalenediamine","1,5-萘二胺",1,1,1,1709224.84,8.33882605825213,0.122520610605304,TRUE,TRUE,TRUE,TRUE
"FT3654NR","Sphalleroside A","鬼臼甙A",1,1,1,29391.06,18.1262912829919,1.40071000061158,TRUE,TRUE,TRUE,TRUE
"FT4086PR","1-Methylguanosine","1-甲基鸟苷",0.833333333333333,1,1,33415.68,18.6696899208177,3.61359847099887,TRUE,TRUE,TRUE,TRUE
"FT7045PR","23-O-beta-D-Glucopyranosyl-25-methyldolichosterone","23-O-β-D-吡喃葡萄糖基-25-甲基多甾酮",1,1,1,375699.653333333,10.0158553167142,0.134706575852557,TRUE,TRUE,TRUE,TRUE
"FT0834NR","Benzeneacetonitrile","苯乙腈",1,1,1,97122.4533333333,3.33906581760914,0.0891464725707714,TRUE,TRUE,TRUE,TRUE
"FT1643NR","(2r)-2-[(R)-Amino(Carboxy)methyl]-5-Methyl-3,6-Dihydro-2h-1,3-Thiazine-4-Carboxylic Acid",NA,1,1,1,125963.226666667,9.67278019641519,0.403916049928027,TRUE,TRUE,TRUE,TRUE
"FT2622NR","Uridine 2',3'-cyclic phosphate","尿苷 2ˊ,3ˊ-环一磷酸",1,1,1,2462223.80333333,24.2711725824271,0.0640850186468896,TRUE,TRUE,TRUE,TRUE
"FT1488PR","Cysteine isopropyl ester",NA,1,1,1,65154.8366666667,5.57739884651967,0.249653444101275,TRUE,TRUE,TRUE,TRUE
"FT1873NR","(S)-alpha-Amino-4-carboxy-3-furanpropanoic acid","(S)-α-氨基-4-羧基-3-呋喃丙酸",1,1,1,822814.266666667,0.989388099039578,0.0409596169231487,TRUE,TRUE,TRUE,TRUE
"FT4168PR","Ethyl (Z,Z)-9,12-octadecadienoate",NA,1,1,1,15731566.6466667,4.79612447211165,0.0359318472372625,TRUE,TRUE,TRUE,TRUE
"FT4787PR","N-Stearoyl Threonine","N-硬脂酰苏氨酸",1,1,1,256638.13,6.8610853264166,0.0488990257503204,TRUE,TRUE,TRUE,TRUE
"FT1031PR","3-Hydroxynorvaline","3-羟基-DL-正缬氨酸",1,1,1,33234971.27,1.27638896749628,0.169098335903615,TRUE,TRUE,TRUE,TRUE
"FT4016NR","WE(20:3/4:0)","11Z,14Z,17Z-二十碳三烯基异丁酸酯",1,1,1,721549.64,14.3178946124918,0.0431139700664244,TRUE,TRUE,TRUE,TRUE
"FT6823NR","(25R)-3alpha,7alpha-dihydroxy-5beta-cholestan-27-oyl taurine","(25R)-3α,7α-二羟基-5β-胆甾烷-27-酰基牛磺酸",1,1,1,53307.6566666667,20.0889170728545,0.0898013932006989,TRUE,TRUE,TRUE,TRUE
"FT1955NR","pentalenene",NA,1,1,1,412597.753333333,13.9392422423115,0.03672238515846,TRUE,TRUE,TRUE,TRUE
"FT0707NR","4-Mercapto-2-butanone","4-巯基-2-丁酮",1,1,1,112188.473333333,22.0729178457389,0.530746209245683,TRUE,TRUE,TRUE,TRUE
"FT1848NR","5,7-octadienoylglycine",NA,1,0.833333333333333,1,215680.286666667,6.97745169406054,8.69316274310536,TRUE,TRUE,TRUE,TRUE
"FT2370PR","Benzoic acid sulfate","苯甲酸硫酸盐",1,1,1,60032.2833333333,14.1135058308942,0.450687335811665,TRUE,TRUE,TRUE,TRUE
"FT0668PR","Aminomethanesulfonic acid","氨基甲磺酸",1,1,1,6580016.27333333,10.672410956345,0.0536491388976891,TRUE,TRUE,TRUE,TRUE
"FT5326NR","Ximaosteroid B","喜毛甾醇B",1,1,1,593616.726666667,9.05336964625036,0.104707160811066,TRUE,TRUE,TRUE,TRUE
"FT6274NR","LysoPA(22:4/0:0)","溶血磷脂酸(22:4/0:0)",1,1,1,5184715.72666667,27.2127219429671,0.25310051906632,TRUE,TRUE,TRUE,TRUE
"FT4318PR","Juglone glucoside","丁香酮葡糖苷",1,1,1,49175.84,16.3278900847186,0.0824700990820179,TRUE,TRUE,TRUE,TRUE
"FT4995PR","Erucicoyl-EA","芥酰基-EA",1,1,1,344778.863333333,9.04950231157658,0.267119931989155,TRUE,TRUE,TRUE,TRUE
"FT1363NR","Dehydroascorbic acid","脱氢抗坏血酸",1,1,1,33128291.05,7.80339541870796,0.0871392668362879,TRUE,TRUE,TRUE,TRUE
"FT2840NR","SCHEMBL15641150",NA,1,1,1,6167558.04333333,1.68129795485033,0.270988074477567,TRUE,TRUE,TRUE,TRUE
"FT2128PR","Cysteinyl-Threonine","胱氨酰苏氨酸",1,1,1,1177906.58666667,9.9495784547257,0.573873078697251,TRUE,TRUE,TRUE,TRUE
"FT3154NR","Allantoin","尿囊素",1,1,1,1652886.22,2.57997592161896,0.0683087323906566,TRUE,TRUE,TRUE,TRUE
"FT0452NR","5-Methoxy-2-methylthiazole","2-甲基-5-甲氧基噻唑",1,1,1,1426637.98333333,8.14026622653231,0.109401401262658,TRUE,TRUE,TRUE,TRUE
"FT2973PR","FA(17:6)","苯马烯酸B",1,1,1,156616.773333333,18.1533628265285,0.569710062812369,TRUE,TRUE,TRUE,TRUE
"FT3007PR","Isoleucyl-Glutamate","异亮氨酰谷氨酸",1,1,1,3668489.24666667,8.17726268547845,0.12908270696769,TRUE,TRUE,TRUE,TRUE
"FT3905NR","FA(22:0;O)","13-甲氧基二十二烷酸",1,1,1,342624.816666667,21.8567190928765,0.379367280110401,TRUE,TRUE,TRUE,TRUE
"FT4815PR","N-oleoyl L-serine","油酰丝氨酸",1,1,1,213334.233333333,27.8485973338716,0.195999421793216,TRUE,TRUE,TRUE,TRUE
"FT4989NR","FA(22:6;O3)","(R,E)-4-羟基-6-((1R,2S,3S)-3-羟基-5-氧代-2-((2Z,5Z,8Z)-十一-2,5,8-三烯- 1-基)环戊基)己-5-烯酸",1,1,1,99065.1966666667,13.801687174378,0.745993771389757,TRUE,TRUE,TRUE,TRUE
"FT2030PR","11-nitro-1-undecene",NA,1,1,1,550935.49,8.75298568804753,0.365493076885197,TRUE,TRUE,TRUE,TRUE
"FT3824PR","Asn-Thr-Ala","天冬酰胺酰-苏氨酰-丙氨酸",1,1,1,358893.09,4.45399396381692,0.830342738416546,TRUE,TRUE,TRUE,TRUE
"FT1396PR","Imidazolepropionic acid","3-(咪唑-4-基)丙酸",1,1,1,308213.993333333,26.0218919057715,0.926375537297624,TRUE,TRUE,TRUE,TRUE
"FT1779PR","2-Hydroxyadipic acid","2-羟基己二酸",1,1,1,735815.833333333,13.6868216481011,0.079137663875043,TRUE,TRUE,TRUE,TRUE
"FT4166PR","Farnesylcysteine",NA,1,1,1,239237.676666667,2.86396483623704,0.0769603124704373,TRUE,TRUE,TRUE,TRUE
"FT6413NR","PE(20:4(8Z,11Z,14Z,17Z)/0:0)","磷脂酰乙醇胺(20:4/0:0)",1,1,1,6470683.58333333,3.1282671283117,0.0190160539159171,TRUE,TRUE,TRUE,TRUE
"FT2284PR","Tetradecylamine","十四胺",1,1,1,5316741.19666667,8.23604295397698,0.316268433600918,TRUE,TRUE,TRUE,TRUE
"FT1706PR","6-Ethyl-4-methyl-3E,5E,7E-decatriene","6-乙基-4-甲基-3E,5E,7E-癸三烯",1,1,1,153593.866666667,11.4155253908492,0.215042002947383,TRUE,TRUE,TRUE,TRUE
"FT2097NR","Androst-5-ene group","雄5-烯基",1,1,1,96457.3,9.21785635836292,0.179604663297699,TRUE,TRUE,TRUE,TRUE
"FT2116NR","2,4,5-Trihydroxyphenylalanine","2,4,5-三羟基苯丙氨酸",1,1,1,2093115.55,8.7852736013069,0.0967479573696111,TRUE,TRUE,TRUE,TRUE
"FT2139NR","5alpha-Androstane","5α-雄甾烷",1,1,1,3226792.77666667,14.2970693457422,0.0187725444884632,TRUE,TRUE,TRUE,TRUE
"FT3196NR","2-Dichloromethylene-3a,7a-dichloro-3a,4,7,7a-tetrahydro-4,7-methanoindene-1,3-dione","化合物 T30288",1,1,1,153695.793333333,15.1872085101905,0.295725030260729,TRUE,TRUE,TRUE,TRUE
"FT4836PR","MG(18:1-O(9S,10R)/0:0/0:0)","甘油一酯(18:1-O(9S,10R)/0:0/0:0)",1,1,1,153237.056666667,25.2078340620781,0.414291944344934,TRUE,TRUE,TRUE,TRUE
"FT1316PR","6,8-Dihydroxypurine","2,3,7,9-四氢-1H-嘌呤-6,8-二酮",1,1,1,10363392.88,5.5461744818343,0.0199938654412083,TRUE,TRUE,TRUE,TRUE
"FT4767PR","Clusiaphenone B",NA,1,1,1,645420.163333333,8.58611866788073,0.0243369933800633,TRUE,TRUE,TRUE,TRUE
"FT4386NR","(Z)-1-Methyl-2-(tridec-8-en-1-yl)quinolin-4(1H)-one",NA,1,1,1,495394.196666667,18.3737551791479,0.0576798141850926,TRUE,TRUE,TRUE,TRUE
"FT1856NR","3-Pyroglutamylthiazolidine-4-carboxylic acid",NA,1,1,1,214010.886666667,7.26056253060193,0.234548045205551,TRUE,TRUE,TRUE,TRUE
"FT2887PR","sulfamethoxazole","磺胺甲𫫇唑",1,1,1,81586.18,7.42428468674865,0.0699381430326879,TRUE,TRUE,TRUE,TRUE
"FT1941NR","Bisphenol S","双酚S",1,1,1,277144.226666667,9.81257022418954,1.70264015640987,TRUE,TRUE,TRUE,TRUE
"FT2817NR","1R-cis-3,3,5-Trimethylcyclohexyl ester5-oxo-L-proline",NA,0.666666666666667,0.833333333333333,1,64559.16,2.00709594400385,9.45901522322701,TRUE,TRUE,TRUE,TRUE
"FT1183PR","Iptakalim",NA,1,1,1,132183.206666667,7.78500759244878,0.61649350132833,TRUE,TRUE,TRUE,TRUE
"FT3840NR","Ala-Ala-Phe","丙氨酰-丙氨酰-苯丙氨酸",1,1,1,35456.2833333333,13.0355243504509,0.500128946371491,TRUE,TRUE,TRUE,TRUE
"FT1197NR","2,3-Dihydro-5H-oxazolo(3,2-a)thieno(3,2-d)pyrimidin-5-one",NA,1,1,1,1856502.47,3.69669207843882,0.0333507561086869,TRUE,TRUE,TRUE,TRUE
"FT1405PR","N,N-Dimethyloctylamine","N,N-二甲基正辛胺",1,1,1,38946.2133333333,2.96793672479455,1.48632413588497,TRUE,TRUE,TRUE,TRUE
"FT2122NR","SCHEMBL21550299",NA,1,1,1,94671.5533333333,6.69485725177158,0.888024436437337,TRUE,TRUE,TRUE,TRUE
"FT4429PR","Palmitoylcholine","棕榈酰胆碱",1,1,1,475549.8,9.90406183830009,0.308534501376025,TRUE,TRUE,TRUE,TRUE
"FT2785PR","Heptyl cinnamate","肉桂酸庚酯",1,1,1,133520.256666667,12.2407794545798,0.459855398217244,TRUE,TRUE,TRUE,TRUE
"FT4956NR","Isoauriculatin",NA,1,1,1,2992742.27,8.63350018949408,0.271794140778407,TRUE,TRUE,TRUE,TRUE
"FT4739PR","Kinetin riboside","激动素核苷",1,1,1,872012.64,5.36859109482749,3.75552919564415,TRUE,TRUE,TRUE,TRUE
"FT3246NR","FA(18:4)","14,15-脱氢癸炔酸",1,1,1,249104.46,24.003253515876,0.0679649996819723,TRUE,TRUE,TRUE,TRUE
"FT3992PR","(S)-Annocherine A","(S)-安诺舍林A",1,1,1,91093.8366666667,0.638149926626855,0.124320236819727,TRUE,TRUE,TRUE,TRUE
"FT4889NR","Pramanicin","普拉马尼星",1,1,1,474206.06,8.29062277374054,0.0874199536113718,TRUE,TRUE,TRUE,TRUE
"FT6777NR","Dihydroergotamine","双氢麦角胺",0.166666666666667,0.5,1,112848.753333333,9.23611109954114,16.4994527708491,TRUE,TRUE,TRUE,TRUE
"FT3035NR","SCHEMBL24234963",NA,1,1,1,4603719.83333333,4.5847261070918,0.188058845351956,TRUE,TRUE,TRUE,TRUE
"FT5101NR","MG(20:1/0:0)","甘油一酯(20:1/0:0/0:0)",1,1,1,73214.5633333333,29.4951748384922,1.36632322250621,TRUE,TRUE,TRUE,TRUE
"FT2559NR","WE(14:0/4:0)","异丁酸十四烷基酯",1,1,1,84918026.2466667,5.39170564669096,0.00982971918330914,TRUE,TRUE,TRUE,TRUE
"FT5183NR","Met-Glu-Ile","蛋氨酰-谷氨酰-异亮氨酸",1,1,1,32520.51,8.29912431855426,0.206911298358268,TRUE,TRUE,TRUE,TRUE
"FT3086NR","FA(20:0)","19:0(11Me)",1,1,1,12849304.3833333,13.3725911326252,0.0911644130098297,TRUE,TRUE,TRUE,TRUE
"FT1817NR","8-Nitroguanine","8-硝基鸟嘌呤",1,1,1,105163.263333333,28.596102297172,0.12030143354954,TRUE,TRUE,TRUE,TRUE
"FT3164NR","ar-Artemisene",NA,0.833333333333333,1,1,33362.2,16.4763612211557,3.00945757189724,TRUE,TRUE,TRUE,TRUE
"FT5758NR","Varanic acid","3α,7α,12α,24-四羟基-5β-胆甾-26-酸",1,1,1,2881291.75,6.23731268088332,0.0249846479805863,TRUE,TRUE,TRUE,TRUE
"FT3533PR","FA(16:1;O)","15-氧代-十六烷酸",1,1,1,929051.24,7.39204894378851,0.0774386302665025,TRUE,TRUE,TRUE,TRUE
"FT2874PR","Demeton-S-methyl","内吸磷-S-甲基",1,1,1,9237790.51333333,13.9324228106411,0.259099287640936,TRUE,TRUE,TRUE,TRUE
"FT3629NR","Xylopine",NA,1,1,1,957957.103333333,6.3352705691661,0.823401591236489,TRUE,TRUE,TRUE,TRUE
"FT1669NR","Protocatechuic acid 3-O-sulfate",NA,1,1,1,2043210.09666667,6.42232585957899,0.251537355554098,TRUE,TRUE,TRUE,TRUE
"FT4764PR","Glycylprolylarginine","甘氨酰脯氨酸精氨酸",1,1,1,426525.623333333,11.0149439675578,0.0366662414320121,TRUE,TRUE,TRUE,TRUE
"FT3855PR","Pentostatin","脱氧助间型霉素",1,1,1,34707078.3033333,22.9171415504531,0.0927124114046238,TRUE,TRUE,TRUE,TRUE
"FT2662PR","Bulnesol","(+)-异愈创木醇",1,1,1,273110.26,13.634339068515,0.193052628165653,TRUE,TRUE,TRUE,TRUE
"FT0090NR","Ethyl carbamate","氨基甲酸乙酯",1,1,1,15066849.8133333,28.2902648756253,0.211867424453977,TRUE,TRUE,TRUE,TRUE
"FT1452NR","3-Dehydroshikimate","(-)-3-脱氢草酸",0.833333333333333,1,1,907062.636666667,15.3061085664347,8.59175904534362,TRUE,TRUE,TRUE,TRUE
"FT1660NR","1-(2-Hydroxyethyl)-2-hydroxymethyl-5-nitroimidazole","羟基甲硝唑-D4",1,1,1,11538105.99,2.02234083434512,0.174722524596956,TRUE,TRUE,TRUE,TRUE
"FT1905PR","1,3,9-Trimethyluric acid","1,3,9-三甲基尿酸",1,1,1,68185.0766666667,15.3071746657785,0.769265668157105,TRUE,TRUE,TRUE,TRUE
"FT4816PR","trans-2-Tetradecenoylcarnitine","反式-2-十四烯酰肉碱",1,1,1,271407.773333333,11.7628330465914,0.763385120112734,TRUE,TRUE,TRUE,TRUE
"FT1205NR","R-3-(Methylthio)-1-hexanol","3-甲硫基-1-己醇",1,1,1,647925.866666667,4.95204495339452,7.8812580359505,TRUE,TRUE,TRUE,TRUE
"FT7015NR","14-chlorotetracosane-1,15-disulfate","14-氯二十四烷-1,15-二硫酸酯",1,1,1,6457609.93,5.74042697418247,0.0528823439620367,TRUE,TRUE,TRUE,TRUE
"FT4202NR","7-Hydroxy-6-methyl-8-ribityl lumazine",NA,1,1,1,82393.3433333333,18.762692356984,0.16326052857342,TRUE,TRUE,TRUE,TRUE
"FT1824PR","2-amino-decanoic acid","2-氨基癸酸",1,1,1,232456.783333333,11.1988455109524,0.478496622707005,TRUE,TRUE,TRUE,TRUE
"FT6607NR","4-(cytidine 5'-diphospho)-2-C-methyl-D-erythritol","氨基嘧啶酮-4-二磷酸二胺-2-C-甲基-D-赤藓糖醇",1,1,1,189616.376666667,11.1168797653887,0.194092697042086,TRUE,TRUE,TRUE,TRUE
"FT0778PR","Isoindoline","异吲哚啉酮",1,1,1,2866746.36333333,18.6221680813809,0.752408502781099,TRUE,TRUE,TRUE,TRUE
"FT2579PR","Hypusine","许普辛",1,1,1,192372.46,22.5404105247971,0.075979533056995,TRUE,TRUE,TRUE,TRUE
"FT5937PR","20-hydroxy-LTE4","20-羟基白三烯E4",1,1,1,32796.5433333333,5.20569984677869,0.198438224233988,TRUE,TRUE,TRUE,TRUE
"FT2660NR","gamma-Pyrufuran",NA,1,1,1,250338.313333333,20.4893608109174,0.484846328422585,TRUE,TRUE,TRUE,TRUE
"FT2248PR","Ferulic acid","阿魏酸",1,1,1,22376.2066666667,21.3202915138195,0.389671850372484,TRUE,TRUE,TRUE,TRUE
"FT3397PR","XANOMELINE","占诺美林",1,1,1,91659.71,17.0543132959395,0.0261942685304953,TRUE,TRUE,TRUE,TRUE
"FT7347PR","PC(15:0/17:1)","磷脂酰胆碱(15:0/17:1)",1,1,1,9459474.36666667,17.0123141335027,1.03819211978189,TRUE,TRUE,TRUE,TRUE
"FT2136PR","3-Hydroxy-N6,N6,N6-trimethyl-L-lysine","3-羟基-N6,N6,N6-三甲基赖氨酸",1,0.833333333333333,1,549743.666666667,18.5272473484204,7.2082570240431,TRUE,TRUE,TRUE,TRUE
"FT0680PR","1H-Imidazole-4-carboxamide","咪唑-4-甲酰胺",1,1,1,7326645.23666667,17.3494505125249,0.0790642524335126,TRUE,TRUE,TRUE,TRUE
"FT3496NR","WE(15:3/7:0)","(E,E)-3,7,11-三甲基-2,6,10-十二碳三烯基庚酸酯",1,1,1,2596805.69666667,7.57862028303358,0.0696837338492545,TRUE,TRUE,TRUE,TRUE
"FT4423NR","(4-Ethylnaphthalen-1-yl)[1-(5-fluoropentyl)-1H-indol-3-yl]methanone",NA,1,1,1,619184.853333333,17.862410072562,0.0758083537138361,TRUE,TRUE,TRUE,TRUE
"FT3297PR","N-(1-Deoxy-1-fructosyl)proline","N-(1-脱氧-1-果糖基)脯氨酸",1,1,1,694512.99,8.35622882620422,0.361365725703882,TRUE,TRUE,TRUE,TRUE
"FT2392PR","2-Chloro-L-phenylalanine","2-氯苯丙氨酸",1,1,1,759819.303333333,13.0995732816486,0.0100134911014004,TRUE,TRUE,TRUE,TRUE
"FT2908NR","2-Naphthylaminomethyl-gamma-aminobutyric acid","2-萘氨基甲基-γ-氨基丁酸",1,1,1,43907.98,1.41867309591057,0.334664443441045,TRUE,TRUE,TRUE,TRUE
"FT1646NR","N,N-dimethyl-beta-alanine","N,N-二甲基-β-丙氨酸",1,1,1,249059.496666667,13.607490930579,0.170290827267726,TRUE,TRUE,TRUE,TRUE
"FT2730PR","Lauroyl-EA","N-(2-羟乙基)十二烷基酰胺",1,1,1,339166.42,7.68686452540491,0.0746102161757348,TRUE,TRUE,TRUE,TRUE
"FT4536NR","Bixin","胭脂树橙",1,1,1,137357.79,23.0533188314609,0.0617640152641152,TRUE,TRUE,TRUE,TRUE
"FT7474NR","PA(20:4-OH(15S)/P-16:0)","磷脂酸(20:4-OH(15S)/P-16:0)",1,1,1,4126616.20666667,9.85591070000887,0.0257538526781337,TRUE,TRUE,TRUE,TRUE
"FT1338NR","2-Methyl-2-[(1-oxo-2-propenyl)amino]-1-propanesulfonic acid","2-丙烯酰胺基-2-甲基丙磺酸",1,1,1,404342.996666667,4.95399095507227,0.111619813746193,TRUE,TRUE,TRUE,TRUE
"FT1797PR","TRIBUTYLAMINE","三正丁胺",1,1,1,420165.13,9.37095865435071,0.901852490709927,TRUE,TRUE,TRUE,TRUE
"FT1298NR","N-Acetyl-S-allylcysteine","N-乙酰基S-烯丙基-L-半胱氨酸",1,1,1,65333.44,7.90941098342153,0.239306801248692,TRUE,TRUE,TRUE,TRUE
"FT6556NR","PA(14:1/12:0)","磷脂酸(14:1/12:0)",1,1,1,158474.99,8.62017071400955,0.223408063553553,TRUE,TRUE,TRUE,TRUE
"FT3174PR","Octadecylamine","十八胺",1,1,1,3520194.76666667,7.40926234337103,0.117990871143528,TRUE,TRUE,TRUE,TRUE
"FT3697NR","Sitostanol-beta",NA,1,1,1,6890646.94,5.15353915512715,0.0183066096884838,TRUE,TRUE,TRUE,TRUE
"FT3640NR","N-stearoyl glycine","N-硬脂酰甘氨酸",1,1,1,42672.6466666667,17.4378562216449,0.0678799928985838,TRUE,TRUE,TRUE,TRUE
"FT1860NR","AKOS009363372",NA,1,1,1,45236.17,4.85416947356241,0.196348343124038,TRUE,TRUE,TRUE,TRUE
"FT1398NR","BBT(OH)2","BBT(OH)2",1,1,1,174820.856666667,5.54828372298805,0.0823141688354964,TRUE,TRUE,TRUE,TRUE
"FT6543PR","LysoPE(24:6/0:0)","磷脂酰乙醇胺(24:6/0:0)",1,1,1,221187.85,22.8011594802644,0.256447347447502,TRUE,TRUE,TRUE,TRUE
"FT5785PR","LysoPE(18:2/0:0)","磷脂酰乙醇胺(18:2/0:0)",1,1,1,1538622.97,5.36332777572119,0.0550577119659779,TRUE,TRUE,TRUE,TRUE
"FT1177PR","4-HYDROXY-6-METHYLPYRAN-2-ONE","4-羟基-6-甲基-2-吡喃酮",1,1,1,1910374.66333333,8.13252347408955,3.29261920601296,TRUE,TRUE,TRUE,TRUE
"FT2693PR","Dioctylamine","二正辛胺",1,1,1,1004067.8,7.0887821058641,0.0403044617959131,TRUE,TRUE,TRUE,TRUE
"FT3452NR","Glycineamideribotide",NA,1,1,1,831352.773333333,7.22336625460945,0.265496157045892,TRUE,TRUE,TRUE,TRUE
"FT0538NR","5-(2-Furanyl)-3,4-dihydro-2H-pyrrole","5-(呋喃-2-基)-3,4-二氢-2H-吡咯",1,1,1,30005.4766666667,12.7925352114058,0.260382925837045,TRUE,TRUE,TRUE,TRUE
"FT1380PR","cis-Aconitic acid","顺式-乌头酸",1,1,1,795634.716666667,9.95238207188811,0.0917525361677995,TRUE,TRUE,TRUE,TRUE
"FT5349PR","CHEBI:140689",NA,1,1,1,216166.59,16.5475196553964,0.373953705757445,TRUE,TRUE,TRUE,TRUE
"FT1718PR","Rimantadine","1-金刚烷乙胺",1,1,1,148141.843333333,5.70595752568109,0.291036362034185,TRUE,TRUE,TRUE,TRUE
"FT1432PR","2-Quinolinylmethanol","2-喹啉基甲醇",1,1,1,574763.183333333,8.78513106585796,0.146468431422889,TRUE,TRUE,TRUE,TRUE
"FT4415PR","SCHEMBL25690336",NA,1,1,1,1405005.4,12.2180719889489,0.0609893176552996,TRUE,TRUE,TRUE,TRUE
"FT4409NR","2-beta-Ethoxydihydrophytuberin",NA,1,1,1,47081.7766666667,21.101556606333,0.990112689655481,TRUE,TRUE,TRUE,TRUE
"FT3488NR","Angeloylsenkyunolide F",NA,1,1,1,1617170.31,9.35414792192741,1.92304607733431,TRUE,TRUE,TRUE,TRUE
"FT6405NR","catechin 3-tetradecanoate","儿茶素 3-十四酸酯",1,1,1,883614.493333333,12.5000301075861,0.0830395340023726,TRUE,TRUE,TRUE,TRUE
"FT2927NR","hexadecane-1,2-diol","1,2-十六烷二醇",1,1,1,9408161.69333333,14.0182464240313,0.0352996840534516,TRUE,TRUE,TRUE,TRUE
"FT4065NR","Pomaglumetad methionil",NA,1,1,1,14131910.9633333,4.51527369105365,0.030762902526371,TRUE,TRUE,TRUE,TRUE
"FT4911PR","N-(m-Methoxybenzyl)hexadecanamide","玛卡酰胺杂质5",1,1,1,2083860.84666667,9.34018395664512,0.659962011132755,TRUE,TRUE,TRUE,TRUE
"FT4070NR","Corylin","补骨脂异黄酮",1,1,1,71050.7033333333,9.68428003786672,0.162625446389889,TRUE,TRUE,TRUE,TRUE
"FT1089NR","2-deoxy-ribonic acid","2-脱氧核糖酸",1,1,1,13214699.49,3.71866898624196,0.371733860731541,TRUE,TRUE,TRUE,TRUE
"FT2150NR","Naftazone",NA,0.833333333333333,1,1,21809.48,28.3626403489772,3.01450513781207,TRUE,TRUE,TRUE,TRUE
"FT6815NR","DG(17:2/18:1/0:0)[iso2]","甘油二酯(17:2/18:1/0:0)",1,1,1,360961.716666667,1.23225909114361,0.036546771809649,TRUE,TRUE,TRUE,TRUE
"FT6529PR","POV-PE","在第一视角中",1,1,1,265295.063333333,16.9559907945096,0.108119800184969,TRUE,TRUE,TRUE,TRUE
"FT2115PR","N-lactoyl-Methionine","N-乳酰蛋氨酸",1,1,1,137624.316666667,21.7978601490728,0.0692343735412483,TRUE,TRUE,TRUE,TRUE
"FT3744NR","FAHFA(18:5/2-O-3:0)","异纤蛋白 A2",1,1,1,55726.8266666667,22.1142645458982,0.100977800328977,TRUE,TRUE,TRUE,TRUE
"FT2283PR","Tridecanamide","十三烷酸酰胺",1,1,1,420983.08,8.6266206380421,0.0583805964504031,TRUE,TRUE,TRUE,TRUE
"FT6209NR","LysoPS(20:5/0:0)","磷脂酰丝氨酸(20:5/0:0)",1,1,1,1229368.49666667,10.698830130317,0.0427960960279771,TRUE,TRUE,TRUE,TRUE
"FT4212PR","Benzamide, 3-(3-((2-(3,4-dihydroxyphenyl)ethyl)amino)butyl)-",NA,0.833333333333333,1,1,66041.8466666667,12.7126292536398,4.12719081731324,TRUE,TRUE,TRUE,TRUE
"FT3962NR","(2S)-2-Amino-4-[2-amino-3-(2-amino-3-hydroxybenzoyl)oxyphenyl]-4-oxobutanoic acid",NA,1,1,1,38520.5533333333,12.3665591294794,0.579121142390974,TRUE,TRUE,TRUE,TRUE
"FT7195PR","Butyl 4'-O-butanoyl-6-O-hexadecanoyl-neohesperidoside",NA,1,1,1,9974925.39666667,5.50242622548753,5.60297691298838,TRUE,TRUE,TRUE,TRUE
"FT3361NR","11-cis- and 12s-trans-fixed retinal",NA,1,1,1,905481.626666667,7.99087175046442,0.251405647822843,TRUE,TRUE,TRUE,TRUE
"FT5670PR","17(20)-Dehydrocryptogenin","17(20)-脱氢隐花蛋白",1,1,1,384956.426666667,6.25597968215146,0.131275892876419,TRUE,TRUE,TRUE,TRUE
"FT1998NR","N-[1-(Hydroxymethyl)-2-(4-nitrophenyl)-2-oxoethyl]acetamide","N-(3-羟基-1-(4-硝基苯基)-1-氧代丙-2-基)乙酰胺",0.833333333333333,0.833333333333333,1,205830.606666667,2.03940458457012,10.4674330660796,TRUE,TRUE,TRUE,TRUE
"FT5842PR","9-(5-Hexyl-3-methylfuran-2-yl)nonanoylcarnitine",NA,1,1,1,146188.606666667,10.6809723630125,0.539544773299273,TRUE,TRUE,TRUE,TRUE
"FT2211NR","2-hydroxy-4-oxobutane-1,2,4-tricarboxylic acid","2-羟基-4-氧代丁烷-1,2,4-三羧酸",1,1,1,3693213.79333333,5.58915148188891,0.54090342020525,TRUE,TRUE,TRUE,TRUE
"FT4265PR","(S)-p-Menth-1-ene-4,7-diol 4-glucoside","(S)-对-薄荷-1-烯-4,7-二醇4-葡萄糖苷",1,1,1,197440.986666667,6.24203360634577,1.88245223399681,TRUE,TRUE,TRUE,TRUE
"FT1247NR","o-Oxycarbanil",NA,1,0.833333333333333,1,340096.073333333,23.7836959963546,6.14784372396243,TRUE,TRUE,TRUE,TRUE
"FT3028NR","D-ribulose-1,5-bisphosphate",NA,1,1,1,415231.116666667,2.44653777579716,0.493617436942575,TRUE,TRUE,TRUE,TRUE
"FT6820NR","LysoPC(20:5/0:0)","胆碱杂质5",1,1,1,159761.283333333,10.598174663414,0.268575616048995,TRUE,TRUE,TRUE,TRUE
"FT3280PR","Meisoindigo","甲异靛",1,1,1,138623.76,19.6865746884197,0.186025607712501,TRUE,TRUE,TRUE,TRUE
"FT2756NR","Demethoxyegonol","去甲氧基雌酚",1,1,1,90844.9,6.35075975417258,0.0386514210768538,TRUE,TRUE,TRUE,TRUE
"FT2339PR","N,N,O-Tridesmethylvenlafaxine","4-(2-氨基-1-(1-羟基环己基)乙基)苯酚",1,0.666666666666667,1,44422.0666666667,12.7206885782849,6.72938895125589,TRUE,TRUE,TRUE,TRUE
"FT5376NR","Norselic acid A","络石酸 A",1,1,1,102138.61,27.8330708033345,0.211894250817794,TRUE,TRUE,TRUE,TRUE
"FT2384NR","lavendustin c","N-(2,5-二羟基苄基)-5-氨基水杨酸",1,1,1,96750.8833333333,9.37871244945436,0.462144439740858,TRUE,TRUE,TRUE,TRUE
"FT5637NR","Adenosine 3',5'-diphosphate","3',5'-二磷酸腺苷",1,1,1,326932.436666667,14.1717272759447,0.529461655675478,TRUE,TRUE,TRUE,TRUE
"FT4003NR","5-S-Cysteinyl-D-dopa","5-S-半胱氨酰-D-多巴",1,1,1,583831.366666667,8.62403799830952,0.988819841023085,TRUE,TRUE,TRUE,TRUE
"FT4307NR","AB-MECA",NA,1,1,1,74201.8966666667,4.48447697903866,0.515079370790377,TRUE,TRUE,TRUE,TRUE
"FT3588PR","1-(1-(3-Methoxyphenyl)cyclohexyl)piperidine","N-(1-[3-甲氧基苯基]环己基)哌啶",1,1,1,35031.6666666667,11.0295430077674,0.384824283769069,TRUE,TRUE,TRUE,TRUE
"FT1615PR","TRIETHYLENE GLYCOL","三甘醇",1,1,1,4664546.09666667,5.90465085531582,0.69377904457215,TRUE,TRUE,TRUE,TRUE
"FT4043NR","FA(24:2)","5,9-二十四碳二烯酸",1,1,1,2319256.42,26.07394287903,0.18087329041454,TRUE,TRUE,TRUE,TRUE
"FT3017NR","Epinephrine sulfoconjugate",NA,1,1,1,291704.676666667,11.1406353634336,0.191886775585223,TRUE,TRUE,TRUE,TRUE
"FT4735NR","N-Arachidonoyl Cysteine",NA,1,1,1,86111.5533333333,8.83402349203674,0.03853573133732,TRUE,TRUE,TRUE,TRUE
"FT2310PR","Heptanoylcholine",NA,1,1,1,241544.89,4.64611533740639,0.232026602083027,TRUE,TRUE,TRUE,TRUE
"FT4567NR","Val-Asn-Glu","缬氨酰-天冬酰胺酰-谷氨酸",1,1,1,1948849.31333333,8.36259633795641,0.198731672312185,TRUE,TRUE,TRUE,TRUE
"FT5147PR","(10Z)-12-Hydroxyhexadecenoylcarnitine","(10Z)-12-羟基十六碳烯酰肉碱",1,1,1,75077.9366666667,18.3776705293821,1.42419755326901,TRUE,TRUE,TRUE,TRUE
"FT3268NR","SCHEMBL12556240",NA,1,1,1,381259.86,13.3600621835611,0.279653593283679,TRUE,TRUE,TRUE,TRUE
"FT3936PR","Tanshinone IIA","丹参酮 IIA",1,1,1,986546.65,12.0499382437858,0.0296764517668667,TRUE,TRUE,TRUE,TRUE
"FT4399PR","palmitoloelycholine","十六烯酰胆碱",1,1,1,89495.8433333333,5.09600595134417,0.224666030908115,TRUE,TRUE,TRUE,TRUE
"FT2382PR","Eltoprazine","1-(2,3-二氢-1,4-苯并二烷-5-基)哌嗪盐酸盐",1,1,1,135064.043333333,16.1220775986165,0.290655689212909,TRUE,TRUE,TRUE,TRUE
"FT3620PR","N-LAUROYLSARCOSINE","N-十二烷酰基肌氨酸",1,1,1,77124.7266666667,16.5905416862478,0.47994708685669,TRUE,TRUE,TRUE,TRUE
"FT6734NR","PS(22:1/0:0)","磷脂酰丝氨酸(22:1/0:0)",1,1,1,1797006.14333333,5.02835522880716,0.217067504820349,TRUE,TRUE,TRUE,TRUE
"FT4389NR","N-Palmitoyl Glutamic acid",NA,1,1,1,103556.653333333,14.2106080994727,0.032144520061777,TRUE,TRUE,TRUE,TRUE
"FT0746NR","Methanethiosulfonate",NA,1,1,1,238639.636666667,14.6567645692036,0.0295857628870745,TRUE,TRUE,TRUE,TRUE
"FT2320PR","gamma-Glutamyl-beta-aminopropiononitrile","γ-谷氨酰-β-氨基丙腈",1,1,1,1870399.20333333,7.64863434515514,0.171680209067723,TRUE,TRUE,TRUE,TRUE
"FT3196PR","Myristoyl-EA","肉豆蔻酰乙醇胺",1,1,1,407073.896666667,15.6979251764442,0.094614466649516,TRUE,TRUE,TRUE,TRUE
"FT3412NR","Taurolidine","牛磺罗定",1,1,1,5480868.61,4.45248421976463,0.0317593987184916,TRUE,TRUE,TRUE,TRUE
"FT7359PR","PA(5-iso PGF2VI/19:2)","磷脂酸(5-iso PGF2VI/19:2)",1,1,1,1826473.15666667,6.28478193536602,6.24433381895936,TRUE,TRUE,TRUE,TRUE
"FT1197PR","3-Hydroxy-2-methylglutaric acid","3-羟基-2-甲基戊二酸",1,1,1,3957413.21333333,10.7158281480764,0.0925227469234083,TRUE,TRUE,TRUE,TRUE
"FT3122PR","Valyl-Gamma-glutamate","缬氨酰-γ-谷氨酸",1,1,1,2469452.53,5.08359725641399,0.114524733671184,TRUE,TRUE,TRUE,TRUE
"FT1270NR","Methiopropamine",NA,1,0.666666666666667,1,47563.1066666667,1.20980800711512,6.49465561736352,TRUE,TRUE,TRUE,TRUE
"FT2630NR","2-Amino-7-methoxy-3H-phenoxazin-3-one",NA,1,1,1,103334.633333333,9.76876104284847,0.179780452206068,TRUE,TRUE,TRUE,TRUE
"FT2154PR","3-Oxalomalic acid",NA,1,1,1,10816335.81,11.2597701448384,0.311429201033926,TRUE,TRUE,TRUE,TRUE
"FT4825NR","Austalide K","奥斯塔利德K",1,1,1,127254.366666667,12.7825788267073,1.05725647283407,TRUE,TRUE,TRUE,TRUE
"FT3241NR","(+/-)-Equol 4'-sulfate","雌马酚硫酸盐",1,1,1,281806.186666667,10.240008056627,0.333179967508215,TRUE,TRUE,TRUE,TRUE
"FT2058PR","Valerenal","缬草醛",1,1,1,113418.53,4.6950561822287,0.634400110054739,TRUE,TRUE,TRUE,TRUE
"FT2547PR","1-(m-Methoxycinnamoyl)pyrrolidine",NA,0.5,0.666666666666667,1,94960.1933333333,9.66196037383426,13.05284229833,TRUE,TRUE,TRUE,TRUE
"FT2504NR","Alanylphenylalanine","丙氨酰苯丙氨酸",1,1,1,316639.746666667,12.5506989828384,0.0367563230580528,TRUE,TRUE,TRUE,TRUE
"FT5013PR","cholesta-6,8(14)-dien-3beta,5alpha-diol","胆甾-6,8(14)-二烯-3β,5α-二醇",1,1,1,590609.493333333,14.9857451443662,0.070340288114521,TRUE,TRUE,TRUE,TRUE
"FT4535NR","1,3,8-Trihydroxy-4-methyl-2,7-diprenylxanthone",NA,1,1,1,1677225.11666667,12.224336040828,0.11186202038406,TRUE,TRUE,TRUE,TRUE
"FT6833PR","PHODiA-PA","佛迪亚-PA",1,1,1,5518557.65666667,25.1064976649138,0.175365520691389,TRUE,TRUE,TRUE,TRUE
"FT4916NR","Trazodone","曲唑酮",1,1,1,241734.533333333,6.26447163773403,0.132211316193749,TRUE,TRUE,TRUE,TRUE
"FT2160PR","3-(Carboxymethyl)-3-hydroxypentanedioic acid",NA,1,1,1,2643871.87333333,21.2794171071304,0.071264222604556,TRUE,TRUE,TRUE,TRUE
"FT3050PR","3-[4-(sulfooxy)phenyl]propanoic acid","3-(4-磺氧基苯基)丙酸",0.833333333333333,0.833333333333333,1,24099.14,16.4883575829731,4.32964049644151,TRUE,TRUE,TRUE,TRUE
"FT4987NR","Macrophorin C",NA,1,1,1,1369547.15666667,4.86344359558019,0.119785612343691,TRUE,TRUE,TRUE,TRUE
"FT5992NR","Acolbifene",NA,1,1,1,56096.8166666667,9.74865479762521,0.0677851396809641,TRUE,TRUE,TRUE,TRUE
"FT1683NR","1-H-Inden-1-one,2,3-dihydro-3,3,5,6-tetramethyl",NA,1,1,1,344118.376666667,10.3482998070265,0.0799291983917901,TRUE,TRUE,TRUE,TRUE
"FT0821PR","butane-1,2,3,4-tetrol","丁烷-1,2,3,4-四醇",1,1,1,1081307.82333333,11.8440015656972,0.0578086004115838,TRUE,TRUE,TRUE,TRUE
"FT1843NR","DL-Dopa","3,4-二羟基-DL-苯丙氨酸",1,1,1,155598.333333333,16.330377960258,0.223066176332227,TRUE,TRUE,TRUE,TRUE
"FT2183NR","1,4-Butanediphosphonic acid","1,4-丁烷二膦酸",1,1,1,198074.33,10.9627820350298,0.443023045658008,TRUE,TRUE,TRUE,TRUE
"FT7355PR","PC(21:0/11:0)","磷脂酰胆碱(21:0/11:0)",1,1,1,14644204.7266667,4.91983453919879,0.139890549720516,TRUE,TRUE,TRUE,TRUE
"FT3529PR","Octanoylcarnitine","辛酰肉碱",1,1,1,48990.28,15.3875942265949,0.849165014535051,TRUE,TRUE,TRUE,TRUE
"FT2595NR","17-ethyl-10,13-dimethyl-4,5,6,7,8,9,11,12,14,15,16,17-dodecahydro-3H-cyclopenta[a]phenanthrene",NA,1,1,1,217311.97,5.78651422067701,0.186917246804109,TRUE,TRUE,TRUE,TRUE
"FT3266PR","Glutarylcarnitine","戊二酰肉碱",1,1,1,1948832.71666667,8.24676710049513,1.89853005579443,TRUE,TRUE,TRUE,TRUE
"FT1908PR","2-Amino-3-methyl-1-pyrrolidin-1-YL-butan-1-one","2-氨基-3-甲基-1-吡咯烷-1-YL-丁-1-酮",1,1,1,1061736.28,16.7374011713738,0.128482501854953,TRUE,TRUE,TRUE,TRUE
"FT6218NR","AKOS016036387",NA,1,1,1,513126.88,20.865263617358,0.146368825263283,TRUE,TRUE,TRUE,TRUE
"FT3159PR","5-propylideneisolongifolane",NA,1,1,1,1274529.35,7.40405932480243,0.0592807654461935,TRUE,TRUE,TRUE,TRUE
"FT4301PR","S-Formylglutathione",NA,1,1,1,157081.763333333,0.430107509338757,2.2614777015968,TRUE,TRUE,TRUE,TRUE
"FT5501NR","7alpha-Hydroxycampesterol",NA,1,1,1,142676.873333333,15.0413995340331,0.0430693367860265,TRUE,TRUE,TRUE,TRUE
"FT2563NR","Stearate",NA,1,1,1,1117950.39333333,7.62632290316231,0.0574130011086189,TRUE,TRUE,TRUE,TRUE
"FT2494PR","Pentadecylamine","正十五胺",1,1,1,241769.893333333,11.2533338489901,0.0772909075502271,TRUE,TRUE,TRUE,TRUE
"FT3004NR","Neohesperidose","血型H二糖",1,1,1,1588777.67666667,6.63736256968726,0.0212721897602782,TRUE,TRUE,TRUE,TRUE
"FT3351NR","NAC",NA,1,1,1,62770.5533333333,7.40054762265319,0.440078077104669,TRUE,TRUE,TRUE,TRUE
"FT5988NR","Gemcitabine triphosphate","三磷酸吉西他滨",1,1,1,262413.52,11.355881527096,0.0508904361588767,TRUE,TRUE,TRUE,TRUE
"FT4649PR","Oryzalide B","奥米扎内酯B",1,1,1,77247.3033333333,12.4113280394335,0.339062093226812,TRUE,TRUE,TRUE,TRUE
"FT5619PR","1alpha-hydroxy-22-(4-hydroxyphenyl)-23,24,25,26,27-pentanorvitamin D3","1α-羟基-22-(4-羟基苯基)-23,24,25,26,27-戊维生素D3",1,1,1,708988.493333333,3.65187748326699,0.0312755253956083,TRUE,TRUE,TRUE,TRUE
"FT2722PR","Genipin","京尼平",0.666666666666667,0.833333333333333,1,82232.7733333333,11.5642635389384,10.0318359696321,TRUE,TRUE,TRUE,TRUE
"FT5585PR","Euchretin B",NA,0.833333333333333,1,1,409617.39,14.1765192570585,5.86520546917717,TRUE,TRUE,TRUE,TRUE
"FT2416NR","5-(3-Aminopropylphosphanyloxy)-2-(hydroxymethyl)pyran-4-one","5-(3-氨基丙基膦氧基)-2-(羟甲基)吡喃-4-酮",1,1,1,484742.06,3.0154205056419,0.210236144694965,TRUE,TRUE,TRUE,TRUE
"FT7845NR","CE(LTE4)",NA,1,1,1,5347036.66333333,19.9956745978397,0.164315269698581,TRUE,TRUE,TRUE,TRUE
"FT4348NR","(E,E,E)-Sylvatine","(E,E,E)-西尔瓦汀",1,1,1,41714.8966666667,18.3332909071169,0.11414301673707,TRUE,TRUE,TRUE,TRUE
"FT6388PR","N-[(4E,8E)-1,3-dihydroxyoctadeca-4,8-dien-2-yl]hexadecanamide",NA,1,1,1,2586237.13,26.5980439388495,0.0650543705544002,TRUE,TRUE,TRUE,TRUE
"FT3770PR","4-Hydroxy-6-octenoylcarnitine","4-羟基-6-辛烯酰肉碱",1,1,1,28102.6033333333,16.0130464325735,0.825217873772727,TRUE,TRUE,TRUE,TRUE
"FT2925PR","alpha-Bisabolol oxide A","红没药醇氧化物 A",1,1,1,766446.453333333,6.69770767578291,0.510703708137263,TRUE,TRUE,TRUE,TRUE
"FT1525PR","S-Propyl 1-propanesulfinothioate",NA,1,1,1,243228.856666667,5.19058328296298,0.228353002293436,TRUE,TRUE,TRUE,TRUE
"FT1317NR","trans-4-Hydroxycyclohexylacetic acid","反式-2-(4-羟基环己基)乙酸",1,1,1,451926.97,3.38880231079108,0.0469772755365357,TRUE,TRUE,TRUE,TRUE
"FT6350PR","POV-PA","POV-PA",1,1,1,594556.343333333,12.4458263557145,0.381541582400899,TRUE,TRUE,TRUE,TRUE
"FT4461NR","N-Acetylneuraminic acid 9-phosphate","N-乙酰神经氨酸9-磷酸",1,1,1,736824.906666667,6.90001515035188,0.224346948773689,TRUE,TRUE,TRUE,TRUE
"FT2628NR","Orotidine","乳清苷",1,1,1,2074162.11666667,2.4057054759781,0.0329294545653111,TRUE,TRUE,TRUE,TRUE
"FT6406PR","Tauro-b-muricholic acid","牛磺-β-鼠胆酸",0,0.5,1,66192.6766666667,14.1942310356705,13.4979709829683,TRUE,TRUE,TRUE,TRUE
"FT4689NR","FA(22:7;O2)","11-epi-11-A4-NeuroP",1,1,1,38356.8833333333,8.69330587091108,0.244159270014582,TRUE,TRUE,TRUE,TRUE
"FT6446PR","6-Caffeoylsucrose","6-咖啡酰蔗糖",1,1,1,40131.82,16.3077601097222,1.22855118550103,TRUE,TRUE,TRUE,TRUE
"FT1696PR","Bethanidine","倍他尼定",1,1,1,585755.85,2.92747680975457,0.659429991527308,TRUE,TRUE,TRUE,TRUE
"FT4169NR","5-Ethoxysorgoleone",NA,1,1,1,34548996.0166667,6.92652043237811,0.0517423256436226,TRUE,TRUE,TRUE,TRUE
"FT2583NR","Cystine","DL-胱氨酸-D6",1,1,1,790880.12,7.01546834129435,0.0382012097079965,TRUE,TRUE,TRUE,TRUE
"FT2670NR","6-Azauridine",NA,0.666666666666667,1,1,142823.95,1.60226456113031,8.59521661781055,TRUE,TRUE,TRUE,TRUE
"FT4716NR","Asp-Trp-Ser","天冬氨酰-色氨酰-丝氨酸",1,1,1,51044.6233333333,22.3243334508063,0.282678471466024,TRUE,TRUE,TRUE,TRUE
"FT4741PR","N-[[2-(4-Amino-1,2,5-oxadiazol-3-yl)-1-ethylimidazo[5,4-d]pyridin-7-yl]methyl]piperidin-4-amine",NA,1,1,1,168505.733333333,29.225318359948,2.36845640292864,TRUE,TRUE,TRUE,TRUE
"FT2671PR","Pirbuterol","吡布特罗",1,1,1,12449068.8866667,8.05683819296591,0.0400855856241443,TRUE,TRUE,TRUE,TRUE
"FT5367PR","N-stearoyl glutamic acid","硬脂酰谷氨酸",1,1,1,181940.086666667,17.8604387064239,0.263973799126145,TRUE,TRUE,TRUE,TRUE
"FT1804NR","2-Phenyl-1,3-propanediol monocarbamate","3-羟基-2-苯基丙基氨基甲酸酯",1,1,1,59852.7533333333,16.8580911720211,0.116039724780136,TRUE,TRUE,TRUE,TRUE
"FT7096PR","Cer(m18:0/24:1)","神经酰胺(m18:0/24:1)",0.333333333333333,0.5,1,156118.096666667,9.30315738183377,7.10084427548614,TRUE,TRUE,TRUE,TRUE
"FT4557PR","Siegesbeckin F","西格斯贝金 F",1,1,1,1281059.90333333,9.25748188638944,1.00098846388991,TRUE,TRUE,TRUE,TRUE
"FT3695PR","Ipriflavone","依普黄酮",1,1,1,5131423.7,7.63041972336779,0.0124031000745137,TRUE,TRUE,TRUE,TRUE
"FT3568NR","Rabelomycin","化合物 T26032",1,1,1,95449.27,7.7573282353283,0.0841706152630056,TRUE,TRUE,TRUE,TRUE
"FT0914PR","Methyl sulfate","硫酸甲酯",1,1,1,9683752.93333333,9.2012443218872,0.0455484486126776,TRUE,TRUE,TRUE,TRUE
"FT2691NR","Emtricitabine","恩曲他滨",1,1,1,134450.803333333,12.2895382970332,0.27444355579992,TRUE,TRUE,TRUE,TRUE
"FT4387NR","N-Eicosapentaenoyl Threonine","N-二十碳五烯酰苏氨酸",1,1,1,97967.48,9.47203514928172,0.0275425428601339,TRUE,TRUE,TRUE,TRUE
"FT3697PR","Diphthamide",NA,1,1,1,743971.903333333,14.7897670768067,0.0660343717758341,TRUE,TRUE,TRUE,TRUE
"FT1135NR","N-formylmaleamic acid","N-甲酰马来酰胺酸",1,1,1,2762050.72333333,19.1311567165272,0.194978735328687,TRUE,TRUE,TRUE,TRUE
"FT1891NR","Sedoheptulose","景天庚酮糖",1,1,1,10147462.18,3.52047290120465,0.0878065057471719,TRUE,TRUE,TRUE,TRUE
"FT4846PR","Asp-Gln-Gln","天冬氨酰-谷氨酰胺酰-谷氨酰胺",1,1,1,5779609.50666667,13.7253829565005,0.152321212774706,TRUE,TRUE,TRUE,TRUE
"FT3369NR","avocadene acetate","鳄梨烯乙酸酯",1,1,1,120923.513333333,2.73930362807864,0.199479434778519,TRUE,TRUE,TRUE,TRUE
"FT4912PR","N-(1,1-dimethyl-2-hydroxy-ethyl) arachidonoyl amine","N-(1,1-二甲基-2-羟基乙基)花生四烯酰胺",1,1,1,281567.773333333,2.70341750327604,0.0437585197234826,TRUE,TRUE,TRUE,TRUE
"FT6009NR","Guanosine 5'-O-(2-thiodiphosphate)",NA,1,1,1,222083.163333333,3.37686028859123,0.0500721264186509,TRUE,TRUE,TRUE,TRUE
"FT1741NR","2,4-Thiazolidinedicarboxylic acid, 2-methyl-","2-甲基-2，4-噻唑烷二羧酸酯",1,1,1,3954139.93666667,5.64364889539194,0.384472385192952,TRUE,TRUE,TRUE,TRUE
"FT2991PR","Leucyl-Lysine",NA,1,1,1,347357.356666667,24.4306736066667,0.0824648421726607,TRUE,TRUE,TRUE,TRUE
"FT0160PR","4-Methylimidazole","4-甲基咪唑-D3",1,0.833333333333333,1,477734.506666667,15.7064278891804,7.23026463363551,TRUE,TRUE,TRUE,TRUE
"FT2847NR","(2Z)-2-(Propan-2-yl)but-2-enedioylcarnitine",NA,0.833333333333333,0.833333333333333,1,50867.2233333333,7.08583217476197,6.02969222266966,TRUE,TRUE,TRUE,TRUE
"FT5963PR","6-Deoxo-25-methyldolichosterone","6-脱氧-25-甲基胆甾酮",0.666666666666667,1,1,115779.396666667,19.6146440521611,8.77790793412103,TRUE,TRUE,TRUE,TRUE
"FT1404PR","Decylamine","1-癸胺",1,1,1,291412.253333333,8.01958802391111,0.911517352668867,TRUE,TRUE,TRUE,TRUE
"FT3363NR","FA(19:3)","16-甲基-十八碳-5Z,9Z,12Z-三烯酸",1,1,1,5526473.92666667,7.03263076856149,0.0458889358872489,TRUE,TRUE,TRUE,TRUE
"FT0164NR","Hydantoin","海因",1,1,1,78193.8566666667,19.3724090689789,0.0398505254967461,TRUE,TRUE,TRUE,TRUE
"FT1906NR","Monoglyceride citrate","柠檬酸单甘油酯",1,1,1,305858.246666667,11.6644937350864,0.14396387974673,TRUE,TRUE,TRUE,TRUE
"FT4822NR","1-[2-[4-Methoxy-3-[3-(4-methoxyphenyl)propoxy]phenyl]ethyl]imidazole",NA,1,1,1,87302.26,2.45992094116249,0.12954352938494,TRUE,TRUE,TRUE,TRUE
"FT1310NR","2-Hydroxymuconate",NA,1,1,1,6201775.81333333,1.86065622744373,0.840921673838281,TRUE,TRUE,TRUE,TRUE
"FT5069NR","12beta-hydroxy-24-norcholesta-1,4,22E-trien-3-one","12β-羟基-24-胆甾-1,4,22E-三烯-3-酮",1,1,1,58588.9733333333,25.1683402109903,0.491152604684337,TRUE,TRUE,TRUE,TRUE
"FT5610NR","Withaferin A","醉茄素 A",1,1,1,73670.42,4.41255172702208,0.0114553906597879,TRUE,TRUE,TRUE,TRUE
"FT1179PR","6-Methylquinoline","6-甲基喹啉",1,1,1,1050135.78,15.3164369677152,0.154027170856467,TRUE,TRUE,TRUE,TRUE
"FT1428PR","Succinimidyl carbonate",NA,1,1,1,620949.1,28.0971645117248,0.1150933912362,TRUE,TRUE,TRUE,TRUE
"FT4204NR","Tiapride","泰必利",1,1,1,78285.1733333333,5.93705043061399,0.136502594265851,TRUE,TRUE,TRUE,TRUE
"FT6942PR","Cer(d18:2/20:0(2OH[R]))","神经酰胺(d18:2/20:0(2OH[R]))",1,1,1,122445.79,6.10991794161474,0.0182014509907668,TRUE,TRUE,TRUE,TRUE
"FT4457PR","N-Acetylsphinganine","N-乙酰二氢鞘氨醇",1,1,1,377330.11,3.64070235519284,2.5286681529892,TRUE,TRUE,TRUE,TRUE
"FT3476PR","3-Hydroxydodecanedioic acid","3-羟基十二烷二酸",1,1,1,110262.843333333,10.3399339178587,0.060586633994591,TRUE,TRUE,TRUE,TRUE
"FT5991PR","(11Z)-Docos-11-enoylcarnitine",NA,1,1,1,456200.053333333,3.48939564604493,0.405822364900537,TRUE,TRUE,TRUE,TRUE
"FT5167PR","5-Taurinomethyl-2-thiouridine",NA,1,1,1,234878.49,1.74454137625403,3.6106339778351,TRUE,TRUE,TRUE,TRUE
"FT2367NR","Thalidomide arene oxide",NA,1,1,1,64716.9433333333,3.84858427005092,0.116583366568885,TRUE,TRUE,TRUE,TRUE
"FT1061PR","p-Octopamine","章鱼胺",1,1,1,6779992.98666667,4.65218913475351,0.196193910540812,TRUE,TRUE,TRUE,TRUE
"FT1892PR","(S)-11,12,13-Trinor-7-calamenone","4,7-二甲基-L-四氢萘酮",1,1,1,3121307.94666667,4.17220050731156,0.196809373415391,TRUE,TRUE,TRUE,TRUE
"FT2569PR","Cadabicilone","卡达比西隆",1,1,1,444729.013333333,6.81668599416882,0.0195225310869225,TRUE,TRUE,TRUE,TRUE
"FT1060PR","Dopamine","多巴胺",1,1,1,16718390.3433333,9.59670228145264,0.176655631487839,TRUE,TRUE,TRUE,TRUE
"FT3266NR","Grevilline A","乳牛肝菌素 A",1,1,1,53969.6333333333,5.68359038187345,0.158430365499037,TRUE,TRUE,TRUE,TRUE
"FT4624NR","5beta-Chola-3,8(14),11-trien-24-oic Acid","5β-Chola-3,8(14),11-三烯-24-油酸",1,1,1,1463509.10666667,4.74856168011647,0.0258254318120431,TRUE,TRUE,TRUE,TRUE
"FT7571NR","PA(a-15:0/20:4-OH)","磷脂酸(a-15:0/20:4-OH)",1,1,1,1188063.71,25.638301262582,0.0629725415245542,TRUE,TRUE,TRUE,TRUE
"FT1960PR","4-Piperidinol, 1-hydroxy-2,2,6,6-tetramethyl-","4-羟基-2,2,6,6-四甲基哌啶氧",1,1,1,100383.126666667,4.83247539560821,0.109623832666548,TRUE,TRUE,TRUE,TRUE
"FT2309NR","4-hydroxy ketorolac","酮咯酸4-羟基代谢物",1,1,1,271855.483333333,11.3896445305752,0.157081706870891,TRUE,TRUE,TRUE,TRUE
"FT2753NR","N-gamma-Glutamylcysteine",NA,1,1,1,238549.393333333,14.8070938279556,0.0332487205982974,TRUE,TRUE,TRUE,TRUE
"FT2347NR","Dexelvucitabine",NA,1,1,1,466568.973333333,8.44826891807124,0.0674632881556443,TRUE,TRUE,TRUE,TRUE
"FT7317NR","WE(25:0/16:1)","棕榈油酸二十五酯",1,1,1,77670.9433333333,22.8444884734427,0.417678283903911,TRUE,TRUE,TRUE,TRUE
"FT6729PR","(4E,15E)-Bilirubin",NA,1,1,1,158436.206666667,9.87105276955611,0.125128530620194,TRUE,TRUE,TRUE,TRUE
"FT2362NR","D-Glucuronic acid 1-phosphate","Α-D-葡糖醛酸-1-磷酸",1,1,1,67231.6733333333,28.0467976990918,0.581835027566994,TRUE,TRUE,TRUE,TRUE
"FT3221PR","Heptanoylcarnitine","庚酰肉碱",1,1,1,57644.6133333333,7.87104238179734,0.558298527395066,TRUE,TRUE,TRUE,TRUE
"FT5206PR","5beta-Cholane-3alpha,24-diol","5β-胆烷-3α,24-二醇",1,1,1,526685.873333333,3.43201213198498,0.419810873211353,TRUE,TRUE,TRUE,TRUE
"FT4449NR","FA(26:3;O)","15-(3,4-二甲基-5-戊基呋喃-2-基)-十五烷酸",1,1,1,468124.793333333,2.12573363864058,0.15809216913934,TRUE,TRUE,TRUE,TRUE
"FT4808PR","Nonanedioylcarnitine","壬二酰肉碱",1,1,1,37863.2566666667,10.5206296063854,0.0212442767464324,TRUE,TRUE,TRUE,TRUE
"FT5554PR","23S,25,26-Trihydroxyvitamin D3",NA,1,1,1,232134.053333333,11.7036237989692,0.140889222666561,TRUE,TRUE,TRUE,TRUE
"FT4041NR","2-methyl-5-(8Z.11,14-pentadecatrienyl) resorcinol",NA,1,1,1,2647262.18333333,4.01081325089405,0.0269293467217333,TRUE,TRUE,TRUE,TRUE
"FT1620PR","Arecoline","氢溴酸槟榔碱",1,1,1,124743.7,4.40392695816097,0.770302026330381,TRUE,TRUE,TRUE,TRUE
"FT4991NR","PA(17:1/0:0)","磷脂酸(17:1/0:0)",1,1,1,723962.07,8.95905454603084,0.11447831735333,TRUE,TRUE,TRUE,TRUE
"FT4174NR","10-Hydroxy-2-decenoic acid","10-羟基-2-癸烯酸",1,1,1,84945.6866666667,15.5160825977341,0.278421987189711,TRUE,TRUE,TRUE,TRUE
"FT4835NR","5alpha,6beta-dihydroxy-24-methylenecholestan-3-one","5α,6β-二羟基-24-亚甲基胆甾烷-3-酮",1,1,1,69049.9633333333,12.7029592593225,0.392725257864365,TRUE,TRUE,TRUE,TRUE
"FT1295NR","Thioguanine","6-硫鸟嘌呤",1,1,1,1934113.25,2.93365579348751,0.903135650247193,TRUE,TRUE,TRUE,TRUE
"FT4666PR","Anacardic acid","漆树酸",1,1,1,4724492.65666667,2.86490448558554,0.0359609185628014,TRUE,TRUE,TRUE,TRUE
"FT1739PR","3-(2-Hydroxyethyl)histidine","3-(2-羟乙基)组氨酸",1,1,1,292253.92,9.42255869941481,1.7459169806084,TRUE,TRUE,TRUE,TRUE
"FT5944PR","1alpha-hydroxy-18-(5-hydroxy-5-methylhexyloxy)-23,24,25,26,27-pentanorvitamin D3","1α-羟基-18-(5-羟基-5-甲基己氧基)-23,24,25,26,27-戊维生素D3",0.333333333333333,1,1,158854.166666667,27.7482179399884,14.8617473373133,TRUE,TRUE,TRUE,TRUE
"FT4248NR","Melibiose","蜜二糖",1,1,1,975134.783333333,15.0443836366814,0.505419461001055,TRUE,TRUE,TRUE,TRUE
"FT1361PR","(1R)-1-Amino-3-sulfanylpropane-1-sulfinic acid",NA,1,1,1,624009.156666667,10.3930237092561,0.0515859316406951,TRUE,TRUE,TRUE,TRUE
"FT4333NR","FA(22:3;O3)","16,16-二甲基-PGF2β",1,1,1,96127.6466666667,6.58121271971087,0.21930977766011,TRUE,TRUE,TRUE,TRUE
"FT3036NR","Necatorine",NA,1,1,1,42583.3166666667,21.9552929525485,0.0213101329845594,TRUE,TRUE,TRUE,TRUE
"FT3965NR","PC(O-1:0/2:0)","磷脂酰胆碱(O-1:0/2:0)",1,1,1,109919.836666667,13.605060838353,0.0504194068721109,TRUE,TRUE,TRUE,TRUE
"FT6178PR","1-(2-methoxy-hexadecanyl)-sn-glycero-3-phosphoethanolamine","1-(2-甲氧基-十六烷基)-sn-甘油-3-磷酸乙醇胺",1,1,1,123354.363333333,25.5256090360073,0.0541013439220915,TRUE,TRUE,TRUE,TRUE
"FT3082NR","MG(0:0/16:0)","2-(1,3-二羟基丙-2-基)十六酸 复合物 1,3-二羟基丙-2-基 棕榈酸酯 (1:1)",0.5,0.833333333333333,1,198060.63,22.9592683242515,2.23618534325884,TRUE,TRUE,TRUE,TRUE
"FT2725NR","Glucosamine 6-sulfate","氨基葡萄糖-6-硫酸盐",1,1,1,1564515.37666667,16.9894457352599,0.428041527766205,TRUE,TRUE,TRUE,TRUE
"FT5227PR","N-propyl-16,16-dimethyl-5Z,8Z,11Z,14Z-docosatetraenoyl amine","N-丙基-16,16-二甲基-5Z,8Z,11Z,14Z-二十二碳四烯酰胺",1,1,1,2976101.54,12.5049120701041,0.0368352374180766,TRUE,TRUE,TRUE,TRUE
"FT3450PR","5'-Amino-5'-deoxyadenosine","5-氨基腺苷酸",1,1,1,308234.846666667,8.7919152748312,0.120238543836967,TRUE,TRUE,TRUE,TRUE
"FT3112NR","Homolanthionine",NA,1,1,1,417968.866666667,7.41688840755431,0.119351470831507,TRUE,TRUE,TRUE,TRUE
"FT6488PR","LysoPS(18:0/0:0)","1-硬脂酰甘油磷酸丝氨酸",1,1,1,360754.6,17.7431821457443,0.461970498069323,TRUE,TRUE,TRUE,TRUE
"FT4919NR","Dodec-2-enedioylcarnitine",NA,1,1,1,383942.763333333,5.71999232507661,0.106082061197925,TRUE,TRUE,TRUE,TRUE
"FT2411PR","Hexamethylene bisacetamide","N,N'-六亚甲基双乙酰胺",1,1,1,287613.98,10.467507032748,0.386167354797002,TRUE,TRUE,TRUE,TRUE
"FT6917NR","Metkephamid",NA,0,0.5,1,23463.7033333333,27.7077394887298,11.470329403174,TRUE,TRUE,TRUE,TRUE
"FT6159PR","(9Z,12Z,15Z,18Z)-Tetracosa-9,12,15,18-tetraenoylcarnitine",NA,0.833333333333333,1,1,204240.016666667,8.33487851199382,6.42568130583186,TRUE,TRUE,TRUE,TRUE
"FT7201NR","SQMG(18:0/0:0)","硫代异鼠李糖基单酰基甘油酯(18:0/0:0)",1,1,1,3020092.45333333,1.14711460419654,0.0627325794096932,TRUE,TRUE,TRUE,TRUE
"FT2912PR","6-Phenylundecane",NA,1,1,1,1031110.95333333,3.65539317077827,0.0124554088532729,TRUE,TRUE,TRUE,TRUE
"FT1854PR","Pyrrolidino-[1,2E]-4H-2,4-dimethyl-1,3,5-dithiazine","(2S,4S,8AR)-四氢-2,4-二甲基-4H-吡咯并[2,1-D]-1,3,5-二噻嗪",1,1,1,345423.966666667,9.94278765281996,0.338803638807519,TRUE,TRUE,TRUE,TRUE
"FT1783PR","3h-Phenylalanine","3h-苯丙氨酸",1,1,1,21418.88,8.86582997678974,0.764684602441047,TRUE,TRUE,TRUE,TRUE
"FT4051NR","Ibandronate","伊班膦酸",1,1,1,2199085.74333333,8.50499727430602,0.0859665315543784,TRUE,TRUE,TRUE,TRUE
"FT7896PR","PC(20:5-3OH/20:0)","磷脂酰胆碱(20:5-3OH/20:0)",0.5,1,1,448582.38,2.72966879991139,17.8745588259791,TRUE,TRUE,TRUE,TRUE
"FT6847PR","Polyoxyethylene sorbitan monooleate",NA,1,1,1,142554.173333333,26.8082374665117,0.162805299372193,TRUE,TRUE,TRUE,TRUE
"FT3241PR","Aspartyl-Cysteine","天冬氨酸-半胱氨酸",1,1,1,1162635.18333333,20.7832049636852,0.188807815654505,TRUE,TRUE,TRUE,TRUE
"FT4523PR","Ganaxolone",NA,1,1,1,386891.803333333,7.8960412451257,0.354370075489792,TRUE,TRUE,TRUE,TRUE
"FT5181NR","tigemonam",NA,1,1,1,603628.323333333,9.21373233333267,0.158181764136785,TRUE,TRUE,TRUE,TRUE
"FT1450PR","Fudosteine","福多司坦",1,1,1,294364.683333333,25.7557936656792,0.248779214043061,TRUE,TRUE,TRUE,TRUE
"FT5382NR","3-Amino-6-{4-[(4-Methylpiperazin-1-Yl)sulfonyl]phenyl}-N-Pyridin-3-Ylpyrazine-2-Carboxamide",NA,1,1,1,25293.9266666667,19.306667475308,0.124641548353091,TRUE,TRUE,TRUE,TRUE
"FT4886NR","Epanolol","依泮洛尔",1,1,1,128918.62,10.6529676024797,1.47111564199627,TRUE,TRUE,TRUE,TRUE
"FT2483NR","Phosphohistidine",NA,1,1,1,7946072.84333333,3.12605416465434,0.053989058949742,TRUE,TRUE,TRUE,TRUE
"FT7942PR","PI(22:2/TXB2)","磷脂酰肌醇(22:2/TXB2)",1,1,1,512911.873333333,24.1216644102709,0.242393983762841,TRUE,TRUE,TRUE,TRUE
"FT6542NR","Cefozopran",NA,1,1,1,105751.966666667,17.4324279297305,0.0677404995685604,TRUE,TRUE,TRUE,TRUE
"FT2339NR","S-Cysteinosuccinic acid","2-((2-氨基-2-羧乙基)硫基)丁二酸",1,1,1,7819768.96666667,2.81905911312402,0.13115049647406,TRUE,TRUE,TRUE,TRUE
"FT3313NR","9S,10R-Epoxy-6Z-nonadecene","9S,10R-环氧-6Z-十九碳烯",1,1,1,33982.9666666667,17.8385469918267,0.413830182789363,TRUE,TRUE,TRUE,TRUE
"FT4145PR","N-(14-Methylhexadecanoyl)pyrrolidine",NA,1,1,1,352756.87,4.6210224559927,0.0737778187813198,TRUE,TRUE,TRUE,TRUE
"FT2293NR","Cysteinyl-Cysteine","胱氨酰半胱氨酸",1,1,1,1315784.47666667,17.9748930480716,0.174987652060227,TRUE,TRUE,TRUE,TRUE
"FT4787NR","4alpha-methyl-ergosta-6,8(14)-dien-3beta-ol","4α-甲基-麦角斯塔-6,8(14)-二烯-3β-醇",1,1,1,35360.49,13.1706665302174,2.92311713833311,TRUE,TRUE,TRUE,TRUE
"FT0158PR","1,2,3,4-Tetrazine",NA,1,1,1,1203051.77,20.427076620163,0.0610985116546955,TRUE,TRUE,TRUE,TRUE
"FT4441NR","16,17S-DHA-epoxide",NA,1,1,1,4071626.29333333,9.76421765150274,0.383184677704929,TRUE,TRUE,TRUE,TRUE
"FT3800NR","Biapenem",NA,1,1,1,89669.1266666667,3.18025852684851,0.041845096187539,TRUE,TRUE,TRUE,TRUE
"FT3042PR","Omega-Pentadecalactone","环十五内酯",1,1,1,8182367.1,6.63815858189982,0.0532639303023603,TRUE,TRUE,TRUE,TRUE
"FT1162NR","Eremopetasinorol","埃瑞莫他罗尔",1,1,1,108387.77,6.83134810784627,0.0850716401097635,TRUE,TRUE,TRUE,TRUE
"FT0163NR","Erythrono-1,4-lactone","(3R,4R)-(-)-D-赤酮酸内酯",1,1,1,22190454.3766667,4.24803174834728,0.071263108185504,TRUE,TRUE,TRUE,TRUE
"FT2303NR","FA(13:3;O)","11-羟基-4-甲基-2E,4E,6E-十二碳三烯酸",1,1,1,1348477.61666667,22.7232662115295,0.0404499143994394,TRUE,TRUE,TRUE,TRUE
"FT1133PR","(Z)-5-oxohex-2-enedioic acid","(Z)-5-氧代己-2-二酸",1,1,1,759390.06,18.2774076222141,0.526833952630814,TRUE,TRUE,TRUE,TRUE
"FT2259NR","Ser-Tyr","丝氨酰-酪氨酸",0.833333333333333,1,1,469865.206666667,22.1868095231648,6.64473917731441,TRUE,TRUE,TRUE,TRUE
"FT7306NR","PHODA-PE","在福达",1,1,1,95337.06,6.76581226010049,1.29255758437091,TRUE,TRUE,TRUE,TRUE
"FT4184NR","Glu-Asp-Glu","谷氨酰-天冬氨酰-谷氨酸",1,1,1,1643069.27666667,10.6377270400229,0.124844759883146,TRUE,TRUE,TRUE,TRUE
"FT0469PR","MALEAMIC ACID","4-氨基-4-氧代丁-2-烯酸",1,1,1,1316361.26333333,1.95306296153752,0.0304664106056138,TRUE,TRUE,TRUE,TRUE
"FT1993NR","2-(3-Mercaptopropyl)pentanedioic acid",NA,1,1,1,85620.8866666667,8.15605568105541,0.982621757545922,TRUE,TRUE,TRUE,TRUE
"FT5723PR","Chamuvaritin",NA,1,1,1,33760549.6133333,9.62241904786651,0.0884614628992682,TRUE,TRUE,TRUE,TRUE
"FT1577NR","1,3-Dinitroglycerin","甘油1,3-二硝酸酯",1,1,1,3184958.46666667,7.27500202582043,0.216980590296056,TRUE,TRUE,TRUE,TRUE
"FT3449PR","Glutaminylhistidine","谷氨酰胺-组氨酸",1,1,1,1129646.9,22.6589263826137,0.222973230341422,TRUE,TRUE,TRUE,TRUE
"FT1225PR","Purpald","4-氨基-3-肼基-5-巯基-1,2,4-三氮唑",1,1,1,3081249.14666667,2.69106263925251,0.194393037968261,TRUE,TRUE,TRUE,TRUE
"FT5724PR","FA(21:4;O6)","6,8-环氧-5,15-二氢过氧-9,11,13-二十碳三烯酸甲酯",1,1,1,120993.64,16.937501232608,1.54771229615922,TRUE,TRUE,TRUE,TRUE
"FT4119NR","N-palmitoyl methionine","N-棕榈酰蛋氨酸",1,1,1,606574.246666667,28.9609801356084,0.348549864005236,TRUE,TRUE,TRUE,TRUE
"FT1939PR","Temozolomide","替莫唑胺",1,1,1,425553.326666667,11.926384328786,0.0486187868975046,TRUE,TRUE,TRUE,TRUE
"FT4436PR","N-Benzoyl-tyrosinyl-glycine",NA,1,1,1,65046.3266666667,10.6975884791243,0.753353454264925,TRUE,TRUE,TRUE,TRUE
"FT2747PR","Butanoyl (2S)-2-amino-5-(diaminomethylideneamino)pentanoate",NA,1,1,1,1145548.50666667,10.2163636771753,0.109325422655813,TRUE,TRUE,TRUE,TRUE
"FT5810PR","4-O-Carboxymethyl ascochlorin","4-O-羧甲基壳二氯素",1,1,1,282160.946666667,22.066459113695,0.0945742433076351,TRUE,TRUE,TRUE,TRUE
"FT4105PR","Toxin T2 tetrol","T-2 四醇",1,1,1,895335.336666667,3.29195402705031,2.72741278981614,TRUE,TRUE,TRUE,TRUE
"FT4342NR","Hydrastine",NA,1,1,1,31949.1133333333,6.49849282740587,1.35861482645055,TRUE,TRUE,TRUE,TRUE
"FT5413PR","4-(2,6-Dichlorobenzamido)-N-(piperidin-4-yl)-1H-pyrazole-3-carboxamide","4-[(2,6-二氯苄基)氨基]-N-4-哌啶1H-吡唑-3-羧胺",1,1,1,246090.98,29.6114867545272,0.104198127568338,TRUE,TRUE,TRUE,TRUE
"FT2259PR","5-Isopropyl-2-(2-methylpropyl)-2-cyclohexen-1-one",NA,1,1,1,397315.25,8.84326102703196,0.180687151947066,TRUE,TRUE,TRUE,TRUE
"FT1448NR","3-hydroxybenzoic acid-3-O-sulphate",NA,1,1,1,184622.926666667,5.02213604665357,0.157692607874058,TRUE,TRUE,TRUE,TRUE
"FT2086NR","3,5-Dinitrobenzoic acid","3,5-二硝基苯甲酸",0.833333333333333,0.833333333333333,1,79458.7,19.3382240097794,8.40419858835215,TRUE,TRUE,TRUE,TRUE
"FT5611PR","1alpha,25-dihydroxy-26,27-dimethyl-20,21,22,22,23,23-hexadehydrovitamin D3","1α,25-二羟基-26,27-二甲基-20,21,22,22,23,23-六脱氢维生素 D3",1,1,1,129490.24,14.5219717183204,0.972015949966088,TRUE,TRUE,TRUE,TRUE
"FT5247NR","Etarotene",NA,1,1,1,63502.2966666667,20.2495540971349,0.164190150895298,TRUE,TRUE,TRUE,TRUE
"FT6081PR","O-(17-carboxyheptadecanoyl)carnitine","O-(17-羧基十七酰基)肉碱",0.666666666666667,1,1,4202873.61666667,3.85658893247106,23.4017662632002,TRUE,TRUE,TRUE,TRUE
"FT2054NR","MG(12:0/0:0/0:0)","2,3-二羟基丙醇十二酸酯",1,1,1,7171758.28,4.81486716132066,0.0980846101765147,TRUE,TRUE,TRUE,TRUE
"FT4229NR","4,8,12,15,19-Docosapentaenoic acid","鰶油酸",1,1,1,53850.6933333333,24.1170488085638,0.813149870211269,TRUE,TRUE,TRUE,TRUE
"FT3364NR","FA(17:2;O)","7-甲氧基-十六-(4E,8E)-二烯酸",1,1,1,4544636.20333333,8.23987501998478,0.0629998408895394,TRUE,TRUE,TRUE,TRUE
"FT6140PR","(9Z,12Z,15Z,18Z,21Z)-Tetracosa-9,12,15,18,21-pentaenoylcarnitine",NA,0.333333333333333,1,1,108803.756666667,5.78879808275397,12.7036873727265,TRUE,TRUE,TRUE,TRUE
"FT1533PR","Tartaric acid","酒石酸",1,1,1,149192.116666667,20.3097380288124,0.341614022195113,TRUE,TRUE,TRUE,TRUE
"FT5485NR","Naltriben mesylate",NA,1,1,1,110157.53,4.21153688261038,0.27031648616519,TRUE,TRUE,TRUE,TRUE
"FT6052PR","(11Z)-eicoseneoylcarnitine","二十碳一烯酰肉碱",1,1,1,193771.92,13.5349338214842,0.131670407230965,TRUE,TRUE,TRUE,TRUE
"FT2709NR","Tuliposide B","郁金香苷B",1,1,1,3857765.62666667,3.14686523679239,1.08535846932874,TRUE,TRUE,TRUE,TRUE
"FT5379PR","Methyl N-({(2s,3s)-3-[(Propylamino)carbonyl]oxiran-2-Yl}carbonyl)-L-Isoleucyl-L-Prolinate",NA,1,1,1,817612.326666667,5.52785276657449,2.71949052347957,TRUE,TRUE,TRUE,TRUE
"FT4876NR","Ascorbyl palmitate","L-抗坏血酸棕榈酸酯",1,1,1,41099.6666666667,19.798201626832,0.194742315158967,TRUE,TRUE,TRUE,TRUE
"FT2912NR","Ginsenoyne G",NA,1,1,1,811808.693333333,9.55551779594533,0.343342899622095,TRUE,TRUE,TRUE,TRUE
"FT3810PR","pregna-5,20-dien-3beta-ol","孕甾-5,20-二烯-3β-醇",1,1,1,245199.906666667,11.2725449466597,0.0904672248514493,TRUE,TRUE,TRUE,TRUE
"FT2615PR","1-Dodecylimidazole","1-十二烷基咪唑",1,1,1,57879.2233333333,11.8631695996869,0.0675169987423692,TRUE,TRUE,TRUE,TRUE
"FT3022PR","3-Hydroxyvalerylcarnitine",NA,1,1,1,1260706.45,9.56683830399415,0.153720805946587,TRUE,TRUE,TRUE,TRUE
"FT0682PR","QUINUCLIDINE","奎宁环",1,1,1,2716939.32,6.45742918048578,0.193627995314059,TRUE,TRUE,TRUE,TRUE
"FT3805NR","FA(23:1;O)","3-氧代三酸酐",1,1,1,82814.0966666667,5.76799047122034,0.268139718131692,TRUE,TRUE,TRUE,TRUE
"FT5745PR","(22E,24E)-1alpha,25-dihydroxy-26,27-dimethyl-22,23,24,24a-tetradehydro-24a-homovitamin D3","西奥骨化醇",1,1,1,198178.043333333,15.1249840414017,1.11259798404515,TRUE,TRUE,TRUE,TRUE
"FT2248NR","Ethylenedicysteine",NA,1,1,1,494560.243333333,16.7278768033924,0.132354365822111,TRUE,TRUE,TRUE,TRUE
"FT5026NR","C6S",NA,1,1,1,126717.646666667,19.685646058435,0.119106921032157,TRUE,TRUE,TRUE,TRUE
"FT0533NR","3-Aminosalicylic acid","3-氨基水杨酸",1,1,1,114931.74,0.673589959304122,0.710010720322989,TRUE,TRUE,TRUE,TRUE
"FT1887PR","N-Acetyl-dl-penicillamine",NA,1,1,1,404699.363333333,19.3589574530899,0.648631331274182,TRUE,TRUE,TRUE,TRUE
"FT3696NR","Glycerol 3-phosphate","甘油-3-磷酸",1,1,1,3712178.96,5.23430486872566,0.0390580447361849,TRUE,TRUE,TRUE,TRUE
"FT1976PR","Isonicotinylglycine","异烟肼甘氨酸",1,1,1,8446369.51,7.69243852869618,1.12601319894121,TRUE,TRUE,TRUE,TRUE
"FT2124PR","oxolan-2-ylmethyl hydrogen sulate",NA,1,1,1,1422993.41,13.1864545189911,3.74141981170361,TRUE,TRUE,TRUE,TRUE
"FT1646PR","Ligustrazine","川芎嗪",1,1,1,18545.34,29.0921770252882,0.312016917902649,TRUE,TRUE,TRUE,TRUE
"FT2814NR","N-benzoyl-dl-tyrosine methyl ether",NA,1,1,1,55969.2166666667,14.8296182298473,0.439539235887652,TRUE,TRUE,TRUE,TRUE
"FT3290NR","N-(gamma-Maleimidobutyryloxy)succinimide","4-马来酰亚胺基丁酸-N-羟基琥珀酰亚胺酯",1,1,1,19339561.06,1.81587701506001,0.139148236593479,TRUE,TRUE,TRUE,TRUE
"FT1964PR","3-Methoxy-4,5-methylenedioxybenzoic acid","7-甲氧基苯并[D][1,3]二氧杂环戊烯-5-羧酸",1,1,1,31288.92,21.1137224599113,0.31290390581551,TRUE,TRUE,TRUE,TRUE
"FT2249PR","Asparaginyl-Proline","天冬酰胺基脯氨酸",1,1,1,341560.903333333,2.60214279760173,0.307152793190658,TRUE,TRUE,TRUE,TRUE
"FT5220PR","Amperozide","安哌齐持",1,1,1,87893.2133333333,3.50415489975717,1.77601413283712,TRUE,TRUE,TRUE,TRUE
"FT3490NR","Dehydroepiandrosterone","去氢表雄酮",1,1,1,620913.713333333,14.3919490656788,0.0904245872929082,TRUE,TRUE,TRUE,TRUE
"FT4598PR","N-(4-Methoxy-3-phenethoxyphenethyl)-N-propylpropan-1-amine",NA,1,1,1,74588.8233333333,8.69202920173387,0.589961840725246,TRUE,TRUE,TRUE,TRUE
"FT6734PR","PC(20:3-OH/2:0)","磷脂酰胆碱(20:3-OH/2:0)",1,1,1,566868.37,11.4871602671924,0.169285838682339,TRUE,TRUE,TRUE,TRUE
"FT4228PR","N,N-dimethyl-Safingol","N,N-二甲基-红芬醇",1,1,1,42534440.9866667,5.9194832394776,1.60411776024023,TRUE,TRUE,TRUE,TRUE
"FT2082PR","8,9-Dihydroxy-1,5,6,10B-tetrahydropyrrolo[2,1-A]isoquinolin-3(2H)-one","金莲花碱",1,1,1,66379.37,7.87143105422069,0.0674308532095599,TRUE,TRUE,TRUE,TRUE
"FT5173NR","Deoxylimonin","脱氧柠檬苦素",1,1,1,28008.57,25.3319728588882,0.385212806665068,TRUE,TRUE,TRUE,TRUE
"FT7081NR","Dipiperamide A",NA,1,1,1,111299.306666667,5.69605146078309,0.0255086805847345,TRUE,TRUE,TRUE,TRUE
"FT2267PR","Valylhydroxyproline","缬氨酸-羟脯氨酸",1,1,1,3131528.51,7.09723361422954,0.317277460042811,TRUE,TRUE,TRUE,TRUE
"FT3878PR","2-Aminoethyl oleate","2-氨基油酸乙酯",1,1,1,148207.306666667,14.2037606813173,3.30389072837277,TRUE,TRUE,TRUE,TRUE
"FT3902NR","13,14-Dihydroprostaglandin F2alpha","13,14-二氢前列腺素F2α",1,1,1,55594.76,8.63624793069004,0.1413327267994,TRUE,TRUE,TRUE,TRUE
"FT6718NR","LysoPS(22:2/0:0)","磷脂酰丝氨酸(22:2/0:0)",1,1,1,164324.59,11.8914500118522,0.188101157037723,TRUE,TRUE,TRUE,TRUE
"FT4594NR","Almokalant","阿莫兰特",1,1,1,298765.803333333,2.56148986997546,1.0515795235096,TRUE,TRUE,TRUE,TRUE
"FT4519NR","(-)-Tylophorine","(-)-泰洛福林",1,1,1,47653.4266666667,12.5476851853722,2.20926917676998,TRUE,TRUE,TRUE,TRUE
"FT7910PR","PE(22:6-OH/22:1)","磷脂酰乙醇胺(22:6-OH/22:1)",1,1,1,807159.376666667,29.874744525176,0.0963115630392832,TRUE,TRUE,TRUE,TRUE
"FT3436NR","Pro-Ile-Gly","脯氨酰-异亮氨酰-甘氨酸",1,1,1,36063.9733333333,2.10542080395855,0.243559871615122,TRUE,TRUE,TRUE,TRUE
"FT4648PR","4-Hydroxynornantenine","4-羟基降南藤宁",1,1,1,38025.6,14.2022693620433,0.2724537597834,TRUE,TRUE,TRUE,TRUE
"FT6714NR","PHOHA-PE","菲哈-PE",1,1,1,77853.86,11.516375172239,0.129732503688953,TRUE,TRUE,TRUE,TRUE
"FT2563PR","serine glutamate","丝氨酸谷氨酸",1,1,1,300895.126666667,13.9651921075852,0.536137526556751,TRUE,TRUE,TRUE,TRUE
"FT2624PR","8-[(Aminomethyl)sulfanyl]-6-sulfanyloctanoic acid",NA,1,1,1,53370.45,8.49560641977055,0.15864301055285,TRUE,TRUE,TRUE,TRUE
"FT2901NR","Arabinosylhypoxanthine","阿糖肌苷",1,1,1,14075217.62,7.82874068314254,0.0239207689868525,TRUE,TRUE,TRUE,TRUE
"FT5356PR","DG(2:0/18:1-O(9S,10R)/0:0)","甘油二酯(2:0/18:1-O(9S,10R)/0:0)",1,1,1,749643.616666667,12.3167675575112,0.0258797218046221,TRUE,TRUE,TRUE,TRUE
"FT3652NR","Phenylalanylmethionine","苯丙氨酸-蛋氨酸",1,1,1,103981.946666667,4.75201604929553,0.562824737082079,TRUE,TRUE,TRUE,TRUE
"FT1260PR","6-Fluoromevalonate",NA,1,1,1,5090148.67333333,4.98471329835052,0.299115737795103,TRUE,TRUE,TRUE,TRUE
"FT1474NR","5-Fluoroorotic acid","5-氟乳清酸",1,1,1,124113.36,18.9675283909351,0.10491259945882,TRUE,TRUE,TRUE,TRUE
"FT6641NR","xanthurenic acid 8-O-sulfate","黄原酸 8-O-硫酸盐",1,1,1,74144.07,17.1820735454873,0.0727224160846884,TRUE,TRUE,TRUE,TRUE
"FT3467PR","Bacillamidin G","芽孢杆菌脒G",1,1,1,5650426.23666667,6.13564965888871,0.282587673061452,TRUE,TRUE,TRUE,TRUE
"FT5143NR","10-Hydroxydodec-10-enedioylcarnitine",NA,1,1,1,67127.49,7.52293441312453,0.346117887984051,TRUE,TRUE,TRUE,TRUE
"FT5194PR","Pipazethate","匹哌氮酯",0.833333333333333,0.166666666666667,1,31754.65,9.1379592135165,8.17628772168609,TRUE,TRUE,TRUE,TRUE
"FT6549PR","1-linoleoyl-sn-glycero-3-phosphocholine","1-亚油酰-sn-甘油-3-磷酸胆碱",1,1,1,194194.55,5.59283310757517,0.24276905424174,TRUE,TRUE,TRUE,TRUE
"FT7151NR","FA(40:6)","40:6(22Z,25Z,28Z,28Z,31Z,37Z)",1,1,1,35127709.5233333,26.4512303121842,0.231513222373224,TRUE,TRUE,TRUE,TRUE
"FT6769PR","Rutaretin 9-rutinoside","芦他列汀 9-芸香糖苷",1,1,1,101403.726666667,6.81711576743701,0.394793515384538,TRUE,TRUE,TRUE,TRUE
"FT7020NR","Bastaxanthol B",NA,1,1,1,1001165.69333333,12.6394719940647,0.279002856905397,TRUE,TRUE,TRUE,TRUE
"FT5274NR","24-epibrassicasterol","24-表油菜子甾醇",1,1,1,50100.8866666667,22.0642806481759,0.186752869337795,TRUE,TRUE,TRUE,TRUE
"FT3547PR","11-Hydroxyandrosterone","11-羟基雄甾酮",1,1,1,47074.27,22.218457057478,0.159736768304452,TRUE,TRUE,TRUE,TRUE
"FT2110NR","4-hydroxylamino-2,6-dinitrotoluene",NA,1,1,1,188931.53,4.33284113497479,0.183939695377514,TRUE,TRUE,TRUE,TRUE
"FT2966PR","Ethoxzolamide","乙氧苯噻唑胺",1,1,1,71039.88,8.73663493029662,0.109474297017749,TRUE,TRUE,TRUE,TRUE
"FT1275PR","3-Hydroxy-2-oxoindole","3-羟基-2-吲哚酮",1,1,1,1951200.39666667,8.60570313969519,0.043703355753639,TRUE,TRUE,TRUE,TRUE
"FT4903NR","Agelin",NA,1,1,1,387738.566666667,9.46278721031375,0.0813066285457912,TRUE,TRUE,TRUE,TRUE
"FT4631NR","5-Hexenyl glucosinolate",NA,1,1,1,31879.0233333333,2.09420218121934,0.637051554452338,TRUE,TRUE,TRUE,TRUE
"FT6925NR","4-[3-[3-[Bis[4-(2-methylpropyl)phenyl]methylamino]benzoyl]indol-1-yl]butanoic acid",NA,1,1,1,761247.436666667,3.74295633617033,0.300458734740124,TRUE,TRUE,TRUE,TRUE
"FT2710NR","Moringyne","辣根",1,1,1,23626.4666666667,19.4032830369999,0.134418441238544,TRUE,TRUE,TRUE,TRUE
"FT3368PR","gamma-L-Glutamyl-L-pipecolic acid","γ-L-谷氨酰-L-哌可酸",1,1,1,58682.6866666667,7.39147884644508,2.44946292848403,TRUE,TRUE,TRUE,TRUE
"FT1296NR","4-(2-Aminoethyl)benzenesulfonyl fluoride","4-(2-氨基乙基)苯-1-磺酰基氟化物",1,1,1,728870.516666667,7.76573663618322,0.121753507725951,TRUE,TRUE,TRUE,TRUE
"FT6880NR","WE(21:0/16:1)","十六烷醇棕榈油酸酯",1,1,1,56800.13,10.6346608123978,0.158407014834398,TRUE,TRUE,TRUE,TRUE
"FT2428PR","3'-Amino-3'-deoxythimidine","3'-氨基-3'-脱氧胸苷",1,1,1,2616175.91333333,4.23876247604897,0.052466360210875,TRUE,TRUE,TRUE,TRUE
"FT3032NR","[(2R,3S,5R)-5-(2,4-Dioxopyrimidin-1-yl)-3-hydroxyoxolan-2-yl]methoxy-fluorophosphinic acid",NA,1,1,1,61826.25,7.77561461476041,0.386652031475562,TRUE,TRUE,TRUE,TRUE
"FT5595NR","Glucoiberin","屈曲花苷",1,1,1,1162409.56666667,2.42711791312455,0.20929304825885,TRUE,TRUE,TRUE,TRUE
"FT5814PR","MG(24:1/0:0)","甘油一酯(24:1/0:0/0:0)",1,1,1,93311.7433333333,9.59802870244302,0.14562208569802,TRUE,TRUE,TRUE,TRUE
"FT7867PR","PC(18:0/22:5)","磷脂酰胆碱(18:0/22:5)",1,1,1,3000704.25333333,6.40152127128884,0.0969523987567088,TRUE,TRUE,TRUE,TRUE
"FT2792NR","N5-(3,4-Dioxo-1,5-cyclohexadien-1-yl)-L-glutamine",NA,1,1,1,2697862.85,0.253967931089046,0.0253602855748624,TRUE,TRUE,TRUE,TRUE
"FT1587NR","1-Tridecene","1-十三烯",1,1,1,470952.536666667,11.8919984291684,0.198341120759454,TRUE,TRUE,TRUE,TRUE
"FT4571NR","PA(15:0/0:0)","磷脂酸(15:0/0:0)",1,1,1,31191416.4966667,1.89391175908144,0.0173641711904752,TRUE,TRUE,TRUE,TRUE
"FT5587PR","4,6'-Epoxyorotiniflavan-4-ol",NA,1,1,1,72490410.2966667,11.289404181129,0.0984369755119683,TRUE,TRUE,TRUE,TRUE
"FT3854PR","Psilocybine",NA,1,1,1,66320758.2833333,13.6546398966712,0.0879686684520926,TRUE,TRUE,TRUE,TRUE
"FT3301NR","Dodecyl benzenesulfonate","十二烷基苯磺酸酯",1,1,1,322373308.333333,4.36674985684071,0.0354479240410497,TRUE,TRUE,TRUE,TRUE
"FT3498PR","Spisulosine","1-脱氧鞘氨醇(m18：0)",1,1,1,8455157.92666667,1.94052079621619,2.31756589141059,TRUE,TRUE,TRUE,TRUE
"FT4055PR","4-hydroxysphinganine",NA,1,1,1,44276859.7733333,4.54785515495191,0.301849845396062,TRUE,TRUE,TRUE,TRUE
"FT7236NR","OHHdiA-PE","OHHdiA-PE",1,1,1,13269406.0166667,6.35687264553629,0.0342647798369454,TRUE,TRUE,TRUE,TRUE
"FT3742NR","Oryzenin","硫胺素EP杂质F",1,1,1,2431225.56666667,3.24763073888568,0.0171290796799795,TRUE,TRUE,TRUE,TRUE
"FT7540PR","Quercetin 3-rhamnosyl-(1->2)-glucosyl-(1->6)-galactoside","槲皮素 3-鼠李糖基-(1->2)-葡萄糖基-(1->6)-半乳糖苷",1,1,1,133977.216666667,21.4413622221011,0.126228819513375,TRUE,TRUE,TRUE,TRUE
"FT1531PR","2-Keto-glutaramic acid","5-氨基-2,5-二氧代戊酸",1,1,1,5123930.29666667,12.8595341475044,0.0272668415617511,TRUE,TRUE,TRUE,TRUE
"FT4520NR","Murrayazolinol",NA,1,1,1,38035.09,6.41581335474448,0.332946352032077,TRUE,TRUE,TRUE,TRUE
"FT4649NR","Citreoviridin C",NA,1,1,1,267716.05,5.45834172897983,0.135150101117456,TRUE,TRUE,TRUE,TRUE
"FT4293NR","10,12-Pentacosanedione",NA,1,1,1,626967.303333333,27.8627650140883,0.1082759436417,TRUE,TRUE,TRUE,TRUE
"FT0633NR","MALEIC ANHYDRIDE","马来酸酐",1,1,1,61725318.48,2.88401939191281,0.0635737264211646,TRUE,TRUE,TRUE,TRUE
"FT0994PR","1-Nitrohexane","1-硝基己烷",1,1,1,3917754.38666667,28.8668919245371,2.09716843807877,TRUE,TRUE,TRUE,TRUE
"FT1363PR","2,4-Dihydroxy-nitrophenol","4-硝基间苯二酚",1,1,1,281657.14,22.7038710404388,0.264400353909209,TRUE,TRUE,TRUE,TRUE
"FT6333NR","Cytochalasin H","细胞松驰素 H",1,1,1,135895.05,4.465324011274,0.183463301962554,TRUE,TRUE,TRUE,TRUE
"FT4782NR","mLPA(O-16:0)","mLPA(O-16:0)",1,1,1,175278.796666667,7.02278974604012,0.080625442555219,TRUE,TRUE,TRUE,TRUE
"FT1713PR","4-Guanidinobenzoic acid","对胍基苯甲酸",1,1,1,583166.43,6.48206882976563,1.65898249741104,TRUE,TRUE,TRUE,TRUE
"FT5055PR","2-Hydroxyethyl glucosinolate",NA,1,1,1,1993672.12333333,19.6961522039128,0.0618700523354432,TRUE,TRUE,TRUE,TRUE
"FT3513PR","Helicallenal",NA,1,1,1,114664.59,8.40648774696422,0.165255295603661,TRUE,TRUE,TRUE,TRUE
"FT3722PR","6b-Hydroxymethandienone","6b-羟基亚甲基二酮",1,1,1,123813.81,9.16113674501912,0.18137734849051,TRUE,TRUE,TRUE,TRUE
"FT3256NR","L-DOPA-4'-Sulfate",NA,1,1,1,3080843.66333333,2.10118980330356,0.24402990010104,TRUE,TRUE,TRUE,TRUE
"FT0969PR","5,6-Dihydroxyindole","5,6-二羟基吲哚",1,1,1,337498.263333333,4.61346850493622,0.10299427575263,TRUE,TRUE,TRUE,TRUE
"FT7349NR","PA(P-16:0/18:3)","磷脂酸(P-16:0/18:3)",1,1,1,176437.443333333,24.6830826714229,0.13571515640441,TRUE,TRUE,TRUE,TRUE
"FT3100PR","Amidantel","阿米太尔",1,1,1,118242.23,2.61808923631881,1.23245178689541,TRUE,TRUE,TRUE,TRUE
"FT7137NR","WE(16:0/23:0)","二十三烷酸十六酯",1,1,1,50825.8566666667,27.333519567381,0.335907521119562,TRUE,TRUE,TRUE,TRUE
"FT3126PR","N1,N8-Diacetylspermidine","N1,N8-二乙酰亚精胺",1,1,1,355896.063333333,27.6670294040805,0.25718744257734,TRUE,TRUE,TRUE,TRUE
"FT1818PR","N-Propionylmethionine","N-丙酰基蛋氨酸",1,1,1,75789.1333333333,2.67091706937098,0.347808168669511,TRUE,TRUE,TRUE,TRUE
"FT3632PR","Nimustine","尼莫司汀",1,1,1,7608585.68,10.3779904978328,0.14943266168911,TRUE,TRUE,TRUE,TRUE
"FT4570PR","9-Deoxy-delta12-PGD2","9-脱氧-δ12-前列腺素D2",1,1,1,55134.9066666667,24.9608961217574,0.192791463066882,TRUE,TRUE,TRUE,TRUE
"FT4400NR","[2,6-dihydroxy-4-(3,5,7-trihydroxy-3,4-dihydro-2H-chromen-2-yl)phenyl] hydrogen sulate",NA,1,1,1,405187.596666667,18.9538957612318,0.162308909023739,TRUE,TRUE,TRUE,TRUE
"FT4988NR","11beta,20-Dihydroxy-3-oxopregn-4-en-21-oic acid","11β,20-二羟基-3-氧孕-4-en-21-油酸",1,1,1,69855.4966666667,11.7424693847579,0.127581739100595,TRUE,TRUE,TRUE,TRUE
"FT1392PR","Favipiravir","法匹拉韦",1,1,1,955365.403333333,1.36018942553675,0.0996922608543503,TRUE,TRUE,TRUE,TRUE
"FT2917NR","FA(15:0;O)","R -(3) - 羟基肉豆蔻酸甲酯",1,1,1,6559405.18,22.0728731238736,0.14213558952349,TRUE,TRUE,TRUE,TRUE
"FT4495NR","N-Stearoyl Taurine","硬脂酰牛磺酸",1,1,1,2727516.67,10.3116150379673,0.0929880235748476,TRUE,TRUE,TRUE,TRUE
"FT3821NR","3,4-Dihydroxy-5-[(S)-1,2-dihydroxyethyl]furan-2(5H)-one","3,4-二羟基-5-[(S)-1,2-二羟乙基]呋喃-2(5H)-酮",1,1,1,276408.683333333,2.74430379120654,0.0960234033798021,TRUE,TRUE,TRUE,TRUE
"FT2731NR","1-(3-Carboxypropylcarbamoyl)-5-fluorouracil",NA,1,1,1,366315.036666667,14.3542782398049,0.292155271875407,TRUE,TRUE,TRUE,TRUE
"FT1848PR","4-Aminophenyl hydrogen sulfate",NA,1,1,1,463804.263333333,15.0602640080221,0.200119414427991,TRUE,TRUE,TRUE,TRUE
"FT0676PR","2-Mercaptopyridine","2-吡啶硫酮",1,1,1,907704.113333333,4.21608941011851,0.149191695755753,TRUE,TRUE,TRUE,TRUE
"FT7779NR","6-Hydroxy flavin adenine dinucleotide","6-羟基黄素腺嘌呤二核苷酸",1,1,1,85623.28,3.09668567440694,0.0487976038400043,TRUE,TRUE,TRUE,TRUE
"FT3464NR","11-methyl-1,2-heptadecanediol","11-甲基-1,2-十七烷二醇",1,1,1,292169.07,9.33833515386322,0.697786164517825,TRUE,TRUE,TRUE,TRUE
"FT1787NR","2-Aminohippuric acid","2-氨基马尿酸",0.833333333333333,0.833333333333333,1,93941.3933333333,17.4168352095036,8.79960017921409,TRUE,TRUE,TRUE,TRUE
"FT4120NR","(7Z)-Tetradec-7-enoylcarnitine",NA,1,1,1,723272.06,3.21088913860811,0.0765768954163165,TRUE,TRUE,TRUE,TRUE
"FT4208NR","Retinol acetate","9-顺视黄醇乙酸酯",1,1,1,599441.253333333,17.9186854891476,0.156272520364821,TRUE,TRUE,TRUE,TRUE
"FT4648NR","FA(22:8;O2)","(5E,7E)-8-[(3aR,4R,5R,7aS)-4-[(1Z,3E)-5-羟基-5-氧代戊二烯-1,3-二烯基]-2,3,3a,4 ,5,7a-六氢-1H-茚-5-基]八-5,7-二烯酸",1,1,1,119295.556666667,18.0584408713992,0.0843605376864381,TRUE,TRUE,TRUE,TRUE
"FT6704PR","LysoPG(22:6/0:0)","磷脂酰甘油(22:6/0:0)",1,1,1,175325.566666667,7.01047296524819,0.0223573732570833,TRUE,TRUE,TRUE,TRUE
"FT2163PR","Hexyl benzoate","苯甲酸己酯",1,1,1,371811.23,8.69152274046731,0.0987997935557626,TRUE,TRUE,TRUE,TRUE
"FT1788PR","Acesulfame","安赛蜜",1,1,1,914916.223333333,19.7094711962809,0.139734200627644,TRUE,TRUE,TRUE,TRUE
"FT3727NR","12-amino-octadecanoic acid","12-氨基十八烷酸",1,1,1,2435013.39,6.83783488647657,0.0296805329957801,TRUE,TRUE,TRUE,TRUE
"FT3059NR","Trp-Ala","色氨酰-丙氨酸",0.666666666666667,0.833333333333333,1,241075.8,6.20732083985216,14.6689250510067,TRUE,TRUE,TRUE,TRUE
"FT4439NR","Adunctin C","腺管蛋白C",1,1,1,879445.83,7.55209169680672,0.0626091949166339,TRUE,TRUE,TRUE,TRUE
"FT4779PR","Gln-Phe-Gly","谷氨酰胺酰-苯丙氨酰-甘氨酸",1,1,1,76634.52,13.2624144898097,0.739526366735603,TRUE,TRUE,TRUE,TRUE
"FT6073NR","FA(31:0)","硫代蜡酸 (C31)",1,1,1,321746.7,18.8520083387558,0.0482549484351534,TRUE,TRUE,TRUE,TRUE
"FT4131NR","Ribavirin monophosphate",NA,1,1,1,1651184.93333333,7.80566135667901,0.588069417233077,TRUE,TRUE,TRUE,TRUE
"FT4204PR","gamma-Aminobutyric acid cetyl ester",NA,1,1,1,993538.72,13.6172068574633,0.326213787719787,TRUE,TRUE,TRUE,TRUE
"FT0699NR","(±)-2-Methylthiazolidine","2-甲基噻唑烷",1,1,1,320772.39,14.2635224246443,0.0946719702519176,TRUE,TRUE,TRUE,TRUE
"FT5851PR","N-(7Z,10Z,13Z-16Z-docosatetraenoyl) dopamine","N-(7Z,10Z,13Z-16Z-二十二碳四烯酰)多巴胺",1,1,1,314733.296666667,14.1227254846766,0.0251073708109604,TRUE,TRUE,TRUE,TRUE
"FT3995PR","7-Methylguanosine","7-甲基鸟苷",1,1,1,2570821.15666667,6.07744014892278,0.17832401699094,TRUE,TRUE,TRUE,TRUE
"FT4742NR","6-Hydroxy-5-[(4-sulfophenyl)azo]-2-naphthalenesulfonic acid","6-羟基-5-[(4-磺基苯基)偶氮]萘-2-磺酸",1,1,1,878911.84,2.72644057189274,0.136561577041527,TRUE,TRUE,TRUE,TRUE
"FT3019PR","5-Hydroxy-2-(5-methyl-1-oxo-4-hexenyl)benzofuran","5-羟基-2-(5-甲基-1-氧代-4-己烯基)苯并呋喃",1,1,1,203140.483333333,7.01227470461443,0.25700457908619,TRUE,TRUE,TRUE,TRUE
"FT1714PR","Acridine","吖啶",0.666666666666667,0.5,1,26702.07,3.73887770140202,3.53352606388334,TRUE,TRUE,TRUE,TRUE
"FT4793PR","Firibastat",NA,1,1,1,1484538.95666667,17.8307251854257,0.0790810638570278,TRUE,TRUE,TRUE,TRUE
"FT7821PR","PC(PGF1alpha/P-16:0)","磷脂酰胆碱(PGF1alpha/P-16:0)",1,1,1,1756722.89666667,13.4763483864109,4.33648538937748,TRUE,TRUE,TRUE,TRUE
"FT3472NR","Indole-3-acetic-acid-O-glucuronide","吲哚-3-乙酸-O-葡萄糖醛酸苷",0.833333333333333,0.833333333333333,1,123745.676666667,0.187535089004429,9.90288773634114,TRUE,TRUE,TRUE,TRUE
"FT1893PR","(1R,2R,4R,5S)-(+)-p-Menthane-2,5-diol","(1R,2R,4R,5S)-(+)-对薄荷烷-2,5-二醇",1,1,1,33950.57,22.3125394049799,0.919062675380681,TRUE,TRUE,TRUE,TRUE
"FT5570NR","N-Arachidonoyl tyrosine",NA,1,1,1,991419.683333333,9.93995140478944,0.186129650436851,TRUE,TRUE,TRUE,TRUE
"FT0068NR","3-Hydroxybutyric acid","3-羟基丁酸",1,1,1,4201962.43,11.6157536385322,0.0237022443834102,TRUE,TRUE,TRUE,TRUE
"FT0943NR","maleimide-thiol",NA,1,1,1,179268.813333333,16.4399078433546,0.160245261185555,TRUE,TRUE,TRUE,TRUE
"FT7399NR","PKODiA-PC","PKODiA-PC",1,1,1,182246.866666667,10.5628547217462,0.0853485681779335,TRUE,TRUE,TRUE,TRUE
"FT2214NR","(E)-4-[5-(4-Hydroxyphenoxy)-3-penten-1-ynyl]phenol",NA,1,1,1,54036.83,12.4075483752265,0.024277846880413,TRUE,TRUE,TRUE,TRUE
"FT7008NR","tauro-24,25-dihydrofusidate",NA,1,1,1,24631.6833333333,12.5721183017634,0.106437766544167,TRUE,TRUE,TRUE,TRUE
"FT3875NR","Salbutamol 4-O-sulfate","2-(羟基甲基)-4-{1-羟基-2-[(2-甲基-2-丙基)氨基]乙基}苯基氢硫酸盐",1,1,1,1208481.28,25.6814494479201,0.303308119008408,TRUE,TRUE,TRUE,TRUE
"FT4600NR","Variabilin",NA,1,1,1,505123.22,3.5296846571083,0.20823140745227,TRUE,TRUE,TRUE,TRUE
"FT1540NR","1-[3,4-Dihydroxy-5-(hydroxymethyl)oxolan-2-yl]-4-hydroxyhydropyridin-2-one","1-[3,4-二羟基-5-(羟甲基)氧戊环-2-基]-4-羟基氢吡啶-2-酮",1,1,1,436879.166666667,5.5698449919292,0.254350218627042,TRUE,TRUE,TRUE,TRUE
"FT2944NR","4-Amino-1-[(2R,3S,4S,5R)-3,4-dihydroxy-5-(hydroxymethyl)oxolan-2-yl]oxypyrimidin-2-one",NA,1,1,1,107641.683333333,3.48145181344973,0.391746340409137,TRUE,TRUE,TRUE,TRUE
"FT7550NR","curcumin diglucoside",NA,1,1,1,36997.2966666667,4.10974705555977,0.298719885947141,TRUE,TRUE,TRUE,TRUE
"FT3532NR","Hepsulfam",NA,1,1,1,52127812.6933333,7.44215492327873,0.0229046638335913,TRUE,TRUE,TRUE,TRUE
"FT1612PR","D-Arabinose","D-阿拉伯糖",1,1,1,1234724.22666667,29.897349007472,0.213830982937341,TRUE,TRUE,TRUE,TRUE
"FT4578PR","FA(22:2)","13-二十二炔酸",1,1,1,2869270.68,15.6797972530543,0.560777484838301,TRUE,TRUE,TRUE,TRUE
"FT2632NR","Fluconazole","氟康唑",1,1,1,140828.556666667,8.35582655282601,1.67441670984706,TRUE,TRUE,TRUE,TRUE
"FT1391PR","Benzenesulfonamide","苯磺酰胺",1,1,1,481910.076666667,8.94663381127952,0.221065197034452,TRUE,TRUE,TRUE,TRUE
"FT7296NR","10,11-Dihydro-12R-hydroxy-leukotriene C4",NA,1,1,1,62694.8833333333,16.122572023068,0.343335068719774,TRUE,TRUE,TRUE,TRUE
"FT3013NR","4-Pyridoxic acid 5'-phosphate",NA,1,1,1,1051153.91666667,25.9068026213716,0.109495209240682,TRUE,TRUE,TRUE,TRUE
"FT5840NR","LysoPC(17:1/0:0)","磷脂酰胆碱(17:1/0:0)",1,1,1,70098.3233333333,5.6739597386254,0.77575647769191,TRUE,TRUE,TRUE,TRUE
"FT3565NR","Imidazoleacetic acid ribotide",NA,1,1,1,2662648.08333333,5.01969937675071,0.0336656991704636,TRUE,TRUE,TRUE,TRUE
"FT2260NR","Cimetidine sulfoxide","西咪替丁亚砜盐酸盐",1,1,1,198987.496666667,19.6170244212964,1.08035993084364,TRUE,TRUE,TRUE,TRUE
"FT6832NR","PA(14:1/14:1)","磷脂酸(14:1/14:1)",1,1,1,105941.816666667,13.5138985351405,0.227751234487771,TRUE,TRUE,TRUE,TRUE
"FT2323PR","AKOS014841030",NA,1,1,1,146027.826666667,5.85939519590866,0.308435005933297,TRUE,TRUE,TRUE,TRUE
"FT2750PR","4-Acetyl-6-tert-butyl-1,1-dimethylindane","萨利麝香",1,1,1,159236.86,2.69287931845081,0.0987509476066515,TRUE,TRUE,TRUE,TRUE
"FT5370PR","5alpha-Tomatidan-3-one",NA,1,1,1,728942.493333333,9.53204521982868,0.0928470093199538,TRUE,TRUE,TRUE,TRUE
"FT5290PR","Aminopentol",NA,1,1,1,627418.033333333,8.60579981188198,0.37231915071368,TRUE,TRUE,TRUE,TRUE
"FT2543PR","L-Proline, 1-(2-methyl-3-(methylthio)-1-oxopropyl)-, (S)-",NA,1,1,1,43271.6866666667,12.679765034276,0.118613989493858,TRUE,TRUE,TRUE,TRUE
"FT0971NR","2,5-Dihydro-2,4,5-trimethylthiazole","2,4,5-三甲基-2,5-二氢噻唑",1,1,1,342871.143333333,6.17928498653151,0.070076287197253,TRUE,TRUE,TRUE,TRUE
"FT4713PR","2-Ethylhexyl diphenyl phosphate","磷酸二苯基异辛酯",1,1,1,271374.78,9.19399395013885,0.129059309914796,TRUE,TRUE,TRUE,TRUE
"FT3874NR","Gly-Glu-Asp","甘氨酰-谷氨酰-天冬氨酸",1,1,1,1548340.12333333,5.89782117869248,2.2699244135138,TRUE,TRUE,TRUE,TRUE
"FT0144NR","Methylphosphonfluoridate",NA,1,1,1,593800.686666667,24.3843978535296,0.2512325441332,TRUE,TRUE,TRUE,TRUE
"FT6438NR","N-Docosahexaenoyl Tryptophan","N-二十二碳六烯酰色氨酸",1,1,1,622984.553333333,2.86696531062319,0.0412452077691642,TRUE,TRUE,TRUE,TRUE
"FT6174NR","Phosphoaminophosphonic acid-guanylate ester",NA,1,1,1,224102.3,2.83904263810987,0.0905356381262599,TRUE,TRUE,TRUE,TRUE
"FT1678NR","2-(Sec-butyldisulfanyl)-1h-imidazole","2-(仲丁基二硫基)-1H-咪唑",1,1,1,61244.3066666667,13.2709137025435,0.398229335239969,TRUE,TRUE,TRUE,TRUE
"FT2089PR","11-amino-undecanoic acid","11-氨基十一酸",1,1,1,105090.276666667,10.9954500638341,0.298377344934419,TRUE,TRUE,TRUE,TRUE
"FT2319PR","Trimethylolmelamine",NA,1,0.5,1,9364657.77,14.2844339236538,31.7131771569545,TRUE,TRUE,TRUE,TRUE
"FT1939NR","1,2-Difluoro-3,4-dinitrobenzene",NA,1,1,1,42763.7066666667,12.5357702317202,0.539377442380068,TRUE,TRUE,TRUE,TRUE
"FT5822PR","Car(18:1)","2-羟基十六酰肉碱",1,1,1,20504722.3966667,8.00584976653916,0.0474257150018875,TRUE,TRUE,TRUE,TRUE
"FT6956PR","Isoorientin 6''-O-glucoside","异荭草苷 6''-O-葡萄糖苷",1,1,1,96956.77,25.866657336524,0.316203732574926,TRUE,TRUE,TRUE,TRUE
"FT1819NR","3-(4-Fluorobenzoyl)propionic acid","3-(4-氟苯甲酰)丙酸",1,1,1,344883.69,5.82153438444882,0.0596991352224031,TRUE,TRUE,TRUE,TRUE
"FT3805PR","3-v-2-propylpentanoylcarnitine",NA,1,1,1,68442.9633333333,8.80889564667759,0.844302006982732,TRUE,TRUE,TRUE,TRUE
"FT4840PR","Gondoyl-EA","大麻素(20:1,n-9)",0.833333333333333,0.666666666666667,1,49777.71,21.4802290521942,4.82442148802943,TRUE,TRUE,TRUE,TRUE
"FT3776PR","FA(17:1;O)","16-氧代十七酸",1,1,1,182223.573333333,17.5646621037991,0.44926894553541,TRUE,TRUE,TRUE,TRUE
"FT2057PR","3,4-Dihydrocadalene","Α-二去氢菖蒲烯",1,1,1,134195.583333333,7.34669862666702,0.361676873436697,TRUE,TRUE,TRUE,TRUE
"FT6019NR","Isolimonic acid","异柠檬酸",1,1,1,85033.7066666667,3.34361273449791,0.27105416320315,TRUE,TRUE,TRUE,TRUE
"FT4831NR","DG(2:0/18:1-O/0:0)","甘油二酯(2:0/18:1-O/0:0)",1,1,1,517314.583333333,21.3002785159799,0.101442135315032,TRUE,TRUE,TRUE,TRUE
"FT3704PR","Tridemorph","十三吗啉",0.666666666666667,0.333333333333333,1,57232.37,12.3730649192165,9.1599222005805,TRUE,TRUE,TRUE,TRUE
"FT3150PR","Eugenyl benzoate","苯甲酸丁香酚酯",1,1,1,149136.933333333,15.3622450585707,0.106273480635591,TRUE,TRUE,TRUE,TRUE
"FT4038NR","Benzyl edta","苄基乙二胺",1,1,1,31614.5233333333,4.1068246450548,0.265338808998064,TRUE,TRUE,TRUE,TRUE
"FT5348PR","5beta-Cholane-3alpha,7alpha,23,24-tetrol","5β-胆烷-3α,7α,23,24-四醇",1,1,1,98884.21,2.35365354095706,0.430666440176409,TRUE,TRUE,TRUE,TRUE
"FT2434PR","(E,E)-2,4-Decadienoic isobutylamide","CIS-墙草碱",1,1,1,240431.483333333,11.981759760232,0.524524879629676,TRUE,TRUE,TRUE,TRUE
"FT2300PR","Alliin","蒜氨酸",1,1,1,3484638.57666667,21.2634811449582,0.148059099722791,TRUE,TRUE,TRUE,TRUE
"FT5211PR","N-Stearoyl Valine","N-硬脂酰缬氨酸",0.833333333333333,1,1,121999.1,18.3412693727964,3.61250381545402,TRUE,TRUE,TRUE,TRUE
"FT2483PR","5-Hydroxyferulic acid","5-羟基阿魏酸",1,1,1,35788.15,11.8797133853075,0.165378460546636,TRUE,TRUE,TRUE,TRUE
"FT2571NR","3alpha-Tigloyloxytropane N-oxide",NA,0.666666666666667,0.833333333333333,1,48458.7133333333,9.74540831883001,9.00144394367206,TRUE,TRUE,TRUE,TRUE
"FT2378NR","5-Hydroxyindolin-2-one sulfate",NA,1,1,1,372262.076666667,5.37669764035279,0.172004910438292,TRUE,TRUE,TRUE,TRUE
"FT2702PR","1-Ethyl citrate",NA,1,1,1,1876690.43666667,6.05852343042025,0.0394260379781459,TRUE,TRUE,TRUE,TRUE
"FT2335PR","Propionic acid, 2-methyl-2-((piperidinomethyl)thio)-",NA,1,1,1,269560.896666667,10.5692072733227,0.219465945174901,TRUE,TRUE,TRUE,TRUE
"FT2537NR","SCHEMBL20398956",NA,1,0.833333333333333,1,38122.8466666667,9.67534843777007,4.00596676259133,TRUE,TRUE,TRUE,TRUE
"FT1520NR","3-Amino-5-(3-thiophenyl)-2-thiophenecarboxamide",NA,1,1,1,87761.3,3.14408404976715,0.199229275917169,TRUE,TRUE,TRUE,TRUE
"FT3037NR","Zilascorb",NA,1,1,1,116748.433333333,7.29830502732879,0.0385682643136156,TRUE,TRUE,TRUE,TRUE
"FT5853NR","N-Arachidonoyl Tryptophan",NA,1,1,1,267187.46,29.7996316195181,0.0581910859832294,TRUE,TRUE,TRUE,TRUE
"FT2071NR","N-(3-oxo-octanoyl)-homoserine thiolactone","N-(3-氧代-辛酰基)-高丝氨酸硫内酯",1,1,1,35372.84,26.2852233870286,0.486081283747339,TRUE,TRUE,TRUE,TRUE
"FT5414NR","Ethametsulfuron-methyl","胺苯磺隆",1,1,1,163047.653333333,9.72669790104847,0.0367695375430997,TRUE,TRUE,TRUE,TRUE
"FT2686PR","2,5-Dimethoxy-4-(ethylthio)phenethylamine","2,5-二甲氧基-4-乙硫基苯乙胺",1,1,1,88307.68,1.43172337898992,0.188605617131588,TRUE,TRUE,TRUE,TRUE
"FT0916PR","2-Acetyl-4,5-dihydrothiazole","2-乙酰基-2-噻唑啉",1,1,1,2814024.42666667,4.49710540387925,0.103548152428527,TRUE,TRUE,TRUE,TRUE
"FT3134PR","3S,4R-epoxy-6Z,9Z-heptadecadiene","3S,4R-环氧-6Z,9Z-十七碳二烯",1,1,1,313805.696666667,14.9000016387889,0.60731515468674,TRUE,TRUE,TRUE,TRUE
"FT5093NR","SCHEMBL23750731",NA,1,1,1,506768.066666667,6.91825285211197,0.265668382962402,TRUE,TRUE,TRUE,TRUE
"FT7006NR","PHHdiA-PE","PHHdiA-PE",1,1,1,41237506.5666667,3.28841428068388,0.0142205831184245,TRUE,TRUE,TRUE,TRUE
"FT2181PR","N-Desmethyl tapentadol",NA,1,1,1,94627.7033333333,7.05006045941259,0.377482971645914,TRUE,TRUE,TRUE,TRUE
"FT5957PR","Nicardipine","尼卡地平",1,1,1,158391.396666667,6.25117451983633,0.238116584641715,TRUE,TRUE,TRUE,TRUE
"FT2457PR","4-Oxo-beta-ionol",NA,1,1,1,5018916.54666667,9.03922588665803,0.325281001877513,TRUE,TRUE,TRUE,TRUE
"FT5856PR","Prim-O-glucosylcimifugin","原-O-葡萄糖基西米夫净",1,1,1,54211.13,5.96960911533667,0.169366381827441,TRUE,TRUE,TRUE,TRUE
"FT4222PR","EPA (d5)",NA,1,1,1,1295738.99333333,7.20123421796482,0.0970001089904165,TRUE,TRUE,TRUE,TRUE
"FT3268PR","[(1S,2S,4S,5S)-2-(6-Aminopurin-9-yl)-5-(hydroxymethyl)-4-bicyclo[3.1.0]hexanyl]methanol",NA,1,1,1,115065.306666667,23.7708923839514,0.575270870070648,TRUE,TRUE,TRUE,TRUE
"FT2692NR","Fluoroazomycin arabinoside",NA,1,1,1,3593147.71333333,9.98873699465069,1.10644192061157,TRUE,TRUE,TRUE,TRUE
"FT2903PR","Shikimate-3-phosphate",NA,1,1,1,781532.61,9.67559929828469,0.0105976098952118,TRUE,TRUE,TRUE,TRUE
"FT1631NR","9-(Methylthio)nonanenitrile",NA,1,1,1,125684.053333333,11.4268263846968,0.279591040554993,TRUE,TRUE,TRUE,TRUE
"FT3639PR","(R)-Rhazinilam",NA,1,1,1,36177.86,25.9960882907171,2.1212140596913,TRUE,TRUE,TRUE,TRUE
"FT1672NR","Perflutren","八氟丙烷",1,1,1,9035204.01333333,7.37639659034831,0.0183625812662877,TRUE,TRUE,TRUE,TRUE
"FT7472NR","Mulberrofuran E",NA,1,1,1,881063.97,11.6176362164491,0.118489086748928,TRUE,TRUE,TRUE,TRUE
"FT4022PR","Leucylphenylalanine","亮氨酸-苯丙氨酸",1,1,1,55793.64,18.0165264028074,0.226038579379162,TRUE,TRUE,TRUE,TRUE
"FT3918PR","2-Polyprenyl-3-methyl-6-methoxy-1,4-benzoquinone",NA,1,1,1,2959658.61,11.3732213061221,0.0182627766642032,TRUE,TRUE,TRUE,TRUE
"FT5889PR","3alpha,7alpha,24-trihydroxy-5alpha-cholestan-26-oic acid","3α,7α,24-三羟基-5α-胆甾坦-26-油酸",1,1,1,1719386.89333333,3.20167638712556,4.39890382478137,TRUE,TRUE,TRUE,TRUE
"FT6632NR","PS(18:1(9Z)/0:0)","磷脂酰丝氨酸(18:1/0:0)",0.666666666666667,1,1,123018.723333333,19.0784258147256,8.12400917113618,TRUE,TRUE,TRUE,TRUE
"FT5601PR","12-Methylpentadecanoylcarnitine",NA,1,1,1,20936412.0633333,9.41033899235313,0.0469566375463505,TRUE,TRUE,TRUE,TRUE
"FT6169NR","Z-LLNle-CHO",NA,1,1,1,279541.913333333,6.41680927346784,0.0776735422314677,TRUE,TRUE,TRUE,TRUE
"FT6422PR","FA(32:6;O2)","弱电-N32",1,1,1,1014584.66,14.9397638271218,0.353492454150338,TRUE,TRUE,TRUE,TRUE
"FT4892PR","MG(18:3/0:0/0:0)","甘油一酯(18:3/0:0/0:0)",1,1,1,192435.78,9.73673948154685,0.161582282242434,TRUE,TRUE,TRUE,TRUE
"FT2341NR","Chlormezanone","芬那露",1,1,1,102450.8,8.06283510899594,0.10195744141879,TRUE,TRUE,TRUE,TRUE
"FT3586PR","2-(4-Methyl-3-pentenyl)anthraquinone",NA,1,1,1,750202.043333333,19.1912954088635,0.0823521371594484,TRUE,TRUE,TRUE,TRUE
"FT2452NR","(2R,4S)-2-Aminoformyl-6-fluoro-spiro[chroman-4,4'-imidazolidine]-2',5'-dione",NA,1,1,1,166331.51,6.34278657690125,0.216732436170294,TRUE,TRUE,TRUE,TRUE
"FT3458NR","FA(19:1)","脂肪酸(19:1)",1,1,1,303328.386666667,10.654588458129,0.0674470526200975,TRUE,TRUE,TRUE,TRUE
"FT5425PR","Drophiobiolin B","滴硫生物素B",1,1,1,328241.96,13.0800796851142,1.2221349491813,TRUE,TRUE,TRUE,TRUE
"FT4225PR","Dihydroceramide",NA,1,1,1,272062.176666667,7.49359857701863,0.113532880815266,TRUE,TRUE,TRUE,TRUE
"FT1776PR","2,5-Dinitrophenol","2,5-二硝基苯酚",1,1,1,578377.646666667,3.12828998723407,0.0408430792966552,TRUE,TRUE,TRUE,TRUE
"FT6209PR","Lipoxin D4","脂氧素D4",1,1,1,55979.1133333333,5.81009818484403,3.77990009888054,TRUE,TRUE,TRUE,TRUE
"FT3240NR","Quinol glucuronide",NA,1,1,1,49616506.1133333,3.57287079547223,0.00866327657188105,TRUE,TRUE,TRUE,TRUE
"FT3157NR","10,11-Dihydroxycarbamazepine","反式-10,11-二羟基卡马西平",1,1,1,242998.85,6.18534750198719,0.148759307737975,TRUE,TRUE,TRUE,TRUE
"FT4532NR","Millettosin",NA,1,1,1,29388.2466666667,10.2069054153242,1.12918969636717,TRUE,TRUE,TRUE,TRUE
"FT5906NR","Sitosteryl 3E-pentenoate","3E-戊烯酸谷甾醇酯",1,1,1,284925.296666667,21.3653866076563,0.0557980907982977,TRUE,TRUE,TRUE,TRUE
"FT2651NR","(R)-Mevalonic acid-5-pyrophosphate",NA,1,1,1,192097.196666667,12.312944605876,0.107727916947291,TRUE,TRUE,TRUE,TRUE
"FT6303NR","5,7-Dihydroxy-8,3',4',5'-tetramethoxyflavone 6-C-glucoside",NA,1,1,1,22786.5433333333,28.559009580695,0.713173574529212,TRUE,TRUE,TRUE,TRUE
"FT4020NR","4-Amino-5-hydroxymethyl-2-methylpyrimidine diphosphate",NA,1,1,1,139215.686666667,9.4216670770315,0.17111224388307,TRUE,TRUE,TRUE,TRUE
"FT5982NR","Acetyl-4,4'-diapolycopene-4,4'-dioate",NA,1,1,1,89778.1566666667,16.6462295219951,0.116509715268733,TRUE,TRUE,TRUE,TRUE
"FT7533PR","DG(a-25:0/0:0/20:5-3OH)","甘油二酯(a-25:0/0:0/20:5-3OH)",1,1,1,26458255.09,29.5922797706778,0.0708492732968908,TRUE,TRUE,TRUE,TRUE
"FT4031PR","Androst-4-ene-3, 17.beta.-hydroxy-17-methyl-",NA,1,1,1,303177.79,5.2067098055595,0.109470888952832,TRUE,TRUE,TRUE,TRUE
"FT5521PR","N-Linoleoyl Lysine",NA,0.666666666666667,0.666666666666667,1,95034.4133333333,8.69190369807996,10.3918512679633,TRUE,TRUE,TRUE,TRUE
"FT7217PR","PA(PGJ2/a-15:0)","磷脂酸(PGJ2/a-15:0)",1,1,1,2436174.19333333,10.7575065882552,5.48865993771283,TRUE,TRUE,TRUE,TRUE
"FT3845PR","all-trans-13,14-dihydroretinol","全反式13,14-二氢视黄醇",1,1,1,300640.646666667,6.27619083245998,1.95161529733761,TRUE,TRUE,TRUE,TRUE
"FT2746PR","FA(16:6)","6E,8E,12E-十六碳三烯-10-炔酸",1,1,1,151710.886666667,3.44629575684047,0.0980225207637601,TRUE,TRUE,TRUE,TRUE
