"ID","m/z","Retention time (min)","Ion mode","Metabolites","Metabolites_cn","cid","HMDB","METLIN","Lipidmaps","PubChem","KEGG","ID Annotation","Annotation","ChEBI","Reactome_id","Reactome_Description","CAS","smiles","InChIKey","Super Class","Class","Sub Class","Super Class_cn","Class_cn","Sub Class_cn","level","Score","Isotope Similarity","Fragmentation Score","Fragment Ions","Adducts","Formula","Mass Error (ppm)","FeatureKey","log2FC","AverageExpression","t","Pvalue","padj","B","VIP","PredictiveLoading","SCorrelation","FDRSignificant","VIPCandidate","Direction"
"FT2319PR",217.10475,2.412,"pos","Trimethylolmelamine",NA,212642,"HMDB0259242",342337,NA,70549,NA,NA,NA,NA,NA,NA,NA,"OCNC1=NC(NCO)=NC(NCO)=N1","USDJGQLNFPZEON-UHFFFAOYSA-N","Organoheterocyclic compounds","Triazines","Aminotriazines","有机杂环化合物","三嗪类","氨基三嗪类","Level 4",36.8,95.19,0,"111.0432, 155.0698, 173.0797, 217.0412, 217.0550, 217.0653, 217.1031, 217.1443, 217.1546, 218.1093","M+H","C6H12N6O3",1.75,"FT2319PR",-6.96124488812441,18.2742455765831,-2.88476114113606,0.014073645737999,0.168271225747746,-2.83913515522667,4.4155633353762,-0.118705479212502,-0.632832371674214,FALSE,TRUE,"Down"
"FT6140PR",502.38895,10.544,"pos","(9Z,12Z,15Z,18Z,21Z)-Tetracosa-9,12,15,18,21-pentaenoylcarnitine",NA,198171,"HMDB0241635",NA,NA,NA,NA,NA,NA,NA,NA,NA,NA,"CCC=CCC=CCC=CCC=CCC=CCCCCCCCC(=O)OC(CC([O-])=O)C[N+](C)(C)C","AQYQJMYFFSCGBI-UHFFFAOYSA-N","Lipids and lipid-like molecules","Fatty Acyls","Fatty acid esters","脂质和类脂质分子","脂肪酰基类","脂肪酸酯","Level 4",38.83,78.44,0,NA,"M+H","C31H51NO4",-0.297,"FT6140PR",5.28892182645012,14.5065183399022,4.18025148206177,0.00135714228400437,0.0962424046507313,-0.754055467061963,4.34417090085531,0.116786205835977,0.782594802857271,FALSE,TRUE,"Up"
"FT5483PR",427.30522,10.922,"pos","Cetylmannoside",NA,204721,"HMDB0249840",NA,NA,368379,NA,NA,NA,NA,NA,NA,NA,"CCCCCCCCCCCCCCCCOC1OC(CO)C(O)C(O)C1O","PAEMERHSTIDLSE-UHFFFAOYSA-N","Lipids and lipid-like molecules","Fatty Acyls","Fatty acyl glycosides","脂质和类脂质分子","脂肪酰基类","脂肪酰糖苷","Level 3",47.91,88.99,85.17,"57.0700, 89.0600, 121.0649, 133.0856, 165.0910, 209.1175, 277.2172, 315.1775, 316.1832, 427.3048","M+Na","C22H44O6",5.174,"FT5483PR",5.78271028907271,17.4384472969528,2.6737723768785,0.0207132726275656,0.184923381819959,-3.18226107763683,4.22863598304962,0.113680231186259,0.649937770633977,FALSE,TRUE,"Up"
"FT5944PR",478.38937,10.652,"pos","1alpha-hydroxy-18-(5-hydroxy-5-methylhexyloxy)-23,24,25,26,27-pentanorvitamin D3","1α-羟基-18-(5-羟基-5-甲基己氧基)-23,24,25,26,27-戊维生素D3",45751,NA,NA,"LMST03020588",9547683,NA,NA,NA,NA,NA,NA,NA,"[C@@H]1(O)C(=C)/C(=C\C=C2\[C@]3([H])CC[C@@](C(C)C)([H])[C@@]3(COCCCCC(O)(C)C)CCC\2)/C[C@@H](O)C1","JBRAFUPBKAAICS-LTNBWTJJSA-N","Lipids and lipid-like molecules","Steroids and steroid derivatives","Vitamin D and derivatives","脂质和类脂质分子","类固醇和类固醇衍生物","维生素D及其衍生物","Level 2",39.93,80.46,0,NA,"M+NH4","C29H48O4",0.629,"FT5944PR",5.15641269978224,14.8491560804146,3.32956752793529,0.0062302859855617,0.112501211174784,-2.11169777476132,4.15492800204528,0.111698707982457,0.719711663541219,FALSE,TRUE,"Up"
"FT7896PR",884.59335,10.758,"pos","PC(20:5-3OH/20:0)","磷脂酰胆碱(20:5-3OH/20:0)",240105,"HMDB0287005",NA,NA,NA,NA,NA,NA,NA,NA,NA,NA,"[H][C@@](COC(=O)CCC[C@H](O)[C@@H](O)\C=C/C=C\C=C\C=C\[C@H](O)C\C=C/CC)(COP([O-])(=O)OCC[N+](C)(C)C)OC(=O)CCCCCCCCCCCCCCCCCCC","JOWJIXOIOFPSOA-ZIEUMNGSSA-N","Lipids and lipid-like molecules","Glycerophospholipids","Glycerophosphocholines","脂质和类脂质分子","甘油磷脂","甘油磷酸胆碱","Level 3",39.69,64.37,82.97,"87.0438, 89.0593, 91.0541, 121.0652, 133.0857, 147.0816, 184.0731, 233.1880, 277.2188, 304.3044","M+H","C48H86NO11P",-8.801,"FT7896PR",5.07050646337039,16.1788235380776,2.74120780123998,0.0183094272558992,0.178484906256808,-3.07294981466421,3.86626772055152,0.103938530074961,0.639507434038695,FALSE,TRUE,"Up"
"FT2885NR",302.16068,4.953,"neg","2-Hexenoylcarnitine","2-己烯酰肉碱",8313,"HMDB0013161",NA,"LMFA07070031",53481638,NA,NA,NA,NA,NA,NA,NA,"C(C[N+](C)(C)C)(OC(=O)/C=C/CCC)CC(=O)[O-]","JUAQYRSUSCWTQK-BQYQJAHWSA-N","Lipids and lipid-like molecules","Fatty Acyls","Fatty acid esters","脂质和类脂质分子","脂肪酰基类","脂肪酸酯","Level 2",44.69,90.81,0,NA,"M+FA-H","C13H23NO4",-0.791,"FT2885NR",-4.16825204973238,12.5927709013136,-3.48907237185681,0.00466023926975229,0.112448300984168,-1.85215398240924,3.64011917745827,-0.0978588819888342,-0.709672388177086,FALSE,TRUE,"Down"
"FT1270NR",200.07497,4.144,"neg","Methiopropamine",NA,208637,"HMDB0254533",NA,NA,436156,NA,NA,NA,NA,NA,NA,NA,"CNC(C)CC1=CC=CS1","HPHUWHKFQXTZPS-UHFFFAOYSA-N","Organic nitrogen compounds","Organonitrogen compounds","Amines","有机氮化合物","有机氮化合物","胺类","Level 4",41.61,91.36,0,NA,"M+FA-H","C8H13NS",-0.515,"FT1270NR",-3.86026595369663,14.2594539548393,-4.40211815751591,0.000923441287895617,0.0962424046507313,-0.414356328957743,3.54276956549647,-0.095241790700279,-0.754773041684264,FALSE,TRUE,"Down"
"FT4461PR",345.20592,6.911,"pos","11-Dehydrocorticosterone","11-去氢皮质甾酮",45060,"HMDB0004029",7003,"LMST02030192",13783449,"C05490","mmu00140","Steroid hormone biosynthesis",NA,NA,NA,"72-23-1","[C@@]12([H])CCC3=CC(=O)CC[C@]3(C)[C@@]1([H])C(=O)C[C@]1(C)C(C(=O)CO)CC[C@@]21[H]","FUFLCEKSBBHCMO-IWBQTIMDSA-N","Lipids and lipid-like molecules","Steroids and steroid derivatives","Hydroxysteroids","脂质和类脂质分子","类固醇和类固醇衍生物","羟基类固醇","Level 2",47.05,86.27,0,NA,"M+H","C21H28O4",-0.301,"FT4461PR",3.303457897849,14.1565272610804,3.72435350256783,0.00304668293872821,0.112448300984168,-1.47266952849277,3.43771569536352,0.0924175825415263,0.764748565349097,FALSE,TRUE,"Up"
"FT4483PR",347.22151,7.213,"pos","Corticosterone","皮质酮",45055,"HMDB0001547",6314,"LMST02030186",5753,"C02140","mmu00140,mmu04923,mmu04925,mmu05020","Steroid hormone biosynthesis|Regulation of lipolysis in adipocytes|Aldosterone synthesis and secretion|Prion disease",16827,"R-MMU-193993,R-MMU-211976,R-MMU-3371497,R-MMU-4090294","Mineralocorticoid biosynthesis|Endogenous sterols|HSP90 chaperone cycle for steroid hormone receptors (SHR) in the presence of ligand|SUMOylation of intracellular receptors","50-22-6","C1CC2[C@]([C@@]3([H])[C@@H](O)C[C@@]4(C)[C@@]([H])(CC[C@@]4(C(=O)CO)[H])[C@]13[H])(C)CCC(=O)C=2","OMFXVFTZEKFJBZ-HJTSIMOOSA-N","Lipids and lipid-like molecules","Steroids and steroid derivatives","Hydroxysteroids","脂质和类脂质分子","类固醇和类固醇衍生物","羟基类固醇","Level 1",61.01,96.74,68.65,"97.0652, 121.0648, 159.1174, 293.1897, 304.3096, 311.2018, 329.2130, 347.1832, 347.2249, 348.2204","M+H","C21H30O4",-0.49,"FT4483PR",3.01825871590246,17.3031027021725,4.02043526342226,0.00179740083420224,0.101322895997572,-1.00304469052813,3.32196154243027,0.0893057141000313,0.786318503093347,FALSE,TRUE,"Up"
"FT7594PR",801.49546,10.797,"pos","SM(d18:2/20:5-OH)","鞘磷脂(d18:2/20:5-OH)",243686,"HMDB0290587",NA,NA,NA,NA,NA,NA,NA,NA,NA,NA,"[H][C@@](COP([O-])(=O)OCC[N+](C)(C)C)(NC(=O)CCC\C=C/C\C=C/C\C=C/C=C/CC(O)\C=C/CC)[C@H](O)\C=C\CCCCCCCC\C=C/CCC","FMYGNCUSHPNBAH-ITOOIGQYSA-N","Organic nitrogen compounds","Organonitrogen compounds","Quaternary ammonium salts","有机氮化合物","有机氮化合物","季铵盐","Level 3",46.78,88.69,53.6,"86.0965, 110.8460, 125.0000, 184.0730, 204.0862, 231.1070, 338.3064, 708.0774, 801.5046, 802.5029","M+K","C43H75N2O7P",1.417,"FT7594PR",4.1504658419815,17.6050900867982,2.18651362417157,0.0499514810373932,0.250949254272006,-3.95306804068044,3.26945093288781,0.087894048906705,0.554781760395913,FALSE,TRUE,"Up"
"FT6777NR",582.27245,5.909,"neg","Dihydroergotamine","双氢麦角胺",52703,"HMDB0014465",2259,NA,10531,"C07798",NA,NA,4562,NA,NA,"6190-39-2","[H][C@@]12CCCN1C(=O)[C@H](CC1=CC=CC=C1)N1C(=O)[C@](C)(NC(=O)[C@H]3CN(C)[C@]4([H])CC5=CNC6=CC=CC(=C56)[C@@]4([H])C3)O[C@@]21O","LUZRJRNZXALNLM-JGRZULCMSA-N","Alkaloids and derivatives","Ergoline and derivatives","Lysergic acids and derivatives","生物碱及其衍生物","麦角林及其衍生物","麦角酸及其衍生物","Level 4",43.29,87.35,0,NA,"M-H","C33H37N5O5",0.4,"FT6777NR",4.32143394447783,12.1335984853585,2.27996575289474,0.042282353776057,0.24689316285058,-3.80872162101591,3.22761322012986,0.0867693077661358,0.544661411517197,FALSE,TRUE,"Up"
"FT6406PR",538.2802,5.895,"pos","Tauro-b-muricholic acid","牛磺-β-鼠胆酸",47305,"HMDB0000932",5881,NA,168408,NA,NA,NA,NA,NA,NA,"25696-60-0","[H][C@@]12C[C@H](O)CC[C@]1(C)C1CC[C@]3(C)[C@H](CCC3C1[C@@H](O)[C@H]2O)[C@H](C)CCC(=O)NCCS(O)(=O)=O","XSOLDPYUICCHJX-OEYGYFRSSA-N","Lipids and lipid-like molecules","Steroids and steroid derivatives","Bile acids, alcohols and derivatives","脂质和类脂质分子","类固醇和类固醇衍生物","胆汁酸、醇及其衍生物","Level 2",40.97,76.52,0,NA,"M+Na","C26H45NO7S",-1.271,"FT6406PR",4.03602502008385,11.7905085436256,2.38948978201674,0.0347254462967752,0.230510819703355,-3.63709166555622,3.20499897138517,0.0861613592371763,0.568686971284103,FALSE,TRUE,"Up"
"FT4538NR",393.22863,8.007,"neg","FA(22:5;O4)","delta18-13-神经F",5432,NA,NA,"LMFA04020008",44188834,NA,NA,NA,NA,NA,NA,NA,"C(CC/C=C\C/C=C\C/C=C\CC1OC(C(O)/C=C/C(O)CC)CC1O)(=O)O","WDTITJNJJBBXNE-KBUBQVDUSA-N","Lipids and lipid-like molecules","Fatty Acyls","Fatty acids and conjugates","脂质和类脂质分子","脂肪酰基类","脂肪酸和结合物","Level 2",52.28,85.4,0,NA,"M-H","C22H34O6",0.913,"FT4538NR",2.40294521794983,15.9713577434352,5.43911029298326,0.000166510244512593,0.0866776255366041,1.06754425428544,3.10644307335935,0.0835118388440151,0.869354530387347,FALSE,TRUE,"Up"
"FT6917NR",599.26317,5.907,"neg","Metkephamid",NA,208761,"HMDB0254677",NA,NA,12917802,NA,NA,NA,NA,NA,NA,NA,"CSCCC(N(C)C(=O)C(CC1=CC=CC=C1)NC(=O)CNC(=O)C(C)NC(=O)C(N)CC1=CC=C(O)C=C1)C(N)=O","FWDIKROEWJOQIQ-UHFFFAOYSA-N","Organic acids and derivatives","Carboxylic acids and derivatives","Amino acids, peptides, and analogues","有机酸及其衍生物","羧酸及其衍生物","氨基酸、肽和类似物","Level 2",39.75,75.42,0,NA,"M-H","C29H40N6O6S",-4.3,"FT6917NR",3.70852999526972,11.6267610312185,2.37769100656816,0.0354724099364827,0.232152767377732,-3.65569570103101,3.06693564475439,0.0824497437298012,0.566791328445408,FALSE,TRUE,"Up"
"FT5963PR",480.40413,10.964,"pos","6-Deoxo-25-methyldolichosterone","6-脱氧-25-甲基胆甾酮",254880,"HMDB0301797",NA,NA,NA,NA,NA,NA,NA,NA,NA,NA,"[H][C@@]12CCC3C4CCC([C@H](C)[C@@H](O)[C@H](O)C(=C)C(C)(C)C)[C@@]4(C)CCC3[C@@]1(C)C[C@@H](O)[C@@H](O)C2","LCHQVKGTAJHVHI-DPRYMOCKSA-N","Lipids and lipid-like molecules","Steroids and steroid derivatives","Bile acids, alcohols and derivatives","脂质和类脂质分子","类固醇和类固醇衍生物","胆汁酸、醇及其衍生物","Level 2",40.6,80.2,0,NA,"M+NH4","C29H50O4",-1.236,"FT5963PR",3.36548595910883,15.3088077339786,2.51271141333862,0.0277804778841553,0.205989288141024,-3.44135793210997,3.04083892075863,0.0817481743280049,0.600839071927622,FALSE,TRUE,"Up"
"FT2547PR",232.13305,7.438,"pos","1-(m-Methoxycinnamoyl)pyrrolidine",NA,62186,"HMDB0038839",93474,NA,5373710,NA,NA,NA,157735,NA,NA,"29647-01-6","COC1=CC=CC(\C=C\C(=O)N2CCCC2)=C1","LAPTWLCIZWFMJK-BQYQJAHWSA-N","Phenylpropanoids and polyketides","Cinnamic acids and derivatives","Hydroxycinnamic acids and derivatives","苯丙素和聚酮化合物","肉桂酸及其衍生物","羟基肉桂酸及其衍生物","Level 4",41.54,91.12,0,NA,"M+H","C14H17NO2",-0.685,"FT2547PR",3.78605219753851,12.4596560586832,2.2306829291121,0.0461749531300321,0.250714768851061,-3.88510525371859,3.00125659348836,0.0806840656809113,0.537018640883857,FALSE,TRUE,"Up"
"FT5010PR",383.27937,10.928,"pos","13,14-Dihydro-15-keto-20-ethyl prostaglandin f2alpha",NA,596128,NA,NA,NA,5354032,NA,NA,NA,NA,NA,NA,NA,"CCCCCCCC(=O)CCC1C(O)CC(O)C1C/C=C/CCCC(=O)O","TVHAZVBUYQMHBC-RMKNXTFCSA-N","Lipids and lipid-like molecules","Fatty Acyls","Eicosanoids","脂质和类脂质分子","脂肪酰基类","类二十烷酸","Level 3",51.61,95.24,88.14,"57.0700, 89.0601, 121.0650, 133.0856, 165.0911, 177.1120, 209.1175, 271.1536, 272.1580, 383.2749","M+H","C22H38O5",0.43,"FT5010PR",3.05724423695405,19.0175030890661,2.5293586331185,0.0269525712300869,0.205503368937919,-3.4147315782341,2.98565358536553,0.0802646033347281,0.620339136256172,FALSE,TRUE,"Up"
"FT6228PR",517.35292,10.716,"pos","Phytolaccinic acid","美商陆酸",58634,"HMDB0034640",90102,NA,13878339,NA,NA,NA,168218,NA,NA,"54928-05-1","COC(=O)C1(C)CCC2(CCC3(C)C(=CCC4C5(C)CCC(O)C(C)(CO)C5CCC34C)C2C1)C(O)=O","YAGYBNOEVSEGSL-UHFFFAOYSA-N","Lipids and lipid-like molecules","Prenol lipids","Triterpenoids","脂质和类脂质分子","异戊烯醇脂质","三萜类化合物","Level 2",48.02,79.04,0,NA,"M+H","C31H48O6",1.09,"FT6228PR",3.1958059295655,17.2939597339456,2.19842570781357,0.0489050743336054,0.250949254272006,-3.93478707753836,2.88040235254986,0.0774350893904953,0.558161116831274,FALSE,TRUE,"Up"
"FT4683PR",361.23501,10.926,"pos","ebelactone a",NA,206272,"HMDB0251671",NA,NA,3192,NA,NA,NA,NA,NA,NA,NA,"CCC(C)C(O)C(C)C(=O)C(C)C=C(C)CC(C)C1OC(=O)C1C","WOISDAHQBUYEAF-UHFFFAOYSA-N","Lipids and lipid-like molecules","Prenol lipids","Terpene lactones","脂质和类脂质分子","异戊烯醇脂质","萜内酯","Level 1",62.21,89.12,47.75,"185.0803, 209.6445, 249.1086, 361.1279, 361.1500, 361.2384, 361.3196, 361.3417, 361.3712, 362.2358","M+Na","C20H34O4",0.238,"FT4683PR",2.82693904455966,19.5733181523876,2.53241524371696,0.0268031948361269,0.205503368937919,-3.40983841185059,2.85939743955134,0.0768704053232712,0.618125211951644,FALSE,TRUE,"Up"
"FT5194PR",400.16854,5.755,"pos","Pipazethate","匹哌氮酯",53704,"HMDB0015686",85584,NA,22425,NA,NA,NA,NA,NA,NA,"2167-85-3","O=C(OCCOCCN1CCCCC1)N1C2=CC=CC=C2SC2=C1N=CC=C2","DTVJXCOMJLLMAK-UHFFFAOYSA-N","Organosulfur compounds","Thioethers","Aryl thioethers","有机硫化合物","硫醚类","芳基硫醚","Level 4",38.27,82.46,0,NA,"M+H","C21H25N3O3S",-1.012,"FT5194PR",-3.19619950343638,12.176831437155,-2.45137678955723,0.0310497733968497,0.216416920576043,-3.53909965489116,2.84790996430174,-0.0765615826089596,-0.572795662146169,FALSE,TRUE,"Down"
"FT5477NR",459.22835,5.385,"neg","Pro-Ile-Trp","脯氨酰-异亮氨酰-色氨酸",260487,NA,17745,NA,145457500,NA,NA,NA,NA,NA,NA,NA,"CCC(C)C(C(=O)NC(CC1=CNC2=CC=CC=C21)C(=O)O)NC(=O)C3CCCN3","ZTMLZUNPFDGPKY-VKOGCVSHSA-N","Organic acids and derivatives","Carboxylic acids and derivatives","Amino acids, peptides, and analogues","有机酸及其衍生物","羧酸及其衍生物","氨基酸、肽和类似物","Level 2",44.89,84.7,0,NA,"M+FA-H","C22H30N4O4",7.48,"FT5477NR",2.53827289924296,13.3373017387188,2.97192550985571,0.0119937293992899,0.156254754977665,-2.6966728538335,2.80488796712603,0.0754050038434583,0.671955599213842,FALSE,TRUE,"Up"
"FT4601PR",356.27953,10.926,"pos","Tridec-6-enoylcarnitine",NA,197860,"HMDB0241315",NA,NA,NA,NA,NA,NA,NA,NA,NA,NA,"CCCCCCC=CCCCCC(=O)OC(CC([O-])=O)C[N+](C)(C)C","BOHJDNPJNLTHQF-UHFFFAOYSA-N","Lipids and lipid-like molecules","Fatty Acyls","Fatty acid esters","脂质和类脂质分子","脂肪酰基类","脂肪酸酯","Level 3",48.7,96.45,69.56,"57.0701, 89.0591, 121.0649, 133.0858, 165.0908, 184.0730, 227.1263, 228.1299, 262.2541, 264.2678","M+H","C20H37NO4",-0.031,"FT4601PR",2.55950176752537,19.6789583035535,2.53459775301693,0.0266970302098502,0.205503368937919,-3.40634374855777,2.75144563395776,0.0739682907250782,0.625343420160152,FALSE,TRUE,"Up"
"FT2150NR",260.06711,4.727,"neg","Naftazone",NA,209421,"HMDB0255426",NA,NA,71688,NA,NA,NA,NA,NA,NA,NA,"NC(=O)N=NC1=C(O)C2=CC=CC=C2C=C1","AGSIRJFXAANBMW-UHFFFAOYSA-N","Benzenoids","Naphthalenes","Naphthols and derivatives","苯类","萘","萘酚及其衍生物","Level 4",42.32,91.45,0,NA,"M+FA-H","C11H9N3O2",-2.222,"FT2150NR",2.32220885498595,13.5288702757983,3.31739982390206,0.00637020049553428,0.112501211174784,-2.13155183289196,2.7086050451322,0.0728165888379053,0.69912395412513,FALSE,TRUE,"Up"
"FT7195PR",708.49016,10.83,"pos","Butyl 4'-O-butanoyl-6-O-hexadecanoyl-neohesperidoside",NA,38886,NA,NA,"LMSL05000005",56940684,NA,NA,NA,NA,NA,NA,NA,"C(OC[C@@H]1[C@@H](O)[C@H](O)[C@@H](O[C@H]2[C@H](O)[C@H](O)[C@@H](OC(CCC)=O)[C@H](C)O2)[C@H](OCCCC)O1)(CCCCCCCCCCCCCCC)=O","LIKCIOINGHXXRQ-OJOWQNSLSA-N","Lipids and lipid-like molecules","Saccharolipids","Unclassified","脂质和类脂质分子","糖脂",NA,"Level 3",42.21,99.37,89.2,"57.0700, 87.0444, 89.0600, 121.0648, 133.0854, 147.0812, 177.1119, 233.1917, 277.2167, 708.4830","M+NH4","C36H66O12",1.273,"FT7195PR",2.5622218052458,21.7866740101173,2.33537795907422,0.038280578901391,0.237169453282395,-3.72219332764525,2.65439221963766,0.0713591622445112,0.586776745668464,FALSE,TRUE,"Up"
"FT7359PR",757.4699,10.812,"pos","PA(5-iso PGF2VI/19:2)","磷脂酸(5-iso PGF2VI/19:2)",217659,"HMDB0264557",NA,NA,NA,NA,NA,NA,NA,NA,NA,NA,"CCCCC\C=C/C\C=C/CCCCCCCCC(=O)O[C@H](COC(=O)C\C=C/C[C@@H]1[C@@H](O)C[C@@H](O)[C@@H]1\C=C\[C@H](O)CCCCC)COP(O)(O)=O","XEDQWFULFFDUCY-SNBTUBDZSA-N","Lipids and lipid-like molecules","Fatty Acyls","Eicosanoids","脂质和类脂质分子","脂肪酰基类","类二十烷酸","Level 3",41.66,91.16,52.64,"57.0699, 60.0812, 71.0858, 86.0965, 125.0000, 146.9819, 184.0733, 304.3215, 757.4562, 758.4428","M+H","C40H69O11P",6.433,"FT7359PR",2.59194921060995,19.2372845497524,2.19663678200039,0.0490608831276289,0.250949254272006,-3.93753476612572,2.60380672439955,0.0699992507230677,0.560208537182076,FALSE,TRUE,"Up"
"FT7572PR",796.54246,10.796,"pos","PC(20:4-OH(5S)/16:1)","磷脂酰胆碱(20:4-OH(5S)/16:1)",239107,"HMDB0286006",NA,NA,NA,NA,NA,NA,NA,NA,NA,NA,"[H][C@@](COC(=O)CCC[C@H](O)\C=C\C=C/C\C=C/C\C=C/CCCCC)(COP([O-])(=O)OCC[N+](C)(C)C)OC(=O)CCCCCCC\C=C/CCCCCC","ICLPMIXFWKSAMY-YGLYSLOLSA-N","Lipids and lipid-like molecules","Glycerophospholipids","Glycerophosphocholines","脂质和类脂质分子","甘油磷脂","甘油磷酸胆碱","Level 3",46.11,88.94,90.78,"57.0699, 87.0443, 89.0598, 121.0646, 133.0852, 147.0810, 177.1118, 233.1911, 277.2161, 796.5303","M+H","C44H78NO9P",-7.841,"FT7572PR",2.51172866397173,20.2306921519271,2.23021471498194,0.0462135233091174,0.250714768851061,-3.88582820651905,2.58383182748105,0.0694622570190179,0.567770396680568,FALSE,TRUE,"Up"
"FT4368NR",383.2411,10.065,"neg","6,7-dihydro-12-epi-LTB4","6,7-二氢-12-表-白三烯B4",3895,"HMDB0012838",NA,"LMFA03020070",53481527,NA,NA,NA,NA,NA,NA,NA,"CCCCC/C=C\C[C@H](/C=C/C=C/CC[C@@H](CCCC(=O)O)O)O","ZMZNVSWCIRFLBV-GRXSAWGRSA-N","Lipids and lipid-like molecules","Fatty Acyls","Eicosanoids","脂质和类脂质分子","脂肪酰基类","类二十烷酸","Level 2",46.93,86.61,0,"116.9271, 209.7006, 268.5662, 297.2410, 304.3423, 315.2529, 335.2219, 337.2340, 372.1431, 383.2372","M+FA-H","C20H34O4",-7.296,"FT4368NR",-1.91228715358657,16.76156378781,-5.36897121222528,0.000186085861869073,0.0866776255366041,0.973161983961123,2.57219553870831,-0.0691494336870646,-0.806162443187454,FALSE,TRUE,"Down"
"FT1107NR",187.00716,4.678,"neg","p-Cresol sulfate","对甲酚硫酸盐",51429,"HMDB0011635",62391,NA,4615423,"C06677",NA,NA,82914,NA,NA,"3233-58-7","CC1=CC=C(OS(O)(=O)=O)C=C1","WGNAKZGUSRVWRH-UHFFFAOYSA-N","Organic acids and derivatives","Organic sulfuric acids and derivatives","Arylsulfates","有机酸及其衍生物","有机硫酸及其衍生物","芳基硫酸盐","Level 2",52.74,92.51,0,NA,"M-H","C7H8O4S",0.588,"FT1107NR",-2.33551118131111,14.4277741343324,-2.30516700615149,0.0404150285373917,0.240763033252667,-3.76945017203144,2.56229795567847,-0.0688833527258449,-0.59070397580069,FALSE,TRUE,"Down"
"FT7217PR",713.44231,10.83,"pos","PA(PGJ2/a-15:0)","磷脂酸(PGJ2/a-15:0)",220034,"HMDB0266932",NA,NA,NA,NA,NA,NA,NA,NA,NA,NA,"CCCCC[C@H](O)\C=C\[C@@H]1[C@@H](C\C=C/CCCC(=O)OC[C@H](COP(O)(O)=O)OC(=O)CCCCCCCCCCC(C)CC)C=CC1=O","UTOUHCAMQCGRHR-FYHKIBHBSA-N","Lipids and lipid-like molecules","Fatty Acyls","Eicosanoids","脂质和类脂质分子","脂肪酰基类","类二十烷酸","Level 4",36.03,96.36,0,"79.2677, 79.2738, 104.1072, 111.0418, 155.0671, 199.0955, 287.1452, 304.3154, 713.4487, 714.4515","M+H","C38H65O10P",4.945,"FT7217PR",2.44808304632822,19.8034548647219,2.2192994653466,0.0471214271441736,0.250714768851061,-3.90266701784928,2.54895517813215,0.0685246531257346,0.56638028074326,FALSE,TRUE,"Up"
"FT4993PR",382.27177,9.924,"pos","Sphinganine 1-phosphate","D-赤式 - 二氢-D-鞘氨醇-1 - 磷酸",38934,"HMDB0001383",3512,"LMSP01050002",644260,"C01120","mmu00600,mmu04080","Sphingolipid metabolism|Neuroactive ligand-receptor interaction",16893,NA,NA,"19794-97-9","[C@](COP(=O)(O)O)([H])(N)[C@]([H])(O)CCCCCCCCCCCCCCC","YHEDRJPUIRMZMP-ZWKOTPCHSA-N","Lipids and lipid-like molecules","Sphingolipids","Phosphosphingolipids","脂质和类脂质分子","鞘脂类","磷脂鞘脂","Level 1",61.44,88.05,67.47,"209.6579, 266.2829, 284.2941, 285.3002, 304.3105, 341.1785, 364.2583, 382.2706, 383.2191, 383.2755","M+H","C18H40NO5P",0.188,"FT4993PR",-1.64681917483968,18.0477157381297,-4.71421121776562,0.000542997005536155,0.0866776255366041,0.0506676225006073,2.54455478342286,-0.0684063554311901,-0.842436305191061,FALSE,TRUE,"Down"
"FT7338PR",752.5145,10.812,"pos","DG(i-16:0/0:0/LTE4)","甘油二酯(i-16:0/0:0/LTE4)",252309,"HMDB0299210",NA,NA,NA,NA,NA,NA,NA,NA,NA,NA,"CCCCC\C=C/C\C=C/C=C/C=C/[C@@H](SC[C@H](N)C(=O)OC[C@H](O)COC(=O)CCCCCCCCCCCCC(C)C)[C@@H](O)CCCC(O)=O","KIMKDKAIFPGTMY-XXMSADNVSA-N","Lipids and lipid-like molecules","Fatty Acyls","Eicosanoids","脂质和类脂质分子","脂肪酰基类","类二十烷酸","Level 1",57.39,84.27,75.7,"57.0700, 87.0444, 89.0599, 121.0647, 133.0853, 147.0812, 177.1117, 233.1915, 277.2165, 752.5092","M+H","C42H73NO8S",2.074,"FT7338PR",2.3606698268655,21.2056531497987,2.2255489521531,0.0465995547011305,0.250714768851061,-3.89302955516648,2.51251632042194,0.0675450517163759,0.569116383529957,FALSE,TRUE,"Up"
"FT5889PR",473.32645,10.745,"pos","3alpha,7alpha,24-trihydroxy-5alpha-cholestan-26-oic acid","3α,7α,24-三羟基-5α-胆甾坦-26-油酸",46492,NA,84877,"LMST04030187",52931526,NA,NA,NA,NA,NA,NA,NA,"C1[C@]2(C)[C@@]3([H])CC[C@]4(C)[C@@]([H])([C@]([H])(C)CCC(O)C(C)C(O)=O)CC[C@@]4([H])[C@]3([H])[C@H](O)C[C@@]2([H])C[C@H](O)C1","MCVJTZAENNGXTM-BVGYEHLVSA-N","Lipids and lipid-like molecules","Steroids and steroid derivatives","Bile acids, alcohols and derivatives","脂质和类脂质分子","类固醇和类固醇衍生物","胆汁酸、醇及其衍生物","Level 3",36.29,89.09,46.13,"89.0600, 121.0648, 133.0855, 165.0909, 177.1117, 408.7535, 409.2512, 464.8118, 465.3174, 816.5008","M+Na","C27H46O5",5.747,"FT5889PR",2.18857180811745,19.4476881067677,2.21392736811441,0.0475744690151468,0.25087414824992,-3.91094380280089,2.41237863932642,0.064853007571875,0.566528632702135,FALSE,TRUE,"Up"
"FT0994PR",132.10185,3.404,"pos","1-Nitrohexane","1-硝基己烷",52458,"HMDB0013812",NA,NA,NA,NA,NA,NA,89185,NA,NA,"646-14-0","CCCCCC[N+](O)=O","RPBWECFHDHMPJN-UHFFFAOYSA-N","Organic 1,3-dipolar compounds","Allyl-type 1,3-dipolar organic compounds","Organic nitro compounds","1,3-偶极有机化合物","烯丙基型1,3-偶极有机化合物","有机硝基化合物","Level 4",37.78,96.09,0,NA,"M+","C6H14NO2+",-0.363,"FT0994PR",1.824159929291,21.3902993882756,2.96459665279562,0.0121561005147268,0.156903741828974,-2.70866035907093,2.41168640069614,0.0648343978244667,0.681592829407294,FALSE,TRUE,"Up"
"FT3874NR",354.07224,0.727,"neg","Gly-Glu-Asp","甘氨酰-谷氨酰-天冬氨酸",264197,NA,21646,NA,145455618,NA,NA,NA,NA,NA,NA,NA,"C(CC(=O)O)C(C(=O)NC(CC(=O)O)C(=O)O)NC(=O)CN","FIQQRCFQXGLOSZ-WDSKDSINSA-N","Organic acids and derivatives","Carboxylic acids and derivatives","Amino acids, peptides, and analogues","有机酸及其衍生物","羧酸及其衍生物","氨基酸、肽和类似物","Level 2",36.85,74.76,0,NA,"M+Cl","C11H17N3O8",3.635,"FT3874NR",1.74865130257465,19.9729365943954,2.58923970703664,0.0241689802239915,0.195881153675838,-3.31864258135461,2.34534619314484,0.063050945628154,0.649855224945726,FALSE,TRUE,"Up"
"FT2989PR",260.18569,4.715,"pos","Car(6:0)","己酰肉碱",47203,"HMDB0000756",3548,NA,3246938,NA,NA,NA,84834,NA,NA,"22671-29-0","CCCCCC(=O)O[C@H](CC(O)=O)C[N+](C)(C)C","VVPRQWTYSNDTEA-LLVKDONJSA-O","Lipids and lipid-like molecules","Fatty Acyls","Fatty acid esters","脂质和类脂质分子","脂肪酰基类","脂肪酸酯","Level 2",49.97,91.5,0,NA,"M+","C13H26NO4+",0.2,"FT2989PR",1.5903234483011,14.7148080854955,3.80933543059853,0.00261614607128124,0.109433046175697,-1.33686909483416,2.26577880677495,0.0609119015218103,0.731750366463168,FALSE,TRUE,"Up"
"FT1177PR",144.06555,3.746,"pos","4-HYDROXY-6-METHYLPYRAN-2-ONE","4-羟基-6-甲基-2-吡喃酮",267067,NA,44653,NA,54675757,"C02752",NA,NA,NA,NA,NA,"675-10-5","CC1=CC(=CC(=O)O1)O","NSYSSMYQPLSPOD-UHFFFAOYSA-N","Organoheterocyclic compounds","Pyrans","Pyranones and derivatives","有机杂环化合物","吡喃","吡喃酮及其衍生物","Level 2",42.59,96.1,0,NA,"M+NH4","C6H6O3",0.201,"FT1177PR",1.88657073151433,20.0647168893846,2.20083739661219,0.0486957682582165,0.250949254272006,-3.93108158209411,2.22614337197153,0.0598463651621707,0.562056870575014,FALSE,TRUE,"Up"
"FT6446PR",543.1093,3.907,"pos","6-Caffeoylsucrose","6-咖啡酰蔗糖",59353,"HMDB0035486",90768,NA,131751779,NA,NA,NA,168078,NA,NA,NA,"OCC1OC(CO)(OC2OC(COC(=O)\C=C\C3=CC(O)=C(O)C=C3)C(O)C(O)C2O)C(O)C1O","UZUDNVXQOKQTDO-DUXPYHPUSA-N","Phenylpropanoids and polyketides","Cinnamic acids and derivatives","Hydroxycinnamic acids and derivatives","苯丙素和聚酮化合物","肉桂酸及其衍生物","羟基肉桂酸及其衍生物","Level 2",40.91,77.29,0,NA,"M+K","C21H28O14",-3.285,"FT6446PR",1.32038264816003,15.1839628107874,2.68808195568702,0.0201784651802033,0.184923381819959,-3.1591002136295,2.15436790821469,0.0579167946467406,0.695959654727885,FALSE,TRUE,"Up"
"FT3723NR",344.18247,4.471,"neg","Val-Asp-Ile","缬氨酰-天冬氨酰-异亮氨酸",259188,NA,16389,NA,44256385,NA,NA,NA,NA,NA,NA,NA,"CCC(C)C(C(=O)O)NC(=O)C(CC(=O)O)NC(=O)C(C(C)C)N","XLDYBRXERHITNH-QSFUFRPTSA-N","Organic acids and derivatives","Carboxylic acids and derivatives","Amino acids, peptides, and analogues","有机酸及其衍生物","羧酸及其衍生物","氨基酸、肽和类似物","Level 2",51.11,89.39,0,NA,"M-H","C15H27N3O6",-0.694,"FT3723NR",1.26995411132958,15.8493140975489,3.17479620652846,0.00826808434563603,0.132169467425092,-2.36462823456451,2.11909786051634,0.0569686148572361,0.733008090650597,FALSE,TRUE,"Up"
"FT4274NR",378.2417,9.707,"neg","Sphingosine 1-phosphate","D-苏式-鞘胺醇-1-磷酸",38933,"HMDB0000277",3891,"LMSP01050001",5283560,"C06124","mmu00600,mmu04020,mmu04071,mmu04072,mmu04080,mmu04148,mmu04371,mmu04666,mmu05152","Sphingolipid metabolism|Calcium signaling pathway|Sphingolipid signaling pathway|Phospholipase D signaling pathway|Neuroactive ligand-receptor interaction|Efferocytosis|Apelin signaling pathway|Fc gamma R-mediated phagosome formation|Tuberculosis",37550,NA,NA,"26993-30-6","OP(OC[C@]([H])(N)[C@]([H])(O)/C=C/CCCCCCCCCCCCC)(=O)O","DUYSYHSSBDVJSM-KRWOKUGFSA-N","Lipids and lipid-like molecules","Sphingolipids","Phosphosphingolipids","脂质和类脂质分子","鞘脂类","磷脂鞘脂","Level 1",64.66,97.04,76.44,"51.1007, 61.9885, 78.9588, 78.9633, 174.9570, 209.6843, 209.7071, 304.3707, 305.8871, 378.2442","M-H","C18H38NO5P",0.566,"FT4274NR",-1.19638019073684,20.0061405251783,-3.84039780330291,0.00247486509310536,0.107811310618402,-1.28742347370187,2.08834713580711,-0.0561419299621299,-0.780729271153472,FALSE,TRUE,"Down"
"FT2305PR",216.06306,0.785,"pos","sn-glycero-3-Phosphoethanolamine","s-甘油-3-磷酸乙醇胺",81746,"HMDB0059660",96256,NA,5459861,NA,NA,NA,16929,"R-MMU-1483152","Hydrolysis of LPE",NA,"NCCO[P@@](O)(=O)OC[C@@H](O)CO","JZNWSCPGTDBMEW-YFKPBYRVSA-N","Lipids and lipid-like molecules","Glycerophospholipids","Glycerophosphoethanolamines","脂质和类脂质分子","甘油磷脂","甘油磷酸乙醇胺","Level 2",53.78,96.23,0,NA,"M+H","C5H14NO6P",-0.444,"FT2305PR",1.14157533555238,20.5954506237506,3.10963962129584,0.00931650801925259,0.13697213334814,-2.4712725747133,1.96890490074133,0.0529309132299948,0.714868959293133,FALSE,TRUE,"Up"
"FT6006PR",484.43628,12.047,"pos","5-Methylhenicosanoylcarnitine","5-甲基二十烷酰肉碱",197501,"HMDB0240945",NA,NA,NA,NA,NA,NA,NA,NA,NA,NA,"CCCCCCCCCCCCCCCCC(C)CCCC(=O)OC(CC([O-])=O)C[N+](C)(C)C","JCDBCISSGZCLON-UHFFFAOYSA-N","Lipids and lipid-like molecules","Fatty Acyls","Fatty acid esters","脂质和类脂质分子","脂肪酰基类","脂肪酸酯","Level 2",49.75,80.73,0,NA,"M+H","C29H57NO4",0.506,"FT6006PR",-1.06353019008,17.1311479949523,-3.36689683557733,0.00582020936373492,0.112501211174784,-2.05083016692015,1.96585550336584,-0.0528489349750648,-0.755997286391553,FALSE,TRUE,"Down"
"FT2014NR",252.08714,4.007,"neg","N-lactoyl-Tyrosine","N-乳酰酪氨酸",83447,"HMDB0062177",NA,NA,57329379,NA,NA,NA,NA,NA,NA,NA,"C[C@H](O)C(=O)N[C@@H](CC1=CC=C(O)C=C1)C(O)=O","XBOGARDIMVJTKF-XVKPBYJWSA-N","Organic acids and derivatives","Carboxylic acids and derivatives","Amino acids, peptides, and analogues","有机酸及其衍生物","羧酸及其衍生物","氨基酸、肽和类似物","Level 2",61.35,92.19,42.41,"61.9885, 103.9198, 138.0175, 150.0175, 168.0264, 208.0965, 209.6929, 234.0766, 252.0856, 253.0898","M-H","C12H15NO5",-2.432,"FT2014NR",1.65517497455375,18.6384435569392,2.52249378682959,0.0272910210815822,0.205989288141024,-3.42571634376966,1.95551097599741,0.0525708386178778,0.55235459030946,FALSE,TRUE,"Up"
"FT1941NR",249.02241,5.438,"neg","Bisphenol S","双酚S",197310,"HMDB0240712",69883,NA,6626,"C14216",NA,NA,34372,NA,NA,"80-09-1","OC1=CC=C(C=C1)S(=O)(=O)C1=CC=C(O)C=C1","VPWNQTHUCYMVMZ-UHFFFAOYSA-N","Benzenoids","Benzene and substituted derivatives","Benzenesulfonyl compounds","苯类","苯和取代衍生物","苯磺酰基化合物","Level 2",43.43,55.72,0,NA,"M-H","C12H10O4S",-1.185,"FT1941NR",-1.4769094953042,17.662298995354,-2.48633726507035,0.0291430753824243,0.211218211245829,-3.48345871061597,1.92506138354717,-0.0517522491901884,-0.573160655796131,FALSE,TRUE,"Down"
"FT2403NR",275.10361,5.052,"neg","N-lactoyl-Tryptophan","N-乳酰色氨酸",83448,"HMDB0062178",NA,NA,131770415,NA,NA,NA,NA,NA,NA,NA,"C[C@H](O)C(=O)N[C@@H](CC1=CNC2=CC=CC=C12)C(O)=O","AQHJZWISLYVACJ-UFBFGSQYSA-N","Organic acids and derivatives","Carboxylic acids and derivatives","Amino acids, peptides, and analogues","有机酸及其衍生物","羧酸及其衍生物","氨基酸、肽和类似物","Level 1",64.48,82.83,77.07,"61.9885, 88.0405, 102.0560, 146.0459, 209.6975, 231.1128, 260.8954, 275.1051, 288.1777","M-H","C14H16N2O4",-0.433,"FT2403NR",1.29674390161826,16.9195545672,2.61862015630704,0.0229081342882497,0.192237874127106,-3.27133191995349,1.92123200125434,0.0516493022668558,0.621193145374094,FALSE,TRUE,"Up"
"FT7545PR",790.57191,12.388,"pos","PC(P-16:0/22:6)","磷脂酰胆碱(P-16:0/22:6)",51211,"HMDB0011229",NA,NA,53480699,NA,NA,NA,89987,NA,NA,NA,"CCCCCCCCCCCCCC\C=C/OCC(COP([O-])(=O)OCC[N+](C)(C)C)OC(=O)CC\C=C/C\C=C/C\C=C/C\C=C/C\C=C/C\C=C/CC","QICWUUGBNFIZAZ-VEOGPPBOSA-N","Lipids and lipid-like molecules","Glycerophospholipids","Glycerophosphocholines","脂质和类脂质分子","甘油磷脂","甘油磷酸胆碱","Level 2",45.58,65.41,0,NA,"M+H","C46H80NO7P",-3.306,"FT7545PR",-1.0609729005247,19.7764137339217,-4.57762910293816,0.000683969785439487,0.0866776255366041,-0.150924098792319,1.86876087100892,-0.0502386984123708,-0.770144025627384,FALSE,TRUE,"Down"
"FT3311PR",279.10087,1.892,"pos","gamma-Glutamylmethionine","γ-谷氨酰蛋氨酸",58405,"HMDB0034367",NA,NA,7009567,NA,NA,NA,82965,NA,NA,"17663-87-5","CSCC[C@H](NC(=O)CC[C@H](N)C(O)=O)C(O)=O","RQNSKRXMANOPQY-BQBZGAKWSA-N","Organic acids and derivatives","Carboxylic acids and derivatives","Amino acids, peptides, and analogues","有机酸及其衍生物","羧酸及其衍生物","氨基酸、肽和类似物","Level 2",46.38,90.25,0,NA,"M+H","C10H18N2O5S",-0.186,"FT3311PR",0.975650918087898,16.1894709424125,3.94364637075061,0.00205925968616706,0.101322895997572,-1.12385969807412,1.86300700403971,0.0500840147437133,0.777857643892868,FALSE,TRUE,"Up"
"FT2359PR",219.09757,1.089,"pos","Gamma-Glutamylalanine","γ-谷氨酰丙氨酸",48688,"HMDB0006248",58376,NA,440103,"C03740","mmu00480","Glutathione metabolism",50619,NA,NA,"5875-41-2","C[C@H](NC(=O)CC[C@H](N)C(O)=O)C(O)=O","WQXXXVRAFAKQJM-WHFBIAKZSA-N","Organic acids and derivatives","Carboxylic acids and derivatives","Amino acids, peptides, and analogues","有机酸及其衍生物","羧酸及其衍生物","氨基酸、肽和类似物","Level 2",48.65,94.56,0,NA,"M+H","C8H14N2O5",0.096,"FT2359PR",1.23317586184298,19.5909069711787,2.76561762313881,0.0175090404406966,0.178484906256808,-3.03328772621025,1.82950828094992,0.0491834542318707,0.617214706975813,FALSE,TRUE,"Up"
"FT5349PR",412.34191,10.125,"pos","CHEBI:140689",NA,595230,NA,NA,NA,134160373,NA,NA,NA,NA,NA,NA,NA,"CCCCCC[C@H]1C[C@H]1CCCCCCCC(=O)OC(CC(=O)[O-])C[N+](C)(C)C","HZZZPXYJZMCKMS-UGGDCYSXSA-N","Lipids and lipid-like molecules","Fatty Acyls","Fatty acid esters","脂质和类脂质分子","脂肪酰基类","脂肪酸酯","Level 4",42.48,84.3,0,NA,"M+H","C24H45NO4",-0.541,"FT5349PR",-0.924263031517753,17.3826441445322,-4.18718958808743,0.00134077868785323,0.0962424046507313,-0.743324809380857,1.81524699237181,-0.048800061906527,-0.789484798710885,FALSE,TRUE,"Down"
"FT2944NR",304.07832,2.001,"neg","4-Amino-1-[(2R,3S,4S,5R)-3,4-dihydroxy-5-(hydroxymethyl)oxolan-2-yl]oxypyrimidin-2-one",NA,211297,"HMDB0257637",NA,NA,18505434,NA,NA,NA,NA,NA,NA,NA,"NC1=NC(=O)N(OC2OC(CO)C(O)C2O)C=C1","QYVZUVDUGVPFFK-UHFFFAOYSA-N","Organic oxygen compounds","Organooxygen compounds","Carbohydrates and carbohydrate conjugates","有机氧化合物","有机氧化合物","碳水化合物和碳水化合物结合物","Level 4",37.05,92.34,0,NA,"M+FA-H","C9H13N3O6",-1.066,"FT2944NR",0.891301776679149,16.7409200466814,3.65534553915952,0.00344955505400633,0.112448300984168,-1.58347341330446,1.81298347577652,0.0487392108210048,0.779390513596222,FALSE,TRUE,"Up"
"FT5611PR",439.32025,10.937,"pos","1alpha,25-dihydroxy-26,27-dimethyl-20,21,22,22,23,23-hexadehydrovitamin D3","1α,25-二羟基-26,27-二甲基-20,21,22,22,23,23-六脱氢维生素 D3",45557,NA,NA,"LMST03020392",9547501,NA,NA,NA,NA,NA,NA,NA,"[C@@H]1(O)C(=C)/C(=C\C=C2\[C@]3([H])CC[C@@](C(=C)C#CCC(O)(CC)CC)([H])[C@@]3(C)CCC\2)/C[C@@H](O)C1","ZBTUTZDSETXDGA-AWAPJYPXSA-N","Lipids and lipid-like molecules","Steroids and steroid derivatives","Vitamin D and derivatives","脂质和类脂质分子","类固醇和类固醇衍生物","维生素D及其衍生物","Level 4",38.87,81.38,0,NA,"M+H","C29H42O3",-0.977,"FT5611PR",1.25168424166996,16.5147163734378,2.98582410728648,0.0116917418445581,0.154950303161108,-2.67393600939067,1.81074678022056,0.0486790807769637,0.620228731247361,FALSE,TRUE,"Up"
"FT2684NR",291.05969,4.854,"neg","2-hydroxyflutamide","羟基氟他胺",82798,"HMDB0060949",674,NA,91649,"C14204",NA,NA,NA,NA,NA,"52806-53-8","CC(C)(O)C(O)=NC1=CC(=C(C=C1)N(=O)=O)C(F)(F)F","YPQLFJODEKMJEF-UHFFFAOYSA-N","Benzenoids","Benzene and substituted derivatives","Trifluoromethylbenzenes","苯类","苯和取代衍生物","三氟甲基苯","Level 2",51.62,92.77,0,NA,"M-H","C11H11F3N2O4",-0.426,"FT2684NR",1.0197564815958,15.2786206555728,2.81438329238224,0.0160123604446887,0.175757720156661,-2.95392312365875,1.78879578480713,0.0480889627712118,0.668231359933962,FALSE,TRUE,"Up"
"FT0925NR",172.9913,3.693,"neg","Phenol sulphate","硫酸苯酯",82031,"HMDB0060015",NA,NA,74426,"C00850",NA,NA,27905,"R-MMU-156584","Cytosolic sulfonation of small molecules","937-34-8","OS(=O)(=O)OC1=CC=CC=C1","CTYRPMDGLDAWRQ-UHFFFAOYSA-N","Organic acids and derivatives","Organic sulfuric acids and derivatives","Arylsulfates","有机酸及其衍生物","有机硫酸及其衍生物","芳基硫酸盐","Level 2",48.23,93.3,0,NA,"M-H","C6H6O4S",-0.63,"FT0925NR",-0.991596984692383,17.5265355241813,-2.78074501114515,0.0170305041608343,0.178484906256808,-3.00868577959026,1.78780129053205,-0.048062227355925,-0.674989954098456,FALSE,TRUE,"Down"
"FT5173PR",398.32616,9.849,"pos","Car(16:0;O)","3-羟基十六酰肉碱",83249,"HMDB0061642",NA,NA,71464553,NA,NA,NA,73070,NA,NA,NA,"CCCCCCCCCCCCCC(O)CC(=O)OC(CC([O-])=O)C[N+](C)(C)C","XKAZIAFZAQAHHG-UHFFFAOYSA-N","Lipids and lipid-like molecules","Fatty Acyls","Fatty acid esters","脂质和类脂质分子","脂肪酰基类","脂肪酸酯","Level 2",48.83,97.81,0,"60.0807, 81.0697, 85.0284, 86.0315, 144.1013, 219.2100, 237.2200, 339.2511, 398.3273, 399.3281","M+H-H2O","C23H45NO5",-2.327,"FT5173PR",-0.882705893079301,21.3020669192114,-4.22628644242922,0.00125232246132781,0.0962424046507313,-0.682983359958255,1.78399794391184,-0.0479599803607237,-0.796189860441221,FALSE,TRUE,"Down"
"FT4816PR",370.29481,9.262,"pos","trans-2-Tetradecenoylcarnitine","反式-2-十四烯酰肉碱",52253,"HMDB0013329",NA,NA,53481699,NA,NA,NA,89716,NA,NA,"1256380-19-4","CCCCCCCCCCC\C=C\C(=O)O[C@H](CC(O)=O)C[N+](C)(C)C","BUBHHSHBKWNLLG-CLHDZIPGSA-O","Lipids and lipid-like molecules","Fatty Acyls","Fatty acid esters","脂质和类脂质分子","脂肪酰基类","脂肪酸酯","Level 2",43.08,86.37,0,NA,"M+","C21H40NO4+",-1.045,"FT4816PR",-1.06594446811853,17.8392646971298,-2.77983954776195,0.0170587793032047,0.178484906256808,-3.01015881064468,1.78345164570326,-0.0479452939921412,-0.648915164017558,FALSE,TRUE,"Down"
"FT1465NR",218.06706,1.238,"neg","O-Succinyl-L-homoserine","琥珀酰高丝氨酸",209790,"HMDB0255868",NA,NA,954,NA,NA,NA,NA,NA,NA,NA,"NC(CCOC(=O)CCC(O)=O)C(O)=O","GNISQJGXJIDKDJ-UHFFFAOYSA-N","Organic acids and derivatives","Carboxylic acids and derivatives","Amino acids, peptides, and analogues","有机酸及其衍生物","羧酸及其衍生物","氨基酸、肽和类似物","Level 1",65.74,94.61,84.78,"84.0452, 88.0407, 89.0243, 128.0360, 133.0139, 146.0458, 172.9765, 174.0760, 200.0577, 218.0677","M-H","C8H13NO6",0.197,"FT1465NR",1.07515005333448,20.5497417696327,3.05286040103322,0.0103387885147246,0.145578496863899,-2.56422400856491,1.77765481682249,0.0477894553600256,0.662014054733315,FALSE,TRUE,"Up"
"FT1617PR",173.09195,0.754,"pos","Glycylproline","甘氨酰脯氨酸",47179,"HMDB0000721",23672,NA,3013625,NA,NA,NA,70744,NA,NA,"704-15-4","NCC(=O)N1CCC[C@H]1C(O)=O","KZNQNBZMBZJQJO-YFKPBYRVSA-N","Organic acids and derivatives","Carboxylic acids and derivatives","Amino acids, peptides, and analogues","有机酸及其衍生物","羧酸及其衍生物","氨基酸、肽和类似物","Level 2",51.14,95.2,0,NA,"M+H","C7H12N2O3",-0.705,"FT1617PR",0.958412007743531,19.699602350963,3.35511862193671,0.00594654752509366,0.112501211174784,-2.07002797136071,1.75599178232513,0.0472070787308413,0.711648632148885,FALSE,TRUE,"Up"
"FT2184NR",263.03828,3.59,"neg","N-(2-Hydroxy-3,3,3-trifluoropropyl)-2-(2-nitro-1-imidazolyl)acetamide","N-(2-羟基-3,3,3-三氟丙基)-2-(2-硝基-1-咪唑基)乙酰胺",211968,"HMDB0258458",NA,NA,9882197,NA,NA,NA,NA,NA,NA,NA,"OC(CNC(=O)CN1C=CN=C1[N+]([O-])=O)C(F)(F)F","BTLNRJMECFTISR-UHFFFAOYSA-N","Organic 1,3-dipolar compounds","Allyl-type 1,3-dipolar organic compounds","Organic nitro compounds","1,3-偶极有机化合物","烯丙基型1,3-偶极有机化合物","有机硝基化合物","Level 2",44.51,94.74,0,NA,"M-H2O-H","C8H9F3N4O4",-3.441,"FT2184NR",0.865110840649164,15.4445708346092,3.35226014034693,0.00597762692265408,0.112501211174784,-2.07468816501503,1.7427074287532,0.0468499497674424,0.744397913585447,FALSE,TRUE,"Up"
"FT3905NR",355.32208,15.457,"neg","FA(22:0;O)","13-甲氧基二十二烷酸",2278,NA,96776,"LMFA01080015",15389271,NA,NA,NA,NA,NA,NA,NA,"C(CCCCCCCCCCCC(OC)CCCCCCCC)(=O)O","MZXNTCGVKVBBBA-UHFFFAOYSA-N","Lipids and lipid-like molecules","Fatty Acyls","Fatty acids and conjugates","脂质和类脂质分子","脂肪酰基类","脂肪酸和结合物","Level 2",43.79,84.93,0,NA,"M-H","C22H44O3",0.853,"FT3905NR",-0.866447739921784,18.0089737306159,-3.55778927353846,0.00411438491525522,0.112448300984168,-1.74084657308837,1.74093205140834,-0.0468022215383362,-0.754448083914931,FALSE,TRUE,"Down"
"FT1302NR",202.10865,4.725,"neg","Isopentenyladenine","异戊烯腺嘌呤",201056,"HMDB0245646",6612,NA,92180,"C04083",NA,NA,17660,NA,NA,"2365-40-4","CC(C)=CCNC1=NC=NC2=C1N=CN2","HYVABZIGRDEKCD-UHFFFAOYSA-N","Organoheterocyclic compounds","Imidazopyrimidines","Purines and purine derivatives","有机杂环化合物","咪唑并嘧啶类","嘌呤和嘌呤衍生物","Level 2",52.25,97.45,37.88,"59.0138, 61.9885, 114.0924, 116.9290, 117.0195, 130.0870, 158.1194, 185.0457, 202.1082, 203.1114","M-H","C10H13N5",-5.779,"FT1302NR",1.13725818586392,20.6053657705016,2.41090932146812,0.0334080298782587,0.227174603172159,-3.60325227831318,1.72117636906983,0.0462711210736741,0.578812507476366,FALSE,TRUE,"Up"
"FT0778PR",120.08074,1.491,"pos","Isoindoline","异吲哚啉酮",207961,"HMDB0253648",NA,NA,422478,NA,NA,NA,NA,NA,NA,NA,"C1NCC2=CC=CC=C12","GWVMLCQWXVFZCN-UHFFFAOYSA-N","Organoheterocyclic compounds","Isoindoles and derivatives","Isoindoles","有机杂环化合物","异吲哚及其衍生物","异吲哚","Level 4",42.94,95.31,0,NA,"M+H","C8H9N",-0.266,"FT0778PR",0.965299382945214,21.1323033762777,2.40481514445207,0.0337778575808138,0.227863500856412,-3.61288855118869,1.71401398238097,0.0460785715664812,0.625912238508209,FALSE,TRUE,"Up"
"FT6956PR",628.18355,3.924,"pos","Isoorientin 6''-O-glucoside","异荭草苷 6''-O-葡萄糖苷",30591,NA,NA,"LMPK12110498",180730,NA,NA,NA,NA,NA,NA,NA,"C1(O)=CC2OC(C3C=C(O)C(O)=CC=3)=CC(=O)C=2C(O)=C1[C@H]1[C@H](O)[C@@H](O)[C@H](O)[C@@H](CO[C@H]2[C@H](O)[C@@H](O)[C@H](O)[C@@H](CO)O2)O1","WJLJMQTUQORVBM-KETMJRJWSA-N","Phenylpropanoids and polyketides","Flavonoids","Flavonoid glycosides","苯丙素和聚酮化合物","类黄酮","黄酮苷","Level 2",36.77,80.53,0,NA,"M+NH4","C27H30O16",-5.802,"FT6956PR",-0.77157126871842,16.3053725543268,-3.35869460292709,0.00590789807468795,0.112501211174784,-2.064198599589,1.71209271103471,-0.0460269212064856,-0.776511759309087,FALSE,TRUE,"Down"
"FT1905PR",193.07247,3.752,"pos","1,3,9-Trimethyluric acid","1,3,9-三甲基尿酸",60185,"HMDB0036431",91566,NA,81972,NA,NA,NA,NA,NA,NA,"7464-93-9","CN1C(=O)NC2=C1N(C)C(=O)N(C)C2=O","CWENCZHQIWXCCA-UHFFFAOYSA-N","Organoheterocyclic compounds","Imidazopyrimidines","Purines and purine derivatives","有机杂环化合物","咪唑并嘧啶类","嘌呤和嘌呤衍生物","Level 2",43.11,94.56,0,NA,"M+H-H2O","C8H10N4O3",-0.601,"FT1905PR",1.02756277891002,15.5871372884686,2.60345637239382,0.0235506096180649,0.194994897767426,-3.29576258414275,1.71055980736423,0.0459857115009576,0.621200336526298,FALSE,TRUE,"Up"
"FT5070NR",427.32082,14.427,"neg","14-Epi-19-nortachysterol","14-Epi-19-去甲甾醇",200073,"HMDB0244581",NA,NA,NA,NA,NA,NA,NA,NA,NA,NA,"CC(C)C(C)C=CC(C)C1CCC2C(C=CC3=CCCC(O)C3)=CCCC12C","ZVHJKZDODLVSDJ-UHFFFAOYSA-N","Lipids and lipid-like molecules","Steroids and steroid derivatives","Vitamin D and derivatives","脂质和类脂质分子","类固醇和类固醇衍生物","维生素D及其衍生物","Level 2",47.15,94.96,0,"67.2054, 77.6510, 78.7670, 130.8241, 140.9207, 187.8167, 226.2274, 304.3592, 395.2480, 427.3216","M+FA-H","C27H42O",-2.24,"FT5070NR",0.780665156369514,19.1978542889762,4.63943206206642,0.000615949385702998,0.0866776255366041,-0.0593275962326105,1.70080546333608,0.0457234812951336,0.824476695377721,FALSE,TRUE,"Up"
"FT4852PR",372.31082,9.648,"pos","Myristoylcarnitine","肉豆蔻酰肉碱",8384,"HMDB0254979",NA,"LMFA07070102",6426854,NA,NA,NA,73061,NA,NA,NA,"O(C(CCCCCCCCCCCCC)=O)C(CC(=O)[O-])C[N+](C)(C)C","PSHXNVGSVNEJBD-UHFFFAOYSA-N","Lipids and lipid-like molecules","Fatty Acyls","Fatty acid esters","脂质和类脂质分子","脂肪酰基类","脂肪酸酯","Level 1",65.62,73.34,92.93,"60.0810, 85.0282, 95.0855, 144.1010, 209.6513, 211.2046, 313.2391, 372.3084, 372.4240, 373.3128","M+H","C21H41NO4",-0.005,"FT4852PR",-0.807694570285787,22.9416205142756,-3.97021402912277,0.00196446454329884,0.101322895997572,-1.08197687416569,1.69343682807486,-0.0455253871192856,-0.781118583334093,FALSE,TRUE,"Down"
"FT4461NR",388.06121,1.152,"neg","N-Acetylneuraminic acid 9-phosphate","N-乙酰神经氨酸9-磷酸",48288,"HMDB0004381",58238,NA,440962,"C06241","mmu00541","Biosynthesis of various nucleotide sugars",27438,NA,NA,"37992-17-9","[H][C@]1(OC(O)(C[C@H](O)[C@H]1NC(C)=O)C(O)=O)[C@H](O)[C@H](O)COP(O)(O)=O","SQMNIXJSBCSNCI-LUWBGTNYSA-N","Organic oxygen compounds","Organooxygen compounds","Carbohydrates and carbohydrate conjugates","有机氧化合物","有机氧化合物","碳水化合物和碳水化合物结合物","Level 2",40.99,91.39,0,NA,"M-H","C11H20NO12P",-9.851,"FT4461NR",0.721288046926666,19.3499421101286,4.14251448571661,0.00144984971138117,0.0962424046507313,-0.812537667511246,1.68463516398889,0.0452887682161387,0.832507829262046,FALSE,TRUE,"Up"
"FT2112NR",258.04201,3.743,"neg","5,6-epoxy-2-salicyloylamino-2-cyclohexen-1,4-dione",NA,594930,NA,NA,NA,9859948,NA,NA,NA,NA,NA,NA,NA,"O=C1C=C(N=C(O)c2ccccc2O)C(=O)C2OC12","DJSICXICJKSEMB-UHFFFAOYSA-N","Benzenoids","Phenols","1-hydroxy-4-unsubstituted benzenoids","苯类","酚类","1-羟基-4-未取代的苯类化合物","Level 3",46.18,95.58,57.64,"61.9885, 98.0608, 102.9484, 142.0506, 146.9390, 148.0447, 183.9133, 190.0334, 190.0533, 190.9281","M-H","C13H9NO5",4.681,"FT2112NR",0.684924239344598,20.617297585906,4.93929692806212,0.000373247623929618,0.0866776255366041,0.376121287265559,1.67738190581538,0.0450937757719267,0.881841294872977,FALSE,TRUE,"Up"
"FT5472PR",426.35834,10.357,"pos","Oleoylcarnitine","油酰肉碱",48475,"HMDB0005065",NA,NA,46907933,NA,NA,NA,84651,NA,NA,"38677-66-6","CCCCCCCC\C=C/CCCCCCCC(=O)O[C@H](CC(O)=O)C[N+](C)(C)C","IPOLTUVFXFHAHI-WHIOSMTNSA-O","Lipids and lipid-like molecules","Fatty Acyls","Fatty acid esters","脂质和类脂质分子","脂肪酰基类","脂肪酸酯","Level 1",64.95,98.13,83.28,"60.0807, 69.0697, 83.0856, 85.0284, 144.1013, 265.2541, 364.2497, 367.2845, 426.3576, 427.3615","M+","C25H48NO4+",1.295,"FT5472PR",-0.745301815679734,24.6970999405311,-4.2967065699407,0.00110797289428098,0.0962424046507313,-0.574850922512355,1.66707728951866,-0.0448167523611643,-0.815878150432025,FALSE,TRUE,"Down"
"FT2912NR",303.19479,12.369,"neg","Ginsenoyne G",NA,62852,"HMDB0039589",94147,NA,15725813,NA,NA,NA,NA,NA,NA,"142449-72-7","CCCCCCCC1OC1CC#CC#CC(CC)OC(C)=O","UDOFLRJQZVKUBL-UHFFFAOYSA-N","Organic acids and derivatives","Carboxylic acids and derivatives","Carboxylic acid derivatives","有机酸及其衍生物","羧酸及其衍生物","羧酸衍生物","Level 4",38.75,88.11,0,NA,"M-H","C19H28O3",-5.851,"FT2912NR",0.858601197921984,19.628517586071,3.87329803257934,0.00233377739338918,0.104944699560791,-1.23516966920575,1.66485135302669,0.0447569115576458,0.739700568438071,FALSE,TRUE,"Up"
"FT4230NR",375.25407,12.626,"neg","Taxa-4(20),11(12)-dien-5alpha-yl acetate",NA,36106,NA,330405,"LMPR0104390004",443486,"C11896",NA,NA,30042,NA,NA,NA,"[C@@]12([C@@](C)(CC[C@@H](C1=C)OC(=O)C)CCC1=C(CC[C@]([H])(C1(C)C)C2)C)[H]","APIZAZFFQBVSJA-ZJDLJICXSA-N","Lipids and lipid-like molecules","Prenol lipids","Diterpenoids","脂质和类脂质分子","异戊烯醇脂质","二萜类化合物","Level 3",52.9,93.67,54.71,"53.9310, 58.5369, 72.3004, 88.5214, 89.0244, 303.2336, 304.3539, 314.8205, 366.7006, 375.2535","M+FA-H","C22H34O2",-0.051,"FT4230NR",0.731525583590916,17.5020261696313,4.15876885680967,0.00140913718438401,0.0962424046507313,-0.787323607469107,1.65450679365245,0.0444788143400328,0.812208370353756,FALSE,TRUE,"Up"
"FT1646PR",175.06354,4.124,"pos","Ligustrazine","川芎嗪",60278,"HMDB0036584",91653,NA,14296,NA,NA,NA,133246,NA,NA,"1124-11-4","CC1=NC(C)=C(C)N=C1C","FINHMKGKINIASC-UHFFFAOYSA-N","Organoheterocyclic compounds","Diazines","Pyrazines","有机杂环化合物","二嗪类","吡嗪类","Level 2",38.58,78.38,0,NA,"M+K","C8H12N2",1.931,"FT1646PR",-0.791722943879584,14.1272800240631,-3.58568455532974,0.00391187688110278,0.112448300984168,-1.69576546747248,1.65162038877489,-0.0444012178821931,-0.751585177500895,FALSE,TRUE,"Down"
"FT5337PR",411.32184,11.322,"pos","N-Oleoyl Glutamine","N-油酰谷氨酰胺",198476,"HMDB0241958",NA,NA,75955264,NA,NA,NA,NA,NA,NA,NA,"CCCCCCCCC=CCCCCCCCC(=O)NC(CCC(N)=O)C(O)=O","ZHVSXWCIYWYBQP-UHFFFAOYSA-N","Organic acids and derivatives","Carboxylic acids and derivatives","Amino acids, peptides, and analogues","有机酸及其衍生物","羧酸及其衍生物","氨基酸、肽和类似物","Level 2",44.9,84.67,0,NA,"M+H","C23H42N2O4",0.226,"FT5337PR",1.11725260710427,16.5977392538629,2.31291577682248,0.0398569298845099,0.240267655272974,-3.75734756936088,1.64971924147447,0.044350108525536,0.551889772426788,FALSE,TRUE,"Up"
"FT2058PR",201.16377,12.201,"pos","Valerenal","缬草醛",59625,"HMDB0035786",NA,NA,12444654,NA,NA,NA,NA,NA,NA,"4176-16-3","CC1CCC(\C=C(/C)C=O)C2=C(C)CCC12","RJZWGDPBGWGJNU-CSKARUKUSA-N","Lipids and lipid-like molecules","Prenol lipids","Sesquiterpenoids","脂质和类脂质分子","异戊烯醇脂质","倍半萜类化合物","Level 2",41.55,90.96,0,NA,"M+H-H2O","C15H22O",-2.973,"FT2058PR",1.02931267725573,16.0928189055703,3.06137712943965,0.0101785458617633,0.14478462174794,-2.55028199932565,1.64945844970608,0.0443430975487954,0.628583641081224,FALSE,TRUE,"Up"
"FT5804PR",462.34233,8.956,"pos","Glucosylsphingosine","葡萄糖鞘氨醇半乳糖苷",39948,"HMDB0000596",5574,"LMSP05010031",5280570,"C03108","mmu00600","Sphingolipid metabolism",71981,NA,NA,"52050-17-6","[H][C@](O)([C@@]([H])(N)CO[C@H]1[C@H](O)[C@@H](O)[C@H](O)[C@@H](CO)O1)/C=C/CCCCCCCCCCCCC","HHJTWTPUPVQKNA-JIAPQYILSA-N","Lipids and lipid-like molecules","Sphingolipids","Glycosphingolipids","脂质和类脂质分子","鞘脂类","鞘糖脂","Level 2",50.13,83.84,0,NA,"M+H","C24H47NO7",-0.43,"FT5804PR",-0.698642001661402,15.8029059339393,-4.69779942179898,0.000558193749912187,0.0866776255366041,0.0266057385018339,1.64458757965763,-0.0442121518643228,-0.847739231133115,FALSE,TRUE,"Down"
"FT1026NR",178.05107,4.207,"neg","Hippuric acid","马尿酸",47175,"HMDB0000714",1301,NA,464,"C01586",NA,NA,18089,NA,NA,"495-69-2","OC(=O)CNC(=O)C1=CC=CC=C1","QIAFMBKCNZACKA-UHFFFAOYSA-N","Benzenoids","Benzene and substituted derivatives","Benzoic acids and derivatives","苯类","苯和取代衍生物","苯甲酸及其衍生物","Level 1",61.39,94.35,58.75,"61.9885, 90.9980, 104.9278, 134.0607, 134.9887, 161.0454, 178.0503, 178.8159, 178.9779, 179.0551","M-H","C9H9NO3",0.595,"FT1026NR",-0.858296483727401,18.0973800129371,-2.84763974649332,0.0150652048300925,0.170081495499403,-2.8997136904149,1.64085668330668,-0.0441118525807221,-0.671940505918354,FALSE,TRUE,"Down"
"FT2657NR",289.03287,0.722,"neg","D-Sedoheptulose 7-phosphate","D-景天庚酮糖7-磷酸",47378,"HMDB0001068",NA,NA,92042786,"C20956",NA,NA,133983,NA,NA,"89927-08-2","OC[C@]1(O)O[C@H](COP(O)(O)=O)[C@@H](O)[C@@H](O)[C@@H]1O","CBIDVWSRUUODHL-OVHBTUCOSA-N","Organic oxygen compounds","Organooxygen compounds","Carbohydrates and carbohydrate conjugates","有机氧化合物","有机氧化合物","碳水化合物和碳水化合物结合物","Level 2",54.74,94.52,0,NA,"M-H","C7H15O10P",-0.519,"FT2657NR",0.716684023370249,20.7867413952408,4.45800557411697,0.000838895595531342,0.0962424046507313,-0.329949458166765,1.62129898670833,0.0435860746514598,0.816188898804668,FALSE,TRUE,"Up"
"FT2908NR",303.13763,5.199,"neg","2-Naphthylaminomethyl-gamma-aminobutyric acid","2-萘氨基甲基-γ-氨基丁酸",201985,"HMDB0246654",NA,NA,191061,NA,NA,NA,NA,NA,NA,NA,"OC(=O)CCCNCNC1=CC2=CC=CC=C2C=C1","LJCZRFFCDLIUBV-UHFFFAOYSA-N","Organic acids and derivatives","Carboxylic acids and derivatives","Amino acids, peptides, and analogues","有机酸及其衍生物","羧酸及其衍生物","氨基酸、肽和类似物","Level 2",42.77,89.38,0,NA,"M+FA-H","C15H18N2O2",8.544,"FT2908NR",0.768308232315897,15.3687241205989,3.16277296045422,0.00845217502618082,0.132169467425092,-2.3843031308753,1.59856175145354,0.0429748198235056,0.714808208175733,FALSE,TRUE,"Up"
"FT4995PR",382.36755,14.288,"pos","Erucicoyl-EA","芥酰基-EA",9059,NA,3726,"LMFA08040050",6436482,NA,NA,NA,NA,NA,NA,NA,"C(=C/CCCCCCCCCCCC(=O)NCCO)/CCCCCCCC","UGYSMGXRWBTMRZ-KTKRTIGZSA-N","Organic nitrogen compounds","Organonitrogen compounds","Amines","有机氮化合物","有机氮化合物","胺类","Level 4",43.86,95.49,0,"62.0601, 209.6480, 270.9046, 276.5647, 304.2989, 364.3551, 365.3430, 382.3670, 383.2027, 383.3719","M+H","C24H47NO2",-1.046,"FT4995PR",-0.750095160262705,18.1955368921394,-3.74411312689193,0.00294047153564768,0.112448300984168,-1.44102743564779,1.59399688021591,-0.0428521004360458,-0.754090378922733,FALSE,TRUE,"Down"
"FT2384NR",274.06989,4.855,"neg","lavendustin c","N-(2,5-二羟基苄基)-5-氨基水杨酸",208218,"HMDB0253996",44870,NA,3896,NA,NA,NA,NA,NA,NA,"125697-93-0","OC(=O)C1=C(O)C=CC(NCC2=C(O)C=CC(O)=C2)=C1","LULATDWLDJOKCX-UHFFFAOYSA-N","Benzenoids","Benzene and substituted derivatives","Phenylmethylamines","苯类","苯和取代衍生物","苯甲胺","Level 2",41.94,91.02,0,NA,"M-H","C14H13NO5",-8.002,"FT2384NR",0.824013967808514,16.2625218051956,2.72405750278683,0.0188933079821243,0.181275605900278,-3.10078793695094,1.59069643586472,0.0427633731778085,0.656153397059141,FALSE,TRUE,"Up"
"FT1168NR",190.05453,3.743,"neg","N-Acetyl-L-methionine","N-乙酰-L-蛋氨酸",51512,"HMDB0011745",NA,NA,448580,"C02712",NA,NA,21557,NA,NA,"65-82-7","CSCC[C@H](NC(C)=O)C(O)=O","XUYPXLNMDZIRQH-LURJTMIESA-N","Organic acids and derivatives","Carboxylic acids and derivatives","Amino acids, peptides, and analogues","有机酸及其衍生物","羧酸及其衍生物","氨基酸、肽和类似物","Level 1",67.43,97.81,91.77,"84.0453, 87.9253, 98.0608, 102.9484, 103.9208, 112.0403, 142.0501, 146.9386, 148.0444, 190.0556","M-H","C7H13NO3S",1.015,"FT1168NR",0.624259243107363,23.0343369817661,4.25450588065111,0.00119226063650804,0.0962424046507313,-0.639565273097321,1.58225900774574,0.042536546186072,0.84979709363392,FALSE,TRUE,"Up"
"FT2917NR",303.21651,12.372,"neg","FA(15:0;O)","R -(3) - 羟基肉豆蔻酸甲酯",2005,NA,NA,"LMFA01050567",9834945,NA,NA,NA,NA,NA,NA,NA,"CCCCCCCCCCC[C@@H](O)CC(=O)OC","UOZZAMWODZQSOA-CQSZACIVSA-N","Lipids and lipid-like molecules","Fatty Acyls","Fatty alcohols","脂质和类脂质分子","脂肪酰基类","脂肪醇","Level 4",37.52,89.14,0,NA,"M+FA-H","C15H30O3",-3.865,"FT2917NR",0.637002688083497,22.7584745531496,5.33107044663916,0.000197662244743365,0.0866776255366041,0.921799406080495,1.58142387068179,0.0425140948389041,0.875961639632331,FALSE,TRUE,"Up"
"FT7317NR",649.61342,15.207,"neg","WE(25:0/16:1)","棕榈油酸二十五酯",6768,NA,NA,"LMFA07010029",52922015,NA,NA,NA,NA,NA,NA,NA,"O=C(CCCCCCC/C=C\CCCCCC)OCCCCCCCCCCCCCCCCCCCCCCCCC","WOWHRLSWIUFSKZ-PEZBUJJGSA-N","Lipids and lipid-like molecules","Fatty Acyls","Fatty acid esters","脂质和类脂质分子","脂肪酰基类","脂肪酸酯","Level 4",40.22,89.42,0,NA,"M+FA-H","C41H80O2",-0.914,"FT7317NR",-0.760738129969788,16.0994396774853,-2.5923120143785,0.0240340135993811,0.195881153675838,-3.31370014787023,1.57619919845049,-0.0423736377389061,-0.666826936782997,FALSE,TRUE,"Down"
"FT5199PR",400.34191,10.221,"pos","Palmitoylcarnitine","棕榈酰肉碱",8286,"HMDB0000222",961,"LMFA07070004",11953816,"C02990","mmu00071","Fatty acid degradation",17490,"R-MMU-200425","Carnitine shuttle","2364-67-2","O=C(O[C@](CC([O-])=O)(C[N+](C)(C)C)[H])CCCCCCCCCCCCCCC","XOMRRQXKHMYMOC-OAQYLSRUSA-N","Lipids and lipid-like molecules","Fatty Acyls","Fatty acid esters","脂质和类脂质分子","脂肪酰基类","脂肪酸酯","Level 1",59.01,76.73,92.77,"57.0335, 57.0700, 60.0807, 85.0284, 86.0315, 144.1014, 239.2377, 341.2660, 400.3413, 401.3493","M+H","C23H45NO4",-0.557,"FT5199PR",-0.633397721224005,25.7463408322107,-4.61952911764699,0.000637046530545626,0.0866776255366041,-0.0887576751444792,1.57163141821302,-0.0422508401475587,-0.851522773038135,FALSE,TRUE,"Down"
"FT2293NR",269.02558,1.065,"neg","Cysteinyl-Cysteine","胱氨酰半胱氨酸",53809,"HMDB0028772",NA,NA,15607039,NA,NA,NA,NA,NA,NA,NA,"NC(CS)C(=O)NC(CS)C(O)=O","OABOXRPGTFRBFZ-UHFFFAOYSA-N","Organic acids and derivatives","Carboxylic acids and derivatives","Amino acids, peptides, and analogues","有机酸及其衍生物","羧酸及其衍生物","氨基酸、肽和类似物","Level 2",39.44,88.69,0,NA,"M+FA-H","C6H12N2O3S2",-5.762,"FT2293NR",0.638023434029496,20.2728680053216,4.07615574238273,0.00162914439139252,0.101322895997572,-0.915846940198304,1.56938876178902,0.0421905498549506,0.825260757237018,FALSE,TRUE,"Up"
"FT1064NR",182.04609,1.448,"neg","4-Pyridoxic acid","4-吡哆酸",46827,"HMDB0000017",239,NA,6723,"C00847","mmu00750","Vitamin B6 metabolism",17405,NA,NA,"82-82-6","CC1=NC=C(CO)C(C(O)=O)=C1O","HXACOUQIXZGNBF-UHFFFAOYSA-N","Organoheterocyclic compounds","Pyridines and derivatives","Pyridinecarboxylic acids and derivatives","有机杂环化合物","吡啶及其衍生物","吡啶羧酸及其衍生物","Level 2",54.28,95.08,0,NA,"M-H","C8H9NO4",1.137,"FT1064NR",0.665310908094481,17.693618856883,4.67313240967318,0.00058187793922497,0.0866776255366041,-0.00964292759472674,1.56684594324379,0.0421221901755537,0.828399514978227,FALSE,TRUE,"Up"
"FT2503PR",229.15428,3.345,"pos","Pro-Ile","脯氨酰-异亮氨酸",266181,NA,23879,NA,104014,NA,NA,NA,NA,NA,NA,NA,"CCC(C)C(C(=O)O)NC(=O)C1CCCN1","OCYROESYHWUPBP-VGMNWLOBSA-N","Organic acids and derivatives","Carboxylic acids and derivatives","Amino acids, peptides, and analogues","有机酸及其衍生物","羧酸及其衍生物","氨基酸、肽和类似物","Level 1",56.94,92.46,57.27,"70.0652, 86.0965, 99.0069, 109.1014, 113.9642, 116.0713, 209.6477, 229.1057, 229.1561, 229.2361","M+H","C11H20N2O3",-1.671,"FT2503PR",0.796330224014364,18.6136817826143,2.37089342610434,0.035909764541943,0.233916877436769,-3.66640204079276,1.56632882721796,0.0421082883240815,0.628037253795855,FALSE,TRUE,"Up"
"FT2572NR",284.1614,3.839,"neg","Ala-Pro-Val","丙氨酰-脯氨酰-缬氨酸",262799,NA,20181,NA,101619736,NA,NA,NA,NA,NA,NA,NA,"CC(C)C(C(=O)O)NC(=O)C1CCCN1C(=O)C(C)N","YHBDGLZYNIARKJ-GUBZILKMSA-N","Organic acids and derivatives","Carboxylic acids and derivatives","Amino acids, peptides, and analogues","有机酸及其衍生物","羧酸及其衍生物","氨基酸、肽和类似物","Level 2",53.47,91,0,NA,"M-H","C13H23N3O4",-0.672,"FT2572NR",0.669041901852364,17.3332109585581,2.84532813841837,0.0151292004604921,0.170081495499403,-2.90348371648298,1.56361164170784,0.0420352410629305,0.728521440457719,FALSE,TRUE,"Up"
"FT7137NR",623.59797,15.175,"neg","WE(16:0/23:0)","二十三烷酸十六酯",6748,NA,NA,"LMFA07010007",42607329,NA,NA,NA,NA,NA,NA,NA,"C(CCCCCCCCC)CCCCCCCCCCCCC(=O)OCCCCCCCCCCCCCCCC","KVPNEQOFBDJTSL-UHFFFAOYSA-N","Lipids and lipid-like molecules","Fatty Acyls","Fatty acid esters","脂质和类脂质分子","脂肪酰基类","脂肪酸酯","Level 4",37.6,71.18,0,NA,"M+FA-H","C39H78O2",-0.672,"FT7137NR",-0.72569143387527,15.3205792853564,-2.84936286282987,0.0150176764450416,0.170081495499403,-2.89690325670776,1.56061324698731,-0.0419546339342055,-0.697192752259262,FALSE,TRUE,"Down"
"FT5031PR",384.27486,7.464,"pos","5-Hydroxytrtradeca-7,9-dienoylcarnitine","5-羟基十四烷-7,9-二烯酰肉碱",197926,"HMDB0241381",NA,NA,NA,NA,NA,NA,NA,NA,NA,NA,"CCCCC=CC=CCC(O)CCCC(=O)OC(CC([O-])=O)C[N+](C)(C)C","FFQNFZXIIHUQBN-UHFFFAOYSA-N","Lipids and lipid-like molecules","Fatty Acyls","Fatty acid esters","脂质和类脂质分子","脂肪酰基类","脂肪酸酯","Level 2",47.96,86.18,0,NA,"M+H","C21H37NO5",1.08,"FT5031PR",-0.777503449989134,14.8919089660563,-2.74412221412768,0.0182119945703559,0.178484906256808,-3.06821679611054,1.55275511619252,-0.0417433804404017,-0.661522791281666,FALSE,TRUE,"Down"
"FT2300NR",269.11417,4.319,"neg","voxtalisib",NA,213099,"HMDB0259876",NA,NA,NA,NA,NA,NA,NA,NA,NA,NA,"CCN1C(=O)C(=CC2=C(C)N=C(N)N=C12)C1=CC=NN1","RGHYDLZMTYDBDT-UHFFFAOYSA-N","Organoheterocyclic compounds","Pyridines and derivatives","Pyrazolylpyridines","有机杂环化合物","吡啶及其衍生物","吡唑基吡啶类","Level 2",45.74,90.83,0,NA,"M-H","C13H14N6O",-5.429,"FT2300NR",0.735120883037131,14.5794698556165,2.74511144037225,0.0181790400897105,0.178484906256808,-3.06661013472531,1.54405781202517,0.0415095670896178,0.677280840444739,FALSE,TRUE,"Up"
"FT6659NR",570.28488,11.626,"neg","LysoPS(22:5/0:0)","溶血磷脂酰丝氨酸(22:5/0:0)",551148,NA,NA,NA,154573544,NA,NA,NA,NA,NA,NA,NA,"CC\C=C/C\C=C/C\C=C/C\C=C/C\C=C/CCCCCC(=O)OCC(O)COP(O)(=O)OCC(N)C(O)=O","HQAKMYLHPCPHCD-JLNKQSITNA-N","Lipids and lipid-like molecules","Glycerophospholipids","Glycerophosphoserines","脂质和类脂质分子","甘油磷脂","甘油磷酸丝氨酸","Level 1",55.02,80.3,52.69,"78.9589, 126.3220, 152.9959, 154.0007, 164.5622, 175.1337, 284.2683, 304.3539, 323.1252, 570.2853","M-H","C28H46NO9P",1.978,"FT6659NR",0.712743580697798,20.0292140698567,3.08935804877502,0.00966944360857481,0.14040837906618,-2.5044749940358,1.54183632596573,0.0414498459289821,0.71223924648568,FALSE,TRUE,"Up"
"FT0248NR",109.04069,0.704,"neg","3-Hydroxy-4-aminopyridine","4-氨基吡啶-3-醇",82605,"HMDB0060741",NA,NA,2762419,NA,NA,NA,NA,NA,NA,"52334-53-9","OC1=CNC=CC1=N","DBDKLFOUWUHPDW-UHFFFAOYSA-N","Organoheterocyclic compounds","Pyridines and derivatives","Aminopyridines and derivatives","有机杂环化合物","吡啶及其衍生物","氨基吡啶及其衍生物","Level 2",55.01,96.53,0,NA,"M-H","C5H6N2O",-0.394,"FT0248NR",0.766081739247765,19.2201285944986,3.44314693362655,0.00506577725161006,0.112501211174784,-1.92672892322516,1.54095773071653,0.0414262262768179,0.706090054969054,FALSE,TRUE,"Up"
"FT5376NR",451.28186,11.446,"neg","Norselic acid A","络石酸 A",44292,NA,84125,"LMST01040189",44557570,NA,NA,NA,NA,NA,NA,NA,"[C@]12(C=CC3=CC(=O)C=C[C@]3(C)[C@@]1([H])CC[C@]1(C(O)=O)[C@@]([H])([C@@](C)([H])CC[C@@](CC)(O)C(C)=C)CC[C@@]21[H])[H]","RZICIXRISYIONZ-QEYQUZSWSA-N","Lipids and lipid-like molecules","Steroids and steroid derivatives","Stigmastanes and derivatives","脂质和类脂质分子","类固醇和类固醇衍生物","豆甾烷及其衍生物","Level 2",41.97,81.24,0,NA,"M-H","C29H40O4",-7.778,"FT5376NR",0.664297517036997,16.6103887905275,3.64720216779083,0.00350057609758944,0.112448300984168,-1.59657833912802,1.54029205116372,0.0414083305284578,0.772121752121977,FALSE,TRUE,"Up"
"FT1587NR",227.20179,9.63,"neg","1-Tridecene","1-十三烯",9442,"HMDB0030930",87295,"LMFA11000331",17095,NA,NA,NA,NA,NA,NA,"2437-56-1","C=CCCCCCCCCCCC","VQOXUMQBYILCKR-UHFFFAOYSA-N","Hydrocarbons","Unsaturated hydrocarbons","Unsaturated aliphatic hydrocarbons","碳氢化合物","不饱和烃","不饱和脂肪烃","Level 4",38,96.9,0,NA,"M+FA-H","C13H26",0.638,"FT1587NR",-0.66463274082632,18.9356885638825,-3.91143866189195,0.00218055012907257,0.101322895997572,-1.17474840413733,1.53796039632713,-0.0413456476534284,-0.783798572410858,FALSE,TRUE,"Down"
"FT1818PR",188.0744,4.204,"pos","N-Propionylmethionine","N-丙酰基蛋氨酸",115457,"HMDB0094704",NA,NA,21117855,NA,NA,NA,137541,NA,NA,NA,"[H][C@@](CCSC)(N=C(O)CC)C(O)=O","RBAAEQRITQHPJM-LURJTMIESA-N","Organic acids and derivatives","Carboxylic acids and derivatives","Amino acids, peptides, and analogues","有机酸及其衍生物","羧酸及其衍生物","氨基酸、肽和类似物","Level 2",37.59,92.43,0,NA,"M+H-H2O","C8H15NO3S",-0.904,"FT1818PR",0.825995461315564,15.8576304783017,3.51390482699393,0.00445491882499569,0.112448300984168,-1.8118903417765,1.53587742690303,0.041289650294792,0.680196072235474,FALSE,TRUE,"Up"
"FT4334NR",381.33718,15.477,"neg","FA(24:1;O)","3-氧代二十四酸",2148,NA,74785,"LMFA01060147",4052410,NA,NA,NA,52352,NA,NA,NA,"C(CC(=O)CCCCCCCCCCCCCCCCCCCCC)(=O)O","LTCWTQLFMAJHBA-UHFFFAOYSA-N","Lipids and lipid-like molecules","Fatty Acyls","Fatty acids and conjugates","脂质和类脂质分子","脂肪酰基类","脂肪酸和结合物","Level 2",46.08,84.56,0,NA,"M-H","C24H46O3",-0.663,"FT4334NR",-0.69734356548397,17.8518822446492,-3.50361723099602,0.00453883440118572,0.112448300984168,-1.82856545280511,1.53479965477808,-0.0412606760854201,-0.742219687529402,FALSE,TRUE,"Down"
"FT4631NR",400.07386,3.946,"neg","5-Hexenyl glucosinolate",NA,61803,"HMDB0038416",93114,NA,131752364,NA,NA,NA,NA,NA,NA,"76265-24-2","OCC1OC(S\C(CCCCC=C)=N\OS(O)(=O)=O)C(O)C(O)C1O","ZCZQFWPILSDOII-NTEUORMPSA-N","Organic oxygen compounds","Organooxygen compounds","Carbohydrates and carbohydrate conjugates","有机氧化合物","有机氧化合物","碳水化合物和碳水化合物结合物","Level 4",38.1,84.02,0,NA,"M-H","C13H23NO9S2",-0.745,"FT4631NR",0.870926023148831,14.4234165456157,2.33012114525439,0.0386440361604537,0.237311834395033,-3.73042981029708,1.52463982633232,0.0409875450684311,0.580411651176666,FALSE,TRUE,"Up"
"FT2299NR",269.08754,0.885,"neg","D-erythro-L-galacto-Nonulose","绞股蓝素",54819,"HMDB0029955",NA,NA,18618148,NA,NA,NA,169540,NA,NA,NA,"OCC(O)C(O)C1OC(O)(CO)C(O)C(O)C1O","USEZWDIVUDJKCA-UHFFFAOYSA-N","Organic oxygen compounds","Organooxygen compounds","Carbohydrates and carbohydrate conjugates","有机氧化合物","有机氧化合物","碳水化合物和碳水化合物结合物","Level 2",49.5,93.5,0,NA,"M-H","C9H18O9",-0.963,"FT2299NR",0.661638704719416,20.6040592706371,3.15090842342331,0.00863789001890159,0.132321084465372,-2.40372047495319,1.52275910341544,0.0409369847892194,0.735645019336973,FALSE,TRUE,"Up"
"FT5008PR",383.22858,4.131,"pos","Ile-Ala-Tyr","异亮氨酰-丙氨酰-酪氨酸",262440,NA,19800,NA,11610285,NA,NA,NA,NA,NA,NA,NA,"CCC(C)C(C(=O)NC(C)C(=O)NC(CC1=CC=C(C=C1)O)C(=O)O)N","HERITAGIPLEJMT-GVARAGBVSA-N","Organic acids and derivatives","Carboxylic acids and derivatives","Amino acids, peptides, and analogues","有机酸及其衍生物","羧酸及其衍生物","氨基酸、肽和类似物","Level 1",54.81,87.61,79.1,"70.0653, 116.0700, 127.0861, 155.0817, 209.6574, 229.1539, 230.1593, 267.8987, 286.1759, 383.2296","M+NH4","C18H27N3O5",-0.788,"FT5008PR",0.713158536331131,17.6674005425101,2.67451496911453,0.0206851786843777,0.184923381819959,-3.18105963964092,1.52231676099605,0.0409250931086157,0.672740058854106,FALSE,TRUE,"Up"
"FT5143NR",432.22323,6.034,"neg","10-Hydroxydodec-10-enedioylcarnitine",NA,197783,"HMDB0241237",NA,NA,NA,NA,NA,NA,NA,NA,NA,NA,"C[N+](C)(C)CC(CC([O-])=O)OC(=O)CCCCCCCCC(O)=CC(O)=O","JAJCAVLRKVZLPM-UHFFFAOYSA-N","Lipids and lipid-like molecules","Fatty Acyls","Fatty acid esters","脂质和类脂质分子","脂肪酰基类","脂肪酸酯","Level 4",38.28,86.22,0,NA,"M+FA-H","C19H33NO7",-1.566,"FT5143NR",0.812032383597581,15.8896855048559,3.41063627744481,0.00537445531403565,0.112501211174784,-1.9796012117503,1.52171552663752,0.0409089298679987,0.674745454160013,FALSE,TRUE,"Up"
"FT1678NR",233.04317,4.833,"neg","2-(Sec-butyldisulfanyl)-1h-imidazole","2-(仲丁基二硫基)-1H-咪唑",200089,"HMDB0244601",NA,NA,219104,NA,NA,NA,NA,NA,NA,NA,"CCC(C)SSC1=NC=CN1","BPBPYQWMFCTCNG-UHFFFAOYSA-N","Organoheterocyclic compounds","Azoles","Imidazoles","有机杂环化合物","唑类","咪唑类","Level 4",36.82,88.84,0,NA,"M+FA-H","C7H12N2S2",3.351,"FT1678NR",0.770509301002496,15.7983277191973,2.74627967203294,0.018140198254122,0.178484906256808,-3.06471264008525,1.51840251467124,0.0408198647491853,0.650078957921156,FALSE,TRUE,"Up"
"FT5456NR",457.3532,14.691,"neg","MG(22:1/0:0)","甘油一酯(22:1/0:0/0:0)",51396,"HMDB0011582",62364,NA,53480990,NA,NA,NA,NA,NA,NA,NA,"[H][C@](O)(CO)COC(=O)CCCCCCCCCCC\C=C/CCCCCCCC","ZXNAIPHYBVMMPY-DHSLYTQISA-N","Lipids and lipid-like molecules","Glycerolipids","Monoradylglycerols","脂质和类脂质分子","甘油脂","单自由基甘油","Level 2",50.1,82.34,0,NA,"M+FA-H","C25H48O4",-0.558,"FT5456NR",-0.671832203052621,16.5239410380604,-3.62541898600538,0.00364089342046212,0.112448300984168,-1.63166266333591,1.51742409193163,-0.0407935613918657,-0.754976186898385,FALSE,TRUE,"Down"
"FT4429PR",342.33656,10.437,"pos","Palmitoylcholine","棕榈酰胆碱",197240,"HMDB0240592",417525,NA,151731,NA,NA,NA,133677,NA,NA,"13100-90-8","CCCCCCCCCCCCCCCC(=O)OCC[N+](C)(C)C","ODYPFMHOOQOHEF-UHFFFAOYSA-N","Organic nitrogen compounds","Organonitrogen compounds","Quaternary ammonium salts","有机氮化合物","有机氮化合物","季铵盐","Level 4",43.38,93.47,0,NA,"M+","C21H44NO2+",-0.321,"FT4429PR",-0.679253547893587,18.729965880235,-2.73122686407113,0.018647022964929,0.180513541757716,-3.0891536899526,1.51571587245184,-0.0407476385963925,-0.69167865131185,FALSE,TRUE,"Down"
"FT1338NR",206.04916,3.243,"neg","2-Methyl-2-[(1-oxo-2-propenyl)amino]-1-propanesulfonic acid","2-丙烯酰胺基-2-甲基丙磺酸",55807,"HMDB0031200",87489,NA,65360,NA,NA,NA,NA,NA,NA,"15214-89-8","CC(C)(CS(O)(=O)=O)NC(=O)C=C","XHZPRMZZQOIPDS-UHFFFAOYSA-N","Organic acids and derivatives","Organic sulfonic acids and derivatives","Organosulfonic acids and derivatives","有机酸及其衍生物","有机磺酸及其衍生物","有机磺酸及其衍生物","Level 4",42.73,92.03,0,NA,"M-H","C7H13NO4S",-0.461,"FT1338NR",0.546457627473779,18.5187002192985,4.6397778626687,0.000615589366681892,0.0866776255366041,-0.0588168376817704,1.49840896026633,0.0402823694679418,0.88167300682586,FALSE,TRUE,"Up"
"FT3875NR",354.07783,2.45,"neg","Salbutamol 4-O-sulfate","2-(羟基甲基)-4-{1-羟基-2-[(2-甲基-2-丙基)氨基]乙基}苯基氢硫酸盐",82484,"HMDB0060604",NA,NA,46780103,NA,NA,NA,NA,NA,NA,NA,"CC(C)(C)NCC(O)C1=CC=C(OS(O)(=O)=O)C(CO)=C1","FPMLHYFHLRTRMB-UHFFFAOYSA-N","Organic acids and derivatives","Organic sulfuric acids and derivatives","Arylsulfates","有机酸及其衍生物","有机硫酸及其衍生物","芳基硫酸盐","Level 3",37.07,72.9,48.26,"88.0406, 111.5379, 146.0820, 209.6976, 218.1019, 240.0834, 260.9816, 286.0899, 304.3654, 308.0698","M+Cl","C13H21NO6S",-1.522,"FT3875NR",0.754759657879598,20.283186969625,3.34483064075447,0.00605917987103699,0.112501211174784,-2.08680235196965,1.4896762675253,0.0400476047509839,0.682705492251169,FALSE,TRUE,"Up"
"FT5374PR",415.15603,0.776,"pos","Hyaluronic acid","透明质酸",47786,"HMDB0002061",NA,NA,53477741,"C00518","mmu04613,mmu05418","Neutrophil extracellular trap formation|Fluid shear stress and atherosclerosis",150712,NA,NA,"9004-61-9","[H]O[C@H]1[C@H](O)[C@@H](CO)O[C@@H](O[C@H]2[C@H](O)[C@@H](O)[C@H](O)O[C@@H]2C(O)=O)[C@@H]1NC(C)=O","LJKKEBYAXYCTNF-GIXQJHCPSA-N","Organic oxygen compounds","Organooxygen compounds","Carbohydrates and carbohydrate conjugates","有机氧化合物","有机氧化合物","碳水化合物和碳水化合物结合物","Level 3",47.9,96,83.94,"84.0444, 130.0491, 132.0773, 137.0458, 147.0756, 147.1116, 163.9781, 201.9339, 251.9653, 269.0889","M+NH4","(C14H21NO11)nH2O",0.426,"FT5374PR",0.728278523428015,23.1811058872364,2.67469506138984,0.0206783710410693,0.184923381819959,-3.18076826065153,1.48112063462508,0.0398176000095163,0.647454944916635,FALSE,TRUE,"Up"
"FT6181PR",508.33903,11.59,"pos","LysoPE(20:1/0:0)","磷脂酰乙醇胺(20:1/0:0)",21181,"HMDB0011512",62297,"LMGP02050020",52925139,NA,NA,NA,NA,NA,NA,NA,"[C@](COP(=O)(O)OCCN)([H])(O)COC(CCCCCCCCC/C=C\CCCCCCCC)=O","JEAGLCKGAKACCE-OPSAWKISSA-N","Lipids and lipid-like molecules","Glycerophospholipids","Glycerophosphoethanolamines","脂质和类脂质分子","甘油磷脂","甘油磷酸乙醇胺","Level 1",58.89,95.06,67.49,"62.0601, 69.0698, 81.0697, 155.0094, 336.3248, 367.3230, 368.3228, 447.2898, 490.3297, 508.3427","M+H","C25H50NO7P",-1.42,"FT6181PR",-0.623085071588719,20.4545867431035,-3.37047410229235,0.00578238087374122,0.112501211174784,-2.04500081490303,1.48012266346662,-0.0397907711236851,-0.752184604342589,FALSE,TRUE,"Down"
"FT4445NR",387.27678,12.373,"neg","Eicosanedioic acid","二十碳二酸",2849,"HMDB0242141",35987,"LMFA01170035",75502,NA,NA,NA,73728,NA,NA,NA,"C(CCCCCCCCCCCCCCCCCCC(=O)O)(=O)O","JJOJFIHJIRWASH-UHFFFAOYSA-N","Lipids and lipid-like molecules","Fatty Acyls","Fatty acids and conjugates","脂质和类脂质分子","脂肪酰基类","脂肪酸和结合物","Level 2",48.14,86.16,0,NA,"M+FA-H","C20H38O4",4.059,"FT4445NR",-0.7167833049931,18.4958146148327,-3.79813627640958,0.00266909868721211,0.109433046175697,-1.35472189630462,1.46456151777857,-0.0393724341832554,-0.712080739852344,FALSE,TRUE,"Down"
"FT3369NR",327.25431,10.341,"neg","avocadene acetate","鳄梨烯乙酸酯",6423,NA,NA,"LMFA05000715",25107527,NA,NA,NA,NA,NA,NA,NA,"C(CCCCCCCCCCC[C@H](O)C[C@H](O)COC(=O)C)=C","NLBYRERHXBTBBR-OALUTQOASA-N","Lipids and lipid-like molecules","Fatty Acyls","Fatty alcohols","脂质和类脂质分子","脂肪酰基类","脂肪醇","Level 4",40.68,87.76,0,NA,"M-H","C19H36O4",0.675,"FT3369NR",-0.639680055466536,16.8970186723928,-3.5746237505345,0.00399092453416077,0.112448300984168,-1.71363314013105,1.4583870867184,-0.0392064443101195,-0.742182627798878,FALSE,TRUE,"Down"
"FT3426NR",329.2482,12.75,"neg","Docosapentaenoic acid (22n-3)","二十二碳五烯酸(22n-3)",4859,"HMDB0006528",194,"LMFA04000044",5497182,"C16513","mmu01040","Biosynthesis of unsaturated fatty acids",53488,NA,NA,"24880-45-3","C(CCCCC/C=C\C/C=C\C/C=C\C/C=C\C/C=C\CC)(=O)O","YUFFSWGQGVEMMI-JLNKQSITSA-N","Lipids and lipid-like molecules","Fatty Acyls","Fatty acids and conjugates","脂质和类脂质分子","脂肪酰基类","脂肪酸和结合物","Level 1",65.9,98.83,90.67,"59.0139, 81.2147, 107.0862, 231.2111, 285.2590, 299.2375, 304.3368, 304.3824, 329.2475, 344.0444","M-H","C22H34O2",-1.203,"FT3426NR",0.655863882714163,24.2600887158172,3.58304869575534,0.00393056778698008,0.112448300984168,-1.7000225384956,1.45094876680016,0.0390064767718087,0.729047308070858,FALSE,TRUE,"Up"
"FT4339NR",382.09986,1.17,"neg","(S)-malyl N-acetyl-alpha-D-glucosaminide","(S)-丙氨酰 N-乙酰基-α-D-氨基葡萄糖苷",10232,NA,NA,"LMFA13010059",57339291,NA,NA,NA,64882,NA,NA,NA,"O[C@H]1[C@@H]([C@H]([C@@H](O[C@@H](CC(O)=O)C(O)=O)O[C@@H]1CO)NC(C)=O)O","COBMRTSHZAUOCY-BVKYVCSXSA-N","Organic oxygen compounds","Organooxygen compounds","Carbohydrates and carbohydrate conjugates","有机氧化合物","有机氧化合物","碳水化合物和碳水化合物结合物","Level 2",60.66,90.36,44.31,"61.9885, 71.0143, 89.0243, 114.9941, 115.0034, 134.0474, 209.7040, 280.9983, 304.3709, 382.0963","M+FA-H","C12H19NO10",2.013,"FT4339NR",0.670370633988114,20.6510447830125,2.6914751373605,0.0200536571711237,0.184923381819959,-3.15360528451296,1.44721242896836,0.0389060312025492,0.661859772375475,FALSE,TRUE,"Up"
"FT2267PR",213.1233,1.096,"pos","Valylhydroxyproline","缬氨酸-羟脯氨酸",54139,"HMDB0029128",NA,NA,10242944,NA,NA,NA,NA,NA,NA,"90965-79-0","CC(C)[C@H](N)C(=O)N1C[C@H](O)C[C@H]1C(O)=O","IMOKOCYUKGZZAG-CSMHCCOUSA-N","Organic acids and derivatives","Carboxylic acids and derivatives","Amino acids, peptides, and analogues","有机酸及其衍生物","羧酸及其衍生物","氨基酸、肽和类似物","Level 2",38.41,93.43,0,NA,"M+H-H2O","C10H18N2O4",-3.106,"FT2267PR",0.682661097470564,21.4462764479134,2.69417738261156,0.0199548076906075,0.184923381819959,-3.14922848780925,1.44623096304275,0.0388796460339577,0.655375733759324,FALSE,TRUE,"Up"
"FT1669NR",232.97562,1.094,"neg","Protocatechuic acid 3-O-sulfate",NA,144373,"HMDB0124993",NA,NA,71316222,NA,NA,NA,NA,NA,NA,"76496-11-2","OC(=O)C1=CC(OS(O)(=O)=O)=C(O)C=C1","GSFKEOSQCKWCLH-UHFFFAOYSA-N","Organic acids and derivatives","Organic sulfuric acids and derivatives","Arylsulfates","有机酸及其衍生物","有机硫酸及其衍生物","芳基硫酸盐","Level 4",43.17,92.4,0,NA,"M-H","C7H6O7S",-2.279,"FT1669NR",0.649380440590364,21.0381479974644,2.98501748090851,0.0117090582444076,0.154950303161108,-2.67525569389303,1.44572754818535,0.038866112516861,0.694301878867788,FALSE,TRUE,"Up"
"FT3290NR",325.06493,1.135,"neg","N-(gamma-Maleimidobutyryloxy)succinimide","4-马来酰亚胺基丁酸-N-羟基琥珀酰亚胺酯",207313,"HMDB0252896",NA,NA,133440,NA,NA,NA,NA,NA,NA,NA,"O=C(CCCN1C(=O)C=CC1=O)ON1C(=O)CCC1=O","PVGATNRYUYNBHO-UHFFFAOYSA-N","Organoheterocyclic compounds","Pyrrolidines","Pyrrolidones","有机杂环化合物","吡咯烷类","吡咯烷酮","Level 3",38.57,92.02,59.54,"128.0358, 146.0459, 150.0172, 168.0270, 174.0413, 196.0239, 204.0281, 248.0186, 307.0566, 325.0669","M+FA-H","C12H12N2O6",-8.672,"FT3290NR",0.547760182167364,24.123197129084,3.65915708122427,0.00342593711199326,0.112448300984168,-1.57734166461261,1.44158781077368,0.0387548221840219,0.802757148190476,FALSE,TRUE,"Up"
"FT1272NR",200.12913,6.251,"neg","Cyclopropanecarboxamide, 1,2,2,3,3-pentamethyl-","环丙烷甲酰胺，1,2,2,3,3-五甲基-",205421,NA,NA,NA,25012446,NA,NA,NA,NA,NA,NA,NA,"CC1(C)C(C)(C)C1(C)C(N)=O","PKSJDCCFDXWPLW-UHFFFAOYSA-N","Organic acids and derivatives","Carboxylic acids and derivatives","Cyclopropanecarboxylic acids and derivatives","有机酸及其衍生物","羧酸及其衍生物","环丙烷羧酸及其衍生物","Level 2",53.47,93.84,0,NA,"M+FA-H","C9H17NO",-0.405,"FT1272NR",0.588435479256932,16.9812614729666,3.97496253713472,0.00194800252627826,0.101322895997572,-1.07450018568454,1.43913017347625,0.0386887524685713,0.786246704063756,FALSE,TRUE,"Up"
"FT4600NR",397.23545,12.75,"neg","Variabilin",NA,255643,"HMDB0302716",NA,NA,NA,NA,NA,NA,NA,NA,NA,NA,"C[C@@H](CCC\C(C)=C\CC\C(C)=C\CCC1=COC=C1)\C=C1/OC(O)=C(C)C1=O","ANZOQWIGJHLCBC-CHVWLSOJSA-N","Lipids and lipid-like molecules","Prenol lipids","Diterpenoids","脂质和类脂质分子","异戊烯醇脂质","二萜类化合物","Level 4",37.06,94.44,0,"116.9285, 163.6392, 256.8442, 285.2591, 304.3366, 304.3766, 312.1684, 329.2472, 397.1534, 397.2377","M-H","C25H34O4",-7.512,"FT4600NR",0.653565746457199,18.9234597227242,3.58497967565641,0.00391686625909758,0.112448300984168,-1.69690383438111,1.43895901277318,0.038684151082126,0.724476615105595,FALSE,TRUE,"Up"
"FT1339NR",206.08235,4.856,"neg","N-Acetyl-L-phenylalanine","N-乙酰-L-苯丙氨酸",47069,"HMDB0000512",34536,NA,74839,"C03519","mmu00360","Phenylalanine metabolism",16259,NA,NA,"2018-61-3","CC(=O)N[C@@H](CC1=CC=CC=C1)C(O)=O","CBQJSKKFNMDLON-JTQLQIEISA-N","Organic acids and derivatives","Carboxylic acids and derivatives","Amino acids, peptides, and analogues","有机酸及其衍生物","羧酸及其衍生物","氨基酸、肽和类似物","Level 1",66.6,97.75,73.27,"58.0302, 61.9885, 70.0301, 80.9653, 87.9253, 103.9200, 147.0462, 164.0717, 206.0837, 207.0113","M-H","C11H13NO3",0.437,"FT1339NR",0.691210836114116,18.9737707965454,2.62184093915181,0.0227739029548413,0.192237874127106,-3.26613944003145,1.43496320924959,0.0385767301856106,0.640382439533987,FALSE,TRUE,"Up"
"FT0521NR",133.01423,0.812,"neg","Malic acid","苹果酸",46899,"HMDB0000156",45931,NA,222656,"C00149","mmu00020,mmu00620,mmu00630,mmu04742,mmu04922,mmu04964,mmu05200,mmu05211,mmu05230","Citrate cycle (TCA cycle)|Pyruvate metabolism|Glyoxylate and dicarboxylate metabolism|Taste transduction|Glucagon signaling pathway|Proximal tubule bicarbonate reclamation|Pathways in cancer|Renal cell carcinoma|Central carbon metabolism in cancer",30797,NA,NA,"97-67-6","O[C@@H](CC(O)=O)C(O)=O","BJEPYKJPYRNKOW-REOHCLBHSA-N","Organic acids and derivatives","Hydroxy acids and derivatives","Beta hydroxy acids and derivatives","有机酸及其衍生物","羟基酸及其衍生物","β-羟基酸及其衍生物","Level 1",74.05,99.83,97.77,"71.0143, 72.0174, 72.9931, 87.0093, 89.0244, 115.0033, 116.0070, 132.8671, 133.0021, 133.0137","M-H","C4H6O5",-0.165,"FT0521NR",0.540635831543629,29.2374549740373,3.46823657042299,0.00483995556603306,0.112448300984168,-1.88597044087786,1.42821861382286,0.0383954123397516,0.789842757212343,FALSE,TRUE,"Up"
"FT3939NR",357.10494,1.219,"neg","2-O-(beta-L-Arabinopyranosyl)-myoinositol","2-O-(β-L-阿拉伯吡喃糖基)-肌醇",255355,"HMDB0302392",NA,NA,NA,NA,NA,NA,NA,NA,NA,NA,"O[C@H]1CO[C@H](O[C@H]2[C@@H](O)[C@H](O)[C@@H](O)[C@H](O)[C@H]2O)[C@H](O)[C@H]1O","ZTUXXEBTGKCWOB-WUIKSKAOSA-N","Organic oxygen compounds","Organooxygen compounds","Carbohydrates and carbohydrate conjugates","有机氧化合物","有机氧化合物","碳水化合物和碳水化合物结合物","Level 2",50.28,96.17,0,NA,"M+FA-H","C11H20O10",3.05,"FT3939NR",0.57164927450018,20.8753478149796,3.31114045044249,0.00644341410627104,0.112501211174784,-2.14176774800232,1.42276112854135,0.0382486964268699,0.753633360761952,FALSE,TRUE,"Up"
"FT5079PR",388.30592,8.654,"pos","2-Hydroxymyristoylcarnitine","2-羟基十四酰肉碱",8315,"HMDB0013166",NA,"LMFA07070033",53481642,NA,NA,NA,NA,NA,NA,NA,"C(CCCCC)CCCCCCC(O)C(OC(C[N+](C)(C)C)CC(=O)[O-])=O","WWDZVVWQNWNRDM-UHFFFAOYSA-N","Lipids and lipid-like molecules","Fatty Acyls","Fatty acid esters","脂质和类脂质分子","脂肪酰基类","脂肪酸酯","Level 1",55.74,86.22,71.3,"60.0807, 73.2251, 85.0285, 145.0497, 209.6480, 311.2201, 388.2457, 388.3034, 389.3083","M+H","C21H41NO5",0.422,"FT5079PR",-0.586822849685052,18.4255165272762,-3.29488180258111,0.00663760010007029,0.114232278265407,-2.16831100756214,1.42102290090082,-0.0382019669091668,-0.741127517343031,FALSE,TRUE,"Down"
"FT2131NR",259.02272,0.757,"neg","Glucose 6-phosphate","葡萄糖-6-磷酸",47563,"HMDB0001401",145,NA,5958,"C00092","mmu00500,mmu00524,mmu00562,mmu04911,mmu04917,mmu04918,mmu04931,mmu04973,mmu05230,mmu05415","Starch and sucrose metabolism|Neomycin, kanamycin and gentamicin biosynthesis|Inositol phosphate metabolism|Insulin secretion|Prolactin signaling pathway|Thyroid hormone synthesis|Insulin resistance|Carbohydrate digestion and absorption|Central carbon metabolism in cancer|Diabetic cardiomyopathy",4170,NA,NA,"56-73-5","OC1O[C@H](COP(O)(O)=O)[C@@H](O)[C@H](O)[C@H]1O","NBSCHQHZLSJFNQ-GASJEMHNSA-N","Organic oxygen compounds","Organooxygen compounds","Carbohydrates and carbohydrate conjugates","有机氧化合物","有机氧化合物","碳水化合物和碳水化合物结合物","Level 1",66.28,98.74,66.57,"78.9590, 96.9692, 99.0091, 111.0088, 112.9874, 124.0071, 129.0199, 138.9802, 173.0084, 259.0238","M-H","C6H13O9P",1.12,"FT2131NR",0.609023180437094,25.2538189841377,3.36859722540408,0.00580219699181255,0.112501211174784,-2.04805920696433,1.41988764924619,0.0381714474529947,0.73033841435449,FALSE,TRUE,"Up"
"FT0822PR",123.06474,0.62,"pos","D-Threitol","D-苏糖醇",48242,"HMDB0004136",58213,NA,169019,"C16884",NA,NA,48300,NA,NA,"2418-52-2","OC[C@@H](O)[C@H](O)CO","UNXHWFMMPAWVPI-QWWZWVQMSA-N","Organic oxygen compounds","Organooxygen compounds","Carbohydrates and carbohydrate conjugates","有机氧化合物","有机氧化合物","碳水化合物和碳水化合物结合物","Level 2",49.82,97.06,0,NA,"M+H","C4H10O4",-3.624,"FT0822PR",-0.55719107466627,16.6634470680185,-4.2201149177539,0.00126587201617843,0.0962424046507313,-0.692493989071894,1.41513581490539,-0.0380437018564035,-0.807552336749633,FALSE,TRUE,"Down"
"FT1788PR",185.98474,1.75,"pos","Acesulfame","安赛蜜",57801,"HMDB0033585",319828,NA,36573,NA,NA,NA,83501,"R-MMU-9717207","Sensory perception of sweet, bitter, and umami (glutamate) taste","33665-90-6","CC1=CC(=O)NS(=O)(=O)O1","YGCFIWIQZPHFLU-UHFFFAOYSA-N","Organic acids and derivatives","Organic sulfuric acids and derivatives","Unclassified","有机酸及其衍生物","有机硫酸及其衍生物",NA,"Level 2",37.34,73.84,0,NA,"M+Na","C4H5NO4S",8.528,"FT1788PR",-0.543046513870486,20.0183788021314,-3.57807856373672,0.00396606014361767,0.112448300984168,-1.70805114797943,1.40983900524928,-0.0379013054551362,-0.784253290889163,FALSE,TRUE,"Down"
"FT4790PR",368.35178,10.561,"pos","Oleoylcholine","油酰胆碱",197242,"HMDB0240596",NA,NA,59040790,NA,NA,NA,133693,NA,NA,"127165-03-1","CCCCCCCC\C=C/CCCCCCCC(=O)OCC[N+](C)(C)C","PVXGXBXEHLTWOE-SEYXRHQNSA-N","Organic nitrogen compounds","Organonitrogen compounds","Quaternary ammonium salts","有机氮化合物","有机氮化合物","季铵盐","Level 4",45.95,85.37,37.85,"67.0546, 69.0698, 81.0698, 83.0856, 95.0857, 309.2782, 310.2792, 368.3533, 369.2278, 369.3462","M+","C23H46NO2+",-1.398,"FT4790PR",-0.597578667012334,19.2047238565827,-2.66739643683609,0.020956039806504,0.184923381819959,-3.19257444491759,1.3987985780169,-0.0376045009240288,-0.677572958776418,FALSE,TRUE,"Down"
"FT5620PR",440.33625,9.424,"pos","(9S,10E,12Z)-9-Hydroxyoctadeca-10,12-dienoylcarnitine","(9S,10E,12Z)-9-羟基十八-10,12-二烯酰肉碱",198089,"HMDB0241548",NA,NA,NA,NA,NA,NA,NA,NA,NA,NA,"CCCCCC=CC=CC(O)CCCCCCCC(=O)OC(CC([O-])=O)C[N+](C)(C)C","JDHXMTDUIVMIEK-UHFFFAOYSA-N","Lipids and lipid-like molecules","Fatty Acyls","Fatty acid esters","脂质和类脂质分子","脂肪酰基类","脂肪酸酯","Level 2",44.84,83.45,0,NA,"M+H","C25H45NO5",-1.785,"FT5620PR",-0.580870741508835,17.1737623766998,-3.01651075358966,0.0110516765887084,0.151039580045681,-2.62372186723029,1.38972545843429,-0.0373605843665702,-0.710375848721336,FALSE,TRUE,"Down"
"FT2211NR",265.02055,0.7,"neg","2-hydroxy-4-oxobutane-1,2,4-tricarboxylic acid","2-羟基-4-氧代丁烷-1,2,4-三羧酸",1947,NA,66119,"LMFA01050481",130,"C04115",NA,NA,17250,NA,NA,NA,"C(C(=O)O)C(O)(C(O)=O)CC(=O)C(=O)O","RQMCNDRMPZBEOD-UHFFFAOYSA-N","Organic acids and derivatives","Carboxylic acids and derivatives","Tricarboxylic acids and derivatives","有机酸及其衍生物","羧酸及其衍生物","三羧酸及其衍生物","Level 4",42.12,94.44,0,NA,"M+FA-H","C7H8O8",1.656,"FT2211NR",0.806683610870847,21.438933275021,2.34137857419116,0.0378697092606656,0.237169453282395,-3.71278456743445,1.38891933211479,0.0373389129276632,0.550819869012672,FALSE,TRUE,"Up"
"FT5069NR",427.28687,12.478,"neg","12beta-hydroxy-24-norcholesta-1,4,22E-trien-3-one","12β-羟基-24-胆甾-1,4,22E-三烯-3-酮",43637,NA,83912,"LMST01010311",52931328,NA,NA,NA,NA,NA,NA,NA,"[C@]12(CCC3=CC(=O)C=C[C@]3(C)[C@@]1([H])C[C@@H](O)[C@]1(C)[C@@]([H])([C@@](C)([H])/C=C/C(C)C)CC[C@@]21[H])[H]","XMEFQALTQIECQX-YIEBSULKSA-N","Lipids and lipid-like molecules","Steroids and steroid derivatives","Pregnane steroids","脂质和类脂质分子","类固醇和类固醇衍生物","妊娠类固醇","Level 2",40.5,82.25,0,NA,"M+FA-H","C26H38O2",3.511,"FT5069NR",-0.79147625310847,15.5757571356219,-2.44094336736029,0.0316418784181101,0.219446659277838,-3.55566636839425,1.38810593276193,-0.0373170459646873,-0.56393753828055,FALSE,TRUE,"Down"
"FT4284NR",379.08653,1.219,"neg","Kaltostat",NA,208058,NA,NA,NA,6850754,NA,NA,NA,NA,NA,NA,NA,"COC1OC(C(OC2OC(C(OC)C(O)C2O)C(O)=O)C(O)C1O)C(O)=O","GKFPPCXIBHQRQT-UHFFFAOYSA-N","Organic oxygen compounds","Organooxygen compounds","Carbohydrates and carbohydrate conjugates","有机氧化合物","有机氧化合物","碳水化合物和碳水化合物结合物","Level 1",56.7,96.09,80.14,"135.0310, 157.0127, 174.0414, 209.7006, 267.0747, 275.0070, 289.0560, 315.9807, 378.9800, 379.0835","M-H2O-H","C14H22O13",-2.944,"FT4284NR",0.512220189477515,22.9324909085554,3.62601882999053,0.00363695331013778,0.112448300984168,-1.63069598415999,1.38433346526571,0.0372156291061941,0.798161072381571,FALSE,TRUE,"Up"
"FT1577NR",227.0174,1.193,"neg","1,3-Dinitroglycerin","甘油1,3-二硝酸酯",199695,"HMDB0244171",1579,NA,12200,NA,NA,NA,18921,NA,NA,"623-87-0","OC(CON(=O)=O)CON(=O)=O","ASIGVDLTBLZXNC-UHFFFAOYSA-N","Organic oxygen compounds","Organic oxoanionic compounds","Organic nitrates","有机氧化合物","有机氧阴离子化合物","有机硝酸盐","Level 4",39.17,98.75,0,"61.9885, 71.0137, 89.0243, 99.0090, 112.9886, 115.0033, 143.0257, 183.9695, 209.6942, 227.0188","M+FA-H","C3H6N2O7",7.484,"FT1577NR",0.577541699281199,21.5108237605925,2.7527685382532,0.0179259430643568,0.178484906256808,-3.05417118043064,1.37597785337517,0.0369910016151481,0.685675653317164,FALSE,TRUE,"Up"
"FT0707NR",149.02788,3.297,"neg","4-Mercapto-2-butanone","4-巯基-2-丁酮",64126,"HMDB0041015",95450,NA,61936,NA,NA,NA,NA,NA,NA,"34619-12-0","CC(=O)CCS","LBFXPJUFQGXMJY-UHFFFAOYSA-N","Organic oxygen compounds","Organooxygen compounds","Carbonyl compounds","有机氧化合物","有机氧化合物","羰基化合物","Level 4",43.98,93.78,0,NA,"M+FA-H","C4H8OS",0.631,"FT0707NR",-0.841144848910104,16.5964225372075,-2.52884309547117,0.0269778454201142,0.205503368937919,-3.41555674590992,1.37488172445992,-0.0369615339123249,-0.547843004703269,FALSE,TRUE,"Down"
"FT1737PR",182.08115,0.774,"pos","Meta-Tyrosine","L-M-酪氨酸",81771,"HMDB0059720",96284,NA,6950577,"C20807",NA,NA,44303,NA,NA,NA,"N[C@@H](CC1=CC=CC(O)=C1)C(O)=O","JZKXXXDKRQWDET-QMMMGPOBSA-N","Organic acids and derivatives","Carboxylic acids and derivatives","Amino acids, peptides, and analogues","有机酸及其衍生物","羧酸及其衍生物","氨基酸、肽和类似物","Level 3",58.04,98.04,89.64,"91.0539, 105.0339, 113.9643, 119.0494, 123.0441, 136.0761, 137.0786, 147.0451, 165.0546, 182.0803","M+H","C9H11NO3",-0.06,"FT1737PR",0.61738426779125,24.6285020928178,2.57213542684027,0.0249340459526806,0.199758965850786,-3.34613689102886,1.37377423084182,0.0369317606873306,0.646270003732527,FALSE,TRUE,"Up"
"FT0435NR",125.03552,0.703,"neg","Imidazoleacetic acid","咪唑乙酸",47765,"HMDB0002024",6445,NA,96215,"C02835","mmu00340","Histidine metabolism",16974,NA,NA,"645-65-8","OC(=O)CC1=CN=CN1","PRJKNHOMHKJCEJ-UHFFFAOYSA-N","Organoheterocyclic compounds","Azoles","Imidazoles","有机杂环化合物","唑类","咪唑类","Level 2",55.14,96.67,0,NA,"M-H","C5H6N2O2",-1.056,"FT0435NR",0.711455414276897,19.1369398574034,2.54275060356539,0.0263040650872092,0.205503368937919,-3.39328346010818,1.36792808042455,0.0367745961232373,0.595319475326168,FALSE,TRUE,"Up"
"FT6019NR",505.20364,6.031,"neg","Isolimonic acid","异柠檬酸",61601,"HMDB0038170",92907,NA,131752314,NA,NA,NA,NA,NA,NA,NA,"CC1(C)OC[C@]2(C(O)CC(O)=O)C1CC(=O)[C@]1(C)C2CC[C@@](C)([C@@H](O)C2=COC=C2)[C@@]11O[C@@H]1C(O)=O","JSDNZHXBKWCZDG-RWQHKGFASA-N","Organoheterocyclic compounds","Naphthofurans","Unclassified","有机杂环化合物","萘并呋喃类",NA,"Level 2",36.7,83.14,0,NA,"M-H","C26H34O10",-8.464,"FT6019NR",0.688196566540549,16.3455366119879,3.10858463840231,0.0093345428034959,0.13697213334814,-2.47299962384274,1.3660130219151,0.0367231127855931,0.643877613288816,FALSE,TRUE,"Up"
"FT5181NR",436.0217,2.013,"neg","tigemonam",NA,212505,"HMDB0259088",NA,NA,59717,NA,NA,NA,NA,NA,NA,NA,"CC1(C)C(NC(=O)C(=NOCC(O)=O)C2=CSC(N)=N2)C(=O)N1OS(O)(=O)=O","VAMSVIZLXJOLHZ-UHFFFAOYSA-N","Organoheterocyclic compounds","Lactams","Beta lactams","有机杂环化合物","内酰胺类","β内酰胺类","Level 4",39.59,87.82,0,"61.9886, 112.9859, 146.9655, 164.0716, 209.6814, 209.7074, 232.0588, 299.9726, 304.3598, 368.0312","M-H","C12H15N5O9S2",-4.894,"FT5181NR",0.544997639549596,19.1085334895514,3.21952935039694,0.00761800575144183,0.123482558343138,-2.29145152157637,1.36140773341711,0.0365993068436229,0.734195327470685,FALSE,TRUE,"Up"
"FT4400NR",385.02397,2.014,"neg","[2,6-dihydroxy-4-(3,5,7-trihydroxy-3,4-dihydro-2H-chromen-2-yl)phenyl] hydrogen sulate",NA,596284,NA,NA,NA,131839523,NA,NA,NA,NA,NA,NA,NA,"O=S(=O)(O)Oc1c(O)cc(C2Oc3cc(O)cc(O)c3CC2O)cc1O","VQYZFEYHEYZPIV-UHFFFAOYSA-N","Phenylpropanoids and polyketides","Flavonoids","Flavans","苯丙素和聚酮化合物","类黄酮","黄烷","Level 4",37.56,86.46,0,NA,"M-H","C15H14O10S",1.223,"FT4400NR",0.543799890588313,18.6097975182056,3.1362111308792,0.00887366308921814,0.134455286373588,-2.42777636356058,1.35656788221191,0.0364691950519909,0.726889587291487,FALSE,TRUE,"Up"
"FT5450PR",424.34242,10.025,"pos","Linoleyl carnitine","亚油酰肉碱",48732,"HMDB0006469",NA,NA,6450015,NA,NA,NA,84098,NA,NA,"36816-10-1","CCCCC\C=C/C\C=C/CCCCCCCC(=O)O[C@H](CC(O)=O)C[N+](C)(C)C","MJLXQSQYKZWZCB-DQFWFXSYSA-O","Organic nitrogen compounds","Organonitrogen compounds","Quaternary ammonium salts","有机氮化合物","有机氮化合物","季铵盐","Level 1",63.03,83.69,93.3,"60.0809, 69.0700, 81.0699, 83.0849, 85.0286, 95.0858, 343.1973, 424.3430, 425.2157, 425.3503","M+","C25H46NO4+",0.676,"FT5450PR",-0.544332934227204,20.5317332692636,-2.93352060776275,0.01286936793302,0.162715889528827,-2.75947370122131,1.3555383845185,-0.0364415186248258,-0.711432168009231,FALSE,TRUE,"Down"
"FT4667PR",360.27406,7.257,"pos","3-hydroxydodecanoyl carnitine","3-羟基十二酰肉碱",8321,"HMDB0061638",NA,"LMFA07070039",71464535,NA,NA,NA,73056,NA,NA,NA,"O(C(CC(O)CCCCCCCCC)=O)C(CC([O-])=O)C[N+](C)(C)C","ULWDPUHFMOBGFJ-UHFFFAOYSA-N","Lipids and lipid-like molecules","Fatty Acyls","Fatty acid esters","脂质和类脂质分子","脂肪酰基类","脂肪酸酯","Level 2",45.36,87.61,0,NA,"M+H","C19H37NO5",-1.069,"FT4667PR",-0.546085895998188,17.105203384119,-2.83124043236918,0.0155250942521813,0.171761757043974,-2.92645318484374,1.35438638947589,-0.0364105490489876,-0.701724317801496,FALSE,TRUE,"Down"
"FT1228PR",147.07646,0.762,"pos","L-Glutamine","L-谷氨酰胺",47136,"HMDB0000641",18,NA,5961,"C00064","mmu00220,mmu00230,mmu00240,mmu00250,mmu00470,mmu00630,mmu00750,mmu00910,mmu00970,mmu02010,mmu04382,mmu04724,mmu04727,mmu04964,mmu04974,mmu04978,mmu05230","Arginine biosynthesis|Purine metabolism|Pyrimidine metabolism|Alanine, aspartate and glutamate metabolism|D-Amino acid metabolism|Glyoxylate and dicarboxylate metabolism|Vitamin B6 metabolism|Nitrogen metabolism|Aminoacyl-tRNA biosynthesis|ABC transporters|Cornified envelope formation|Glutamatergic synapse|GABAergic synapse|Proximal tubule bicarbonate reclamation|Protein digestion and absorption|Mineral absorption|Central carbon metabolism in cancer",18050,NA,NA,"56-85-9","N[C@@H](CCC(N)=O)C(O)=O","ZDXPYRJPNDTMRX-VKHMYHEASA-N","Organic acids and derivatives","Carboxylic acids and derivatives","Amino acids, peptides, and analogues","有机酸及其衍生物","羧酸及其衍生物","氨基酸、肽和类似物","Level 1",74.08,96.47,94.09,"56.0497, 84.0444, 84.0808, 85.0285, 85.0477, 101.0707, 102.0543, 130.0492, 131.0538, 148.0610","M+H","C5H10N2O3",0.299,"FT1228PR",0.755735065980696,28.8634785595606,2.45250892002419,0.0309861739205913,0.216416920576043,-3.53730091366543,1.35174812404191,0.0363396234300248,0.563295071531144,FALSE,TRUE,"Up"
"FT6729PR",585.26888,14.482,"pos","(4E,15E)-Bilirubin",NA,197232,"HMDB0240584",NA,NA,5315454,NA,NA,NA,132996,NA,NA,"69853-44-7","CC1=C(C=C)\C(NC1=O)=C/C1=C(C)C(CCC(O)=O)=C(CC2=C(CCC(O)=O)C(C)=C(N2)\C=C2\NC(=O)C(C=C)=C2C)N1","BPYKTIZUTYGOLE-BMNRKXRESA-N","Organoheterocyclic compounds","Tetrapyrroles and derivatives","Bilirubins","有机杂环化合物","四吡咯及其衍生物","胆红素","Level 4",40.21,87.19,0,NA,"M+H","C33H36N4O6",-3.199,"FT6729PR",0.510556457000766,17.0105541063028,3.49200786886627,0.0046354726416308,0.112448300984168,-1.84739206426776,1.34842037236099,0.0362501620571533,0.771078734387443,FALSE,TRUE,"Up"
"FT3450PR",284.14669,1.476,"pos","5'-Amino-5'-deoxyadenosine","5-氨基腺苷酸",202186,"HMDB0246876",NA,NA,266234,NA,NA,NA,NA,NA,NA,NA,"NCC1OC(C(O)C1O)N1C=NC2=C(N)N=CN=C12","GVSGUDGNTHCZHI-UHFFFAOYSA-N","Nucleosides, nucleotides, and analogues","5'-deoxyribonucleosides","Unclassified","核苷、核苷酸和类似物","5'-脱氧核苷酸",NA,"Level 2",39.83,92.32,0,NA,"M+NH4","C10H14N6O3",0.401,"FT3450PR",0.506641314766166,18.09833072216,3.5664881964118,0.0040501084675313,0.112448300984168,-1.72678168013108,1.34678734549139,0.036206260696806,0.777858508858703,FALSE,TRUE,"Up"
"FT0178PR",84.04432,0.775,"pos","1-Aminocyclopropanecarboxylic acid","1-氨基环丙烷羧酸",60212,"HMDB0036458",6029,NA,535,"C01234","mmu00270","Cysteine and methionine metabolism",18053,NA,NA,"22059-21-8","NC1(CC1)C(O)=O","PAJPWUMXBYXFCZ-UHFFFAOYSA-N","Organic acids and derivatives","Carboxylic acids and derivatives","Amino acids, peptides, and analogues","有机酸及其衍生物","羧酸及其衍生物","氨基酸、肽和类似物","Level 1",54.52,99.32,67.92,"56.0497, 56.0578, 67.0545, 84.0443, 84.0559, 84.0807, 84.9592, 85.0282, 85.0468, 85.0644","M+H-H2O","C4H7NO2",-7.793,"FT0178PR",0.682476424106781,26.3930598536963,2.27700978137924,0.0425067138336724,0.24689316285058,-3.81331878185196,1.34509024705095,0.0361606368729942,0.57571215162304,FALSE,TRUE,"Up"
"FT1660NR",232.05922,2.015,"neg","1-(2-Hydroxyethyl)-2-hydroxymethyl-5-nitroimidazole","羟基甲硝唑-D4",202019,"HMDB0246690",693,NA,121858,NA,NA,NA,NA,NA,NA,NA,"OCCN1C(CO)=NC=C1[N+]([O-])=O","AEHPOYAOLCAMIU-UHFFFAOYSA-N","Organoheterocyclic compounds","Azoles","Imidazoles","有机杂环化合物","唑类","咪唑类","Level 2",43.12,98.94,0,"61.9885, 72.0089, 87.9254, 96.9702, 146.9655, 147.0457, 164.0715, 165.0754, 232.0583, 233.1558","M+FA-H","C6H9N3O4",7.369,"FT1660NR",0.541763495318698,23.4307402228283,2.93123134774755,0.0129235362780969,0.162715889528827,-2.76321576679478,1.32849673569202,0.0357145464043334,0.698852904112881,FALSE,TRUE,"Up"
"FT6769PR",593.18455,3.963,"pos","Rutaretin 9-rutinoside","芦他列汀 9-芸香糖苷",58605,"HMDB0034611",90074,NA,131751592,NA,NA,NA,NA,NA,NA,"160845-05-6","CC1OC(OCC2OC(OC3=C4OC(=O)C=CC4=CC4=C3OC(C4)C(C)(C)O)C(O)C(O)C2O)C(O)C(O)C1O","BXZHQIFYFLLPME-UHFFFAOYSA-N","Phenylpropanoids and polyketides","Coumarins and derivatives","Coumarin glycosides","苯丙素和聚酮化合物","香豆素及其衍生物","香豆素苷","Level 2",38.27,76.03,0,NA,"M+Na","C26H34O14",0.789,"FT6769PR",0.73178560685148,16.5991427730292,2.54579595578885,0.0261587330399863,0.205503368937919,-3.38840268364635,1.3112740556603,0.035251541724928,0.562617805656802,FALSE,TRUE,"Up"
"FT5198NR",437.21503,6.034,"neg","Penicildione D","青霉二酮D",45107,NA,NA,"LMST02030241",NA,NA,NA,NA,NA,NA,NA,NA,"C1CC2[C@@](C)([C@@]3(O)[C@@H](O)C[C@@]4([C@](O)([C@H](C)C[C@@]4([H])[C@]13[H])C(=O)CO)C)CCC(=O)C=2","KPHGRQINQWTBGR-CXSFZGCWSA-N","Lipids and lipid-like molecules","Steroids and steroid derivatives","Hydroxysteroids","脂质和类脂质分子","类固醇和类固醇衍生物","羟基类固醇","Level 2",46.9,95.19,0,NA,"M+FA-H","C22H32O6",-6.974,"FT5198NR",0.633539656723098,18.2971079737977,2.98404763470216,0.0117299125949242,0.154950303161108,-2.67684239657901,1.30054144858481,0.0349630124548601,0.632719214341514,FALSE,TRUE,"Up"
"FT1225PR",147.04408,1.127,"pos","Purpald","4-氨基-3-肼基-5-巯基-1,2,4-三氮唑",200259,"HMDB0244791",344265,NA,74460,NA,NA,NA,NA,NA,NA,NA,"NN=C1NN=C(S)N1N","RDIMQHBOTMWMJA-UHFFFAOYSA-N","Organoheterocyclic compounds","Azoles","Triazoles","有机杂环化合物","唑类","三唑类","Level 4",39.13,94.71,0,NA,"M+H","C2H6N6S",-4.482,"FT1225PR",0.563202759811597,21.5419834155645,2.87724774153995,0.0142689500962551,0.168492335908127,-2.8514016138695,1.29511802630749,0.0348172122723006,0.663363662424623,FALSE,TRUE,"Up"
"FT6052PR",492.34433,11.929,"pos","(11Z)-eicoseneoylcarnitine","二十碳一烯酰肉碱",8292,"HMDB0240746",NA,"LMFA07070010",71464507,NA,NA,NA,73118,NA,NA,NA,"C(C/C=C\CCCCCCCC)CCCCCCCC(OC(C[N+](C)(C)C)CC([O-])=O)=O","PVOQPLSKYNZHOT-SEYXRHQNSA-N","Lipids and lipid-like molecules","Fatty Acyls","Fatty acid esters","脂质和类脂质分子","脂肪酰基类","脂肪酸酯","Level 2",38.78,75.37,0,NA,"M+K","C27H51NO4",-1.302,"FT6052PR",-0.516397199516737,17.4299576698782,-3.41097203919471,0.0053711713736066,0.112501211174784,-1.97905483965836,1.28734780883252,-0.0346083221899045,-0.726835883645254,FALSE,TRUE,"Down"
"FT4399PR",340.32091,10.046,"pos","palmitoloelycholine","十六烯酰胆碱",52210,"HMDB0013208",NA,NA,NA,NA,NA,NA,NA,NA,NA,"943438-47-9","CCCCCC\C=C/CCCCCCCC(=O)OCC[N+](C)(C)C","KZSMYKYPFGHWQV-KHPPLWFESA-N","Organic nitrogen compounds","Organonitrogen compounds","Quaternary ammonium salts","有机氮化合物","有机氮化合物","季铵盐","Level 4",41.78,86.44,0,NA,"M+","C21H42NO2+",-0.306,"FT4399PR",-0.524359586486367,16.619601391018,-2.31143626473034,0.0399629165937746,0.240267655272974,-3.75965936597254,1.2806811328201,-0.0344290990850136,-0.632658234328621,FALSE,TRUE,"Down"
"FT6549PR",556.33897,11.153,"pos","1-linoleoyl-sn-glycero-3-phosphocholine","1-亚油酰-sn-甘油-3-磷酸胆碱",19886,NA,NA,"LMGP01050137",56955896,NA,NA,NA,28733,NA,NA,NA,"O(C[C@H](COP(OCC[N+](C)(C)C)([O-])=O)O)C(=O)CCCCCCC/C=C\C/C=C\CCCCCC","FKSLBYVOWOXWMB-YTBCMDLOSA-N","Lipids and lipid-like molecules","Glycerophospholipids","Glycerophosphocholines","脂质和类脂质分子","甘油磷脂","甘油磷酸胆碱","Level 2",38.27,75.33,0,NA,"M+Na","C27H52NO7P",2.928,"FT6549PR",0.57972556858253,17.5074120951025,2.54438765887089,0.0262258428924515,0.205503368937919,-3.39065991362987,1.26343085698428,0.0339653525357944,0.612160995508562,FALSE,TRUE,"Up"
"FT6590NR",565.04801,0.863,"neg","Uridine diphosphategalactose",NA,46986,"HMDB0000302",5291,NA,18068,"C00052","mmu00052,mmu00520","Galactose metabolism|Amino sugar and nucleotide sugar metabolism",67119,NA,NA,"2956-16-3","OC[C@H]1O[C@H](OP(O)(=O)OP(O)(=O)OC[C@H]2O[C@H]([C@H](O)[C@@H]2O)N2C=CC(=O)NC2=O)[C@H](O)[C@@H](O)[C@H]1O","HSCJRCZFDFQWRP-ABVWGUQPSA-N","Nucleosides, nucleotides, and analogues","Pyrimidine nucleotides","Pyrimidine nucleotide sugars","核苷、核苷酸和类似物","嘧啶核苷酸","嘧啶核苷酸糖","Level 1",68.03,95.88,86.59,"78.9589, 96.9701, 111.0198, 158.9249, 174.0414, 211.0008, 241.0134, 272.9572, 323.0313, 565.0433","M-H","C15H24N2O17P2",0.497,"FT6590NR",-0.541886220749871,23.7710349274024,-2.62891116500219,0.022481941240369,0.192237874127106,-3.25473686026907,1.22629279555493,-0.0329669541335623,-0.622705336652707,FALSE,TRUE,"Down"
"FT3449PR",284.13674,0.67,"pos","Glutaminylhistidine","谷氨酰胺-组氨酸",53835,"HMDB0028799",85713,NA,9814348,NA,NA,NA,NA,NA,NA,"104018-08-8","[H][C@](N)(CCC(O)=N)C(O)=N[C@@]([H])(CC1=CN=CN1)C(O)=O","JZOYFBPIEHCDFV-YUMQZZPRSA-N","Organic acids and derivatives","Carboxylic acids and derivatives","Amino acids, peptides, and analogues","有机酸及其衍生物","羧酸及其衍生物","氨基酸、肽和类似物","Level 4",39.16,92.22,0,"100.0754, 209.6443, 212.8519, 215.9636, 216.0140, 225.0643, 283.9537, 284.1386, 285.0924, 304.2982","M+H","C11H17N5O4",5.015,"FT3449PR",0.587256186328797,20.143956829875,2.7704448804134,0.0173549071541753,0.178484906256808,-3.02543886396386,1.22420724781592,0.0329108874609826,0.605904630636829,FALSE,TRUE,"Up"
"FT3229NR",320.06246,1.113,"neg","Beta-Citryl-L-glutamic acid","β-柠檬酰-L-谷氨酸",52214,"HMDB0013220",NA,NA,21125622,NA,NA,NA,NA,NA,NA,"69281-09-0","OC(=O)CCC(NC(=O)C(O)(CC(O)=O)CC(O)=O)C(O)=O","GAQNUGISBQJMKO-UHFFFAOYSA-N","Organic acids and derivatives","Carboxylic acids and derivatives","Amino acids, peptides, and analogues","有机酸及其衍生物","羧酸及其衍生物","氨基酸、肽和类似物","Level 1",71.02,92.38,91.4,"86.0253, 110.0243, 111.0084, 128.0357, 172.0616, 174.0411, 196.0621, 240.0511, 284.0423, 302.0526","M-H","C11H15NO10",0.447,"FT3229NR",0.519850343659229,22.3221274359766,2.65540743269576,0.0214201334786175,0.18551958644202,-3.21195608769239,1.21746699091612,0.0327296862496001,0.634275736107373,FALSE,TRUE,"Up"
"FT1298NR",202.05456,4.398,"neg","N-Acetyl-S-allylcysteine","N-乙酰基S-烯丙基-L-半胱氨酸",197194,"HMDB0240543",NA,NA,152467,NA,NA,NA,NA,NA,NA,NA,"[H][C@@](CSCC=C)(N=C(C)O)C(O)=O","LKRAEHUDIUJBSF-ZETCQYMHSA-N","Organic acids and derivatives","Carboxylic acids and derivatives","Amino acids, peptides, and analogues","有机酸及其衍生物","羧酸及其衍生物","氨基酸、肽和类似物","Level 4",42.69,92.17,0,NA,"M-H","C8H13NO3S",1.104,"FT1298NR",-0.553209424073033,15.8929718029475,-2.393938929791,0.0344477367358784,0.230510819703355,-3.63006962441969,1.21036237653765,-0.0325386898601567,-0.588557856921278,FALSE,TRUE,"Down"
"FT1509PR",166.08637,1.486,"pos","2-Amino-3-(4-hydroxyphenyl)propanal","2-氨基-3-(4-羟基苯基)丙醛",200429,NA,NA,NA,3386234,NA,NA,NA,NA,NA,NA,NA,"NC(CC1=CC=C(O)C=C1)C=O","DXGAIOIQACHYRK-UHFFFAOYSA-N","Benzenoids","Benzene and substituted derivatives","Phenethylamines","苯类","苯和取代衍生物","苯乙胺类","Level 2",62.28,94.18,41.72,"74.0234, 84.9595, 93.0704, 103.0545, 120.0811, 121.0849, 131.0483, 142.9675, 165.9831, 166.0853","M+H","C9H11NO2",0.674,"FT1509PR",0.503718441761582,22.3408923870416,2.21255008550918,0.0476912835625745,0.25087414824992,-3.91306463627269,1.20693271529783,0.032446488808991,0.599329888181136,FALSE,TRUE,"Up"
"FT1060PR",136.07565,1.127,"pos","Dopamine","多巴胺",46857,"HMDB0000073",64,NA,681,"C03758","mmu00350,mmu04024,mmu04080,mmu04081,mmu04082,mmu04540,mmu04721,mmu04728,mmu04917,mmu04976,mmu05012,mmu05030,mmu05031,mmu05032,mmu05034","Tyrosine metabolism|cAMP signaling pathway|Neuroactive ligand-receptor interaction|Hormone signaling|Neuroactive ligand signaling|Gap junction|Synaptic vesicle cycle|Dopaminergic synapse|Prolactin signaling pathway|Bile secretion|Parkinson disease|Cocaine addiction|Amphetamine addiction|Morphine addiction|Alcoholism",18243,NA,NA,"62-31-7","NCCC1=CC(O)=C(O)C=C1","VYFYYTLLBUKUHU-UHFFFAOYSA-N","Benzenoids","Phenols","Benzenediols","苯类","酚类","苯二醇类","Level 2",40.28,98.86,0,NA,"M+H-H2O","C8H11NO2",-4.622,"FT1060PR",0.509545962395061,23.909998289638,2.62519778737872,0.0226348223701394,0.192237874127106,-3.26072634805947,1.20423313988917,0.0323739149677356,0.631744121819252,FALSE,TRUE,"Up"
"FT4369NR",383.29113,11.1,"neg","N-palmitoyl glutamine","N-棕榈酰谷氨酰胺",8704,NA,75509,"LMFA08020127",52922071,NA,NA,NA,NA,NA,NA,NA,"NC(=O)CC[C@]([H])(NC(CCCCCCCCCCCCCCC)=O)C(=O)O","KCXYSRAVPMMHKU-SFHVURJKSA-N","Organic acids and derivatives","Carboxylic acids and derivatives","Amino acids, peptides, and analogues","有机酸及其衍生物","羧酸及其衍生物","氨基酸、肽和类似物","Level 2",47.98,96.83,0,"127.0511, 128.0342, 145.0620, 209.6946, 254.2479, 304.3367, 304.3766, 321.2926, 365.2797, 383.2939","M-H","C21H40N2O4",-1.054,"FT4369NR",0.612088124733966,19.2199522716283,2.29650817208065,0.0410475325416075,0.242458730351699,-3.78295896410868,1.20353997830654,0.0323552804082041,0.546778535259231,FALSE,TRUE,"Up"
"FT1738PR",182.08117,1.127,"pos","L-Tyrosine","L-酪氨酸",46901,"HMDB0000158",34,NA,6057,"C00082","mmu00130,mmu00350,mmu00360,mmu00400,mmu00730,mmu00970,mmu04728,mmu04916,mmu04917,mmu04974,mmu05012,mmu05030,mmu05031,mmu05034,mmu05230","Ubiquinone and other terpenoid-quinone biosynthesis|Tyrosine metabolism|Phenylalanine metabolism|Phenylalanine, tyrosine and tryptophan biosynthesis|Thiamine metabolism|Aminoacyl-tRNA biosynthesis|Dopaminergic synapse|Melanogenesis|Prolactin signaling pathway|Protein digestion and absorption|Parkinson disease|Cocaine addiction|Amphetamine addiction|Alcoholism|Central carbon metabolism in cancer",17895,NA,NA,"60-18-4","N[C@@H](CC1=CC=C(O)C=C1)C(O)=O","OUYCCCASQSFEME-QMMMGPOBSA-N","Organic acids and derivatives","Carboxylic acids and derivatives","Amino acids, peptides, and analogues","有机酸及其衍生物","羧酸及其衍生物","氨基酸、肽和类似物","Level 1",74.13,99.03,93.97,"91.0539, 95.0487, 119.0493, 123.0440, 136.0760, 137.0788, 147.0431, 165.0546, 166.0587, 182.0810","M+H","C9H11NO3",0.049,"FT1738PR",0.511938830148247,26.1606746158458,2.46545922164724,0.030267598803243,0.215270575161841,-3.51671042631416,1.18946508656911,0.0319768990689151,0.609068471618334,FALSE,TRUE,"Up"
"FT4081NR",365.34252,13.377,"neg","Nervonic acid","神经酸",600,"HMDB0002368",262,"LMFA01030092",5281120,"C08323","mmu01040","Biosynthesis of unsaturated fatty acids",44247,NA,NA,"506-37-6","C(CCCCCCCCCCC(=O)O)CC/C=C\CCCCCCCC","GWHCXVQVJPWHRF-KTKRTIGZSA-N","Lipids and lipid-like molecules","Fatty Acyls","Fatty acids and conjugates","脂质和类脂质分子","脂肪酰基类","脂肪酸和结合物","Level 3",48.83,94.68,58.89,"70.3906, 71.3929, 105.8582, 156.7324, 173.8836, 174.4611, 180.2287, 209.6875, 304.3593, 365.3395","M-H","C24H46O2",0.057,"FT4081NR",-0.536993518313918,20.9804877275638,-2.5665670881248,0.0251881896809201,0.200641922372587,-3.35507973348456,1.18367194761454,-0.0318211596346649,-0.599096787081651,FALSE,TRUE,"Down"
"FT5179PR",399.14422,0.714,"pos","S-Adenosylmethionine","S-腺苷蛋氨酸",47438,"HMDB0001185",6064,NA,34756,"C00019","mmu00270,mmu00330,mmu00670,mmu04122,mmu04148,mmu04981,mmu05208","Cysteine and methionine metabolism|Arginine and proline metabolism|One carbon pool by folate|Sulfur relay system|Efferocytosis|Folate transport and metabolism|Chemical carcinogenesis - reactive oxygen species",15414,NA,NA,"485-80-3","C[S+](CC[C@H](N)C(O)=O)C[C@H]1O[C@H]([C@H](O)[C@@H]1O)N1C=NC2=C1N=CN=C2N","MEFKEPWMEQBLKI-AIRLBKTGSA-O","Nucleosides, nucleotides, and analogues","5'-deoxyribonucleosides","5'-deoxy-5'-thionucleosides","核苷、核苷酸和类似物","5'-脱氧核苷酸","5'-脱氧-5'-硫代核苷","Level 1",68.16,86.19,85.09,"56.0498, 97.0284, 102.0543, 136.0623, 148.0033, 250.0949, 251.0967, 264.0886, 298.0967, 399.1478","M+","C15H23N6O5S+",-0.704,"FT5179PR",0.500220571427432,20.9674903790177,2.35340715936552,0.0370588276534564,0.236972503435405,-3.6939023735874,1.18003574583283,0.0317234060657028,0.601690289830571,FALSE,TRUE,"Up"
"FT4558PR",353.23204,6.032,"pos","Isograyanotoxin II","异野芥毒素II",36027,NA,53655,"LMPR0104180002",14060932,NA,NA,NA,140138,NA,NA,NA,"[C@@H]12[C@@](O)(C)C[C@]3(C[C@@H](O)[C@]4(O)C(C)(C)[C@@H](O)C[C@@]4([H])C(C)=C3CC1)[C@@H]2O","LLNZGRNLXLQFAC-KLKQSVAXSA-N","Organic oxygen compounds","Organooxygen compounds","Alcohols and polyols","有机氧化合物","有机氧化合物","醇和多元醇","Level 1",71.97,96.04,84.33,"55.0543, 93.0702, 101.0597, 111.0445, 129.0543, 181.0853, 299.1995, 317.2111, 335.2209, 353.2313","M+H","C20H32O5",-0.563,"FT4558PR",0.588054417269046,19.344754595765,2.57474234906082,0.0248159274210684,0.199758965850786,-3.34194876669317,1.17748993589543,0.0316549659674301,0.56851249256524,FALSE,TRUE,"Up"
"FT3241PR",275.0082,1.068,"pos","Aspartyl-Cysteine","天冬氨酸-半胱氨酸",53789,"HMDB0028750",85665,NA,18218191,NA,NA,NA,174209,NA,NA,NA,"NC(CC(O)=O)C(=O)NC(CS)C(O)=O","FKBFDTRILNZGAI-UHFFFAOYSA-N","Organic acids and derivatives","Carboxylic acids and derivatives","Amino acids, peptides, and analogues","有机酸及其衍生物","羧酸及其衍生物","氨基酸、肽和类似物","Level 2",39.6,73.77,0,NA,"M+K","C7H12N2O5S",-6.025,"FT3241PR",-0.506536631211653,19.895737970844,-2.4787622001239,0.029546306451174,0.211218211245829,-3.49553115689505,1.1690526323085,-0.031428142323542,-0.603172563876551,FALSE,TRUE,"Down"
"FT7942PR",1027.57852,10.249,"pos","PI(22:2/TXB2)","磷脂酰肌醇(22:2/TXB2)",230831,"HMDB0277729",NA,NA,NA,NA,NA,NA,NA,NA,NA,NA,"CCCCC\C=C/C\C=C/CCCCCCCCCCCC(=O)OC[C@@H]1COP(O)(=O)O[C@H]2[C@H](O)[C@@H](O)[C@H](O)[C@@H](C\C=C/CCCC(=O)O1)[C@@H](O)CC(O)O[C@H](\C=C/[C@@H](O)CCCCC)[C@@H](O)[C@H]2O","QLAWJWMVFMCKRE-BEJWJCSUSA-N","Lipids and lipid-like molecules","Glycerophospholipids","Unclassified","脂质和类脂质分子","甘油磷脂",NA,"Level 3",39.49,74.59,98.18,"79.0529, 91.0539, 361.2752, 385.2727, 484.2862, 502.2934, 503.2961, 508.2806, 526.2921, 527.2928","M+Na","C51H89O17P",5.374,"FT7942PR",0.547776534845882,18.5172898184102,2.3381563616408,0.0380898084302041,0.237169453282395,-3.71783779398688,1.13600542254421,0.0305397200376977,0.550633274426286,FALSE,TRUE,"Up"
"FT2595NR",285.25848,12.75,"neg","17-ethyl-10,13-dimethyl-4,5,6,7,8,9,11,12,14,15,16,17-dodecahydro-3H-cyclopenta[a]phenanthrene",NA,213338,"HMDB0260190",NA,NA,NA,NA,NA,NA,NA,NA,NA,NA,"CCC1CCC2C3CCC4CCC=CC4(C)C3CCC12C","HOWBJCLELHJALU-UHFFFAOYSA-N","Lipids and lipid-like molecules","Steroids and steroid derivatives","Pregnane steroids","脂质和类脂质分子","类固醇和类固醇衍生物","妊娠类固醇","Level 4",41.33,95.74,0,NA,"M-H","C21H34",-1.083,"FT2595NR",0.500533940784834,17.7029446517545,2.45162245243434,0.0310359620950708,0.216416920576043,-3.53870936099567,1.13045902135822,0.0303906137604956,0.584729475706357,FALSE,TRUE,"Up"
"FT4128NR",368.99879,0.909,"neg","Sedoheptulose 1,7-bisphosphate","景天庚酮糖-1,7-二磷酸",82209,"HMDB0060274",156,NA,164735,"C00447",NA,NA,17969,NA,NA,"815-91-8","O[C@H](COP(O)(O)=O)[C@@H](O)[C@@H](O)[C@H](O)C(=O)COP(O)(O)=O","OKHXOUGRECCASI-SHUUEZRQSA-N","Organic oxygen compounds","Organooxygen compounds","Carbohydrates and carbohydrate conjugates","有机氧化合物","有机氧化合物","碳水化合物和碳水化合物结合物","Level 2",52.04,94.2,0,NA,"M-H","C7H16O13P2",-1.461,"FT4128NR",0.508631689375134,21.410902729964,2.26612436143018,0.0433427733266009,0.249092536916999,-3.83023096728188,1.0723505092177,0.0288284577554615,0.534492553101749,FALSE,TRUE,"Up"
