"FeatureID","GeneName","PearsonR","CorrelationT","Pvalue","MeanExpression","EntrezID"
"B2RXA1","Plcxd2",1,Inf,0,13.8105705283945,"433022"
"Q8BHE3","Atcay",0.960289870714276,8.43076870307766,0.000151921359473942,18.8482274962975,"16467"
"Q8BGF9","Slc25a44",0.950416914503767,7.48616302175172,0.00029352748195191,16.7621416261112,"229517"
"P49962","Srp9",0.935819240276396,6.50328470604942,0.000629522832099977,19.144365895864,"27058"
"Q8C7K6","Pcyox1l",0.928799991451748,6.13923428646726,0.000854860750419614,19.2483058829415,"240334"
"Q9CQY1","Atg12",0.913243192129187,5.49066817453844,0.00152811148813036,15.4539895792299,"67526"
"P62858","Rps28",0.910460850159013,5.3921423220155,0.00167628634934828,19.9861485328848,"54127"
"Q8BLQ7","Slc7a4",0.908872962647567,5.33785374917164,0.00176488744819724,12.6387334097311,"224022"
"Q9QYI5","Dnajb2",0.901551941382631,5.10397694002021,0.00221274074116898,19.7177454386286,"56812"
"Q6P6I6","Polr2m",0.897089397588454,4.97321678146859,0.0025187377725459,12.7634086086683,"28015"
"Q8R5J9","Arl6ip5",0.884559309049331,4.64534762357136,0.00352076006419319,19.2350599556246,"65106"
"Q61609","Slc20a1",0.882936082959836,4.60654773432846,0.00366672019150706,14.2479310726253,"20515"
"Q64010","Crk",0.879536273614517,4.52768159496284,0.0039849443119445,18.4981995692189,"12928"
"Q9R0M4","Podxl",0.879008405440178,4.5157167370046,0.0040358915072116,14.2967625850542,"27205"
"Q9CQH7","Btf3l4",0.875857944120972,4.44579935533982,0.00434869244181868,18.8104307966504,"70533"
"P63325","Rps10",0.874589878145116,4.41835536838032,0.00447886363407725,20.4328470765,"67097"
"Q80TN4","Dnajc16",0.87381435053424,4.40176176808431,0.00455969484397888,19.7709817504307,"214063"
"Q68FE6","Ripor1",0.873480128542913,4.39465450743227,0.00459481703533376,19.6419351331434,"75687"
"Q9Z2W8","Gria4",0.87049346260532,4.33228676403903,0.00491641806035575,16.4628805502089,"14802"
"Q80ZF8","Adgrb3",0.863450089164641,4.19283981647269,0.00573115635179916,17.0698400842116,"210933"
"Q8BME9","Cbln4",0.861802435279758,4.16165764127185,0.00593342558663654,14.9091702624768,"228942"
"Q04573","Npy1r",0.860145184181058,4.13081032060451,0.00614142733647057,16.6117400032459,"18166"
"Q8CHP5","Pym1",0.860086581123492,4.12972880373021,0.00614886674430622,15.5360008241253,"78428"
"Q9CQ40","Mrpl49",0.849177585116181,3.93869082946144,0.00763610267715626,15.6019982897514,"18120"
"O35387","Hax1",0.847534708952127,3.91157193455365,0.0078781107850922,15.1492666831306,"23897"
"Q8CAB8","Castor2",0.846428429154845,3.89353617793274,0.0080437946219877,16.6308825804354,"80909"
"Q80ZE5","Paqr8",0.845376791205735,3.87655614059016,0.00820333726738294,10.9359211148052,"74229"
"O54949","Nlk",0.843170237169472,3.84143886508801,0.00854460586546688,13.2192024522779,"18099"
"Q9D1D4","Tmed10",0.842976084111168,3.83838140883859,0.00857505851961256,19.2076537494731,"68581"
"Q61818","Rai1",0.840295949932312,3.79669836615323,0.00900250831953091,13.5333835212655,"19377"
"Q9DCB8","Isca2",0.835190698857259,3.71988758499409,0.00985367906109041,17.0795706123054,"74316"
"Q7M753","Pank2",0.827440929017765,3.6092922894436,0.0112404802250368,15.0592089363134,"74450"
"P58468","Slx9",0.827050276187226,3.60389683715145,0.0113134670441813,9.93587652436599,"108707"
"Q921K9","Bcl7b",0.825499336111848,3.58263836327058,0.011606189452105,6.87060074235967,"12054"
"P35980","Rpl18",0.821380410060592,3.52740309231157,0.0124066974557521,20.2739735457028,"19899"
"Q91V01","Lpcat3",0.821089190781966,3.52356316918582,0.0124645762253001,16.2161484711755,"14792"
"O54984","Get3",0.818405577653545,3.48857107659564,0.0130059677606186,19.0369111515864,"56495"
"Q9CPX6","Atg3",0.818271669102808,3.48684333845394,0.0130333635818179,17.5566632376247,"67841"
"O35166","Gosr2",0.816812693329073,3.46812974891418,0.0133342099101686,16.7562780153185,"56494"
"Q8QZV7","IntS13",0.815991846158697,3.45768927721062,0.013505377960309,8.83446867492067,NA
"Q8K183","Pdxk",0.815117500597715,3.44663718224053,0.0136892174677511,20.5950884309717,"216134"
"P97390","Vps45",0.81463183397756,3.4405285277853,0.0137920107323427,18.197503989582,"22365"
"P56942","Pmch",0.814507328248249,3.43896598081722,0.0138184408946218,10.1732363849955,"110312"
"P28828","Ptprm",0.814100565285839,3.43387093331066,0.0139050110536748,12.8091788995434,"19274"
"Q8R480","Nup85",0.81126713696329,3.39879124754932,0.0145175208249283,15.8238312487962,"445007"
"P62852","Rps25",0.811030388459739,3.39589222211793,0.0145694529942592,20.0449078182949,"75617"
"Q3V0I2","Prr7",0.8109562650243,3.39498557101978,0.0145857363830006,16.2076619022652,"432763"
"Q64362","Aktip",0.810631321380031,3.39101660587647,0.0146572548397837,15.2315177140088,"14339"
"Q07076","Anxa7",0.807993854547553,3.35913643265842,0.0152459136108043,18.8416246928301,"11750"
"Q8VCV1","Abhd17c",0.807645008573303,3.3549637750219,0.0153248657869682,16.8132707482572,"70178"
"Q3UMC0","Afg2a",0.807279817725332,3.35060646433362,0.0154077918087789,7.96778828317239,"57815"
"P29341","Pabpc1",0.804598498253055,3.3189491490178,0.0160252903072675,19.4272608282071,"18458"
"Q9ERR7","Selenof",0.804074636425115,3.31283195888538,0.0161477160124769,16.304188607991,"93684"
"Q99J78","Def8",0.802005779913549,3.28888567601246,0.0166369311820297,9.57947375187642,"23854"
"Q8VDP6","Cdipt",0.801672760579476,3.28506231963638,0.016716535762943,21.3511056275275,"52858"
"Q69ZB3","Tspyl5",0.799216215335976,3.25712117208966,0.0173111236903806,12.5347792453541,"239364"
"Q8VC16","Lrrc14",0.798496531629697,3.24902156576767,0.0174877879650696,14.2392462871463,"223664"
"Q9D4H9","Phf14",0.797439821984626,3.2371984960473,0.0177492213635464,15.2452657994601,"75725"
"P14115","Rpl27a",0.796913795827064,3.23134357907587,0.0178802679110314,19.8506644583546,"26451"
"P45376","Akr1b1",0.796439206137211,3.22607846173128,0.0179990181813321,19.4917195521915,"11677"
"P32648","Vip",0.795925745026243,3.22040045905226,0.0181280488390404,9.2300683904215,"22353"
"Q91X97","Ncald",0.794592583988658,3.20574621826437,0.0184657620004543,22.1464267562653,"52589"
"O70503","Hsd17b12",0.79245591298856,3.18252124740506,0.0190151683652863,18.5209747094166,"56348"
"Q99K10","Nlgn1",0.789923231153144,3.15539908078462,0.0196794806639245,15.8729346665179,"192167"
"Q9DCG9","Trmt112",0.789764086010754,3.15370929111277,0.0197216998507058,15.9861077677706,"67674"
"P10852","Slc3a2",0.789161911515601,3.14733074450223,0.0198819602060272,20.5160235357843,"17254"
"P14131","Rps16",0.789070840890634,3.14636817569708,0.0199062678286997,20.1309374996072,"20055"
"P10518","Alad",0.788871026514812,3.14425816787038,0.019959665109796,17.5360963185073,"17025"
"O08967","Cyth3",0.788451165778518,3.13983310083312,0.0200721571091457,16.472489934774,"19159"
"P58686","Bbln",0.787479718372165,3.12963903331619,0.0203339467843554,13.1962022187216,"73737"
"Q9DCJ9","Npl",0.784396720862234,3.09769036901602,0.0211788162040064,15.2549533910125,"74091"
"Q9QZB9","Dctn5",0.7819567675126,3.07282961850921,0.0218627053684436,17.4476421750721,"59288"
"Q8K4M5","Commd1",0.781768546493548,3.07092706262791,0.0219160238652681,14.3507272619512,"17846"
"P70202","Lxn",0.781377291500826,3.0669791222995,0.0220271155094878,19.4136665361223,"17035"
"Q99MS3","Mpv17l",0.779612273931808,3.04928413993654,0.0225326172224621,15.2615446416725,"93734"
"P63213","Gng2",0.772594503149611,2.98072603461139,0.0246135122385395,22.1411500179417,"14702"
"Q9D3B1","Hacd2",0.771561539964788,2.97086873170205,0.0249294667633033,17.0731872722765,"70757"
"Q9CS84","Nrxn1",0.771467336308898,2.96997266940297,0.0249584052588265,19.0416229464646,"18189"
"Q99J62","Rfc4",0.771315581155578,2.96853019338766,0.0250050667620121,6.30271075126028,"106344"
"Q61081","Cdc37",0.768665254430487,2.94353781821876,0.0258287055014085,19.6908160834872,"12539"
"Q8VE80","Thoc3",0.766999447174757,2.92801969463708,0.0263548590455718,15.0336078466855,"73666"
"Q921Y0","Mob1a",0.76503950989938,2.90994549416597,0.0269823320856939,15.6733193154815,"232157"
"Q9Z0N2","Eif2s3y",0.764586999390061,2.90580037412485,0.0271285003887265,13.1144139027262,"26908"
"O55047","Tlk2",0.763585200778295,2.89666035429755,0.0274538337714306,8.8320996735243,"24086"
"P19123","Tnnc1",0.761686194474274,2.87947182170487,0.0280771159687924,17.1907813660512,"21924"
"P13597","Icam1",0.760255249652339,2.86663682561383,0.0285524853949146,12.6542832250918,"15894"
"Q8C3X2","Ccdc90b",0.75805299768165,2.84707619634623,0.02929372039184,15.7706204566653,"66365"
"Q64435","Ugt1a6",0.757539481473716,2.84254820151793,0.0294682440587031,11.9958276478863,NA
"Q8VED2","Bloc1s4",0.756483358933357,2.83327455879914,0.0298291855400154,15.8782934392374,"117197"
"Q9CQN1","Trap1",0.753480367390797,2.80718707933759,0.0308703027341876,23.6557695051314,"68015"
"A0A1W2P872","Nova2",0.752544131612688,2.79913753790616,0.0311993872695327,17.5962700374016,"384569"
"Q6PEV3","Wipf2",0.752383118500548,2.79775713827186,0.0312561990763,16.7264572014822,"68524"
"P42867","Dpagt1",0.752348873161101,2.79746369479776,0.0312682903747907,12.9176852465021,"13478"
"Q9D3A9","Ttyh1",0.751957233915232,2.79411150533851,0.0314067741019787,19.4481824112732,"57776"
"Q91ZZ3","Sncb",0.750500759395589,2.78170451492087,0.031925084735443,23.3309735994384,"104069"
"P61358","Rpl27",0.748501374493314,2.76482361620036,0.0326450953467632,19.540675819604,"19942"
"Q5U4D8","Slc5a6",0.74825222565204,2.76273212530073,0.03273550849496,12.7144088639952,"330064"
"Q9D198","Syf2",0.747225517712886,2.75414133379438,0.0331097071456295,15.3476391409071,"68592"
"Q99M28","Rnps1",0.745809656238494,2.74236752471823,0.033630019485855,17.0403702981752,"19826"
"Q91ZP6","Ndfip2",0.744204611796337,2.72912175786991,0.0342258729033739,12.0913740989152,"76273"
"Q9D967","Mdp1",0.743673922403576,2.72476558839224,0.0344242951799493,18.4007559352033,"67881"
"Q9D0U6","Maf1",0.743362560022399,2.72221513505737,0.0345410388635027,13.6913255961698,"68877"
"Q9CPQ8","Atp5mg",0.743056575195324,2.71971258404469,0.0346560018572544,21.4795893258456,"27425"
"Q9QZ88","Vps29",0.742530883978499,2.71542201125207,0.0348540574632544,19.1709232319115,"56433"
"P51863","Atp6v0d1",0.742449787713297,2.71476111906346,0.0348846721590517,21.6414470580067,"11972"
"Q8VE62","Paip1",0.742027314059657,2.71132247650543,0.0350444262955977,17.51026874734,"218693"
"Q9Z2A9","Ggt5",0.741068785308756,2.70354732886673,0.0354085401293144,6.71755857936785,"23887"
"A2A9Q0","Fndc10",0.740617093379829,2.69989614103323,0.0355809209409826,11.7381759453446,"230991"
"P62274","Rps29",0.740383894609621,2.69801428715793,0.0356701176668278,17.1451892312864,"20090"
"P70193","Lrig1",0.739227367147077,2.68871317746372,0.0361144979454075,9.08673702691259,"16206"
"Q6NXM3","Tmem130",0.738868353104853,2.68583658344097,0.036253128043431,9.68524305633709,"243339"
"Q8BMC3","Shc2",0.738779349744841,2.68512422531785,0.0362875460632374,10.8743226372484,"216148"
"P61967","Ap1s1",0.738496280570617,2.68286067339842,0.0363971427977409,17.6180606747223,"11769"
"O88895","Hdac3",0.737572215137603,2.67549309461009,0.0367563209248516,14.2317015319775,"15183"
"O08547","Sec22b",0.737031380065458,2.67119632409485,0.0369675389235011,19.2208344142452,"20333"
"Q7TT15","Galnt17",0.735548298643229,2.6594711636589,0.0375505340397378,18.7567306688041,"212996"
"Q99JX3","Gorasp2",0.735253363849411,2.65714939314785,0.0376671354635952,17.6344707497531,"70231"
"Q7TPD0","Ints3",0.735242009267926,2.65706007393235,0.0376716288615056,18.5697532768952,"229543"
"Q9QXJ1","Apbb1",0.734939076330192,2.65467889085135,0.0377916304511014,16.5924123093967,"11785"
"Q62083","Pick1",0.734799399338992,2.65358213436289,0.037847039396037,17.0460654585535,"18693"
"Q9D0C1","Rnf115",0.73435222478905,2.65007580918315,0.0380247633470631,12.5457343470993,"67845"
"Q9CWX9","Ddx47",0.73415286112235,2.64851500117826,0.0381041614649747,15.5917493978243,"67755"
"Q61133","Gstt2",0.73332451120784,2.64204577340786,0.0384351391153262,14.0308882828409,"14872"
"P60003","Elof1",0.730703922137768,2.62174628099557,0.0394937296699398,9.99434324657035,"66126"
"Q922Q8","Lrrc59",0.730575497336882,2.62075792321507,0.039546057249663,17.9970722992527,"98238"
"Q9CQJ4","Rnf2",0.730255610868368,2.61829866736903,0.0396765804292566,16.6310712701697,"19821"
"Q9CXX9","Cuedc2",0.730015840956748,2.61645775972714,0.0397745851743905,13.8405981545255,"67116"
"Q99LG4","Ttc5",0.729039844081569,2.6089855404662,0.0401750368668306,16.8298201183897,"219022"
"Q8BRH0","Tmtc3",0.728215088369499,2.60269771420654,0.0405153363852186,11.4387032490892,"237500"
"Q8BMD8","Slc25a24",0.728172908702163,2.60237679073959,0.0405327868697978,14.0538952274295,"229731"
"P83877","Txnl4a",0.727434959227579,2.59677227341639,0.0408388285730173,16.9735301848002,"27366"
"P60060","Sec61g",0.724775418362882,2.57673165866287,0.0419534089638102,15.2163620949853,"20335"
"Q9WV80","Snx1",0.724199967811132,2.57242755989198,0.0421969720952156,21.1886016368096,"56440"
"Q8BP27","Sfr1",0.724005299943489,2.57097409709366,0.0422795600840335,16.8462546693468,"67788"
"Q6PDC0","Rundc3b",0.723445777514942,2.56680367443274,0.0425174831473917,15.7561597371844,"242819"
"Q99LX0","Park7",0.723138349083103,2.56451676498341,0.0426485540610291,20.8549765219471,"57320"
"Q63739","Ptp4a1",0.722911669838977,2.56283258224169,0.0427453544967084,17.7087299232004,"19243"
"P54731","Faf1",0.722487986575977,2.55968934297153,0.0429266395967521,15.9343069772715,"14084"
"Q9CX34","Sugt1",0.721519068763096,2.55252373129501,0.0433429670241664,19.1063211341352,"67955"
"Q64705","Usf2",0.721308569011106,2.55097112993106,0.0434337370749579,15.9257305939871,"22282"
"Q3UMF9","Faxc",0.719491137919915,2.53762713787085,0.0442222219809422,14.3397800394181,"76132"
"Q9CZX8","Rps19",0.719236322708673,2.53576490631615,0.0443334591052691,20.080925338855,"20085"
"Q2PFD7","Psd3",0.719230523722738,2.53572255106105,0.0443359925639902,19.6704158609444,"234353"
"Q8BLK9","Rps6kc1",0.718596759308308,2.53110019899702,0.0446133991997944,16.6055084551786,"320119"
"Q3TDD9","Ppp1r21",0.718304014980305,2.52896947951807,0.0447418904756298,16.1692993546151,"73825"
"P56812","Pdcd5",0.717654001452583,2.52424831225861,0.0450279934120698,18.2262499857677,"56330"
"Q3UGP8","Alg10b",0.716227396279258,2.51393420220511,0.0456597806597418,16.6656246291411,"380959"
"Q60575","Kif1b",0.715698029380596,2.51012347554861,0.045895570183145,15.3554262450109,"16561"
"P70425","Rit2",0.715696858917975,2.51011505964075,0.0458960923409302,15.5970740844225,"19762"
"P56371","Rab4a",0.713456522560746,2.49408545596141,0.0469021155744407,20.0195448477745,"19341"
"Q80ZJ1","Rap2a",0.711845557504104,2.48265546885188,0.0476336669358526,19.0473943256908,"76108"
"A2A699","Fam171a2",0.711650766372678,2.48127880820551,0.0477225858947328,17.5512659527744,"217219"
"Q9CQF6","Aasdhppt",0.711386686435522,2.47941430919536,0.0478432936725462,13.6123587171835,"67618"
"Q9EP72","Emc7",0.708700282241637,2.46056733007168,0.0490816732193792,18.3807305671619,"73024"
"P63017","Hspa8",0.708682913120239,2.46044617867277,0.0490897420855619,23.7016243873007,"15481"
"Q6NXK7","Dpp10",0.708390378548786,2.45840706942435,0.0492257596506666,19.5718680727012,"269109"
"Q9D773","Mrpl2",0.708369255096057,2.4582599271322,0.049235590028265,16.16325606663,"27398"
"Q8BJF9","Chmp2b",0.708355266959622,2.45816249550682,0.0492421004408906,15.1038022978857,"68942"
"Q8K2X3","Stn1",0.707800968849384,2.45430631232914,0.0495005010147807,13.7397560251028,"108689"
"O08641","Sh3yl1",0.707149168716822,2.44978343861655,0.0498053960078267,5.94210931797037,"24057"
"Q8K003","Tma7",0.706564124883845,2.44573443089538,0.050080023445752,16.8170976434819,"66167"
"Q9CQU3","Rer1",0.704828063339698,2.43377814851451,0.0509003035511743,16.4701868952992,"67830"
"Q99KN9","Clint1",0.70348671783351,2.42459985821064,0.0515395716521876,17.4883796816434,"216705"
"Q8CI71","Vps50",0.702773939106242,2.41974350681073,0.0518812232850378,17.9342713542335,"73288"
"Q9R0A0","Pex14",0.702160690595261,2.4155768074353,0.052176252316999,16.4664740485904,"56273"
"Q99JX4","Eif3m",0.702047516006991,2.41480900657098,0.0522308094420576,17.9926189402592,"98221"
"A2ALI5","Ajap1",0.701380731958086,2.41029271299015,0.0525529349527339,14.4539485950555,"230959"
"P62313","Lsm6",0.70119912743005,2.40906482139834,0.0526408745232081,16.9655008453261,"78651"
"Q9DCT5","Sdf2",0.699916819435644,2.40042086232217,0.0532643253846373,16.6619414460644,"20316"
"P61089","Ube2n",0.699798525333486,2.3996257490237,0.0533220610238234,21.0150377353396,"93765"
"Q8R420","Abca3",0.699324312373398,2.39644220885868,0.0535538858017192,15.1227603167414,"27410"
"Q9R0N0","Galk1",0.69910013464993,2.39493939081652,0.0536636875731986,16.5649963533314,"14635"
"P40630","Tfam",0.698978900141904,2.39412724790787,0.0537231241019841,17.4138390138524,"21780"
"Q9CPT5","Nop16",0.698345874274058,2.3898931908453,0.0540341120857232,14.456220267958,"28126"
"Q8VEF1","Gramd1a",0.697708452140055,2.38564078952558,0.0543483463131224,14.3356910273629,"52857"
"Q8C4G9","Adgra1",0.696642229039776,2.37855240163522,0.0548764089051478,16.0283127682792,"52389"
"Q9Z1R4","D17h6s53e",0.696279782542054,2.37614979842299,0.055056611873522,13.0171149085832,NA
"P62751","Rpl23a",0.695781433383772,2.37285207527646,0.0553049607003494,19.7716609980557,"268449"
"Q78ZA7","Nap1l4",0.695236977341567,2.36925684142027,0.0555770508186194,19.2749739904067,"17955"
"P55088","Aqp4",0.694783075781029,2.36626560545962,0.0558044969950449,19.9731195468755,"11829"
"Q8BVU0","Lrch3",0.694669555139129,2.36551835350706,0.0558614680150507,4.98016247260611,"70144"
"Q923D5","Wbp11",0.694516035064763,2.36450834772411,0.0559385682523733,14.8086502383005,"60321"
"Q9ERE9","Mapk8ip2",0.694389437838349,2.36367593628733,0.056002195213447,9.26888415561449,"60597"
"Q8VEB4","Pla2g15",0.693211200503088,2.35594897370763,0.0565964437300682,15.1314552722845,"192654"
"P61082","Ube2m",0.693202054125421,2.35588913380819,0.056601071398867,18.9854547389138,"22192"
"Q9Z315","Sart1",0.692498381978606,2.35129193634191,0.0569577763862059,19.1444652840837,"20227"
"Q8BGV7","Kctd13",0.692385377159793,2.35055486223723,0.0570151854097374,9.65746657684629,"233877"
"P70362","Ufd1",0.692353172386062,2.35034486740082,0.0570315524898092,17.1801908728785,"22230"
"Q9DAW6","Prpf4",0.692308233267166,2.35005188192616,0.0570543960932108,15.1392666704945,"70052"
"Q9CQW2","Arl8b",0.692108965087829,2.34875336375513,0.0571557545498842,20.5214155074214,"67166"
"P47968","Rpia",0.691596587268611,2.34541921588247,0.057416870426487,10.1261370499118,"19895"
"Q91VX9","Tmem168",0.691366414895329,2.34392364790221,0.057534401146888,8.51475687618921,"101118"
"Q9Z2D8","Mbd3",0.69131784937953,2.34360826336036,0.0575592180117967,15.4215076109821,"17192"
"P14211","Calr",0.690534729237742,2.33853106349146,0.0579602723528079,21.0166690863539,"12317"
"Q9R049","Amfr",0.688377048162486,2.32462320354143,0.0590738726973569,16.1684564542241,"23802"
"P29391","Ftl1",0.687443693263615,2.31864349727549,0.0595595028190688,15.1142909672256,"14325"
"P47809","Map2k4",0.686754971173718,2.31424505203523,0.0599193678300672,18.5465182564131,"26398"
"Q8CGQ8","Slc24a4",0.686746244988391,2.31418939905966,0.0599239356389883,16.3050590295927,"238384"
"O70494","Sp3",0.686625396309778,2.31341885731156,0.0599872163961982,7.15619449392858,"20687"
"Q8R092","Ltap1",0.685284598659699,2.30489407943827,0.0606919750750158,20.891417824217,NA
"Q8VE95","Q8VE95",0.684363126497354,2.29906101781594,0.0611791660649769,12.8211400405069,NA
"O35963","Rab33b",0.684151746225306,2.29772587508459,0.0612912514370896,24.0074217461364,"19338"
"A2AJT4","Pnisr",0.684106779762839,2.29744199356238,0.0613151108430544,11.1063546896735,"66625"
"Q8VD24","Zcchc18",0.68367405560994,2.29471264102588,0.0615449983659928,15.4439320767812,"66995"
"Q9CQS8","Sec61b",0.683509359646284,2.29367503701126,0.0616326285049375,17.2235966298254,"66212"
"Q9CZP5","Bcs1l",0.683487103087708,2.29353486851015,0.0616444762826081,20.5100860228078,"66821"
"Q9ES56","Trappc4",0.682279726123416,2.28594892111475,0.0622892246916412,19.989376365985,"60409"
"Q921Y4","Slc61a1",0.681703229175633,2.28233915558782,0.0625984844535942,16.9249626212115,NA
"Q8R5C5","Actr1b",0.681109824890213,2.27863181838588,0.0629177640689473,19.9170949045268,"226977"
"Q6P8J2","Sat2",0.680947793400085,2.27762097205016,0.0630051122635513,16.4127478430076,"69215"
"Q6P8I4","Pcnp",0.680515559896363,2.2749274978013,0.0632384731959519,19.2226962410393,"76302"
"Q3UD01","Atxn7l3b",0.680345010764146,2.27386593428943,0.0633306927501801,14.9155596486669,"382423"
"Q8BHI4","Kbtbd3",0.678930029566045,2.2650849835265,0.0640988790591137,15.0272737987554,"69149"
"Q9D115","Znf706",0.678543717955601,2.26269580722311,0.064309560397844,19.8500885660794,NA
"Q6IRU2","Tpm4",0.678207797743071,2.2606211093561,0.064493093061191,18.4943862246531,"326618"
"Q99JX7","Nxf1",0.677566956327942,2.25667044088988,0.0648440816390815,14.7532837467842,"53319"
"Q76N33","Stambpl1",0.676799401591307,2.25195111130045,0.0652659568350016,13.6860115735063,"76630"
"P55937","Golga3",0.675882708694565,2.24633255241663,0.0657719273458637,17.8726830702274,"269682"
"Q8BGE6","Atg4b",0.675721770112118,2.24534811832596,0.065860996432792,16.9492641717435,"66615"
"O35495","Cdk14",0.675556819746502,2.24433975796821,0.065952359800857,17.2101885650526,"18647"
"Q9D7V2","Lysmd2",0.675501518701449,2.24400183517617,0.0659830069384417,16.5667087867226,"70082"
"Q8R3L2","Tcf25",0.67499168315795,2.24088970902523,0.0662659482135037,13.4585722464673,"66855"
"Q91Z49","Fyttd1",0.674300378730188,2.23667927845961,0.066650742770667,15.0808005023712,"69823"
"P61961","Ufm1",0.674295074955143,2.23664701726055,0.0666537000566311,18.5122385813385,"67890"
"P62301","Rps13",0.673513209217598,2.23189810307952,0.0670905026829298,19.9794042892698,"68052"
"A2AFS3","Elapor1",0.673365101864926,2.23100007234515,0.0671734354139326,15.2549744113588,"229722"
"Q8BG75","Tmem198",0.672471193692663,2.22559038421152,0.0676752653102689,14.2425387654644,"319998"
"Q9WU56","Pus1",0.672360136914694,2.2249195430959,0.067737765458435,13.1388485954415,"56361"
"P83940","Eloc",0.670507389695232,2.21376824639793,0.0687854775138888,19.1904388576553,"67923"
"Q61070","Ei24",0.669097404086809,2.20533231960293,0.0695891777737358,16.3224063940027,"13663"
"Q9CWN7","Cnot11",0.668024201099275,2.19894028364171,0.0702046026532347,16.8170035032792,"52846"
"Q6ZQ82","Arhgap26",0.667944586371254,2.19846708518154,0.0702503847469726,17.5267709067194,"71302"
"P14231","Atp1b2",0.667632751432833,2.19661497314012,0.0704298733893982,21.3683962884604,"11932"
"Q9D920","Borcs5",0.667528960638327,2.19599898113489,0.07048967404764,15.2565127323048,"67774"
"Q8BTF8","Ralyl",0.66747485464668,2.19567795695758,0.070520859900696,15.2521881379561,"76897"
"Q9D850","Tmem68",0.66692993704091,2.19244831903951,0.0708353950384089,16.305013447323,"72098"
"Q8BP67","Rpl24",0.66667243603362,2.19092435850925,0.0709843156131935,19.6186936121621,"68193"
"Q9WTM5","Ruvbl2",0.666436772418019,2.1895308751734,0.0711207683838736,19.6271297840719,"20174"
"Q8BY71","Hat1",0.665553631078448,2.18431932958899,0.0716334933333887,15.1437990616916,"107435"
"Q9WVQ5","Apip",0.665518802387763,2.18411413873167,0.0716537582479913,16.2498234622124,"56369"
"P15116","Cdh2",0.665349771606775,2.18311866904957,0.0717521559459608,18.794752830025,"12558"
"Q64444","Ca4",0.665037429650442,2.18128078430382,0.0719341882947062,17.442203014396,NA
"Q8CF89","Tab1",0.664742356471497,2.17954639798969,0.0721064057234132,15.1293919533421,"66513"
"P63323","Rps12",0.664619967691917,2.1788275555483,0.0721779081716285,20.8612796305406,"20042"
"Q9CR24","Nudt8",0.664147136135681,2.17605335912317,0.0724545392987465,9.14807608495176,"66387"
"Q8C080","Snx16",0.664141918363168,2.17602277151206,0.0724575954395118,15.9302599791067,"74718"
"Q62283","Tspan7",0.663131977324927,2.17011298393452,0.0730505631583191,20.8693603267788,"21912"
"Q6ZWN5","Rps9",0.663054122767863,2.16965828923843,0.0730963919438034,19.902592787072,"76846"
"Q8BVG8","Nat14",0.661946435815088,2.16320263099142,0.0737502578471137,16.4297084697034,"269854"
"Q61701","Elavl4",0.661417678018596,2.16012991020502,0.0740635893056058,18.2792148139777,"15572"
"Q8K1N1","Pnpla8",0.661412243736604,2.16009836023331,0.0740668136038383,17.1276008106128,"67452"
"Q8BTV2","Cpsf7",0.660597186281826,2.15537319089451,0.0745513412802601,17.3907330121346,"269061"
"Q04519","Smpd1",0.660594295082665,2.15535645373239,0.0745530633141607,15.8489595597258,"20597"
"A2AWR3","Gpr155",0.65991084668304,2.15140473465117,0.0749607886664782,11.7710764643292,"68526"
"Q62086","Pon2",0.659772340759111,2.15060504365597,0.0750435762726151,16.0491623192716,"330260"
"Q6NZL0","Mtcl3",0.659498370998767,2.14902436855767,0.0752074910639008,18.0344097433346,NA
"Q8R1B5","Cplx3",0.659317324519173,2.14798064842681,0.0753159254217682,16.2923140700004,"235415"
"P21995","Emb",0.657940246676472,2.14006346237517,0.0761436999958312,17.1374647829375,"13723"
"Q9WVF8","Tusc2",0.65713452734972,2.13544874661329,0.0766304860129282,16.9500715570684,"80385"
"Q8BG16","Slc6a15",0.65547250727025,2.12597022436451,0.0776403612947344,14.0915200225244,"103098"
"Q62448","Eif4g2",0.65516658893618,2.1242314892418,0.0778270868581477,17.0255633772631,"13690"
"Q9CZX9","Emc4",0.654018473122477,2.11772228733928,0.0785302119913795,16.1664463881235,"68032"
"Q99N28","Cadm3",0.653943587223574,2.11729861508322,0.0785762018617843,20.3712256861517,"94332"
"P14148","Rpl7",0.652463233901691,2.10894565661772,0.0794885676891637,19.6009173704915,"19989"
"O89079","Cope",0.652307466781624,2.1080691860916,0.0795849274864095,20.2909488160326,"59042"
"Q9D1Q6","Erp44",0.652040003603018,2.10656530836152,0.0797505431662715,17.3644021162599,"76299"
"P61329","Fgf12",0.651831978713887,2.10539658306641,0.0798794931347737,18.9868478247361,"14167"
"Q60996","Ppp2r5c",0.651778325720053,2.10509528395452,0.0799127711600163,18.9567096803483,"26931"
"P35288","Rab23",0.651231243921983,2.10202616982037,0.080252558244791,16.8632025025939,"19335"
"Q9CQU5","Zwint",0.650717096752842,2.09914700570819,0.0805726573280478,19.8471542705397,"52696"
"Q9WV30","Nfat5",0.650470005704509,2.09776510743654,0.0807267565365571,9.6103250962015,"54446"
"Q80V94","Ap4e1",0.650321036403196,2.0969325295354,0.0808197447926125,13.5697104272951,"108011"
"Q9R1W5","Calcrl",0.649393132169168,2.09175596475082,0.0814003592129669,14.9177876907028,"54598"
"Q9JHQ5","Lztfl1",0.649141811912615,2.09035669180152,0.0815580342887013,18.9448807806958,"93730"
"Q9Z1G4","Atp6v0a1",0.647872798109164,2.08330924347271,0.0823569152440962,21.9081098219738,"11975"
"Q9JHE3","Asah2",0.647586679690211,2.08172442861173,0.0825376622100598,7.10638069625709,"54447"
"Q6ZQ29","Taok2",0.647113744419447,2.07910815548141,0.0828369314736463,16.4906558503666,"381921"
"Q920B0","Frmd4b",0.647006036987264,2.0785128968637,0.0829051759898364,14.1280261407134,"232288"
"Q5NCF2","Trappc1",0.646723311901283,2.07695139902507,0.083084469172734,17.0128081729008,"245828"
"Q6P9R4","Arhgef18",0.646401282595107,2.07517461556739,0.0832889623200169,15.1473401926363,"102098"
"Q8VD62","Bles03",0.646354132120278,2.07491462473876,0.0833189280987023,18.0797763145239,NA
"P70181","Pip5k1b",0.646291036098645,2.07456677297747,0.0833590376476586,16.4166037819837,"18719"
"P67984","Rpl22",0.646011760131199,2.07302798659377,0.0835367057073833,19.5194600973952,"19934"
"Q8C1E7","Tmem120a",0.645892914860365,2.07237359297423,0.0836123787420256,16.5935207249695,"215210"
"Q91YR5","Mettl13",0.645752562809682,2.07160111021418,0.0837017972672211,13.6486976856872,"71449"
"Q8R5K4","Nol6",0.645676224550703,2.07118110380801,0.0837504558522133,7.22164921948832,"230082"
"Q91X78","Erlin1",0.645118368176226,2.06811505598377,0.0841065372879258,15.6989153513259,"226144"
"Q9R0Q4","Morf4l2",0.64447706364665,2.06459736455361,0.0845169701149891,18.4452887685262,"56397"
"Q8BJ71","Nup93",0.644355973046963,2.06393399436852,0.0845945981369548,17.6421749801242,"71805"
"Q3TRR0","Map9",0.643517219332116,2.05934632855785,0.0851334390587922,15.7621734468704,"213582"
"Q8C180","Frs2",0.643026846504172,2.05667004461005,0.0854493909268949,10.3765305175362,"327826"
"Q91W67","Ubl7",0.642622038595597,2.05446399460873,0.0857107250033736,16.5420112718879,"69459"
"Q9CYV5","Tmem135",0.642528314632561,2.05395365259476,0.0857712969944409,11.2369293686188,"72759"
"Q8BM55","Tmem214",0.642169405070614,2.05200078334522,0.0860034831718969,13.9265860801682,"68796"
"P24668","M6pr",0.641959684362745,2.05086073165404,0.0861393246742836,18.2029714106671,"17113"
"Q9WVD5","Slc25a15",0.641773842358937,2.04985114009615,0.0862598033628598,15.385755272146,"18408"
"Q0KK59","Unc79",0.641708821581287,2.04949805805547,0.0863019784811574,12.055651649974,"217843"
"Q8BZX4","Srek1",0.641655990754673,2.04921122637537,0.0863362555149032,14.1278454740129,"218543"
"Q80TE0","Rpap1",0.641271732587519,2.04712648397253,0.0865858028353013,13.0450562555931,"68925"
"Q9JL35","Hmgn5",0.641256607734235,2.04704447961512,0.0865956338632469,16.032158129161,"50887"
"Q3UJU9","Rmdn3",0.640006943446415,2.04028297358558,0.0874101436205987,20.056749465074,"67809"
"Q6ZQ73","Cand2",0.639776520153731,2.0390392335297,0.0875608127196342,13.3885970216708,"67088"
"P03975","Iap",0.639654251822921,2.03837965223167,0.0876408226019439,10.01655788561,NA
"Q91X84","Crtc3",0.638871075436399,2.03416097792098,0.0881543222715255,7.13819268229165,"70461"
"Q8K386","Rab15",0.637751417303004,2.02814834835821,0.0888914616358866,17.1740225995949,"104886"
"Q6PAM0","Prkab2",0.636643754746378,2.02222146063582,0.0896242040473227,17.0581635278997,"108097"
"Q78WH7","Camk2n2",0.636447336346906,2.02117266548623,0.0897545026103159,9.77796540516165,"73047"
"Q91WZ8","Dtnbp1",0.636228252145206,2.02000362376408,0.0898999662987187,15.8679412941826,"94245"
"Q9JJK2","Lancl2",0.635905426804314,2.01828251118659,0.09011455864958,19.1616345523996,"71835"
"P70662","Ldb1",0.635720079467861,2.01729515351851,0.0902378987419905,14.3698623098369,"16825"
"P08003","Pdia4",0.635447283230978,2.01584301464365,0.0904196095757684,17.4669476361986,"12304"
"Q5DU02","Usp22",0.63491017698455,2.01298760860726,0.0907779965756325,15.6760144961703,"216825"
"Q4QQM5","Miga1",0.634860976425362,2.01272628951727,0.0908108669018823,14.7778711892486,"215708"
"Q8VCA8","Scrn2",0.634850005727225,2.01266802640578,0.090818197236945,14.0459161704549,"217140"
"Q3UHX2","Pdap1",0.634639244167712,2.01154911102009,0.0909590890457949,17.7558680861872,"231887"
"Q91VR8","Brk1",0.633561242718334,2.00583782109047,0.0916816962645745,19.1707209932664,"101314"
"Q6PAL7","Ahdc1",0.633512427736401,2.00557966054543,0.0917144961951693,11.2900930211023,"230793"
"P61022","Chp1",0.632953843992575,2.00262840627353,0.0920903042865775,16.8482261662677,"56398"
"Q8BH74","Nup107",0.632859587858557,2.00213092294673,0.0921538061579888,15.2249783559717,"103468"
"Q9R078","Prkab1",0.632642004872876,2.00098308804717,0.0923004918451867,16.0996235272832,"19079"
"Q80U78","Pum1",0.632237633456309,1.99885196912913,0.0925734606389069,17.4190433286918,"80912"
"Q91VK4","Itm2c",0.632139227117472,1.9983337598543,0.0926399597299504,17.0980474965227,"64294"
"P50543","S100a11",0.631796734101387,1.99653144138272,0.0928716178209965,15.5964285425874,"20195"
"Q8N9S3","Ahsa2",0.631527618924141,1.99511662852166,0.093053878336308,15.6998276034301,"268390"
"Q8R5K2","Usp33",0.631368427908313,1.99428028208875,0.09316178886013,12.6350728555524,"170822"
"Q9WUE4","Nprl2",0.631187563575268,1.99333057863289,0.0932844786075157,9.01106778161809,"56032"
"A6H630","Dcph1",0.630152075102296,1.98790370058781,0.0939886984302354,17.0588963488164,NA
"Q61187","Tsg101",0.629776624794221,1.98594036004172,0.0942447910647505,17.56631496417,"22088"
"Q99N84","Mrps18b",0.629648712102964,1.98527199392533,0.0943321313689565,17.7440409033675,"66973"
"Q9D7S9","Chmp5",0.629505595775539,1.98452450325108,0.0944299081733183,16.9938783358327,"76959"
"Q9WV55","Vapa",0.628685873715334,1.98024956491261,0.0949910656947204,20.5896914198026,"30960"
"P62774","Mtpn",0.628466592485547,1.97910784276007,0.0951415039532927,20.5835334887067,"14489"
"Q8CG80","Shf",0.628422568989729,1.97887872155908,0.0951717228750836,14.9908585803942,"435684"
"Q60899","Elavl2",0.628388555885927,1.97870172117134,0.0951950741770387,17.1651144608592,"15569"
"Q8K2J0","Plcd3",0.627660894105024,1.97491953600047,0.095695432347446,14.4904614089873,"72469"
"Q91X51","Gorasp1",0.627472677265765,1.97394262887105,0.0958251007608076,15.6523912113104,"74498"
"Q9Z1D1","Eif3g",0.62643674301652,1.96857598610746,0.0965405973212457,18.5725119203938,"53356"
"Q01768","Nme2",0.626255281306692,1.96763769677199,0.0966662441157732,20.1983397188358,"18103"
"Q9DCD2","Xab2",0.625046300048681,1.96139978147065,0.0975057606418929,18.9287906892188,"67439"
"Q8BHB4","Wdr3",0.624241309415253,1.95725917388065,0.0980670613820313,14.819613039005,"269470"
"Q8BKH7","Mapkap1",0.623226201419506,1.95205234698174,0.0987775116954978,18.6974474957168,"227743"
"Q9D1L9","Lamtor5",0.623156045909476,1.95169309329181,0.0988267207053118,16.6206445081106,"68576"
"Q5SVQ0","Kat7",0.622669254511081,1.94920244189844,0.0991685571735335,11.2656245664597,"217127"
"P47740","Aldh3a2",0.622435896963886,1.94800978745588,0.0993326666324412,17.2653147221123,"11671"
"Q922Q9","Chid1",0.621783472165374,1.94467984082389,0.0997923128638266,18.8865717706091,"68038"
"E9Q236","Abcc4",0.61972592177704,1.93422129264566,0.101249874327341,13.1963469268191,"239273"
"P61971","Nutf2",0.619720910360108,1.93419589897434,0.101253439189136,19.2242604192693,"68051"
"Q9CQ28","Dph6",0.61955671766852,1.93336412006526,0.101370277113394,13.2514044981725,"66632"
"Q9WTX5","Skp1",0.619306396360335,1.93209681721774,0.10154855186347,20.2807788720052,"21402"
"Q3UHD6","Snx27",0.618881977481685,1.92995029290076,0.101851226060526,18.2403074535561,"76742"
"P47758","Srprb",0.618642709801973,1.92874139017262,0.102022087114124,15.3616656993365,"20818"
"P54310","Lipe",0.618445456691741,1.9277454203796,0.102163068868023,15.9429254174612,"16890"
"Q8VIK2","Mpv17l2",0.617949466084397,1.92524367172389,0.102518058268352,12.8557495008511,"234384"
"P62900","Rpl31",0.617184189477837,1.92139095045148,0.103067163146221,19.8823999093252,"114641"
"Q91WC0","Setd3",0.616902743175183,1.91997625018588,0.103269529905443,17.2118551186767,"52690"
"Q7TQF7","Amph",0.616654594990486,1.91872991062243,0.103448142824132,20.9911917328101,"218038"
"Q99KW9","Itfg1",0.616313656624824,1.91701903137513,0.103693832398303,18.4856496125814,"71927"
"Q9D2C2","Saal1",0.61581739829797,1.91453183882664,0.10405204530882,15.9663267678415,"78935"
"P43006","Slc1a2",0.615573517906517,1.91331088287078,0.104228343639332,23.6673435447614,"20511"
"Q9DC16","Ergic1",0.614711484604527,1.9090023071105,0.104852864473957,17.217124311625,"67458"
"P23506","Pcmt1",0.614402894512766,1.90746260195823,0.105076948044726,20.4607875745718,"18537"
"Q9JHK4","Rabggta",0.614188940310136,1.90639590664594,0.10523247184622,17.5697463146029,"56187"
"Q8K4D3","Slc36a1",0.614141581424301,1.90615988430313,0.105266914879898,12.3524051909121,"215335"
"Q61699","Hsph1",0.613925721004657,1.90508451999349,0.105423986724348,20.0503990870792,"15505"
"Q9R1Q9","Atp6ap1",0.613778483154021,1.90435141025109,0.105531201725882,20.5335375694061,"54411"
"Q9CR27","Washc3",0.613676285035266,1.9038427446185,0.105605656466129,13.2218143014895,"67282"
"Q9Z306","Slc22a4",0.613495816611802,1.90294488286674,0.105737206919819,12.854981960351,"30805"
"Q5SZV5","Kiaa0319",0.613300695317859,1.90197465841008,0.105879543564642,7.97546854600126,NA
"Q9DAZ9","Zfyve19",0.612875709589823,1.8998633829337,0.106189939336256,12.2835146400756,"72008"
"Q8CGE9","Rgs12",0.612612142579453,1.89855534234583,0.106382700540277,15.3358859823589,"71729"
"Q3UHX0","Nol8",0.612517231205018,1.89808456086589,0.106452163331345,12.630569983037,"70930"
"Q8VDS4","Rprd1a",0.612474310593182,1.897871708254,0.106483584131331,18.6566812476917,"225283"
"Q9JJY4","Ddx20",0.612312504244009,1.89706951696812,0.106602084900559,11.1297888056879,"53975"
"Q8BL66","Eea1",0.612282163455643,1.89691913817273,0.106624313698596,18.0557732658475,"216238"
"O08811","Ercc2",0.612067255544805,1.8958543684388,0.10678183893368,13.7900245919043,"13871"
"Q5FWH2","Unkl",0.6107066956653,1.88912896837872,0.107782192156648,12.4906468564689,"74154"
"Q9D658","Ptp4a3",0.610488944326226,1.88805508221275,0.107942787548121,15.7321040667872,"19245"
"Q8VCS3","Fam20b",0.610341081606488,1.88732625548964,0.108051916506309,17.2174885958254,"215015"
"Q60751","Igf1r",0.609983395775615,1.8855644940791,0.108316163524317,16.8261952465551,"16001"
"Q9Z210","Pex11b",0.609968453749815,1.88549093794245,0.108327210218956,18.9178762696678,"18632"
"Q9JJG6","Tmem47",0.60956351994585,1.88349876097814,0.108626823487831,15.2905514253236,"192216"
"Q9ERF3","Skic8",0.608990033764112,1.8806813594754,0.109051955858762,16.9041068481688,"66317"
"Q9DCM2","Gstk1",0.608718462711009,1.87934883207621,0.109253604541192,17.3427918310461,"76263"
"Q80WS3","Fbll1",0.608401389377964,1.87779436480472,0.109489308052065,15.231952149391,"237730"
"Q8BUK6","Hook3",0.608359997954459,1.87759154676979,0.109520098607629,20.2374325427935,"320191"
"Q3TKY6","Cwc27",0.608158363954775,1.87660388759022,0.109670162003638,12.1287594490995,"67285"
"Q8K221","Arfip2",0.608065048485968,1.8761469977359,0.109739650341354,17.0670988162853,"76932"
"Q8BWW9","Pkn2",0.607863463510584,1.87516042135376,0.109889848132299,12.2795196062713,"109333"
"Q9CQE5","Rgs10",0.607127614910791,1.87156398220962,0.110439108795532,15.282531188051,"67865"
"Q923B0","Ggact",0.606939996901654,1.87064822603621,0.110579401860377,15.3860866614713,"223267"
"Q64707","Zrsr2-ps1",0.606823184911788,1.87007832143083,0.110666800205274,13.0612248922886,"22183"
"Q9CQA1","Trappc5",0.606606395462602,1.86902115302803,0.110829105327654,16.7538517248282,"66682"
"P49282","Slc11a2",0.606274972445376,1.86740625170044,0.111077495108243,10.4244582605639,"18174"
"Q3U1N2","Srebf2",0.605463484049951,1.86345865861855,0.11168701044459,9.66765759591001,"20788"
"Q6PFR5","Tra2a",0.604848455786701,1.86047288687532,0.112150224769473,17.5435588382054,"101214"
"Q8VDP3","Mical1",0.604466620268499,1.85862183639407,0.11243835527726,16.1888655204193,"171580"
"Q6GQT6","Scap",0.604344867894857,1.85803203364937,0.112530316995974,11.4840269018903,"235623"
"Q9JHJ0","Tmod3",0.603300740772147,1.85298239180338,0.113320715998276,16.4853460715918,"50875"
"Q8R5I6","Gstm4",0.601647494272255,1.84501750730094,0.11457863244527,17.8216895295237,"14865"
"Q8BPG6","Sumf2",0.60134982738861,1.84358739010966,0.114805956044798,12.0958515430706,"67902"
"Q6PHS6","Snx13",0.601338222134531,1.84353165794698,0.11481482396483,15.5409213390513,"217463"
"Q9JKY0","Cnot9",0.60059835977378,1.8399823675892,0.115380975241732,15.6569746965623,"58184"
"Q9JIY5","Htra2",0.600442206644714,1.8392342110935,0.115500666875441,16.5443429963365,"64704"
"Q810B8","Slitrk4",0.600356266467922,1.83882259731589,0.115566570121242,14.3680990379236,"245446"
"P42337","Pik3ca",0.600322535967734,1.83866107101107,0.115592442175822,17.6069846414552,"18706"
"Q8R1C3","Vopp1",0.600079040882802,1.83749549332813,0.115779305598303,19.4885935686945,"232023"
"P06800","Ptprc",0.599887459930826,1.83657898261712,0.115926449011253,9.97534157167412,"19264"
"Q8C0C7","Farsa",0.598558207147426,1.83023348268447,0.11695029062958,19.1543342442832,"66590"
"Q3TY60","Fam131b",0.598149835789122,1.82828876594846,0.117265856009066,16.9794655137959,"76156"
"P04627","Araf",0.597951311831619,1.82734417090303,0.117419437210796,16.7520841343162,"11836"
"Q9QYJ3","Dnajb1",0.597828913726073,1.82676205048312,0.117514182863242,16.6766549756462,"81489"
"O09061","Psmb1",0.597754961942838,1.82641043516889,0.11757144821295,19.2030580661737,"19170"
"Q5XKN4","Jagn1",0.597697724044178,1.8261383384383,0.117615781806194,16.8825126800888,"67767"
"Q99PI5","Lpin2",0.597550836548115,1.82544026545289,0.117729596658033,16.0697723751807,"64898"
"P31648","Slc6a1",0.596925057359771,1.82246949143332,0.11821517434669,21.0873008769039,"232333"
"O88622","Parg",0.596236396172766,1.81920616818534,0.118750850032743,12.6125841126934,"26430"
"O70370","Ctss",0.595893336971321,1.81758285810753,0.119018208953223,13.7803399822251,"13040"
"P62270","Rps18",0.595767678924801,1.81698864736878,0.119116223866483,19.8454917988428,"20084"
"Q9CR00","Psmd9",0.595441016413549,1.81544489576412,0.11937123782182,17.4719116593051,"67151"
"Q8K3M5","Cables2",0.595191956168548,1.814268816731,0.119565877068299,15.0633842073842,"252966"
"Q8JZX4","Rbm17",0.594996018811888,1.81334415661255,0.119719126730095,15.3574630874369,"76938"
"Q99KI3","Emc3",0.594903129431359,1.81290597149884,0.119791817528498,16.6152558287873,"66087"
"Q9CWZ3","Rbm8a",0.594395177182117,1.81051180556396,0.120189756638924,16.9729611416953,"60365"
"Q62241","Snrpc",0.593933768509778,1.80833992138839,0.120551877384215,17.5449825540844,"20630"
"Q8WUR0","Q8WUR0",0.592970832212931,1.80381618168013,0.121309582098713,17.0998160947259,NA
"Q8BS95","Gphr",0.592932765678793,1.80363759615663,0.121339590410129,14.1455658238831,NA
"Q8K0S5","Rtn4rl1",0.592550043519948,1.80184312705529,0.12164152713465,14.3171135086404,"237847"
"Q9D6N5","Drap1",0.592054258397837,1.79952133490609,0.122033289369208,17.6114145764922,"66556"
"Q7TQA1","Igsf1",0.591675474255305,1.79774958593394,0.122333076801121,14.7877789740953,"209268"
"Q8BJ83","Tm2d3",0.591225711052493,1.79564821369385,0.12268957774575,8.38950167874996,"68634"
"Q80UU2","Rpp38",0.591168920137174,1.7953830599094,0.122734634063226,7.85254312153082,"227522"
"P57784","Snrpa1",0.591014445593516,1.79466203406982,0.122857236892539,16.8372532215047,"68981"
"Q9QXT0","Cnpy2",0.590505000839288,1.79228629704938,0.123262059055673,17.1593743491405,"56530"
"Q6PGF7","Exoc8",0.59046346573097,1.79209274802788,0.123295097273347,17.1367700277706,"102058"
"Q9CQE2","Tmem223",0.590142405504192,1.79059737998309,0.123550645697046,12.3721178726115,"66836"
"O35215","Ddt",0.590099904867068,1.79039952705236,0.123584496435776,19.714198429304,"13202"
"Q8C561","Lmbrd2",0.589627042492002,1.7881997532184,0.123961471474172,15.5077719547821,"320506"
"Q9CY58","Serbp1",0.589607307181013,1.78810800513204,0.123977218868153,20.406996492669,"66870"
"Q62384","Zpr1",0.589371485884302,1.78701206799559,0.124165474650475,13.6919271459511,"22687"
"Q61160","Fadd",0.58883281589531,1.78451131977392,0.124596095864671,13.2165179263275,"14082"
"Q3UJP5","Cfap418",0.588362638878939,1.7823315222601,0.124972646960643,19.1434766858447,"67157"
"Q91WR3","Ascc2",0.587524153211254,1.77845105845764,0.125645748699909,11.3080131096188,"75452"
"Q9JKV5","Scamp4",0.587424396196578,1.77798997188732,0.125725964548388,17.8056460296793,"56214"
"Q8BHJ7","Gabra5",0.587325340970507,1.77753225149893,0.125805644491881,16.4432915176058,"110886"
"P62874","Gnb1",0.586591398489238,1.77414459964181,0.126396909287647,23.4896729071409,"14688"
"Q9CQL6","Mrpl35",0.586426465462848,1.77338423785925,0.126529993398838,14.6160162379861,"66223"
"Q8K0G5","Eipr1",0.586126152319983,1.77200062003502,0.126772517033902,17.1076864038143,"380752"
"O88829","St3gal5",0.585539147217887,1.76929935136005,0.127247315796924,12.372303185228,"20454"
"Q4ZJN1","C1qtnf9",0.585262967954142,1.76802990102318,0.12747104723128,12.0604691963251,"239126"
"Q8BMP6","Acbd3",0.585068674895459,1.76713739927504,0.127628574962867,15.8777650507773,"170760"
"Q3UKC1","Tax1bp1",0.585052542022372,1.76706331235608,0.127641659973117,16.4148628224767,"52440"
"Q8BJI1","Slc6a17",0.584735928785247,1.76560997596709,0.127898609866118,19.5418588509686,"229706"
"P61514","Rpl37a",0.584671920916847,1.76531631241306,0.127950591096763,18.0798357430073,"19981"
"P63080","Gabrb3",0.584663861986902,1.76527934216557,0.127957136647342,18.2493262980072,"14402"
"Q99J93","Ifitm2",0.583149411627021,1.75834586970979,0.129190517091344,6.09444850260028,"80876"
"Q8R326","Pspc1",0.582708666482728,1.75633327595767,0.129550707054656,18.3773622825369,"66645"
"Q9JKD3","Scamp5",0.582577558064907,1.75573504299232,0.129657960932392,21.4750450798026,"56807"
"P62889","Rpl30",0.582137715808196,1.75372960681631,0.130018138455352,21.1004390952659,"19946"
"Q8BPE4","Tmem177",0.58203408816166,1.75325746155021,0.130103078223706,14.6788349275674,"66343"
"O55074","Akap7",0.581365600947907,1.75021482054691,0.130651757521148,17.6097011401665,"432442"
"Q9Z2P8","Vamp5",0.580730712409062,1.74733006229771,0.131174054083747,7.88972977514166,"53620"
"Q8C460","Eri3",0.580047717171188,1.74423209102173,0.131737225167268,18.3331597895652,"140546"
"E9Q5C9","Nolc1",0.579477462057657,1.74164974103219,0.132208466672047,16.2311070760892,"70769"
"Q920A5","Scpep1",0.578988788365986,1.73943989013533,0.13261303865654,14.600782725656,"74617"
"Q9WUB0","Rbck1",0.578965175034246,1.73933317882938,0.132632605547243,13.1671212467918,"24105"
"Q64727","Vcl",0.578544489836229,1.7374331575256,0.132981470830101,19.3339944269999,"22330"
"Q62148","Aldh1a2",0.577354418749187,1.73206948068756,0.133971138274113,16.7061744818914,"19378"
"Q8K2F0","Brd3",0.576503555429787,1.72824477939454,0.134681225805807,15.5042742219262,"67382"
"Q61672","Slc29a2",0.576002146666,1.72599485147276,0.135100654888853,14.419425843091,"13340"
"Q8BXC6","Commd2",0.575893660545276,1.72550843508164,0.135191499170433,15.92368453164,"52245"
"Q62179","Sema4b",0.57584117958455,1.7252731765208,0.135235457954508,15.2771602658692,"20352"
"O35709","Enc1",0.575023193984438,1.72161047692227,0.135921641803484,13.43266244078,"13803"
"Q6P2L7","Golm2",0.574295378916309,1.71835802050659,0.136533808109386,16.2868104385548,"319996"
"P46638","Rab11b",0.574229270989449,1.7180628993223,0.136589487334486,20.8143117508313,"19326"
"Q61183","Papola",0.574200744876274,1.71793556759533,0.136613517273516,17.639543158906,"18789"
"Q6A051","Atrnl1",0.572856515812618,1.71194590146174,0.137748537523328,14.6657387857233,"226255"
"Q9D832","Dnajb4",0.572569297023648,1.71066877278646,0.137991731363241,18.2961026886239,"67035"
"P68373","Tuba1c",0.572303036223427,1.70948567157718,0.138217392347181,26.2078983509067,"22146"
"Q9QX47","Son",0.572222985246498,1.7091301309329,0.138285277049727,14.7088897293799,"20658"
"Q8K211","Slc31a1",0.571467554236878,1.70577851085941,0.138926807324768,14.2247194792649,"20529"
"O70251","Eef1b",0.571294688685869,1.70501246486162,0.139073840515063,20.5171299255906,NA
"Q9DC11","Plxdc2",0.570925230973449,1.70337635830343,0.139388377047074,14.4538226224968,"67448"
"Q8CBC7","Ftsj1",0.570525015741141,1.70160577734327,0.13972954341352,9.96510752873787,"54632"
"O70443","Gnaz",0.569776953215871,1.69830111075749,0.140368474286071,19.6922391282176,"14687"
"Q9D1Q4","Dpm3",0.569721147042664,1.69805483040379,0.140416203869965,14.0816804805789,"68563"
"Q3UVC0","Ksr2",0.568957701401728,1.69468912653911,0.141070061796172,15.9699321879945,"333050"
"P57746","Atp6v1d",0.568413638537265,1.69229454260495,0.141537054384369,20.6649741958503,"73834"
"Q9WVJ3","Cpq",0.568317838129279,1.69187323616133,0.141619372447588,12.7954473312033,"54381"
"G5E8V9","Arfip1",0.568244692737292,1.69155162928676,0.141682241648937,16.2168167344743,"99889"
"P20029","Hspa5",0.56784367184008,1.68978946563633,0.142027197504758,23.5351402215638,"14828"
"Q8BG92","Clvs2",0.567756973071287,1.68940872802982,0.142101836292661,16.014775212162,"215890"
"Q9CX00","Ist1",0.567618154126375,1.68879927743357,0.142221390398512,19.32817112742,"71955"
"Q8VHE0","Sec63",0.567445561226785,1.68804184689172,0.142370108964933,19.0081025126337,"140740"
"Q8C7V3","Utp15",0.567370186324864,1.68771116422213,0.142435084415697,6.2532415832631,"105372"
"Q9R0E2","Plod1",0.567329207542449,1.68753140950287,0.142470416247585,7.37123893967733,"18822"
"O35239","Ptpn9",0.567070701062559,1.68639788864837,0.142693411759371,17.8470922597901,"56294"
"Q9CZV8","Fbxl20",0.567060021635757,1.68635107641083,0.142702628303498,15.1498863401976,"72194"
"Q9JJF0","Nap1l5",0.566585989307096,1.68427446296393,0.143112058508439,18.4763156302887,"58243"
"Q9ET43","Cldn12",0.566532418080653,1.68403993625026,0.143158369710866,15.2318576886318,"64945"
"Q9CPR1","Rwdd4",0.5664466006825,1.68366430620988,0.143232574309431,14.911850432971,NA
"P56873","Znrd2",0.566317226096044,1.68309817508605,0.143344482105722,17.9469786096501,"56390"
"Q09143","Slc7a1",0.5662742544999,1.68291017591711,0.143381662814675,14.3150696107162,"11987"
"Q8CIF6","Sidt2",0.565731509565309,1.68053742374674,0.14385172558326,10.032172292239,"214597"
"Q9CX56","Psmd8",0.565673792270812,1.6802852865655,0.143901763609216,19.057459498668,"57296"
"Q9ERT9","Ppp1r1a",0.565623087546013,1.68006381366019,0.143945730015884,14.9660528569893,"58200"
"Q3UBX0","Tmem109",0.565422030966151,1.67918589539664,0.144120140539533,17.7426161529314,"68539"
"O88697","Stk16",0.565249474565559,1.67843277472179,0.144269921010953,12.0661745666983,"20872"
"Q6ZPY2","Smg5",0.565047927733227,1.67755353551106,0.14444497418999,14.8873533590426,"229512"
"Q60991","Cyp7b1",0.564891819102382,1.6768728216819,0.144580642625543,15.4951449329476,"13123"
"Q9DBY1","Syvn1",0.564600070879667,1.67560135824452,0.144834379047752,14.4375091108921,"74126"
"Q8BZJ8","Q8BZJ8",0.563887240941115,1.67249866021141,0.145455367382371,10.7843871497912,NA
"Q60953","Pml",0.56347456390768,1.67070492869632,0.145815544633811,13.2399932133425,"18854"
"Q922R1","Phaf1",0.563238633421482,1.66968026281889,0.14602168129583,16.7573711041803,"234678"
"P50571","Gabrb1",0.562865820474281,1.66806232391279,0.146347741875951,18.6548419440389,"14400"
"Q99K67","Aass",0.56172157785875,1.66310581526364,0.147350994580565,13.1806043524644,"30956"
"Q60864","Stip1",0.561719179209906,1.66309543972946,0.147353101641307,20.5081425226205,"20867"
"Q8CGB6","Tns2",0.561149679416478,1.66063375828476,0.147853840634787,12.7843290107637,"209039"
"P00416","mt-Co3",0.561069886599812,1.66028912644051,0.147924074045482,17.6846954846336,NA
"Q9QWI6","Srcin1",0.560864639836005,1.65940295876496,0.148104816006461,19.3081767740575,"56013"
"Q9D6Y4","Borcs8",0.560700172146397,1.65869317985663,0.148249735244609,15.1611341947557,"72368"
"Q5M8N0","Cnrip1",0.560040837984189,1.65585062087031,0.148831484659403,21.22687506339,"380686"
"Q8R3H9","Ttc4",0.559694238888646,1.65435818252142,0.14913780154523,11.716665346656,"72354"
"P05480","Src",0.559677486733573,1.65428608062927,0.149152615516128,20.8660969335927,"20779"
"Q9D853","Eef1akmt2",0.559672504496806,1.65426463746854,0.149157021476128,15.4463931965012,"72096"
"Q5HZI9","Slc25a51",0.559666027316707,1.65423676057814,0.149162749571918,18.8459392596233,"230125"
"Q8R191","Syngr3",0.5589341772092,1.6510898172707,0.149810740196257,21.6025551297773,"20974"
"P41105","Rpl28",0.558497599337399,1.6492152133813,0.150198027710902,20.1762392507762,"19943"
"Q9R0T7","Try4",0.558485297840628,1.64916242136284,0.150208948306266,9.15747996884351,"22074"
"O88543","Cops3",0.558107262570126,1.64754084895023,0.150544759967461,18.4745554152221,"26572"
"Q9D9Z5","Dda1",0.557729644796235,1.64592255493834,0.150880611948864,10.9705313656116,"66498"
"Q8R0J7","Vps37b",0.557161803457872,1.64349184285135,0.151386421700742,14.7153468916196,"330192"
"Q810U4","Nrcam",0.557138338091594,1.64339146858389,0.151407343677176,21.0893548056864,"319504"
"O55026","Entpd2",0.556801978134805,1.64195329920356,0.151707420254522,16.7912135565661,"12496"
"Q9CPY6","Gid4",0.556345771933047,1.64000457516379,0.152114936082959,15.0967108725427,"66771"
"A2ABV5","Med14",0.556136881760134,1.63911300002856,0.152301731784299,11.5073087939489,"26896"
"Q920V1","B3galnt1",0.556110324718192,1.6389996827563,0.152325488874993,12.0543223649974,"26879"
"Q99MJ9","Ddx50",0.556051305636433,1.6387478779703,0.152378292756235,19.4262094586377,"94213"
"P01831","Thy1",0.555549394116477,1.63660792249395,0.15282775434952,23.6657426990028,"21838"
"Q8BGR6","Arl15",0.555130303330545,1.63482306512467,0.153203605949647,18.7761497102796,"218639"
"Q3UZV7","Elapor2",0.554661620878528,1.63282913438258,0.153624531901502,16.2661413545559,"231014"
"P62264","Rps14",0.554364847262926,1.63156772200211,0.153891392846819,19.1954319162257,"20044"
"Q8BVI5","Stx16",0.554211114698183,1.6309146474629,0.154029729993131,16.6718232724504,"228960"
"Q8CCT4","Tceal5",0.554085010670374,1.63037912213806,0.154143256252714,18.1971666358619,"331532"
"P35330","Icam2",0.55375520012554,1.6289792828234,0.15444038760422,9.3372234885275,"15896"
"P97429","Anxa4",0.553559540278734,1.62814935195553,0.154616808578338,15.0068601552327,"11746"
"P61087","Ube2k",0.553476488461306,1.6277971883954,0.154691727390276,17.6622117277749,"53323"
"Q8JZP2","Syn3",0.553334511764643,1.62719532852872,0.154819846749071,20.9269811656755,"27204"
"Q9QXN3","Trip4",0.553022816094848,1.62587472199929,0.155101323595999,13.4932350915378,"56404"
"Q8CI08","Slain2",0.55133612996813,1.61874550705431,0.156629337736779,12.3527023642503,"75991"
"O09012","Pex5",0.550751447830873,1.6162808671766,0.15716092819824,14.8996240413917,"19305"
"O35988","Sdc4",0.549312777351304,1.61023088433194,0.158473149274809,16.0136527381924,"20971"
"O88520","Shoc2",0.549285244744568,1.61011530309847,0.158498320022303,16.2279633112692,"56392"
"Q9DCF9","Ssr3",0.548589933742521,1.60719889019424,0.159134707284751,16.9085776354971,"67437"
"Q8BHL8","Psmf1",0.548103846596075,1.60516288016207,0.159580427106308,16.3139872062682,"228769"
"Q7TMK9","Syncrip",0.547367213983826,1.60208187188558,0.16025718082708,20.1681024167344,"56403"
"P42669","Pura",0.547229823189005,1.60150781592904,0.160383576136844,24.0861006309314,"19290"
"P43406","Itgav",0.547041816807922,1.60072257377543,0.160556624177157,19.9573866589974,"16410"
"Q9CWT3","Snx10",0.546928383986166,1.60024896860115,0.160661081103279,13.7476609910511,"71982"
"Q8BX80","Engase",0.546540853697337,1.59863189875406,0.161018225330391,12.2864270568435,"217364"
"Q8BH16","Fbxl2",0.54635457656699,1.59785513085067,0.161190050195313,7.00684443362852,"72179"
"Q923D4","Sf3b5",0.546195579025355,1.59719238509634,0.161336790853654,16.3644461244932,"66125"
"Q91X88","Pomgnt1",0.546035723437265,1.59652631079455,0.16148439666688,10.096497095351,"68273"
"Q61990","Pcbp2",0.546029022081454,1.59649839351461,0.161490586100148,20.1890147753636,"18521"
"O88712","Ctbp1",0.545950938495891,1.59617313609991,0.161562714325115,20.0986141167254,"13016"
"Q59J78","Ndufaf2",0.545642954061013,1.59489080352623,0.161847379951268,17.0605658682576,"75597"
"Q9Z0V7","Timm17b",0.545588074594571,1.59466240249426,0.161898132876461,18.7834267917175,"21855"
"Q922M7","AI597479",0.545499775255366,1.59429497370478,0.161979810906934,10.5193612086381,"98404"
"Q8CHY3","Dym",0.545081523220581,1.59255558102923,0.162367003869802,16.2541156636216,"69190"
"Q8CAK3","Shfl",0.544932118907728,1.59193466076394,0.162505435387496,18.5694741702409,"319278"
"Q8R361","Rab11fip5",0.544033939198935,1.58820638949257,0.163339001217427,18.8643065255525,"52055"
"Q3TD49","Sppl2b",0.543996582526364,1.58805149322014,0.163373720700534,11.4356393789673,"73218"
"Q64433","Hspe1",0.543980983947584,1.58798681900657,0.16338821928608,21.6519496507245,"15528"
"Q9WVJ5","Crybb1",0.543528909920991,1.58611346249781,0.163808717239344,13.6929913243192,"12960"
"Q9ER00","Stx12",0.543464595835638,1.58584710965461,0.163868586866299,18.6760010455669,"100226"
"Q3UHK1","Slc2a13",0.542870113537858,1.58338697205475,0.164422549549186,17.3699362668953,"239606"
"P23780","Glb1",0.542414358562176,1.58150321373785,0.164847927754507,17.877783108913,"12091"
"Q6ZPZ3","Zc3h4",0.541594005144295,1.57811745365682,0.165615106178848,15.3940788555993,"330474"
"Q99LJ1","Fuca1",0.540950069268201,1.57546427451369,0.166218655705773,12.3157404178469,"71665"
"P61600","Naa20",0.540745907601586,1.57462389509705,0.166410261239507,15.2544910433388,"67877"
"Q9CZB0","Sdhc",0.539963401490273,1.57140654649801,0.167145750241382,19.8636556955057,"66052"
"Q8R5F8","Eps8l1",0.53967587326412,1.57022579304099,0.167416443616696,12.3459916610326,"67425"
"P62315","Snrpd1",0.539527887828747,1.56961838345167,0.16755585691243,18.2937202806081,"20641"
"P21126","Ubl4a",0.539444638131615,1.56927677337129,0.167634311934585,16.9435311202253,"27643"
"Q8BHC9","Pofut4",0.539094468774858,1.56784058500548,0.167964531340773,18.0422013210306,NA
"Q9D1K2","Atp6v1f",0.539063227050995,1.56771250558543,0.167994010241062,20.0452447798172,"66144"
"Q62392","Phlda1",0.538856437465149,1.56686497530269,0.168189202249661,17.0808946808346,"21664"
"Q9CRC8","Lrrc40",0.538524591012627,1.56550573157354,0.168502693751313,15.3711411187679,"67144"
"P10649","Gstm1",0.538388792689344,1.56494979731632,0.168631071911362,23.0270949622448,"14862"
"Q8R1G1","Tasp1",0.538192568120473,1.56414679195845,0.16881666797225,12.6276261775623,"75812"
"O08795","Prkcsh",0.538143814986704,1.56394733616245,0.16886279751437,20.1003161085398,"19089"
"Q9D1M4","Eef1e1",0.538011402098574,1.56340572826231,0.168988119151433,16.8484872336623,"66143"
"Q9D8L5","Ccdc91",0.537893526958558,1.56292372109698,0.169099723889968,12.7679039858396,"67015"
"Q99M04","Lias",0.537546984574178,1.56150740982045,0.169428062554956,15.0993585420228,"79464"
"P21279","Gnaq",0.537491860814368,1.56128222283152,0.169480322424599,20.0771719159483,"14682"
"P61226","Rap2b",0.536809181303171,1.55849572738275,0.17012825599731,20.7353459419017,"74012"
"Q9CXI5","Manf",0.535680131477497,1.55389670992348,0.171202772226316,18.7639490540277,"74840"
"Q8BGC4","Ptgr3",0.535182568219957,1.55187367430319,0.171677462328139,16.8434758903098,"225791"
"Q07646","Mest",0.535120615887443,1.55162194175878,0.171736616334636,14.7598171424169,"17294"
"Q80VP1","Epn1",0.534862958362135,1.55057537134711,0.171982753650929,19.6781602358511,"13854"
"Q8R2N2","Utp4",0.534853310600524,1.55053619520349,0.171991973741284,13.2690699211527,"21771"
"Q91W34","Rusf1",0.534772552648691,1.55020829906817,0.172069162264855,15.4207306571585,"233913"
"O88998","Olfm1",0.534651384347695,1.54971643906896,0.172185010070762,19.8318967042957,"56177"
"Q9CWQ0","Dph5",0.534448173190533,1.54889184187898,0.172379392615844,13.1889927220038,"69740"
"Q8C754","Vps52",0.534152692268358,1.54769350002511,0.172662247185819,17.2712441341317,"224705"
"Q8VEG4","Exd2",0.534079016916351,1.54739482857411,0.172732813213423,14.2018574136743,"97827"
"Q8BXZ1","Tmx3",0.533793904218795,1.54623947888017,0.173006039719428,17.2354590534889,"67988"
"Q8R1B4","Eif3c",0.533722692730009,1.54595102682937,0.173074318761342,17.2308375066518,"56347"
"P62878","Rbx1",0.53353888661964,1.54520670707866,0.173250622935746,17.974254569822,"56438"
"Q8CEC6","Ppwd1",0.533353771812254,1.54445739711764,0.173428280135645,11.8642306590847,"238831"
"Q8K2Q0","Commd9",0.533243200357982,1.54400997260392,0.173534443855309,17.016936765158,"76501"
"Q8BLF1","Nceh1",0.533110309690846,1.54347238027637,0.17366208337227,18.5723474083308,"320024"
"Q9JJI8","Rpl38",0.532986724055433,1.54297257350484,0.173780830901899,19.4525540099009,"67671"
"P97352","S100a13",0.532588849513204,1.54136442005949,0.174163426401557,17.8730954646217,"20196"
"O35874","Slc1a4",0.532553787615865,1.54122277319578,0.174197163582277,20.5607816010605,"55963"
"P36895","Bmpr1a",0.532128496053972,1.53950551542036,0.174606666771534,15.7122329391664,"12166"
"Q8BG18","Necab1",0.531507204972445,1.53699976469062,0.175205823358174,17.2795227013229,"69352"
"Q8K135","Kiaa0319l",0.530985471982819,1.53489821636983,0.175709821618367,15.5668488491568,NA
"Q9QYI4","Dnajb12",0.530981788249712,1.53488338688854,0.175713382901685,14.8263968812442,"56709"
"Q9CWS4","Ints11",0.530770162507903,1.53403165559177,0.175918039206566,11.5336004296417,"71957"
"Q7TMS5","Abcg2",0.530700570916354,1.53375165723407,0.17598536692883,16.1989873986712,"26357"
"P05532","Kit",0.530672154581456,1.53363733792071,0.176012862839527,17.5501089813235,"16590"
"Q99KJ8","Dctn2",0.530540842565826,1.53310916131843,0.176139951555125,19.6481066174871,"69654"
"Q8C2E4","Ptcd1",0.530330707634606,1.53226425468208,0.17634343062537,12.235143160858,"71799"
"P70205","Adcyap1r1",0.530214667656667,1.53179785171379,0.176455849229744,17.5929494246195,"11517"
"Q8BVP5","Csnk1g2",0.530089776121385,1.5312960052006,0.176576886161372,13.3215801985728,"103236"
"Q5SYH2","Vma12",0.529972274023083,1.530823977907,0.176690802428721,11.3661117260083,NA
"Q6P1D5","Sez6l",0.52966899033695,1.52960619864703,0.176985013142038,16.5023331498778,"56747"
"Q8BTI8","Srrm2",0.529466066055746,1.528791849341,0.177182013575075,18.2151945919046,"75956"
"Q9R0N3","Syt11",0.529337330690674,1.52827541440683,0.177307051854176,16.83929390219,"229521"
"Q9Z0V8","Timm17a",0.529228608974534,1.52783938048014,0.177412688133749,12.6884390230467,"21854"
"Q9CZ52","Antxr1",0.528986894325393,1.52687034615038,0.177647664132864,9.71786496013324,"69538"
"Q60973","Rbbp7",0.528764511701899,1.52597926970521,0.177863994497797,17.9549647233602,"245688"
"O35685","Nudc",0.5286292351406,1.52543743647426,0.177995658551782,21.5190801835746,"18221"
"Q6PHZ5","Rbm15b",0.527594779994464,1.52129938056868,0.179004217163147,11.5981379318156,"109095"
"Q8JZP3","Klhl2",0.527353613242933,1.52033600871403,0.179239785831886,10.3044238564214,"77113"
"Q80V26","Bpnt2",0.5268068572648,1.51815380520633,0.179774465226321,16.3356136553105,"242291"
"Q9CWV6","Prkrip1",0.526573935929795,1.51722496614139,0.180002501072587,5.73823357791748,"66801"
"Q8CJ61","Cmtm4",0.525583768461345,1.5132816654122,0.180973628071232,20.2458216190222,"97487"
"Q8VDL4","Adpgk",0.52543271455651,1.51268084768366,0.181122023215918,13.7422789356529,"72141"
"Q61136","Prp4k",0.525260496902268,1.51199609206446,0.181291289009826,15.2680231765408,NA
"Q8R3C6","Rbm19",0.524973681435841,1.5108562527906,0.18157337615421,5.57289878139096,"74111"
"P97765","Wbp2",0.524883889363523,1.51049955435618,0.181661736178122,21.2987175075004,"22378"
"Q8K1R3","Pnpt1",0.524770611278418,1.51004965717729,0.181773240451865,17.9020503450968,"71701"
"Q8BIL5","Hook1",0.524316076036568,1.50824552991408,0.182221026176727,15.0823500129541,"77963"
"P04247","Mb",0.524113676464426,1.50744274418829,0.182420609831454,13.5654587405856,"17189"
"P19426","Nelfe",0.523460441758275,1.50485419300247,0.183065553019765,11.0564089237676,"27632"
"Q9CR29","Ccdc43",0.523363668615933,1.5044710244931,0.183161201262751,14.5860250093417,"52715"
"P05063","Aldoc",0.523240181504752,1.50398219975537,0.183283291708897,23.4545390206332,"11676"
"P09581","Csf1r",0.523157747857991,1.5036559581082,0.183364817202324,19.3101000248048,"12978"
"Q3UJ81","Cnep1r1",0.522983069799722,1.50296483945766,0.183537634864622,8.38653159517163,"382030"
"Q9EQJ0","Tpcn1",0.522606982559704,1.50147772417212,0.183910011728347,9.17578014720449,"252972"
"Q8VE88","Fam114a2",0.522361098670428,1.5005061079608,0.18415368765387,16.6789063172699,"67726"
"Q8BSZ2","Ap3s2",0.522317322212212,1.5003331782128,0.184197089074475,16.2390369086699,"11778"
"Q9JJA2","Cog8",0.520604890613234,1.49358133511639,0.185899132449042,14.1821822714707,"97484"
"Q8BSY0","Asph",0.520302826501598,1.49239291688602,0.18620023032461,16.8810649358953,"65973"
"Q8VHY0","Cspg4",0.520171040188048,1.49187466749332,0.186331676442291,17.0078760635839,"121021"
"Q8R5M8","Cadm1",0.520073127967509,1.49148972249732,0.186429367910523,20.2730897761155,"54725"
"O70378","Emc8",0.519969422267197,1.4910820881462,0.186532869545184,16.5655999203005,"18117"
"Q91WE2","Psme3ip1",0.519850500397377,1.4906147550669,0.18665159507417,15.3206089246832,"102122"
"P12970","Rpl7a",0.51974456366312,1.4901985503247,0.186757390794,19.3268458590514,"27176"
"Q9D1P2","Kat8",0.519419612611798,1.48892246839575,0.187082108469676,12.7934422999964,"67773"
"Q8BGH7","Cdc42se2",0.51917310448916,1.48795502178206,0.187328639915433,16.2409638063378,"72729"
"Q9QUK3","Cln8",0.518971157146586,1.48716283741961,0.187530735160401,12.7428209760005,"26889"
"Q9EP97","Senp3",0.518715255269949,1.48615949364132,0.187786991059353,14.9850014153376,"80886"
"P08556","Nras",0.518516532610299,1.48538071596736,0.187986117090565,19.8662000478168,"18176"
"Q9D1G1","Rab1b",0.517895679743954,1.48294976410624,0.188608953515354,20.9147085938223,"76308"
"Q8BG67","Efr3a",0.517239638879391,1.4803845129449,0.189268280887672,16.3973755737878,"76740"
"Q922J3","Clip1",0.516725676734127,1.47837730760407,0.189785672135404,20.4654345462051,"56430"
"Q99LE6","Abcf2",0.515954628725006,1.47537017787043,0.190563271712075,17.1307473024529,"27407"
"Q9CZM2","Rpl15",0.515945205338246,1.47533345641274,0.190572785612312,20.1491605142999,"66480"
"P58044","Idi1",0.515869412356335,1.47503812961162,0.190649315770471,16.6235062937999,"319554"
"Q01405","Sec23a",0.515398691873876,1.47320502676896,0.19112497976382,18.0757121944392,"20334"
"Q7TSH2","Phkb",0.514836790403303,1.47101921961658,0.191693605860774,18.5980402188996,"102093"
"Q60634","Flot2",0.514515213585408,1.46976944093257,0.192019434327775,19.3518301735936,"14252"
"Q9DCH4","Eif3f",0.514440082705251,1.46947757328442,0.192095600817545,18.4368220210545,"66085"
"Q9WVA2","Timm8a1",0.514335395912522,1.46907096386993,0.192201757325178,14.3797873902736,"30058"
"Q922M3","Kctd10",0.514039462345161,1.46792202401264,0.192502013721934,13.6507563558272,"330171"
"Q3UM29","Cog7",0.513731836954544,1.46672844670964,0.192814396063403,16.9441784786702,"233824"
"O54946","Dnajb6",0.51331767206282,1.46512271297902,0.193235389279351,18.2198049590957,"23950"
"Q60759","Gcdh",0.512582095527586,1.46227427798468,0.19398429217707,16.6683172016256,"270076"
"O09114","Ptgds",0.512280267641589,1.46110674895719,0.194292032016746,18.3167992779111,"19215"
"Q60737","Csnk2a1",0.512152911588778,1.46061433122578,0.194421960063555,19.7462365550884,"12995"
"F6SEU4","Syngap1",0.51150382638168,1.45810669300687,0.195084867709381,20.0762774645418,"240057"
"Q9CZH7","Mxra7",0.511421483760644,1.4577888171602,0.195169049146708,14.2411179123468,"67622"
"P08113","Hsp90b1",0.511180500474233,1.45685883648825,0.195415524241774,21.3184933800648,"22027"
"Q9JHR9","Nrip2",0.511137523529977,1.45669303268409,0.195459497876279,14.258123413747,"60345"
"P31230","Aimp1",0.510856507992278,1.45560924727377,0.195747159438885,17.384907583643,"13722"
"Q6ZPK7","Zfyve28",0.510829178939021,1.45550388171927,0.195775146755834,10.567100601972,"231125"
"Q9JIZ9","Plscr3",0.510766298398572,1.45526147217297,0.195839549904677,14.9191696862734,"70310"
"Q80X71","Tmem106b",0.510704732706884,1.45502416208896,0.195902617213067,15.6500549760958,"71900"
"Q8C0M9","Asrgl1",0.510702658579576,1.45501616771989,0.195904742116196,19.6476157743858,"66514"
"Q9WUB3","Pygm",0.510650439218296,1.45481490844442,0.195958243850773,18.0566576309071,"19309"
"Q9JMG3","Tmub1",0.510511567252701,1.45427978626738,0.196100563720177,14.5396727226488,"64295"
"Q7TQ95","Lnpk",0.510432317354787,1.45397447772134,0.196181805697656,16.9653296426935,"69605"
"P97490","Adcy8",0.510323860770882,1.45355673223432,0.196293017335174,14.7530296851639,"11514"
"Q99KR3","Lactb2",0.510034114919319,1.45244116919519,0.196590286707235,15.1692049564609,"212442"
"Q9CQD1","Rab5a",0.510009441756202,1.45234620487293,0.196615611510378,20.6649435701453,"271457"
"O70348","Dxo",0.509682423375301,1.4510880041093,0.196951429472172,14.0158357908594,"112403"
"P70236","Map2k6",0.509568126998226,1.45064845010734,0.197068872761935,16.7978239327604,"26399"
"P59823","Il1rapl1",0.509094696374245,1.44882886355994,0.197555731922345,20.205422458395,"331461"
"Q91WA4","Cxxc5",0.508597296274195,1.44691906466298,0.198067923390442,9.08300779169598,"67393"
"P63073","Eif4e",0.508455702726573,1.4463757648976,0.198213855491212,18.9131241114363,"13684"
"Q9ESJ1","Cables1",0.508223155638088,1.44548381626308,0.198453651034343,13.7145189040905,"63955"
"O70354","Ca11",0.507549254234567,1.44290143170685,0.199149421251252,12.4012970788027,NA
"Q91ZN5","Slc35b2",0.507373238657103,1.44222752948012,0.199331360125136,12.2095966399127,"73836"
"Q6QD59","Bnip1",0.50729843927432,1.4419412223611,0.199408703172173,14.2136777611057,"224630"
"P56695","Wfs1",0.507091475446382,1.44114926241248,0.199622787497309,17.7611056467973,"22393"
"Q62313","Tgoln1",0.507029232507478,1.44091115159533,0.199687195547231,13.8848322773511,"22134"
"Q9QZI9","Serinc3",0.50648614667512,1.43883485903664,0.200249636864048,15.1050091524968,"26943"
"O88319","Ntsr1",0.506348405253412,1.43830862088216,0.200392419800386,7.31947275516564,"18216"
"Q9Z1E4","Gys1",0.505701957266132,1.43584085628356,0.201063244330391,18.6171914844864,"14936"
"Q7TPV2","Dzip3",0.505631222652448,1.43557102987924,0.201136717844643,13.5562287410043,"224170"
"Q8K199","Cmc2",0.505336353883511,1.4344466333567,0.201443156310707,18.5226492414059,"66531"
"P51150","Rab7a",0.504867892387602,1.43266167852449,0.201930503296486,20.3985751139837,NA
"P47962","Rpl5",0.504503516298025,1.43127448984547,0.202309996894499,19.3719571428142,"100503670"
"Q61200","Nxph1",0.504470358855023,1.43114830960124,0.202344548589848,17.266024245699,"18231"
"Q61194","Pik3c2a",0.504338698015394,1.43064735968678,0.202481776299438,12.2075812810507,"18704"
"A2AFR3","Frmpd4",0.504206214221438,1.43014341362585,0.202619911109597,21.2924052779328,"333605"
"P10637","Mapt",0.504119006308309,1.42981176330004,0.202710865839616,21.6078947045121,"17762"
"Q9CWP6","Mospd2",0.504116063173583,1.42980057162789,0.202713935797847,13.5420321374978,"76763"
"Q6NV83","U2surp",0.503073532813212,1.42584040151298,0.203802926637376,18.1390698308057,"67958"
"P35564","Canx",0.50257747436218,1.42395899593424,0.204322167563008,21.7372302607748,"12330"
"Q6AXF6","Sidt1",0.502378687180768,1.42320558232159,0.204530439317161,16.1263541784909,"320007"
"Q06890","Clu",0.501783197200507,1.42095045002362,0.2051550075479,18.5945754692839,"12759"
"Q9Z2L6","Minpp1",0.501718316306142,1.42070490807785,0.205223116957279,16.8257924081566,"17330"
"O89104","Sypl2",0.501293590540458,1.41909832304579,0.205669270086376,5.49755594107531,"17306"
"Q8R3V6","Cuedc1",0.501264950767031,1.41899003840975,0.205699373009259,7.95772209411733,"103841"
"Q9QZA0","Ca5b",0.501214588792913,1.41879963901885,0.205752313476841,8.49959477906352,NA
"Q8K479","C1qtnf5",0.501020223722003,1.41806499941831,0.205956696828403,11.8007320246074,"235312"
"P53026","Rpl10a",0.500519194450102,1.41617258478508,0.206484041219872,19.2189545943949,"19896"
"Q8BTH8","Csnk1g1",0.500156429525196,1.41480358736456,0.206866300147554,16.1702493604851,"214897"
"P15379","Cd44",0.499831105783224,1.4135767299377,0.207209420731391,13.8864176882087,"12505"
"P84084","Arf5",0.499815003070756,1.41351602428671,0.207226412074141,22.999101892618,"11844"
"Q8R0A5","Tceal3",0.49968685474492,1.41303298726329,0.207361658273418,17.3155442250533,"594844"
"Q61048","Wbp4",0.499547667514166,1.41250848073585,0.20750860711502,10.7439671802128,"22380"
"Q9Z1B5","Mad2l1",0.498887040739454,1.41002099228094,0.208206815679239,12.2325407031336,"56150"
"Q7TN98","Cpeb4",0.498878421442919,1.4099885592968,0.208215933417998,14.6051192092357,"67579"
"P62322","Lsm5",0.498788429196297,1.40964996665247,0.208311142263976,16.408201815517,"66373"
"Q9CQ56","Use1",0.498435224344419,1.40832163216607,0.208685041356581,15.4267495761258,"67023"
"P62281","Rps11",0.49840965840613,1.40822551990093,0.208712118805186,19.9204332446902,"27207"
"Q8VCW4","Unc93b1",0.498018084649302,1.40675405287436,0.20912707263296,11.5726214403279,"54445"
"P99027","Rplp2",0.498003988951481,1.40670110501174,0.209142017987318,19.8813609682532,"67186"
"Q8VC31","Ccdc9",0.497886296898846,1.40625907460799,0.209266826030214,17.5170883458447,"243846"
"Q8BYY4","Ttc39b",0.497705877315091,1.40558165130485,0.209458229812375,15.5916496015381,"69863"
"Q5EG47","Prkaa1",0.497546914748363,1.40498499388043,0.209626945992695,15.5105463874026,"105787"
"O35295","Purb",0.496662700277822,1.4016695715461,0.210566708776176,18.9701355820112,"19291"
"Q8BNY6","Ncs1",0.496194238139926,1.39991539029158,0.211065489916372,20.0284755389368,"14299"
"Q3TCH7","Cul4a",0.495915843733558,1.39887369637213,0.211362193730206,17.3354951074316,"99375"
"Q9DCT6","Bacc1",0.495803346097186,1.39845291595564,0.211482151765584,17.2541063404631,NA
"Q9CSN1","Snw1",0.495681756983262,1.39799823520807,0.211611844099774,18.452006165802,"66354"
"S4R2P9","Slc8a3",0.495643503902305,1.39785521089936,0.211652655103412,13.3842970085935,"110893"
"Q8CIE2","Zmiz2",0.495589056177109,1.39765165509102,0.211710750738044,12.74268269861,"52915"
"O88531","Ppt1",0.495208272625679,1.39622868505048,0.212117278505983,17.9759489252069,"19063"
"Q8BJU0","Sgta",0.49514148519086,1.39597921353534,0.21218862324191,18.9710834651786,"52551"
"Q8R317","Ubqln1",0.494962793987394,1.39531190836129,0.212379569079249,17.8341863776773,"56085"
"Q9D7M1","Gid8",0.494922197578346,1.39516033765595,0.212422962063962,15.2602981007958,"76425"
"P07934","Phkg1",0.49491848070537,1.395146460948,0.212426935212971,15.0056693710057,"18682"
"Q8VCA6","Tmem161a",0.494814265784824,1.3947574224773,0.212538351448235,14.8574620541687,"234371"
"Q9D8Z6","Atg101",0.494593903029346,1.3939350618388,0.212774041625353,12.3307276724922,"68118"
"Q8CGY8","Ogt",0.494206713699155,1.3924909912896,0.213188491627008,19.2314920165961,"108155"
"Q9D0B6","Pbdc1",0.494005967011961,1.39174271341823,0.21340353751773,16.698665518062,"67683"
"P20352","F3",0.493325507858733,1.3892085088492,0.214133305469376,16.9919853190101,"14066"
"P34022","Ranbp1",0.493101802553986,1.3883761096929,0.214373504509506,19.6347236302348,"19385"
"Q8BKE9","Ift74",0.492905257331231,1.387645072506,0.214584656560033,13.9785111602851,"67694"
"B1AZA5","Tmem245",0.492876454717288,1.38753796663451,0.21461560880648,15.7884775075333,"242474"
"Q8BGX3","Lrtm2",0.492606027543725,1.38653264544049,0.214906332060696,13.0247024651626,"211187"
"O35129","Phb2",0.492577106780906,1.38642516303619,0.214937435494989,20.9293528577569,"12034"
"Q9ERE7","Mesd",0.492113748580286,1.38470394445141,0.215436082759832,17.3129893489097,"67943"
"Q8R3R8","Gabarapl1",0.492098862622929,1.38464867393585,0.215452112379425,17.6841891618267,"57436"
"Q9D4H2","Gcc1",0.492076385361326,1.38456522047716,0.215476317704463,6.49610489366036,"74375"
"Q8CAM5","Rab36",0.491354745349404,1.38188785857488,0.216254188600365,11.7892464621232,"76877"
"Q64521","Gpd2",0.491138847280902,1.38108758335434,0.21648719260693,20.6822186831589,"14571"
"O70628","Pde9a",0.491104755702573,1.38096124585227,0.216523997224583,18.3938086687668,"18585"
"Q8VDN4","Ccdc92",0.491045740919541,1.38074256702361,0.216587716137168,16.6776971078491,"215707"
"G3X9X1","Kbtbd2",0.490847296400307,1.38000741606891,0.216802050267813,18.460250685107,"210973"
"Q9R0M0","Celsr2",0.490694751042015,1.37944249398738,0.216966884864593,14.9576801354936,"53883"
"Q91Z38","Ttc1",0.490694733859605,1.37944243036507,0.216966903434902,16.3892287831932,"66827"
"Q00899","Yy1",0.490629546619365,1.37920107305863,0.217037362070348,13.6628334769382,"22632"
"P70663","Sparcl1",0.490276741068529,1.37789533104902,0.217418903396448,19.0531881835197,"13602"
"Q9WTX8","Mad1l1",0.489838994022096,1.37627645782834,0.217892787948026,15.6020328967345,"17120"
"Q3TDK6","Rogdi",0.48978800535897,1.37608798100698,0.217948020693769,20.0802947823651,"66049"
"Q9CW07","Ppp1r3g",0.489659406436604,1.37561270457912,0.218087355893288,13.517114806725,"76487"
"P54728","Rad23b",0.488836224707453,1.37257317995949,0.218980355730365,18.674848470003,"19359"
"P19253","Rpl13a",0.488508357969181,1.3713639041751,0.21933655702495,19.5086753976734,"22121"
"O88819","Fut9",0.488387961136008,1.37092003432738,0.21946743394469,17.4595329391712,"14348"
"Q8VD00","Tmem97",0.488298117366761,1.37058887217302,0.219565124615201,12.5004298241266,"69071"
"O88653","Lamtor3",0.488236181681002,1.37036061192384,0.219632482836168,17.9230342516504,"56692"
"P70182","Pip5k1a",0.488194301676727,1.37020628109131,0.219678035542211,17.5249912169808,"18720"
"P35550","Fbl",0.488154405390423,1.3700592719611,0.219721435115831,17.2317404653152,"14113"
"Q8BYB9","Poglut1",0.488089230066979,1.36981913933716,0.219792343023938,16.3138043997626,"224143"
"P17563","Selenbp1",0.487984447251181,1.36943313951956,0.219906366985795,21.9017213424478,"20341"
"Q8CIW6","Slc26a6",0.487380529976502,1.36720993730299,0.220564142366782,6.03658990856495,"171429"
"Q9Z2G6","Sel1l",0.487350958193948,1.36710114077616,0.220596377507736,17.3162728325295,"20338"
"Q60987","Foxg1",0.487350615498524,1.36709988001339,0.220596751082029,17.5274899431069,"15228"
"Q3TDN2","Faf2",0.487321662331919,1.3669933654619,0.220628314280807,16.832635244973,"76577"
"P34884","Mif",0.48693453517593,1.36556974782024,0.221050564102452,22.4368828003298,"17319"
"Q9WTS5","Tenm2",0.486662467488872,1.36456988007827,0.22134756536477,21.7221220477747,"23964"
"P24369","Ppib",0.486626795919274,1.36443882316577,0.221386521336417,19.0719420311162,"19035"
"P84086","Cplx2",0.486499001466118,1.36396938129172,0.221526111350259,22.3027330557984,"12890"
"Q91WJ7","Spats2l",0.486075665500107,1.36241511206462,0.221988846547075,12.1253606524553,"67198"
"Q8BZB3","Tmem266",0.486072774852578,1.36240450343204,0.221992007938121,11.4615123841492,"244886"
"Q9D4J7","Phf6",0.485957451866935,1.36198131757807,0.22211815127057,11.6228664325998,"70998"
"Q9WTU6","Mapk9",0.485888299539897,1.36172760289366,0.222193809672879,18.916867959223,"26420"
"Q9D8U8","Snx5",0.485490658206297,1.36026933608623,0.222629120732431,19.9953339793949,"69178"
"P58802","Tbc1d10a",0.484825246792561,1.35783154788805,0.223358552728946,18.5514624936838,"103724"
"Q8R043","Smim29",0.484424203991732,1.35636378475077,0.223798775524716,6.68184663510198,"106672"
"Q99JW1","Abhd17a",0.484104890621997,1.3551959395102,0.224149604110665,15.0955439686532,"216169"
"P97461","Rps5",0.48388896494773,1.35440662155133,0.224387001606339,20.1670879965761,"20103"
"Q6PER3","Mapre3",0.483756991851642,1.35392435194318,0.224532162019631,20.8187567872698,"100732"
"Q8BFQ4","Wdr82",0.483691717465961,1.3536858641672,0.224603976792718,16.5826359957927,"77305"
"Q91VX5","Nxph3",0.483524337384341,1.35307445574051,0.224788182193917,15.7164479873177,"104079"
"Q91ZH7","Abhd3",0.483314424404115,1.35230795630068,0.225019305999288,17.1600505543776,"106861"
"Q69ZZ6","Tmcc1",0.483233445852468,1.35201234364015,0.225108499815284,17.248852925679,"330401"
"Q3UDP0","Wdr41",0.483093743319487,1.35150246516545,0.225262417974266,17.0430152808597,"218460"
"Q99MI1","Erc1",0.482939016814546,1.35093791017801,0.22543295215879,17.4002924743381,"111173"
"P09240","Cck",0.482887326223565,1.35074934203416,0.225489938551353,16.3559439417755,"12424"
"P35278","Rab5c",0.48287858464845,1.35071745444177,0.225499576451397,21.0839939327532,"19345"
"Q9CY45","Eef1akmt1",0.482689344728258,1.35002727249484,0.225708272271262,14.8693407445032,"68043"
"P62761","Vsnl1",0.482505407187718,1.34935666527424,0.225911215868502,22.7259978987193,"26950"
"Q3UCQ1","Foxk2",0.482453731706824,1.34916830651196,0.225968247819895,14.6285397205714,"68837"
"Q99N92","Mrpl27",0.481750340406737,1.34660624681773,0.226745286899242,14.5734180847243,"94064"
"Q9D0K1","Pex13",0.481639758986858,1.34620376940795,0.226867571510434,13.0467290518077,"72129"
"Q8K3A0","Hscb",0.481307431951537,1.34499471977336,0.227235273961671,18.9194381340025,"100900"
"Q8VC30","Tkfc",0.481146666503555,1.34441010483549,0.227413262444746,15.4582510466593,"225913"
"Q64FW2","Retsat",0.481141580182175,1.34439161158155,0.227418894840848,7.33554502024667,"67442"
"Q9EQT6","Syt13",0.481065688633387,1.34411570000203,0.227502942735828,16.5178214639527,"80976"
"Q9JJG0","Tacc2",0.48096891647449,1.34376393183184,0.227610138524603,16.8101554847965,"57752"
"Q920Q8","Ivns1abp",0.480799611378292,1.34314865906502,0.227797742452179,12.9142415487287,"117198"
"P11859","Agt",0.480634310119365,1.3425481251934,0.227980986471917,11.8484364793944,"11606"
"Q8CH25","Sltm",0.480404455599597,1.34171338079284,0.228235916626121,17.1540870180139,"66660"
"P53668","Limk1",0.480270177664603,1.34122590062245,0.228384911169097,14.2219103903279,"16885"
"Q8BHE1","Gemin8",0.480192305092706,1.34094324961526,0.228471341319072,8.07605062567396,"237221"
"Q69ZS0","Pdzrn3",0.47976434624409,1.33939063930005,0.228946629348656,14.7551744826027,"55983"
"Q8R1F1","Niban2",0.479649384403925,1.33897377600398,0.229074391597248,15.9032391460435,"227737"
"Q9R144","Prmt2",0.479596415687463,1.33878173620449,0.229133270426058,6.25873377744644,"15468"
"Q62261","Sptbn1",0.479465710247862,1.33830794069897,0.229278592885209,21.9094662933284,"20742"
"Q91YN9","Bag2",0.479349307093339,1.33788608706003,0.229408053438364,20.4746192830421,"213539"
"P56959","Fus",0.479181834532239,1.33727931492424,0.229594377875105,20.1558774958731,"233908"
"Q7TQK0","Ccnt2",0.479052813015395,1.33681198459684,0.229737975907613,14.4774224665029,"72949"
"Q78XF5","Ostc",0.478658543605974,1.33538459334822,0.230177074409277,17.4500918371877,"66357"
"Q8BT60","Cpne3",0.478420520993523,1.33452337681913,0.230442368849735,16.1217807488339,"70568"
"P60521","Gabarapl2",0.47798692711305,1.3329555217977,0.230926045301211,18.5387770638915,"93739"
"P97872","Fmo5",0.477121377449672,1.32982950926632,0.231893125769836,14.457072689684,"14263"
"Q5U5M8","Bloc1s3",0.477062751202686,1.32961795659062,0.231958703889599,8.2584602344807,"232946"
"Q8C1B1","Camsap2",0.476909349626207,1.32906451606999,0.232130340696246,17.6255812609264,"67886"
"O08989","Mras",0.476765668386586,1.32854628705444,0.232291160661404,18.5658977132831,"17532"
"Q8C854","Myef2",0.476748449756119,1.32848419220468,0.232310437008807,18.8189272963151,"17876"
"Q91W96","Anapc4",0.47629391299639,1.32684572980288,0.232819589491763,17.4058465299037,"52206"
"Q6PEB6","Mob4",0.476172293324849,1.3264075624919,0.232955919377417,18.5794238655851,"19070"
"Q61481","Pde1a",0.476134383712366,1.32627100312642,0.232998422606335,19.8069273099888,"18573"
"Q8CIH9","Ppat",0.475961629534692,1.32564882287854,0.233192160149783,16.2635705971947,"231327"
"Q61103","Dpf2",0.475959643014625,1.32564166951078,0.233194388439213,11.2559618694021,"19708"
"Q9CR25","Dph2",0.47591360564941,1.32547589841563,0.233246031832631,16.8284811675517,"67728"
"P11499","Hsp90ab1",0.47588883403764,1.32538670675923,0.233273822336317,22.1043522331616,"15516"
"A2A432","Cul4b",0.475836479891008,1.32519821596681,0.233332562405126,19.2800818991636,"72584"
"Q9EPR4","Slc23a2",0.475711310782449,1.3247476430474,0.233473029747473,16.1756400368849,"54338"
"Q9WTP7","Ak3",0.47551532502335,1.32404235939448,0.233693055859733,21.6647541316541,"56248"
"O54890","Itgb3",0.475315656776727,1.32332408574347,0.233917325184888,12.076936105952,"16416"
"P59708","Sf3b6",0.475113260098373,1.32259626658921,0.234144771389473,18.3448113715203,"66055"
"Q62165","Dag1",0.474865726707217,1.32170650419735,0.234423094265924,18.1923420133029,"13138"
"Q6ZQ89","Marchf6",0.474442103894783,1.32018472521021,0.234899801585679,11.1242915607128,"223455"
"Q61469","Plpp1",0.474350069932145,1.31985426847414,0.235003433832039,14.6868777115995,"19012"
"Q8BMI3","Gga3",0.474276826768272,1.31959132180039,0.23508592391795,18.3852137550941,"260302"
"P08122","Col4a2",0.474102691785418,1.31896631029416,0.235282102756361,12.3590014905392,"12827"
"Q80ZU0","Arl5a",0.473786105986356,1.31783052053859,0.235638979459701,15.1604525548173,"75423"
"Q9JJC6","Rilpl1",0.47357963021987,1.31709011883871,0.235871881579013,16.0961865592741,"75695"
"Q9Z0P4","Palm",0.473529690730563,1.31691108281703,0.235928230348963,21.0603145036662,"18483"
"Q9Z1S5","Septin3",0.473483336031088,1.31674491313022,0.235980540402825,20.4835761171704,"24050"
"Q3TDQ1","Stt3b",0.473112502023881,1.31541607589686,0.236399229874304,17.3459604674263,"68292"
"Q9CQX0","Otub2",0.472854281842718,1.31449130832859,0.236690996595037,13.3262251874322,"68149"
"P62627","Dynlrb1",0.472688935698128,1.31389938096907,0.236877920019489,19.6320644211326,"67068"
"Q6PHN9","Rab35",0.472394288110689,1.31284500655078,0.237211204980272,19.725012222622,"77407"
"Q9DCT1","Akr1e2",0.472199031045941,1.31214660590387,0.237432197903695,19.3518003790011,NA
"Q9WUP7","Uchl5",0.47135315133967,1.30912390862429,0.238390780292551,17.0170015301709,"56207"
"Q05D44","Eif5b",0.471007529544606,1.30789018889635,0.23878301805134,16.6254174961171,"226982"
"Q9CQ21","Mcts2",0.470930696535041,1.30761603362692,0.238870258578527,15.3552561180626,"66405"
"Q78HU3","Mvb12a",0.47089433374704,1.30748629738859,0.238911552593393,9.22948952338643,"73711"
"Q9CQ80","Vps25",0.470498602049244,1.30607494738817,0.239361185188681,17.838608051003,"28084"
"B9EKR1","Ptprz1",0.470490898337756,1.30604748267854,0.239369942459471,20.3517156273399,"19283"
"Q8C031","Lrrc4c",0.469890627302553,1.30390861828664,0.240052807810361,15.535323143864,"241568"
"P14206","Rpsa",0.469814503041814,1.30363754104628,0.240139477100198,21.0944179666198,"16785"
"P55194","Sh3bp1",0.469800768490807,1.30358863651062,0.240155115909166,13.4262062340975,"20401"
"Q9R0Q7","Ptges3",0.469726279913901,1.30332342662674,0.240239941145767,21.166606893868,"56351"
"Q91V41","Rab14",0.46969117216689,1.30319844103368,0.240279926020441,20.2601360467844,"68365"
"Q9QXJ4","Arl10",0.469639379637889,1.30301407114303,0.240338919686268,13.797946457635,"56795"
"Q64487","Ptprd",0.46933091601524,1.30191636656822,0.240690424048086,19.3031424012306,"19266"
"Q9JI10","Stk3",0.469264030885467,1.30167842853388,0.240766676290511,15.5237636232386,"56274"
"Q9D5V6","Syap1",0.46920241894438,1.30145927483129,0.240836927709884,14.9363454693553,"67043"
"Q9WU01","Khdrbs2",0.469063205480609,1.30096418220815,0.240995700615874,13.0094622827538,"170771"
"Q8VC65","Nrm",0.468825387581698,1.30011870468717,0.241267054859162,13.1846219169597,"106582"
"Q8VEG6","Cnot6l",0.468386671578721,1.29855995550015,0.24176804433066,19.3157014908991,"231464"
"Q9CPQ3","Tomm22",0.468297162916487,1.29824208423803,0.241870323118786,19.5147724540887,"223696"
"Q9D8V7","Sec11c",0.468011101193611,1.29722653910998,0.242197344313695,18.1863090271337,"66286"
"Q6PD19","Armh3",0.467971392613656,1.29708561132825,0.242242756260021,14.7820196685298,"71617"
"Q9QZ06","Tollip",0.467732609640362,1.29623837038219,0.242515926906586,19.3820205962362,"54473"
"P28656","Nap1l1",0.467726470757525,1.29621659341629,0.242522951924166,20.579587899505,"53605"
"Q5RJF7","Cacna2d4",0.467698266621595,1.29611654564207,0.242555228594665,10.6974553687066,"319734"
"Q9CY64","Blvra",0.466720311283197,1.29265060007741,0.243675743606973,17.9908600106368,"109778"
"Q8CHR6","Dpyd",0.46655338359386,1.29205960262326,0.243867266571208,10.3280380629805,"99586"
"Q8R010","Aimp2",0.466408727885757,1.29154760051285,0.244033297673381,17.1031609647505,"231872"
"O54901","Cd200",0.466270262728428,1.29105763361564,0.244192277113991,19.5402131715632,"17470"
"Q9Z2F7","Bnip3l",0.465647453579406,1.28885528570726,0.244908007137766,19.8957737082996,"12177"
"Q9JII6","Akr1a1",0.465324810847858,1.28771533389699,0.245279204203419,21.2761760876268,"58810"
"Q9QYT7","Pigq",0.464662098467207,1.28537591166803,0.246042540471224,8.05305637528971,"14755"
"Q8BMK4","Ckap4",0.464607649997818,1.28518382725313,0.246105309562911,17.7668843672465,"216197"
"Q3UE31","Q3UE31",0.463864068653088,1.28256246416341,0.246963332892646,14.4855216217217,NA
"O89053","Coro1a",0.463791000275123,1.28230506124688,0.247047728448413,20.9865180702227,"12721"
"Q8BK64","Ahsa1",0.463772015736882,1.28223818858689,0.24706965838607,19.1282529511628,"217737"
"P62996","Tra2b",0.463449588899095,1.2811027899138,0.247442259123487,18.4967913939022,"20462"
"E9Q9D5","Rabl2",0.463408981126734,1.28095983906778,0.24748920612432,13.7624199381365,"68708"
"P16254","Srp14",0.46328090252245,1.28050903346247,0.247637308400531,21.0220316962073,"20813"
"P70245","Ebp",0.462875109444095,1.27908141461511,0.24810683829918,21.5471986153555,"13595"
"Q9QXL8","Nme7",0.4628571885701,1.27901839087954,0.248127584314073,14.1854282947702,"171567"
"Q9DB30","Phkg2",0.462525620575083,1.27785269972726,0.248511580459919,17.7167051215967,"68961"
"Q9CQ62","Decr1",0.462456311000091,1.27760911479415,0.248591887279694,17.8299850943621,"67460"
"B5TVM2","Ildr2",0.462388248621751,1.27736994206306,0.248670761758905,17.9943917293598,"100039795"
"Q8R105","Vps37c",0.462225815611495,1.27679926484615,0.248859049226403,14.6338800596963,"107305"
"Q0VG49","Q0VG49",0.462179386072832,1.27663617361188,0.248912882171478,5.02668749329295,NA
"O70139","Pkig",0.461926422751637,1.27574783363259,0.249206284890204,9.66806245168058,"18769"
"Q5SSH8","Cyb5d2",0.461919586079038,1.27572383054997,0.249214216912107,13.8345572661519,"192986"
"Q8C3W1","Q8C3W1",0.461919116245228,1.27572218100671,0.249214762025829,16.7024291129913,NA
"Q791T5","Mtch1",0.461916969621416,1.27571464442549,0.249217252603707,19.3313478430978,"56462"
"Q6ZWY8","Tmsb10",0.461367740184192,1.27378729049317,0.249854897772795,17.8773508091105,"19240"
"Q9D0M5","Dynll2",0.461255888191718,1.27339500808525,0.249984856571765,21.8946068951774,"68097"
"Q9JKW0","Arl6ip1",0.461048122962392,1.27266654760475,0.250226345640369,19.4574756149938,"54208"
"Q02248","Ctnnb1",0.460415007240209,1.27044837331687,0.250962951522436,19.6439403830811,"12387"
"Q9WUK2","Eif4h",0.46015181559955,1.26952698362295,0.251269485906943,19.6458949045265,"22384"
"Q8BFQ8","Gatd1",0.460135716515081,1.26947063722018,0.251288242326111,17.6330495154089,"213350"
"Q9ERV1","Mkrn2",0.459872808258374,1.26855068943409,0.251594646308442,13.3173968913457,"67027"
"Q9D1T0","Lingo1",0.459787062545044,1.26825074633283,0.251694618507382,18.194160764806,"235402"
"Q8VC69","Slc22a6",0.459623017396816,1.26767703294564,0.251885936893646,10.4671115302953,"18399"
"Q9JKK7","Tmod2",0.459344647869393,1.26670387044851,0.252210754016507,19.7264308760703,"50876"
"Q61576","Fkbp10",0.459211647084822,1.26623907503875,0.252366021128424,9.95817863399982,"14230"
"P34152","Ptk2",0.459132570038792,1.26596277708854,0.252458359648659,18.0520850570925,"14083"
"Q9EQH3","Vps35",0.458943851381745,1.26530354159067,0.252678795698136,19.7477428167693,"65114"
"Q8CBW3","Abi1",0.458688295101564,1.26441117346412,0.252977456815628,19.16609291646,"11308"
"P16546","Sptan1",0.458686254018797,1.26440404787798,0.252979842883264,22.5157274750412,"20740"
"Q8R4E6","Purg",0.458631957356129,1.26421450311178,0.253043320950583,17.3014622749586,"75029"
"Q8VDS8","Stx18",0.458212851633518,1.26275204573149,0.253533565630764,14.8012593976731,"71116"
"Q9CZT4","Polr3e",0.457924659769628,1.26174702721545,0.253870951875675,7.63619212374399,"26939"
"Q91ZR1","Rab4b",0.457923739951906,1.26174382031889,0.253872029067314,19.351598309666,"19342"
"Q80YD6","Sergef",0.457548183269061,1.26043488967741,0.254312032539895,14.3293681466638,"27414"
"Q5GH64","Xkr7",0.456741562875791,1.25762645121616,0.255258365125387,14.2069322769706,"228787"
"Q3UM45","Ppp1r7",0.456671922817483,1.25738416702163,0.255340150055887,19.5803628694685,"66385"
"Q99N93","Mrpl16",0.456465781646066,1.2566671539836,0.255582318249049,14.709373191894,"94063"
"Q9QYG0","Ndrg2",0.455258544829583,1.25247319141445,0.25700285361357,21.4568575293236,"29811"
"Q5BLK4","Tut7",0.455124548198482,1.25200822294179,0.257160768529172,13.3581255664752,"214290"
"Q9CX84","Rgs19",0.454895429462513,1.25121342915699,0.25743089734134,10.5247339295227,"56470"
"Q9CXU9","Eif1b",0.454734314832308,1.25065472357582,0.257620935018882,16.0566274859242,"68969"
"Q9DCM4","Dnal4",0.454481170801583,1.24977719547695,0.257919664913918,14.0957745243057,"54152"
"P60762","Morf4l1",0.454425011569642,1.24958257028327,0.257985960721925,16.4053941614235,"21761"
"Q91XV3","Basp1",0.454300961051704,1.24915272788099,0.258132432220965,17.6584291021823,"70350"
"P18654","Rps6ka3",0.454291736579752,1.24912076819675,0.258143325592932,14.214608041044,"110651"
"Q4VBD2","Tapt1",0.454159307028292,1.24866200025948,0.258299739782988,15.0207977949134,"231225"
"O88447","Klc1",0.454054610239796,1.24829937911811,0.258423432022826,20.2730591057142,"16593"
"Q8BX09","Rbbp5",0.453987428034499,1.2480667254151,0.258502818904656,17.8889864466231,"213464"
"Q9ERI6","Rdh14",0.453944105783184,1.24791671356612,0.258554017776856,19.2578977840605,"105014"
"Q8BUB4","Wdfy2",0.453483148609275,1.24632124815311,0.259099097841047,13.4725035688011,"268752"
"Q8K194","Snrnp27",0.452913257158379,1.24435047952607,0.259773785817254,13.4994100361886,"66618"
"Q80YT7","Pde4dip",0.452382752465097,1.24251764079621,0.260402632370564,7.83619475311144,"83679"
"Q9EST4","Psmg2",0.451798448091952,1.24050084876208,0.261096130548168,15.2407632826119,"107047"
"P97363","Sptlc2",0.451768348245163,1.24039701014471,0.261131880344757,12.2477215622671,"20773"
"Q8C0E2","Vps26b",0.451493117925149,1.23944776579611,0.261458886604511,21.1003075263264,"69091"
"Q8BZ94","Zmat4",0.451274080913013,1.23869264463177,0.261719274488291,10.1286840579121,"320158"
"Q9CXW3","Cacybp",0.451174112676282,1.23834810166628,0.261838158193464,18.9189478919018,"12301"
"A2AR50","Ralgps1",0.451132036642433,1.23820310309321,0.261888203688752,13.1278831235645,"241308"
"Q6P5F6","Slc39a10",0.451026486919338,1.23783941292226,0.262013766178352,17.0661383943559,"227059"
"Q9JI44","Dmap1",0.450835360801618,1.23718102010156,0.262241207176172,13.7450872981891,"66233"
"Q641K5","Nuak1",0.450658958466231,1.23657353742213,0.262451214133136,9.89996195737857,"77976"
"Q3TY65","Ica1l",0.450633387226415,1.23648549196878,0.262481663646712,11.7092320007966,"70375"
"Q5SUQ9","Ctc1",0.450163447353893,1.23486810099061,0.263041568382323,17.1079137125385,"68964"
"Q9D8X1","Cutc",0.449620153622716,1.23299985182672,0.26368961071555,16.2180844201055,"66388"
"Q8K440","Abca8b",0.449566150242515,1.23281424171428,0.263754069502882,8.42194713393295,"27404"
"O35381","Anp32a",0.44946958160883,1.2324823766687,0.263869354013563,20.0606967081192,"11737"
"Q99JY8","Plpp3",0.449461284387402,1.23245386519785,0.263879260482067,18.769709137853,"67916"
"Q8VED9","Lgalsl",0.449171718889599,1.23145909102277,0.264225103236567,18.942050097547,"216551"
"Q8K2A7","Ints10",0.448702460457337,1.2298480311607,0.264786041117725,13.2268672996264,"70885"
"Q78RX3","Smim12",0.448690765558838,1.22980789646967,0.264800028419334,15.5377641135541,"80284"
"P62331","Arf6",0.448429324677984,1.22891088698389,0.265112812204668,19.2591574933029,"11845"
"Q9ERA6","Tfip11",0.44821150779048,1.22816385390487,0.265373545172207,16.128804297518,"54723"
"P60122","Ruvbl1",0.448024614284223,1.22752309505238,0.26559736357151,20.8147531096926,"56505"
"Q8BGS7","Cept1",0.447969438459527,1.22733396487585,0.265663458521694,16.3990753067432,"99712"
"Q9CRB8","Mtfp1",0.447719809282095,1.22647851200916,0.265962590704971,18.4159998694632,"67900"
"Q8K1J6","Trnt1",0.447604822781692,1.22608458608035,0.266100436021819,16.9255095567924,"70047"
"Q9WVM3","Anapc7",0.447226973113166,1.22479066703355,0.266553650484322,14.2919919659213,"56317"
"Q9Z1T1","Ap3b1",0.44708362431446,1.22429999393263,0.266725691465247,17.4456323604527,"11774"
"Q60668","Hnrnpd",0.447046653107298,1.22417346315508,0.266770071640144,21.0935539998123,"11991"
"Q9WUD8","Faim",0.44694883892525,1.22383874033634,0.266887505304146,14.4625346879957,"23873"
"Q9DAT2","Mrgbp",0.446714880050179,1.22303834910117,0.267168495546737,7.68668964336495,"73247"
"P62908","Rps3",0.446643228093491,1.22279328498469,0.267254580636174,19.9748904166353,"27050"
"Q9EPL2","Clstn1",0.446574059632833,1.22255674280419,0.267337695028991,16.4813336122439,"65945"
"P70232","Chl1",0.446411625802786,1.22200135950152,0.267532929641943,19.7408746501295,"12661"
"Q8R313","Exoc6",0.446177195533143,1.22120007655909,0.267814823872433,18.4950440435624,"107371"
"Q8BHK0","Pnma2",0.446030414158229,1.22069853745028,0.267991398347527,7.42644942632889,"239157"
"P62267","Rps23",0.445942978190266,1.22039983484395,0.268096609160413,19.5257341403573,"66475"
"P62311","Lsm3",0.445737705061561,1.21969874307937,0.268343692727251,17.0727356168618,"67678"
"Q9D2U5","Naa38",0.445542278102935,1.21903150313968,0.268579029523391,14.526090038943,"78304"
"P27659","Rpl3",0.445441326457496,1.21868691238385,0.268700637449401,20.0056325625203,"27367"
"Q61143","Trpc6",0.445215384214929,1.21791588582859,0.268972909887657,12.1330811600627,"22068"
"P61924","Copz1",0.445199012894534,1.21786003007276,0.268992643511566,16.6159905569423,"56447"
"Q9DBE0","Csad",0.445052204769431,1.21735921740826,0.269169634812199,15.4989668784839,"246277"
"Q8VCD6","Reep2",0.444699315420572,1.21615589182721,0.269595312816906,20.2922464971048,"225362"
"Q9JMG1","Edf1",0.444516596669345,1.21553311239115,0.26981585095414,15.8925677014614,"59022"
"Q3TVI8","Pbxip1",0.444468193328494,1.21536816590781,0.269874287851202,13.4899560192552,"229534"
"Q9CY16","Mrps28",0.444436267283455,1.21525937718979,0.269912835294511,15.1711031379386,"66230"
"Q8BWR2","Pithd1",0.444267772927651,1.21468532444533,0.270116320207215,16.016002470277,"66193"
"P70670","Naca",0.443151906074679,1.21088766298372,0.271465830437812,19.266907941861,"17938"
"P51906","Slc1a1",0.442933878391482,1.21014646234282,0.27172989789971,16.6486439961182,"20510"
"Q9JKZ2","Slc5a3",0.442566401587378,1.2088978030996,0.272175260129719,17.4954195383138,"53881"
"Q9D385","Arl2bp",0.442260711159693,1.20785966656305,0.272546015210186,13.8980969830202,"107566"
"P62082","Rps7",0.442098383510498,1.2073086083501,0.272742994833267,19.9649256785047,"20115"
"Q9DB41","Slc25a18",0.441949644713112,1.20680381003958,0.272923546515319,21.043872868196,"71803"
"O88878","Zfand5",0.441901326805486,1.20663985256023,0.272982211560154,10.7398788927296,"22682"
"P15532","Nme1",0.441843549721082,1.20644381432548,0.273052369610861,22.006520433132,"18102"
"Q8BZJ7","Dcun1d2",0.441621389246309,1.2056901952997,0.27332221944933,16.0065700110278,"102323"
"Q61301","Ctnna2",0.44155317698937,1.20545885905504,0.273405100677168,20.1749348912319,"12386"
"Q60865","Caprin1",0.4411578214983,1.2041185545805,0.273885721203444,19.3796706413124,"53872"
"Q9EP71","Rai14",0.440915732516504,1.20329827252859,0.274180226351854,14.048173814617,"75646"
"Q9D8E6","Rpl4",0.440498671775473,1.20188588936965,0.274687953613345,19.6485898273405,"67891"
"P61406","Smg6",0.440436613927608,1.20167581200253,0.274763542058038,13.4972482887229,"103677"
"Q8BYI8","Fam234b",0.440001083081137,1.20020205992473,0.275294321025857,16.1591877151584,"74525"
"O70496","Clcn7",0.439695667607492,1.19916921972132,0.275666830244976,15.9235789311858,"26373"
"P98191","Cds1",0.439117908684913,1.19721679065692,0.27637219000472,17.287718675006,"74596"
"Q9D6Z1","Nop56",0.438434704062535,1.1949104015537,0.277207428680495,18.5077481455654,"67134"
"Q8VCI5","Pex19",0.438111374566428,1.19381978759123,0.27760314121709,15.6749489400128,"19298"
"Q60605","Myl6",0.437806065803757,1.19279048525442,0.27797705356091,20.1396883663256,"17904"
"Q922K7","Nop2",0.437722477134925,1.1925087677426,0.278079467939884,16.2776601497757,"110109"
"Q8BJM5","Slc30a6",0.437538964013183,1.19189041063987,0.278304376642108,9.50793739059576,"210148"
"B2RXS4","Plxnb2",0.437511689560543,1.19179852366507,0.278337811098756,18.4221854563814,"140570"
"Q8R2R9","Ap3m2",0.437197175119873,1.19073922586975,0.278723502011838,18.4227600319786,"64933"
"Q62447","Ccnc",0.437165656477727,1.19063309955302,0.278762167973457,6.58106725328394,"51813"
"Q9JLV1","Bag3",0.437019662806058,1.19014159546457,0.278941302239288,13.7852359568827,"29810"
"Q4V9Z5","Sez6l2",0.436833871759894,1.18951627717056,0.279169349618393,17.4970352116362,"233878"
"Q7TN29","Smap2",0.43682790114103,1.18949618493558,0.279176679713132,17.2728850297401,"69780"
"Q8VCH6","Dhcr24",0.436500154906818,1.18839355622042,0.279579196855853,17.4416456994303,"74754"
"Q8VCM4","Lipt1",0.436414951652409,1.18810700473519,0.279683884714382,14.9402381266915,"623661"
"Q02614","Sap30bp",0.435393866496378,1.18467600733995,0.28093997152053,12.7795867461822,"57230"
"Q8K377","Lrrtm1",0.434945710664162,1.18317192052367,0.281492141407493,16.1985590071255,"74342"
"P27773","Pdia3",0.434873196269749,1.18292865193132,0.281581535861019,20.3174899716049,"14827"
"O08848","RO60",0.434533774662652,1.18179035009711,0.282000153644862,16.5239763944304,NA
"Q9D394","Rufy3",0.434458082607057,1.1815365899942,0.282093548227013,19.0009393333766,"52822"
"Q9D187","Ciao2b",0.434177434831977,1.18059597833134,0.282439964841413,14.0196960704711,"68523"
"O35409","Folh1",0.434074456620677,1.18025094555028,0.28256712784134,15.9748961711501,"53320"
"Q8R1U1","Cog4",0.43402259662635,1.18007720806675,0.282631177942778,15.9526679503571,"102339"
"Q99J36","Thumpd1",0.433800705282531,1.17933400742237,0.282905306859699,16.7664080366504,"233802"
"P50518","Atp6v1e1",0.43361058476763,1.17869742994226,0.28314028892008,22.2965281157627,"11973"
"Q8CHK3","Mboat7",0.433527985351875,1.17842092405804,0.283242408545312,18.2441144416366,"77582"
"O88291","Znf326",0.43222646305583,1.17406882894328,0.284853888620736,15.9436737963397,NA
"Q8K209","Adgrg1",0.432130341330572,1.17374777083502,0.28497307891279,14.1578371432715,"14766"
"Q6ZWM4","Lsm8",0.431530241986184,1.17174447819152,0.285717748557393,16.8672376413218,"76522"
"Q91WG2","Rabep2",0.43102067714706,1.17004491496604,0.286350817633302,17.9807741520618,"70314"
"Q8R3Z5","Cacnb1",0.430966234670235,1.16986341308212,0.286418495859036,15.8514780501057,"12295"
"Q8VEK0","Tmem30a",0.430908363436698,1.16967049751339,0.2864904449749,18.2151173791566,"69981"
"Q922R8","Pdia6",0.43082507599921,1.16939288733848,0.286594008565933,20.1915463649432,"71853"
"O88413","Tulp3",0.430621726209713,1.16871524452059,0.286846940125522,7.20240873922693,"22158"
"Q9D1R2","Kti12",0.4305246652053,1.16839187549157,0.28696770538894,11.1823166414379,"100087"
"P61957","Sumo2",0.430255077369217,1.16749397598244,0.287303262015888,19.7491254299681,"170930"
"Q8K2I4","Manba",0.430182225345856,1.16725139807528,0.287393973907285,13.6591388154814,"110173"
"Q9WUP4","Srd5a3",0.430159685492297,1.16717635201258,0.287422042292845,14.4148414568014,"57357"
"Q6NXN1","Szrd1",0.429934027503844,1.16642517513108,0.287703122861815,11.0384908054615,"213491"
"Q8JZQ9","Eif3b",0.429817054571004,1.16603589777628,0.287848877529398,19.9588576424016,"27979"
"Q05816","Fabp5",0.429693643183835,1.1656252717845,0.288002693845485,20.5695466929706,"16592"
"Q9JIG7","Ccdc22",0.429335822765902,1.164435150674,0.288448896882603,17.142452466844,"54638"
"Q6NS60","Fbxo41",0.428963091605688,1.16319615084778,0.288914051247424,18.5150619347602,"330369"
"Q99L43","Cds2",0.428855085565083,1.16283726287728,0.28904890685547,19.9018462960843,"110911"
"Q8K1L5","Ppp1r11",0.428528959910407,1.16175396662144,0.289456290929364,16.6762918096916,"76497"
"Q9JKB3","Ybx3",0.427971203226783,1.15990254684279,0.290153666577012,12.87433364644,"56449"
"Q8R2U6","Nudt4",0.427756108026052,1.15918899269012,0.290422822872559,16.9168732969455,"71207"
"Q60584","Fbxw2",0.427369858277386,1.15790825740699,0.290906455342278,6.90085797920071,"30050"
"Q62421","Sh3gl3",0.426926508702939,1.15643914541674,0.291462065639077,17.6475877428499,"20408"
"Q9ES34","Ube3b",0.426797136358637,1.15601064111032,0.291624293421581,15.6853156290786,"117146"
"O88384","Vti1b",0.426596223352752,1.15534535336939,0.291876317210383,16.8756585902391,"53612"
"Q8BHA1","Lrrc24",0.426458785883633,1.15489037404387,0.292048778609928,8.52244288894735,"378937"
"P32020","Scp2",0.426225253600636,1.15411750220426,0.292341936526539,18.451278024045,"20280"
"O08808","Diaph1",0.426163310629318,1.153912550131,0.292419718763862,18.4451251244574,"13367"
"Q3THK3","Gtf2f1",0.425972055151537,1.15327986404131,0.292659942982155,18.2007295288587,"98053"
"Q9CX80","Cygb",0.425718982699995,1.15244297350726,0.292977958717004,17.4386677264904,"114886"
"Q91WM6","Eva1a",0.425156929835597,1.15058549003781,0.293684843975558,14.3491748450441,"232146"
"Q61937","Npm1",0.425027357951244,1.15015750891049,0.293847921618041,19.8488079272998,"18148"
"Q8C0D4","Arhgap12",0.425007968347008,1.15009347169441,0.293872328916897,16.2745986673925,"75415"
"Q9D5R2","Wdr20",0.424937105597803,1.14985945275797,0.293961538073126,16.0915439988685,"69641"
"Q5SP85","Ccdc85a",0.424859850530922,1.14960435306283,0.2940588094635,17.4044038306043,"216613"
"Q3V3N7","Bbs1",0.424688145492984,1.14903748507502,0.29427505805546,15.1039668999486,"52028"
"Q9D1G2","Pmvk",0.424668482754392,1.1489725800542,0.294299826594673,18.2291982773483,"68603"
"Q80VP9","Asphd2",0.424192013448943,1.14740040152673,0.294900328636557,16.9438244835205,"72898"
"Q80UW2","Fbxo2",0.423876580003861,1.14636022327455,0.295298200429923,19.6748997185498,"230904"
"P47911","Rpl6",0.423765597677007,1.14599436718904,0.295438249637824,19.4354306509432,"19988"
"Q9DC71","Mrps15",0.423273511161696,1.14437294879214,0.296059603153156,16.6821346681362,"66407"
"O35099","Map3k5",0.423125505308728,1.14388551300915,0.296246612354329,16.9027553994362,"26408"
"O70401","Tspan6",0.423084065823525,1.14374905807195,0.296298982436389,13.1314313540194,"56496"
"Q9CZ16","Tmem178a",0.422940878327567,1.14327762719462,0.296479973290513,15.6397507852927,NA
"Q3TVP5","Otulinl",0.422905436144792,1.14316095336725,0.296524780915167,12.5562528860179,"223433"
"Q6NS82","Retreg2",0.422854542402699,1.14299342498177,0.296589128828184,21.037729258227,"227298"
"Q91XM9","Dlg2",0.42266904006431,1.14238291309708,0.296823727304289,19.8685187429768,"23859"
"Q6PFX7","Nyap1",0.422197417867747,1.14083153105472,0.297420575209921,18.7395873175336,"243300"
"Q9D7V9","Naaa",0.422143676703349,1.14065482327702,0.297488622534348,16.844147979463,"67111"
"P62259","Ywhae",0.421769767783642,1.13942576813139,0.297962275824035,25.2504478987647,"22627"
"Q80XP9","Wnk3",0.421591567498154,1.13884026479692,0.29818814096153,13.6828563829548,"279561"
"Q9CZJ9","Dnajc18",0.421510477237914,1.13857388391311,0.298290948505845,8.52801100261582,"76594"
"Q8BUV8","Gpr107",0.421487688242593,1.13849902821741,0.298319843840099,12.4751232965651,"277463"
"Q91WQ3","Yars1",0.421450919738309,1.13837825913967,0.298366467356001,18.6867282272659,"107271"
"P0C0A3","Chmp6",0.421362955981987,1.13808936288333,0.298478022177024,17.8106791483353,"208092"
"Q8BQZ5","Cpsf4",0.421285981308479,1.13783658972557,0.298575657244503,12.3318026863761,"54188"
"Q99N95","Mrpl3",0.420098217285507,1.13393993559214,0.30008417421915,15.959455351279,"94062"
"Q8BNV1","Trmt2a",0.419432920743267,1.13176041614791,0.300930732355404,9.36734916265557,"15547"
"P70671","Irf3",0.419384601908157,1.13160220934951,0.300992260475564,14.4484047470377,"54131"
"P70414","Slc8a1",0.419063484465709,1.13055109454735,0.301401317957827,19.0556803420786,"20541"
"Q3ZT31","Snx25",0.418458837525525,1.12857329780215,0.302172276364407,13.8365253395715,"102141"
"P58544","Btbd1",0.418444917944306,1.12852778837193,0.302190035751365,13.8697036669111,"83962"
"P84104","Srsf3",0.418274973110432,1.12797223927103,0.302406901400811,20.0588899793304,"20383"
"Q60571","Crhbp",0.418176481935953,1.12765033767055,0.302532619651781,14.2628672999122,"12919"
"P35585","Ap1m1",0.417982212683857,1.1270155430406,0.302780666631974,19.176159510799,"11767"
"P62700","Ypel5",0.417570564672955,1.12567105996516,0.303306589906783,13.981382104147,"383295"
"Q8BYK5","Phactr3",0.417532960726552,1.12554828363218,0.303354654715718,14.039876381046,"74189"
"P58742","Aaas",0.417278929647929,1.12471905929783,0.303679449254376,14.0479229041093,"223921"
"P13541","Myh3",0.417274513408786,1.12470464635461,0.30368509716607,15.155294204244,"17883"
"Q6NXM2","Rcbtb1",0.417257146427149,1.12464796799551,0.303707308222713,15.1876358538302,"71330"
"Q99J10","Ctu1",0.416819602363356,1.12322050427714,0.304267151176318,12.7172206016247,"233189"
"Q80UG5","Septin9",0.416737344349883,1.12295224756285,0.304372456536671,21.9442828779309,"53860"
"E9Q9R9","Dlg5",0.416622510965445,1.12257781311283,0.30451949357939,15.0416738278588,"71228"
"Q9CQ88","Tspan31",0.416597479179623,1.12249620120495,0.304551549752744,10.5051112839144,"67125"
"Q80YX1","Tnc",0.416566474691935,1.12239512059477,0.304591256923013,18.2292854238266,"21923"
"P61161","Actr2",0.416503019912267,1.12218826054646,0.304672530630498,20.790861192566,"66713"
"Q6GQW0","Abtb3",0.416492520638981,1.12215403524811,0.304685979238733,15.7227806364909,"74007"
"Q8BZS9","Dhx32",0.416191833080507,1.12117409104674,0.305071253258689,13.4057152996795,"101437"
"Q9D5T0","Atad1",0.415782779277366,1.11984169415116,0.305595752654432,17.8187556696965,"67979"
"Q9R0Q3","Tmed2",0.415765559948628,1.11978562425729,0.305617841192216,17.3329064066882,"56334"
"Q8K224","Nat10",0.415263394925053,1.11815110512506,0.306262342595519,14.4590013847494,"98956"
"Q505D7","Opa3",0.415256207224253,1.11812771853342,0.306271572336372,17.8034992648321,"403187"
"Q62203","Sf3a2",0.414543784379666,1.11581096539288,0.307187056373927,15.3590962976591,"20222"
"Q91YI0","Asl",0.414242962927468,1.11483345778139,0.307574013154836,18.094520744414,"109900"
"Q9D6U8","Fam162a",0.414213616703087,1.11473812198738,0.307611774663239,18.6769494070688,"70186"
"Q9CZL5","Pcbd2",0.414158831379797,1.11456015453628,0.307682276083501,15.7775735317719,"72562"
"Q8R0H9","Gga1",0.41402839164428,1.11413648625932,0.307850165750634,16.7744522625526,"106039"
"Q8C0Q9","Rapgef5",0.413925043658298,1.11380087080522,0.307983216568144,14.9054253393442,"217944"
"P18052","Ptpra",0.413598228569837,1.11273990326702,0.308404141084538,18.3387932269973,"19262"
"Q9CQN3","Tomm6",0.41351229782976,1.11246102520554,0.30851486198107,15.863878974622,"66119"
"Q6NVF9","Cpsf6",0.413445811093837,1.1122452749677,0.308600542500539,17.0433290650878,"432508"
"Q9QX11","Cyth1",0.413326637668672,1.11185860950581,0.30875414805349,14.1521928536107,"19157"
"Q60809","Cnot7",0.4132702194585,1.11167558120886,0.308826879601523,17.0282959075958,"18983"
"Q8CD15","Riox2",0.413014791515944,1.11084713156242,0.309156266941798,13.2952008738556,"67014"
"Q810A3","Ttc9c",0.412472705320231,1.10908998718205,0.309855869986332,19.1726301996431,"70387"
"Q8C8T8","Tsr2",0.412313712966253,1.10857489112265,0.310061204693941,17.7804025372912,"69499"
"Q8BUR9","Mzt1",0.412045188384478,1.10770521468099,0.310408144891065,10.5721130165013,"76789"
"Q9Z148","Ehmt2",0.411621415056926,1.1063334377722,0.310956046514547,8.98588429053704,"110147"
"Q6PD21","Shb",0.411487002803225,1.10589851869558,0.311129925932794,13.1385307455103,"230126"
"P61205","Arf3",0.411343851002248,1.10543541649827,0.311315162002292,17.7420483066579,"11842"
"Q80UK0","Sestd1",0.411070115338393,1.10455014401074,0.311669517672486,19.6645013064383,"228071"
"P14576","Srp54",0.411042713828033,1.10446154619462,0.311704999985294,20.1784965486711,NA
"P63028","Tpt1",0.410976681472615,1.10424805734324,0.311790513419238,21.0813643334829,"22070"
"Q9CQI3","Gmfb",0.410921042097465,1.10406818621445,0.31186257637346,20.4716438476016,"63985"
"P50427","Sts",0.410912663237372,1.10404110029798,0.311873429184703,8.78093809397148,"20905"
"Q8BMI0","Fbxo38",0.4108451181257,1.10382276293063,0.311960924305773,10.6865941847819,"107035"
"P35438","Grin1",0.410409171415978,1.10241410512927,0.312525912534028,18.6383353069066,"14810"
"O35488","Slc27a2",0.410306848422872,1.10208360456677,0.312658593936156,10.5250897389854,"26458"
"Q8BFP9","Pdk1",0.410251508646643,1.1019048794084,0.312730363743802,17.5773667067639,"228026"
"Q9CZG3","Commd8",0.410250281405998,1.10190091608197,0.312731955433302,14.9253266954214,"27784"
"O08908","Pik3r2",0.410153679929387,1.10158896790913,0.312857256363956,16.6828804323048,"18709"
"Q3URE9","Lingo2",0.41008236091215,1.10135869116073,0.312949778958988,17.3785190612816,"242384"
"Q9R1C6","Dgke",0.409799711179252,1.10044630293877,0.313316590147111,17.7061244954507,"56077"
"P26049","Gabra3",0.409693776054135,1.10010444444657,0.313454121032526,19.0070303369045,"14396"
"Q7TMY4","Thoc7",0.409479947041501,1.09941456933521,0.313731813188971,16.8771164213918,"66231"
"Q62432","Smad2",0.409219784919688,1.09857550355038,0.31406983411344,15.8965951675472,"17126"
"Q9Z307","Kcnj16",0.40864027915225,1.09670765804528,0.314823390330368,13.7317053093204,"16517"
"Q9CZ28","Snf8",0.408538638185172,1.09638021620503,0.314955646837939,18.200796122293,"27681"
"P07214","Sparc",0.408473960527114,1.09617187914296,0.31503981995163,13.5364022280178,"20692"
"Q9QZR0","Rnf25",0.40837760119171,1.09586152709577,0.315165244191616,12.2836089576208,"57751"
"Q9DBG6","Rpn2",0.408252247559674,1.09545785665011,0.315328443752703,18.3673693429845,"20014"
"Q9D6K8","Fundc2",0.40819436837108,1.09527149610003,0.315403810968879,17.7863739858948,"67391"
"P51125","Cast",0.408155212809588,1.09514543124085,0.315454802115683,15.1911472245352,"12380"
"Q8R2Y0","Abhd6",0.407425685645596,1.09279797757206,0.316405559167132,18.7608867715584,"66082"
"Q8JZQ2","Afg3l2",0.407143858599176,1.09189179397953,0.316773213834784,18.2711849878065,"69597"
"Q921N7","Tmem70",0.407060162364367,1.09162275004513,0.316882437894656,14.9403925129978,"70397"
"Q80WC7","Agfg2",0.407032513638578,1.09153387967008,0.316918523558977,16.9714222533141,"231801"
"Q99LN9","Dohh",0.406751320740677,1.09063025492088,0.317285632337482,18.0168752332426,"102115"
"Q99JY9","Actr3",0.406406893075793,1.08952392877736,0.317735570969108,20.0051533637493,"74117"
"Q8BG32","Psmd11",0.405342628219171,1.08610894583993,0.319127766409334,19.2657804801121,"69077"
"P21237","Bdnf",0.405053432250731,1.08518189623175,0.31950656936836,10.7085696211719,"12064"
"Q923S6","Neurl1",0.404540524360428,1.08353867135356,0.320178923413013,13.5219733928895,NA
"Q8BXN9","Tmem87a",0.404531558419429,1.08350995766739,0.32019068250764,16.6716909444635,"211499"
"Q9QZ05","Eif2ak4",0.404361303750032,1.08296478302793,0.320414015211022,7.78535407224932,"27103"
"P98192","Gnpat",0.404301988302026,1.08277487989712,0.320491839920477,13.3406143824783,"14712"
"Q99JB8","Pacsin3",0.403959746760108,1.08167948515663,0.32094105149727,17.1043709061129,"80708"
"Q9CY66","Gar1",0.403836089349375,1.08128383483533,0.321103431953424,15.6884557782954,"68147"
"Q3U0B3","Dhrs11",0.403750718294963,1.08101072564762,0.321215559382638,14.9682799203873,"192970"
"O88561","Slc27a3",0.403730935441361,1.08094744344962,0.321241545070574,8.27663203994078,"26568"
"O88685","Psmc3",0.403701616509536,1.08085366018796,0.321280058660065,18.5132000601545,"19182"
"Q8VDI9","Alg9",0.403650523885545,1.08069023833415,0.321347179556276,11.0592881498992,"102580"
"P25444","Rps2",0.403401475532566,1.07989381983922,0.321674451595827,19.6611247797128,"16898"
"Q9QYY8","Spast",0.403343823342094,1.07970949783313,0.321750234181288,16.2636659360633,"50850"
"Q9D1R9","Rpl34",0.403343196821737,1.07970749484547,0.321751057775294,19.004508212839,"68436"
"Q91V36","Nrbp2",0.403279271756863,1.07950313573274,0.321835095865734,19.9128445797484,"223649"
"P60229","Eif3e",0.402998925831023,1.07860713348528,0.322203770476694,17.9997133019904,"16341"
"Q8BMQ2","Gtf3c4",0.402812483672148,1.07801145399384,0.32244906519641,12.6570561570334,"269252"
"P18826","Phka1",0.402339286953055,1.07650031746517,0.323072026711344,17.2582570520233,"18679"
"Q6PEE2","Ctif",0.402334537383794,1.07648515511052,0.323078282370778,13.6684351819928,"269037"
"P22315","Fech",0.40207838271662,1.07566756969626,0.323415748277705,17.4751763313765,"14151"
"Q9R069","Bcam",0.401872166582724,1.07500959524731,0.323687544176826,18.2435581429787,"57278"
"P70279","Surf6",0.4018108649923,1.07481403769589,0.323768361299321,11.5499320641527,"20935"
"Q9CZ04","Cops7a",0.40161768781683,1.074197897933,0.32402309907635,18.6640423339251,"26894"
"P97346","Nxn",0.40133795841732,1.07330600230912,0.324392138135546,14.5857673805154,"18230"
"Q8BGD9","Eif4b",0.401289694644163,1.073152153215,0.32445583115152,20.0016317982999,"75705"
"P27038","Acvr2a",0.401180834931038,1.07280518323358,0.324599513362647,18.2689013389581,"11480"
"Q6PH08","Erc2",0.401090360000117,1.07251685253252,0.324718952556399,21.0007731681883,"238988"
"Q91YJ2","Snx4",0.400982348251585,1.07217268347619,0.324861569788827,17.0219206312939,"69150"
"Q9JKR6","Hyou1",0.400929123485342,1.07200310747238,0.324931857870457,22.9371438057571,"12282"
"Q9QZM0","Ubqln2",0.400904309451611,1.07192405349684,0.324964629472942,19.7330379599661,"54609"
"Q9JMF3","Gng13",0.400182665350184,1.06962622645871,0.325918375787621,17.0479774078547,"64337"
"Q80TQ5","Plekhm2",0.400129871554196,1.06945821590442,0.325988201187164,17.9436800994028,"69582"
"A4Q9F0","Ttll7",0.399740074961577,1.06821812245249,0.326503965941308,13.380854364568,"70892"
"P97480","Eya3",0.399683977883239,1.06803971279341,0.326578223076125,11.6548112980985,"14050"
"Q99PL6","Ubxn6",0.399578145354002,1.06770316471015,0.326718337879124,18.2226181178894,"66530"
"Q99LH2","Ptdss1",0.399454528654326,1.06731012718317,0.326882033383891,16.1769464706654,"19210"
"Q9JKC6","Cend1",0.399254090586483,1.06667298441893,0.32714753892397,21.1241273787002,"57754"
"Q03391","Grin2d",0.398970020053448,1.0657703064627,0.327523999440163,12.3563692125344,"14814"
"Q03157","Aplp1",0.398889419268755,1.06551425151713,0.327630851486787,19.6190926525119,"11803"
"Q3UHD2","Gfod1",0.398887324442643,1.06550759700349,0.32763362880492,15.2628880980202,"328232"
"Q3TYX3","Smyd5",0.398778837729602,1.0651630006124,0.327777475457378,16.3489332238216,"232187"
"Q9JK42","Pdk2",0.398769322042953,1.06513277759299,0.327790094079864,17.6472081122836,"18604"
"P63101","Ywhaz",0.398142456433397,1.0631426737338,0.328621873553397,24.5167105817205,"22631"
"Q9JIN6","Kcnmb4",0.398126688801009,1.06309263923506,0.328642808145446,8.74633663722802,"58802"
"Q9CQJ2","Pih1d1",0.397995371150138,1.06267598015957,0.32881718207648,12.0381089232514,"68845"
"Q7TQD2","Tppp",0.397958503659554,1.06255901689,0.328866145426171,21.9275965386685,"72948"
"Q02105","C1qc",0.397823261798028,1.06213001021083,0.329045788038813,16.9720893013975,"12262"
"Q9CQG6","Tmem147",0.397613850316348,1.06146588907868,0.329324041251252,14.6181813921948,"69804"
"Q9CR20","Ier3ip1",0.39728787122897,1.06043248099561,0.329757401465919,15.0782018252076,"66191"
"Q9DCE5","Pak1ip1",0.39723430921407,1.06026272608699,0.329828632912643,13.5213355637597,"68083"
"Q9CYG7","Tomm34",0.397064244996157,1.05972382422967,0.33005484687636,19.3343064648356,"67145"
"P07901","Hsp90aa1",0.396958421192328,1.05938855370333,0.330195646922661,22.838624210556,"15519"
"Q9CRY7","Gdpd1",0.3968391262637,1.05901066414903,0.330354404165634,19.8781862426657,"66569"
"Q8R1V4","Tmed4",0.39663597024051,1.05836727507952,0.33062484556785,17.7688344270451,"103694"
"P30875","Sstr2",0.396488383093665,1.05789998672383,0.330821378537216,10.6164791795827,"20606"
"P62242","Rps8",0.39608831906871,1.05663379888191,0.331354394364117,22.5314314018494,"20116"
"Q3U487","Hectd3",0.39598586770026,1.05630965893728,0.331490957500963,14.6320479070888,"76608"
"Q8BGY7","Mims1",0.395945019062269,1.05618043334637,0.331545414255873,16.3327086472993,NA
"P62631","Eef1a2",0.395708094057137,1.05543106231949,0.33186134969555,22.1588754604329,"13628"
"Q8C7X2","Emc1",0.395676141116002,1.0553300173639,0.331903969149489,18.9773871837305,"230866"
"Q99JR6","Nmnat3",0.395538528375322,1.05489489577757,0.332087548898726,9.62262284330733,"74080"
"Q9CWD3","Nudt17",0.395497161245285,1.05476411235501,0.332142743223075,8.78703838380607,"78373"
"P47867","Scg3",0.395486499298716,1.05473040552447,0.332156969678899,8.4152478644036,"20255"
"Q5HZI2","C2cd4c",0.395354313924121,1.05431255475863,0.332333370980452,16.587366318855,"237397"
"O54929","Wsb2",0.39502252167178,1.05326406923883,0.332776340078054,16.8937350079438,"59043"
"Q8CHX7","Rftn2",0.39485436642611,1.0527328740369,0.333000945841925,22.1518486132286,"74013"
"O08917","Flot1",0.394007248679786,1.05005876950138,0.334133519606639,19.9070936292104,"14251"
"Q5SX39","Myh4",0.393988138201287,1.04999847986174,0.334159090476269,12.1784327755568,"17884"
"Q62048","Pea15",0.39383151329964,1.04950442115733,0.334368697546546,21.3353186547689,NA
"P55258","Rab8a",0.393381158422158,1.04808442107298,0.334971736915837,18.0750615301095,"17274"
"Q62443","Nptx1",0.393280488043205,1.04776712253748,0.335106606905624,18.2471748962581,"18164"
"Q9R0N4","Syt10",0.393102020165833,1.04720472704551,0.33534576576356,14.7942556887414,"54526"
"Q9CQX5","Cldnd1",0.39305914555576,1.04706963962708,0.33540323242898,16.55197459111,"224250"
"Q99PL5","Rrbp1",0.393034769033316,1.04699283876392,0.335435907362988,19.7057180241237,"81910"
"Q8K012","Fnbp1l",0.392749360041714,1.04609382109811,0.335818587275656,16.4567406058671,"214459"
"Q64337","Sqstm1",0.39237111023249,1.04490291217916,0.336326061979429,16.7412176776044,"18412"
"Q5U3K5","Rabl6",0.392230414595069,1.04446009584701,0.336514915640014,17.1079200018137,"227624"
"P12025","Mdk",0.392014647482263,1.04378117269671,0.336804632345328,8.76907952562403,"17242"
"Q9DBN4","P33monox",0.391577100075473,1.04240503021229,0.337392495430437,17.3931390517955,NA
"Q8R349","Cdc16",0.391465919704053,1.04205548688521,0.337541946731671,17.7573041554261,"69957"
"P32300","Oprd1",0.391437470137542,1.04196605209518,0.337580194254105,6.70927990156832,"18386"
"Q8VI24","Satb2",0.391429303334756,1.04194037937545,0.337591174054004,18.4307927603558,"212712"
"Q80XL6","Acad11",0.391391601385187,1.0418218653342,0.337641864321322,13.2061058586393,"102632"
"Q6DIB5","Megf10",0.39135942564149,1.04172072752233,0.337685127399878,7.07414401412934,"70417"
"Q80X41","Vrk1",0.391165501987063,1.04111126403674,0.337945929063389,15.5626594848353,"22367"
"P84089","Erh",0.391082193292145,1.04084949165962,0.338057996934794,19.2662665609781,"13877"
"Q8K4T3","Stradb",0.390917334505664,1.04033156179803,0.338279817804556,11.2914278748071,"227154"
"Q3TLS3","Gdpgp1",0.390761896102081,1.03984333580362,0.338489025187581,18.8836276988296,"269952"
"Q7TN33","Celf6",0.390759768540148,1.03983665394264,0.338491889128258,15.4640871382388,"76183"
"Q9DBZ5","Eif3k",0.390634480245219,1.03944320584541,0.338660561262022,20.6478987483782,"73830"
"Q61214","Dyrk1a",0.390538511284569,1.03914187659181,0.338789787953501,17.1211705610568,"13548"
"Q60629","Epha5",0.390464351944317,1.03890905390966,0.338889662630936,15.9563756200258,"13839"
"Q9Z0P5","Twf2",0.39041416950212,1.03875152005321,0.338957253975126,18.0978858207982,"23999"
"G3XA57","Rab11fip2",0.39028285848754,1.03833935723243,0.339134147956017,17.2715630452681,"74998"
"Q7TPD2","Fam185a",0.390089351302627,1.03773210749478,0.339394906701828,12.5428588067949,"330050"
"Q7TS68","Nsun6",0.389460779071385,1.03576068745692,0.340242573888259,5.95856086304167,"74455"
"Q8QZY1","Eif3l",0.389284485297626,1.03520807573124,0.340480492411113,18.747098521411,"223691"
"Q9JIS5","Sv2a",0.389121804372601,1.03469825389079,0.340700107918982,21.3901205714194,"64051"
"Q9QYE6","Golga5",0.388753258194989,1.03354369771855,0.341197879185016,12.4133794805224,"27277"
"Q8CAF4","Nhsl1",0.388710223001814,1.03340891814696,0.341256025934631,10.329602848364,"215819"
"P61166","Tmem258",0.388631838446524,1.03316345030948,0.34136194654497,15.6896087563153,"69038"
"Q8BK63","Csnk1a1",0.388560569717235,1.03294028921404,0.341458264775634,17.3085617955752,"93687"
"O54931","Pakap",0.388504148213799,1.03276363416542,0.341534526196886,19.2108357499104,"677884"
"Q6NXK2","Znf532",0.387979741259761,1.03112237633024,0.342243710993317,13.8390128520738,NA
"P51141","Dvl1",0.387933947470228,1.03097910965036,0.342305672771513,15.5540994591139,"13542"
"Q0V8T9","Cntnap5a",0.387622152098593,1.03000389114148,0.342727688611258,15.7238700468629,"636808"
"Q8BVW0","Ganc",0.387421670886697,1.02937705547548,0.342999167311853,11.338647242474,"76051"
"Q8JZY2","Commd10",0.387289466202161,1.02896379101069,0.343178244662025,16.6216750487632,"69456"
"Q8JZM7","Cdc73",0.387243880844651,1.02882131104319,0.34324000213942,14.2999768676995,"214498"
"Q8K1S2","Unc5d",0.386936932523425,1.02786215532937,0.343655978742002,13.4571468350903,"210801"
"Q80TG9","Lrfn2",0.386835094517935,1.02754401954372,0.34379404105349,14.1960620709874,"70530"
"Q8BH32","Susd4",0.386637948948065,1.02692827429533,0.344061385029667,9.99012091238541,"96935"
"Q9D0L8","Rnmt",0.386527657004439,1.02658387140963,0.344210990879356,17.0462211412453,"67897"
"Q8BH04","Pck2",0.386461118586714,1.02637612041531,0.344301261629786,17.6617733201108,"74551"
"Q9Z1X2","Ptdss2",0.386227460183467,1.02564672468048,0.344618345703666,15.1595452977282,"27388"
"Q8CCN5","Bcas3",0.386012388770918,1.02497555581497,0.344910325395066,19.9275548625453,"192197"
"Q3UBZ5","Mif4gd",0.385869044766685,1.02452833426036,0.345104991667718,9.9940976270432,"69674"
"Q5DTN8","Jakmip3",0.385800531370676,1.02431460887331,0.345198053181123,16.2334239873751,"74004"
"Q9CY97","Ssu72",0.385762931248806,1.0241973249363,0.345249130212404,15.9352776099602,"68991"
"P57759","Erp29",0.38559276402181,1.02366660686614,0.345480333546621,18.532922310631,"67397"
"P49710","Hcls1",0.38555207778651,1.02353973269017,0.345535623807788,8.6317294731614,"15163"
"Q9D328","Tmem35a",0.385493449415237,1.02335692087599,0.345615303570114,18.4593939893615,"67564"
"Q06180","Ptpn2",0.385483987358468,1.02332741816715,0.345628163912459,14.8166342802886,"19255"
"Q8BI08","Mal2",0.385259434211613,1.02262737231625,0.345933429701576,20.5353308779784,"105853"
"Q8CCS6","Pabpn1",0.38506472265064,1.0220205304861,0.346198228180899,16.3569529122488,"54196"
"O70480","Vamp4",0.385053789087398,1.02198645948362,0.346213100073458,16.0693205479164,"53330"
"Q80TS7","Ddn",0.384908620477414,1.02153413515817,0.346410587079193,16.2649191699531,"13199"
"Q8VEE4","Rpa1",0.384794175984376,1.02117760546627,0.346566313607257,15.8757486871724,"68275"
"Q8CH18","Ccar1",0.384279891120094,1.01957613237475,0.347266506995173,15.520354032682,"67500"
"Q921L3","Tmco1",0.384007635653342,1.01872878511969,0.347637442978486,17.0124678139848,"68944"
"Q99MD9","Nasp",0.383777787279734,1.01801366513712,0.347950742867692,15.5926613946744,"50927"
"Q99P58","Rab27b",0.383773835836198,1.01800137307656,0.347956130103743,17.1953632045913,"80718"
"Q9JM13","Rabgef1",0.383561073350569,1.01733961317956,0.348246258327623,16.5988462406252,"56715"
"P84078","Arf1",0.383382115382428,1.0167831432986,0.348490375867905,20.9727015922169,"11840"
"O55135","Eif6",0.383382085166019,1.016783049352,0.348490417092907,18.7609621435221,"16418"
"Q9CY57","Chtop",0.383182657722646,1.01616308781814,0.348762549712066,16.2537374907425,"66511"
"Q80Z38","Shank2",0.382908854522467,1.01531218512671,0.34913633206745,20.2459875604775,"210274"
"P63082","Atp6v0c",0.382795432705773,1.01495979415944,0.349291223649165,22.6673161715624,"11984"
"Q3UXZ6","Fam81a",0.382728105945078,1.01475064165301,0.349383181614633,18.1799281886634,"76886"
"Q9R020","Zranb2",0.382714212528994,1.01470748371679,0.349402159259379,15.5863926910064,"53861"
"Q9CPV4","Glod4",0.382663741222064,1.01455070851183,0.349471104277161,18.9182963585491,"67201"
"Q8R4S0","Ppp1r14c",0.382357717260876,1.01360035719856,0.349889273968072,15.0024153830456,"76142"
"Q922B6","Traf7",0.382356678577702,1.01359713225419,0.349890693678244,13.8599744997404,"224619"
"Q8R059","Gale",0.382206906188157,1.01313216014662,0.350095435710517,16.9366309919367,"74246"
"Q9WUR9","Ak4",0.382197335573871,1.01310245111563,0.350108520809792,18.46792301616,"11639"
"Q80TL4","Phf24",0.38174585879231,1.01170141367305,0.35072604188594,19.6789384326307,"230085"
"Q4QQM4","Trp53i11",0.381547321349254,1.01108557428839,0.350997755346286,17.6106371649553,"277414"
"Q8BUY5","Timmdc1",0.381511427875008,1.01097425451305,0.351046888559934,13.5098376953803,"76916"
"Q9WV18","Gabbr1",0.381431054925717,1.01072500580678,0.35115691946057,17.8573672382832,"54393"
"Q921G8","Tubgcp2",0.381240003790696,1.01013263490848,0.351418532633585,19.8918841621373,"74237"
"Q8BLC3","Lypd1",0.381128827900138,1.00978799396078,0.351570810825678,16.0633994807157,"72585"
"Q8CDU6","Hectd2",0.381124224170417,1.00977372368252,0.351577117229267,6.68523726701685,"226098"
"Q8K2Q5","Chchd7",0.380636430090809,1.00826219564228,0.352245613635563,14.4973629748615,"66433"
"Q62141","Sin3b",0.380480041838074,1.00777780367317,0.352460058587115,15.8299038522991,"20467"
"Q8K4G5","Ablim1",0.380409767761587,1.00756017192222,0.352556440255758,19.3197444167762,"226251"
"Q6KAR6","Exoc3",0.38040441756207,1.00754360372813,0.352563778606904,17.4438039247354,"211446"
"Q8CHG5","Arel1",0.380345826903426,1.00736217124231,0.352644146316542,8.12823767552288,"68497"
"O70310","Nmt1",0.380073679714969,1.0065196230692,0.353017555314966,18.3841133399776,"18107"
"Q9JLB0","Pals2",0.379845004319851,1.0058118966949,0.353331456984819,18.0670851910108,"56524"
"Q9DAU1","Cnpy3",0.379814314146439,1.00571693023146,0.353373594949142,16.1073008617952,"72029"
"Q9D1L0","Chchd2",0.379782897128377,1.00561971866823,0.353416733257826,16.9943398951448,"14004"
"Q924L1","Letmd1",0.379726189308506,1.00544426177309,0.353494604135969,16.7039981546487,"68614"
"Q3UHD3","Mtus2",0.379616543189823,1.00510504863031,0.353645191833409,13.6463474507351,"77521"
"Q6P5G6","Ubxn7",0.378967025733819,1.00309664481727,0.354537838036121,16.5344719739865,"224111"
"Q9CQL4","Mrpl20",0.378780479257412,1.00252013580676,0.35479440284892,13.6755267327075,"66448"
"Q9DB60","Prxl2b",0.378752555794697,1.00243385255109,0.354832814388198,18.0311108358695,"66469"
"Q6P3D0","Nudt16",0.378551925311318,1.00181400006416,0.355108857633462,19.5241776218871,"75686"
"Q61735","Cd47",0.378465833023011,1.00154806651282,0.355227340216934,21.0410842087908,"16423"
"Q8C145","Slc39a6",0.378326698234469,1.0011183522135,0.355418859456528,15.8526024675114,"106957"
"Q9QUQ5","Trpc4",0.378258930129682,1.00090908080492,0.355512159397733,9.68930453953149,"22066"
"Q8VE97","Srsf4",0.377942814472673,0.999933147339298,0.355947520058599,16.3900768698165,"57317"
"Q8CFI2","Cdc34",0.377894012979799,0.999782520467158,0.356014752066211,13.7960455742068,"216150"
"Q9WVH4","Foxo3",0.377886796378662,0.999760247095491,0.35602469460115,10.4454422283361,"56484"
"Q99L48","Nmd3",0.377788306107758,0.999456287232343,0.356160400344268,11.3246552291663,"97112"
"O54781","Srpk2",0.377722242131661,0.999252423310633,0.356251440416387,18.1437350420662,"20817"
"Q8CFV9","Rfk",0.377661767106002,0.999065821691108,0.356334787876671,16.5875490221321,"54391"
"P13439","Umps",0.377426147051791,0.998338935107547,0.356659607177703,16.7806419484686,"22247"
"Q71M36","Cspg5",0.376883998643992,0.996667268454374,0.357407509699875,19.1356221646534,"29873"
"P63001","Rac1",0.37554122448931,0.992532077001418,0.35926295600397,21.237718842118,"19353"
"P35282","Rab21",0.375460133366931,0.992282583195532,0.359375147552518,20.834789968947,"216344"
"Q9Z1M7","Large1",0.3753700505283,0.992005455594801,0.359499798010214,11.9449417190371,"16795"
"Q99JF5","Mvd",0.375313505310004,0.991831518638475,0.359578051434233,14.5677904437865,"192156"
"A2ASI5","Scn3a",0.374974099022617,0.990787752447933,0.360047921246777,14.7048789771548,"20269"
"Q8BFY6","Pef1",0.374855164722777,0.990422107020526,0.360212638285262,19.0927556697868,"67898"
"Q61851","Fgfr3",0.374795191940475,0.99023775139732,0.360295710039447,14.8263318105675,"14184"
"E9Q6C8","Xkr6",0.374593667140449,0.989618372473527,0.360574917301208,12.6124559606852,"219149"
"Q03141","Mark3",0.374153634410669,0.988266515174136,0.361184911837827,18.1010978739711,"17169"
"Q8BHS3","Rbm22",0.374070144992359,0.988010108773172,0.361300701638108,13.8761021605055,"66810"
"Q5U4E0","Lhfpl4",0.373980348411569,0.987734363465476,0.361425257488868,13.9410688428199,"269788"
"Q9D289","Trappc6b",0.373953601626092,0.987652236285126,0.361462361421493,17.0924626447201,"78232"
"P63056","Olfm3",0.373409781351532,0.985983033010348,0.362217139163135,16.2823303124235,"229759"
"O55022","Pgrmc1",0.372839353668601,0.98423343017097,0.363009611702798,21.7675443821848,"53328"
"Q9CR89","Ergic2",0.372637537538397,0.983614734889382,0.363290174496791,14.3794290926177,"67456"
"Q60780","Gas7",0.372598822014529,0.983496065624867,0.363344007643361,19.5329509936849,"14457"
"O88705","Hcn3",0.372533889254032,0.983297049729842,0.363434303420977,16.6061259370299,"15168"
"Q61391","Mme",0.372438793506405,0.983005615941458,0.363566562287811,18.9231814169908,"17380"
"Q9CYP7","Sesn3",0.372203222623363,0.982283831886397,0.363894287225008,16.105484133919,"75747"
"Q8BYP3","Rhof",0.372168425039976,0.982177231534031,0.363942708748397,15.2255903516262,"23912"
"Q9D2M8","Ube2v2",0.372111793283356,0.982003753752752,0.364021519179657,18.6873177354481,"70620"
"Q9D5V5","Cul5",0.372027748244073,0.98174632542836,0.36413849296128,20.3225282879294,"75717"
"Q61220","Nell2",0.371836189814945,0.981159690388711,0.364405167201026,17.528669594335,"54003"
"Q91YL2","Rnf126",0.371750323705662,0.980896778318704,0.364524732614923,14.8688799613465,"70294"
"Q68FD9","Kiaa1549",0.371685829693568,0.980699324343839,0.364614549816428,22.0141300156982,NA
"Q69ZK9","Nlgn2",0.371528643928943,0.980218155580521,0.364833495490177,19.0315984322621,"216856"
"Q3UHB1","Nt5dc3",0.371443772733062,0.97995839301635,0.36495173812719,19.6490281786789,"103466"
"Q6P1Y8","Inpp4b",0.371431026920442,0.979919384775395,0.364969497100413,15.5286213343924,"234515"
"Q80ZX8","Spag1",0.371267814190736,0.979419933087408,0.365196938853399,6.17544523120105,"26942"
"Q61206","Pafah1b2",0.371046707704128,0.978743487081749,0.365505159260649,20.5504558676894,"18475"
"Q8CE50","Snx30",0.370997061354785,0.978591627198642,0.365574381944758,18.3662255789708,"209131"
"Q9CWK8","Snx2",0.370983618201369,0.978550508513841,0.365593126962118,19.1032853395556,"67804"
"P28663","Napb",0.370796467016619,0.977978141709146,0.365854133997025,21.7606704542827,"17957"
"P08046","Egr1",0.370769328146159,0.97789515403374,0.365891989710136,9.65156806699311,"13653"
"P21278","Gna11",0.370623142385906,0.977448184035097,0.366095933009586,19.1166537549585,"14672"
"Q6PA06","Atl2",0.37059173995893,0.977352180592744,0.366139749124314,18.5565219866516,"56298"
"Q8K010","Oplah",0.370570477307688,0.977287178660246,0.366169418452877,19.3329455898854,"75475"
"Q9CYH2","Prxl2a",0.370535370152586,0.977179856670289,0.366218408400154,19.2526955477585,"70564"
"Q3TCJ1","Abraxas2",0.369740505711485,0.974751266953358,0.367328384913987,15.216596915679,"109359"
"Q3TC33","Ccdc127",0.369260465416812,0.973285776734147,0.367999462674508,16.3081189795372,"67433"
"Q9D1G3","Hhatl",0.369095344884478,0.972781897407154,0.368230422215376,16.2950583548329,"74770"
"P24638","Acp2",0.368924975171403,0.972262111543576,0.368468792292879,16.755014829424,"11432"
"O55201","Supt5h",0.368703649176562,0.971587031086951,0.368778560651511,16.960648065998,NA
"Q91Z31","Ptbp2",0.368554599706763,0.971132513617439,0.368987236577994,18.4756265910343,"56195"
"Q9CQL7","Mrfap1",0.367575960110472,0.968150360361697,0.370358693204648,15.0452239916042,"67568"
"Q8BGY4","Klhl26",0.36752951313001,0.968008917670796,0.370423840375268,14.4048330385179,"234378"
"Q61161","Map4k2",0.367370769998198,0.967525568278328,0.370646534490906,13.8621819130297,"26412"
"Q9CQD4","Chmp1b2",0.367354364114728,0.967475620360349,0.370669553044906,16.7463657728881,"67028"
"Q80TS3","Adgrl3",0.367341494819607,0.967436440360594,0.370687609977403,17.0938614500745,"319387"
"Q8CD26","Slc35e1",0.367336064686236,0.967419908752433,0.370695229126291,12.4082081881567,"270066"
"Q9D706","Rpap3",0.36717107152977,0.966917654752739,0.37092676844018,16.3514667372875,"71919"
"Q3TZZ7","Esyt2",0.367099093178,0.966698579233865,0.371027797908718,17.7958631551979,"52635"
"Q99JI6","Rap1b",0.36706687395469,0.966600522320668,0.371073025102136,18.3503870926544,"215449"
"Q9JKB1","Uchl3",0.366820837444023,0.965851860247052,0.371418476248954,18.671539990632,"50933"
"Q9DCA2","Mrps11",0.366627869487789,0.965264843831264,0.371689516572615,13.8566957919614,"67994"
"P34914","Ephx2",0.366381211415713,0.964514709423862,0.372036098388098,17.4055592744822,"13850"
"O35143","Atp5if1",0.366171190314981,0.96387618019856,0.372331315305377,20.5394469322989,"11983"
"Q61036","Pak3",0.366064132293245,0.96355075610474,0.372481842164764,17.6031746468484,"18481"
"Q9CPV3","Mrpl42",0.365780138216041,0.962687713742075,0.372881278548452,16.9569357370639,"67270"
"Q61743","Kcnj11",0.365695422770191,0.962430328301231,0.373000467556507,15.2448624999158,"16514"
"Q8K0S0","Phyhip",0.365674717238121,0.962367424226668,0.373029601458674,20.4924667032979,"105653"
"Q9WTR6","Slc7a11",0.365611471910775,0.962175293093983,0.373118597663378,15.9659406387419,"26570"
"Q52KI8","Srrm1",0.365182974459265,0.960873978160109,0.373721811745336,15.6659108858104,"51796"
"Q0V8T8","Cntnap5b",0.36507949695624,0.960559830361603,0.373867546770415,9.07685222543089,"241175"
"Q9DBU6","Rsrc1",0.364937840810294,0.960129842455866,0.374067092806155,10.869208976006,"66880"
"P22907","Hmbs",0.364699414779614,0.959406289606031,0.37440306267244,13.8916084955694,"15288"
"Q9CZ44","Nsfl1c",0.364188370171196,0.957856152552364,0.375123637728413,18.8289495684611,"386649"
"Q9CQU0","Txndc12",0.364140660583451,0.957711487368069,0.375190940036045,16.8526800334683,"66073"
"Q8BG99","Pknox2",0.363895944957509,0.956969596354712,0.375536236873308,8.77931523386958,"208076"
"Q8CAE9","Podxl2",0.363851581756735,0.956835127324329,0.375598849094515,14.9447808823695,"319655"
"Q8BGZ1","Hpcal4",0.363658780085559,0.956250814504728,0.375871014805074,21.8144172797807,"170638"
"Q6TEK5","Vkorc1l1",0.363595043733983,0.956057683601315,0.375961006661206,17.2942021725879,"69568"
"O70152","Dpm1",0.363466706855861,0.95566885014849,0.376142239701472,15.6580853675332,"13480"
"O35181","Nrg3",0.363043497633249,0.954387060204588,0.376740157657462,12.5031193287102,"18183"
"O70228","Atp9a",0.362983417402222,0.954205148091709,0.376825074466827,19.2435861795759,"11981"
"Q9WVI9","Mapk8ip1",0.362938663288987,0.954069649610042,0.37688833503658,14.3908129168546,"19099"
"Q9D6I9","Lurap1",0.362810626007202,0.953682043270557,0.377069343681867,10.7934768856758,"68075"
"Q6DFW4","Nop58",0.362690159276817,0.953317411999425,0.377239685068885,18.5861619882843,"55989"
"P62855","Rps26",0.362470405558171,0.952652398482272,0.377550507740793,20.0662059401869,"27370"
"P61963","Dcaf7",0.362453158651804,0.952600214045402,0.377574906828247,16.9495079133811,"71833"
"Q9JHZ2","Ankh",0.362445777502958,0.952577881045485,0.377585349106644,19.4249450220186,NA
"Q9CR56","Nkiras2",0.362402513656034,0.952446982606144,0.377646558037266,11.9548277824904,"71966"
"Q6PDG8","Mon1a",0.362257343492619,0.952007809744318,0.377851974525388,13.1062198620143,"72825"
"Q8BP92","Rcn2",0.362200795325049,0.951836760221979,0.377932003920852,18.3703393177107,"26611"
"Q9D1A2","Cndp2",0.361931896602569,0.951023548355042,0.378312664197998,19.5438518164291,"66054"
"Q8VDK1","Nit1",0.361702822577705,0.950330991075264,0.378637082106814,17.452615852055,"27045"
"O35526","Stx1a",0.361339664676322,0.94923346505186,0.379151645053565,21.9369868540607,"20907"
"Q9JM76","Arpc3",0.361197740280758,0.948804680040244,0.379352823957246,20.9492457025018,"56378"
"Q3UA37","Qrich1",0.360969488379171,0.948115239547041,0.37967647226245,16.6344316929201,"69232"
"Q9R0M6","Rab9a",0.360622729512259,0.947068220673654,0.38016839146705,17.316457716634,NA
"Q9JME5","Ap3b2",0.360555457090625,0.946865147690198,0.380263858271048,19.2998955553857,"11775"
"Q91Y86","Mapk8",0.360527341613245,0.946780281482511,0.380303760313138,19.5068418082179,"26419"
"Q8R395","Commd5",0.360487629530012,0.946660416122487,0.380360123656115,15.2379808999265,"66398"
"P21661","Pcsk2",0.360466819905211,0.9465976075478,0.380389660229126,18.9193912208245,"18549"
"Q5U419","Slc33a2",0.360288740901581,0.946060187655197,0.380642462011248,6.64429005304183,NA
"Q9ER58","Spock2",0.360102881240265,0.945499413484142,0.380906388777049,16.6108284679215,"94214"
"Q9Z0Y1","Dctn3",0.359914895716412,0.944932356763034,0.381173416932123,18.4518639722133,"53598"
"Q9D164","Fxyd6",0.359824280624408,0.944659064347679,0.381302162785765,19.7131676640974,"59095"
"P61809","Cdk5r1",0.359500606735193,0.943683124189481,0.381762195889326,17.0910847560053,"12569"
"P19324","Serpinh1",0.359477014926849,0.943612005569781,0.381795736210753,17.4262445071821,"12406"
"O35127","Grcc10",0.35942043100567,0.943441439136903,0.381876186530933,16.8797251485746,"14790"
"Q31125","Slc39a7",0.359401635478071,0.943384784588872,0.381902911442852,14.3589324767597,"14977"
"Q8BSK8","Rps6kb1",0.359252662565382,0.942935788591814,0.382114761801342,15.6378357657626,"72508"
"Q68EF6","Begain",0.359123897433873,0.942547764400904,0.382297917181748,20.7257415116269,"380785"
"Q8BGY2","Eif5a2",0.359054618452659,0.942339022890126,0.382396475622802,16.1867323931956,"208691"
"P32037","Slc2a3",0.359041972543159,0.942300921975678,0.382414467303524,20.4409110924264,"20527"
"Q8C1Y8","Ccz1",0.358831218124232,0.941666026767036,0.382714368582878,16.1160287625136,"231874"
"A2APV2","Fmnl2",0.358525396724515,0.940745037329264,0.383149734354152,16.7719394217308,"71409"
"Q9ESL4","Map3k20",0.35847152108871,0.940582825413746,0.383226454141181,7.98842918335568,"65964"
"A2AKG8","Focad",0.358417004300956,0.94041869405745,0.383304093861871,14.6320518995568,"230393"
"Q9JHU9","Isyna1",0.358362954878847,0.940255980676366,0.383381074860604,16.367531437485,"71780"
"P61290","Psme3",0.358306021715201,0.940084597650923,0.383462170488212,16.5000995462951,"19192"
"A1A5B6","Tbc1d25",0.358275705221755,0.93999334235258,0.383505356414939,12.8426360006388,"209815"
"Q61207","Psap",0.358228412905681,0.939850995153876,0.383572728744965,17.0622724540645,"19156"
"A2A6Q5","Cdc27",0.358038898691188,0.939280651327523,0.383842762024886,13.6749533839562,"217232"
"Q9CQE7","Ergic3",0.357740601927644,0.938383195654187,0.384267966702389,12.9437569182461,"66366"
"Q9DD03","Rab13",0.357714416933867,0.938304431213644,0.384305301828617,10.2295693104235,"68328"
"A2AIV2","Virma",0.357682202648723,0.938207534151325,0.384351235848591,8.49130907344609,"66185"
"Q9EPU5","Tnfrsf21",0.357368007358752,0.937262670247181,0.384799370989101,15.5468171314326,"94185"
"Q9Z1J2","Nek4",0.357347357289495,0.937200583100792,0.384828832162188,14.1038717905392,"23955"
"P28667","Marcksl1",0.357064932513418,0.936351593977564,0.385231863789276,15.8667418874549,"17357"
"P22935","Crabp2",0.357026848161408,0.936237132214833,0.385286225969267,12.2053863921452,"12904"
"Q6PF93","Pik3c3",0.356870861261674,0.935768372520921,0.385508919390224,19.6170814870948,"225326"
"Q8R570","Snap47",0.356739982724727,0.935375135732282,0.385695810908807,18.3155974653152,"67826"
"Q9JM93","Arl6ip4",0.356329843299596,0.934143242083488,0.386281739523347,11.8509298126022,"65105"
"Q8R550","Sh3kbp1",0.35632576267464,0.934130988639094,0.386287571110668,22.4754372674143,"58194"
"Q99LJ0","Cttnbp2nl",0.356099873633881,0.933452776534656,0.386610447858805,8.22737757878543,"80281"
"Q3U2V3","Nudt18",0.356022504675158,0.933220526094308,0.386721063311021,13.9542417567487,"213484"
"Q3UMB9","Washc4",0.355953656822847,0.933013873264441,0.386819507757987,16.5155990427483,"319277"
"Q64105","Spr",0.355788379386081,0.932517849630086,0.387055880435802,18.9043075919128,"20751"
"E9Q5K9","Ythdc1",0.355709181209268,0.932280198927747,0.387169168824365,16.7489269675832,"231386"
"P62717","Rpl18a",0.355708526703866,0.932278235043135,0.387170105117197,19.2047290779199,"76808"
"Q9CXP8","Gng10",0.355557436608365,0.931824921724544,0.387386271485109,15.9698797254906,"14700"
"Q8BGT6","Micall1",0.355537551105185,0.931765265779907,0.387414725867755,15.9916233303126,"27008"
"Q3TBW2","Mrpl10",0.355515993050811,0.931700593865433,0.387445574562704,15.5293845876689,"107732"
"O35089","Cnih2",0.355450690958484,0.931504704785958,0.387539025794641,15.8140198943215,"12794"
"Q64519","Sdc3",0.354982827319825,0.930101693430795,0.38820885728704,16.9610177256662,"20970"
"Q61738","Itga7",0.354912954440424,0.92989223001716,0.388308936688191,16.8761080482386,"16404"
"P00848","Mtatp6",0.354362332041679,0.928242209376194,0.389097994216351,18.5568306004931,NA
"Q7TNV0","Dek",0.354120014249045,0.927516418693895,0.389445465807026,16.5777297195826,"110052"
"Q8BG95","Ppp1r12b",0.353697390505864,0.926251086290929,0.39005181345336,15.6335740069763,"329251"
"Q8BWY4","Mblac1",0.353648374817296,0.926104375663822,0.390122164180903,10.4091883251352,"330216"
"Q6ZWY3","Rps27l",0.353569906329869,0.925869526953438,0.390234799222188,15.9775656810528,"67941"
"Q9CXV9","Dcun1d5",0.353253162393092,0.924921769504685,0.390689604220851,12.0301486307816,"76863"
"O35609","Scamp3",0.352605193132584,0.922984055164937,0.391620732273064,17.0310950260725,"24045"
"Q64332","Syn2",0.352494761514702,0.922653967189833,0.391779518873211,22.9629276641437,"20965"
"P97952","Scn1b",0.352175903937376,0.921701126099096,0.392238153888442,17.9137238182713,"20266"
"Q5FWK3","Arhgap1",0.351743681178351,0.920410101004871,0.39286022545133,19.4885349951108,"228359"
"P62309","Snrpg",0.351658316803932,0.920155201901825,0.392983136212421,18.6513540697658,"68011"
"P54729","Nub1",0.351443546212798,0.919514010024268,0.393292445282735,20.5058013051678,"53312"
"Q9WTU0","Phf2",0.351103375760016,0.918498779055691,0.393782571211109,13.615536092239,"18676"
"P62196","Psmc5",0.350903594736839,0.917902730539039,0.394070545139347,18.7350594653467,"19184"
"P58404","Strn4",0.350559149492536,0.916875410588326,0.394567261276011,17.1023511607252,"97387"
"Q91V81","Rbm42",0.35043115284266,0.916493764259238,0.394751911877875,17.6733692733461,"68035"
"Q810A7","Ddx42",0.350214797182738,0.915848791841508,0.395064116883405,18.0394490911798,"72047"
"P51954","Nek1",0.350090772949105,0.915479141670869,0.395243134668926,13.8396432354828,"18004"
"Q8BHT6","B3glct",0.349979732434842,0.915148235608184,0.395403441695298,13.9435931813151,"381694"
"Q6NZJ6","Eif4g1",0.349846098623826,0.914750058722522,0.395596403879189,18.3485008416275,"208643"
"Q8C0I1","Agps",0.349807998726059,0.914636547474407,0.395651426228693,14.8883839640725,"228061"
"Q6PHQ8","Naa35",0.349782646787117,0.914561019159875,0.395688040337567,19.0040221104321,"78689"
"P14106","C1qb",0.349768263573834,0.914518169811978,0.395708813707935,17.2481562867479,"12260"
"P26883","Fkbp1a",0.349543927569323,0.913849940811884,0.396032879088734,22.235467426796,"14225"
"P63058","Thra",0.349312418742631,0.913160533878245,0.39636742742402,12.1707047200991,"21833"
"Q2HXL6","Edem3",0.349143940560336,0.9126589447863,0.396610969062102,13.111691481949,"66967"
"O35841","Api5",0.348849513846479,0.91178262676267,0.397036730784906,19.1875164224764,"11800"
"Q80TA1","Selenoi",0.348739675838158,0.911455788754271,0.397195615290793,17.9659078466798,"28042"
"Q9EPU0","Upf1",0.348674151490935,0.911260832464581,0.397290411741789,18.1406047203689,"19704"
"Q8BRG8","Tmem209",0.348449208131593,0.910591668366592,0.397615920500609,14.0638163987044,"72649"
"P46978","Stt3a",0.348390490478065,0.910417023894583,0.397700908171842,16.6069852568723,"16430"
"Q9Z0G0","Gipc1",0.34825228655587,0.910006010799683,0.397900975154245,17.3563611594516,"67903"
"P97449","Anpep",0.348198185944892,0.909845136079001,0.397979304306734,17.6453004307605,"16790"
"Q9D8N0","Eef1g",0.347991801274499,0.909231521248531,0.398278178440177,19.9323276745872,"67160"
"Q99NF3","Cep41",0.347928016832668,0.909041910273011,0.398370567081665,15.5797727644931,"83922"
"Q9CWM4","Pfdn1",0.347916840062117,0.90900868674741,0.398386757047501,17.2151222983369,"67199"
"P61028","Rab8b",0.347630246640523,0.908156923604191,0.398801996071238,17.8717394290163,"235442"
"Q6ZWR4","Ppp2r2b",0.347590007018867,0.908037353585066,0.398860313466023,13.8796960365111,"72930"
"Q8C006","Trim35",0.34715150579427,0.906734738855048,0.399496053214323,12.0280006756092,"66854"
"Q80T23","Sytl5",0.347056663339465,0.906453088206564,0.399633613879441,12.2492540412823,"236643"
"Q8BFZ3","Actbl2",0.346612663556451,0.905134976301426,0.400277870434626,26.2102308978891,"238880"
"P49769","Psen1",0.346428225934024,0.904587635644817,0.400545627351404,14.0288977215234,"19164"
"P23198","Cbx3",0.346356748036491,0.904375548511243,0.400649416146875,18.8456834086482,"12417"
"Q7TNF0","Doc2a",0.346161448319025,0.903796152127228,0.400933058776511,17.4949357772306,"13446"
"P30416","Fkbp4",0.346052428611241,0.903472781028557,0.401091430947001,20.3401186863931,"14228"
"Q9JIW9","Ralb",0.345842868321949,0.902851306118967,0.401395933976434,21.0974240060077,"64143"
"Q8VE52","Ogfrl1",0.345791416940524,0.902698744656879,0.401470711097761,16.415310063024,"70155"
"Q9Z0S6","Cldn10",0.345700497843557,0.902429177802028,0.401602863597502,16.6496474698179,"58187"
"P62334","Psmc6",0.345028589489626,0.900437924724601,0.402580078967926,18.5438836347359,"67089"
"P43135","Nr2f2",0.344875944900611,0.899985769750595,0.402802226924619,13.8191575346342,"11819"
"Q8BL48","Unk",0.344789914713663,0.899730971818468,0.402927452469381,8.38185016005972,"217331"
"P56564","Slc1a3",0.344675842397353,0.899393160430904,0.403093522143447,23.2202156505032,"20512"
"P97801","Smn1",0.344495860655625,0.898860258179834,0.403355604882583,10.6071681277991,"20595"
"Q6NZB0","Dnajc8",0.344404110019481,0.898588639904771,0.403489237144645,15.4164400999102,"68598"
"O35188","Cx3cl1",0.344387560903951,0.898539651068848,0.403513342513652,16.2404460358856,"20312"
"Q9D0D5","Gtf2e1",0.34412335346667,0.8977576705549,0.40389827032731,7.79678501442607,"74197"
"Q3UH93","Plxnd1",0.343944951944342,0.89722978851676,0.404158276041259,18.0243153018318,"67784"
"Q9QX96","Sall2",0.343429615565445,0.895705550059551,0.404909743380484,6.0365046835206,"50524"
"P99026","Psmb4",0.343422799210166,0.895685395105901,0.404919687084997,19.4895564665728,"19172"
"P70310","Ntsr2",0.343381979124215,0.895564699511325,0.404979237667741,11.0428410461013,"18217"
"P35279","Rab6a",0.343262438156815,0.895211277489316,0.405153652367472,20.3660286665548,"19346"
"Q9Z0M3","Cdh20",0.343253039135503,0.895183491440995,0.405167367264051,13.0028406414816,"23836"
"P60867","Rps20",0.343213258193216,0.895065891595028,0.405225417179195,19.6258237172039,"67427"
"Q9D8N2","Dennd10",0.343202588299244,0.895034350337519,0.405240987719238,16.0832992371068,"67894"
"P63085","Mapk1",0.343081544941624,0.894676561746788,0.405417643980525,20.4255742634793,"26413"
"Q9DAI2","Ift22",0.343062800219207,0.894621159277213,0.405445003867902,15.9723838756928,"67286"
"Q9DA75","Mfsd2a",0.343053656641655,0.894594134681914,0.405458350167305,8.80938766443979,"76574"
"P27612","Plaa",0.342998831778646,0.894432101336016,0.405538378518245,18.4967403193679,"18786"
"Q9CQG2","Mettl16",0.342889544050133,0.894109135422799,0.405697927163654,12.486270299673,"67493"
"Q9CR57","Rpl14",0.342774086471516,0.893767981127642,0.405866512587012,19.2244033434166,"67115"
"Q8BGT5","Gpt2",0.342758436481827,0.893721742037911,0.405889366252585,15.5375839800647,"108682"
"Q7TMV1","Rnf139",0.342742032199785,0.893673275238905,0.405913322007054,14.2164181548235,"75841"
"Q9JJR8","Tmem9b",0.342622936992246,0.893321433693645,0.406087259262814,16.3591159884389,"56786"
"Q99JT9","Adi1",0.342488259500823,0.89292361638201,0.406283993031882,13.2721745384135,"104923"
"P00158","Mt-Cyb",0.342410308812141,0.892693390116722,0.4063978803886,19.6907734893288,NA
"P62342","Selenot",0.342165598815229,0.891970778216183,0.406755495578738,20.5898288657113,"69227"
"P24472","Gsta4",0.34195421540614,0.891346742932065,0.407064517063919,19.6831813296748,"14860"
"P62830","Rpl23",0.341938515424593,0.891300400364551,0.407087472910583,19.6711162986734,"65019"
"Q8R1G2","Cmbl",0.341890026518101,0.891157278116626,0.407158374855922,16.7433212947282,"69574"
"Q91VT8","Smim14",0.341734093819966,0.890697074100517,0.407386420450488,6.72569710271964,"68552"
"Q9WV54","Asah1",0.341598588193439,0.890297224120492,0.40758463693473,17.7350144110268,"11886"
"Q2TJ95","Rspo3",0.34155953941567,0.890182010661851,0.407641764869639,7.34550337919761,"72780"
"Q9CQ74","Leprotl1",0.34110528358075,0.888842111570958,0.408306589649689,16.0462031565019,"68192"
"Q501J2","Antkmt",0.341081523147369,0.888772045839487,0.408341377003425,12.1044765054112,"214917"
"D3Z4I3","Rbm24",0.341003297494349,0.88854138447458,0.408455915221681,12.4360837484169,"666794"
"Q61823","Pdcd4",0.340827157504324,0.888022082833508,0.408713870511691,16.7662647720444,"18569"
"Q9CQF8","Mrpl57",0.34067847929214,0.887583827250756,0.408931662851964,15.1398619644601,"67840"
"Q99LD9","Eif2b2",0.340660861511239,0.887531900688441,0.408957473692869,17.384155500471,"217715"
"P35283","Rab12",0.340100654281542,0.885881299645613,0.409778567854253,22.8317341681343,"19328"
"Q9D0T2","Dusp12",0.33992884802595,0.885375301542349,0.410030525684149,13.4878201731318,"80915"
"Q9CQ06","Mrpl24",0.339914870130663,0.885334138717291,0.410051027517587,17.6784434799662,"67707"
"Q3V3V9","Carmil2",0.339731015192165,0.884792774967243,0.410320734534412,16.5576989559065,"234695"
"P59648","Fxyd7",0.339709320342215,0.884728901706901,0.410352564940375,18.7924778585455,"57780"
"A2ASZ8","Slc25a25",0.339433662717615,0.883917458591885,0.41075709862831,18.5623630407503,"227731"
"Q9CQQ0","Smim8",0.339226922222408,0.883309053202174,0.411060607222914,14.8758709331055,"66291"
"Q8R3S6","Exoc1",0.339194832004836,0.883214629612558,0.411107726393886,18.6349942901083,"69940"
"Q8BUH8","Senp7",0.338982337954648,0.882589466186066,0.41141979721622,16.9883230122536,"66315"
"Q9CPP0","Npm3",0.338915027241998,0.882391468026563,0.411518671573889,9.95121601787735,"18150"
"Q80VD1","Fam98b",0.338660171117989,0.881641933403123,0.411893128341382,17.4876841575483,"68215"
"Q99MK8","Grk2",0.338531160341624,0.881262594888696,0.412082737871456,18.3548055837081,"110355"
"Q03719","Kcnd1",0.338454109867227,0.881036065299026,0.412195998228923,15.2715719661969,"16506"
"P56481","Cckbr",0.338356165694758,0.880748136802932,0.412339990542848,6.25929373581247,"12426"
"Q8BLY2","Tars3",0.338355562554921,0.880746363840519,0.41234087731375,17.3553685624727,"272396"
"Q9D9M2","Usp12",0.338113958993026,0.880036255559368,0.412696162513614,13.3488392572948,"22217"
"Q9Z0E6","Gbp2",0.337918228978784,0.87946112041809,0.412984085431016,13.1134264658005,"14469"
"P62257","Ube2h",0.337817200616929,0.879164308025021,0.413132733906096,19.463387164027,"22214"
"P54071","Idh2",0.33778553599409,0.879071287224535,0.413179328488218,19.3669007428347,"269951"
"Q3TIU4","Pde12",0.337689554598203,0.878789344357524,0.413320579131639,18.307528456463,"211948"
"Q9CQV8","Ywhab",0.337630377168033,0.878615527608126,0.413407677665524,22.449178798731,"54401"
"Q9WV02","Rbmx",0.337260136727949,0.877528319158254,0.413952783313308,19.3719114358765,"19655"
"Q3TIR3","Ric8a",0.337177199541121,0.877284837708662,0.4140749340157,16.3342040382688,"101489"
"Q66L44","Cbarp",0.337108184845306,0.877082246545375,0.414176591289185,15.4748960118722,"100503659"
"Q9D4F8","Tubgcp4",0.336926880757894,0.876550108261279,0.414443699449961,12.5060652331514,"51885"
"Q8CEE7","Rdh13",0.336826057986853,0.876254235027451,0.41459226952316,14.3104287982935,"108841"
"B1AXV0","Frrs1l",0.336779436788367,0.876117432542154,0.414660977126756,17.7586898421036,"230235"
"A2AT37","Upf2",0.335875619960059,0.873466760167292,0.415993930885285,17.4423168261318,"326622"
"Q9D387","Lamp5",0.335664687770368,0.872848539800478,0.416305277661658,16.8622332730543,"76161"
"Q61474","Msi1",0.33545028119799,0.872220288024516,0.416621854663476,11.9926866608311,"17690"
"Q9QXD8","Limd1",0.335429131874513,0.872158324788057,0.416653087764083,6.30527601580611,"29806"
"Q9CWJ9","Atic",0.335041355314193,0.871022481191912,0.417225929120096,17.9411269312235,"108147"
"Q99KV1","Dnajb11",0.334694238801546,0.870006158635632,0.417738990117355,16.74609996289,"67838"
"Q9D1C8","Vps28",0.334689368060793,0.869991900431149,0.417746191303239,17.1899607933506,"66914"
"Q3UDE2","Ttll12",0.334677505066758,0.869957174010033,0.417763730463527,17.1788722240082,"223723"
"Q8K353","Cystm1",0.334640913024086,0.869850061431881,0.417817832922055,15.8034920830792,"66060"
"Q8VEJ4","Nle1",0.334556053062229,0.86960167558961,0.417943312465788,7.10415081875013,"217011"
"P70191","Traf5",0.334461342824502,0.86932448603271,0.418083376226501,14.4409002535102,"22033"
"Q7TPM9","Mtmr10",0.334142024334203,0.86839015136401,0.418555752763886,5.98543035413328,"233315"
"Q09XV5","Chd8",0.333907128692221,0.867703055174312,0.418903385202224,12.3990121483433,"67772"
"Q8QZS3","Flcn",0.333708211024619,0.867121340888713,0.419197868254276,10.3715827163316,"216805"
"Q8BYZ1","Abi3",0.333307585850818,0.865950149212265,0.419791231574872,13.0114429092243,"66610"
"O54818","Tpd52l1",0.332893939827562,0.864741445936231,0.420404254209424,16.108483172817,"21987"
"Q9QUH0","Glrx",0.332792843112134,0.864446119517393,0.420554137130284,19.4794855122738,"93692"
"Q9R0U0","Srsf10",0.332632852153962,0.863978818156713,0.420791381221747,16.9317294836401,"14105"
"O55029","Copb2",0.332487983261285,0.863555757668389,0.42100625041173,19.8493478339264,"50797"
"Q8BHC1","Rab39b",0.332262335019149,0.862896934197062,0.421341024050352,17.2030289693617,"67790"
"Q923Z3","Mto1",0.332098248218814,0.862417955806565,0.421584535501523,16.2260423879755,"68291"
"Q9R1P3","Psmb2",0.332084582801528,0.862378069672874,0.421604818225467,19.6839489316062,"26445"
"Q8VHK1","Caskin2",0.331895006254079,0.861824803336533,0.421886237519414,16.2324110384401,"140721"
"Q8CIN4","Pak2",0.331867413884478,0.861744286656864,0.421927203997274,19.5606002012246,"224105"
"Q9JI19","Fibp",0.331839589618875,0.86166309580365,0.421968516479444,18.9454588039943,"58249"
"Q9EP75","Cyp4f14",0.331763005197493,0.861439636485774,0.422082235164847,11.9741957244921,"64385"
"Q8QZV4","Stk32c",0.331749043416687,0.861398900628785,0.422102968135456,17.5834652751542,"57740"
"Q8BH86","Dglucy",0.331017195131475,0.859264498906884,0.423190352453602,18.5564430840708,"217830"
"Q91W90","Txndc5",0.330986504378107,0.859175028830008,0.423235978829402,16.6459604668053,"105245"
"O54834","Arhgap6",0.330971823493907,0.859132232011249,0.423257804886453,13.415000309483,"11856"
"O35465","Fkbp8",0.33077806646942,0.858567468963191,0.423545907905055,17.8507848350352,"14232"
"Q3TPE9","Ankmy2",0.330749312699504,0.858483667855255,0.423588669800039,15.9957653590552,"217473"
"Q9CR16","Ppid",0.330681235612357,0.858285272040044,0.423689919640623,19.3166957723337,"67738"
"Q9Z204","Hnrnpc",0.330617994293391,0.858100982494386,0.423783986501474,19.8824936844328,"15381"
"Q924Z6","Xpo6",0.330606276606497,0.858066837775438,0.423801416678201,16.6470029191789,"74204"
"Q9QYB8","Add2",0.330492442796757,0.85773515526645,0.423970761392351,20.834812547307,"11519"
"Q99NH0","Ankrd17",0.329718845692877,0.855482203797436,0.425122359600733,17.4651836076537,"81702"
"Q9JM62","Reep6",0.329358401605366,0.854433141062611,0.425659377319298,12.2213250319112,"70335"
"Q9CXE2","Bcl7a",0.329265414507626,0.854162572656715,0.425797963187194,8.59267298284207,"77045"
"P58929","Gmeb2",0.329199272802815,0.853970134366283,0.425896550875533,14.012379132406,"229004"
"P62702","Rps4x",0.329172008543033,0.853890813518115,0.425937192491329,19.9668703274951,"20102"
"Q812E0","Cpeb2",0.3290882354525,0.853647104570717,0.426062079537936,17.4977915491343,"231207"
"Q9CQB7","Lyrm1",0.329045346794691,0.853522343544587,0.426126022966286,12.163278231688,"73919"
"P62814","Atp6v1b2",0.329017087102489,0.853440140707433,0.426168158033718,22.8594677479419,"11966"
"Q8BJ03","Cox15",0.328988344485398,0.853356535758047,0.426211014942523,19.1576053346765,"226139"
"Q9DBL2","Gdap2",0.328739713858071,0.85263344357946,0.426581813484735,17.1312750747651,"14547"
"Q8R1S0","Coq6",0.328722229008696,0.852582599894553,0.426607894860932,14.7374992770942,"217707"
"Q9D8Y1","Tmem126a",0.328707875283796,0.852540861850071,0.426629306179763,16.9060023246185,"66271"
"Q61550","Rad21",0.328291799243326,0.851331275413614,0.427250159810062,16.5284537588595,"19357"
"Q8CFN5","Mef2c",0.328093259187648,0.850754289812763,0.427546548162991,17.7386453696534,"17260"
"Q8BMG8","Slc25a32",0.327993744000244,0.850465132085715,0.427695140890807,14.4922807778755,"69906"
"Q3TQI7","Q3TQI7",0.327947659759975,0.850331237502886,0.427763959692423,16.0255210592251,NA
"P58501","Paxbp1",0.327919665696335,0.850249906002122,0.427805766236073,12.041640750817,"67367"
"Q9WUK6","Zbtb18",0.327892442285734,0.850170815896176,0.427846423530444,9.86579616519163,"30928"
"Q8CBX0","Tmem63c",0.327885572188559,0.850150857099964,0.427856684058226,14.435641326406,"217733"
"P13346","Fosb",0.327812430322045,0.849938376954334,0.427965928258503,11.817568164382,"14282"
"Q9D8V0","Hm13",0.32771731192301,0.849662079685979,0.428108014019984,14.7717243608601,NA
"P67871","Csnk2b",0.327641161259904,0.849440900230639,0.42822178050385,19.1005329841902,"13001"
"Q9R118","Htra1",0.327469245445486,0.848941639259612,0.428478663615079,13.8226981126953,"56213"
"P63216","Gng3",0.327383205445645,0.848691805833962,0.428607252170577,20.6337552682095,"14704"
"P60904","Dnajc5",0.327047767389456,0.847718023640413,0.429108726205495,19.8611846688104,"13002"
"J9SQF3","Trpm3",0.32701564533692,0.84762479162785,0.429156761047382,16.478567382237,"226025"
"Q7TSY6","Celf4",0.326942741381892,0.847413205198841,0.429265788927826,16.7041874539467,"108013"
"P57776","Eef1d",0.32690579645419,0.847305987781155,0.429321044519117,18.8272173301201,"66656"
"Q7TQK5","Ccdc93",0.326724969771342,0.846781275629665,0.429591535723874,17.6770972255857,"70829"
"Q9DC33","Hmg20a",0.326503857704325,0.846139807206359,0.429922385442061,17.9618208343485,"66867"
"Q9Z0Z4","Heph",0.326310521279921,0.845579046149329,0.430211762150825,7.8694422086444,"15203"
"Q9WVL0","Gstz1",0.326254776544316,0.845417383848768,0.430295213386687,17.5403927150849,"14874"
"Q5NCC3","Trim41",0.326226402348654,0.845335101165586,0.430337692862606,10.8581020982523,"211007"
"P09602","Hmgn2",0.326144580389066,0.845097838963617,0.430460199722686,15.0560153369096,"15331"
"Q8R0F5","Rbmx2",0.32602937110883,0.84476379832846,0.430632720121497,6.72074914081691,"209003"
"Q5DTY9","Kctd16",0.325938901889987,0.84450151916088,0.430768213791092,19.2291188431107,"383348"
"Q8BHG2","Czib",0.325892262792329,0.844366317968735,0.430838071081484,17.3286584453068,"74098"
"P62748","Hpcal1",0.32581791871807,0.844150817606766,0.430949435452693,19.5035166457663,"53602"
"Q2WF71","Lrfn1",0.324306451471313,0.839773333738195,0.433216166086811,15.6680507141837,"80749"
"P85094","Isoc2a",0.324245121484924,0.839595863057867,0.433308247076771,18.0437804410835,"664994"
"Q8BHL3","Tbc1d10b",0.324069517052232,0.839087781651131,0.433571945264451,17.3026656438074,"68449"
"Q9EQZ6","Rapgef4",0.324010705571818,0.838917642353578,0.433660275119807,18.8481407769258,"56508"
"Q9ESX5","Dkc1",0.323978875494917,0.838825563726631,0.433708084333163,15.5794379672106,"245474"
"Q99JP4","Cdc26",0.323864274644458,0.838494070650168,0.433880234633577,14.0502577429947,"66440"
"P97441","Slc30a3",0.323734124888921,0.838117650995782,0.434075776707465,19.4692211714833,"22784"
"Q3UFY7","Nt5c3b",0.323592246870535,0.837707371356912,0.434288981724614,17.7612901876658,"68106"
"P08030","Aprt",0.32340725881253,0.837172521867571,0.434567035381666,16.3249518234064,"11821"
"Q9WVA3","Bub3",0.323395429857501,0.837138324871941,0.43458481789147,16.8956893860322,"12237"
"Q6PGD0","Atraid",0.323187187241732,0.836536376259117,0.434897919507212,12.3431385863249,"381629"
"Q99PI8","Rtn4r",0.322999000361927,0.835992517723734,0.435180947444753,14.5414589060726,"65079"
"Q99KJ0","Ubxn2a",0.322812559554342,0.835453814501458,0.435461425111708,8.70680047545095,"217379"
"Q61235","Sntb2",0.322337081619826,0.834080456897765,0.436177065423234,14.0745940144489,"20650"
"Q8BND5","Qsox1",0.322314900859679,0.834016407801613,0.436210461574906,18.5248047407893,"104009"
"Q8BGB5","Limd2",0.322259945690714,0.833857726024957,0.436293208648612,16.5428024140666,"67803"
"Q99LI8","Hgs",0.322257172075904,0.833849717525882,0.436297385108137,17.4635711198701,"15239"
"Q922G0","Slc25a36",0.322099422251701,0.833394272178409,0.436534949389326,13.318452186292,"192287"
"Q5SFM8","Rbm27",0.321826714784262,0.832607111023736,0.436945761882306,12.4203966923418,"225432"
"Q8VE99","Vma22",0.321447464897271,0.831512802882946,0.43751733967692,14.7393209764958,NA
"Q8K2D3","Edc3",0.321110253224322,0.830540168895808,0.438025821685343,16.0478746950882,"353190"
"P50136","Bckdha",0.320611198699555,0.829101370859026,0.438778797454308,17.7747459708002,"12039"
"Q8VBT0","Tmx1",0.320360952036012,0.828380187582943,0.439156573083289,18.8012804754504,"72736"
"P83882","Rpl36a",0.320124846400701,0.827699934383056,0.439513125026789,18.5340146192074,"19982"
"Q6PE01","Snrnp40",0.32011259795106,0.827664649584883,0.439531625146458,15.5692524251174,"66585"
"O55102","Bloc1s1",0.319951933065386,0.827201856012081,0.439774324122412,14.4647310902257,"14533"
"Q78T54","Vma21",0.319741426185849,0.826595613394904,0.440092398126662,17.7769245587297,"67048"
"Q924T2","Mrps2",0.31959574769945,0.82617615108611,0.440312572869391,15.636052876331,"118451"
"Q80TR8","Dcaf1",0.319558188321507,0.826068014310107,0.44036934656017,11.5237433996929,"321006"
"O35083","Agpat1",0.319201879659168,0.825042385695466,0.440908083593276,17.2654071764931,"55979"
"Q8C3X8","Lmf2",0.319108636243123,0.824774050400335,0.441049112275813,15.0088782336971,"105847"
"Q99LD4","Gps1",0.319061383516846,0.824638076994559,0.441120588154446,18.7478207812635,"209318"
"Q6NSQ9","G6pc3",0.318884848865553,0.82413014532451,0.441387662168582,15.3706578051817,"68401"
"Q8K114","Ints9",0.318649347980921,0.823452702580331,0.441744048671771,6.55727179045809,"210925"
"Q9D7A8","Armc1",0.318610748253131,0.823341682650322,0.441802473494692,19.0408290892882,"74252"
"P16627","Hspa1l",0.31833969693559,0.822562217466756,0.4422128287832,17.8644482521927,"15482"
"Q8VI59","Pcnx3",0.318083438764756,0.821825499547946,0.442600933108911,14.6316361340087,"104401"
"P11404","Fabp3",0.318060422363137,0.821759339389851,0.442635798461089,21.2254245951656,"14077"
"P60670","Nploc4",0.318057603079254,0.821751235529282,0.44264006920351,17.4368626157714,"217365"
"O35450","Fkbpl",0.317949418320293,0.821440283318473,0.44280396384906,9.46908083745446,"56299"
"Q9D1X9","Tmem50b",0.317854791519922,0.821168329607071,0.442947339416223,15.3769525490994,"77975"
"Q64310","Surf4",0.317814870107893,0.821053605222908,0.443007832846461,17.8084421829682,"20932"
"Q8R2R3","Aagab",0.31779955581379,0.821009596972494,0.44303103970005,14.4864533190327,"66939"
"Q8BJL0","Smarcal1",0.317670350474037,0.8206383317182,0.443226853867318,17.0217124137268,"54380"
"P80560","Ptprn2",0.317577638555078,0.820371959864522,0.443367383310711,16.4320073125026,"19276"
"Q6PGL7","Washc2",0.317548094258562,0.820287081249627,0.443412169376988,16.2441581052222,"28006"
"Q9WUL7","Arl3",0.317534598919686,0.820248311006643,0.443432627522449,20.33612377511,"56350"
"O08532","Cacna2d1",0.317333428440823,0.819670441727751,0.44373763644804,19.2320183132282,"12293"
"Q8C1Z7","Bbs4",0.31727702087698,0.819508431109695,0.443823175533468,12.0446652641368,"102774"
"Q61142","Spin1",0.317226974351909,0.819364698405162,0.443899074140954,14.8428000291705,"20729"
"Q9DB52","Pabir1",0.316821947405305,0.818201748326343,0.444513519348561,7.46680286523766,"68034"
"Q8BXR5","Nalcn",0.316768574958727,0.818048537643146,0.444594514054509,12.8568173542709,"338370"
"Q80WV3","Chst2",0.31650881402431,0.817302992453868,0.444988798007446,13.5652370058404,"54371"
"Q8BGA7","Ints15",0.316224976454819,0.816488578030424,0.445419792003592,10.4935277313671,"231868"
"Q5PR69","Cracd",0.316152887088659,0.816281771003073,0.445529283703795,14.5969472912319,"320827"
"Q3V2Q8","N4bp2l1",0.316058289879525,0.816010418227861,0.445672977881519,11.8584397431339,"100637"
"O88545","Cops6",0.315957097205541,0.815720176246085,0.445826711777593,18.5624153876436,"26893"
"Q8JZP9","Gas2l1",0.315756905079847,0.815146073999657,0.44613091192882,16.4992517181514,"78926"
"Q6PHZ2","Camk2d",0.315663169922962,0.814877305974428,0.446273375719918,20.3218542458613,"108058"
"Q5BKP2","Usp13",0.315637306862932,0.8148031531531,0.446312687102477,13.0606579151714,"72607"
"Q3UMB5","Smcr8",0.315371167197959,0.814040212574209,0.44671729737458,15.9534242195267,"237782"
"Q8K157","Galm",0.314923951066779,0.812758661652479,0.447397536648066,15.2345464438174,"319625"
"P46061","Rangap1",0.314901995384037,0.81269576052339,0.44743094335954,17.4220760514055,"19387"
"Q6PIP5","Nudcd1",0.314848402254234,0.812542226931069,0.447512492396721,16.0153763556756,"67429"
"Q9DBS2","Tprg1l",0.31457773431062,0.811766949197968,0.447924442817297,18.8200355968566,"67808"
"O35454","Clcn6",0.314444127902737,0.811384339643329,0.448127846133901,15.9396262004535,"26372"
"Q91WJ8","Fubp1",0.314432601812783,0.811351334810969,0.448145395310388,17.6509040616765,"51886"
"Q8R0A6","Vstm2a",0.314338414261257,0.811081644709308,0.448288812193741,14.4234286422009,"211739"
"Q8K0C4","Cyp51a1",0.314193318815138,0.81066624047925,0.448509782056401,17.5737254234492,NA
"Q3U2P1","Sec24a",0.313706456613522,0.809272827847937,0.449251564584237,18.4949506748801,"77371"
"Q8BTX9","Hsdl1",0.313591680148016,0.808944437723234,0.449426511099914,19.0376511173333,"72552"
"Q99J85","Nptxr",0.31345517264359,0.80855392351642,0.449634617236161,18.8668412711185,"73340"
"Q80T41","Gabbr2",0.312611090110371,0.80614044526561,0.45092230062828,17.7945825766277,"242425"
"Q99J31","Ophn1",0.312528852671626,0.805905417724849,0.451047837925676,16.4051395118178,"94190"
"P0C605","Prkg1",0.31240092363775,0.805539847443468,0.451243152900886,12.0828934409618,"19091"
"A2AQ07","Tubb1",0.312368656912305,0.805447649650627,0.451292421418087,13.4476266733577,"545486"
"Q8QZR5","Gpt",0.311533607587556,0.803062682486468,0.452568235066277,18.6206551067649,"76282"
"O09164","Sod3",0.31152514532598,0.803038524156109,0.452581171500689,13.1290881414193,"20657"
"Q6NXJ0","Wwc2",0.311332108074472,0.802487492791208,0.452876312566201,15.1607831317598,"52357"
"Q8VCG3","Wdr74",0.311317854821103,0.802446810759476,0.452898107954257,9.7654289318552,"107071"
"P18242","Ctsd",0.311160255138653,0.801997025331136,0.45313913034352,19.5577491152444,"13033"
"Q64152","Btf3",0.310902105961472,0.801260432489412,0.453534039487313,16.2391721514058,"218490"
"Q5RJI5","Brsk1",0.310737880082037,0.800791938920577,0.453785340547237,17.7847079668726,"381979"
"P28654","Dcn",0.310621044774287,0.800458686613455,0.453964158370031,11.6706320872806,"13179"
"Q6PCX7","Rgma",0.310414186814247,0.799868758884834,0.45428082739323,12.5993201900325,"244058"
"P62492","Rab11a",0.310060075541827,0.798859178703318,0.454823128443298,16.2835927674782,"53869"
"Q91VJ4","Stk38",0.309178923129378,0.796348586029743,0.456173706086411,9.38103683743774,"106504"
"Q6P069","Sri",0.30913772816887,0.796231268295706,0.456236887125327,18.7107927825211,"109552"
"Q3UUF8","Ankrd34b",0.309131918493259,0.796214723515873,0.456245797757395,13.0053362646581,"218440"
"P50586","Tub",0.308962213922943,0.795731482736628,0.456506114596666,16.340018682408,"22141"
"Q91ZV0","Mia2",0.308851817448242,0.795417169325446,0.456675488710504,16.2733858359522,"338320"
"Q2YDW2","Msto1",0.308763134786116,0.795164703761749,0.45681156723495,16.957973302953,"229524"
"B1AXH1","Nhsl2",0.308601363168829,0.794704224501322,0.45705983906067,17.9106266540366,"100042480"
"P58389","Ptpa",0.308546565111485,0.794548260351666,0.457143950379529,19.1474514720386,"110854"
"Q60692","Psmb6",0.308208104890191,0.793585141406306,0.457663603282027,19.1209836547967,"19175"
"Q6QWF9","Camk2n1",0.308181008393702,0.793508050296528,0.457705216091544,16.6558031029366,"66259"
"P50429","Arsb",0.308175665276305,0.793492849068404,0.457713421840169,17.3688963169055,"11881"
"O35607","Bmpr2",0.308172592322423,0.793484106518183,0.457718141188397,21.1716686082205,"12168"
"Q9D0T1","Snu13",0.308155806870393,0.793436352411047,0.457743920118915,17.47637200416,"20826"
"O35593","Psmd14",0.30781476077336,0.792466263728907,0.458267822924622,22.4255090857704,"59029"
"Q8VCL2","Sco2",0.307786810923082,0.792386776736031,0.45831076926379,16.1884723547797,"100126824"
"Q3U213","Serac1",0.307650833410356,0.792000100598391,0.458519728783253,17.4945502360729,"321007"
"Q6R891","Ppp1r9b",0.307496373479426,0.791560931450163,0.458757137481929,20.7104906868725,"217124"
"Q80UM7","Mogs",0.307362322349099,0.791179845763922,0.458963217734733,16.9180578330422,"57377"
"Q9JMG7","Hdgfl3",0.307226736188696,0.79079444914769,0.459171695986176,19.0026434605472,"29877"
"Q80XG9","Lrrtm4",0.306936623104911,0.789969996359522,0.459617904780154,16.6189315363802,"243499"
"P97467","Pam",0.306751292602017,0.78944344539672,0.459903044467565,17.4273298042922,"18484"
"P70372","Elavl1",0.306411394693386,0.788478003446337,0.460426179382819,18.4691694493916,"15568"
"Q921L5","Cog2",0.306168329406421,0.787787807865822,0.460800427310216,16.076750396241,"76332"
"Q9D0F9","Pgm1",0.306091110080741,0.787568575468022,0.460919347740538,19.4470058279878,"72157"
"Q8VI33","Taf9",0.30603312615201,0.787403965314667,0.461008653150442,13.8617360593114,"108143"
"P97798","Neo1",0.305177410160528,0.784975802113885,0.46232741840411,17.508887606605,"18007"
"Q7TQK1","Ints7",0.305138851422448,0.784866438017803,0.462386878048919,12.0463849595579,"77065"
"P05784","Krt18",0.304702641267216,0.783629512009093,0.463059752371963,16.067386862503,"16668"
"Q8BGT0","Ostm1",0.304688842594245,0.783590393099009,0.463081043901537,6.93766693398305,"14628"
"Q8C5L3","Cnot2",0.304541972723002,0.783174054198769,0.463307690454832,16.0131864319984,"72068"
"Q9CQP0","Mrpl33",0.304437642073568,0.78287834062936,0.463468718514603,12.2897161294412,"66845"
"Q9R226","Khdrbs3",0.304165720700845,0.782107755783438,0.463888518701037,17.8175683046409,"13992"
"O54824","Il16",0.304047146259281,0.781771799377829,0.464071625334091,8.00354571609988,"16170"
"Q9R123","Naa80",0.303985608955048,0.781597461805641,0.464166664774593,14.2141874334315,"56441"
"O08784","Tcof1",0.303767431856291,0.780979444450542,0.464503684969764,17.8295646041988,"21453"
"P68040","Rack1",0.303650923988966,0.780649474958224,0.464683696080224,20.2963728865273,"14694"
"Q3UGC7","Eif3j1",0.303409701925878,0.779966416887765,0.465056486723879,17.9218173412177,"78655"
"Q91X58","Zfand2b",0.303322695574032,0.779720085309299,0.465190978034086,12.3081900418513,"68818"
"Q80SY5","Prpf38b",0.303207400512256,0.779393696083565,0.465369221110426,13.501713662635,"66921"
"Q8BKE6","Cyp20a1",0.302932816370393,0.778616526541264,0.465793831354648,14.1930629931084,"77951"
"P63037","Dnaja1",0.302787758246482,0.778206047318828,0.46601820852469,20.8038882357391,"15502"
"Q6ZPR4","Kcnt1",0.302740253197408,0.778071632524624,0.466091699183896,16.5052430150484,"227632"
"O55042","Snca",0.302688575413034,0.777925418291167,0.466171650380787,23.4785305189948,"20617"
"Q80Z24","Negr1",0.301851172689075,0.775557169337794,0.467467971315103,21.2505360696498,"320840"
"P32883","Kras",0.301838312501391,0.775520815009688,0.467487890473795,20.0438762392051,"16653"
"Q9JMG4","Nkain4",0.30171777510049,0.775180091748767,0.467674607525607,14.7726590482005,"58237"
"P98084","Apba2",0.301428683952176,0.774363083954953,0.468122542559498,16.3256521952839,"11784"
"Q8BU11","Tox4",0.301425149523742,0.774353096671668,0.46812802007644,14.7602112555217,"268741"
"P61982","Ywhag",0.301226146763781,0.773790828444308,0.468436468070061,23.282406509555,"22628"
"Q9Z218","Dpp6",0.301050685383788,0.773295166966913,0.468708495154222,20.4702951397452,"13483"
"Q03958","Pfdn6",0.300827648991466,0.772665235326854,0.469054371545304,17.857361941229,"14976"
"P46662","Nf2",0.300648219677409,0.772158566292578,0.469332697826308,16.3136690243871,"18016"
"Q8CHS8","Vps37a",0.300497487057858,0.771733000099766,0.469566561547509,16.1213266426294,"52348"
"Q923Z0","Gprc5b",0.300420691684036,0.771516206745062,0.469685728533569,19.273740661498,"64297"
"Q8R3H7","Hs2st1",0.300245261002524,0.771021027759549,0.469957997902197,14.503331478269,"23908"
"Q925N1","Sfxn4",0.29996315116389,0.770224911407266,0.470395966117258,14.2195732572341,"94281"
"P51410","Rpl9",0.299852129540914,0.769911668355502,0.470568368995475,19.1361664680672,"20005"
"Q9Z0F8","Adam17",0.299734805302215,0.769580680080863,0.470750586473819,13.5095982865999,"11491"
"Q3UIU2","Ndufb6",0.299615686476891,0.769244668271392,0.47093561995629,19.8731678770269,"230075"
"Q8R502","Lrrc8c",0.299452394658445,0.768784116973211,0.471189316812433,14.6239421565348,"100604"
"Q9CQ71","Rpa3",0.29932267349269,0.768418301867472,0.471390895784666,14.1650252290928,"68240"
"Q91WK2","Eif3h",0.299263675267594,0.768251941713146,0.471482586894244,17.2540525217514,"68135"
"P50285","Fmo1",0.299257452910846,0.768234396796536,0.471492257681086,13.7765425834881,"14261"
"Q8BZ98","Dnm3",0.29917149872989,0.767992046434611,0.47162585576333,20.4175542185536,"103967"
"Q8CIB6","Tmem230",0.29897364385448,0.767434266762602,0.471933437795857,14.0092562865098,"70612"
"P17879","Hspa1b",0.298914794513457,0.767268383482166,0.472024939467552,17.9968449721019,"15511"
"D3YZI9","Pgbd5",0.2987429604413,0.766784076228358,0.472292155472867,17.759094399609,"209966"
"Q9WV76","Ap4b1",0.298483095750449,0.76605181383707,0.472696380726231,10.5016119923477,"67489"
"Q62073","Map3k7",0.298391393935016,0.765793455592326,0.472839057796818,13.3957501241707,"26409"
"Q32NY4","Cnnm3",0.298351030606402,0.765679744407982,0.472901863748468,13.7145431660476,"94218"
"Q80X85","Mrps7",0.298317293341642,0.765584703567321,0.472954361992273,14.6191338318794,"50529"
"Q03146","Ddr1",0.297960710234104,0.764580370088262,0.473509379451879,13.1665645905595,"12305"
"Q80WJ7","Mtdh",0.297890563846978,0.764382840778929,0.473618591972387,17.7131922478186,"67154"
"Q9DB26","Phyhd1",0.297782044719017,0.764077282196236,0.473787567630215,4.99400152917714,"227696"
"Q6P9J9","Ano6",0.297723943489058,0.763913699241642,0.473878047188041,16.2599677367073,"105722"
"P49446","Ptpre",0.297630462410788,0.763650524516579,0.474023637295416,18.0245322250969,"19267"
"P47879","Igfbp4",0.297601894582109,0.763570103097692,0.474068133196616,17.9390256215812,"16010"
"Q8VHI6","Wasf3",0.297577611751929,0.763501746166207,0.474105956291857,21.676946885843,"245880"
"Q922P8","Tmem132a",0.297480293770439,0.763227809296599,0.474257551452358,15.7826074324469,"98170"
"Q811Q9","Pcyt1b",0.297348629991563,0.762857235223246,0.474462678754384,15.7179784720273,"236899"
"Q3UMR0","Ankrd27",0.297048469526384,0.762012597512231,0.474930449398152,12.5361444422985,"245886"
"Q9Z1Z2","Strap",0.296795635724786,0.761301327106848,0.475324608087318,18.6722187865242,"20901"
"Q9JIX0","Eny2",0.296491802434577,0.760446817511277,0.475798444775476,15.7706334484604,"223527"
"Q8R238","Sdsl",0.296191668775265,0.759602961414883,0.476266695611886,14.0424720400756,"257635"
"P60898","Polr2i",0.295988423436842,0.759031656711328,0.476583890680353,14.2209756110387,"69920"
"O89020","Afm",0.295904914854327,0.758796954216051,0.476714242698107,5.74356764081341,"280662"
"Q99JT6","Tlcd1",0.295891651455901,0.758759678931765,0.476734947387678,13.4096999953055,"68385"
"Q9R0I7","Ylpm1",0.295700892771311,0.75822362636676,0.477032768636724,16.8214867732173,"56531"
"Q9D023","Mpc2",0.295665335289689,0.758123716985316,0.477088290759916,20.0330011446709,"70456"
"Q6P5E4","Uggt1",0.29561365661236,0.757978516437759,0.477168990290721,18.5284612117805,"320011"
"B1AUH1","Ptpru",0.295555091443507,0.757813975866322,0.477260450046414,6.92400589992176,"19273"
"Q60714","Slc27a1",0.295452489387706,0.757525734926213,0.477420697830083,16.8939179063398,"26457"
"Q9DAR7","Dcps",0.295172147064009,0.756738312938755,0.477858655651657,19.0743423143504,"69305"
"Q80U12","Sgsm2",0.295148242629318,0.756671180374449,0.477896007110731,11.5687600344092,"97761"
"Q8BJY1","Psmd5",0.295146939191647,0.75666751988029,0.477898043807815,20.3042619908066,"66998"
"Q9D162","Ccdc167",0.294750655397598,0.75555483529965,0.478517419394267,11.71317039108,"68597"
"Q3URQ0","Tex10",0.294706004268661,0.755429490755806,0.478587227185337,14.9624409607442,"269536"
"Q91VL8","Terf2ip",0.294667842268164,0.755322366772762,0.478646893030893,13.0335838038885,"57321"
"Q9WVE8","Pacsin2",0.293768690704154,0.752799515253205,0.480053555831513,18.4684337537936,"23970"
"Q8BH60","Gopc",0.293738570922008,0.752715042677449,0.480100704422416,14.836588720974,"94221"
"Q66JT5","Tpgs2",0.293596713454465,0.75231722864079,0.480322788339396,13.431144842636,"66648"
"Q9D1E6","Tbcb",0.293301678656403,0.751490030175944,0.480784807566029,21.7938433603097,"66411"
"Q8K021","Scamp1",0.293063694466498,0.750822957509363,0.481157614083205,19.5918082242382,"107767"
"Q8VCQ3","Nrbf2",0.293045944535599,0.750773210350935,0.481185424230529,14.0686461218364,"641340"
"P10107","Anxa1",0.292964908075232,0.750546102866536,0.481312398168973,14.200768313036,"16952"
"Q8BFZ9","Erlin2",0.29286083558692,0.750254462068017,0.481475486012783,18.6347307687736,"244373"
"Q8VCY8","Plppr2",0.292800192543817,0.7500845364134,0.481570527335466,17.3042958452411,"235044"
"Q91YQ3","Csdc2",0.292779704749119,0.750027130550202,0.481602637998143,16.8303202830369,"105859"
"O70475","Ugdh",0.2925693436602,0.749437773743297,0.481932387129373,9.9815439842542,"22235"
"O54734","Ddost",0.292394531099904,0.748948101778424,0.482206480121551,18.1180008548283,"13200"
"Q99J23","Ghdc",0.292355832885037,0.748839714313562,0.482267164308134,11.2353400120303,"80860"
"Q9CQC9","Sar1b",0.292325235960811,0.748754020106078,0.482315146669335,17.8423970354505,"66397"
"Q9CQY5","Magt1",0.292154832909702,0.748276810456136,0.48258240854155,10.5797934996164,"67075"
"Q9CQT7","Desi1",0.292149296249077,0.748261306478411,0.482591093272465,16.6438601172061,"28075"
"Q91WC9","Daglb",0.292142687559644,0.748242800670585,0.482601459653685,15.5237287370791,"231871"
"Q7TNR6","Igsf21",0.29186261309501,0.747458637228034,0.483040864512061,17.3051392578387,"230868"
"Q9CZ00","Dbndd1",0.291702316437888,0.74700992696575,0.483292422352004,18.718436392619,"72185"
"Q99NH2","Pard3",0.291457043549486,0.746323480212055,0.483677435216449,11.9691494359855,"93742"
"P25976","Ubtf",0.290974661997213,0.744973905074981,0.484434996266951,15.8548610106941,"21429"
"Q501J7","Phactr4",0.290786039922716,0.744446359626143,0.484731346181377,10.5941159434485,"100169"
"B1AZI6","Thoc2",0.290594798448629,0.743911584938796,0.485031884032532,13.7327251043611,"331401"
"Q9D7X1","Kctd4",0.290518137146555,0.743697241818347,0.485152378513102,16.6612589561856,"67516"
"Q8BFS6","Cpped1",0.290405874967669,0.743383387740308,0.485328850792379,14.7650180985197,"223978"
"Q63844","Mapk3",0.290268541849655,0.742999487819066,0.485544767904796,21.2057106773609,"26417"
"P62307","Snrpf",0.290256467493597,0.742965737656873,0.485563753180274,17.7478280977858,"69878"
"Q9CWX4","Rpusd4",0.28970212009711,0.741416646289124,0.486435701552421,6.29798308526201,"71989"
"Q6ZQI3","Mlec",0.289683387782928,0.741364314172424,0.486465176817193,17.4438168958919,"109154"
"Q8BXR1","Slc7a14",0.28959101636961,0.741106271475823,0.486610533292616,17.7524156802932,"241919"
"P27601","Gna13",0.289427041373446,0.74064825739378,0.486868607618157,19.7456601805777,"14674"
"Q8K2C8","Gpat4",0.28928692689602,0.740256946773995,0.487089171105951,14.5689309551083,"102247"
"D3Z4S3","Ptrhd1",0.28927476197293,0.740222975122025,0.487108322559509,16.2140691098477,"69709"
"B2RWS6","Ep300",0.289259722851857,0.740180977552309,0.487131999320452,15.1182207181282,"328572"
"Q06138","Cab39",0.289144509572361,0.739859257995812,0.487313399654197,19.6764016261874,"12283"
"Q3UVG3","Fam91a1",0.288741696080126,0.738734724237233,0.487947826381889,14.6041597283867,"210998"
"Q5DU41","Lrrc8b",0.288527484536628,0.73813688459826,0.488285338364835,18.5449257331438,"433926"
"O35250","Exoc7",0.288422883183223,0.73784499826246,0.488450181473299,18.1300420154172,"53413"
"Q8BMA6","Srp68",0.288410238473689,0.737809715605123,0.488470109963187,18.3349409090157,"217337"
"Q9D7A6","Srp19",0.288211819825783,0.73725612122337,0.488782865981894,15.1698210743089,"66384"
"Q8BGF3","Dnaaf10",0.288177520298369,0.737160434945484,0.48883693828593,11.5018014403709,"103784"
"Q9CQF3","Nudt21",0.288156021884925,0.737100461843585,0.488870831158726,17.7210135650781,"68219"
"Q91XB7","Yif1a",0.287379811528555,0.734935917891173,0.490095162406905,7.15388264577842,"68090"
"Q9CWF2","Tubb2b",0.287173722814849,0.734361483322894,0.490420430281543,21.7484174379121,"73710"
"P47753","Capza1",0.286979051778062,0.733818975522166,0.490727754832334,17.9817468346722,"12340"
"Q9QXA5","Lsm4",0.286772968038591,0.733244770842286,0.491053178022744,16.5980391306553,"50783"
"Q56A07","Scn2b",0.286751390031482,0.733184655132513,0.491087256321651,19.0212667707543,"72821"
"O08648","Map3k4",0.286620402762574,0.732819754440901,0.491294145160053,15.2422327893161,"26407"
"Q78YY6","Dnajc15",0.286398852259812,0.732202667106832,0.491644151833194,16.1492821160252,"66148"
"P32233","Drg1",0.28631812833425,0.731977857576606,0.491771703983988,16.2897611655593,"13494"
"Q9DCS2","Mettl26",0.286214430808473,0.731689093362963,0.49193557564869,18.9839516392698,"68347"
"Q99JP7","Ggt7",0.285969223136542,0.731006380341925,0.492323157994296,18.104938331975,"207182"
"O35345","Kpna6",0.285889844661651,0.730785406425304,0.492448651284539,17.6083506391346,"16650"
"Q8VCN9","Tbcc",0.28582479436895,0.730604331537563,0.492551501704219,19.6680170228564,"72726"
"Q99J27","Slc33a1",0.285724698019498,0.730325723446567,0.492709779392127,17.5305070460494,"11416"
"O35621","Pmm1",0.285638183316294,0.730084939468724,0.49284659694281,17.9524509880233,"29858"
"Q99PN0","Slc5a5",0.285266621162592,0.729051044640414,0.49343436646416,12.5834376959775,"114479"
"Q62210","Birc2",0.285190335491864,0.728838819307596,0.493555075394822,14.677381882379,"11797"
"O55176","Pja1",0.285066252814625,0.728493655785999,0.493751439278878,14.448750894772,"18744"
"P14685","Psmd3",0.284999343001168,0.728307547826901,0.49385733825348,18.39372360236,"22123"
"P09470","Ace",0.284978379044417,0.728249239494031,0.493890519971499,16.2690651001467,"11421"
"Q05909","Ptprg",0.28473177173293,0.72756342087548,0.494280914414396,18.5288930062172,"19270"
"P97379","G3bp2",0.284637256185715,0.727300613405958,0.494430569940223,20.4361159891167,"23881"
"Q8BVL3","Snx17",0.284208750189941,0.726109410141752,0.49510928432734,15.5477623333999,"266781"
"Q9DD18","Dtd1",0.284126819563506,0.725881705236733,0.495239095946657,20.0276570003859,"66044"
"Q3TIX9","Usp39",0.284016501331762,0.725575131677812,0.495413905914816,16.6607560596928,"28035"
"P70698","Ctps1",0.283632068743982,0.724507041140591,0.496023262924459,16.0982977348707,"51797"
"Q923K4","Gtpbp3",0.282860425949538,0.722364288626737,0.497247251869098,9.25803421112599,"70359"
"Q8K3C0","Rnasek",0.282737138457466,0.722022076568174,0.497442919687942,17.5853490079715,"52898"
"P97950","Rab33a",0.282374632441076,0.721016085111954,0.498018419561727,18.596703050425,"19337"
"P32067","Ssb",0.282321745480226,0.720869346429767,0.498102402173916,18.5167296139984,"20823"
"Q9DBT3","Ccdc97",0.282258877724579,0.720694924604332,0.498202241023445,14.1837302887839,"52132"
"P70704","Atp8a1",0.281967557951093,0.719886811602958,0.49866497980578,19.4596031506452,"11980"
"Q8QZZ7","Tprkb",0.281340700045735,0.718148658194895,0.49966125481212,15.4850342319364,"69786"
"P11438","Lamp1",0.281268291717682,0.717947948556737,0.499776383710057,17.4682581524651,"16783"
"Q8C129","Lnpep",0.281115514965104,0.717524508262351,0.500019331435009,17.8020738605576,"240028"
"Q8BI84","Mia3",0.281006898737261,0.717223500535088,0.500192082042799,20.7596765561937,"338366"
"Q9CQA9","Ntpcr",0.280839017595204,0.716758311045974,0.500459136635225,13.6774668902001,"66566"
"Q3UEB3","Puf60",0.280668467651446,0.716285799590805,0.500730492579372,20.268658025666,"67959"
"Q8K2H2","Otud6b",0.280571674412877,0.716017665079144,0.500884521947603,17.3369983997424,"72201"
"Q3UY34","Custos",0.280443442375358,0.715662476006612,0.501088608588912,14.3013824888263,NA
"P51791","Clcn3",0.280425992070525,0.71561414373812,0.501116383941129,18.3230006107278,"12725"
"Q9D1G5","Lrrc57",0.280396204938422,0.715531643825757,0.501163796973939,18.382305861487,"66606"
"O55142","Rpl35a",0.280324878773267,0.715334104473093,0.501277335864317,18.6718332867907,"57808"
"A3KFX0","Nt5c1a",0.280234913367117,0.715084961678861,0.50142055925014,15.8699418329645,"230718"
"Q9R0N5","Syt5",0.280058854904731,0.714597459014118,0.501700886656756,16.0834254884859,"53420"
"Q9CWZ7","Napg",0.280004550057661,0.714447105677166,0.501787365140368,20.1487878833183,"108123"
"O88559","Men1",0.280002584645775,0.714441664198683,0.501790495093968,11.5197087911006,"17283"
"Q8C4X7","Minar2",0.279944800364457,0.714281685842673,0.501882520936914,13.1129559936881,"225583"
"Q9WTL7","Lypla2",0.279810912327493,0.713911043216409,0.502095772599952,18.8643769070218,"26394"
"Q9QZS8","Sh2d3c",0.279690196793364,0.713576904809026,0.502288073337274,12.9577701008465,"27387"
"P61965","Wdr5",0.279471284848234,0.712971054163129,0.502636873554977,17.5936213198131,"140858"
"Q80UU9","Pgrmc2",0.279468959084921,0.712964618135108,0.50264057977394,17.7991384876934,"70804"
"Q6NVE8","Wdr44",0.279110331578843,0.711972359784722,0.503212195479243,19.087279177105,"72404"
"Q00493","Cpe",0.278917317516632,0.71143845807056,0.503519943007099,20.3987145576858,"12876"
"Q8VCH8","Ubxn4",0.278860086159651,0.711280166753451,0.503611208250538,15.6393044276607,"67812"
"P35802","Gpm6a",0.278462242463717,0.710180031871464,0.504245813004844,24.1783025748914,"234267"
"P62862","Fau",0.278460943941109,0.710176441788932,0.504247884791661,18.6777487467326,"14109"
"Q8BLR9","Hif1an",0.278448020755372,0.710140712719389,0.504268503851778,10.8967916455499,"319594"
"Q921M7","Cyrib",0.278404029139725,0.710019091083292,0.504338695285367,20.6402835900638,"223601"
"Q91XL3","Uxs1",0.278219466597808,0.709508892125557,0.504633217233624,12.5408383976959,"67883"
"O08715","Akap1",0.278008851533611,0.708926778446101,0.504969393492072,17.008417135737,"11640"
"Q9WUC3","Ly6h",0.277942771745774,0.70874416502444,0.505074885285009,20.8826788557044,"23934"
"Q9R087","Gpc6",0.277772189969329,0.708272807704468,0.505347246069125,18.2938226307344,"23888"
"P17141","Zfp37",0.277448830578937,0.707379489324765,0.505863693988046,6.93404339354185,"22696"
"Q8BXJ9","Tmem62",0.277399115706254,0.707242169247056,0.505943113063202,13.488796986644,"96957"
"Q9WTZ8","Bex2",0.276777061799575,0.705524481067523,0.506937239763941,12.9844756134811,"12069"
"Q8C5Q4","Grsf1",0.27676196600537,0.705482808740873,0.506961374118919,15.877358422396,"231413"
"Q8BK26","Fbxo44",0.276752566375965,0.705456861108842,0.506976401968446,13.3484776011718,"230903"
"O08585","Clta",0.276648486454298,0.705169563637811,0.507142813187093,20.5436891738595,"12757"
"Q8VBW1","Slc6a8",0.276637411220734,0.705138993650127,0.507160522369289,13.4181124736117,"102857"
"Q8BGT8","Phyhipl",0.27650435683569,0.704771759178703,0.507373293303507,19.9871461506478,"70911"
"Q80TI0","Gramd1b",0.276455905221929,0.704638042035338,0.507450782036681,19.1254380560225,"235283"
"P61215","Ca10",0.276345357808375,0.704332974194808,0.507627597497139,15.8324603758901,NA
"E9PZJ8","Ascc3",0.276309696105888,0.704234568232192,0.507684641727224,12.7366767974918,"77987"
"Q5SQY2","Bod1",0.276249309677908,0.704067943307868,0.507781241020066,11.7440473992012,"69556"
"P16014","Chgb",0.27623133568599,0.704018349220956,0.50780999510197,16.138298376332,"12653"
"Q6A4J8","Usp7",0.276047706763076,0.703511723566008,0.508103792811428,19.6136911056945,"252870"
"Q9Z127","Slc7a5",0.275970249009812,0.703298045396204,0.508227740944282,17.2663627778067,"20539"
"Q99J83","Atg5",0.275767833321042,0.702739723092744,0.508551701301762,15.5745056166477,"11793"
"Q9D024","Ccdc47",0.275726484625472,0.702625683616845,0.508617888305324,17.1790441301087,"67163"
"P60605","Ube2g2",0.275451584654572,0.70186761828445,0.509058004699988,14.851229495202,"22213"
"P52800","Efnb2",0.275440753858223,0.701837755051015,0.509075347820556,16.5133248680605,"13642"
"Q99JI1","Mustn1",0.275200966139145,0.701176673966162,0.509459372072748,5.30212237286167,"66175"
"Q8BP71","Rbfox2",0.275185562488253,0.701134211819463,0.509484045041043,17.3045626078654,"93686"
"Q8BX94","Osbpl2",0.27491615706587,0.700391655510268,0.509915641323325,16.4866594428259,"228983"
"Q8BH79","Ano10",0.274544245251565,0.699366856238061,0.510511683476242,14.9219495685854,"102566"
"O09126","Sema4d",0.274419523425742,0.699023262535883,0.510711627112586,18.06738523703,"20354"
"Q9JHU2","Palmd",0.274308629168164,0.698717794170575,0.510889428407584,15.8116681775623,"114301"
"Q9D1F4","Akt1s1",0.274298162968218,0.698688965623461,0.510906210502063,16.3786334441935,"67605"
"P10922","H1-0",0.273938207344089,0.697697651820208,0.511483510410432,20.510930888178,NA
"O88951","Lin7b",0.273825289234584,0.697386741941102,0.511664660188732,18.0050656503527,"22342"
"Q8R3D1","Tbc1d13",0.273335179057378,0.696037628648901,0.512451203972698,15.5090420769596,"70296"
"O88351","Ikbkb",0.273205654132253,0.695681186753855,0.512659145676238,16.2605089597297,"16150"
"Q9D4F2","Plpp6",0.273123321983358,0.695454636739133,0.512791339763767,16.5949446842971,"74411"
"P62911","Rpl32",0.272844177933012,0.694686650319522,0.513239634457814,18.492236371475,"19951"
"Q9JJH1","Rnase4",0.272538571561524,0.693846077623,0.513730595857009,10.0530193363449,"58809"
"Q99LL5","Pwp1",0.272487976294381,0.693706936845243,0.5138118949976,16.719842539254,"103136"
"P56388","Cartpt",0.272421468374502,0.693524044535547,0.513918770794165,15.47007116743,"27220"
"B0V2N1","Ptprs",0.272054817298092,0.692515971385163,0.514508115832334,19.1831677245245,"19280"
"Q69ZQ1","Myorg",0.272008906222244,0.692389766096786,0.514581929955304,13.8264958476271,"329828"
"Q64345","Ifit3",0.271782630124682,0.691767828668994,0.514945786427111,14.2937480747045,"15959"
"Q9Z247","Fkbp9",0.271698175597722,0.691535730597835,0.515081615762682,12.7412415262778,"27055"
"Q99JI4","Psmd6",0.27164959301786,0.691402223687414,0.515159757869417,19.5716809522858,"66413"
"Q4VBE8","Wdr18",0.271501600096074,0.690995568268279,0.515397822873472,16.0872529348815,"216156"
"Q5DTL9","Slc4a10",0.27146980967432,0.690908221352414,0.515448967107814,19.2064086120389,"94229"
"Q8C3I8","Hgh1",0.271460373501305,0.69088229512599,0.515464148331582,13.5806513893118,"59053"
"P70340","Smad1",0.271337893781724,0.690545797179625,0.515661212943948,14.2179410595481,"17125"
"Q9D6S7","Mrrf",0.27118956695114,0.690138335959529,0.515899902309998,16.7608699250133,"67871"
"Q9QY36","Naa10",0.271101557698331,0.689896595230377,0.516041547483735,18.5688477853438,"56292"
"Q8BLE7","Slc17a6",0.270963518981562,0.689517472937744,0.516263741218228,18.2598096383776,"140919"
"E9Q7X7","Nrxn2",0.270898543449173,0.689339034021855,0.516368341369682,19.3539625303529,"18190"
"P35700","Prdx1",0.270798525760975,0.689064380533118,0.516529369286405,21.6368740893573,"18477"
"A2RTL5","Rsrc2",0.270734375094279,0.688888232325778,0.516632661410583,8.32175126356558,"208606"
"Q8VCX6","Kptn",0.270584828503842,0.68847763803692,0.51687348375017,17.3659221797127,"70394"
"P12023","App",0.270414275561116,0.688009434461399,0.517148185006498,19.3819799882019,"11820"
"Q08857","Cd36",0.27014267965623,0.687263991007223,0.51758574406116,12.1709936178406,"12491"
"Q62101","Prkd1",0.270091846289745,0.687124489425646,0.517667655388902,13.385833064885,"18760"
"Q9DBG7","Srpra",0.269934996814895,0.686694087785769,0.517920428405382,16.9907695070852,NA
"P39061","Col18a1",0.269873353491077,0.686524952021765,0.518019783227829,13.1532869360321,"12822"
"Q91VK1","Bzw2",0.269780094241022,0.686269086393031,0.518170109187016,15.7476773486505,"66912"
"Q91WE4","Q91WE4",0.269631761709454,0.68586216487881,0.518409242193839,15.8773473156555,NA
"Q921W0","Chmp1a",0.269337873476611,0.685056094999203,0.518883153401057,19.3579143505711,"234852"
"Q9R1Z8","Sorbs3",0.269195352757597,0.684665266773497,0.519113034301415,14.7606652895406,"20410"
"Q91YW3","Dnajc3",0.269152068550993,0.684546580022042,0.519182857733379,17.7489373493489,"100037258"
"E9PY46","Ift140",0.268959586336957,0.684018841459127,0.519493400735129,6.94796962489376,"106633"
"Q5FWH7","Slc39a12",0.268958510864655,0.684015893028692,0.519495136053352,15.950837045076,"277468"
"Q9D6D0","Slc25a27",0.268889469793398,0.683826621218601,0.519606541153933,17.5835828796002,"74011"
"P97291","Cdh8",0.268473592914303,0.68268676078974,0.520277791240507,16.0701079538116,"12564"
"Q9R0A1","Clcn2",0.268087543185688,0.681629020619002,0.520901187752171,14.5655441753519,"12724"
"Q8R554","Otud7a",0.268064307643334,0.681565368699536,0.520938717588088,15.812030531784,"170711"
"P27048","Snrpb",0.267938237947299,0.681220033133057,0.521142361770306,19.7038999624142,"20638"
"Q9CXI3","Moxd1",0.267518135593116,0.680069542575447,0.521821179698381,12.8448620909113,"59012"
"Q9D563","Tmem114",0.267512041375895,0.680052856053505,0.521831029394775,15.4002978471704,"74720"
"Q9DBR3","Armc8",0.26747658082714,0.679955763584224,0.521888343400854,17.2770568864469,"74125"
"P11103","Parp1",0.267426963861444,0.679819915246208,0.521968542003901,16.1946528572402,"11545"
"Q9D9H8","Q9D9H8",0.267300313816738,0.679473181265267,0.522173274151682,15.2131319920761,NA
"P02469","Lamb1",0.267255687624472,0.679351015711679,0.522245420334472,15.0185693328401,"16777"
"Q9D6K7","Ttc33",0.2667510120961,0.677969778523617,0.523061576014905,16.2568131181702,"67515"
"Q8BXA0","Lrfn5",0.266648138410948,0.677688299146511,0.52322800029683,14.9561672413712,"238205"
"Q8VH51","Rbm39",0.26638203225653,0.676960304442586,0.523658585689761,16.9500191438937,"170791"
"P70257","Nfix",0.266297111622394,0.676728019560966,0.523796023126454,14.8900398327368,"18032"
"Q99MR3","Slc12a9",0.266286157269977,0.676698057166251,0.523813752867721,14.8708458611877,"83704"
"Q9QWR8","Naga",0.266152936328525,0.676333693220171,0.524029390261162,18.6785771575568,"17939"
"P97371","Psme1",0.26601572920579,0.675958470529293,0.524251514276182,17.5281068827505,"19186"
"Q6DFW5","Atp11b",0.265802860412781,0.675376422054247,0.524596195712839,15.2025862337344,"76295"
"P61021","Rab5b",0.265709830609629,0.675122083466731,0.524746857808459,19.7938373467394,"19344"
"O08672","Kifc2",0.265395220939274,0.674262107477048,0.525256488020779,14.3079512812359,"16581"
"Q8K2P7","Slc38a1",0.265348796798507,0.674135228123604,0.525331705112418,14.8255774411475,"105727"
"O35098","Dpysl4",0.265234535035723,0.673822966850843,0.525516850722261,21.4966891908331,"26757"
"Q8BG40","Katnb1",0.265193077354183,0.673709676408737,0.525584033213314,16.1557077530595,"74187"
"Q9CQW0","Emc6",0.265027533432566,0.673257338443183,0.525852330086212,17.3710666834827,"66048"
"Q9WUH1","Tmem115",0.264893587900093,0.672891387881096,0.526069452550113,9.29337981774416,"56395"
"S4R1M9","Osbpl10",0.264790835869968,0.672610689009263,0.52623603356719,16.6900382318608,"74486"
"Q9CR21","Ndufab1",0.264737032723286,0.672463718943461,0.526323266705835,20.5668014676584,"70316"
"Q9DBL7","Coasy",0.264601400432021,0.672093252238338,0.526543196343655,16.9558527837011,"71743"
"Q6ZWU9","Rps27",0.264435951413903,0.671641402041544,0.526811520182527,19.2133803834963,"57294"
"O89017","Lgmn",0.264378649069944,0.671484921116458,0.526904464420129,15.4630555584906,"19141"
"O08601","Mttp",0.264199876702187,0.67099677964712,0.527194471599948,11.2100528581115,"17777"
"P26645","Marcks",0.263975650279269,0.670384630088801,0.527558298294403,21.1087948450832,"17118"
"Q61527","Erbb4",0.263574744091618,0.669290426866776,0.528209033891892,16.3194753998768,"13869"
"Q9JJA4","Wdr12",0.263548294445441,0.669218250304193,0.528251976346795,17.7845006911401,"57750"
"Q8R0I0","Ace2",0.263405777918647,0.668829374977492,0.52848338190742,12.6957569239743,"70008"
"P58058","Nadk",0.26327754370763,0.668479511072414,0.528691629039955,15.8927084482871,"192185"
"Q3UTQ8","Cdkl5",0.263204169521246,0.66827933997158,0.528810799321609,19.7149361704016,"382253"
"Q8K0X8","Fez1",0.26292487865018,0.667517524356286,0.529264498517531,15.6771440845726,"235180"
"P48542","Kcnj6",0.262798133595704,0.66717186411865,0.529470439095064,17.2529447686732,"16522"
"P29533","Vcam1",0.262786112830917,0.667139082908811,0.529489972458634,17.2781980401728,"22329"
"Q3U1V6","Uevld",0.262716388417079,0.666948947623922,0.529603277660089,15.580745514306,"54122"
"P97351","Rps3a",0.262655265554415,0.666782277606971,0.529702612302742,19.9305036907358,NA
"Q8K341","Atat1",0.26245724387184,0.666242370650265,0.530024476954915,16.0327594395823,"73242"
"Q8VHG2","Amot",0.262240035726803,0.665650255682264,0.530377609954688,11.8456662808453,"27494"
"O35604","Npc1",0.262142143360535,0.665383434107072,0.530536789811424,13.8364936124758,"18145"
"Q7TMR0","Prcp",0.262006523012279,0.66501381521965,0.530757347005509,14.6910602170815,"72461"
"O35855","Bcat2",0.261982487878252,0.66494831442263,0.53079643846982,16.1948540767734,"12036"
"P31725","S100a9",0.261969003151375,0.664911566286584,0.530818370897817,13.7692076995735,"20202"
"Q9QYI3","Dnajc7",0.261820454132573,0.664506773033919,0.531060002606161,18.7250516324762,"56354"
"P00405","Mt-co2",0.261563584507686,0.663806927809229,0.531477925206061,23.5112113041523,NA
"Q8R1J9","Tor2a",0.261242860461316,0.66293332275311,0.531999907145907,17.6400244637722,"30933"
"B9EKI3","Tmf1",0.261241039705351,0.662928363955124,0.532002870982669,12.9345172087382,"232286"
"Q62420","Sh3gl2",0.261216861601616,0.66286251601968,0.532042228809192,22.1170901689357,"20404"
"Q9JIX8","Acin1",0.260999561584885,0.662270769655509,0.532396004034341,17.3965559382692,"56215"
"Q99P47","Cntnap4",0.26091190199532,0.662032087682668,0.53253874258769,17.0193475404609,"170571"
"Q9DC53","Cpne8",0.260770436825779,0.661646939436155,0.532769123819873,17.6190152798573,"66871"
"Q8BX10","Pgam5",0.260737668208146,0.661557731239914,0.532822493923149,17.3926004222767,"72542"
"Q8BNU0","Armc6",0.260582094605894,0.661134236298411,0.533075902662538,17.35671797333,"76813"
"Q9QYK9","Pnck",0.260148088603646,0.65995309806854,0.533783073801398,18.9952718247209,"93843"
"P03893","mt-Nd2",0.259828012436039,0.659082292428476,0.534304826761567,17.9669144471697,NA
"Q3U2I3","Fhip1b",0.25974389491893,0.658853479296759,0.534441976784422,15.4066159803022,"74349"
"Q3THG9","Aarsd1",0.259183884464313,0.65733057068177,0.535355377416433,16.9082435090257,"69684"
"P97792","Cxadr",0.259166818084235,0.657284171044818,0.535383222335524,15.4236057864111,"13052"
"P63242","Eif5a",0.258975492400135,0.656764044836798,0.535695418884784,20.2708904545954,"276770"
"Q6SKR2","Hemk2",0.258519123736744,0.655523723542129,0.536440368243803,11.9753561587974,NA
"Q9WTK7","Stk11",0.258252233122041,0.654798584781013,0.536876199446087,19.6084664051839,"20869"
"Q9EQK7","Icmt",0.258133533597935,0.654476131148091,0.53707007662362,13.2173837959561,"57295"
"Q8R0Y6","Aldh1l1",0.258091799973266,0.654362767061085,0.537138248046676,19.0831301959787,"107747"
"P03888","Mtnd1",0.258089426402598,0.654356319676007,0.537142125343188,19.6313211314282,NA
"Q8BXV2","Bri3bp",0.257708508357586,0.653321787533419,0.537764497853781,17.3904837520266,"76809"
"Q8VCE6","Nt5m",0.257707178302947,0.653318175821136,0.537766671455837,16.9572914382772,"103850"
"Q9CXK8","Nip7",0.257659949593551,0.653189930653294,0.537843855632142,12.4408383876971,"66164"
"Q62074","Prkci",0.257431168320783,0.652568767343638,0.53821780156556,15.3452455448217,"18759"
"P40338","Vhl",0.257282608288755,0.65216547541756,0.538460675383556,9.75966493923344,"22346"
"Q99JP6","Homer3",0.256984226815378,0.651355616821411,0.538948605367534,13.7481412414437,"26558"
"P68181","Prkacb",0.25695902850049,0.651287233401665,0.538989818394721,19.0720112026132,"18749"
"Q9CR76","Tmem186",0.256934792836113,0.65122146377354,0.539029458040021,14.5336722279442,"66690"
"Q3UVR3","Ttbk2",0.256910864804191,0.651156530274708,0.539068595561412,12.9500020499628,"140810"
"Q9D898","Arpc5l",0.256588381633624,0.650281532727115,0.539596160741207,21.4830592374791,"74192"
"Q6IEE6","Tmem132e",0.256402477237626,0.649777221712448,0.5399003753326,16.6962038944869,"270893"
"Q61137","Astn1",0.256397805048197,0.649764548253716,0.539908021719427,17.971983814215,"11899"
"Q8VHH5","Agap3",0.256130948157,0.649040771533573,0.540344818015382,18.3327295337925,"213990"
"P18581","Slc7a2",0.255925477807161,0.648483597334892,0.54068122279061,14.1968683265141,"11988"
"Q9CWR1","Wdr73",0.255815929180746,0.648186572636403,0.540860611404019,9.68726660713285,"71968"
"Q61584","Fxr1",0.255594934955198,0.64758746118409,0.541222560452728,18.7471898322463,"14359"
"Q99P88","Nup155",0.255565524305775,0.647507737623163,0.541270736439732,20.253214307114,"170762"
"Q9D1P4","Chordc1",0.255507798968572,0.647351266920501,0.541365297684085,18.638235244129,"66917"
"Q99NB9","Sf3b1",0.255493194544949,0.647311681241812,0.541389222482999,17.5731359089588,"81898"
"O70439","Stx7",0.255429131091783,0.647138041148268,0.541494175008747,19.627904780888,"53331"
"Q80U40","Rimbp2",0.255305904496055,0.646804068591946,0.54169607274537,16.0784916492115,"231760"
"Q8BKC8","Pi4kb",0.255246719324854,0.646643675085632,0.541793052969386,13.4050438741031,"107650"
"Q9R1C7","Prpf40a",0.255113229139382,0.646281941408437,0.542011811652573,16.7320161878914,"56194"
"Q69ZJ7","Ric1",0.255002709896554,0.645982484641932,0.542192950541871,11.5104935493369,"226089"
"Q8BWU8","Etnppl",0.254685942938887,0.645124340562185,0.54271224640959,13.7128024654065,"71760"
"O89029","Matn4",0.254525503551633,0.644689783667794,0.542975333114434,15.6299333048961,"17183"
"Q9DCB4","Arpp21",0.254487121426486,0.644585832490949,0.543038278504887,17.2810959423438,"74100"
"Q9CXW2","Mrps22",0.254160839764157,0.643702287952121,0.543573475584693,16.8692845137736,"64655"
"Q8K2C9","Hacd3",0.254104092501042,0.643548644918125,0.543666577029582,19.482865515327,"57874"
"Q80TB8","Vat1l",0.254057645059751,0.643422893906701,0.543742784517118,19.0813811397115,"270097"
"Q922W5","Pycr1",0.253891280200347,0.642972519559892,0.544015775083827,15.6258494524451,"209027"
"Q8VEJ9","Vps4a",0.253760464188699,0.642618424057855,0.544230467647722,17.7820719408365,"116733"
"Q9WVL1","Ap4s1",0.253168106272217,0.641015488662527,0.545203014545555,12.5310667822846,"11782"
"Q6Q477","Atp2b4",0.252786277753005,0.639982659579319,0.545830240008028,20.3874285575646,"381290"
"P62305","Snrpe",0.252582204918212,0.639430782707194,0.546165574306086,19.1336360462592,"20643"
"Q8BL74","Gtf3c2",0.252467027351211,0.639119346731181,0.546354867718798,8.67054185200936,"71752"
"Q9Z2I8","Suclg2",0.252321467717384,0.638725800250186,0.546594127456438,21.455298279934,"20917"
"O08810","Eftud2",0.25229538779586,0.638655293414791,0.546636999593229,17.12814718243,"20624"
"Q8K3Z9","Pom121",0.25227069183922,0.638588529486275,0.546677597775304,15.1714795290305,"107939"
"Q69ZU6","Thsd7a",0.251801877136755,0.637321371697788,0.547448496578152,20.0120258833276,"330267"
"Q3UDF0","Slc2a6",0.251799744447542,0.637315608354284,0.547452004369624,14.014565295062,"227659"
"P63147","Ube2b",0.251704653908779,0.637058647353117,0.54760841497747,14.8843357472942,"22210"
"O08576","Rundc3a",0.251571805755262,0.636699687789079,0.547826958339504,16.4755914205297,"51799"
"Q5SSZ5","Tns3",0.251351205962241,0.636103705604816,0.548189927426335,16.6827351539883,"319939"
"O88343","Slc4a4",0.251172982524452,0.635622286543931,0.548483234342508,20.1479862383041,"54403"
"Q9CYI0","Q9CYI0",0.251060955093132,0.635319712167103,0.54866762947742,18.104972064503,NA
"Q8VEA4","Chchd4",0.250869408016493,0.634802426656157,0.548982963807236,16.3273375538129,"72170"
"Q8CEC0","Nup88",0.250676229563914,0.634280816100279,0.549301049306812,14.0364158829139,"19069"
"Q61792","Lasp1",0.250551816670167,0.633944925590241,0.549505941011009,20.5061995004314,"16796"
"Q60611","Satb1",0.250403767011157,0.633545264098134,0.5497497948849,14.4601127820106,"20230"
"Q6NS46","Pdcd11",0.250226115230902,0.633065753978681,0.550042457592933,9.20742812867963,"18572"
"Q9D0E3","Lysmd1",0.249954171230897,0.632331866424049,0.550490564392588,15.7944865380424,"217779"
"Q5FWI3","Cemip2",0.249681174687603,0.631595298938791,0.550940536294514,14.3446531804629,"83921"
"O88967","Yme1l1",0.249676998931668,0.631584033648118,0.5509474200825,17.5907765694546,"27377"
"P51859","Hdgf",0.249661269692073,0.631541599882801,0.550973350213477,18.7898270278208,"15191"
"Q61696","Hspa1a",0.249556897990783,0.631260043241256,0.551145421147958,16.4098958052777,"193740"
"Q99J25","Mrm1",0.249110298398992,0.630055545844665,0.551881917120132,9.56812256256146,"217038"
"Q8VDH1","Fbxo21",0.248915761166998,0.629531005008974,0.552202841524319,19.6244393498534,"231670"
"Q8BW41","Pomgnt2",0.248905786312075,0.629504111479865,0.552219298641026,16.970272720923,"215494"
"Q3TIR1","Trappc13",0.248705863417691,0.628965137911318,0.55254918021264,16.3483644219081,"66975"
"Q61410","Prkg2",0.248669309347696,0.628866600800078,0.552609503601127,16.7289628253323,"19092"
"Q6PDY0","Ccdc85b",0.248662628407622,0.628848591609349,0.552620529081495,15.1953660542685,"240514"
"Q80YE4","Aatk",0.248659149127805,0.628839212875217,0.552626270928825,15.8701711509377,"11302"
"B9EHT4","Clip3",0.248616368271694,0.628723895074476,0.552696873806653,16.2926486341499,"76686"
"P58242","Smpdl3b",0.248589318192962,0.628650982344654,0.552741517235098,12.057894270921,"100340"
"Q9DAM7","Tmem263",0.248403567551752,0.628150339026086,0.553048114510548,17.1902399889152,"103266"
"Q9CR51","Atp6v1g1",0.248393106134962,0.628122145151767,0.553065383765643,19.1788863731077,"66290"
"O08709","Prdx6",0.248386192409684,0.628103512555381,0.553076796749778,22.6553982993566,"11758"
"Q0PMG2","Mdga1",0.248263866119069,0.627773858227824,0.553278743381032,18.5002860076756,"74762"
"Q8C6B2","Rtkn",0.248005337740451,0.627077261275144,0.553705629991814,12.3672038465106,"20166"
"Q03517","Scg2",0.247824528914433,0.626590162168359,0.554004254048372,19.5897237533309,"20254"
"Q91YP0","L2hgdh",0.24772506764779,0.626322243190425,0.554168548703684,17.0254448236628,"217666"
"Q80WR5","Q80WR5",0.247686500550415,0.626218360613798,0.554232260235728,9.12790125543402,NA
"Q6ZWX6","Eif2s1",0.247628714953771,0.626062717898772,0.554327724928506,19.8599157141108,"13665"
"Q3UH99","Shisa6",0.24755758803659,0.625871150753127,0.554445238141682,14.4580771915736,"380702"
"Q61646","Hp",0.247434593187067,0.625539912396641,0.554648466404187,18.1155709673753,"15439"
"P62823","Rab3c",0.247395481570297,0.625434587358053,0.554713097283402,21.0876653364288,"67295"
"Q9ESP1","Sdf2l1",0.247386166601756,0.625409503234188,0.554728490407568,17.4797411970189,"64136"
"Q04736","Yes1",0.247060667864402,0.62453308903328,0.555266476795386,13.4705633994696,"22612"
"Q9CR26","Vta1",0.246993887440652,0.624353308774702,0.555376874701419,18.7799727640973,"66201"
"Q9R1V4","Adam11",0.246738480322216,0.623665812047035,0.555799171952545,17.1625177202808,"11488"
"Q9JJI6","Pigo",0.246561337740406,0.623189066587432,0.556092131023382,12.6203260054224,"56703"
"P56501","Ucp3",0.246544350455648,0.623143352047389,0.556120227523356,13.5591546720744,"22229"
"Q8C0L0","Tmx4",0.246516858883484,0.623069370679288,0.556165698886471,18.4798271202335,"52837"
"O08543","Efna5",0.246390356469239,0.62272896619742,0.556374952185019,10.605166582949,"13640"
"P15331","Prph",0.246377999910313,0.622695717834439,0.556395393210836,8.82414520517477,"19132"
"Q8C1B7","Septin11",0.246122775445621,0.622009045864986,0.556817661419288,20.3464622493274,"52398"
"Q00724","Rbp4",0.246107263141532,0.62196731502733,0.556843330128208,13.8708753326775,"19662"
"Q9R1P4","Psma1",0.24583327762787,0.621230329417448,0.557296771525452,19.8416927469316,"26440"
"Q7M6Y3","Picalm",0.245627400159686,0.620676649940828,0.557637580835463,21.117831192602,"233489"
"B2RUJ5","Apba1",0.245549401068575,0.620466905335751,0.557766719603425,16.3021898570648,"319924"
"Q3UYH7","Grk3",0.245421600974014,0.620123270326689,0.557978333886762,19.1045050804289,"320129"
"Q9CPT4","Mydgf",0.244856769451202,0.61860493602918,0.558913932871051,17.6181136502138,"28106"
"Q8CGA0","Ppm1f",0.244441010590779,0.617487754980417,0.559602956680957,19.4505391486727,"68606"
"Q5SWT3","Slc25a35",0.24396470776435,0.616208332016039,0.560392684241831,14.0045317844473,"71998"
"P62080","Tspan5",0.243937946569422,0.616136461392632,0.560437066874482,11.5542829570004,"56224"
"Q8R3K3","Ptcd2",0.243598785236788,0.615225729707886,0.560999662423339,12.7635172627734,"68927"
"Q9JME9","Vstm2b",0.243514287377964,0.614998869505014,0.561139856929092,14.0244128656149,"58188"
"P20491","Fcer1g",0.243289406933109,0.614395182060596,0.561513026763769,14.1071088279825,"14127"
"Q9CRC9","Gnpda2",0.24319912771749,0.614152858788005,0.561662861814232,17.1337840824313,"67980"
"Q9CSU0","Rprd1b",0.243099634058795,0.613885822185005,0.561828006137625,15.7789425383007,"70470"
"Q8VCB1","Ndc1",0.243078239824669,0.613828403692271,0.561863519527151,12.1239726596569,"72787"
"Q8K5B2","Mcfd2",0.242999647293662,0.613617482851905,0.561993986050757,15.3106743343637,"193813"
"Q9CYC6","Dcp2",0.24257472580509,0.612477332170695,0.562699554897254,9.44295672912962,"70640"
"E9Q7M2","Tsc22d2",0.242414372944243,0.612047170254445,0.562965896182819,17.2677167601555,"72033"
"Q3TLH4","Prrc2c",0.242346327819861,0.611864648795345,0.563078930389831,17.74237904477,"226562"
"Q8BGR8","Gskip",0.242063902110007,0.611107184116579,0.563548170859873,14.277951383099,"66787"
"Q5DU31","Ipcef1",0.241888851260081,0.61063778124967,0.563839080186505,16.8081790384531,"320495"
"Q810B7","Slitrk5",0.241644001374216,0.609981316894981,0.564246073263914,18.1106243772241,"75409"
"Q8BG30","Nelfa",0.24119314463083,0.608772853376281,0.564995761534305,14.5229807600961,"24116"
"Q9DCB1","Hmgn3",0.241191041159501,0.608767216273542,0.56499926001567,13.0802180067736,"94353"
"Q920S3","Gatad1",0.240641275823031,0.607294209575462,0.565913884826364,6.67492803213393,"67210"
"Q8QZY6","Tspan14",0.240421002741784,0.606704197917938,0.566280489485351,18.7589586691847,"52588"
"Q8R0P4","Aamdc",0.240321445485422,0.606437561841545,0.566446211563945,16.6209335998991,"66273"
"P50396","Gdi1",0.240279157784906,0.606324312290113,0.566516608368904,22.482825141102,"14567"
"Q499E0","Brinp3",0.24016259772648,0.606012174901659,0.566710662911949,15.8503658490761,"215378"
"O88508","Dnmt3a",0.240028393047779,0.605652821252106,0.566934121590044,13.8341938005829,"13435"
"Q922H1","Prmt3",0.240012598052523,0.605610530149349,0.566960423195514,14.4691777171149,"71974"
"Q8C4B4","Unc119b",0.239100580156024,0.60316946618784,0.568479819603666,13.3792389133941,"106840"
"Q9QY73","Tmem59",0.238877337529018,0.602572203805333,0.568851950030552,9.76654659005965,"56374"
"O54962","Banf1",0.238778577936989,0.602308015144301,0.569016602485778,19.3655908964728,"23825"
"Q3UHI4","Tmed8",0.238692096132086,0.602076686680235,0.569160798883671,19.5422001687986,"382620"
"Q9WUM4","Coro1c",0.238279388161563,0.600972951414757,0.569849105933085,20.7887420154435,"23790"
"Q9QXY6","Ehd3",0.238247066082289,0.600886524687032,0.569903024253855,19.5777102338882,"57440"
"Q9CQM5","Txndc17",0.238084644010738,0.600452252728743,0.570173996511196,17.8411174750788,"52700"
"Q6PD03","Ppp2r5a",0.237999464387969,0.600224527189617,0.570316121283833,18.2953413248005,"226849"
"Q9DBH5","Lman2",0.237915272413385,0.599999456529262,0.570456610141554,17.4217691008966,"66890"
"Q3UHL1","Camkv",0.237902836463177,0.599966212681273,0.570477362684877,20.7642000274906,"235604"
"Q3UYC0","Ppm1h",0.237762014872429,0.599589789476682,0.570712377458056,18.7862184605411,"319468"
"Q80YF9","Arhgap33",0.237581321353993,0.599106845296395,0.571013982685538,18.2352765056513,"233071"
"Q62419","Sh3gl1",0.237502438966525,0.59889603499751,0.571145666717605,21.5412592906727,"20405"
"Q8CIB5","Fermt2",0.237470597521518,0.598810943456417,0.571198824890608,18.1608772030727,"218952"
"O35075","Vps26c",0.23744585517261,0.598744824609494,0.571240132548693,15.3647758190749,"13185"
"P48758","Cbr1",0.237327166544187,0.598427670789164,0.571438298986439,20.0512273936818,"12408"
"Q6PDG5","Smarcc2",0.23706867623887,0.597737044166981,0.571869964770822,18.8853651839528,"68094"
"P17809","Slc2a1",0.23703595008518,0.597649617010915,0.571924623797047,19.3826908517521,"20525"
"Q60870","Reep5",0.236943918425984,0.59740376813427,0.572078344155731,19.7639494052531,"13476"
"D3YZP9","Ccdc6",0.23680605049293,0.597035506355228,0.572308651362351,20.9019247079716,"76551"
"P58021","Tm9sf2",0.236790122990583,0.596992964549479,0.572335260172823,17.281249565201,"68059"
"Q7TME0","Plppr4",0.236556819205353,0.596369876655791,0.572725070961608,18.0853949310636,"229791"
"Q9JK92","Hspb8",0.236400835724341,0.59595335020875,0.572985743581075,7.86803883807632,"80888"
"Q9JLR1","Sec61a2",0.236300285595414,0.595684874648888,0.573153800051412,16.5815055889635,"57743"
"P51174","Acadl",0.236291135541024,0.595660444398822,0.573169094017833,18.9369641559409,"11363"
"P10711","Tcea1",0.236164441281951,0.595322193444933,0.573380873029357,21.5768354456796,"21399"
"P49722","Psma2",0.235973831590019,0.594813360316585,0.573699542080247,19.1936457473566,"19166"
"Q9D071","Mms19",0.235965874554015,0.594792120567167,0.573712846297904,19.4920343076446,"72199"
"Q9Z2U0","Psma7",0.235807020565358,0.594368117456757,0.573978473372337,19.4262355279613,"26444"
"P51655","Gpc4",0.235778352743886,0.594291604479564,0.574026414647761,16.4274963303003,"14735"
"Q9CYH6","Rrs1",0.235721936986852,0.594141038451799,0.574120762878901,15.5120166988998,"59014"
"O88455","Dhcr7",0.23520397997782,0.592758978226209,0.574987228806618,15.9964880016693,"13360"
"P50114","S100b",0.235140061988535,0.592588463492397,0.575094185212666,20.7567219004665,"20203"
"Q8C0M0","Wdr59",0.235059224757233,0.592372824761862,0.575229462978298,17.3819293391934,"319481"
"Q6P8X1","Snx6",0.235045735260837,0.592336841893328,0.575252038152726,20.6972051183721,"72183"
"P22723","Gabrg2",0.234959786787942,0.592107585161996,0.575395883238224,18.6878532311279,"14406"
"P53811","Pitpnb",0.234883945309772,0.591905299775831,0.575522823269642,18.1600574079749,"56305"
"P63276","Rps17",0.234831320916773,0.591764946028042,0.575610909221703,19.2934125095797,"20068"
"Q6NZQ8","Marchf1",0.234771711155747,0.591605968359435,0.575710693279859,8.84701328243218,"72925"
"O70405","Ulk1",0.234678765263649,0.591358098196834,0.575866292316584,13.7427134166922,"22241"
"Q8CFE2","Hpf1",0.23438265893058,0.590568549676578,0.576362094346708,10.5665720704376,"72612"
"Q3TGF2","Fam107b",0.23433878482307,0.590451576987997,0.576435569781518,14.5141046036429,"66540"
"Q9QWV9","Ccnt1",0.234147857589519,0.589942590633955,0.576755350524912,11.3804644295619,"12455"
"Q9DB34","Chmp2a",0.233953355510359,0.589424148479737,0.577081180931588,17.0454117167137,"68953"
"O89001","Cpd",0.233908779553299,0.589305342533337,0.577155863534556,18.1628373272761,"12874"
"Q7TPG8","Tafa1",0.233868676493548,0.58919846132353,0.577223055056676,15.1381245873219,"320265"
"Q7TQH0","Atxn2l",0.23381439499101,0.589053797312963,0.577314006398889,19.3134903519139,"233871"
"Q9QWW1","Homer2",0.23368064685007,0.588697374000341,0.577538128866926,16.2632938378297,"26557"
"Q9ESK9","Rb1cc1",0.233570669991924,0.588404324888245,0.577722439877049,16.6542965252765,"12421"
"Q8C0D9","Cep68",0.233451382541277,0.588086493370458,0.577922377223385,14.9923762772273,"216543"
"Q9CQT5","Pomp",0.233442807144857,0.588063646020166,0.5779367513279,8.48959278545373,"66537"
"Q3UMU9","Hdgfl2",0.23335125809188,0.587819741758269,0.578090213703958,19.0811192982401,"15193"
"Q9ER69","Wtap",0.233021645947188,0.586941728538277,0.578642852683773,10.3778151066224,"60532"
"Q1EG27","Myo3b",0.232982153061124,0.586836542657825,0.57870907985607,15.4128582864899,"329421"
"Q64522","H2ac21",0.232392446464103,0.585266275038854,0.579698288381881,16.4935542807959,"621893"
"P55821","Stmn2",0.232371246445084,0.585209836458388,0.579733861225326,20.5151417788986,"20257"
"Q9CZ69","Cmtm6",0.232066212113549,0.584397873205329,0.580245779491537,15.122844093826,"67213"
"Q60972","Rbbp4",0.232054362277293,0.584366334101783,0.580265669354632,16.9995138159397,"19646"
"P17047","Lamp2",0.231860038417851,0.583849167831894,0.580591873504191,17.2038303095741,"16784"
"Q91W59","Rbms1",0.23175778705234,0.583577069528909,0.580763543975778,10.9066071456697,"56878"
"Q8BIJ7","Rufy1",0.231680522105312,0.583371475458188,0.580893275997024,18.0887584536811,"216724"
"P62880","Gnb2",0.231566184575767,0.583067256466558,0.581085272898296,22.9619848501589,"14693"
"B1AWN6","Scn2a",0.231433248061702,0.582713583072367,0.581308528443008,18.7685790339439,"110876"
"Q64338","Pde1c",0.231368197248634,0.582540530009298,0.581417786318834,6.67276524881474,"18575"
"Q3U3W5","Prmt9",0.231158114124076,0.581981707455353,0.581770684644617,17.1575873313209,"102182"
"Q91WG7","Dgkg",0.231148380568681,0.581955818216575,0.581787036859125,16.7009078582468,"110197"
"Q569Z5","Ddx46",0.231072207887503,0.581753221056051,0.581915011091301,16.3793774793909,"212880"
"P70211","Dcc",0.230661529585653,0.580661130898558,0.582605136823605,15.9712906818889,"13176"
"Q99JR1","Sfxn1",0.230458168914525,0.580120468438371,0.582946977238544,18.7652963545118,"14057"
"Q6PB93","Galnt2",0.23032617849139,0.579769596614503,0.583168883605368,16.9657754329552,"108148"
"Q9CPW4","Arpc5",0.230242589740204,0.579547409049776,0.583309430329269,19.0256991225098,"67771"
"Q8R3Y8","Irf2bp1",0.230210926824725,0.579463249276313,0.583362671565675,12.8276823335855,"272359"
"Q8BLJ3","Plcxd3",0.230183121374522,0.579389344217013,0.583409427820698,18.3876919471509,"239318"
"O35684","Serpini1",0.229950294167078,0.578770563582807,0.583800988005157,15.0362562777137,"20713"
"P0C7N9","Psmg4",0.229949654122772,0.578768862693378,0.58380206453007,13.3336512843729,"69666"
"P42932","Cct8",0.229798582941646,0.578367419887243,0.584056177983064,20.1164902642423,"12469"
"Q91V14","Slc12a5",0.229694715718097,0.578091438189127,0.584230912330474,20.9979713635976,"57138"
"Q9D8W5","Psmd12",0.229639802274087,0.577945538166962,0.584323299547941,18.8205336722181,"66997"
"Q80WQ2","Vac14",0.229142307023961,0.576624003866588,0.585160517213574,22.3413028119558,"234729"
"P63137","Gabrb2",0.228961061154766,0.57614266533426,0.585465629859234,17.7434682846178,"14401"
"Q9WTT4","Atp6v1g2",0.228163971097749,0.574026565922844,0.586808099943293,22.232124904333,"66237"
"Q6PIX5","Rhbdf1",0.2279791081986,0.573535969579092,0.587119595940004,8.57683527518733,"13650"
"Q9JKS5","Habp4",0.22796952880532,0.57351054919658,0.587135738831912,16.0971463526087,"56541"
"Q9DBF1","Aldh7a1",0.227708871676386,0.572818923102175,0.587575047086911,19.4369544191767,"110695"
"P52734","Fgd1",0.227670765832028,0.572717824164295,0.587639279418954,9.78849995829674,"14163"
"Q8R0A7","Kiaa0513",0.227564579500823,0.572436114950364,0.587818282624167,20.0205772300734,NA
"Q99JT2","Stk26",0.226772133822172,0.570334459074305,0.589154720633498,13.035982076593,"70415"
"Q8VDG3","Parn",0.22645828535721,0.569502427738954,0.589684297760158,9.31560169590209,"74108"
"Q9JLM9","Grb14",0.226456095212777,0.569496622190415,0.589687993892583,11.1188620984219,"50915"
"Q9D2R0","Aacs",0.226379568029641,0.569293772666243,0.589817147580871,17.5421614613264,"78894"
"Q8VCM8","Ncln",0.226248305485518,0.568945862766024,0.590038699218137,17.4873030867734,"103425"
"P09405","Ncl",0.226074686661994,0.568485738198485,0.590331784559576,19.2779092853252,"17975"
"Q9R0Q6","Arpc1a",0.226005469653558,0.568302315219801,0.590448643077839,20.7468034201758,"56443"
"Q62172","Ralbp1",0.225973835103103,0.568218487638517,0.590502054000707,16.3716902260192,"19765"
"Q3TXX4","Slc17a7",0.225925926751648,0.568091540137576,0.590582944235114,21.4194993244461,"72961"
"Q8C166","Cpne1",0.225830484823558,0.567838651159025,0.590744102919283,17.3363068303964,"266692"
"P52760","Rida",0.225647668720153,0.567354298133981,0.591052838343639,18.6871124969276,"15473"
"P62983","Rps27a",0.225594210108099,0.567212676811818,0.591143128103345,23.8854114995288,"78294"
"Q9D824","Fip1l1",0.225567694867109,0.567142435249854,0.591187913137385,13.7693340386319,"66899"
"Q6PGE7","Slc6a7",0.225249959423221,0.566300825080761,0.591724665574238,17.4482022984276,"240332"
"Q80W00","Ppp1r10",0.224957837549081,0.565527227482301,0.592218291703378,15.3303714613001,"52040"
"Q9CW46","Raver1",0.224906477797336,0.56539123311856,0.592305093296613,12.8078676509651,"71766"
"Q8R3Q0","Saraf",0.224710537276596,0.564872452075847,0.592636285352893,19.26633760331,"67887"
"Q99J08","Sec14l2",0.224554562539481,0.564459537852025,0.592899968431441,18.070218253128,"67815"
"Q3UZ39","Lrrfip1",0.224387186044566,0.564016490405357,0.593182970026451,15.2479526823104,"16978"
"O09167","Rpl21",0.224007136534338,0.563010690213571,0.593825727158643,19.4309506830535,"19933"
"Q9CXV1","Sdhd",0.223992818866864,0.562972803827411,0.593849946360736,18.5920181375726,"66925"
"Q91VC3","Eif4a3",0.223834392546009,0.56255361305409,0.594117955912246,20.7478223749703,"192170"
"O08582","Gtpbp1",0.223825350384413,0.562529689211926,0.594133253730046,16.4015328754444,"14904"
"Q9CQW9","Ifitm3",0.223738765722901,0.562300610384677,0.594279747026746,7.97602965222581,"66141"
"Q9R1K9","Cetn2",0.223596949451439,0.561925434418549,0.594519712950218,16.4394576559562,"26370"
"P0C8B4","Gon7",0.223469865194967,0.561589264020452,0.594734778197131,6.88035822389865,"100233175"
"Q8BVE3","Atp6v1h",0.223215836338661,0.560917382983484,0.595164749415831,20.8309248371819,"108664"
"Q9CQE8","RTRAF",0.22299373641914,0.560330049361676,0.595540761578368,18.2520564616868,NA
"Q80XH1","Kxd1",0.222901478919724,0.560086105398922,0.595696975328352,12.4116665043097,"75620"
"Q9WVJ0","Kcnh3",0.222373072699527,0.558689217515006,0.59659195230367,6.77236905514226,"16512"
"Q8CJF9","Ago3",0.222249443860687,0.558362468730415,0.596801409993315,12.1745244585274,"214150"
"Q60766","Irgm1",0.222244313897548,0.558348910942984,0.596810101937236,13.7746679308336,"15944"
"Q8VEK2","Rhbdd2",0.222160599015153,0.558127670908264,0.596951949991192,13.7132004369354,"215160"
"P0C090","Rc3h2",0.222152190665529,0.558105450205934,0.596966197868739,11.806928737396,"319817"
"Q8BHH2","Rab9b",0.221941085098125,0.557547605518527,0.597323951162672,17.5175181381902,"319642"
"Q7TMV3","Fastkd5",0.221928284719555,0.557513783278517,0.59734564578941,12.3060982861603,"380601"
"Q9Z2A7","Dgat1",0.221691626456066,0.556888519446803,0.597746790991101,18.1871167127272,"13350"
"Q9CPW2","Fdx2",0.221582194259154,0.556599428710539,0.597932312875863,16.4214243051138,"68165"
"P29416","Hexa",0.221374855680751,0.556051756007318,0.598283868662783,16.1374290109951,"15211"
"Q91V09","Wdr13",0.221255715701064,0.555737090612169,0.598485908810407,18.2148431272267,"73447"
"Q9WVL2","Stat2",0.221113798767392,0.555362302230714,0.598726603841607,9.27265840808768,"20847"
"Q9Z130","Hnrnpdl",0.220693614249586,0.554252854468551,0.599439434560667,19.5722356669497,"50926"
"Q9CQS4","Slc25a46",0.220375111377022,0.553412101308241,0.599979950603758,17.4400631961723,"67453"
"Q80ZI6","Lrsam1",0.220370414307948,0.553399703831337,0.599987922969933,16.0270642389358,"227738"
"Q9ES70","Nek6",0.219988015904509,0.552390534457452,0.600637086616205,12.9066671517152,"59126"
"Q8R180","Ero1a",0.219852106920033,0.552031928029339,0.600867862489579,16.4943519234107,"50527"
"O88909","Slc22a8",0.219807985503451,0.551915517503121,0.600942787672806,9.99774888248261,"19879"
"Q62189","Snrpa",0.219740662315827,0.551737897976575,0.601057119039114,18.4498627556936,"53607"
"Q8R310","Tmcc3",0.219599374375521,0.551365163334643,0.601297083898704,17.0471438626638,"319880"
"Q9DAK9","Phpt1",0.219557429495529,0.55125451469609,0.601368329529711,19.5360044792111,"75454"
"Q3UL36","Arglu1",0.219401319603675,0.550842732291866,0.601633514789141,17.1593177043697,"234023"
"P25785","Timp2",0.219394524193869,0.550824808555507,0.601645059079247,14.281366468905,"21858"
"P43247","Msh2",0.219138170588378,0.550148705607072,0.602080614748399,11.1852985482465,"17685"
"Q9JMH6","Txnrd1",0.218981941411607,0.549736727949606,0.602346105190834,17.8940137654125,"50493"
"Q62178","Sema4a",0.218845074668563,0.54937584568992,0.602578723148163,15.8742881374855,"20351"
"Q8BYK6","Ythdf3",0.21868593132888,0.548956268619066,0.602849239093005,15.6870740110975,"229096"
"P70207","Plxna2",0.218503401051846,0.548475089166013,0.603159557452869,17.5476012266401,"18845"
"Q9QZ08","Nagk",0.218421964934025,0.548260429841245,0.603298023163431,17.1437606309454,"56174"
"P61804","Dad1",0.218420517658773,0.548256615044119,0.603300484056975,18.1350728432081,"13135"
"Q3TUA9","Pomk",0.218415758714441,0.548244071218491,0.603308576013711,11.1070730216949,"74653"
"Q8K2T4","Uqcc3",0.217962571180731,0.547049728493484,0.60407932337678,12.9925968289861,"107197"
"Q9CQC6","Bzw1",0.217871249250589,0.546809101207048,0.60423467559751,17.5554528134267,"66882"
"E9PUL5","Prrt2",0.217544666813517,0.545948701263004,0.604790347200906,19.1123153275602,"69017"
"Q9D0E1","Hnrnpm",0.217486313512773,0.545794986462471,0.604889651302641,18.7789352445195,"76936"
"O54774","Ap3d1",0.217469881830362,0.545751703082324,0.604917615259442,19.2207458563896,"11776"
"Q60625","Icam5",0.217081094738488,0.544727724774593,0.60557938776808,19.5443455613661,"15898"
"Q6ZQ93","Usp34",0.216914085867415,0.544287944301493,0.605863733323573,11.5231791207112,"17847"
"Q8R088","Golph3l",0.216253340004502,0.542548509249614,0.606989128069416,12.3019024170418,"229593"
"Q8VCR7","Abhd14b",0.216102191863559,0.542150716851245,0.607246661347812,18.1081044735718,"76491"
"Q569Z6","Thrap3",0.216044734132233,0.541999510047516,0.60734456978114,17.2388463853975,"230753"
"P32921","Wars1",0.216043497459918,0.541996255663251,0.607346677136713,20.0575330329667,"22375"
"P50580","Pa2g4",0.216013651528507,0.541917714968051,0.607397536911914,18.3869407145878,"18813"
"Q8BFT9","Svop",0.216003557660917,0.541891152935029,0.607414737954217,16.9670397777608,"68666"
"Q9Z2H5","Epb41l1",0.215904631327891,0.541630837733007,0.607583327454639,20.4590940116366,"13821"
"Q8BLK3","Lsamp",0.215719354275919,0.541143345915313,0.607899115830728,20.8765457433854,"268890"
"P12367","Prkar2a",0.215692834519163,0.541073573459336,0.607944320747777,19.3966235107712,"19087"
"Q9CR60","Golt1b",0.215477028104506,0.540505841785248,0.608312219309431,16.5889697508984,"66964"
"O88696","Clpp",0.215447726534118,0.540428763227746,0.608362177046712,17.7688485934549,"53895"
"Q99020","Hnrnpab",0.215344789880981,0.540157997766786,0.608537689466859,19.2635666303085,"15384"
"Q9D4V7","Rabl3",0.214711660919847,0.538493024665258,0.609617566339385,14.1451867494732,"67657"
"A2AQ25","Skt",0.214573958901457,0.538130996615455,0.609852515118439,19.0215140305156,NA
"P59240","Nphp4",0.214435254669484,0.537766367683562,0.610089203314853,11.0873894443281,"260305"
"Q99MX7","Tmem121b",0.214295067643322,0.53739787539843,0.610328451779887,16.5457511562201,"94047"
"Q8R2Q4","Gfm2",0.214159543249929,0.537041672288911,0.610559771468544,15.223945060017,"320806"
"Q9DC29","Abcb6",0.214054935363467,0.536766750255074,0.610738340594422,13.0810390347698,"74104"
"P0C8K7","Smim1",0.213667273132608,0.535748096227712,0.611400238965404,14.5959893649474,"68859"
"P08207","S100a10",0.21361143614272,0.535601396100185,0.611495594545453,17.1362117714258,"20194"
"Q6P5U7","Nwd2",0.213609198794374,0.535595518045363,0.611499415474851,17.7102364587362,"319807"
"P68372","Tubb4b",0.213247650224554,0.534645758506631,0.612116966341416,23.2479715239756,"227613"
"Q91VM5","Rbmxl1",0.213050646269957,0.534128341562476,0.612453547225903,18.186125459865,"19656"
"Q920E5","Fdps",0.212956368327185,0.53388075136693,0.612614641860361,17.8929714172578,"110196"
"P16858","Gapdh",0.212785499755743,0.533432060728438,0.612906642992246,25.5041212686842,"14433"
"Q91VY9","Znf622",0.212352641357458,0.532295629778757,0.613646563422158,16.0296524827692,NA
"E9Q634","Myo1e",0.212288584885758,0.53212748314234,0.613756084630123,15.4733336294526,"71602"
"Q6IRU5","Cltb",0.212184796350409,0.531855056079405,0.613933551382809,22.4660113357878,"74325"
"P98156","Vldlr",0.212105483233923,0.531646885487855,0.614069178950313,15.4371650666564,"22359"
"P35601","Rfc1",0.211558106707634,0.530210503554327,0.615005467967665,7.76150633047887,"19687"
"Q68EF8","Rapgefl1",0.211015506921414,0.528787171843004,0.615934034560993,14.1737389171786,"268480"
"Q05A62","Dnal1",0.210817468194621,0.528267810033659,0.616273054872088,16.2900708760832,"105000"
"Q9DBP5","Cmpk1",0.210681516820289,0.527911313361232,0.616505822834024,19.5755310947604,"66588"
"Q6A0A2","Larp4b",0.210603368231675,0.527706403780537,0.616639636892848,15.6020906449083,"217980"
"Q91ZG2","Mpped1",0.210600099409067,0.527697832991834,0.616645234308327,10.5630425208262,"223726"
"Q9CQ22","Lamtor1",0.210430036149547,0.527251956004586,0.616936466822499,16.7784192335515,"66508"
"Q8R409","Hexim1",0.210250506760716,0.526781314776154,0.617243957370293,12.666723727339,"192231"
"P18872","Gnao1",0.21022818999429,0.526722814656858,0.617282184004611,23.7464080740018,"14681"
"Q9Z0H8","Clip2",0.209935724417964,0.525956238762297,0.617783220846227,18.3725713127004,"269713"
"Q9ESJ4","Nckipsd",0.209933951507289,0.525951592270875,0.617786258497497,17.7246896865911,"80987"
"Q923B1","Dbr1",0.209933796776434,0.525951186748393,0.617786523608867,15.8634187628592,"83703"
"Q8BH31","Mfsd8",0.209851165480717,0.525734630494691,0.617928106826992,5.81952409316512,"72175"
"Q8K093","Trhde",0.209746287829572,0.525459788997384,0.618107822486123,14.9376859393418,"237553"
"O70479","Tnfaip1",0.209548237442589,0.524940831536451,0.61844724166797,8.23890298052511,"21927"
"Q62193","Rpa2",0.209235075540905,0.524120381739926,0.618984059470245,17.3686112775372,"19891"
"Q9D8B3","Chmp4b",0.209116914147797,0.523810855702339,0.619186648346106,18.6331339233671,"75608"
"Q03173","Enah",0.209070416493311,0.523689060783134,0.619266374776092,18.3725531031302,"13800"
"Q9CYU6","Dph7",0.208866472130537,0.523154897327734,0.619616102871418,14.0607481615792,"67228"
"P60191","Rims4",0.208712291902409,0.522751121611882,0.619880535742894,11.8447333336727,"241770"
"Q6DIC0","Smarca2",0.208550213070438,0.52232670453244,0.620158553796727,18.7507124995323,"67155"
"Q9Z0R9","Fads2",0.20846395021188,0.522100836316462,0.620306538758084,14.5093833246122,"56473"
"Q8VD33","Sgtb",0.208232929201325,0.521496000192467,0.620702912852708,17.7157807198947,"218544"
"P63034","Cyth2",0.208231167636968,0.521491388591365,0.620705935561619,17.842762813705,"19158"
"P97314","Csrp2",0.208153051377048,0.521286893288542,0.620839981714463,14.921416425434,"13008"
"P03995","Gfap",0.208125527809059,0.521214843675486,0.620887213853172,19.9677896517491,"14580"
"Q9QXV0","Pcsk1n",0.208092632616763,0.521128734231048,0.620943665514169,13.8456095527874,"30052"
"Q9CQP2","Trappc2",0.208070096135002,0.521069741755512,0.620982341454905,16.8846996632456,"66226"
"Q8C9S4","Ccdc186",0.20779416833678,0.52034753143258,0.621455935879825,15.0582483919691,"213993"
"P08226","Apoe",0.207587025239353,0.519805442736066,0.621811544864565,19.4410665220238,"11816"
"Q922V4","Plrg1",0.207546007283172,0.519698108363585,0.621881969247355,16.2158135994268,"53317"
"Q9QXY7","Xk",0.207459473675711,0.519471679600747,0.622030548397215,14.1595481053336,"22439"
"Q9Z140","Cpne6",0.207138259273172,0.518631283102619,0.622582174513091,20.3404710124464,"12891"
"Q8BKX1","Baiap2",0.206987027149294,0.518235673662815,0.62284194074707,20.044283359387,"108100"
"Q9ER41","Tor1b",0.20696780996257,0.518185406035486,0.622874951883849,10.2593796797403,"30934"
"Q91WN1","Dnajc9",0.206912332234178,0.51804029290011,0.622970254180811,16.6030828492444,"108671"
"O09161","Casq2",0.20682767849561,0.517818874113695,0.623115685234438,11.5888525586065,"12373"
"A2APT9","Klhdc7a",0.206675939383723,0.517422018442141,0.623376392362892,14.1775136792964,"242721"
"Q5NCX5","Neurl4",0.206675325670099,0.517420413426073,0.623377446870483,11.345600501813,"216860"
"Q9R257","Hebp1",0.206585545293377,0.517185621946873,0.623531717168276,17.2155040712041,"15199"
"P56376","Acyp1",0.206581154300897,0.517174139079167,0.623539262550447,18.594650453027,"66204"
"Q921E2","Rab31",0.2064220449106,0.516758074732366,0.62381269181677,17.7937362051207,"106572"
"Q9WVB4","Slit3",0.206363159068215,0.516604101595313,0.623913896569919,11.2838831229171,"20564"
"Q3U3Q1","Ulk3",0.206323608663128,0.516500689537619,0.623981873161274,13.5964571724661,"71742"
"Q61205","Pafah1b3",0.206188370647219,0.516147103993522,0.624214328727107,16.8914966524371,"18476"
"Q8CGC4","Lsm14b",0.206147056654072,0.516039092962391,0.624285347205027,15.4090596262866,"241846"
"P83887","Tubg1",0.205982460823892,0.515608803317541,0.624568311418537,15.0607516517398,"103733"
"P62245","Rps15a",0.205938295887311,0.515493354253391,0.624644244200115,19.5822379944721,"267019"
"Q3U308","Ctu2",0.205764685023217,0.515039559781072,0.624942761337262,18.2841204483809,"66965"
"Q8BH43","Wasf2",0.205751965294962,0.515006314190845,0.624964634167696,17.4219081730867,"242687"
"Q9D8T7","Slirp",0.205719559694094,0.514921616810591,0.625020359883062,16.7685152167145,"380773"
"Q9CWK3","Cd2bp2",0.205644152255353,0.514724533883825,0.625150038950359,16.9683819248572,"70233"
"Q9JII1","Inpp5e",0.205473648199015,0.514278944191129,0.625443287761872,14.4330830123537,"64436"
"Q8R2U4","Ntmt1",0.205235093487848,0.513655595204367,0.62585364845806,13.3702480573533,"66617"
"P70429","Evl",0.205122103557992,0.513360383263495,0.626048042494194,16.0509504867568,"14026"
"Q00915","Rbp1",0.205100613310303,0.51330423751968,0.626085017617856,17.6367036922802,"19659"
"Q8BHN0","Ppm1l",0.205038592094482,0.513142204305469,0.62619173226172,15.3650985206333,"242083"
"Q8K2C7","Os9",0.204943454709366,0.51289366615034,0.626355438100743,16.2635960181566,"216440"
"Q5XG69","Fam169a",0.204828946667532,0.512594543960099,0.626552493301641,16.5503508498674,"320557"
"Q8VDP4","Ccar2",0.204537876430006,0.511834298256099,0.627053478631363,20.8210268351592,"219158"
"Q9DBE8","Alg2",0.204363401500333,0.511378655518204,0.627353841730796,18.1052576129637,"56737"
"Q9D7S7","Rpl22l1",0.204221196416345,0.511007323375129,0.627598684529328,16.1565134066014,"68028"
"Q9CQR6","Ppp6c",0.204203315323222,0.510960633871557,0.627629473552856,19.7522655897554,"67857"
"P80318","Cct3",0.204090063439837,0.510664933122698,0.627824490139453,21.8099261937797,"12462"
"Q8K004","Spata2",0.203884122841906,0.51012727688817,0.628179162316103,15.6971155731552,"263876"
"Q6KCD5","Nipbl",0.203438298224355,0.508963589088739,0.628947177091814,11.7245867482303,"71175"
"Q810D6","Grwd1",0.203170155924472,0.508263845340002,0.629409241489984,12.6239737259371,"101612"
"A6H5Z3","Exoc6b",0.202994572916209,0.507805708817263,0.629711864085856,16.5609617197152,"75914"
"P45591","Cfl2",0.202951411793704,0.507693099329331,0.629786260470853,19.0786312590936,"12632"
"Q45VK7","Dync2h1",0.202880158396415,0.507507202469974,0.629909085171031,14.537926886375,"110350"
"P47963","Rpl13",0.202799370172216,0.507296439853203,0.630048354711045,19.3276863171205,"270106"
"P62812","Gabra1",0.202516404861735,0.506558317056497,0.63053622916319,18.4649468200409,"14394"
"O08912","Galnt1",0.202466318404103,0.506427678942785,0.630622597848994,10.9486670340666,"14423"
"Q6ZQ58","Larp1",0.202222005397302,0.505790508388766,0.631043941593847,17.7734439935881,"73158"
"Q9ER72","Cars1",0.202102448773726,0.505478739510674,0.631250161343847,19.1581968631711,"27267"
"Q8CC86","Naprt",0.202069083521442,0.505391736849333,0.63130771580859,14.6175655910543,"223646"
"Q9D3D0","Ttpal",0.201870440201896,0.504873795889228,0.631650405478244,18.5181740359286,"76080"
"Q9WUA6","Akt3",0.201730511575064,0.50450898613278,0.631891837858088,17.7614923254836,"23797"
"Q6PDX6","Rnf220",0.201508578395875,0.503930447263305,0.632274818888861,14.1300347716732,"66743"
"Q8K358","Pigu",0.201479225976089,0.503853936977701,0.632325476510731,9.78025580178125,"228812"
"Q8K3R3","Plcd4",0.201013845144623,0.502641059932439,0.633128816811044,12.4771057203939,"18802"
"Q99J95","Cdk9",0.200956522061045,0.502491688878141,0.633227789593677,15.0692242897543,"107951"
"Q810B6","Ankfy1",0.200806657614039,0.502101201268802,0.633486564721645,18.4481072773973,"11736"
"Q9DB72","Btbd17",0.200685239479673,0.50178486046256,0.633696244611239,17.7143090074924,"72014"
"Q9EQU5","Set",0.200664795112896,0.501731597416818,0.633731552573861,19.8326096742634,"56086"
"Q8BP00","Iqcb1",0.200513255102335,0.501336816431204,0.633993285002043,15.8150126954493,"320299"
"Q62000","Ogn",0.200467948129371,0.50121879329091,0.63407154340747,6.71088317098368,"18295"
"Q64253","Ly6e",0.200323497160582,0.50084252574257,0.634321072292047,13.8214292012355,"17069"
"Q91Z40","Gbp7",0.200173214537095,0.500451103948932,0.634580706887975,10.4930501406504,"229900"
"Q8R1B0","Stac2",0.200116788798863,0.500304148599603,0.634678198777846,10.5309335850518,"217154"
"Q8R2L5","Mrps18c",0.200038590148606,0.50010049639067,0.634813317295495,10.984029384883,"68735"
"Q920P5","Ak5",0.199988271462828,0.49996945704639,0.634900267011274,18.3070250760737,"229949"
"P53810","Pitpna",0.19977506872509,0.499414282626508,0.635268717658261,20.4694005509978,"18738"
"Q9DBC3","Cmtr1",0.199626227292671,0.499026747182168,0.635525979769164,15.3600803417132,"74157"
"Q8BS40","Cptp",0.199596744429825,0.498949987515033,0.635576942635958,18.5900035312566,"79554"
"Q91YY4","Atpaf2",0.199540278892777,0.498802981449203,0.635674550133706,13.5980365025039,"246782"
"Q9DB27","Mcts1",0.198911220626091,0.497165599647402,0.636762262855015,18.4875263238687,"68995"
"D3Z7H4","Gsg1l",0.198879704491242,0.497083582848828,0.636816772736558,19.4084032188219,"269994"
"Q6ZPT1","Klhl9",0.198768216551468,0.496793462316521,0.637009612191464,17.104823136644,"242521"
"Q9WTR1","Trpv2",0.198763927278422,0.496782300916904,0.637017031655147,16.1934940509043,"22368"
"Q91Y02","Pcdhb18",0.198669429481382,0.496536409520466,0.637180497964657,13.2010839885893,"93889"
"Q8BWY3","Etf1",0.198533467717096,0.49618265060729,0.637415712829816,18.5436727979018,"225363"
"Q69ZS7","Hbs1l",0.198188259056179,0.495284586119825,0.638013045137113,17.6434680592298,"56422"
"P04925","Prnp",0.198042335649928,0.494905022331458,0.638265595102302,20.2331233470677,"19122"
"O54782","Man2b2",0.197981789616036,0.494747545095124,0.638370391179379,9.78544106050216,"17160"
"Q8R0I4","Tm2d2",0.197852993197724,0.494412571590072,0.638593335799275,14.0146003276317,"69742"
"Q8R100","Calhm5",0.197483605407646,0.493452016205353,0.639232871526784,12.0348515572343,"103511"
"P60824","Cirbp",0.197180660919966,0.492664403137511,0.639757516300118,17.8255778507914,"12696"
"P63115","Slc7a10",0.19707594717889,0.492392196299077,0.639938891807683,16.5546617207169,"53896"
"O88796","Rpp30",0.19704112857736,0.492301688075784,0.639999204836982,14.2404218914777,"54364"
"P62488","Polr2g",0.196948316688933,0.492060440319817,0.640159982662653,18.3449108017347,"67710"
"Q3UDR8","Yipf3",0.196861518542778,0.491834836655974,0.640310353963552,15.7277971727271,"28064"
"Q9Z0N1","Eif2s3x",0.196766075284014,0.491586776709947,0.64047571461869,18.8250258776338,"26905"
"P26369","U2af2",0.196726520418689,0.491483976667805,0.640544249369682,18.1692618451258,"22185"
"Q99L47","St13",0.196562147909532,0.491056811937639,0.640829073221046,19.7719163055328,"70356"
"Q68FH0","Pkp4",0.196526726513202,0.490964765865317,0.640890456253167,18.5960736008239,"227937"
"Q99N57","Raf1",0.196516796427889,0.49093896189556,0.640907664779971,15.6687229952873,"110157"
"Q62446","Fkbp3",0.196509189499044,0.490919194904623,0.640920847443899,18.4617884151459,"30795"
"Q9EQP2","Ehd4",0.196413283972556,0.490669987431263,0.64108705694096,18.2172130942721,"98878"
"O54941","Smarce1",0.196376221851687,0.490573686608369,0.641151291103587,19.4235564551367,"57376"
"Q9JKK1","Stx6",0.196353755415417,0.490515311728855,0.641190229722904,16.6137021528501,"58244"
"Q99MN1","Kars1",0.195922718634969,0.489395497837741,0.641937436976556,17.8346789923781,"85305"
"P45377","Akr1b8",0.195875102241661,0.489271810728092,0.642019996658329,19.590942992212,"14187"
"Q9Z2D6","Mecp2",0.195872729622916,0.489265647769247,0.642024110507033,18.5784550754684,"17257"
"Q8R3N6","Thoc1",0.19586068677892,0.489234366205273,0.642044991539532,15.9320453341615,"225160"
"Q61234","Snta1",0.195805810132962,0.489091825770553,0.642140144500258,18.3480526715844,"20648"
"P63168","Dynll1",0.195643811610003,0.488671067352706,0.64242106546397,22.3964312659335,"56455"
"Q99MR6","Srrt",0.195618716081806,0.488605890512969,0.642464586828437,17.7737412777911,"83701"
"P08101","Fcgr2",0.195401248197519,0.4880411356775,0.642841762898333,7.9851995798244,NA
"P08775","Polr2a",0.195394200160337,0.488022833477798,0.642853988122218,15.9949180885462,"20020"
"Q62418","Dbnl",0.195332340168153,0.48786220008009,0.642961290823056,18.5268345007297,"13169"
"P15626","Gstm2",0.195320485838632,0.487831418335719,0.64298185402743,14.3597407060123,"14863"
"Q99JB2","Stoml2",0.195260384716274,0.487675359164467,0.643086111950582,19.4401749261116,"66592"
"Q9JKF6","Nectin1",0.195220293727361,0.487571261680489,0.643155660955872,17.9392820406223,"58235"
"A2AB59","Arhgap27",0.195145497845269,0.487377058667511,0.643285421331429,11.1620329528378,"544817"
"Q9D4C9","Clvs1",0.194911229415239,0.486768851954822,0.643691895187878,17.609190531352,"74438"
"Q8R5L3","Vps39",0.194879886174404,0.486687485335727,0.643746283992103,18.3363096961549,"269338"
"Q8R104","Sirt3",0.194864835113891,0.486648413541925,0.643772402049758,15.0982854500396,"64384"
"O54951","Sema6b",0.194827744330274,0.486552129264133,0.643836766928664,16.7467919421979,"20359"
"Q61598","Gdi2",0.194740389017997,0.486325371444293,0.643988365167747,22.3680050381052,"14569"
"Q9D2D9","Klhdc8b",0.194515181618604,0.485740831218204,0.644379244251892,13.8337707595507,"78267"
"P35979","Rpl12",0.194385614311803,0.485404567161879,0.644604158783717,19.6937454252422,"269261"
"Q0KL01","Ubxn2b",0.194233705024843,0.485010352929699,0.644867886515207,17.5704725767331,"68053"
"Q50H33","Kctd8",0.194182582537003,0.484877694988733,0.644956646875585,14.9387595455248,"243043"
"Q08890","Ids",0.194003661168133,0.484413443557958,0.645267324231399,16.0066560291111,"15931"
"O35144","Terf2",0.193934255862594,0.484233369525126,0.645387851009963,11.5028568866852,"21750"
"P62317","Snrpd2",0.19391632165547,0.484186839944838,0.6454189960109,19.5952457978895,"107686"
"Q8VEH3","Arl8a",0.19378778357662,0.483853367820276,0.645642231686725,18.8576643286285,"68724"
"P17751","Tpi1",0.193732579168689,0.483710156488341,0.645738113820905,23.4117228643026,"21991"
"Q9CQ79","Txndc9",0.193391671559162,0.482825879323455,0.646330315794478,17.1404276657002,"98258"
"Q9Z101","Pard6a",0.193029529351263,0.481886720918426,0.646959582828659,13.2090732232928,"56513"
"P70297","Stam",0.192707745889589,0.481052398167078,0.647518874910533,18.6231709269855,"20844"
"P70380","Il18",0.192270231975713,0.479918267063252,0.648279549290276,17.0481787853321,"16173"
"Q8R3I3","Cog6",0.192145445665714,0.479594848340536,0.648496555133711,16.0834832907507,"67542"
"Q6PDJ1","Cachd1",0.192089860483167,0.479450791526627,0.64859322581588,12.5265513577514,"320508"
"Q9QYC1","Pcnx1",0.191967184153552,0.479132875527519,0.648806592888576,14.3850567215094,NA
"P62849","Rps24",0.191943450061626,0.479071371264748,0.648847875256151,19.3106889272084,"20088"
"P47811","Mapk14",0.191863494714822,0.47886418228657,0.648986952935111,18.9881691391003,"26416"
"Q80W14","Prpf40b",0.191752407714124,0.478576338016091,0.649180197023116,12.8660952220106,"54614"
"Q80WW9","Ddrgk1",0.191439140988613,0.477764716399957,0.649725239803829,15.5256660763465,"77006"
"Q8K449","Abca9",0.191417226012839,0.477707944044012,0.649763374053394,12.9328862895025,"217262"
"Q80U56","Avl9",0.191321426449252,0.477459776937008,0.64993008267223,16.8620040524787,"78937"
"Q9R1P1","Psmb3",0.19130006773033,0.477404449477519,0.649967252447476,19.3708174258132,"26446"
"Q8VD63","Tspyl4",0.191228113542687,0.477218065088898,0.650092476254054,16.170121904528,"72480"
"O35681","Syt3",0.191060126379122,0.476782955617574,0.650384856672714,16.1904910997323,"20981"
"Q0VE82","Cpne7",0.190880666278359,0.476318177722458,0.650697248696664,18.4651050382099,"102278"
"P39688","Fyn",0.190859581058676,0.476263573050858,0.650733955340407,17.9604136297616,"14360"
"Q5U680","Slc25a26",0.190810705021311,0.476137000762918,0.650819044565905,10.1055967674325,"67582"
"Q9D7M8","Polr2d",0.190716168052104,0.475892192642814,0.650983635125666,11.1281962948226,"69241"
"P59267","Zdhhc2",0.190581438541692,0.475543327708979,0.651218222907314,14.3073739379016,"70546"
"P11087","Col1a1",0.190475044978518,0.47526785481298,0.651403490488709,9.92552222124426,"12842"
"P61979","Hnrnpk",0.190271747859965,0.474741528748685,0.651757543634465,21.3134953703253,"15387"
"Q9Z239","Fxyd1",0.190135688304737,0.474389312772072,0.651994530610741,17.9249178352267,"56188"
"Q01338","Adra2a",0.190077624980536,0.474239013474516,0.652095672391441,10.9464104385684,"11551"
"Q8BJH1","Zc2hc1a",0.190011588553238,0.474068081747161,0.652210708325959,16.9860142189809,"67306"
"Q8VD26","Tmem143",0.189855996257818,0.473665365877401,0.652481774911793,15.4209857785841,"70209"
"Q99LM2","Cdk5rap3",0.189800405234946,0.47352148992211,0.652578631395285,17.0261450820245,"80280"
"Q9CPW7","Zmat2",0.189745319997268,0.473378927657054,0.652674610829978,17.6364841965264,"66492"
"Q8BGR9","Ublcp1",0.189735479520507,0.473353460693105,0.65269175712141,15.808286349473,"79560"
"Q05CL8","Larp7",0.189573559636551,0.472934436400862,0.652973909425006,17.2344777099237,"28036"
"Q9Z0H3","Smarcb1",0.189529944724425,0.472821574415918,0.653049916414482,15.5055749025167,"20587"
"Q91XU0","Wrnip1",0.189466142456571,0.472656478989576,0.653161108272391,14.1894463411019,"78903"
"Q8R332","Nup58",0.189441779728076,0.472593439372921,0.653203568062865,15.4909368857078,"71844"
"O88848","Arl6",0.189276084046441,0.472164718620158,0.653492366966824,16.4950910494971,"56297"
"Q9DCR2","Ap3s1",0.189258718806907,0.472119790248613,0.653522635846815,17.9661434106076,"11777"
"Q8BHN7","Rlig1",0.189049049654087,0.471577358102206,0.653888137047726,16.0580695667704,"68281"
"P97855","G3bp1",0.189039656358319,0.471553058403604,0.653904513113852,18.1635103262683,"27041"
"Q9CQ10","Chmp3",0.188779189095476,0.470879304044241,0.654358654063609,18.8565534260419,"66700"
"Q3ULB5","Pak6",0.188632391799658,0.470499626816156,0.654614645145086,13.1480955227479,"214230"
"Q3THK7","Gmps",0.188622585249069,0.470474264272442,0.654631747253874,17.9362649130115,"229363"
"P27661","H2ax",0.188470250618119,0.470080302096341,0.654897427688884,24.3991265420993,"15270"
"Q99PM3","Gtf2a1",0.188383896117651,0.469856990914333,0.655048048999873,14.623729439936,"83602"
"Q922Q1","Mtarc2",0.188337724196734,0.469737595795078,0.655128587191663,18.8268342921031,"67247"
"Q8K448","Abca5",0.188268102037115,0.469557567241405,0.655250035385538,17.1579299630913,"217265"
"E9Q6P5","Ttc7b",0.188243946038074,0.469495106522238,0.655292174409668,20.2788590752452,"104718"
"Q68ED3","Tent4b",0.188131800487368,0.469205140775141,0.655487817547334,5.62831926257156,"214627"
"Q99KR7","Ppif",0.187946956605457,0.468727246307204,0.655810323664606,17.3100185335383,"105675"
"Q9CR67","Tmem33",0.187771792753416,0.468274426185736,0.656115983438332,18.4258008720523,"67878"
"P52624","Upp1",0.187728094878843,0.468161469020146,0.656192242441306,14.2498583254068,"22271"
"Q8K4X7","Agpat4",0.18750824285294,0.467593204491601,0.656575954820522,16.8134479457615,"68262"
"Q9DC40","Telo2",0.187392728534206,0.467294656997353,0.656777590684881,11.194336692552,"71718"
"Q8R1N4","Nudcd3",0.187214978247439,0.46683529948784,0.657087897801347,16.4918461485412,"209586"
"P14824","Anxa6",0.186998537059599,0.466276017798032,0.657465807256941,19.6743332721904,"11749"
"P48428","Tbca",0.186962519758451,0.466182956312708,0.657528700142726,18.0035624422407,"21371"
"Q9Z0J4","Nos1",0.186862878399385,0.465925513165266,0.657702701575008,17.497887376817,"18125"
"Q63871","Polr2k",0.186643546969545,0.465358879544269,0.658085762350301,7.83496490119908,"17749"
"Q64336","Tbr1",0.186599658834428,0.465245505033403,0.658162420470893,15.1378054529099,"21375"
"Q8CJ67","Stau2",0.186399379860333,0.464728168778013,0.658512274909651,16.1674857243961,"29819"
"Q9R0L6","Pcm1",0.186162415657899,0.464116149222029,0.658926282313926,17.127060983958,"18536"
"Q924K8","Mta3",0.186128278562345,0.464027988517412,0.658985930516382,18.2562884738222,"116871"
"Q9JJ57","Kcnip1",0.186083114597646,0.463911353063505,0.659064848527601,10.5903386687547,"70357"
"Q6ZPU9","Kifbp",0.186000650404206,0.4636983980274,0.659208950808663,20.1492657779003,"72320"
"Q7TMY7","Ipo8",0.185949658257734,0.463566721294716,0.659298061757596,11.5439788995935,"320727"
"Q8K409","Polb",0.185852784769999,0.463316576118456,0.65946736194792,9.83053823015372,"18970"
"Q8BTG7","Ndrg4",0.185468202519228,0.462323651928675,0.660139598628573,19.0153428328084,"234593"
"Q8CFE4","Scyl2",0.185422579502622,0.46220587587831,0.660219359297058,20.9846735090974,"213326"
"Q8R123","Flad1",0.185001211578658,0.461118258628174,0.66095614992897,16.3724517308526,"319945"
"P63011","Rab3a",0.184902602918615,0.4608637721313,0.661128608287595,23.1756016668918,"19339"
"Q6DFW0","C9orf72",0.184705030676024,0.460353926521595,0.661474184916006,18.9025440173673,"73205"
"O54833","Csnk2a2",0.184590218744091,0.460057674817037,0.661675028218264,17.9950727045254,"13000"
"Q5M8N4","Sdr39u1",0.184541006552001,0.459930697507365,0.661761121699401,16.7217303805771,"654795"
"Q8R0S4","Cacnb4",0.184339618947006,0.459411114465047,0.662113469746081,21.1541044164717,"12298"
"Q2TBE6","Pi4k2a",0.184242841406248,0.459161448271176,0.66228281114492,20.4251497277563,"84095"
"Q640Q5","Pan3",0.184191331821332,0.45902856975071,0.662372947746055,12.4723939471776,"72587"
"Q566J8","Coq8b",0.184146487205258,0.458912887940425,0.662451424204341,11.1607046652792,"76889"
"Q6PGH1","Bud31",0.183967687423319,0.458451682960616,0.662764344035267,15.7030035329007,"231889"
"Q91Z92","B3galt6",0.183815456122841,0.458059047159638,0.663030799610355,13.460310660901,"117592"
"P12658","Calb1",0.183791998186533,0.457998547356338,0.663071861572215,19.6690732030337,"12307"
"Q99KK9","Hars2",0.183636499325473,0.457597524429275,0.663344073195228,18.233854063479,"70791"
"Q8VBV3","Exosc2",0.183614071178797,0.457539686419011,0.663383337889312,13.3982522064738,"227715"
"Q8C525","Mb21d2",0.183608002688593,0.457524037040896,0.663393962039202,16.7394760516105,"239796"
"P97789","Xrn1",0.183574667609124,0.457438073747378,0.663452322878885,17.4353014434647,"24127"
"Q8BV13","Cops7b",0.183500480404403,0.457246768336629,0.663582210207809,19.4981132806101,"26895"
"Q9DCV4","Rmdn1",0.183458587361118,0.45713874295841,0.663655559991262,16.3056486087262,"66302"
"Q4G5Y1","Klhdc2",0.183247141238902,0.456593547425471,0.664025812843515,13.9824925766641,"69554"
"Q5SRX1","Tom1l2",0.183110407863851,0.456241027164255,0.664265271517854,19.3986010530849,"216810"
"Q6DFV7","Ncoa7",0.182939660948961,0.455800853082436,0.664564332326244,20.0184418738936,"211329"
"P61460","Depdc5",0.182885611213743,0.455661525388766,0.664659007731596,20.6162576274799,"277854"
"Q6PD24","Ankrd13d",0.182531269499286,0.454748220356585,0.665279780940476,17.4031911433475,"68423"
"Q8BR86","Kirrel3",0.18242271312469,0.454468456290228,0.665469994717391,13.3006718476337,"67703"
"Q5U4D9","Thoc6",0.182369284164455,0.454330769140839,0.66556361930411,13.0252762766543,"386612"
"Q3ULW8","Parp3",0.182277597974105,0.454094502295877,0.665724291561231,12.528775776654,"235587"
"Q60876","Eif4ebp1",0.181738982053177,0.45270678598258,0.666668394366206,7.5399156509889,"13685"
"Q9R0M8","Slc35a2",0.181737270449026,0.452702376794638,0.666671395129437,14.236384669985,"22232"
"Q8BYN5","Fsd1l",0.181661803421258,0.452507973742989,0.666803706827183,16.7272446266807,"319636"
"Q80TR4","Slit1",0.181590926790216,0.452325403081749,0.666927977297547,13.6468957308978,"20562"
"Q9Z1T2","Thbs4",0.181203397247614,0.451327297011206,0.66760756328542,12.4344418746522,"21828"
"Q9QZB0","Rgs17",0.181171020953627,0.451243919729949,0.667664348479479,17.5141135778723,"56533"
"P06151","Ldha",0.180958149640755,0.450695759129186,0.668037740477851,22.5121268292316,"16828"
"Q6XUX1","Dstyk",0.180843363750333,0.450400203493365,0.668239108094506,14.4658349428017,"213452"
"Q91WB4","Plekhf2",0.180724333615722,0.450093739690988,0.668447939598399,13.0301074344455,"71801"
"P47791","Gsr",0.180716235603934,0.450072890692884,0.668462147767918,16.8156073533786,"14782"
"Q69Z99","Znf512",0.180579984707159,0.449722115726446,0.668701216353572,17.0736763497065,NA
"Q7TPB0","Plppr3",0.180534667174256,0.449605452657229,0.668780736806613,17.3072202218928,"216152"
"O70318","Epb41l2",0.180514598511595,0.449553789895016,0.668815952935846,20.2029307925966,"13822"
"O70572","Smpd2",0.180462709489884,0.449420214666393,0.66890700930536,14.422730726903,"20598"
"Q9WVJ2","Psmd13",0.179877559265485,0.447914160851263,0.669934091817549,18.5170064808195,"23997"
"Q05186","Rcn1",0.179802288052039,0.44772046426185,0.670066243779316,16.4407297669579,"19672"
"Q9CYZ2","Tpd52l2",0.179743012395939,0.447567935010187,0.670170317907689,19.5687719456152,"66314"
"Q8BH57","Wdr48",0.179530144520729,0.447020220841799,0.670544101670072,17.4005752304253,"67561"
"Q8K0C8","Cox19",0.178945204714949,0.445515490474269,0.671571526229045,15.6544573242493,"68033"
"Q9DBL1","Acadsb",0.178851729642414,0.445275075486981,0.671735752871523,18.2681040910735,"66885"
"P68510","Ywhah",0.178826702365364,0.445210708220951,0.671779725297298,22.1501761210054,"22629"
"Q7TQF2","Fbxo10",0.17871754917679,0.444929989262655,0.671971514775208,16.0022268176872,"269529"
"P11862","Gas2",0.178636975749793,0.444722782305252,0.672113097612378,13.8615278693901,"14453"
"P36993","Ppm1b",0.178624868002213,0.444691646169384,0.672134373955721,17.6103270795289,"19043"
"Q9D938","Tmem160",0.178585815935578,0.444591221773446,0.672202999507939,15.0537325207098,"69094"
"P15066","Jund",0.178426974339071,0.444182774807235,0.67248214959954,12.6209917444368,"16478"
"Q9D772","Fam219a",0.178343879670089,0.443969118586229,0.672628194173842,13.441414901222,"71901"
"P46471","Psmc2",0.178203824151091,0.44360902462905,0.672874371580073,18.5456786153777,"19181"
"Q9QYR9","Acot2",0.178159138572729,0.443494140288584,0.672952921344394,17.9034674531404,"171210"
"Q99PT1","Arhgdia",0.178073253609167,0.44327334238872,0.673103899982952,21.4456628430153,"192662"
"Q99J47","Dhrs7b",0.177991611956198,0.443063463130192,0.673247428077332,16.765301850727,"216820"
"Q8R0Y8","Slc25a42",0.177878520991075,0.442772751554036,0.673446259092129,16.3119203479786,"73095"
"Q8C7V8","Ccdc134",0.17783589152262,0.442663172967007,0.673521212431229,12.422366940908,"76457"
"O35551","Rabep1",0.17782309109141,0.442630270099628,0.673543719270513,17.7739051675618,"54189"
"Q8K070","Samd14",0.177613000930399,0.44209027700204,0.673913148420622,14.6562078627159,"217125"
"Q99KP3","Cryl1",0.177581394233499,0.442009043959574,0.673968731560169,18.1790223891603,"68631"
"E0CZ22","Mroh1",0.177254212045389,0.441168229002766,0.674544185708757,15.5042455637395,"223658"
"O54865","Gucy1b1",0.177019208711006,0.440564394720791,0.674957599038506,18.1176776928041,"54195"
"Q8BL97","Srsf7",0.176822517650882,0.440059062528203,0.675303668757731,18.7200868999314,"225027"
"Q00PI9","Hnrnpul2",0.176721323808072,0.439799099847985,0.675481734471269,19.9208111059124,"68693"
"Q8R001","Mapre2",0.176606948412529,0.43950529164969,0.675683010928781,19.9203205462241,"212307"
"Q9R1R2","Trim3",0.176555194068102,0.439372350820952,0.675774093124312,21.012337865129,"55992"
"P62838","Ube2d2",0.176458554227129,0.439124123167669,0.675944178264598,18.5140310473118,NA
"Q64299","Ccn3",0.176334477167827,0.438805439900521,0.676162570187624,14.1933390745546,"18133"
"Q9Z2B2","Slc25a14",0.176280094452854,0.43866576849824,0.676258297128421,14.6882121382739,"20523"
"Q11136","Pepd",0.176258250754104,0.438609668383215,0.676296748472013,14.9452973586071,"18624"
"Q8K3G5","Vrk3",0.176230985947365,0.438539646437021,0.676344743419877,6.26847885845514,"101568"
"Q8R2Y9","Nabp2",0.176129739281322,0.438279632120706,0.676522978887949,14.3045635842611,"69917"
"O88444","Adcy1",0.175653147328141,0.437055876033639,0.677362151436753,16.3290701644645,"432530"
"Q9CPU0","Glo1",0.175579466703547,0.436866712929012,0.677491912548715,22.6188781339332,"109801"
"Q9CPX7","Mrps16",0.175520454260239,0.43671521347417,0.677595846092809,15.5040646729796,"66242"
"Q8R179","Kbtbd4",0.175378832569919,0.436351655578096,0.677845290326546,14.044316421606,"67136"
"Q9D958","Spcs1",0.175199513838363,0.435891365473719,0.67816116862568,17.07606390059,"69019"
"Q8BWT5","Dip2a",0.175163355567079,0.435798556865541,0.678224868067965,18.5234877696097,"64451"
"Q9ERK4","Cse1l",0.175083610690954,0.435593879534262,0.678365359212172,20.5010731502925,"110750"
"Q3TY86","Aifm3",0.174905998568344,0.435138042835158,0.678678297811183,16.8834395217379,"72168"
"Q0VGU4","Vgf",0.174870132211824,0.435045998122828,0.678741496381736,16.3537593204077,"381677"
"Q60963","Pla2g7",0.174743212834557,0.434720296148907,0.678965148712114,16.8002616963234,"27226"
"Q7TPM6","Fsd1",0.174736433961481,0.43470290075539,0.678977094751286,17.536874897834,"240121"
"P54726","Rad23a",0.174733568050206,0.434695546505821,0.678982145208345,16.7001665576344,"19358"
"Q80X82","Sympk",0.174731960159989,0.434691420484285,0.678984978720208,15.9119715710403,"68188"
"Q9Z0H4","Celf2",0.174394513316175,0.433825574421499,0.679579718594503,19.2232014233321,"14007"
"Q8C650","Septin10",0.174371395102935,0.433766261774549,0.679620469035877,10.3654261484036,"103080"
"Q91VR7","Map1lc3a",0.174195266141146,0.433314405330566,0.679930953547992,21.2433570063976,"66734"
"Q9WVK4","Ehd1",0.17415265050001,0.43320508193179,0.680006083365571,18.9123473636412,"13660"
"Q9DCM0","Ethe1",0.174006513503964,0.432830210629221,0.680263735012388,17.7742290200976,"66071"
"Q9R1S8","Capn7",0.173923863452699,0.432618209390158,0.680409465875524,15.0622416307897,"12339"
"Q9CQ45","Nenf",0.173755416045063,0.432186163108541,0.68070650376539,15.6972286364038,"66208"
"Q99N91","Mrpl34",0.173717743828737,0.432089543995246,0.680772939352196,13.3771802128399,"94065"
"Q3TLI0","Trappc10",0.173333351748256,0.431103793297355,0.681450923683502,16.6285106881603,"216131"
"Q9QY81","Nup210",0.173292503814927,0.430999053142677,0.681522981544233,17.267695105409,"54563"
"Q9Z268","Rasal1",0.173236895691805,0.430856469359494,0.681621080521719,18.5824704708885,"19415"
"Q3UNH4","Gprin1",0.173204057263942,0.43077227093543,0.681679013028585,18.5390928331852,"26913"
"Q08091","Cnn1",0.173180084181844,0.430710804380872,0.681721306433344,12.3903369199561,"12797"
"A0A571BF63","Ankfn1",0.173050764040979,0.430379243456766,0.681949466014927,6.21119051001901,"382543"
"O55236","Rngtt",0.172958701252834,0.430143219782786,0.682111905263592,12.7255899510702,"24018"
"Q60790","Rasa3",0.172608320689024,0.429245046588975,0.682730228174053,19.038054601289,"19414"
"Q6PIU9","Q6PIU9",0.172303644404846,0.428464169274979,0.683268021262682,15.8889391518435,NA
"Q9ER97","Ngb",0.172298519904085,0.428451036398569,0.683277067665885,15.5561513058888,"64242"
"Q9QUI1","Fam89b",0.172233660088994,0.428284819219694,0.683391569087188,9.50856683861617,"17826"
"Q9CWH5","Trmt11",0.172203921044776,0.428208608463993,0.683444071197931,7.2926142917832,"73681"
"Q8VDM4","Psmd2",0.172100601540182,0.427943846132907,0.683626482851197,18.4720722796403,"21762"
"O35372","Cnih1",0.171954475924554,0.427569415460584,0.683884491961613,15.30890828229,"12793"
"Q8K2H6","Anapc10",0.171191950641043,0.425616000267562,0.685231290427176,12.893984799158,"68999"
"Q5F2E7","Nufip2",0.171005553059545,0.425138612339082,0.685560622605033,16.4778396633045,"68564"
"O70250","Pgam2",0.170838796278055,0.424711566852679,0.685855289559836,17.1367804425358,"56012"
"Q5SSL4","Abr",0.170789030171401,0.424584128699273,0.68594323527802,21.5212151492779,"109934"
"Q6NZF1","Zc3h11a",0.170718285436947,0.424402975455716,0.686068259329446,12.0725136463859,"70579"
"O70324","Slc16a2",0.170576302601094,0.424039426019656,0.686319198108147,12.9161241918243,"20502"
"Q61316","Hspa4",0.170410752316024,0.423615566085383,0.686611821334458,20.520022304713,"15525"
"P17918","Pcna",0.170123434491681,0.422880031263019,0.687119759037344,17.7829916502254,"18538"
"Q66L42","Map3k10",0.170075931068865,0.422758433008617,0.68720374829829,16.8427075183953,"269881"
"Q06335","Aplp2",0.170035949463971,0.422656091296462,0.687274440643302,17.4670633235154,"11804"
"Q62264","Thrsp",0.169854914913143,0.422192720434037,0.687594556537907,12.5994893893794,"21835"
"Q3UUQ7","Pgap1",0.169627343193161,0.421610296795532,0.687997019695377,16.1536807469771,"241062"
"P62192","Psmc1",0.169619733875181,0.421590823490642,0.688010477966223,18.3256850661263,"19179"
"Q6P9S0","Mtss2",0.169470842053799,0.421209804191801,0.688273830867679,15.7716764562228,"244654"
"Q8K2Q9","Shtn1",0.169463441389362,0.421190866411529,0.688286921531532,17.3620029598328,"71653"
"Q9D3X9","Mfap3l",0.169268584525504,0.420692267771417,0.688631618375039,14.1289286369017,"71306"
"Q8CI94","Pygb",0.169200117989046,0.420517088046933,0.688752745057883,21.4599578573615,"110078"
"Q8C0N2","Gpat3",0.169137802175091,0.420357651121089,0.688862995293048,18.0835942823645,"231510"
"Q3URS9","Ccdc51",0.168938993840449,0.419849028563881,0.689214762475911,15.609274712428,"66658"
"Q91YE6","Ipo9",0.168856762395311,0.419638666653484,0.689360275248888,17.4615263668522,"226432"
"Q5DU25","Iqsec2",0.168817187477633,0.419537430552474,0.68943030806744,19.005515810166,"245666"
"Q9D0I8","Mrto4",0.168711789467167,0.419267823409242,0.689616832564112,15.5695980122006,"69902"
"Q9D8B4","Ndufa11",0.168576519951692,0.418921826920073,0.689856241136475,20.5753284938009,"69875"
"Q68FM6","Elfn2",0.16844067780564,0.418574390254844,0.69009668580664,18.4564340002534,"207393"
"Q9CZT8","Rab3b",0.168076532882917,0.417643156016445,0.69074134492763,20.121894698338,"69908"
"P49222","Epb42",0.167892368507231,0.417172256226533,0.691067439749418,10.5644414108332,"13828"
"Q6PB44","Ptpn23",0.16779687291935,0.416928096124343,0.691236547517318,20.1609600725412,"104831"
"Q9EP96","Slco1a4",0.167581718739866,0.41637804096016,0.691617592821461,12.3962733217558,"28250"
"Q9D924","Isca1",0.167503136002963,0.416177154527542,0.691756779599428,17.3920283301363,"69046"
"P70265","Pfkfb2",0.167502281000841,0.41617496887195,0.691758294031911,16.2684205596085,"18640"
"Q99LC2","Cstf1",0.167446869719789,0.416033322188342,0.691856443813235,18.8869533657759,"67337"
"O35954","Pitpnm1",0.167395119930558,0.415901038961972,0.691948111393276,16.9256387363817,"18739"
"Q8K4K6","Pank1",0.167307056506187,0.41567593865987,0.692104111057374,10.1447542060736,"75735"
"Q6P5H6","Frmd5",0.166962281531975,0.414794752360309,0.69271495251757,15.1605075733724,"228564"
"P61255","Rpl26",0.166907498203496,0.414654749894685,0.692812026048961,19.385592162332,"19941"
"Q9WTR5","Cdh13",0.166811441725551,0.414409280665885,0.692982242513108,19.4807811333446,"12554"
"Q9Z2E9","Bscl2",0.166636301200738,0.413961745941928,0.693292628399411,18.7241232279661,"14705"
"Q9JHF7","Hpgds",0.166318523596209,0.413149835067293,0.693855892361206,11.1386286263101,"54486"
"Q52KF3","Spire1",0.166200460041322,0.412848220480856,0.694065192402879,16.5816825623345,"68166"
"P53994","Rab2a",0.166151681403402,0.412723612007824,0.69415167085374,20.7962043249715,"59021"
"Q921I6","Sh3bp4",0.165768086699112,0.41174380077294,0.694831836920491,13.9088683203765,"98402"
"P59266","Fitm2",0.165724390475075,0.411632200247232,0.694909327618693,13.151931051569,"228859"
"Q02819","Nucb1",0.165541110427177,0.411164128603519,0.695234380813984,17.3031330388603,"18220"
"Q01705","Notch1",0.165413526698103,0.410838323441024,0.695460678703952,5.97925535333575,"18128"
"Q99LI7","Cstf3",0.165369425898081,0.410725710029913,0.695538905770721,16.5124035547501,"228410"
"Q9JIH2","Nup50",0.165358658801918,0.410698216141859,0.695558005062928,15.2670207446722,"18141"
"P54775","Psmc4",0.165208764726682,0.410315475793773,0.695823910284665,18.1613486908836,"23996"
"O70194","Eif3d",0.164978967067856,0.409728765947152,0.696231613374987,18.9960159271476,"55944"
"Q99M51","Nck1",0.164843636538641,0.409383277754825,0.696471744237442,16.4617545058234,"17973"
"Q3TJZ6","Fam98a",0.164650332041876,0.408889827799476,0.696814782465555,19.0957723509416,"72722"
"Q8BLY3","Lrfn3",0.164600195974487,0.408761852965428,0.696903761282064,18.3518891178047,"233067"
"Q8VD04","Gripap1",0.16458072493749,0.408712153042021,0.696938318253262,17.8779497749351,"54645"
"Q99J56","Derl1",0.164389487919055,0.408224045643892,0.697277747688831,16.2104368088752,"67819"
"Q9CRT8","Xpot",0.164365119019941,0.408161850626016,0.697321003563645,15.7478106344847,"73192"
"Q64387","Pnoc",0.164151227013208,0.407615982126836,0.69770070189703,6.70138960524153,"18155"
"Q9D8X2","Ccdc124",0.164140782923793,0.407589329538314,0.697719243513889,15.8826281214607,"234388"
"Q3U3E2","Fam117b",0.164015293488976,0.407269100255499,0.697942037824705,14.2119773651687,"72750"
"Q08509","Eps8",0.163947086624274,0.407095055598499,0.698063140400503,17.1379559678752,"13860"
"Q6ZQ03","Fnbp4",0.163856914780326,0.406864971726117,0.698223250755383,14.4305363100626,"55935"
"Q8BWT1","Acaa2",0.163791825090782,0.406698894380065,0.698338830938399,19.8720562475706,"52538"
"Q8VE70","Pdcd10",0.163754020111461,0.406602436898512,0.698405963810166,17.3231192768105,"56426"
"O88811","Stam2",0.163735100593668,0.406554165402467,0.698439561125441,14.6375596812335,"56324"
"P10417","Bcl2",0.163721508554288,0.4065194867865,0.69846369815859,12.4792780687305,"12043"
"A4FUP9","Glt1d1",0.163603860267698,0.406219329867349,0.698672629716399,11.1467428660522,"319804"
"Q3UBG2","Pid1",0.163172285852397,0.405118403331905,0.699439204038225,14.472268673549,"98496"
"Q61543","Glg1",0.162970735377423,0.404604339203767,0.699797279560602,20.5230397967561,"20340"
"P70169","Doc2b",0.162700118265236,0.403914199138174,0.700278135200966,12.4758767066337,"13447"
"Q08460","Kcnma1",0.162210325015504,0.402665344089768,0.701148662884632,17.1339229043473,"16531"
"Q8VCN6","Cd99",0.162172405845336,0.402568672082737,0.701216069892463,13.6643858622295,"673094"
"Q8BH82","Napepld",0.161966684077839,0.402044232174769,0.701581800835553,19.913141583743,"242864"
"Q8BIV3","Ranbp6",0.161801419263516,0.401622966878106,0.701875643911015,19.3909682878622,"240614"
"Q3U0P5","Entpd6",0.161490168073569,0.400829671828855,0.702429140347878,15.768282073933,"12497"
"Q8CJG1","Ago1",0.161444226440678,0.400712589448168,0.702510847807804,20.8891343737869,"236511"
"Q9D902","Gtf2e2",0.161425268232139,0.400664275180071,0.702544565816906,13.9741665083344,"68153"
"P70699","Gaa",0.161355213296055,0.40048574681,0.702669165283124,17.4964388493396,"14387"
"Q9DC50","Crot",0.16135071563799,0.40047428516675,0.702677164999784,17.2652965880258,"74114"
"Q7TN99","Cpeb3",0.16126593190316,0.400258230644,0.702827969242041,16.1070893395529,"208922"
"Q9WU42","Ncor2",0.161152556312914,0.399969329669363,0.703029642852041,12.7698494919842,"20602"
"Q9D7K2","Ten1",0.160890022595887,0.399300409900408,0.703496698472418,9.3105673573279,"69535"
"Q3USZ8","Dipk2a",0.160809452514383,0.399095139743081,0.703640051397521,11.0731357789337,"68861"
"Q60803","Traf3",0.16080886257871,0.399093636781286,0.703641101058502,18.4979975744205,"22031"
"Q8BYW1","Arhgap25",0.160077942064412,0.397231828763924,0.704941927244416,18.1063555024571,"232201"
"Q9CWW7","Cxxc1",0.15989651886273,0.396769809791905,0.705264904760073,6.64344696362159,"74322"
"Q9Z0D9","Cx3cr1",0.159589831596712,0.39598888256633,0.705810970283477,12.647121754462,"13051"
"Q99K28","Arfgap2",0.159533610446458,0.395845737689302,0.705911085568583,16.7000601010975,"77038"
"Q61140","Bcar1",0.159373812935551,0.395438898235919,0.706195663606258,14.1675632414504,"12927"
"Q61151","Ppp2r5e",0.159365478298093,0.395417679385637,0.706210507299565,18.6342413961228,"26932"
"P53808","Pctp",0.159130247563267,0.394818849773395,0.706629478239519,7.73625390322865,"18559"
"Q9Z2A0","Pdpk1",0.15908084423886,0.394693091927002,0.706717478992853,17.3982220684544,"18607"
"Q3TC72","Fahd2a",0.159046968050413,0.394606860692685,0.706777823335725,20.8638286231337,"68126"
"O35668","Hap1",0.159013053882426,0.394520534214508,0.706838236668855,15.4304600880986,"15114"
"Q91X96","Rabif",0.158816746904318,0.394020874729024,0.707187956273635,15.9097477636449,"98710"
"Q8BX57","Pxk",0.158469404530509,0.393136902777473,0.707806854045605,11.6630819731115,"218699"
"Q91YM2","Arhgap35",0.158420371353882,0.393012127442186,0.707894233068048,16.3956428040302,"232906"
"Q9JJA9","Tamalin",0.158377006200854,0.392901778082485,0.707971513773281,15.7327222723881,"56149"
"O88448","Klc2",0.158301182200834,0.392708837754214,0.70810664437222,18.3071149068339,"16594"
"Q9DCJ1","Mlst8",0.158182210136959,0.392406118033008,0.708318685192634,17.6036634435614,"56716"
"Q6PJN8","Dalrd3",0.158113674374919,0.392231739449713,0.708440842134836,14.0937524412246,"67789"
"D3Z6Q9","Bin2",0.157935937114575,0.391779541727875,0.708757663214646,15.2498988192858,"668218"
"Q6PCZ4","Magee1",0.157839423759369,0.391534009582547,0.708929715954634,14.9779409551868,"107528"
"Q9CW79","Golga1",0.157611710859066,0.390954748435546,0.709335698523904,14.9192028660564,"76899"
"P30677","Gna14",0.157604104424189,0.390935400121528,0.709349260842925,13.3095437796735,"14675"
"Q52KR3","Prune2",0.157546950216724,0.390790020556459,0.70945116927073,19.5272022925517,"353211"
"O08663","Metap2",0.157480664477211,0.390621418730792,0.709569364329793,16.6043296138462,"56307"
"P01029","C4b",0.157321004212172,0.390215335319334,0.709854077625033,14.1951758327499,"12268"
"Q8CCH2","Nhlrc3",0.156753008031277,0.388770935509354,0.710867191312407,9.30811931642502,"212114"
"Q9WUI1","Mapk11",0.156739373240104,0.388736267450006,0.710891515735135,16.010296742349,"19094"
"P97868","Rbbp6",0.156735143148537,0.388725511991257,0.710899062247942,8.65323653376548,"19647"
"Q8K0E8","Fgb",0.156512422967228,0.388159253147681,0.711296425568487,17.0247247151867,"110135"
"Q8BHE8","Maip1",0.15646685072719,0.388043394688231,0.711377739691845,16.6611479513237,"68115"
"Q924H2","Med15",0.156150449739579,0.387239077396642,0.711942356545189,13.2099192338875,"94112"
"Q3UM18","Lsg1",0.155559583821647,0.385737374640684,0.712997061532382,6.75792183319406,"224092"
"Q3UG98","Nat9",0.15541194142538,0.38536220356331,0.713260667661787,11.6941902290792,"66176"
"Q8BU30","Iars1",0.155109709636247,0.384594291039733,0.713800360644363,17.063796470893,"105148"
"Q9EPK2","Rp2",0.154999805724529,0.384315073903281,0.713996640937451,16.6662199801776,"19889"
"Q9R1Q7","Plp2",0.15499734586694,0.38430882466254,0.714001034218793,15.1465991885694,"18824"
"O88986","Gcat",0.154910873414991,0.384089147016865,0.714155477525085,19.2143952738713,"26912"
"P70280","Vamp7",0.154887444311339,0.384029628458898,0.714197324314525,17.7577112915274,"20955"
"O88839","Adam15",0.154881336146716,0.384014111578725,0.714208234227213,10.970125128624,"11490"
"Q61749","Eif2b4",0.154583566594268,0.383257727169295,0.71474013753086,17.2547363200868,"13667"
"Q8CBH5","Mfsd6",0.154484279646806,0.383005545533735,0.714917515304666,20.0081195756896,"98682"
"Q63912","Omg",0.154473034219416,0.382976983714505,0.714937606149715,19.8601919359787,"18377"
"Q8VDM6","Hnrnpul1",0.154261156743777,0.382438872925953,0.715316168730646,16.5608677887239,"232989"
"Q9ES46","Parvb",0.154160062333031,0.382182139847523,0.71549681250833,15.1388352687023,"170736"
"Q6A028","Swap70",0.153845427919112,0.38138319249737,0.716059100850543,14.9104453281441,"20947"
"Q8BTV1","Tusc3",0.153826251127181,0.38133450094683,0.716093375619088,21.0708737128537,"80286"
"Q8C5W0","Clmn",0.153613198023817,0.380793570174601,0.716474194266451,16.5552616074576,"94040"
"Q8BT14","Cnot4",0.153583718165866,0.380718726630845,0.716526891629521,11.8764373643597,"53621"
"Q9JJT9","Phax",0.153581472159458,0.380713024506339,0.716530906567336,13.1569928141912,"56698"
"Q6V4S5","Sdk2",0.153546335133107,0.380623819982537,0.716593717890698,20.3918145429655,"237979"
"Q922S4","Pde2a",0.153521693928706,0.380561262727764,0.716637767598884,19.6165485886257,"207728"
"P17665","Cox7c",0.153402600680998,0.38025892790564,0.716850673583039,21.2588547522755,"12867"
"Q68FL4","Ahcyl2",0.15329561076722,0.379987333555382,0.717041955721375,18.1502115210286,"74340"
"Q5SYL3","Bltp2",0.153143724693566,0.379601793613248,0.7173135276219,17.6668171793337,"72503"
"Q5DU14","Myo16",0.153017478758549,0.379281358271347,0.717539274715071,12.9323501663067,"244281"
"A6H603","Nwd1",0.152981255605862,0.379189420776408,0.717604050565871,5.77455251068556,"319555"
"Q0VBU9","Plpp4",0.152849292968772,0.3788545014212,0.717840044447718,17.5110193683509,"381925"
"Q80XS6","Samd4b",0.152709996299965,0.378500990906561,0.718089175213577,15.3626616577995,"233033"
"Q9DCI9","Mrpl32",0.152704607290022,0.378487315008713,0.718098813842771,12.8762650136561,"75398"
"P70349","Hint1",0.152524769942698,0.378030954670921,0.718420484406836,21.0279421728491,"15254"
"Q64442","Sord",0.152509774296255,0.377992903031746,0.718447308377247,17.0815178576968,"20322"
"O35317","Pbx3",0.152455129226771,0.377854242750407,0.718545058721495,8.92350356570739,"18516"
"Q3UDK1","Trafd1",0.152375113901567,0.377651212580589,0.718688197973296,14.0526689999353,"231712"
"Q62318","Trim28",0.15220715798516,0.377225067464335,0.718988677210328,18.3121156885123,"21849"
"Q8CH09","Sugp2",0.151880804969578,0.376397125906486,0.719572624527439,19.9830499193821,"234373"
"Q9CQV6","Map1lc3b",0.151736816718371,0.376031874872698,0.719830302107947,21.4180076804598,"67443"
"Q8C996","Tmem163",0.151660942103888,0.375839415686292,0.719966094593908,16.7863571067191,"72160"
"P06837","Gap43",0.15159047154635,0.375660670211271,0.720092221191815,20.6113648898633,"14432"
"Q9QXM1","Jmy",0.151299046374007,0.374921545280825,0.720613865872453,15.3894606848458,"57748"
"P60469","Ppfia3",0.151233122136393,0.374754359306793,0.72073188188137,18.262420650519,"76787"
"O55028","Bckdk",0.150559600670511,0.373046580119071,0.721937879692824,16.1521037391965,"12041"
"Q9JJV5","Cacng3",0.150541707656776,0.373001217901668,0.721969925500888,18.0107839558364,"54376"
"Q91WL8","Wwox",0.150292699181639,0.372369972624334,0.722415928265714,16.9918282323248,"80707"
"O35464","Sema6a",0.150222655153438,0.372192421611305,0.722541397476473,6.68388907984026,"20358"
"P57716","Ncstn",0.150115528680768,0.371920883302581,0.722733302572003,16.8504947696768,"59287"
"Q8HW98","Iglon5",0.150013818862562,0.371663087235204,0.722915516024603,16.531654540663,"210094"
"Q9D379","Ephx1",0.150004698402098,0.371639970894203,0.722931855913571,17.82279059418,"13849"
"Q4KMM3","Oxr1",0.14997115470638,0.371554953268493,0.722991952379353,19.6859674963394,"170719"
"Q8BTG3","Tcp11l1",0.149957266298586,0.371519753015781,0.723016835039242,16.1919344435527,"320554"
"Q8K097","Faim2",0.149525567366217,0.370425721557546,0.723790378350538,14.322791712758,"72393"
"Q3TPX4","Exoc5",0.149455336402891,0.370247759504055,0.723916241623393,18.3880451325049,"105504"
"Q8VE08","Fbxo33",0.1494098962165,0.370132619201276,0.723997679390801,12.2309601075187,"70611"
"P26041","Msn",0.14939225270603,0.370087913183971,0.724029300647713,19.4158670512953,"17698"
"Q6P9K8","Caskin1",0.149371255729909,0.370034710457342,0.724066932536094,19.1739472996629,"268932"
"Q9JJE7","Fads3",0.149353019139228,0.369988502488179,0.72409961750789,10.714614138363,"60527"
"P01887","B2m",0.149312749314192,0.369886467962025,0.724171793368219,19.889692073138,"12010"
"P07356","Anxa2",0.149195494450621,0.369589381674832,0.724381960106469,16.9602402338608,"12306"
"P52795","Efnb1",0.14915887548691,0.369496604212003,0.724447598745322,15.3438765405383,"13641"
"Q8BYH7","Tbc1d17",0.149154964702254,0.3694866959766,0.724454608822346,17.863667305734,"233204"
"Q9DBG9","Tax1bp3",0.149090333135575,0.369322950132407,0.724570463254141,12.3718327402692,"76281"
"Q6A0A9","FAM120A",0.149008234345498,0.36911495757945,0.724717634903634,18.8219003949128,NA
"P97326","Cdh6",0.148997688742815,0.369088241468719,0.724736539659374,13.9762444104206,"12563"
"O88851","Rbbp9",0.148956797038946,0.368984648105863,0.724809846023581,18.7243914890471,"26450"
"Q9CXE7","Tmed5",0.148911112777681,0.368868915764501,0.724891746143037,16.124733536767,"73130"
"Q91VH6","Memo1",0.148836732336895,0.368680492306397,0.725025096000846,15.6932682126169,"76890"
"P15920","Atp6v0a2",0.148750340905844,0.368461650168138,0.725179986839693,11.385298197409,"21871"
"Q80TF3","Pcdh19",0.148710994484554,0.368361982784484,0.725250533574328,16.2115410236187,"279653"
"Q8BL86","Mblac2",0.14864652855425,0.368198689700742,0.725366122345016,16.7608466922438,"72852"
"Q99KP6","Prpf19",0.148537384583279,0.367922237470777,0.72556183011151,18.0141690012936,"28000"
"Q66T02","Plekhg5",0.148449362927278,0.367699296251516,0.725719672577742,13.2241604777403,"269608"
"Q6PCP5","Mff",0.147923200825007,0.366366819222574,0.726663374378941,17.7232765203571,"75734"
"Q9JJZ2","Tuba8",0.147796375459407,0.366045688470438,0.726890887892467,25.2874817324208,"53857"
"Q8VCC9","Spon1",0.147689741596958,0.365775698312338,0.727082193127969,17.9864146762146,"233744"
"Q8BYM5","Nlgn3",0.147627324836992,0.36561766909665,0.727194176904126,18.2333170025908,"245537"
"Q60598","Cttn",0.147330066877555,0.364865120907301,0.727727554170937,18.8780663834768,"13043"
"Q99LJ6","Gpx7",0.147210649711669,0.364562828884375,0.7279418542328,9.0022536210949,"67305"
"Q9D0M1","Prpsap1",0.147127779220001,0.364353060510377,0.728090578518866,16.5517208177247,"67763"
"Q9QZX7","Srr",0.147103206880235,0.364290862558947,0.728134678918523,19.0928706019897,"27364"
"Q9EQJ9","Magi3",0.146986902821681,0.363996480970981,0.728343420648285,18.4329039444907,"99470"
"P97372","Psme2",0.146936947719695,0.363870042466771,0.728433084203791,18.982436223111,"19188"
"Q5RL79","Krtcap2",0.146900802218513,0.363778558428561,0.7284979628216,10.7468187363923,"66059"
"Q80XE1","Ric8b",0.146885214662399,0.363739106880858,0.728525941816869,14.2432284679804,"237422"
"P54923","Adprh",0.146791238271714,0.363501261860222,0.728694630959253,17.8929146880159,"11544"
"P31324","Prkar2b",0.1463560676913,0.362400018867882,0.729475893127248,20.5307546347764,"19088"
"Q6PHU5","Sort1",0.146192094106006,0.361985122998911,0.729770327860924,18.0408334870763,"20661"
"Q9ES89","Extl2",0.145878272129045,0.361191156657232,0.730333914224919,16.6264609433741,"58193"
"Q9CQC7","Ndufb4",0.145872908849619,0.361177588585,0.730343546944098,20.2386323972739,"68194"
"Q9D8Y0","Efhd2",0.145788768658379,0.360964734235556,0.730494670984063,20.4041518800264,"27984"
"P97492","Rgs14",0.145765009961833,0.360904631924304,0.730537345306349,17.7426293882222,"51791"
"Q8C172","Cers6",0.145645269916297,0.360601735558416,0.73075242628293,15.455268033005,"241447"
"Q3TAS6","Emc10",0.145389518308265,0.359954836334279,0.731211866987959,16.4775039783561,"69683"
"Q8K0D0","Cdk17",0.145357486934694,0.359873821236722,0.731269414136043,15.6384021969352,"237459"
"Q9D1H7","Get4",0.145323109561982,0.359786873825578,0.731331177293712,17.0699651553898,"67604"
"P61148","Fgf1",0.145273897114793,0.359662407791788,0.731419595672777,15.5333414005424,"14164"
"P70175","Dlg3",0.145217914522423,0.359520822309542,0.731520180888653,19.1471781182202,"53310"
"Q63829","Commd3",0.14518513112847,0.359437911519617,0.731579085120637,16.4915149074783,"12238"
"Q9EPL4","Mettl9",0.145161961280434,0.359379314582001,0.731620716708814,11.1251540681755,"59052"
"Q9EP82","Wdr4",0.14508612534533,0.359187528442307,0.731756982734668,16.3116764925006,"57773"
"Q8BGR2","Lrrc8d",0.145004181525498,0.358980302967568,0.731904230617579,12.3119603056255,"231549"
"Q8BTU1","Cfap20",0.144679155999243,0.358158429116464,0.732488351392982,15.6692824768725,"14894"
"Q8C0J2","Atg16l1",0.144455387119681,0.357592666122219,0.732890563673611,16.5437510350962,"77040"
"Q640R3","Hepacam",0.144138813697544,0.356792357712251,0.733459677737623,18.1386068849297,"72927"
"P12849","Prkar1b",0.144019172300532,0.356489929323065,0.733674788500382,18.4832876205621,"19085"
"O08914","Faah",0.144000272048688,0.356442154906133,0.73370877183234,19.247659717542,"14073"
"Q3UJD6","Usp19",0.143982104944654,0.356396234052086,0.733741437294293,18.9441802153208,"71472"
"Q9WV68","Decr2",0.143926964243397,0.356256857563933,0.733840585474479,14.0795958882094,"26378"
"Q02257","Jup",0.143911582643492,0.356217978841055,0.733868243614858,18.2776495146305,"16480"
"O54916","Reps1",0.143873825126739,0.356122543590801,0.73393613765803,16.2389107273012,"19707"
"Q501J6","Ddx17",0.143763388475428,0.35584341492374,0.734134729034248,18.3815981935176,"67040"
"Q91VE6","Nifk",0.14364885950373,0.355553957254703,0.734340692979319,12.4736062361154,"67949"
"P60041","Sst",0.143616143072284,0.355471273240358,0.734399531335368,15.7448480247484,"20604"
"P58771","Tpm1",0.143509613002571,0.355202048765465,0.734591126501233,19.5038889003185,"22003"
"Q9DAD6","Pfn3",0.143465280499451,0.3550900146788,0.734670862381426,15.0584088811757,"75477"
"Q9EQQ9","Oga",0.143418467507129,0.354971714437683,0.734755061886421,17.4840773199131,"76055"
"Q99LI2","Clcc1",0.143258794143234,0.354568225148428,0.735042273413575,14.590374623,"229725"
"Q9CQ25","Mzt2",0.143202105855638,0.354424982529069,0.735144247593882,10.3472271435568,"72083"
"Q9ERI2","Rab27a",0.143093929328092,0.354151646895568,0.735338851186922,16.1410537765465,"11891"
"P58059","Mrps21",0.142817397069829,0.353452976373562,0.735836373328989,14.0063136025537,"66292"
"O54786","Dffa",0.142816592811661,0.353450944504384,0.735837820424634,16.8509968174049,"13347"
"Q91V24","Abca7",0.142350120296024,0.352272573644196,0.73667725513484,15.2817999568352,"27403"
"A6X935","Itih4",0.142253504705479,0.352028539946145,0.736851146973917,15.3524847110778,"16427"
"Q6ZQ88","Kdm1a",0.142072860241411,0.351572291890658,0.737176302847551,17.032674477758,"99982"
"Q91WF7","Fig4",0.141942820065989,0.351243875695224,0.737410393260203,13.7261762141991,"103199"
"Q3TP92","Ctdnep1",0.141866553318983,0.35105127281812,0.737547692225811,9.32197140527711,"67181"
"O70161","Pip5k1c",0.141784605558497,0.350844330306881,0.737695225176278,19.5497811714522,"18717"
"Q9D6M3","Slc25a22",0.141614573385415,0.350414971886442,0.738001361389333,21.583106921686,"68267"
"Q6PGB6","Naa50",0.141424331418277,0.349934618018465,0.738343920205016,17.0130099778805,"72117"
"P16045","Lgals1",0.141408743806201,0.34989526163397,0.738371989675532,18.0944881038625,"16852"
"Q64092","Tfe3",0.141346181915345,0.349737304906737,0.738484650854371,6.61516442478988,"209446"
"P21619","Lmnb2",0.14122463787448,0.34943044182931,0.73870353845278,18.4115432884557,"16907"
"Q8VHL1","Setd7",0.140776925295024,0.348300237755067,0.739509952298965,18.6416538542978,"73251"
"Q80UY2","Kcmf1",0.140641831704976,0.347959250816846,0.739753321816856,15.5449856602302,"74287"
"Q9CQN6","Tmem14c",0.14060625797666,0.347869463203393,0.739817410610559,18.3751319814313,"66154"
"Q8C1D8","Iws1",0.140481824203767,0.347555404838566,0.740041597862801,14.8870792980389,"73473"
"Q9CYT6","Cap2",0.140104756865872,0.346603827214918,0.740721042299541,20.5675622602902,"67252"
"Q9JMK2","Csnk1e",0.139765508909975,0.345747823100296,0.741332464489323,15.7721748641505,"27373"
"O35114","Scarb2",0.13964683978655,0.34544842171885,0.741546368249737,16.5630882962335,"12492"
"O35379","Abcc1",0.139282800393037,0.344530047488097,0.742202647610827,13.5036261023732,"17250"
"P03911","Mtnd4",0.139204701330776,0.34433304297027,0.742343459968384,19.314121991009,NA
"P11031","Sub1",0.13910568034769,0.344083272425117,0.742522003459374,19.3163153584654,"20024"
"Q9EQH2","Erap1",0.138870896911315,0.343491096690561,0.742945378603552,13.3710894897243,"80898"
"P98200","Atp8a2",0.138739943478284,0.343160828844186,0.743181545915075,17.0041066687752,"50769"
"Q8BYR5","Cadps2",0.138733822031641,0.343145390851227,0.743192586035579,18.1307511881575,"320405"
"Q9QY76","Vapb",0.138663419884391,0.342967842916515,0.743319560108757,19.0278667261171,"56491"
"Q9CQH3","Ndufb5",0.138581051622104,0.342760124236856,0.743468122133632,20.6556024027792,"66046"
"Q8BHJ9","Slu7",0.138267693299751,0.341969954341316,0.744033368368966,6.53791151888706,"193116"
"Q8CG50","Rab43",0.138172643720692,0.341730296347463,0.744204841735593,6.9907157806591,"69834"
"Q3TB48","SLC38A12",0.13811233739211,0.341578244971655,0.744313641605496,10.9690387720224,NA
"Q9CPY7","Lap3",0.137988706678755,0.341266544850337,0.744536697832965,18.8370375111084,"66988"
"Q9JK53","Prelp",0.137799018912732,0.340788332033805,0.744878965263897,14.9748079443017,"116847"
"Q8CAY6","Acat2",0.137787633604086,0.340759630289548,0.744899509765258,19.0072695903988,"110460"
"Q9CQS2","Nop10",0.137655980341402,0.340427749568733,0.745137084289345,12.8570887253586,"66181"
"Q8C079","Strip1",0.137554106756664,0.340170952158828,0.745320932028406,18.7154426139103,"229707"
"Q9QZC2","Plxnc1",0.137500599744354,0.340036078990802,0.745417498492971,18.6077241572205,"54712"
"Q07409","Cntn3",0.137444396167178,0.339894411957809,0.745518934686349,16.6969978663458,"18488"
"P55772","Entpd1",0.137325165101892,0.33959388858321,0.745734133440683,13.742304745027,"12495"
"Q9QZQ1","Afdn",0.137249723056026,0.339403743746045,0.745870305327593,17.7700464465902,"17356"
"Q3UMG5","Lrch2",0.137213149512945,0.339311565613191,0.745936322154252,15.412161917951,"210297"
"Q9DA37","Samd8",0.137167831083679,0.339197349267617,0.746018125752208,14.5071454806453,"67630"
"Q9JL15","Lgals8",0.137156356811008,0.339168430924577,0.746038838113813,14.5675129751554,"56048"
"P62069","Usp46",0.137078549683811,0.338972339098499,0.746179292295085,18.1919607166953,"69727"
"Q921J2","Rheb",0.136922677583636,0.338579524848027,0.746460684478495,18.1178757222496,"19744"
"Q8CIF4","Btd",0.136912884091805,0.338554845064377,0.746478365253351,7.23165565568432,"26363"
"Q9D6J1","Cers4",0.136805901980811,0.338285254719417,0.746671512730893,12.3458250827829,"67260"
"P59279","Rab2b",0.136546139969606,0.33763071574089,0.747140539801606,17.4960126152206,"76338"
"Q91WV0","Dr1",0.136286226827417,0.336975866977783,0.747609907627862,15.7236836985093,"13486"
"Q9QY15","Ddx25",0.136102660224975,0.336513415346824,0.747941444814868,16.0170092653131,"30959"
"Q8K274","Fn3krp",0.13606801054996,0.336426127839628,0.748004028918692,17.726601967518,"238024"
"P11627","L1cam",0.135717453993115,0.33554309621163,0.748637270340486,19.7159323648376,"16728"
"Q99PM9","Uck2",0.13566356673072,0.335407368718146,0.748734622580606,16.0038393456607,"80914"
"P62821","Rab1a",0.13542907485236,0.33481678215514,0.749158287238578,21.4284706378506,"19324"
"Q9EQI8","Mrpl46",0.135312357807085,0.334522842305766,0.749369184438561,15.7350477965802,"67308"
"Q9D3A8","Nos1ap",0.135195578095514,0.334228758835418,0.749580208453772,15.9763994484013,"70729"
"P48771","Cox7a2",0.134985695321235,0.333700251871567,0.749959506272305,21.8207535871042,"12866"
"Q9CPR7","Sike1",0.134850106614487,0.33335884953628,0.750204563960506,18.0164433572796,"66641"
"Q9Z1N5","Ddx39b",0.134807344412927,0.333251181432695,0.750281854466771,21.312354986289,"53817"
"Q91XC9","Pex16",0.134360921700168,0.332127276491526,0.751088849122412,13.5281206980042,"18633"
"Q8BFZ2","Plppr1",0.13435969933955,0.332124199383808,0.75109105904463,15.4250459583996,"272031"
"Q80X95","Rraga",0.134335113808017,0.3320623093597,0.751135507871989,15.7588649971606,"68441"
"Q9ERY9","Erg28",0.134185830190151,0.33168652585607,0.751405414476203,15.5452002566288,"58520"
"A0A286YD83","Smim43",0.134125055735705,0.33153354822704,0.751515301741605,7.89670637916147,"100503068"
"O88735","Map7",0.134087733711167,0.331439605465623,0.751582786100933,17.6925137630664,"17761"
"Q9CPZ8","Cmc1",0.13407309050274,0.331402747636746,0.75160926380614,15.9724979735472,"67899"
"Q8JZS0","Lin7a",0.134064934448173,0.331382218456859,0.751624011595463,19.711084563915,"108030"
"Q3TWF6","Wdr70",0.133750056654188,0.330589708356319,0.752193424245956,7.0263925207906,"545085"
"Q63932","Map2k2",0.133724447721695,0.330525258193743,0.752239738733004,20.4113912665867,"26396"
"Q80YC5","F12",0.133603358972669,0.330220522500414,0.752458739946265,7.55551558398791,"58992"
"Q8K1S4","Unc5a",0.133316697050928,0.329499160230469,0.752977254432298,20.4159247449495,"107448"
"P50172","Hsd11b1",0.133210097584944,0.329230932511753,0.753170092290403,15.9020351498264,"15483"
"Q6PAK3","Prmt8",0.133101513067557,0.328957721926463,0.753366532560626,17.5646249020595,"381813"
"P59108","Cpne2",0.133100518362978,0.328955219196128,0.753368332134315,19.1195896879402,"234577"
"Q8R366","Igsf8",0.132996960344327,0.328694667174705,0.753555689837027,19.4866014739886,"140559"
"P25233","Ndn",0.132676033741212,0.327887285262843,0.754136378612021,13.6451243854221,"17984"
"Q60596","Xrcc1",0.132621327983311,0.327749667889527,0.754235373973261,8.96669199719992,"22594"
"P63139","Nfyb",0.132514202626828,0.327480193016803,0.754429236138388,18.1818804236671,"18045"
"Q8K1A6","Cc2d1a",0.132508676680134,0.327466292761228,0.754439236614373,16.9936679674028,"212139"
"Q9ERD6","Ralgps2",0.132152770456194,0.32657109301716,0.755083393817602,17.7183636659151,"78255"
"O89023","Tpp1",0.1319388252587,0.326033025271042,0.755470674134581,19.9500550746856,"12751"
"P05555","Itgam",0.131710636830015,0.325459187194941,0.755883786376967,14.8881336114635,"16409"
"Q9D735","Trir",0.131646852871494,0.325298795562533,0.755999269872936,13.2058944315228,"68544"
"Q9CZB6","Med7",0.131473409214548,0.324862673594578,0.756313316745295,7.92520734298273,"66213"
"Q8C025","Chpt1",0.131461829848662,0.32483355850129,0.756334284037003,11.46279507517,"212862"
"Q3UNZ8","Cryzl2",0.131051103285007,0.323800917327231,0.757078089512496,15.8926302902859,"226527"
"Q8BL99","Dop1a",0.130770599693575,0.32309577788449,0.757586161311736,14.4378737209137,"320615"
"Q5U4C1","Gprasp1",0.130770059739808,0.323094420606582,0.757587139394803,17.8564836369437,"67298"
"Q9Z1X4","Ilf3",0.130623631594943,0.322726356020993,0.75785239263821,17.5234500485345,"16201"
"Q80X73","Pelo",0.130519360637733,0.322464271647692,0.758041291109784,15.6974509944709,"105083"
"Q5SX79","Shroom1",0.130468727958412,0.322337010664217,0.758133021630945,11.2273568539084,"71774"
"Q8R1Q8","Dync1li1",0.130345154032683,0.32202642875911,0.758356909145391,19.3050002325485,"235661"
"Q61771","Kif3b",0.130038492840094,0.321255754274286,0.758912572017616,16.7354422619501,"16569"
"Q8BKV0","Spock3",0.130029584415899,0.321233367793073,0.758928715221536,13.3942760614348,"72902"
"Q8BML9","Qars1",0.129934528352625,0.32099450098045,0.759100973701009,19.0307931070288,"97541"
"Q8VE33","Gdap1l1",0.129867518133809,0.320826116108203,0.759222413328831,19.0493403281518,"228858"
"Q9R099","Tbl2",0.129866262436672,0.320822960805249,0.759224689013738,16.2240168792997,"27368"
"Q8BG39","Sv2b",0.129804630348484,0.320668094252247,0.759336385965756,22.7311219736849,"64176"
"Q9EQ20","Aldh6a1",0.129415398481528,0.319690135822714,0.760041881858182,19.1981435241097,"104776"
"Q5DTM8","Rnf20",0.129273051049075,0.319332520569868,0.760299927512488,15.6020161586781,"109331"
"P48453","Ppp3cb",0.129222467468175,0.319205445768764,0.760391629451507,19.6880896419165,"19056"
"Q9D8C2","Tspan13",0.129161887604118,0.31905326189103,0.760501456656509,14.1702462771,"66109"
"P61211","Arl1",0.129082051678133,0.318852710026571,0.760646199141111,17.6674068217016,"104303"
"P27545","Cers1",0.129031842988113,0.318726586499944,0.760737230573327,15.4570075423421,"93898"
"Q0VBF8","Stum",0.128951410200166,0.318524545657141,0.760883065146876,20.8723527234955,"381310"
"P54763","Ephb2",0.128883897028557,0.318354962810555,0.761005479611004,19.0710097556329,"13844"
"Q80U35","Arhgef17",0.128653518401226,0.317776320515937,0.761423233314178,16.3114621937399,"207212"
"P17742","Ppia",0.12851537657096,0.317429374599422,0.761673754934625,24.1373184417525,"268373"
"Q148V7","Relch",0.128473678998461,0.317324654020621,0.761749377463454,19.2558844624613,"227446"
"Q6P2B1","Tnpo3",0.128385370016735,0.31710287774973,0.761909539672392,17.2378482803453,"320938"
"Q920N2","Hlcs",0.128353032352326,0.317021667922163,0.761968190953658,15.3246000433465,"110948"
"Q6PCM2","Ints6",0.128309892857593,0.316913332974897,0.762046435209363,9.68299401568722,"18130"
"Q8BGC0","Htatsf1",0.128309513742135,0.316912380921478,0.76204712283781,15.7152671740322,"72459"
"O88935","Syn1",0.128021142603814,0.316188249997062,0.762570201287179,23.1888703048172,"20964"
"Q3UN02","Lclat1",0.128005032899013,0.316147799203147,0.762599425112597,17.710088297562,"225010"
"Q14CH0","Fam171b",0.128000823256711,0.316137229009597,0.762607061658633,16.9920853070058,"241520"
"Q3UUI3","Them4",0.127963655190781,0.316043902676944,0.762674487506868,19.2615238263126,"75778"
"Q68FH4","Galk2",0.127803968282098,0.315642955764606,0.762964187180905,18.8540985573886,"69976"
"Q6ZPS6","Ankib1",0.127740008444738,0.31548237039479,0.763080228134517,14.575629479719,"70797"
"P03958","Ada",0.127562407212146,0.315036484049977,0.763402466430569,7.52021065164968,"11486"
"Q64455","Ptprj",0.127546675392632,0.314996989168651,0.763431011553453,16.8187133875953,"19271"
"Q8CIA5","Slc35b4",0.127136662424823,0.313967732878965,0.764175055265184,13.3454826810852,"58246"
"Q8R3L5","Slco3a1",0.126672519565295,0.312802791605494,0.765017517876451,12.2195892311354,"108116"
"Q04750","Top1",0.126561371124167,0.312523853760701,0.765219292584917,19.1940957407094,"21969"
"P97478","Coq7",0.126491120076393,0.312347558080885,0.765346829652301,16.0163708285094,"12850"
"Q91WG5","Prkag2",0.126462504680267,0.312275748838299,0.765398780713462,16.2737785536976,"108099"
"Q8K3E5","Ahi1",0.126196524081963,0.311608318576038,0.765881703262014,16.0174915886684,"52906"
"Q9QZE7","Tsnax",0.125884905984634,0.310826456117732,0.766447570468086,18.2818397662441,"53424"
"P55302","Lrpap1",0.125730899354503,0.310440081764529,0.766727264388567,19.1634082505494,"16976"
"Q9JLQ2","Git2",0.125668054132057,0.310282421195591,0.766841404934285,13.9524342325822,"26431"
"Q3UMT1","Ppp1r12c",0.125280342741304,0.309309848799649,0.767545653810682,14.8399462220855,"232807"
"P28658","Atxn10",0.125197552439799,0.309102188346015,0.767696054256753,18.1500451324902,"54138"
"Q8R2P1","Klhl25",0.125089932531106,0.308832258331791,0.767891570711592,8.29089833100871,"207952"
"Q9D0P8","Ift27",0.125066847080132,0.308774357327267,0.767933512166144,12.7823364397027,"67042"
"Q9Z1K5","Arih1",0.124775010771288,0.308042441711591,0.768463760335188,15.9602624114334,"23806"
"Q8R0W6","Ndfip1",0.124500322375531,0.30735360668469,0.768962923511626,14.0320671124884,"65113"
"Q80WG5","Lrrc8a",0.124463352830539,0.307260903784067,0.769030109790382,16.9387522069435,"241296"
"Q9R0H0","Acox1",0.124421746845264,0.307156576342409,0.76910572356548,18.2211174110533,"11430"
"Q8VBY2","Camkk1",0.124342311722841,0.306957396514967,0.769250091573713,16.6257378116867,"55984"
"Q99PD7","Slc24a3",0.124319358273352,0.306899842938204,0.769291809008005,15.5847558938817,"94249"
"P17156","Hspa2",0.12387391254002,0.30578302938259,0.77010149336039,19.6196631340462,"15512"
"P80315","Cct4",0.123771047504012,0.305525154717998,0.770288496413295,20.0106989133936,"12464"
"Q9CQW1","Ykt6",0.12351326120252,0.304878948384002,0.770757180392615,18.8353877076576,"56418"
"P63300","Selenow",0.123495685451844,0.304834892619339,0.770789137258129,14.9200596204564,"20364"
"Q6A026","Pds5a",0.123168240369484,0.30401416476965,0.771384561229278,15.3818163851546,"71521"
"Q9JM14","Nt5c",0.123143693455713,0.303952642989593,0.771429201108236,18.7362574095898,"50773"
"Q9R111","Gda",0.123008424763441,0.303613630051224,0.771675204307306,21.3965419738913,"14544"
"O35639","Anxa3",0.122903008760737,0.303349446398153,0.771866928147962,17.01172298157,"11745"
"Q8BHG1","Nrdc",0.12263559416987,0.302679323894033,0.772353329830942,21.0995799078624,"230598"
"Q9CQF9","Pcyox1",0.122577113892255,0.302532785280033,0.772459708526206,19.3355753030658,"66881"
"P63094","Gnas",0.122367392836958,0.302007297096603,0.772841227592702,19.1135316746132,"14683"
"Q64343","Abcg1",0.122344771833185,0.301950619166716,0.772882381508807,13.5566334466311,"11307"
"Q60739","Bag1",0.122184623647415,0.301549374430381,0.77317374895598,17.8967939892094,"12017"
"P25911","Lyn",0.12156216272765,0.299990050795783,0.774306450007254,17.1324219218086,"17096"
"Q3TEA8","Hp1bp3",0.121524481499034,0.299895667296175,0.774375030267941,17.9436819400377,"15441"
"Q80VC9","Camsap3",0.121423248381096,0.299642106285245,0.774559281996235,17.7479854098466,"69697"
"Q71KT5","Tm7sf2",0.121343497729599,0.299442359605038,0.774704440529499,13.1271881222605,"73166"
"P63044","Vamp2",0.121296039723958,0.299323497174316,0.774790824154418,21.4743631096138,"22318"
"Q8BVL9","Jakmip1",0.121294810331212,0.299320418087991,0.77479306193651,16.5915642373632,"76071"
"Q9CQI4","Iftap",0.12111015761058,0.298857960371792,0.775129188414085,7.93896867011316,"68170"
"Q3UFY8","Trmt10c",0.120926766132426,0.298398692568381,0.775463049235339,14.7218956648312,"52575"
"P59326","Ythdf1",0.120856963151111,0.298223892912574,0.775590132181934,13.2377450728026,"228994"
"Q91YI4","Arrb2",0.120613777124855,0.297614944892656,0.776032909379504,13.8230921028699,"216869"
"Q9JMC8","Epb41l4b",0.120612168584558,0.29761091722136,0.776035838280003,14.5708299056234,"54357"
"Q9D0W5","Ppil1",0.11999001522248,0.296053267211476,0.777168855006161,17.3519742194348,"68816"
"P62962","Pfn1",0.119873156742863,0.295760734816975,0.777381706821351,21.5373030128202,"18643"
"Q9DB05","Napa",0.119695507215964,0.295316047789546,0.777705309634094,19.7185033309622,"108124"
"Q8K273","Mmgt1",0.119586049238049,0.295042070156819,0.777904709996201,14.7904861847241,"236792"
"Q8CGZ0","Cherp",0.1192899158753,0.294300891357454,0.778444231274932,16.5155983448303,"27967"
"O55013","Trappc3",0.119130586821083,0.293902146854687,0.778734542688123,21.8233014402392,"27096"
"Q6PDS3","Sarm1",0.11903390390875,0.293660194809963,0.778910718277393,18.6334786593256,"237868"
"P54103","Dnajc2",0.118511659487997,0.292353407951766,0.779862494061589,17.5897313772384,"22791"
"Q9CPX8","Uqcr11",0.118470446098033,0.292250292177971,0.779937614495615,20.818821688276,"66594"
"Q9JKF7","Mrpl39",0.11824361883736,0.2916827984773,0.780351083499508,16.420643327479,"27393"
"Q09LZ8","Agbl4",0.117941302644234,0.290926512793968,0.780902226408863,14.6920480787324,"78933"
"P50608","Fmod",0.117871021317488,0.29075070611527,0.781030365458795,14.2410778644239,"14264"
"Q6PE13","Prrt3",0.117781507085981,0.290526795304081,0.78119357675936,17.3824298067431,"210673"
"Q8BR37","Nhlrc1",0.117726588021968,0.290389424366105,0.781293714145361,5.98697140506185,"105193"
"Q5EBG8","Q5EBG8",0.117647623268402,0.290191911855377,0.781437700152876,13.9703534901673,NA
"O35344","Kpna3",0.11761463773123,0.290109407631201,0.781497848288218,17.1909782015059,"16648"
"Q925N0","Sfxn5",0.117587957579243,0.290042675301425,0.781546499435654,19.2995600127375,"94282"
"Q9JI46","Nudt3",0.117537489802837,0.289916447166254,0.781638528911398,19.9243404614582,"56409"
"Q9DAW9","Cnn3",0.117446740858151,0.28968947499285,0.781804017853013,17.4920213139105,"71994"
"Q8CA71","Shisa4",0.116976007015201,0.288512240591561,0.782662558445606,18.3177960588893,"77552"
"Q9WV69","Dmtn",0.116938425158127,0.2884182625402,0.782731109805849,19.2722055051342,"13829"
"Q61263","Soat1",0.116902961577983,0.288329582652579,0.782795798433694,13.1945371878432,"20652"
"Q80TN5","Zdhhc17",0.116403829679306,0.287081576681092,0.783706373281138,15.5739941271959,"320150"
"Q8BKY8","Mterf2",0.116314196703605,0.286857485978781,0.783869914999392,18.0453901790155,"74238"
"Q9QYH6","Maged1",0.115920664914349,0.285873704223031,0.784588023390287,14.3139000370216,"94275"
"P23116","Eif3a",0.115841866599275,0.285676734403376,0.784731828845794,18.2653990802513,"13669"
"P47955","Rplp1",0.115704114130435,0.285332411758186,0.784983237315025,20.7250014228,"56040"
"P02798","Mt2",0.11559981065934,0.285071708498056,0.785173609692221,16.5100157113806,"17750"
"Q9R0E1","Plod3",0.115114975824862,0.283860004333697,0.78605864149354,16.1943233147861,"26433"
"Q8BHG9","Cggbp1",0.11508859952178,0.283794090312846,0.786106795325856,10.3372441533106,"106143"
"Q922F4","Tubb6",0.115004832749292,0.283584762326445,0.786259727854878,25.5536259773572,"67951"
"Q3UHD1","Adgrb1",0.114985622544098,0.283536758075511,0.786294800661296,17.1426025154897,"107831"
"Q9JHS4","Clpx",0.114936740981711,0.283414609725809,0.786384047015588,16.3629688542482,"270166"
"Q5XJY5","Arcn1",0.114909248778414,0.283345911380532,0.786434242272273,17.692002546746,"213827"
"Q922U1","Prpf3",0.114855968782357,0.283212775600552,0.786531522703209,15.7693315333027,"70767"
"P21447","Abcb1a",0.114838893720326,0.28317010904755,0.786562699443502,18.0771991351686,"18671"
"Q91WP6","Serpina3n",0.114689311679914,0.282796349675395,0.786835826489393,13.7252008159027,"20716"
"Q9D0V7","Ebag9",0.114358841530371,0.281970675786067,0.787439310718003,11.007324495378,"55960"
"Q80XD1","Chn2",0.114196450926722,0.281564980475705,0.787735892324727,14.1874231802922,"69993"
"P60764","Rac3",0.114175768852097,0.281513312745036,0.787773666572514,17.0922636586005,"170758"
"Q9WUA2","Farsb",0.114001595674177,0.281078209938675,0.788091795067171,18.1227875011228,"23874"
"F6W8I0","Yjefn3",0.113963393832831,0.280982781258199,0.788161574414994,15.0578780404857,"234365"
"Q6QI06","Rictor",0.113812258828175,0.280605256490234,0.78843764914457,16.1970103529379,"78757"
"Q8BH66","Atl1",0.113746225849545,0.280440316882736,0.788558276063532,19.6155284604744,"73991"
"P47743","Grm8",0.113653731891969,0.280209288397164,0.788727247219734,16.7838189760302,"14823"
"Q8BW96","Camk1d",0.113490500777949,0.279801592879726,0.789025461013678,18.6612284978258,"227541"
"P70353","Nfyc",0.113285912918641,0.279290634760121,0.789399262796547,14.1565790679898,"18046"
"Q8BTS4","Nup54",0.112986779203479,0.278543613150919,0.789945872165138,19.344252048672,"269113"
"Q921X6","Polr3f",0.112913416637426,0.278360417768565,0.79007993959192,15.1132986229669,"70408"
"Q5RJG7","Crppa",0.112675249733684,0.277765717382409,0.790515211965511,15.0745142964287,"75847"
"D3Z7Q2","Smim20",0.112622159743594,0.277633158819178,0.790612245360053,14.8453357563633,"66278"
"P17439","Gba1",0.112450429521124,0.277204388044049,0.790926135432292,15.8466358186749,"14466"
"Q08274","Dmwd",0.112406777776336,0.277095403712434,0.79100592640685,20.3780371657091,"13401"
"Q60648","Gm2a",0.112389040300535,0.277051119418936,0.791038349171885,15.301289465838,"14667"
"Q8R164","Bphl",0.112224290592017,0.276639809641211,0.791339511691725,18.4971624014668,"68021"
"Q60610","Tiam1",0.111763914345402,0.275490568818392,0.792181199105197,16.8199466408565,"21844"
"P21107","Tpm3",0.111180421502054,0.274034249077873,0.79324822765055,19.4263554092329,"59069"
"Q9JIA1","Lgi1",0.111127345825442,0.273901793581932,0.793345300636035,19.9958394497252,"56839"
"Q68FE2","Atg9a",0.110904461424659,0.273345589846487,0.79375297131567,16.1235932845347,"245860"
"Q9D8T0","Fam3a",0.110713253234459,0.272868466766676,0.794102736586064,7.4183935495648,"66294"
"Q9WTS6","Tenm3",0.110647843145705,0.272705255578101,0.794222394086175,16.5496339306601,"23965"
"Q99K01","Pdxdc1",0.110475102094063,0.272274249519234,0.794538413607082,16.2997088451279,"94184"
"Q99LU0","Chmp1b1",0.110450126368421,0.272211934674203,0.79458410723928,17.1206166759641,NA
"Q9ET30","Tm9sf3",0.110180949250508,0.271540366458858,0.795076604991122,16.7014579453576,"107358"
"P62320","Snrpd3",0.110126415508242,0.271404317958322,0.795176389424587,19.6195329126819,"67332"
"Q6PGB8","Smarca1",0.110122229714364,0.271393875517283,0.795184048582431,12.0126890357924,"93761"
"Q9JJ61","Galnt16",0.110039691962636,0.271187968791907,0.79533507892626,14.261236496269,"108760"
"J3QPC3","Actmap",0.109709682783296,0.270364752409137,0.795938996239656,14.4100110099859,"414069"
"Q9Z2W1","Stk25",0.109358232904503,0.269488151152472,0.796582247406851,16.8590276613954,"59041"
"Q6DFV5","Helz",0.109354392874528,0.269478573751725,0.796589276284644,14.3234450681704,"78455"
"Q61644","Pacsin1",0.109279048233416,0.269290659505523,0.796727191238163,21.4793817105097,"23969"
"Q8K3X4","Irf2bpl",0.109174610247541,0.269030192406356,0.796918367843605,17.4228100425857,"238330"
"Q6ZQK5","Acap2",0.10909992248226,0.268843927535206,0.797055091264466,17.117783576593,"78618"
"Q8BZN2","Kcnv1",0.10897515299748,0.268532773434818,0.797283504338386,13.7415728421465,"67498"
"P28184","Mt3",0.108839568527453,0.268194663143143,0.797531730449663,18.2155142405417,"17751"
"Q3ULF4","Spg7",0.108820383418962,0.268146821995113,0.797566855470246,15.3759510658139,"234847"
"Q58A65","Spag9",0.108788930228054,0.268068389070092,0.797624442129187,20.2392445863885,"70834"
"Q7TQE6","Maco1",0.108614597487664,0.267633680796788,0.797943636922067,12.5479222815007,"66146"
"A2AI08","Tprn",0.108532858754775,0.267429869379338,0.798093305004868,9.41986959028581,"97031"
"Q9DAI6","Fam135b",0.108447238073146,0.26721638440399,0.798250086911052,10.0881962053398,"70363"
"Q9Z2Q6","Septin5",0.108430506994072,0.267174668153367,0.798280724244911,21.6354928901035,"18951"
"P47964","Rpl36",0.108138694622993,0.2664471179252,0.798815116427574,21.6968577942814,"54217"
"Q9CPS7","Pno1",0.108105435441984,0.266364200149679,0.798876027867656,14.4158851548199,"66249"
"O70492","Snx3",0.108070664179392,0.266277513602481,0.798939709507888,18.9829272871133,"54198"
"Q8BLS7","Sowaha",0.107812701827059,0.265634431037861,0.799412183484098,11.148810311102,"237761"
"Q9QYJ0","Dnaja2",0.107658296575841,0.265249535248194,0.799695011686536,19.4814911632653,"56445"
"Q8BH10","Orai2",0.107619229294449,0.265152152830663,0.799766575281361,16.596928243675,"269717"
"O35153","Bet1l",0.107444945372436,0.264717733082616,0.800085844059819,11.8522578745026,"54399"
"Q8CFV4","Nrn1",0.107317029647753,0.264398906320982,0.800320186850877,16.777741874618,"68404"
"P21981","Tgm2",0.107299900627235,0.264356213672256,0.800351568363605,15.5370074347666,"21817"
"P09103","P4hb",0.107202421498137,0.264113259641551,0.800530161098788,18.9034581757636,"18453"
"Q9CWF6","Bbs2",0.107150312705851,0.26398338842575,0.800625633368792,14.9446615926959,"67378"
"Q80TZ9","Rere",0.106959737639805,0.26350843519252,0.800974818030644,7.91149842594982,"68703"
"Q9CX13","Cnih4",0.106932879877893,0.263441502352114,0.80102403097443,16.2699495055719,"98417"
"Q9JIG8","Praf2",0.106901010818833,0.263362081500674,0.801082427133538,18.6252201833421,"54637"
"Q62442","Vamp1",0.106823469578565,0.263168844479245,0.8012245153492,17.0089143602567,"22317"
"Q9R1J0","Nsdhl",0.10634704500268,0.261981674782542,0.80209763025224,15.767699994269,"18194"
"Q99PJ0","Ntm",0.106298245275212,0.261860084410053,0.802187072721258,20.6695817418789,"235106"
"Q8C3Q5","Shisa7",0.106136917024077,0.261458129344156,0.80248277619353,17.3495342185406,"232813"
"Q9R194","Cry2",0.106028173421661,0.261187202581628,0.80268210721853,8.51799075980073,"12953"
"Q78T81","Eeig1",0.105763008127646,0.260526602282951,0.80316820392032,15.3443286734463,"98952"
"Q9ERB5","Slco1c1",0.105605604891655,0.260134493755558,0.803456779064659,15.1594738179087,"58807"
"Q60632","Nr2f1",0.105405214749883,0.259635328792295,0.80382419230494,14.9661746011201,"13865"
"Q8BMB3","Eif4e2",0.105254521412902,0.259259977937008,0.80410050765358,13.1641788216116,"26987"
"Q8BUY8","Gprasp2",0.10517942698136,0.259072937531726,0.804238209439239,14.2184849351328,"245607"
"Q8C4Q6","Aida",0.10512527250197,0.258938055800878,0.804337516050866,18.208023712258,"108909"
"Q9EQG7","Enpp5",0.105006266056384,0.258641656455061,0.804555753987898,15.8732493977698,"83965"
"Q3TX08","Trmt1",0.10484800353308,0.258247502701564,0.80484599809905,14.8774193184432,"212528"
"Q7M6Z0","Rtn4rl2",0.104567959007668,0.25755009874021,0.805359630914696,18.1863264769254,"269295"
"O88602","Cacng2",0.104458902580787,0.25727852875189,0.805559669000997,16.7290377568387,"12300"
"P53996","Cnbp",0.104413479781914,0.2571654206355,0.805642989045195,17.5749241066614,"12785"
"P11930","Nudt19",0.104359917148764,0.257032045464019,0.805741242220649,15.1946125816138,"110959"
"Q99LB6","Mat2b",0.10404181233396,0.256239985993784,0.806324806836775,17.7579440127369,"108645"
"Q99P31","Hspbp1",0.103843840194555,0.255747088908844,0.806688027001556,16.3928471087551,"66245"
"Q8BJU9","Mtrf1l",0.103760518599176,0.255539649862837,0.806840906450914,12.9502356192605,"108853"
"P11798","Camk2a",0.103599319788338,0.255138341639023,0.807136691105078,24.5059757787871,"12322"
"Q91XE8","Tmem205",0.103564997141471,0.255052897229343,0.807199672513583,13.5588372300339,"235043"
"Q9D273","Mmab",0.103397515653203,0.254635974150251,0.80750701086017,19.3320013233543,"77697"
"Q4VAE3","Tmem65",0.103168132653925,0.254064990941395,0.807927977020718,19.6811680091396,"74868"
"P59325","Eif5",0.102913145238584,0.253430320962683,0.808395979953043,17.424000789145,"217869"
"O35864","Cops5",0.102831897300476,0.253228103451506,0.808545112546565,18.4201277562342,"26754"
"Q9WVQ1","Magi2",0.102817479425632,0.253192219423634,0.808571577437677,17.0864801627466,"50791"
"O70422","Gtf2h4",0.102629609072527,0.252724651726188,0.808916439451601,9.2779684278446,"14885"
"P0DN89","Tmem254",0.102563255161575,0.252559518072881,0.809038247657545,14.4502503673829,"66039"
"Q9DBL9","Abhd5",0.102524994955867,0.252464302211759,0.809108484784962,15.2548266632754,"67469"
"Q9JIP6","Fzd2",0.102522282628097,0.252457552248586,0.809113464050635,13.6761977117509,"57265"
"P49442","Inpp1",0.102521883031113,0.252456557802544,0.809114197627471,22.0716679206598,"16329"
"Q9Z0V1","Kcnd3",0.102304249059647,0.251914967344326,0.809513746310825,15.7742322167936,"56543"
"Q9CWI3","Bccip",0.102111046023353,0.2514342048363,0.809868472995619,17.2445714547943,"66165"
"P46096","Syt1",0.101854965948809,0.250797024686308,0.810338687433437,22.8902796560448,"20979"
"Q2MHE5","Dok6",0.101761518803489,0.250564521429286,0.810510287509036,7.67238704385246,"623279"
"Q9JI90","Rnf14",0.101735141627574,0.250498894320806,0.810558725981185,17.5359984716303,"56736"
"Q8BPQ7","Sgsm1",0.101681646443766,0.250365798533471,0.810656964986296,16.6887248786496,"52850"
"Q8K2L8","Trappc12",0.101637774482757,0.250256646921062,0.810737533436218,18.2837653800598,"217449"
"O08992","Sdcbp",0.101629821923217,0.250236861442006,0.810752138031075,17.1710060845261,"53378"
"P06728","Apoa4",0.101362834644009,0.249572641616942,0.811242478407998,13.8691799845137,"11808"
"P63254","Crip1",0.101102856781256,0.24892591240959,0.811719997053768,15.329485556148,"12925"
"Q9CZ82","Med18",0.100604919805337,0.247687372258879,0.81263473255436,6.74649159077325,"67219"
"P40336","Vps26a",0.100602115092705,0.247680396509425,0.812639885479164,17.8741625065427,"30930"
"Q7TMM9","Tubb2a",0.100596800817173,0.247667179109415,0.812649649084564,25.2785600847996,"22151"
"Q9CR09","Ufc1",0.100537153994365,0.247518829987104,0.812759236125288,17.362201498384,"66155"
"Q61024","Asns",0.100456691897643,0.247318714941524,0.812907070554514,20.9186050293504,"27053"
"Q61074","Ppm1g",0.100114805454379,0.246468473281216,0.813535278346575,16.4663569932893,"14208"
"Q3TFQ1","Spryd7",0.0999361465227479,0.246024199257772,0.813863594250347,18.311882605161,"66674"
"Q91WA9","Abcg4",0.0997940123169268,0.245670769024175,0.814124806732221,13.9314273830161,"192663"
"P26151","Fcgr1",0.0996845770183464,0.245398658087792,0.814325935768823,13.3882912264091,"14129"
"D3YVF0","Akap5",0.099664164460689,0.245347903246428,0.814363452598339,20.6151050557249,"238276"
"Q8C8T7","Elfn1",0.0995157476922623,0.244978881504102,0.814636241333313,18.9691687218258,"243312"
"Q8BGN8","Synpr",0.0991523796805225,0.244075477125894,0.815304177255715,19.0379979380446,"72003"
"Q9D9V3","Echdc1",0.0987269243299541,0.243017836701784,0.81608636443607,17.3357348658306,"52665"
"Q9Z120","Mettl1",0.0986353859130176,0.242790298756066,0.816254672499393,12.4836008535275,"17299"
"Q3TLP5","Echdc2",0.0984387157000904,0.242301454710795,0.816616302988464,11.8011633764224,"52430"
"Q921W4","Cryzl1",0.0982673042385258,0.241875417274851,0.8169315116127,16.3773885141341,"66609"
"O55100","Syngr1",0.098225756354451,0.241772154677732,0.817007917268373,21.9067386422103,"20972"
"Q8BR90","Rimoc1",0.098111390597157,0.241487918030824,0.817218239913136,15.9583820802317,"106064"
"Q62186","Ssr4",0.0980076153571081,0.241230010674641,0.817409094473599,19.4068815980062,"20832"
"P21761","Trhr",0.0977032893694198,0.240473730470003,0.817968830021555,12.6100121784147,"22045"
"P48024","Eif1",0.0976705320806833,0.240392329428879,0.818029083303385,18.2227752192667,"20918"
"P61164","Actr1a",0.0975101484220117,0.239993791439512,0.818324101911751,20.6668503101866,"54130"
"P62806","H4c1",0.0970468331418003,0.238842603380608,0.819176454321896,24.5569363000423,"326619"
"Q62393","Tpd52",0.0968951489714119,0.238465751558132,0.819455538502946,17.9704695714827,"21985"
"Q5H8C4","Vps13a",0.0966804745704684,0.237932432283397,0.81985054690974,18.1164652423945,"271564"
"Q99MU3","Adar",0.0965689579689272,0.237655402922201,0.820055754426663,17.7665360572675,"56417"
"Q9WU28","Pfdn5",0.0965390699229138,0.23758115662219,0.820110754496189,17.6123114881056,"56612"
"Q3UHG7","Dennd11",0.0965033267743461,0.237492366238486,0.82017652998385,14.6722962597799,"243780"
"Q8CGF5","Tlcd4",0.0964461110734268,0.237350237320228,0.820281821737163,14.7311592550491,"99887"
"Q9D711","Pir",0.0963545297138256,0.237122745974746,0.820450360112154,16.5675254347473,"69656"
"Q8C8N2","Scai",0.0961535512144304,0.236623529552855,0.820820244516131,19.0517001752218,"320271"
"Q9CY18","Snx7",0.0957576926912801,0.235640330262656,0.821548873928216,15.9143415678954,"76561"
"Q9WTZ1","Rnf7",0.0953951364592765,0.234739943343226,0.822216303960027,16.0310621306425,"19823"
"Q9JIP4","Panx1",0.0953064573411852,0.234519728372081,0.822379567610919,10.6130317686091,"55991"
"Q9D0B0","Srsf9",0.0952950935684897,0.234491509364025,0.822400489410458,14.1879663632896,"108014"
"Q62470","Itga3",0.0952833894397342,0.234462445265908,0.822422037933876,13.8873766653974,"16400"
"Q61703","Itih2",0.095278951618465,0.234451425140003,0.822430208451683,12.3607005694158,"16425"
"Q9JI39","Abcb10",0.0951228735987532,0.234063856662925,0.822717574144282,14.5696814162711,"56199"
"Q8BYC6","Taok3",0.0950835845230598,0.233966297898789,0.822789914606571,14.5974491393043,"330177"
"Q01237","Hmgcr",0.0947292072989091,0.23308639306931,0.823442455964424,5.6185696352214,"15357"
"Q69Z98","Brsk2",0.0942426248844555,0.231878373506263,0.824338580643734,17.2002224731584,"75770"
"Q9DB43","Zfpl1",0.0938727951066436,0.230960323446669,0.825019796373326,15.3758921559023,"81909"
"Q6P2K6","Ppp4r3a",0.0938272885914442,0.230847366638771,0.825103624657359,13.926703353407,"68734"
"P12815","Pdcd6",0.0937940393125645,0.23076483581016,0.825164874602378,18.7259537773484,"18570"
"Q8K297","Colgalt1",0.0936831509585521,0.230489596139718,0.82536915244055,12.1652590555212,"234407"
"Q8CDN6","Txnl1",0.0936613206731751,0.23043541148239,0.825409369066139,18.3717486184962,"53382"
"Q9ET22","Dpp7",0.0936586288443276,0.230428730153484,0.825414328083978,17.7305358598261,"83768"
"Q9D9I4","Tbc1d20",0.0935760889372812,0.230223862148045,0.825566389558017,13.1713146306906,"67231"
"P60761","Nrgn",0.0934700516518991,0.22996067955068,0.825761746695538,19.5960747999294,"64011"
"Q9QZI8","Serinc1",0.0933586898890494,0.22968429019659,0.82596692176282,17.8460492818723,"56442"
"P01901","H2-K1",0.0933542449499516,0.22967325845905,0.825975111383354,12.6461323526922,"14972"
"Q8BP48","Metap1",0.0933458879882937,0.229652517648232,0.82599050878438,16.988780553614,"75624"
"P24788","Cdk11b",0.0933451758185384,0.2296507501447,0.82599182093376,20.4041408269529,"12537"
"Q9Z1P7","Kank3",0.0933383851766226,0.229633896760015,0.826004332486093,18.0499705923113,"80880"
"Q61425","Hadh",0.0932612842545286,0.22944254576205,0.826146390846668,18.6168137391897,"15107"
"Q9WV70","Noc2l",0.0931587051748282,0.22918796888954,0.826335399072804,5.20772557685175,"57741"
"Q9Z275","Rlbp1",0.0931428840682009,0.229148705322209,0.826364551078002,16.4269868565362,"19771"
"Q8BIZ1","Anks1b",0.0929541937073323,0.228680442042028,0.826712245697608,22.1068219720608,"77531"
"Q80VJ3","Dnph1",0.0928757761400561,0.228485844463845,0.826856750866878,12.9640870714225,"381101"
"Q9CY50","Ssr1",0.092872941668489,0.228478810644487,0.826861974212173,16.8384332814918,"107513"
"P97770","Thumpd3",0.0927898019005234,0.228272499509365,0.827015186089184,15.6529910015471,"14911"
"Q61271","Acvr1b",0.092661129963438,0.227953209898863,0.827252315095165,16.6092562138862,"11479"
"Q9ESU6","Brd4",0.0926008693868576,0.227803681830002,0.827363372997458,15.5851499181326,"57261"
"Q62188","Dpysl3",0.0924725277377779,0.227485228654211,0.827599910003661,20.611905987812,"22240"
"P52875","Tmem165",0.09232713464996,0.22712447968573,0.827867886938515,9.91045717898566,"21982"
"P32507","Nectin2",0.0921070359751924,0.226578399272133,0.82827358285579,8.61196715925397,"19294"
"Q9CPT3","Nanp",0.0918804240697838,0.226016194066822,0.828691318924411,15.9608557059206,"67311"
"P05622","Pdgfrb",0.0918115197369004,0.225845255199033,0.828818344035578,13.450943716944,"18596"
"Q91X20","Ash2l",0.0913868088444123,0.224791698396678,0.829601369882131,16.1937984787786,"23808"
"Q9JLM8","Dclk1",0.0913613783359652,0.224728618273148,0.829648259190483,19.5423537313576,"13175"
"Q8VE91","Retreg1",0.0913603140856274,0.224725978420426,0.829650221487305,11.6300237254459,"66270"
"Q7TPV4","Mybbp1a",0.091330052599055,0.224650915703435,0.829706018849565,21.3103080044563,"18432"
"Q91ZF0","Dnajc24",0.0913270178188356,0.224643388056032,0.829711614535339,14.009365352896,"99349"
"P03899","mt-Nd3",0.0911282498521902,0.224150366031756,0.83007812687431,19.3268309310774,NA
"O70591","Pfdn2",0.091087255737656,0.22404868801314,0.830153720097465,17.6307176787947,"18637"
"Q91XI1","Dus3l",0.0909747108389549,0.223769547935745,0.830361258951178,16.0788761532238,"224907"
"F8VPU2","Farp1",0.0908035398705982,0.223345016810693,0.830676923861572,20.1762768471282,"223254"
"Q60649","Clpb",0.0905169047978423,0.222634161086832,0.831205566175616,17.3841560216932,"20480"
"Q9D3P8","Plgrkt",0.0904871562656634,0.222560387848296,0.831260434694728,16.4476809887115,"67759"
"P59041","Dnajc30",0.0904626019160713,0.222499496090116,0.831305723455245,16.5298502218529,"66114"
"Q2KN98","Specc1l",0.0903985824783471,0.222340737705007,0.831423804686128,15.7881264629663,"74392"
"P12657","Chrm1",0.0897905593786759,0.220833071931357,0.832545415507175,17.634907270595,"12669"
"O88939","Zbtb7a",0.0892875411484275,0.219585966476575,0.833473512202818,13.2349685096676,"16969"
"Q8JZM0","Tfb1m",0.0891997727375486,0.219368384461505,0.833635467066552,15.3502710705778,"224481"
"Q8BTZ5","Ankrd46",0.0891387682815649,0.219217154583168,0.833748038692435,17.7944725703989,"68839"
"P61202","Cops2",0.0889629669963266,0.218781357584553,0.834072458901169,19.196509803815,"12848"
"Q8BPM2","Map4k5",0.0887501852957739,0.218253916727883,0.834465149397694,17.4560148420523,"399510"
"P63250","Kcnj3",0.088740215146586,0.218229203574838,0.834483550129418,17.2904956347466,"16519"
"Q921P9","Tceal1",0.088611196418553,0.217909408947727,0.834721670739087,10.8057493079566,"237052"
"Q8CFP6","Dnajc27",0.0885589330485004,0.217779868537817,0.834818132615911,18.2507357145966,"217378"
"Q8K3F6","Kcnq3",0.0885355018472241,0.217721792362282,0.834861379888228,14.6266714095259,"110862"
"Q8CIZ8","Vwf",0.0885147687713264,0.217670404018041,0.834899647497141,9.94104056029636,"22371"
"Q99PG2","Ogfr",0.0884554660240916,0.217523419683947,0.835009105773053,16.613016618175,"72075"
"Q7TNV1","Tlcd3b",0.0884406792398123,0.21748677038515,0.835036398898154,17.3961914954777,"68952"
"E9PV24","Fga",0.0883720021417981,0.217316554917371,0.835163163479096,17.4815376492977,"14161"
"Q08481","Pecam1",0.0883676030065182,0.217305651813152,0.835171283533925,11.5027407029225,"18613"
"Q8BL03","Slc25a29",0.0883253075372147,0.217200824613222,0.835249354419239,13.6616741917058,"214663"
"Q8CH02","Sugp1",0.087618280016237,0.215448667228412,0.836554591392302,15.9335609992669,"70616"
"Q6VVW5","Npr2",0.0875842723009118,0.215364397515321,0.836617380958682,12.8786596007189,"230103"
"P31649","Slc6a13",0.0874817979094206,0.215110474795296,0.836806587364441,11.7912253517872,"14412"
"Q61466","Smarcd1",0.0874452853130584,0.215020001388149,0.836874005051526,16.0150475498244,"83797"
"Q8R1K1","Ubac2",0.0873993570433847,0.21490619842211,0.836958809283719,13.9638514892444,"68889"
"Q91YT7","Ythdf2",0.0873695394374481,0.214832315864329,0.837013866722971,16.4131014679879,"213541"
"Q8BZ60","Ston2",0.087288240369526,0.214630874642933,0.837163986288744,14.950369245529,"108800"
"Q8C3Q9","Casp9",0.0871009891254198,0.214166923648591,0.837509763966827,8.97084391504125,"12371"
"Q9JIQ3","Diablo",0.087030838046761,0.213993116743031,0.837639310628656,14.1817641515517,"66593"
"P39038","Cdh4",0.0870201067961026,0.21396652918862,0.8376591281062,15.9020861867787,"12561"
"Q8CFI0","Nedd4l",0.0869772158905803,0.213860264198732,0.837738335793739,18.2477322089307,"83814"
"Q8BZB2","Ppcdc",0.086929813663925,0.213742823513233,0.837825876034129,15.4089890687318,"66812"
"P57724","Pcbp4",0.0868349898067312,0.21350789845764,0.838000996711496,12.4414206364411,"59092"
"Q91WK7","Ankrd54",0.0867759744325829,0.21336169147444,0.838109989225191,8.36181677875083,"223690"
"Q8VCN5","Cth",0.0863946527158654,0.212417044709517,0.838814287205587,14.6185129325026,"107869"
"Q3UR78","Nicol1",0.0862183501279935,0.211980322836426,0.839139948229393,14.1869428548513,NA
"Q8VEH8","Erlec1",0.0861703998174289,0.211861547851229,0.839228524103981,14.8374099651981,"66753"
"Q8VDZ4","Zdhhc5",0.0860416224391666,0.211542568075648,0.839466414509296,20.2528855462009,"228136"
"Q99K30","Eps8l2",0.0858341990557028,0.211028805690969,0.839849609979634,10.8416108388079,"98845"
"Q8BFQ3","Gpr68",0.0856216221134974,0.210502307253003,0.840242354697717,6.37230060058689,"238377"
"Q61086","Fzd3",0.085482178454083,0.210156956889715,0.840499998292155,12.8789695705835,"14365"
"P57722","Pcbp3",0.085256081271833,0.209597024233252,0.840917773880474,17.258921192463,"59093"
"Q9QUM9","Psma6",0.0851401702279094,0.20930998165514,0.841131963416357,19.8562320094075,"26443"
"Q5BL07","Pex1",0.0848966633554358,0.208706988117751,0.841581962278436,15.198014105587,"71382"
"F7BJB9","Morc3",0.0846913095062376,0.208198501796838,0.841961483779469,6.04849131604142,"338467"
"Q91YR1","Twf1",0.0834238295312403,0.205060623925717,0.844304543248964,18.3376712331196,"19230"
"Q9JMD0","Znf207",0.0832862733064675,0.204720138967095,0.844558889560001,15.7174701692373,NA
"Q8BGA3","Lrrtm2",0.0831590450753668,0.204405228783623,0.844794149495499,17.2800729216655,"107065"
"Q99J21","Mcoln1",0.0830626607676989,0.204166668936213,0.844972382071069,16.8821197978642,"94178"
"Q8CF66","Lamtor4",0.083035488043867,0.204099415038819,0.845022630548224,16.2207170787257,"66096"
"E9PZ19","Igsf9b",0.0829547617817398,0.203899616066498,0.84517191425414,18.4214103553215,"235086"
"Q99JP0","Map4k3",0.0829478181780875,0.203882430709543,0.845184754958572,16.1849390946334,"225028"
"Q920P3","Brinp1",0.0826901188449829,0.203244648288867,0.845661335603568,16.9033920743354,"56710"
"F6ZDS4","Tpr",0.0824314582434971,0.202604528097416,0.846139735119206,19.7639322539685,"108989"
"O35111","Kcnk3",0.0823271817684173,0.202346481610995,0.846332608800764,11.2851601561146,"16527"
"Q9JLR9","Higd1a",0.0821542639659039,0.201918587457783,0.846652458751009,17.369345340363,"56295"
"Q8BHB9","Clic6",0.0819479084831619,0.2014079740393,0.847034183076633,16.9011724443504,"209195"
"P35569","Irs1",0.0818194241110884,0.201090060872093,0.847271871556408,13.3510605048326,"16367"
"O70305","Atxn2",0.0816597081092498,0.200694884311934,0.847567350728593,15.5862273980763,"20239"
"P31938","Map2k1",0.0816551172108481,0.200683525533625,0.847575844251555,20.6230709803277,"26395"
"P46467","Vps4b",0.0816351210806394,0.200634051356317,0.84761283881399,15.226230527574,"20479"
"B1AWJ5","Tmem8b",0.0815927446483003,0.200529204919192,0.847691239665859,9.928802902664,"242409"
"Q91ZP9","Necab2",0.0814525934506095,0.200182455025426,0.847950541877846,19.6762355278986,"117148"
"Q6GQT9","Nomo1",0.080985052310695,0.199025791772327,0.848815654127971,17.9413669020035,"211548"
"Q3UX10","Tubal3",0.080649224323754,0.198195059071239,0.849437133090165,18.8133525685572,"238463"
"Q91YE7","Rbm5",0.0805428354090666,0.197931900578189,0.849634029199471,18.960471931052,"83486"
"Q9CQZ6","Ndufb3",0.0805310588570626,0.197902771085342,0.849655824719432,19.8973077416,"66495"
"Q9Z2G1","Fem1aa",0.080473173939,0.197759593011869,0.849762956767225,11.4112060235224,NA
"Q91YX5","Lpgat1",0.0804593552808666,0.19772541292358,0.849788532312505,16.4591995954886,"226856"
"Q5KU39","Vps41",0.0798519160304309,0.196223040977767,0.850912892533095,16.3482687445172,"218035"
"Q5XJV6","Lmtk3",0.0798167384671519,0.196136043503797,0.850978012375196,18.9176820799998,"381983"
"P28651","Ca8",0.0797583096147884,0.195991545000709,0.851086176059656,13.2145287548655,NA
"Q8BTZ4","Anapc5",0.0795446400406308,0.195463142994759,0.851481739148362,16.8567417102089,"59008"
"Q8CCF0","Prpf31",0.0795311084291237,0.195429680413754,0.851506790917831,15.5200777810164,"68988"
"Q9CQV7","Dnajc19",0.0794905263377787,0.195329324835489,0.851581923284874,15.114359448835,"67713"
"O55229","Chkb",0.0793938837166355,0.195090340935228,0.851760848224942,16.9489737488589,"12651"
"Q99KB8","Hagh",0.079302823704742,0.194865167124821,0.851929442533388,18.5811273193136,"14651"
"Q8R3B1","Plcd1",0.0792911102747799,0.194836202432826,0.851951129879877,16.5805917969267,"18799"
"O55137","Acot1",0.0791144918077994,0.194399474311215,0.852278147751337,16.712137438114,"26897"
"Q01097","Grin2b",0.0789201084715001,0.193918839924517,0.852638079421454,19.3482285675221,"14812"
"O70622","Rtn2",0.0788359889716951,0.193710852022718,0.852793846950639,8.61261411220531,"20167"
"Q69ZS8","Kazn",0.0783653186448309,0.192547182691425,0.853665483099854,16.0926011434563,"71529"
"Q80TM6","R3hdm2",0.0783088852243824,0.192407667332935,0.853770001066482,14.8848762229788,"71750"
"Q80X50","Ubap2l",0.0780988655763684,0.191888470655788,0.85415898595326,17.6163571076205,"74383"
"Q5DTZ6","Rnf150",0.0777324668690283,0.190982745511581,0.854837667513982,13.534971385363,"330812"
"Q62093","Srsf2",0.0776808217394348,0.190855086776642,0.854933336225329,19.0184889043957,"20382"
"O89114","Dnajb5",0.0776347472172191,0.190741199022178,0.855018687109904,16.9395148664938,"56323"
"P56391","Cox6b1",0.0774470687542154,0.190277305037029,0.85536636531965,22.9290456599769,"110323"
"Q8R2V5","Adap2",0.0774138715993124,0.190195252134221,0.855427865849504,17.6740575194886,"216991"
"Q8C3X4","Guf1",0.0771013252442335,0.189422767225746,0.856006915482848,14.9483059883369,"231279"
"Q9ESW4","Agk",0.0769002707397329,0.188925873618768,0.856379435640492,19.0614264657874,"69923"
"Q8CE96","Trmt6",0.0767440770623081,0.188539866739272,0.856668852235296,13.5899581961105,"66926"
"P13595","Ncam1",0.0765687601572983,0.188106616591517,0.856993719537372,21.5587021446007,"17967"
"Q9D975","Srxn1",0.0764113335345704,0.187717592581228,0.857285450582047,7.18516003222504,"76650"
"O35218","Cpsf2",0.0763174582175784,0.187485619784668,0.857459419902329,15.9883260819842,"51786"
"Q9CVB6","Arpc2",0.0760903900847099,0.186924538490048,0.857880242280131,20.5200411967483,"76709"
"Q8K2M0","Mrpl38",0.0759404469221905,0.186554047658644,0.858158146009174,19.5961198451527,"60441"
"Q9EQF6","Dpysl5",0.0758961539193756,0.186444607616134,0.858240240823359,20.3289891849209,"65254"
"P11835","Itgb2",0.0758660610300363,0.186370254133045,0.858296017087322,14.7644348021101,"16414"
"P52503","Ndufs6",0.075714172114712,0.185994974954452,0.858577546431243,20.8529831571387,"407785"
"P51880","Fabp7",0.0752439210969876,0.184833185811175,0.859449249197684,19.1794459758083,"12140"
"Q62413","Epha6",0.0752398587482362,0.184823150026296,0.859456780101925,14.3292261760491,"13840"
"P81122","Irs2",0.075229619231713,0.184797853966165,0.859475762466568,14.5172161848458,"384783"
"Q61026","Ncoa2",0.0749616148624683,0.184135787471009,0.859972618993041,15.2466656684253,"17978"
"Q3UFT3","Garem1",0.0747523820369169,0.183618935575865,0.860360546166106,17.339495755741,"381126"
"Q8BQM4","Heatr3",0.074486979219258,0.18296336630974,0.860852650164742,11.7427189181579,"234549"
"Q9CWB7","Q9CWB7",0.0744403744233861,0.182848252235144,0.860939067783247,11.8522879222366,NA
"A2AJ15","Man1b1",0.0742356808382022,0.182342672330489,0.861318638101337,13.896143156082,"227619"
"Q62417","Sorbs1",0.0741866248052618,0.182221510549747,0.861409607830141,17.0498982030415,"20411"
"Q9D9E0","Slc22a17",0.0740658974917962,0.181923336041823,0.861633490774108,15.6379260301823,"59049"
"Q8R2S9","Actr8",0.0738035648780016,0.181275449902614,0.862120001615434,7.99981306933048,"56249"
"Q8VDD8","Washc1",0.0737637873537681,0.18117721416016,0.862193774621039,18.1686746574083,"68767"
"Q01853","Vcp",0.0737054931158571,0.181033250568216,0.86230189104558,24.6481420495949,"269523"
"Q921F2","Tardbp",0.0735369312618828,0.180616980295281,0.862614527733033,19.208194038614,"230908"
"Q6PB70","Ano8",0.0734543619969023,0.180413077858293,0.862767677095715,15.0434688935619,"382014"
"Q8BSL7","Arf2",0.0732509372717047,0.179910742227308,0.863145004935307,23.2881340584089,"11841"
"Q9JMC3","Dnaja4",0.0730257144570875,0.179354604875137,0.863562791923254,17.3739311549524,"58233"
"Q99P30","Nudt7",0.0730128906788246,0.179322940254667,0.863586580788322,17.8462276423205,"67528"
"Q80TY0","Fnbp1",0.0727945203780438,0.178783751514302,0.86399168431301,15.9882404826766,"14269"
"Q8R307","Vps18",0.0727351679800818,0.178637206090138,0.86410179472462,17.59393203358,"228545"
"Q8BM13","Olfm2",0.0725808850261661,0.178256279082124,0.864388028991115,15.428264308081,"244723"
"Q64520","Guk1",0.0723290204846943,0.177634449249383,0.864855329697483,18.7751059457238,"14923"
"P47199","Cryz",0.0721287417085008,0.177140004201714,0.865226944408686,17.8587565782353,"12972"
"Q5ND34","Wdr81",0.0718885740998574,0.176547110637271,0.865672600796905,16.639301371752,"192652"
"Q8R1I1","Uqcr10",0.0717539369312164,0.176214749971652,0.865922447837163,21.4984285040626,"66152"
"Q91VU6","Dcaf11",0.0716397136695871,0.175932789964247,0.866134420271875,15.3064907912915,"28199"
"Q9R0N9","Syt9",0.071580721300613,0.175787170085513,0.866243899443927,11.6035696892438,"60510"
"Q8BHW2","Oscp1",0.0715441490962321,0.175696894256166,0.866311771777105,17.1787643466866,"230751"
"Q9WU60","Atrn",0.0713402356357233,0.175193561740999,0.86669021657953,17.4551203873086,"11990"
"Q8BGS2","Bola2",0.0713351208242631,0.175180936811894,0.866699709488375,19.8642995587775,"66162"
"Q8VE47","Uba5",0.0709589749039021,0.174252530899377,0.867397861091506,17.9713923627981,"66663"
"P58466","Ctdsp1",0.0709170395828569,0.174149030492013,0.867475700458465,6.9149237617316,"227292"
"P47754","Capza2",0.0700388260085935,0.171981727260513,0.869106033045238,21.6653353474745,"12343"
"Q99PW4","Tp53rkb",0.0699039523885386,0.17164891453061,0.869356450866716,20.795651690437,NA
"Q8VBX0","Asb13",0.0694272300181834,0.170472635092568,0.870241650054142,7.51746646080206,"142688"
"Q99JF8","Psip1",0.069414626364498,0.170441538045824,0.870265054677344,19.6330956981219,"101739"
"Q61398","Pcolce",0.0693787680204107,0.170353065054042,0.870331643043395,9.44043745712634,"18542"
"Q61387","Cox7a2l",0.0692642610645058,0.170070547442216,0.870544285068189,15.8953494585268,"20463"
"Q8BWP8","B4gat1",0.0691087306773148,0.169686825468716,0.870833119393518,12.6277071102195,"108902"
"Q99LF4","Rtcb",0.0691064099091251,0.169681099802413,0.870837429369417,19.1824924259407,"28088"
"Q8R555","Crtac1",0.0689168014624726,0.169213318049841,0.871189566908057,17.1913221192149,"72832"
"Q9CZN4","Shisa9",0.0688567639257982,0.169065203680844,0.871301071443736,16.0336257090777,"72555"
"Q61147","Cp",0.0688060435841982,0.168940076544467,0.871395273090433,16.0155368703724,"12870"
"Q8BVU5","Nudt9",0.0687015950583826,0.168682406065916,0.871589266937103,16.2414487767716,"74167"
"Q9Z2Y3","Homer1",0.0685353280781453,0.168272243341834,0.871898088684025,19.7894838005912,"26556"
"A2AWA9","Rabgap1",0.0685333599525692,0.168267388272548,0.871901744335142,20.5391467096517,"227800"
"P50516","Atp6v1a",0.0684827569861931,0.168142559055784,0.871995736370902,23.1629230200818,"11964"
"Q3TT38","Ilrun",0.0684738386561945,0.168120559133882,0.872012301780393,9.54285680564035,"224647"
"A2RSQ0","Dennd5b",0.0683514627665013,0.16781868383212,0.872239613768934,15.8342194744876,"320560"
"Q91WK5","Gcsh",0.0683233885500775,0.16774943178276,0.872291762422616,18.0529379071722,"68133"
"Q9DC22","Dcaf6",0.0683096842840067,0.167715626941578,0.872317218631753,16.9522982025374,"74106"
"Q9DC61","Pmpca",0.0681848105027782,0.167407600365566,0.872549180964266,17.4303927859145,"66865"
"Q60631","Grb2",0.067894025420958,0.166690350436501,0.873089366609041,18.8292017916597,"14784"
"P97376","Frg1",0.0678244427135982,0.166518724198004,0.873218635377856,15.0733487890684,"14300"
"Q5SWD9","Tsr1",0.0676920945626102,0.166192293285169,0.873464514761384,6.68563051255589,"104662"
"Q9CQ02","Commd4",0.0673459643615058,0.165338619939231,0.874107605069655,15.6637794165659,"66199"
"Q76MZ3","Ppp2r1a",0.0670503635547768,0.164609616541346,0.874656862327054,21.8276525313881,"51792"
"Q8C4J7","Tbl3",0.0670087125941768,0.164506901476837,0.874734257694432,10.6547483432502,"213773"
"A2AR02","Ppig",0.066777328984343,0.163936304123931,0.875164228020525,14.1560129374009,"228005"
"Q9DCL2","Ciao2a",0.0666737469078471,0.163680876933094,0.875356718845262,8.23260190256526,"68250"
"Q9WUT3","Rps6ka2",0.0666500184158798,0.163622364643074,0.875400815228168,19.3551987606406,"20112"
"O70493","Snx12",0.0666279005643574,0.163567824296121,0.875441918693077,18.3868152350847,"55988"
"Q9CPV2","Anapc16",0.0663779659050965,0.162951527945341,0.87590641019916,10.8656048903579,"52717"
"P42128","Foxk1",0.066311866309603,0.162788542743913,0.87602925829004,14.7882505864227,"17425"
"P39087","Grik2",0.0662428914909872,0.162618470250777,0.876157452376336,17.0742128350564,"14806"
"Q9JM63","Kcnj10",0.066198204399105,0.162508285707244,0.876240507434464,17.0273466123183,"16513"
"Q61753","Phgdh",0.0657496711126424,0.161402395676843,0.877074202245378,19.3569843041092,"236539"
"Q0VBL3","Rbm15",0.0657061028981546,0.161294980459042,0.877155188341745,14.6849974643044,"229700"
"Q80XU3","Nucks1",0.0656937712305118,0.16126457752767,0.877178111039064,14.2484285623823,"98415"
"Q8BMN4","Lmln",0.0655111066022434,0.160814238349007,0.877517665570889,7.67380042676592,"239833"
"A6H8H2","Dennd4c",0.0654217628989929,0.160593977372772,0.877683752163571,10.265815024365,"329877"
"O88342","Wdr1",0.0653221537247336,0.160348413280157,0.877868926479249,20.7268177966531,"22388"
"Q7TSS2","Ube2q1",0.0651904819410398,0.160023813396887,0.878113712889638,15.6898104363265,"70093"
"P62254","Ube2g1",0.065031275997117,0.15963134696709,0.878409698366159,15.5316750689766,"67128"
"Q8BGW1","Fto",0.0650117886038363,0.159583308473666,0.878445928923684,15.4539463342427,"26383"
"Q6PGH0","Ubtd2",0.0649996164824953,0.159553302995274,0.878468559172853,14.1980080306806,"327900"
"Q8R2Y8","Ptrh2",0.0647285026139495,0.15888499910957,0.878972629156552,16.9350446966963,"217057"
"Q9CZ96","Zcrb1",0.0646353086574328,0.158655281355532,0.879145908757924,6.59360050561965,"67197"
"O88544","Cops4",0.064596158077366,0.158558778666474,0.87921870439558,18.4208679781972,"26891"
"Q69Z89","Radil",0.064507220089677,0.158339557188327,0.879384076277013,13.1246782582947,"231858"
"P97427","Crmp1",0.0644574227025973,0.158216814253628,0.879476671531885,22.175704808324,"12933"
"P18572","Bsg",0.0643909012974016,0.15805285102642,0.879600365957874,19.4665002547889,"12215"
"Q62441","Tle4",0.0642528580525,0.157712606153869,0.879857059745872,12.427586304555,"21888"
"Q9WUU9","Mcm3ap",0.064238029540678,0.157676057821304,0.879884634162916,7.46993529336501,"54387"
"Q8CBY8","Dctn4",0.0640356856842211,0.157177344571792,0.880260914002873,20.2209618837632,"67665"
"P63318","Prkcg",0.0639895888694124,0.157063733309261,0.880346638655114,20.8138062522844,"18752"
"Q80W04","Tmcc2",0.0639749052096962,0.157027543838213,0.880373945562571,17.2039868710143,"68875"
"Q80U58","Pum2",0.0639518032359251,0.156970606726943,0.88041690804838,15.4206301998097,"80913"
"Q924H7","Wac",0.0637063880420081,0.156365772206477,0.880873319698528,13.6974273346735,"225131"
"Q9DBG5","Plin3",0.0636535787197255,0.156235625471375,0.880971535746484,17.610386529371,"66905"
"P56135","Atp5mf",0.063396801333995,0.155602825310646,0.881449115384062,22.2897214296518,"57423"
"P48678","Lmna",0.0633385278446869,0.155459220908333,0.881557502457254,18.8911418814116,"16905"
"P86046","Kcnj13",0.0633022757959559,0.155369885141658,0.88162493107275,14.573322318105,"100040591"
"P13808","Slc4a2",0.0632070177398751,0.155135144068813,0.881802113505258,16.6162323518562,"20535"
"Q8BHJ6","Serinc5",0.0631518113703134,0.15499910290546,0.881904800732911,16.4063598185306,"218442"
"Q8CB44","Gramd4",0.063120255558303,0.154921342784978,0.881963497121273,14.1691593655422,"223752"
"O89050","Mkln1",0.0630587703077722,0.154769831608254,0.882077866058912,13.4500374330279,"27418"
"Q3UDW8","Hgsnat",0.0629787001975454,0.154572526507431,0.882226807430837,14.4299431640238,"52120"
"Q99M71","Epdr1",0.0629086298941555,0.154399864931767,0.882357150267285,19.532970783023,"105298"
"D3YVE8","Slc35g2",0.0628341382633301,0.154216311192365,0.882495720064788,11.6698885406045,"245020"
"Q60866","Pter",0.0625759366664577,0.153580100418269,0.882976048431477,13.1117870081447,"19212"
"O55057","Pde6d",0.0623016798115182,0.152904363264586,0.883486278272419,16.8562033785238,"18582"
"Q7TPD3","Robo2",0.062137067163259,0.152498793457065,0.883792541899167,17.5187132313934,"268902"
"Q8CHK2","Rln3",0.0621126698866749,0.152438684931072,0.883837934369393,6.63054916565258,"212108"
"P0DN34","Ndufb1",0.0620448032389813,0.15227148065527,0.883964205439507,20.008457773519,"102631912"
"Q68FF0","Sanbr",0.061979630699047,0.152110915896792,0.884085465926431,12.3051997800281,"71675"
"Q9D0M3","Cyc1",0.0619367395807278,0.152005246659461,0.884165270516597,21.4207598235567,"66445"
"Q9EQM6","Dgcr8",0.061879847592314,0.151865085308567,0.884271126888005,6.09199822717106,"94223"
"Q99JW4","Lims1",0.0614190521552246,0.150729906098013,0.885128563316419,14.9356653974876,"110829"
"Q91WB2","Plpp7",0.0613527605086879,0.150566603215698,0.885251925160528,8.42222735010422,"227721"
"Q9D903","Ebna1bp2",0.0608006647800588,0.149206647744769,0.886279395810546,9.91019866870574,"69072"
"Q99M87","Dnaja3",0.0606703772126394,0.148885735650113,0.886521886053248,17.0958002199665,"83945"
"Q8CCK0","Macroh2a2",0.0606034741892288,0.148720949378006,0.886646408449823,17.868495172329,"404634"
"Q9ERL9","Gucy1a1",0.06055683710591,0.148606080556121,0.886733212323733,17.6318268719662,"60596"
"Q9Z2D1","Mtmr2",0.0605496083262123,0.148588275897902,0.886746667071466,18.9072263025171,"77116"
"Q6IE26","Ephx4",0.060542980021311,0.148571950244168,0.886759004191184,15.1038561680032,"384214"
"Q8BPA8","Dpcd",0.0604209962176573,0.148271505101894,0.886986053537828,10.133412408059,"226162"
"P48381","Rfx3",0.0603361194664811,0.148062458270417,0.887144039220551,11.7606187210722,"19726"
"Q8C6I2","Sdhaf2",0.0602170716439967,0.147769255375084,0.887365634836361,8.42507641842343,"66072"
"Q640M6","Gdpd5",0.0601289232118707,0.147552158670248,0.887529718437224,17.0296391741257,"233552"
"Q9D0I6","Wdsub1",0.0598803474406446,0.146939971520043,0.887992447754348,12.5808507984796,"72137"
"Q9WU84","Ccs",0.0596034326302425,0.146258023882998,0.888507963375664,17.9256749068834,"12460"
"Q8K4T5","Dusp19",0.0595899134419418,0.146224731557817,0.888533132109904,16.4841336049786,"68082"
"Q9CPS6","Hint3",0.0595632762027662,0.146159134983922,0.888582723017178,17.6257006535211,"66847"
"Q689Z5","Sbno1",0.0594218766422705,0.145810931215474,0.888845973770142,16.4922251538842,"243272"
"Q9D880","Timm50",0.0593824786623868,0.14571391321179,0.888919324575503,17.8186738625856,"66525"
"Q9QZ23","Nfu1",0.0592841627954265,0.145471812175333,0.889102371177657,17.4279564843645,"56748"
"Q9QYK7","Rnf11",0.0589687823714704,0.144695222245817,0.889689582123858,14.6040776642465,"29864"
"Q9ERU3","Znf22",0.0587547400919697,0.144168191236443,0.890088135235885,11.5192889147164,NA
"Q9R0Y8","Gabrg1",0.0586258432674188,0.143850821404517,0.890328154680287,17.4560475524292,"14405"
"P48543","Kcnj9",0.0583272421239461,0.143115633212932,0.890884209356162,13.1062901623898,"16524"
"P55288","Cdh11",0.0582678699775586,0.142969457190948,0.890994776732124,20.727286634962,"12552"
"P28352","Apex1",0.0582597240247091,0.142949401727192,0.891009946871645,17.6754865548237,"11792"
"P49586","Pcyt1a",0.0582228220781801,0.142858548914529,0.891078669418373,15.8241952492874,"13026"
"Q61249","Igbp1",0.0582098156789788,0.142826527222113,0.891102891395097,15.7704915570659,"18518"
"O35474","Edil3",0.0580455845072413,0.142422197138467,0.891408747447012,15.693238987647,"13612"
"Q8R3T5","Stxbp6",0.0579789773337028,0.142258216449861,0.891532796706442,17.1770890662463,"217517"
"Q8K4I3","Arhgef6",0.0579765373390341,0.142252209445314,0.89153734099121,16.9178780248641,"73341"
"P35951","Ldlr",0.0579547180548626,0.142198492827199,0.891577977686777,11.8080254947408,"16835"
"Q9DBU0","Tm9sf1",0.0579260264411384,0.142127857619582,0.89163141386791,11.4405354858497,"74140"
"Q60929","Mef2a",0.0578927199319511,0.142045861552776,0.891693445425322,13.1561269603696,"17258"
"P14869","Rplp0",0.0578650857894754,0.141977830437657,0.891744912873392,19.8646819332663,"11837"
"Q921H8","Acaa1a",0.05783536989987,0.141904674738635,0.891800257858001,17.3074330194497,"113868"
"O88874","Ccnk",0.0577032523906323,0.141579427444944,0.892046327515301,13.9189905228393,"12454"
"Q99J09","Wdr77",0.0576796447100692,0.141521310770232,0.892090297755997,16.9759371106428,"70465"
"Q61627","Grid1",0.057665034876787,0.141485344843415,0.892117509269895,17.5623036027832,"14803"
"Q9EQK5","Mvp",0.0576129590078748,0.141357147209885,0.892214503817043,12.5255965685412,"78388"
"Q6NT99","Dusp23",0.0575102660543245,0.141104346492679,0.892405779256241,13.15671305739,"68440"
"Q61189","Clns1a",0.0571140881797161,0.140129111771757,0.893143740817273,15.5341476040835,"12729"
"Q91ZW2","Pofut1",0.0570352315358335,0.139935005547657,0.893290635305207,14.5384369460317,"140484"
"Q8C120","Sh3rf3",0.0570203078047477,0.139898270966753,0.893318435592727,9.09433487182526,"237353"
"Q9JIA7","Sphk2",0.0566840051384509,0.139070490982381,0.893944933467941,15.5458897892521,"56632"
"O70551","Srpk1",0.05661157660178,0.138892220616397,0.894079866793163,18.5521061627801,"20815"
"Q9JME7","Trappc2l",0.0565841208764624,0.138824643653419,0.894131016996204,16.6686613016865,"59005"
"P06797","Ctsl",0.0564481198054019,0.13848990795054,0.894384392615742,16.7436338816038,"13039"
"Q80Z10","Astn2",0.0562637315446207,0.138036090533013,0.894727928032576,17.9636542389,"56079"
"B1AVY7","Kif16b",0.0561707147964361,0.137807162572366,0.894901233797458,14.9900640285253,"16558"
"O35350","Capn1",0.0561384795554676,0.137727827721736,0.894961294292879,17.5717442336781,"12333"
"Q8BUY9","Pggt1b",0.0559512675069035,0.137267084622183,0.895310115201645,10.7959879313664,"225467"
"Q9JM52","Mink1",0.0559488548853554,0.137261147071834,0.895314610589528,19.5702774612233,"50932"
"Q5SUF2","Luc7l3",0.0559438821517491,0.137248908999175,0.895323876188996,16.0484914686599,"67684"
"Q07797","Lgals3bp",0.0559378174336804,0.137233983528137,0.895335176476237,8.36181096410553,"19039"
"Q07113","Igf2r",0.0558131854998361,0.136927263603301,0.89556740446754,17.2404606442083,"16004"
"Q61418","Clcn4",0.0557329930710665,0.136729912958412,0.895716831290318,16.0967826012173,"12727"
"O35857","Timm44",0.0553576260772204,0.135806183692657,0.896416308163936,17.6686490637218,"21856"
"Q60854","Serpinb6",0.0552675541633171,0.13558453705557,0.896584161182655,18.3879174560873,NA
"Q9R1L5","Mast1",0.0551618117235563,0.135324333030121,0.896781221201321,15.998899242369,"56527"
"Q9CQ89","Cuta",0.0551250702212967,0.13523392303288,0.89684969319181,18.1540780620776,"67675"
"Q922L6","Nelfcd",0.054910295370949,0.134705436503782,0.897249961803807,15.2204912928927,"57314"
"Q8BR07","Bicd1",0.0548467717972907,0.134549130584617,0.89736835216843,14.0958017848177,"12121"
"Q01279","Egfr",0.0547694200037067,0.134358801200398,0.8975125167431,17.2135022202098,"13649"
"Q0P5V2","Sobp",0.0547089708295709,0.134210063557715,0.897625180729653,9.32213108923036,"109205"
"Q9WV34","Mpp2",0.0546809644797985,0.134141153300954,0.897677378922535,19.434804112863,"50997"
"Q8BUR3","Foxj3",0.0546009823976841,0.13394435732751,0.897826451172963,12.8666918986932,"230700"
"P59672","Anks1a",0.0541798024400029,0.132908086296723,0.898611498045879,16.4337111633872,NA
"Q9CYR6","Pgm3",0.0540864603672261,0.132678437142095,0.898785490200379,18.0611415562686,"109785"
"Q8K2A8","Alg3",0.0540378269580056,0.132558785928827,0.898876145590533,10.6610660803684,"208624"
"Q8K2J7","Rell1",0.05401787667536,0.132509703163492,0.898913334307782,11.3371709802075,"100532"
"Q8CES0","Naa30",0.0537648376122297,0.131887176552969,0.899385030688477,14.196575450999,"70646"
"Q9D9S3","Rwdd2a",0.0537386500182822,0.13182275130099,0.89943384910262,13.9506442381636,"69519"
"P35347","Crhr1",0.0535827932251238,0.13143932678553,0.899724400066237,13.2185553241494,"12921"
"Q9CS42","Prps2",0.053534877704576,0.131321451376242,0.899813726976454,15.6819017746617,"110639"
"Q9EPV8","Ubl5",0.0534656504571714,0.131151149289218,0.899942786074979,16.0623194893694,"66177"
"Q811L6","Mast4",0.0533282591772369,0.130813166284973,0.900198927812806,14.5914373893061,"328329"
"Q64213","Sf1",0.053285647054107,0.130708341835343,0.900278372109037,17.5384764444171,"22668"
"Q8BKZ9","Pdhx",0.053153686154268,0.130383726814309,0.900524399190907,19.048855839141,"27402"
"Q9Z0M5","Lipa",0.0531468089423804,0.130366809519243,0.900537221211958,14.2439292515149,"16889"
"Q8BGD5","Cpt1c",0.0531124732154579,0.130282347135414,0.900601237757371,18.2904080112015,"78070"
"Q7TSK2","Sez6",0.0530476306670932,0.130122842348085,0.900722133400518,14.9070686575081,"20370"
"Q99M08","Arln",0.0529249692311361,0.12982111463805,0.900950833988222,7.19513309869999,NA
"P99024","Tubb5",0.0528038370701346,0.129523154485334,0.901176689108128,25.1274251255785,"22154"
"O35623","Bet1",0.0525985643922339,0.129018239084336,0.901559440366535,8.00041124134959,"12068"
"Q8BGP5","Tmem127",0.0525561242673235,0.128913849876234,0.901638576256899,9.5060228551508,"69470"
"P02802","Mt1",0.0524516925930511,0.128656984155913,0.901833307573818,17.595344477775,"17748"
"P97300","Nptn",0.0524077895281064,0.128548999098174,0.901915173876993,24.6626621833297,"20320"
"Q6PD26","Pigs",0.0520869946039559,0.127759986660113,0.902513384946319,18.3677751764099,"276846"
"Q8CI70","Lrrc20",0.0518633431557727,0.127209927323896,0.902930468808113,15.6083483161979,"216011"
"Q8BH65","Dennd6a",0.0517907914244983,0.127031494165966,0.90306577349607,13.0533126880614,"211922"
"P58064","Mrps6",0.0516792083946385,0.126757071674054,0.903273873226207,15.967158108818,"121022"
"Q921C5","Bicd2",0.0516394051608294,0.126659182469612,0.903348106487646,14.1546630285824,"76895"
"Q14CH7","Aars2",0.0515945184845489,0.126548792139216,0.903431821132874,14.9075613795904,"224805"
"O09111","Ndufb11",0.0515284520149987,0.126386315493071,0.903555037975842,19.9896493426809,"104130"
"Q8VHQ9","Acot11",0.051440974847952,0.126171186279851,0.903718189290254,17.2787433307611,"329910"
"Q8CDM8","Fhip2a",0.0514174218835459,0.126113263883299,0.903762117794811,16.6874078617593,"226252"
"Q8VBW6","Nae1",0.0509528617152423,0.124970841847467,0.90462860989607,18.2757868470761,"234664"
"Q9D2Z4","Senp8",0.0508290137926805,0.124666295285236,0.904859623487149,6.72114817211878,"71599"
"Q9WUR2","Eci2",0.0507058971102471,0.124363552584499,0.905089278876258,17.1938429850454,"23986"
"A2AIL4","Ndufaf6",0.0506465873333272,0.124217712461069,0.905199914270042,14.1369965141684,"76947"
"P26231","Ctnna1",0.0504408953504737,0.123711935153535,0.905583618720618,18.8131576966625,"12385"
"P14733","Lmnb1",0.0500923330997923,0.122854889246732,0.906233874386664,19.3549670260786,"16906"
"Q99KX1","Mlf2",0.0499907679326322,0.122605168990691,0.906423356512311,18.7744763664809,"30853"
"P70441","Nherf1",0.0497175417304529,0.12193340130733,0.906933112225576,18.5326921498362,"26941"
"P24527","Lta4h",0.0496693384913832,0.12181488925149,0.907023047469041,19.3420664846599,"16993"
"O35326","Srsf5",0.0496419619161468,0.121747581826543,0.907074125727278,16.8704818151334,"20384"
"P45481","Crebbp",0.0494965713010526,0.121390132374715,0.907345395121517,11.5344233317566,"12914"
"O89112","Lancl1",0.0494322930299412,0.121232103783817,0.907465327832856,20.3832638440498,"14768"
"P56480","Atp5f1b",0.0493982714721794,0.121148462151129,0.907528807098167,24.5414536309821,"11947"
"P52432","Polr1c",0.049253986091239,0.120793742793385,0.90779802732803,11.3686009307887,"20016"
"O88809","Dcx",0.0491434512491958,0.120522002802793,0.908004278054,13.4658528949134,"13193"
"Q9CQ43","Dut",0.0490773498723496,0.120359500620943,0.908127621011276,12.5475900631685,"110074"
"Q8BNJ6","Neto2",0.0490625398044705,0.120323092090836,0.908155256322437,15.2870805176906,"74513"
"Q9D2P4","Urm1",0.0488211623609721,0.119729709794502,0.908605673474272,16.1431063144219,"68205"
"Q9CYR0","Ssbp1",0.0488041750984814,0.119687950509903,0.90863737299044,17.7304143787485,"381760"
"P70313","Nos3",0.048772397147834,0.11960983199389,0.908696673331897,8.04416895391309,"18127"
"Q91ZX7","Lrp1",0.0485861888578499,0.119152090613346,0.909044161135926,18.8956638306841,"16971"
"Q8BGH4","Reep1",0.048578746169219,0.119133795088935,0.909058050379906,21.5045381511762,"52250"
"P24452","Capg",0.0485620674231748,0.119092795675559,0.909089175653142,7.06401617130612,"12332"
"Q9DCC4","Pycr3",0.0484669445690227,0.118858968181001,0.909266692417698,18.6583413061034,"66194"
"Q99K46","Usp11",0.0484180292582347,0.118738727629166,0.909357978674281,18.8388018946591,"236733"
"P39053","Dnm1",0.0478882904312812,0.117436611509037,0.910346638070382,22.6633055624192,"13429"
"Q920A7","Afg3l1",0.047762307528234,0.117126955893367,0.910581776665424,10.8786416767835,"114896"
"Q91WE9","Tafa5",0.0477393375326027,0.117070498137315,0.910624649225532,9.46191989699116,"106014"
"O55128","Sap18",0.047562784852451,0.116636557020381,0.910954183888263,18.8838329877361,"20220"
"Q8K212","Pacs1",0.0472987130396056,0.115987526888781,0.91144709325251,18.5584326604949,"107975"
"Q9JHG6","Rcan1",0.0471941048042635,0.115730429722152,0.911642359012284,17.2474776039682,"54720"
"Q80XA6","Reps2",0.0471904051515362,0.115721337102281,0.911649264997318,19.6787755618307,"194590"
"P17095","Hmga1",0.0467889063960503,0.114734603701481,0.912398754362527,16.7027794142035,"15361"
"Q8BHZ0","Cyria",0.0465547190468802,0.114159084769043,0.912835944769844,21.0911881831993,"76820"
"Q924Z4","Cers2",0.0464228207405114,0.113834951008122,0.913082186276052,11.8453297693939,"76893"
"Q91VJ5","Pqbp1",0.0464007105312831,0.113780616813959,0.913123464511182,14.5929085770216,"54633"
"Q8C878","Uba3",0.0463852202017914,0.113742550581565,0.913152383988718,22.2237084781204,"22200"
"Q62376","Snrnp70",0.0462792681954963,0.113482184295225,0.913350191997924,18.8023067694266,"20637"
"G5E8P0","Tubgcp6",0.046258500490508,0.113431150221256,0.913388964899348,13.3913207336643,"328580"
"Q9D6L8","Ppil3",0.0462375868325997,0.113379757634939,0.913428010442928,8.70840968986098,"70225"
"Q91VA6","Poldip2",0.0461427220835203,0.113146641763231,0.913605123668762,15.954544282847,"67811"
"Q8CBY0","Gatc",0.0460946075702061,0.113028408746755,0.913694955028327,16.24174878021,"384281"
"P22366","Myd88",0.0458348777306592,0.112390181603325,0.914179892847661,13.4520719811676,"17874"
"Q9QZD4","Ercc4",0.0455202144009547,0.111616998459466,0.914767427178573,18.5225995964281,"50505"
"P05201","Got1",0.0453010239551475,0.111078428669795,0.915176716016513,22.5702965397804,"14718"
"O70340","Nptx2",0.0451558971389269,0.110721848442783,0.91544771665941,14.3086045407844,"53324"
"Q9DCN2","Cyb5r3",0.0450850107545135,0.110547681373499,0.915580088001859,19.1569996359148,"109754"
"Q6ZWV3","Rpl10",0.0448241698582185,0.109906812537523,0.916067189909351,19.3658320350096,"110954"
"P23492","Pnp",0.0447904070709477,0.109823861250743,0.916130241195714,17.8846611802948,"18950"
"P08414","Camk4",0.0447187449966763,0.109647797022124,0.916264069859671,18.1108770598314,"12326"
"Q99KK2","Cmas",0.0446394407150057,0.10945295887862,0.916412172321813,18.0989990107946,"12764"
"Q9CQF4","Mtres1",0.0443032396763691,0.108626988801418,0.917040058329941,16.1215207364212,"67851"
"A6H5Y3","Mtr",0.0442528338049689,0.108503156145804,0.917134199115967,13.0653184384899,"238505"
"P98195","Atp9b",0.0439869437893018,0.107849954954882,0.91763080388321,12.8529899436103,"50771"
"Q8BUN5","Smad3",0.0436655880486613,0.107060524007349,0.918231033454523,15.1081177499441,"17127"
"Q71RI9","Kyat3",0.0436274999492382,0.106966960364817,0.918302176805265,19.311856016226,"229905"
"Q8CI03","Flywch1",0.0433342998510882,0.10624672819554,0.918849850243528,10.7907676966348,"224613"
"Q8VEK3","Hnrnpu",0.0433276966837946,0.106230508144881,0.918862184733557,20.0886486452794,"51810"
"Q9D2R6","Coa3",0.043058049562112,0.105568157598954,0.919365888364524,18.001752941846,"52469"
"O35219","Kcnh2",0.0430449215235311,0.105535910994403,0.919390412276773,7.59833968805224,"16511"
"Q91YN5","Uap1",0.0429873100751453,0.10539439974852,0.919498034349432,16.31845967162,"107652"
"P29387","Gnb4",0.0429243892004074,0.105239848139449,0.919615576008996,24.2870271090052,"14696"
"Q9QZE5","Copg1",0.0428994605190493,0.105178616537175,0.919662145303142,20.2572125916022,"54161"
"Q3ZK22","Vezt",0.0426391400454028,0.104539210589673,0.920148462137917,15.3464347560957,"215008"
"Q9CR39","Wdr45b",0.0425578512850027,0.104339551389413,0.920300325905994,15.6939378087381,"66840"
"Q8BZL8","Lmo3",0.042450762539328,0.104076526148506,0.920500392453161,10.0097937658103,"109593"
"Q2NL51","Gsk3a",0.042416875714769,0.103993296020674,0.920563701639206,17.7728486367501,"606496"
"Q8BX17","Gemin5",0.0423707803220021,0.103880080754106,0.920649820113548,16.3288142035128,"216766"
"Q9R0Q9","Mpdu1",0.0422802773305569,0.103657797558258,0.9208189057733,16.9012759944602,"24070"
"O88643","Pak1",0.0421058332856903,0.10322935506273,0.921144824812297,19.8896046595644,"18479"
"Q7TPM1","Prrc2b",0.0420834966466531,0.103174495946823,0.921186557718304,14.8649393842387,"227723"
"Q80X80","C2cd2l",0.042010383857478,0.102994930938446,0.921323159903604,18.3740505991982,"71764"
"Q7TMW6","Ciao3",0.0417909296877996,0.102455961445865,0.921733192906735,15.9271195662318,"67563"
"P14602","Hspb1",0.0417111775965938,0.102260097609367,0.921882207207352,16.0882792206367,"15507"
"P54227","Stmn1",0.0412883582924214,0.101221724716081,0.92267226500913,20.376321584808,"16765"
"Q8K2K6","Agfg1",0.0409320862964779,0.100346823098047,0.923338018954402,18.0391432038845,"15463"
"Q8K1M6","Dnm1l",0.0408681328978144,0.100189776001729,0.923457530728151,20.0158297567603,"74006"
"Q920M7","Syt17",0.0408356810005005,0.100110086006011,0.923518175111571,16.2269357271954,"110058"
"P36536","Sar1a",0.0408200841561856,0.100071785971349,0.923547321781059,19.790165447887,"20224"
"Q8VCE9","Plekhh3",0.0405364107211667,0.0993752025347285,0.924077450670779,10.1080108440789,"217198"
"O54804","Chka",0.0405002004051983,0.0992862868633616,0.924145122267424,17.1976850498643,"12660"
"Q9QY01","Ulk2",0.0401538820217765,0.0984359099521968,0.924792358913467,13.4062172091963,"29869"
"P07903","Ercc1",0.0399631438768129,0.0979675719707468,0.925148846074514,8.73472686721923,"13870"
"Q9DB25","Alg5",0.0398651876921813,0.0977270547633376,0.925331929169156,17.0346762893095,"66248"
"Q9JHG2","Rcan2",0.0398314863039971,0.0976443065443126,0.925394918753457,15.7166337729681,"53901"
"Q91ZA3","Pcca",0.0395970561145979,0.0970687109689293,0.925833089890157,19.8024878699945,"110821"
"Q5SVR0","Tbc1d9b",0.0394466898516516,0.0966995256978396,0.926114146561756,17.173795216486,"76795"
"O55060","Tpmt",0.0394393707688916,0.0966815557608412,0.926127827175088,21.067213787499,"22017"
"Q91V12","Acot7",0.0392197539015829,0.0961423559144787,0.926538335883682,21.2269247296718,"70025"
"Q8C7E9","Cstf2t",0.0390797641260069,0.0957986625269602,0.926800012718008,18.876853187361,"83410"
"Q03734","Serpina3m",0.0389927470110251,0.0955850268658336,0.92696267294016,10.181616844713,"20717"
"P59913","Pcmtd1",0.0388265489158889,0.0951770000811305,0.927273351516178,14.2363945945147,"319263"
"P28738","Kif5c",0.0388162387434551,0.0951516882197894,0.927292624864148,18.7136347260845,"16574"
"Q8C167","Prepl",0.0386996964321608,0.0948655745740394,0.927510485687168,21.8277440819305,"213760"
"Q61072","Adam9",0.0385788312122548,0.0945688521986481,0.927736431788245,12.1513378536718,"11502"
"O35375","Nrp2",0.0385587753179886,0.0945196156693354,0.927773924794964,18.8787666270111,"18187"
"Q3UQN2","Fcho2",0.0380766553711448,0.0933360621031529,0.928675247091744,14.1906373568312,"218503"
"Q8CBG9","Rnf170",0.0380449600917446,0.0932582558344324,0.928734503685658,14.6835456583655,"77733"
"Q80XQ2","Tbc1d5",0.0380005920060372,0.0931493405555729,0.92881745347894,17.6589604070181,"72238"
"P60853","Lzts1",0.037749578918742,0.0925331611592297,0.929286753666898,16.3415664958598,"211134"
"Q6PFE7","Tmeff1",0.037592704866899,0.09214808035715,0.929580058271604,17.8309371810823,"230157"
"Q3U7U3","Fbxo7",0.0372904305189572,0.0914061027454373,0.930145234718081,19.0849125935068,"69754"
"Q8C0L9","Gpcpd1",0.0372505031402706,0.0913080969037372,0.930219890712688,15.7357105085855,"74182"
"Q9D1C3","Pyurf",0.0371830414867009,0.0911425063580983,0.930346031154443,8.63925954024589,"66459"
"Q8K3I9","Glcci1",0.0370959717719922,0.0909287879508569,0.930508836808684,15.7052092888926,"170772"
"Q9QX66","Dpf1",0.0369779336414008,0.0906390588169277,0.930729551530219,11.529306619183,"29861"
"Q8BN59","Larp6",0.0369139921705949,0.0904821136033466,0.930849114709877,16.1220664170945,"67557"
"Q9QXW2","Fbxw5",0.0366423939177966,0.0898154843607063,0.93135698470899,13.5417656610045,"30839"
"A2AIR5","Grin3a",0.0365782929261543,0.0896581534350784,0.93147685210041,21.8280094503902,"242443"
"Q9CQF0","Mrpl11",0.0364797041006267,0.0894161769510851,0.931661213150562,14.0227101016573,"66419"
"Q61035","Hars1",0.0362570808467399,0.0888697798830192,0.93207752827266,17.8016342249135,"15115"
"Q99KR6","Rnf34",0.0362464246484952,0.0888436260951107,0.932097456162884,13.2829481454062,"80751"
"Q99LI5","Znf281",0.036243819811134,0.0888372329788105,0.932102327408873,7.60561626856659,NA
"Q9R0N7","Syt7",0.036083599002597,0.0884440025944882,0.932401956166182,19.9834035575605,"54525"
"Q9QYM9","Tmeff2",0.0360543421861799,0.0883721982453192,0.932456670056331,16.4374513932479,"56363"
"Q60974","Ncor1",0.0357617668012975,0.087654149515562,0.933003835144836,12.4600399365305,"20185"
"P60755","Mdga2",0.0357611544231079,0.0876526466193493,0.933004980418971,16.1583929305201,"320772"
"Q61730","Il1rap",0.0357209800285798,0.0875540509897381,0.933080115082618,15.8830373578418,"16180"
"Q9CR68","Uqcrfs1",0.0355967273913693,0.0872491139980056,0.933312496676278,20.8641970020808,"66694"
"Q920R0","Als2",0.0354749115052386,0.0869501611386486,0.933540324969837,17.0900348216578,"74018"
"Q8C181","Mbnl2",0.0354585634162886,0.086910040986185,0.933570900569784,16.916630342738,"105559"
"O08581","Kcnk1",0.0354479481843067,0.0868839899832034,0.933590754126299,16.082468426143,"16525"
"D3YUE4","Fam151b",0.0352871577067797,0.0864893952115834,0.93389148251588,16.9612166565433,"73942"
"B8JKV0","Amn1",0.0352795347840467,0.086470688018128,0.933905739931079,13.5336712793591,"232566"
"P61264","Stx1b",0.0350460671068323,0.0858977490701454,0.934342409998457,22.7339591719748,"56216"
"Q8BP78","Fra10ac1",0.0349910519405677,0.0857627417216131,0.934445310596256,14.8421294240886,"70567"
"Q6DFV3","Arhgap21",0.0345397162692776,0.0846551922732709,0.935289520567358,16.5919733644061,"71435"
"Q61191","Hcfc1",0.0344909439305557,0.0845355111278508,0.935380750946418,20.0843125698024,"15161"
"Q3U0V1","Khsrp",0.034026726908896,0.0833964114656542,0.936249115892714,18.1434969568703,"16549"
"B0F2B4","Nlgn4l",0.0338165035268549,0.0828805813710077,0.936642378131814,16.6778792756668,"100113365"
"P80314","Cct2",0.0337966561373822,0.082831881931152,0.936679506973379,20.028475719504,"12461"
"O88485","Dync1i1",0.0337812008984189,0.0827939595568886,0.936708419415014,18.327389248229,"13426"
"Q924N4","Slc12a6",0.0337116620567762,0.0826233334914718,0.936838507940823,16.5585984948016,"107723"
"P46097","Syt2",0.0336865952179314,0.0825618277848781,0.936885401574193,17.187087070697,"20980"
"Q8BMS9","Rassf2",0.0334095768891539,0.0818821270680403,0.937403642428407,14.4775769717965,"215653"
"P61620","Sec61a1",0.0333550664189902,0.0817483807264945,0.937505621891795,17.5599546733918,"53421"
"P35436","Grin2a",0.0333519726351482,0.0817407898714779,0.937511409837293,18.2526464193232,"14811"
"O70309","Itgb5",0.0330902707451603,0.0810986910924373,0.938001018377715,13.3038390251421,"16419"
"Q91YP2","Nln",0.033030775079651,0.0809527178125814,0.938112329026295,16.615565926758,"75805"
"P54823","Ddx6",0.0328926433526267,0.0806138133969229,0.938370763532242,17.6457698411939,"13209"
"Q8CJ40","Crocc",0.0327761743291456,0.0803280617400297,0.938588672335592,22.56159968937,"230872"
"P51163","Uros",0.0326666897098478,0.080059449000846,0.938793516640506,16.3053185525256,"22276"
"Q99L85","Elp5",0.0326296375026168,0.0799685446953061,0.938862841505317,15.4981856816313,"54351"
"Q9Z1L5","Cacna2d3",0.0324869063000744,0.0796183694251397,0.939129895431388,18.4051350593666,"12294"
"Q3UJB0","Sf3b2",0.0324658811687583,0.0795667869959276,0.939169234438161,17.9063430690138,"319322"
"Q61335","Bcap31",0.0324174467836583,0.0794479599243708,0.939259857853299,17.2767716888987,"27061"
"Q78YZ6","Scoc",0.0323992452185391,0.0794033050441921,0.939293914136343,16.3561128884137,"56367"
"Q9CZH3","Psmg3",0.0322378609069335,0.0790073756732465,0.939595877933972,11.4608185674822,"66506"
"D3YZU1","Shank1",0.032188246112193,0.0788856553312642,0.93968871270804,18.7644210817393,"243961"
"Q9Z280","Pld1",0.0319995933181446,0.078422837361965,0.940041708384728,10.3160451754479,"18805"
"P70460","Vasp",0.0319689403106896,0.0783476377711071,0.940099065242012,13.8232665724381,"22323"
"Q80YQ2","Med23",0.0318781612717001,0.0781249350939414,0.940268929188761,13.9681804666487,"70208"
"P53612","Rabggtb",0.0316755708818419,0.077627939423106,0.940648019418697,16.9150887500477,"19352"
"Q9DCS3","Mecr",0.0315530050385892,0.077327264989778,0.940877371228598,19.5100398681606,"26922"
"Q9R022","Dnajc12",0.0315260770281833,0.0772612065623028,0.940927760848912,6.81075916679772,"30045"
"Q8VEL2","Mtmr14",0.0314939122185456,0.0771823017056278,0.940987950167218,9.94145338058913,"97287"
"Q924A2","Cic",0.0314371018211212,0.0770429383000442,0.941094258841503,15.6687048898154,"71722"
"Q9JM96","Cdc42ep4",0.0314112740415557,0.0769795795939431,0.941142590333886,16.708018818161,"56699"
"Q8VI51","Sorcs3",0.0311421424149823,0.0763193759171254,0.941646225335662,15.6029911071572,"66673"
"Q9Z160","Cog1",0.0310545684801353,0.0761045529016417,0.941810109016514,16.9414079090824,"16834"
"Q8K310","Matr3",0.0309890375981989,0.0759438036881988,0.941932743044628,20.5246935339551,"17184"
"Q9EQF5","Dpys",0.0308994588099324,0.075724065826684,0.94210038176695,17.6566045636552,"64705"
"Q61239","Fnta",0.0307479914738477,0.0753525187538572,0.942383843617053,16.6328335217769,"14272"
"Q8BND3","Wdr35",0.030596725566816,0.0749814709691992,0.942666933780215,13.8564020104084,"74682"
"Q91V57","Chn1",0.0304135854017585,0.0745322441055434,0.943009682796122,17.0398518918637,"108699"
"Q8BVY0","Rsl1d1",0.0304090233463821,0.0745210538774022,0.94301822083525,13.5777732276851,"66409"
"Q6P1G0","Heatr6",0.0303974306713414,0.0744926183210358,0.943039916935418,8.24009298109806,"217026"
"Q8VHR5","Gatad2b",0.0301223784990568,0.0738179544060561,0.943554695728965,14.7561853769621,"229542"
"Q9D0D3","Mtpap",0.0300817472298377,0.0737182930997623,0.943630741356099,17.7270720806584,"67440"
"Q91V61","Sfxn3",0.0300803454051958,0.0737148546787541,0.943633365022699,21.3333418131032,"94280"
"P26323","Fli1",0.0299924499637982,0.0734992640081543,0.943797871741879,17.1611997385799,"14247"
"P09055","Itgb1",0.0298100406295163,0.0730518543140256,0.944139277930097,16.8628514082453,"16412"
"P28271","Aco1",0.0296547466569176,0.072670958354772,0.944429939546712,20.0762591455749,"11428"
"Q91WM2","Hdhd5",0.0292683458037888,0.0717232397734561,0.945153183964464,16.1751578647589,"214932"
"A2AIG8","Accs",0.029209371465776,0.0715785972923512,0.945263571862235,12.3134017958603,"329470"
"Q8R2T8","Gtf3c5",0.0291615658900649,0.0714613482492493,0.945353054680243,12.8232656784691,"70239"
"D3YXK2","Safb",0.0291274934943515,0.0713777818155922,0.945416831938726,19.1407180269535,"224903"
"Q3TW96","Uap1l1",0.0290582749777195,0.0712080162813209,0.945546397051773,16.9151966749647,"227620"
"Q8VEH5","Epm2aip1",0.0287716767157454,0.0705051154377438,0.946082870594224,20.4409569147518,"77781"
"P54116","Stom",0.0285300985421837,0.069912642807417,0.946535086326398,14.9715308474446,"13830"
"Q61559","Fcgrt",0.0284597798044491,0.06974018778287,0.946666719936047,12.0243039898596,"14132"
"Q9JJE4","Paqr4",0.0284465054416145,0.0697076328414575,0.946691569082639,10.3019241377813,"76498"
"O70566","Diaph2",0.0281033068851563,0.0688659623511363,0.947334037860716,18.3022946514628,"54004"
"Q9JHR7","Ide",0.0279742423248817,0.0685494468534446,0.947575653558666,17.003145797024,"15925"
"Q62507","Coch",0.0278441072458866,0.0682303095095461,0.947819276860083,17.3547436409596,"12810"
"O88428","Papss2",0.0278337219978845,0.0682048413498926,0.947838719029454,15.2295300935238,"23972"
"Q9CQ54","Ndufc2",0.0277796521537716,0.0680722440623369,0.947939943269813,20.0531317267529,"68197"
"Q8CI95","Osbpl11",0.0277275379480637,0.0679444432181885,0.948037506932467,12.9539409010589,"106326"
"Q8VDT9","Mrpl50",0.027604867736273,0.0676436184728296,0.948267161610938,16.338827110153,"28028"
"Q9QZ29","Igbp1b",0.0273202744357638,0.0669457207199582,0.948799969452399,13.0564048444294,"50540"
"Q80TT2","Baiap3",0.0272652356173858,0.0668107529217709,0.948903013551147,14.4168795058302,"545192"
"Q9JI11","Stk4",0.0272648340475507,0.0668097681827269,0.948903765375554,15.9151036074127,"58231"
"P05132","Prkaca",0.0271837598093575,0.0666109566812668,0.949055554321109,20.634303260349,"18747"
"Q8R4F1","Ntng2",0.0271050771210205,0.0664180110332266,0.949202867035675,15.0875441017792,"171171"
"Q61324","Arnt2",0.026935598660216,0.0660024202300167,0.949520175307563,14.5088394278152,"11864"
"P43274","H1-4",0.0266360993045677,0.0652680093743843,0.9500809310602,21.0435592138579,NA
"Q8VI75","Ipo4",0.0261239971826911,0.0640123098913816,0.951039786554009,18.2251491249892,"75751"
"Q6PDM2","Srsf1",0.0260143258658924,0.0637433970417443,0.951245140869731,19.3714561941391,"110809"
"Q02013","Aqp1",0.0259703792227113,0.0636356410081114,0.951327429524065,14.0627259652089,"11826"
"Q80TL7","Mon2",0.0259567657257103,0.0636022611401233,0.95135292042896,19.1083133964913,"67074"
"Q80WM5","Hapln3",0.025870633288254,0.0633910679229267,0.95151420192317,13.4774511463143,"67666"
"Q99MR0","Actl6b",0.0258233390936735,0.0632751050914282,0.951602760093767,15.6750539592952,"83766"
"Q9EQ06","Hsd17b11",0.025775700493646,0.0631582982260342,0.951691963599694,19.6340063290743,"114664"
"P09528","Fth1",0.0256238121575422,0.0627858804041775,0.951976378157437,17.6710482428569,"14319"
"Q8BSS9","Ppfia2",0.0255461172682784,0.0625953805512605,0.952121865418344,16.8828786170146,"327814"
"Q9EPL9","Acox3",0.0254342738903855,0.0623211541193373,0.952331299326579,15.6244075199951,"80911"
"Q8C817","Tmem200a",0.0251297709826639,0.0615745616647579,0.952901512631627,8.31058960330241,"77220"
"Q7TNP2","Ppp2r1b",0.0250954290879778,0.0614903619085832,0.952965822494268,11.3258555668693,"73699"
"Q3USJ8","Fchsd2",0.0242988901291238,0.0595374612595942,0.95445751150752,12.7545182686837,"207278"
"P70168","Kpnb1",0.024035120243129,0.0588907931824317,0.954951502507026,19.2195197223121,"16211"
"Q8BG81","Poldip3",0.0240291390632453,0.058876129642248,0.954962704269085,17.020960782669,"73826"
"P56818","Bace1",0.0240237942988594,0.0588630263521186,0.954972714135481,15.448521158473,"23821"
"Q8BH50","Ark2n",0.0236287130453576,0.0578944541986011,0.955712650640963,14.0955254248341,"212163"
"Q8CI96","Clip4",0.0234657700141267,0.0574949947256829,0.956017830114187,14.2814635676793,"78785"
"P49312","Hnrnpa1",0.0234130654066247,0.0573657888650198,0.956116542697123,20.3339559950868,"15382"
"P23819","Gria2",0.0234031813000399,0.057341557934399,0.956135055092909,20.7553836655099,"14800"
"O88597","Becn1",0.0233474711666455,0.0572049846126209,0.956239397472865,16.7099914311178,"56208"
"P03921","Mtnd5",0.023296865082533,0.0570809243234253,0.956334180686709,18.247334943524,NA
"Q99K48","Nono",0.0232881793968575,0.0570596314994403,0.956350448680848,19.0294158927529,"53610"
"Q8BUR4","Dock1",0.0232826981680376,0.057046194358488,0.956360714842958,16.546838927737,"330662"
"Q9D2Q3","Paat",0.0230101056186164,0.0563779447424027,0.956871278351989,9.18270881369282,NA
"E9Q612","Ptpro",0.0225600324624977,0.0552746360569448,0.957714289494852,13.7688049336459,"19277"
"Q80U72","Scrib",0.0225538242895794,0.0552594175874587,0.957725917976544,14.5251857544023,"105782"
"Q91V51","Ttll1",0.0225477844799613,0.055244611843244,0.957737231104467,12.425156770277,"319953"
"Q6ZWQ0","Syne2",0.02245499148909,0.0550171436305403,0.957911041823274,11.2572258446962,"319565"
"Q6PGF2","Morn4",0.02235858127751,0.054780809846187,0.958091629499884,13.6611911078467,"226123"
"P42125","Eci1",0.0223560904562516,0.0547747040276413,0.958096295122018,17.8519455876443,"13177"
"P82343","Renbp",0.0223294495781752,0.054709398575491,0.958146196909192,13.6470616274915,"19703"
"A2AJI0","Map7d1",0.0222159712611675,0.0544312276372758,0.958358757704484,17.1238563479346,"245877"
"Q99MS8","Tpgs1",0.0221541787504677,0.0542797557031953,0.958474504641713,13.2827443740243,"110012"
"Q6P1I6","Psd2",0.0220951053474234,0.0541349496975529,0.958585158862329,16.6868059851701,"74002"
"Q9D1J3","Sarnp",0.0217690747021648,0.053335764402808,0.959195878354778,21.7995720688222,"66118"
"A2A8L5","Ptprf",0.0217208320552002,0.0532175106706105,0.959286247796034,17.8987065762754,"19268"
"Q8BGK6","Slc7a6",0.0214485123716724,0.0525499999592562,0.959796371532617,12.1287593556535,"330836"
"Q9JIK9","Mrps34",0.0213487883820098,0.0523055591934245,0.959983182812738,17.0723293655401,"79044"
"Q8BWZ3","Naa25",0.0211558958669111,0.051832750665699,0.960344529641734,16.0549225567644,"231713"
"Q8BX90","Fndc3a",0.021133982868892,0.0517790389834198,0.960385579780654,16.5044007999226,"319448"
"Q9JL26","Fmnl1",0.0211098597940243,0.051719910194193,0.960430770196924,16.176768856493,"57778"
"O55091","Impact",0.0210365428384954,0.0515402013692304,0.960568117420853,18.2189967038022,"16210"
"Q3UFQ8","Carmil3",0.0210315697895301,0.0515280118481518,0.960577433638612,7.39562026889381,"268747"
"Q9CYI4","Luc7l",0.0208246155914426,0.0510207464344712,0.960965132921019,16.5744913937744,"66978"
"Q8BGZ4","Cdc23",0.0206117308206311,0.0504989514400282,0.961363949264696,17.9222761233173,"52563"
"Q6P542","Abcf1",0.0205060843740774,0.0502400073985151,0.961561868936589,19.301646951756,"224742"
"Q9CZ42","Naxd",0.0202830271394165,0.0496932899214421,0.961979753403124,19.2692094687935,"69225"
"P01898","H2-Q10",0.0202755603479894,0.0496749888040955,0.961993742124232,14.0946728571248,"15007"
"Q9Z0S9","Rabac1",0.0201707631602612,0.0494181316106957,0.962190076160368,17.8692979666094,"14470"
"Q7TNS2","Micos10",0.0200062284353751,0.0490148614048936,0.962498329827365,19.4692564224149,"433771"
"O35136","Ncam2",0.0199915663022833,0.048978925103029,0.962525799340534,20.0491515256498,"17968"
"Q64264","Htr1a",0.0193305405405574,0.0473588098817391,0.963764264523254,11.4711494478045,"15550"
"Q08093","Cnn2",0.0190755789895913,0.0467339385656432,0.964241964919954,14.382731783146,"12798"
"Q14BV6","Ydjc",0.0189951614924315,0.0465368496193688,0.964392638475874,15.1509672576888,"69101"
"P31750","Akt1",0.0185499067359863,0.0454456258502293,0.965226902802754,16.287067214377,"11651"
"Q9CZ30","Ola1",0.0181875061198738,0.044557479778382,0.965905945480343,19.3368014347365,"67059"
"Q6GQT5","Tmem151a",0.0181791126790138,0.044536909930334,0.965921672776877,13.3310125880578,"381199"
"Q60967","Papss1",0.0175069520831005,0.0428896727588484,0.967181171433427,16.6208351278369,"23971"
"Q8C6G8","Wdr26",0.0174664584291616,0.0427904384558153,0.967257050607843,16.8827436082777,"226757"
"Q922P9","Glyr1",0.0172863443094945,0.0423490508720555,0.967594560672924,15.6911511140772,"74022"
"O08579","Emd",0.0172703286191118,0.0423098030284195,0.967624572165046,16.4828356342533,"13726"
"Q8BXL7","Arfrp1",0.017261175846137,0.0422873733760192,0.96764172338403,11.2749550685747,"76688"
"Q80U57","Rims3",0.017187237787018,0.0421061822326008,0.967780274999024,15.8054015858043,"242662"
"Q80U30","Clec16a",0.0171774099232392,0.0420820983163449,0.967798691364581,17.0738752434386,"74374"
"Q6KAU4","Mvb12b",0.0171768044865443,0.0420806146487783,0.967799825888598,15.018156089574,"72543"
"Q8JZR6","Slc4a8",0.0171545856005595,0.042026165651231,0.967841461752029,17.0832181767722,"59033"
"O55203","Ldb2",0.0170837193364655,0.0418525031279974,0.967974258126824,14.3530438789779,"16826"
"Q61490","Alcam",0.017069142255443,0.0418167810936328,0.968001574215781,19.5541030126584,"11658"
"Q9CRD0","Ociad1",0.0169769754774165,0.0415909213471124,0.968174286781948,18.2745119215747,"68095"
"Q62288","Spock1",0.0168771587285957,0.0413463161234557,0.968361335950839,14.9666274743255,"20745"
"Q6A068","Cdc5l",0.0167568382105938,0.0410514671770918,0.968586809334523,17.5762393149288,"71702"
"Q64518","Atp2a3",0.0165140754415483,0.0404565753329361,0.969041737625178,9.68568421165347,"53313"
"P97384","Anxa11",0.016509585545398,0.0404455728791039,0.969050151590606,18.2184651101045,"11744"
"Q9CXJ1","Ears2",0.0163758603009086,0.0401178813790724,0.969300750862693,18.0570144055556,"67417"
"Q6GQS1","Slc25a23",0.0161714543283748,0.0396169920793283,0.969683809085807,22.1101152279447,"66972"
"P43275","H1-1",0.0160498232392248,0.0393189419414609,0.969911749006483,19.7640559318394,NA
"Q80YQ8","Rmnd5a",0.0159964247255161,0.0391880924414898,0.970011819815384,15.7695972665525,"68477"
"Q9Z351","Kcnq2",0.0158914163042035,0.0389307772788684,0.970208610515042,15.8881349453316,"16536"
"Q4JIM5","Abl2",0.0158167640137511,0.0387478482939391,0.970348513203295,15.5795462615227,"11352"
"Q8BHC4","Dcakd",0.0157309901480861,0.0385376676502723,0.970509259179272,16.1489138039776,"68087"
"P70255","Nfic",0.0156789237493031,0.0384100843415704,0.970606835525565,10.1217560303483,"18029"
"Q9D1J1","Necap2",0.0151473701988183,0.0371075852109298,0.971603024897426,13.0619433773414,"66147"
"Q9D1R1","Tmem126b",0.0150287475513176,0.036816921003401,0.971825341106037,13.4303724161707,"68472"
"Q6RI63","Fam120b",0.0150010276317189,0.036748998376548,0.971877292522787,17.051570103196,"67544"
"Q9CU62","Smc1a",0.0148631546358335,0.036411166904735,0.972135689122696,16.3393937416102,"24061"
"Q8R1Y2","Bmerb1",0.0148358516179431,0.0363442663155321,0.972186859706748,14.8109415441365,"67254"
"P51432","Plcb3",0.0146621403108771,0.0359186233696097,0.972512426716568,15.9646660489342,"18797"
"Q69ZX8","Ablim3",0.0146223600775583,0.0358211507512559,0.972586982674814,17.6932515936715,"319713"
"E9PYH6","Setd1a",0.0144167726452995,0.0353174071532438,0.972972296594124,8.47100631921622,"233904"
"Q8K2Y7","Mrpl47",0.0141350128524928,0.0346270283847882,0.973500380884495,16.7382805056955,"74600"
"Q8BGX2","Timm29",0.0140176649283239,0.0343395003943132,0.973720321056545,17.0487793328952,"69773"
"Q9Z2R6","Unc119",0.0139006304337778,0.0340527417882342,0.973939675222583,13.054061787816,"22248"
"Q9CRB2","Nhp2",0.0133616078105414,0.0327320432772303,0.974949967048143,14.9609924685517,"52530"
"Q8BI72","Cdkn2aip",0.0131580810747012,0.0322333751122505,0.97533144549409,13.6462445431454,"70925"
"O55192","Slc6a2",0.0130407731492039,0.0319459565753049,0.975551322374923,14.7829618327565,"20538"
"P26450","Pik3r1",0.0129087057148898,0.0316223770433869,0.975798865447777,17.5979655821604,"18708"
"Q7TNC4","Luc7l2",0.0127517045425426,0.0312377093022026,0.976093145735384,16.4769938960697,"192196"
"Q9ESJ0","Xpo4",0.0125908827081493,0.0308436829726799,0.976394589849505,15.6701379115973,"57258"
"Q6P5C5","Smug1",0.0125604431884588,0.0307691039904167,0.976451645898114,14.2290571374508,"71726"
"Q8C570","Rae1",0.0124525233567672,0.0305046934361613,0.976653932287206,17.4269928108609,"66679"
"Q8R373","Clmp",0.0124388180699791,0.0304711146752943,0.976679621739762,11.8476997610028,"71566"
"Q810C1","Slitrk1",0.0123455700319033,0.0302426519379396,0.976854408115878,18.9700432249887,"76965"
"Q8BGQ1","Vipas39",0.0122676948637083,0.0300518541683252,0.977000379830282,17.5499247021764,"104799"
"Q8R0A0","Gtf2f2",0.0122371409749098,0.0299769958749484,0.97705765117255,14.3520361845016,"68705"
"Q5U5V2","Hykk",0.0121060408111569,0.0296557959930124,0.97730339115111,12.9461611349668,"235386"
"Q3TZX8","Nol9",0.0119736088198421,0.0293313346409132,0.977551629150588,12.0571116370714,"74035"
"Q8CAA7","Pgm2l1",0.0119113392969162,0.0291787734462769,0.977668351204448,19.732019478589,"70974"
"A2BH40","Arid1a",0.0117005827417445,0.0286624194723729,0.9780634095924,16.9351001618151,"93760"
"Q8R071","Itpka",0.0114864479157924,0.028137792640854,0.978464804463587,19.0059531537886,"228550"
"Q5RKR3","Islr2",0.0112761594198764,0.0276225930236173,0.97885899324892,16.7225988218565,"320563"
"Q923S9","Rab30",0.0112113325489416,0.0274637701510586,0.978980512900538,15.1930279961474,"75985"
"Q8BXQ2","Pigt",0.0111657915690941,0.0273521970379329,0.979065880860317,16.0309562133301,"78928"
"Q9EPL8","Ipo7",0.0110641429005925,0.0271031635188401,0.9792564250241,18.3759132568939,"233726"
"Q0KK55","Kndc1",0.0108982937213398,0.0266968441608862,0.979567317240992,15.9910814766966,"76484"
"Q8VHQ4","Rab40c",0.0106805602253233,0.0261634150491695,0.979975472498079,13.2335054759628,"224624"
"Q9JHI7","Exosc9",0.0105554646967647,0.025856943007465,0.980209973728208,11.8140487659817,"50911"
"P28741","Kif3a",0.0103632963761315,0.025386151421185,0.980570210495416,16.4556821452911,"16568"
"Q8VC88","Gca",0.00970879375109952,0.0237827116217693,0.981797155631169,14.8109602983183,"227960"
"Q3U1J4","Ddb1",0.00953459878461557,0.0233559635772691,0.98212371072027,18.1856753842649,"13194"
"Q56A08","Gpkow",0.00938439201291072,0.0229879842394282,0.982405298015375,14.7795277349058,"209416"
"Q9CXZ1","Ndufs4",0.00927021525491241,0.0227082729404508,0.982619342188212,21.1166658409281,"17993"
"Q61029","Tmpo",0.00925155291481915,0.0226625538483636,0.982654328074055,18.7549785791754,"21917"
"O35343","Kpna4",0.00888824223680069,0.0217725182311259,0.983335423508562,17.5051378100484,"16649"
"Q64373","Bcl2l1",0.00887777337603969,0.0217468718285799,0.983355049524829,16.6037305691218,"12048"
"Q3TWN3","Cnnm2",0.00866237487884283,0.0212191945383794,0.983758859579328,13.7661031854636,"94219"
"Q6P9Q6","Fkbp15",0.00860493694053214,0.0210784851651579,0.983866539658857,15.1092948263128,"338355"
"Q99JY0","Hadhb",0.00847244160525349,0.0207539037028916,0.984114932187608,21.5755764318322,"231086"
"P06801","Me1",0.00840579204531864,0.0205906288473573,0.984239882312923,18.5963049272726,"17436"
"Q61062","Dvl3",0.00821197729896183,0.0201158324445938,0.984603234784931,10.538432492553,"13544"
"Q8BGP6","Slc25a40",0.00805726004545177,0.0197368164982006,0.984893291243051,15.7195607424066,"319653"
"P50153","Gng4",0.00796812248682059,0.0195184539333872,0.985060402705008,19.4663374275804,"14706"
"Q9D0J4","Arl2",0.00752871530517332,0.0184420335853259,0.985884192217835,16.6353407900932,"56327"
"Q80Y24","Prickle2",0.00728094245927817,0.0178350666154352,0.986348715353953,16.4633189770377,"243548"
"P51830","Adcy9",0.00705096637188895,0.0172716991509798,0.986779876229595,22.1671112128947,"11515"
"Q9D6F4","Gabra4",0.0069102872289507,0.0169270818434203,0.987043623915454,16.938043145686,"14397"
"Q8CI33","Cwf19l1",0.00689844492192916,0.0168980721595151,0.987065826124197,10.3974902725715,"72502"
"Q62087","Pon3",0.00668993197424497,0.0163872864629915,0.987456751804735,13.6851487562555,"269823"
"P48722","Hspa4l",0.00661263917036169,0.0161979459681645,0.987601662989395,21.1429101833984,"18415"
"O35245","Pkd2",0.00660342037079268,0.0161753631340403,0.987618946729062,8.05496903888464,"18764"
"Q80Y98","Ddhd2",0.0065742867555875,0.0161039959950764,0.987673567514752,16.5384609176659,"72108"
"Q9CXY9","Pigk",0.0065506063187772,0.0160459872607607,0.987717964509545,17.0462062990188,"329777"
"Q8VCM7","Fgg",0.00639851255633312,0.0156734117213755,0.988003116404435,19.3070642827575,"99571"
"P70452","Stx4",0.00625073078430018,0.0153114000646841,0.988280185058701,21.5637433992332,NA
"P60710","Actb",0.00621796799664446,0.0152311432733865,0.988341610510406,26.7158874855525,"11461"
"Q61686","Cbx5",0.00612504915067855,0.0150035265091235,0.988515820075164,18.2969627969734,"12419"
"Q62504","Spen",0.0059315986654991,0.0145296456962246,0.988878513370127,8.63033265933938,"56381"
"Q78JE5","Fbxo22",0.00552714449413245,0.0135388905488297,0.989636815134743,15.970878823944,"71999"
"P59644","Inpp5j",0.00528387431573214,0.0129429766194059,0.990092920059231,16.0677436529151,"170835"
"Q9QXW9","Slc7a8",0.00522181304490153,0.0127909518809689,0.990209278520488,17.4697491026461,"50934"
"Q9D2X5","Mau2",0.00508133001420853,0.0124468264385359,0.990472670221473,8.42984941052577,"74549"
"Q8VIJ6","Sfpq",0.00505497145644635,0.0123822589339372,0.990522089978367,19.3284755012514,"71514"
"Q8BH27","Megf9",0.00499425167519311,0.0122335208198157,0.990635933819562,15.9461937288917,"230316"
"Q9CR62","Slc25a11",0.00475683133603409,0.0116519413933386,0.991081075787693,21.5869183277878,"67863"
"P57787","Slc16a3",0.00462706747404214,0.0113340756473637,0.991324372315843,6.64132491653383,"80879"
"Q99JN2","Klhl22",0.00457097102609692,0.0111966636138859,0.991429548706377,15.048617937701,"224023"
"Q62425","Coxfa4",0.00450363028841995,0.0110317080736738,0.991555807390665,23.0688062283503,NA
"Q8R035","Mrpl58",0.00449773219477648,0.0110172603148108,0.991566865868229,14.8946344741899,"68572"
"Q8BK75","Elp6",0.0044820214744346,0.0109787759027757,0.99159632228121,17.5479125032996,"72341"
"P63005","Pafah1b1",0.00428444357059541,0.0104947969037914,0.991966766613596,20.2568286867592,"18472"
"Q80XK6","Atg2b",0.00421356687439813,0.0103211804616473,0.992099655620356,17.6956957706059,"76559"
"Q8K0U4","Hspa12a",0.00407406529904216,0.00997946398138811,0.992361212090586,20.8676533282299,"73442"
"Q9ER35","Fn3k",0.00391533238731289,0.00959064003402108,0.992658826800157,17.6623330306127,"63828"
"Q6ZWQ7","Spcs3",0.00390837328816324,0.00957359340074987,0.992671874711719,17.8136043714216,"76687"
"P97386","Lig3",0.00379204500620174,0.00928864213060737,0.992889983773216,11.6833441059278,"16882"
"Q6GQU6","Lingo3",0.00378959076803696,0.00928263036981062,0.99289458533752,14.3563893566169,"237403"
"Q9ERB0","Snap29",0.00370010983138462,0.00906344312231157,0.993062357387782,15.3506101705467,"67474"
"Q68FL6","Mars1",0.00365508329343555,0.00895314884188359,0.993146779862782,17.1008892457844,"216443"
"O88569","Hnrnpa2b1",0.00361583687655861,0.00885701324041595,0.993220364949284,22.3676875831528,"53379"
"Q91ZT5","Fgd4",0.00360387054678543,0.00882770126543068,0.99324280123286,15.1077421530216,"224014"
"Q9DA03","Lyrm7",0.00314622830869522,0.0077066921140166,0.99410086085075,15.2588635247641,"75530"
"Q8VEB6","Elac1",0.00296784045919786,0.00726972677924915,0.994435331815127,15.9764958681683,"114615"
"Q9WTS4","Tenm1",0.00292808478334554,0.00717234438956491,0.994509872411726,17.1251974449927,"23963"
"Q8C5P7","Tdrp",0.00289373854246702,0.00708821255549481,0.994574270522004,12.7132309275982,"72148"
"P56380","Nudt2",0.00287148318754571,0.00703369761240768,0.994615998618994,20.086850086281,"66401"
"P04186","Cfb",0.00274783530182885,0.00673081979759535,0.994847834743765,12.5375718554309,"14962"
"O88844","Idh1",0.00269220747092676,0.00659455848414016,0.994952135383295,19.1475112751602,"15926"
"Q9JHS3","Lamtor2",0.0025899643737585,0.00634411244561594,0.995143838515737,17.1773834267887,"83409"
"Q9DCM7","Nacc2",0.00250678952362389,0.0061403745185008,0.99529978933398,7.63625040553833,"67991"
"Q9CQX8","Kgd4",0.00231895487193352,0.00568027144577545,0.995651975202974,19.0671846331532,NA
"Q8BRV5","Kiaa1671",0.0020031965006958,0.00490681912627602,0.996244016609207,17.0176732243945,NA
"Q9R0D8","Wdr54",0.00173561589407933,0.00425137973331211,0.996745726733976,16.9200448384681,"75659"
"Q99MB7","Rnf141",0.00162275228056918,0.00397492029996408,0.996957344815471,16.5857555698425,"67150"
"P19783","Cox4i1",0.00158047712095806,0.00387136733165285,0.997036610333058,22.7867108393968,"12857"
"Q80SY4","Mib1",0.00156290207564813,0.00382831727892177,0.99706956338021,16.4235665291145,"225164"
"Q8BG51","Rhot1",0.00156007477149256,0.00382139180106395,0.99707486454965,18.6970286907617,"59040"
"Q8CCM6","Timm21",0.00135789952573254,0.00332616402655558,0.997453941519023,16.6595445349022,"67105"
"Q9QXT8","Kcnip3",0.0013431982768581,0.00329015336970639,0.997481506260106,15.7928275501258,"56461"
"P63038","Hspd1",0.00133614788129334,0.00327288345159577,0.99749472570434,22.5706339709453,"15510"
"Q9WTS2","Fut8",0.00132416228864902,0.00324352478743484,0.997517198611024,16.2432390217987,"53618"
"O88668","Creg1",0.00116708426186657,0.00285876287534648,0.997811718996085,13.5409531276615,"433375"
"O35066","Kif3c",0.00114923320909877,0.00281503681671545,0.997845189630232,15.4147046819303,"16570"
"Q7TQK4","Exosc3",0.000936502663736983,0.00229395467485492,0.998244058532177,9.64583125472408,"66362"
"Q8BHL5","Elmo2",0.000843734483391567,0.00206671969833659,0.998417998594446,18.2629996051814,"140579"
"Q8K0F1","Tbc1d23",0.000628201493910192,0.00153877341936267,0.998822122508808,17.3410580687959,"67581"
"Q7TNG8","Ldhd",0.000623327093492248,0.00152683361852356,0.998831262002434,12.4672189370125,"52815"
"Q8K3G9","Appl2",0.000237716258113049,0.000582283552392849,0.999554282032829,22.4182638801036,"216190"
"Q8BG26","Rusc1",-0.000161113546360722,-0.000394645984356038,0.999697912105801,11.7495777086912,"72296"
"Q9CRA9","Fgfr1op2",-0.000260831166546159,-0.000638903288786208,0.999510941584907,16.1061890347863,"67529"
"Q62159","Rhoc",-0.000545022444087651,-0.00133502708466387,0.998978083119709,14.293392236,"11853"
"Q9WVG6","Carm1",-0.000650050772292887,-0.0015922930354442,0.998781155145313,18.344637163325,"59035"
"Q02111","Prkcq",-0.000715651189264387,-0.0017529806964141,0.998658154478286,5.92152576497669,"18761"
"Q8K0T4","Katnal1",-0.000800978429311583,-0.00196198907616258,0.998498166087392,17.1234879845222,"231912"
"O35207","Cdk2ap1",-0.000810126247963018,-0.00198439658592918,0.998481013949681,13.5527991827968,"13445"
"Q80U04","Pja2",-0.000810578445151369,-0.00198550423939481,0.998480166081066,17.5114634906869,"224938"
"Q9CR41","Hypk",-0.000968174405452059,-0.00237153438687301,0.998184674124189,14.5142166067343,"67693"
"Q64322","Npdc1",-0.000980832528407461,-0.00240254037338334,0.998160940188727,15.3493774307997,"18146"
"Q8BHA3","Dtd2",-0.00107378184626299,-0.00263021913473955,0.997986660585855,14.9873530846595,"328092"
"P40936","Inmt",-0.00107827888834594,-0.00264123461232588,0.997978228651475,11.4381618214614,"21743"
"A2A7S8","Nhsl3",-0.00115127199269343,-0.00282003080612949,0.997841366921108,6.74564218036637,NA
"P97797","Sirpa",-0.00129808326791235,-0.0031796443289133,0.997566096606784,20.9842224233923,"19261"
"Q8R050","Gspt1",-0.00136212892854794,-0.00333652393411314,0.99744601141808,18.6474052348724,"14852"
"P62869","Elob",-0.00138835173142047,-0.00340075660300537,0.99739684384868,18.994362261397,"67673"
"Q8VCG4","C8g",-0.00143495460901733,-0.00351491021491581,0.997309463801475,13.6999429678984,"69379"
"Q9CPR5","Mrpl15",-0.00151864184670244,-0.00371990191601618,0.997152550915433,17.6829507583649,"27395"
"Q9D787","Ppil2",-0.00152426501646986,-0.00373367586050975,0.997142007520932,14.6052903063487,"66053"
"Q91ZU1","Asb6",-0.00154486268720609,-0.00378412982192595,0.997103387070198,13.9446833797304,"72323"
"Q8BW56","Qtman",-0.00168905830837066,-0.00413733690306224,0.996833021695231,15.0455785851197,NA
"Q9CXS4","Cenpv",-0.00193657142233958,-0.00474362073021763,0.996368937661529,18.1649887857082,"73139"
"P10126","Eef1a1",-0.00194892761199666,-0.00477388726139429,0.996345769980806,22.9874625498666,"13627"
"O35405","Pld3",-0.00200097925219176,-0.00490138796615317,0.996248173916824,19.7668352990706,"18807"
"Q9DB73","Cyb5r1",-0.00220959749896199,-0.00541239962193936,0.995857018174382,17.1991199765199,"72017"
"P43277","H1-3",-0.00241490506169193,-0.00591530242676585,0.99547207061325,18.5663070931127,NA
"P70174","Hrh1",-0.00247397245077669,-0.00605998868733466,0.995361320582317,13.5663631918636,"15465"
"Q61423","Kcna4",-0.00282052515933775,-0.0069088749284155,0.994711543374049,18.4440693940836,"16492"
"Q03717","Kcnb1",-0.00286436152724341,-0.00701625296332314,0.994629351512404,15.9769707354222,"16500"
"Q8C3P7","Mettl3",-0.00308450933211162,-0.00755550991291987,0.994216581685476,19.8484716822385,"56335"
"Q9DC04","Rgs3",-0.00312665867106628,-0.00765875578002941,0.994137553199386,13.3223620566074,"50780"
"Q8R138","Tmem119",-0.00318401455043774,-0.00779925051647048,0.994030013067027,14.5684038106899,"231633"
"Q9D287","Bcas2",-0.00329513930555149,-0.00807145374980155,0.993821658524989,15.056102590632,"68183"
"Q9DBS1","Tmem43",-0.00335321267300951,-0.00821370622563826,0.9937127733675,16.0718849963619,"74122"
"O08599","Stxbp1",-0.0034868498688834,-0.0085410549102064,0.993462209487583,23.8347130614635,"20910"
"Q5F2E8","Taok1",-0.0036086316580882,-0.00883936378623782,0.99323387438136,17.42591775895,"216965"
"Q8BKT7","Thoc5",-0.0036323935134239,-0.00889756935160001,0.993189322070626,12.7507751159396,"107829"
"Q8BWF0","Aldh5a1",-0.00370211756089945,-0.0090683611362163,0.993058592998075,20.3106978767912,"214579"
"A2ASQ1","Agrn",-0.00396014140975706,-0.00970040182781186,0.992574812488576,18.8263338797516,"11603"
"Q02788","Col6a2",-0.00411548404402272,-0.0100809213241182,0.992283554548031,9.64817779605976,"12834"
"Q9ET26","Rnf114",-0.00414866935934741,-0.0101622104955234,0.99222133420657,12.8590285865596,"81018"
"Q8R5A0","Smyd2",-0.0042703302758961,-0.0104602255844147,0.99199322807285,11.7152312053924,"226830"
"O54825","Bysl",-0.00427402736459779,-0.0104692818132013,0.991986296284572,15.6950569519502,"53414"
"Q99J19","Smim11",-0.00440671681330312,-0.0107943124422478,0.991737512942819,8.17243294445668,"68936"
"Q8BJU2","Tspan9",-0.00452811606856184,-0.0110916875757235,0.991509898425414,18.9132582624731,"109246"
"Q9Z2W0","Dnpep",-0.00453797492987916,-0.0111158374997594,0.99149141382013,18.6674808008902,"13437"
"Q9CXG3","Ppil4",-0.00470335796853739,-0.0115209545321113,0.991181333865244,15.4012504242089,"67418"
"Q9EQ80","Nif3l1",-0.00503178007837943,-0.0123254497237833,0.990565571600188,17.8269418552786,"65102"
"Q99N11","Dusp22",-0.00528606150878196,-0.0129483343508146,0.990088819301348,8.03048693187401,"105352"
"Q6IR34","Gpsm1",-0.00529183209604423,-0.0129624699382406,0.99007800005555,17.1048156052547,"67839"
"Q91VB2","Camk1g",-0.00534058198645232,-0.0130818873572296,0.989986599177643,15.5223330613564,"215303"
"Q3TVA9","Ccdc136",-0.005518260455219,-0.0135171281910083,0.989653471691601,18.0492031253121,"232664"
"Q8R0F6","Ilkap",-0.00553688398305778,-0.0135627484222344,0.989618554710714,18.2241634082318,"67444"
"Q8VCW8","Acsf2",-0.00557144264897918,-0.0136474034371651,0.989553761209903,17.7706476482066,"264895"
"Q64735","Cr1l",-0.00599822224133128,-0.0146928481720207,0.988753603054666,15.7735571203335,"12946"
"Q9D9M5","Phospho2",-0.00629304996142844,-0.0154150665717791,0.988200842844085,12.991959057689,"73373"
"Q8VHN8","Nudt16l1",-0.00662892466174014,-0.0162378397353249,0.987571130370018,14.2711442228451,"66911"
"Q9EQN3","Tsc22d4",-0.00705241514360961,-0.0172752481671653,0.98677716005277,13.4382882309048,NA
"Q8BNE1","Tcaf1",-0.00706090313504028,-0.0172960409682036,0.986761246653818,14.2446363185056,"77574"
"Q8VCH5","Rabepk",-0.00725597484426225,-0.0177739038517229,0.986395524685791,16.5236144760862,"227746"
"Q76LS9","Mindy1",-0.00728141661972085,-0.0178362281589446,0.986347826397387,19.6729292770707,"75007"
"P61759","Vbp1",-0.00742568057828505,-0.0181896299113614,0.986077360729078,18.3408640861695,"22327"
"P46935","Nedd4",-0.00744747122695147,-0.0182430103098175,0.98603650778176,18.8413919695186,"17999"
"Q3UTZ3","Trappc14",-0.00746024927919198,-0.0182743126264143,0.986012551596044,15.3466324331656,"231807"
"Q9CQY6","Uqcc2",-0.00776283268419145,-0.0190155519970221,0.985445273457189,16.1971195034949,"67267"
"P12787","Cox5a",-0.00792023847777696,-0.019401151440092,0.985150173889938,21.9488510595739,"12858"
"Q9QXL1","Kif21b",-0.00794861521163217,-0.0194706665230042,0.985096974212984,14.5215053539083,"16565"
"Q9EQC5","Scyl1",-0.00795837002480761,-0.0194945631052613,0.985078686252222,19.1847606313346,"78891"
"E9QAT4","Sec16a",-0.00813571334950435,-0.0199290059595246,0.984746210583185,17.3996279613851,"227648"
"B9EJI9","Tmem229a",-0.00815409975078748,-0.0199740477428761,0.984711740654672,10.4043961575774,"319832"
"Q0VE29","Samd12",-0.00817826160726757,-0.0200332378831718,0.984666443215837,14.3066478410284,"320679"
"Q91WG8","Gne",-0.00828615132214274,-0.0202975395003128,0.984464177418417,14.9434385555566,"50798"
"Q3TWL2","Pip4p1",-0.00842423579464392,-0.0206358114212988,0.984205305180443,17.3157316506452,"219024"
"Q9QYE3","Bcl11a",-0.00876531689921455,-0.0214713786841035,0.983565872602241,13.675735044599,"14025"
"Q9CZN7","Shmt2",-0.00918285278233537,-0.0224942521313028,0.982783118936246,16.0743406875428,"108037"
"Q80V03","Adck5",-0.0092762186704534,-0.0227229801422641,0.982608087719923,12.7543965434726,"268822"
"Q9CQ69","Uqcrq",-0.00949273126055969,-0.0232533955817145,0.982202198118162,20.7776762463392,"22272"
"Q62011","Pdpn",-0.00955574381547798,-0.0234077651928098,0.982084071011565,8.41680238065983,"14726"
"Q99LB7","Sardh",-0.00976682556757832,-0.0239248801822569,0.981688366610091,14.6651155991317,"192166"
"Q91YJ5","Mtif2",-0.00980121838746507,-0.0240091371400274,0.981623892418442,14.5777731596102,"76784"
"O08583","Alyref",-0.00988656923402366,-0.0242182335555329,0.981463890594918,17.8180002443552,"21681"
"Q8BH61","F13a1",-0.00994157513738025,-0.0243529898187128,0.981360774799427,14.8123028970241,"74145"
"Q9CRA5","Golph3",-0.0102496626421539,-0.0251077623989084,0.980783228483912,18.179617861907,"66629"
"A2AJA9","Ajm1",-0.0102766845973848,-0.0251739628604204,0.98073257299091,18.2023772086599,"381353"
"O88477","Igf2bp1",-0.0102818909410788,-0.0251867177674399,0.980722813159332,6.83194611273097,"140486"
"P03930","Mtatp8",-0.0105596700314168,-0.0258672456540461,0.980202090483397,19.6940900522097,NA
"Q62132","Ptprr",-0.010603476606044,-0.0259745674339635,0.98011997154875,16.2179229285174,"19279"
"Q9Z1G3","Atp6v1c1",-0.0107010734026089,-0.0262136704820877,0.979937019082134,20.6305890492436,"66335"
"P26040","Ezr",-0.0109164831739154,-0.0267414069906971,0.979533220132006,17.9247535949242,"22350"
"P21956","Mfge8",-0.0109928199880985,-0.0269284268979766,0.979390122956314,16.4557611009268,"17304"
"Q08943","Ssrp1",-0.0110169285317474,-0.0269874912577216,0.979344930385262,16.9027042372482,"20833"
"O55033","Nck2",-0.0110675648454988,-0.0271115470776308,0.979250010448659,17.1127597462234,"17974"
"P54285","Cacnb3",-0.0112020889052817,-0.0274411236745926,0.978997840379252,17.2950091946341,"12297"
"A2RSX7","Tyw5",-0.0115166984306621,-0.0282119056724587,0.978408099753692,15.0579963415346,"68736"
"P47915","Rpl29",-0.0116054169471427,-0.0284292643449367,0.978241796999829,17.1709401543627,"19944"
"Q3UPH7","Arhgef40",-0.0117098861206734,-0.0286852126879058,0.978045970536629,18.2081643973681,"268739"
"Q8CEZ0","Kctd2",-0.0117603864321371,-0.0288089382400071,0.977951308530519,17.2422177623315,"70382"
"P12960","Cntn1",-0.0118621497548666,-0.0290582586262827,0.977760555534265,21.3814371221901,"12805"
"Q9JMA2","Qtrt1",-0.0118792490371005,-0.0291001519974259,0.977728503415141,14.3410146103152,"60507"
"P70408","Cdh10",-0.0119150460606334,-0.0291878550592629,0.977661402995136,16.4346414016828,"320873"
"Q7TT37","Elp1",-0.0123823134230624,-0.0303326751392977,0.976785535319063,17.4584861849229,"230233"
"Q8CHT3","Ints5",-0.0124250287304339,-0.0304373299975496,0.976705468760101,12.9704902859287,"109077"
"Q571I4","Prag1",-0.0125397526558622,-0.0307184107668665,0.976490428426962,11.1599543456504,"244418"
"Q80YR4","Znf598",-0.0129233342108362,-0.0316582183625521,0.975771446168533,14.1272000048005,NA
"Q3TWW8","Srsf6",-0.0130335033518393,-0.0319281447402854,0.97556494861178,17.6934173583185,"67996"
"P49070","Camlg",-0.0130337508796067,-0.031928751211543,0.975564484654886,15.3733524643353,NA
"P59759","Mrtfb",-0.013086137336132,-0.0320571041363306,0.975466293552886,16.1549768833902,"239719"
"Q6PDM1","Msl1",-0.0131182097035426,-0.0321356853051558,0.97540617850885,11.7740481650639,"74026"
"P56528","Cd38",-0.0131481558214417,-0.0322090569957533,0.975350048905332,15.1261506898226,"12494"
"Q3UFF7","Lyplal1",-0.0131800975744993,-0.0322873183347209,0.975290178874016,16.2742499516213,"226791"
"Q8BTY1","Kyat1",-0.0131900703762778,-0.0323117529819222,0.975271486371627,14.5544558725956,"70266"
"Q8R4N0","Clybl",-0.0132470624350177,-0.0324513910422251,0.975164663601725,18.4637259044228,"69634"
"Q60700","Map3k12",-0.0133105298520455,-0.0326068949566754,0.975045704157364,14.375504904629,"26404"
"Q91YQ5","Rpn1",-0.0134302058879734,-0.0329001188041546,0.974821391811218,21.0490964938705,"103963"
"Q8BRK8","Prkaa2",-0.0135313817519139,-0.0331480156184435,0.974631756011158,17.7820545725714,"108079"
"Q9JHI5","Ivd",-0.0135523293951186,-0.0331993407731173,0.974592493584147,18.4590577813873,"56357"
"Q9D172","Gatd3",-0.0137431375432475,-0.0336668539898041,0.974234861571334,21.0559925203297,NA
"Q03249","Galt",-0.0137490052577749,-0.0336812309710526,0.974223863763944,14.9794174878938,"14430"
"Q91W50","Csde1",-0.0139168153193544,-0.0340923980062828,0.973909340302272,17.8230286036812,"229663"
"Q11011","Npepps",-0.0139304505217718,-0.0341258070096577,0.973883784209616,20.1555821112244,"19155"
"O08586","Pten",-0.0143964654755678,-0.0352676494592179,0.973010356733633,16.8748241996798,"19211"
"Q1HKZ5","Map3k13",-0.0144382997573909,-0.0353701540618537,0.97293195006077,12.3240310762955,"71751"
"Q91YD3","Dcp1a",-0.0144870041373763,-0.0354894923818243,0.972840667547135,14.2330018835937,"75901"
"Q9DB50","Ap1s2",-0.0145488965231753,-0.0356411450895041,0.972724668237853,17.9513628363499,"108012"
"P29351","Ptpn6",-0.0152470434845879,-0.0373518185078568,0.971416223802148,17.0273982658887,"15170"
"Q9Z2M6","Ubl3",-0.0152854868099916,-0.0374460179682372,0.971344176161459,14.9095856466342,"24109"
"Q9D7B6","Acad8",-0.0152864981569773,-0.0374484961208279,0.97134228077193,17.6379882614014,"66948"
"Q810U5","Ccdc50",-0.0153697797509254,-0.0376525654466156,0.971186201151703,8.93571784116848,"67501"
"Q60805","Mertk",-0.0154154072361872,-0.0377643692362608,0.971100690151846,13.9692832495386,"17289"
"P52479","Usp10",-0.0156170984608119,-0.0382585882918593,0.970722701178778,16.1533453401529,"22224"
"Q8BTY2","Slc4a7",-0.0156879669943858,-0.0384322438530172,0.970589887781401,16.6281349254965,"218756"
"P19258","Mpv17",-0.0156929731558468,-0.0384445109239488,0.970580505849859,16.9541757231314,"17527"
"Q924D0","Rtn4ip1",-0.0158756026722611,-0.0388920272864392,0.970238246115985,15.7475981281444,"170728"
"Q6NVF0","Ocrl",-0.0158842533386237,-0.0389132250226743,0.970222034295987,18.4111952834291,"320634"
"Q8VDG5","Ppcs",-0.0159778020914041,-0.0391424589963374,0.97004671940768,14.6061790543067,"106564"
"P20357","Map2",-0.0160392941058223,-0.0392931409750004,0.969931480968574,26.8095703423754,"17756"
"Q6PDN3","Mylk",-0.0162997995336095,-0.0399314966885775,0.969443288677041,12.6481014464025,"107589"
"Q8CHE4","Phlpp1",-0.0163004850743025,-0.0399331765829373,0.969442003971192,15.561379945234,"98432"
"Q9QYB5","Add3",-0.0163358955728257,-0.040019948892593,0.969375644641363,19.0660982293566,"27360"
"Q9D4H1","Exoc2",-0.0164321356501092,-0.0402557829281502,0.969195291362351,17.6548195956281,"66482"
"Q7TQG1","Plekha6",-0.0164866458022964,-0.0403893592642404,0.96909314019741,18.2178211485897,"240753"
"O70166","Stmn3",-0.0165126391082483,-0.0404530556096536,0.969044429281534,21.1431422196354,"20262"
"P31786","Dbi",-0.016763079027757,-0.0410667604379959,0.968575114375251,22.1107012069341,"13167"
"Q3UKJ7","Smu1",-0.0168828219616941,-0.0413601940858753,0.968350723439098,16.4030332020249,"74255"
"Q8BK08","Tmem11",-0.0169296194711074,-0.0414748732681464,0.968263028260605,17.5209427320943,"216821"
"Q91X72","Hpx",-0.017335793337204,-0.0424702302254659,0.967501899307219,18.3219624722619,"15458"
"P97433","Arhgef28",-0.0173627957395746,-0.0425364022073142,0.967451300276954,13.449992762583,"110596"
"Q9D7J4","Cox20",-0.017401921206122,-0.0426322830881318,0.967377984351568,15.7243464746845,"66359"
"Q3UVK0","Ermp1",-0.0174097602076383,-0.0426514933712945,0.967363295128363,16.0733898361686,"226090"
"O08734","Bak1",-0.0174264083138033,-0.042692291301681,0.967332098867168,16.0311054879326,"12018"
"Q99N87","Mrps5",-0.0174464520822559,-0.0427414107058043,0.967294539649932,16.1337181724654,"77721"
"P51885","Lum",-0.0174804206489787,-0.0428246544391404,0.967230887429347,9.09051702734591,"17022"
"Q8C008","Dzank1",-0.0176536034860091,-0.0432490604660027,0.966906369996394,17.6463073541788,"241688"
"Q9Z2A5","Ate1",-0.0177595777288668,-0.0435087654130213,0.966707792867124,17.5369519380213,"11907"
"Q9DBR0","Akap8",-0.0178271675931262,-0.0436744047492511,0.966581142106139,13.6857319605679,"56399"
"Q8VBZ3","Clptm1",-0.0178500910136645,-0.0437305822455252,0.966538188043088,18.2874277684821,"56457"
"Q91VN6","Ddx41",-0.018273263796769,-0.0447676470924836,0.96574525669848,12.6654173958282,"72935"
"Q8CHQ0","Fbxo4",-0.0182872579484865,-0.0448019428129345,0.965719035197568,12.4473893461874,"106052"
"Q6P9R2","Oxsr1",-0.0183282582967378,-0.0449024232588649,0.965642211069424,17.0674763656434,"108737"
"Q0VGB7","Ppp4r2",-0.0184615336045,-0.0452290455247371,0.965392488951967,15.9931028786419,"232314"
"Q8K4Z5","Sf3a1",-0.0185391659452252,-0.0454193028158673,0.965247027936227,18.3470476208281,"67465"
"Q9DB77","Uqcrc2",-0.0187888904139396,-0.046031320108048,0.964779120719832,21.8765083431489,"67003"
"Q8CHK4","Kat5",-0.0188182065216952,-0.0461031677150407,0.964724191881165,6.15386564645712,"81601"
"Q8CIP5","Disp2",-0.0188348132253365,-0.0461438673015435,0.96469307638057,18.299670635411,"214240"
"P28843","Dpp4",-0.0188615031275973,-0.0462092787967285,0.964643068363782,11.034753819438,"13482"
"Q62415","Ppp1r13b",-0.0190185157861638,-0.0465940867357321,0.964348880808053,17.5466395230925,"21981"
"Q8R464","Cadm4",-0.019177993174907,-0.0469849387864231,0.964050078796818,20.1343579341633,"260299"
"O89032","Sh3pxd2a",-0.0193492569682797,-0.0474046813131149,0.963729197468381,12.6842014200327,"14218"
"Q91YJ3","Thyn1",-0.0195444345957943,-0.0478830382437575,0.963363516162666,17.2651501613826,"77862"
"Q8VCM3","Zfyve21",-0.0195756123536384,-0.047959451690663,0.963305102589808,9.07713241914803,"68520"
"Q9D0S9","Hint2",-0.0196146766158007,-0.0480551943382753,0.96323191333557,18.712660181469,"68917"
"Q9JLV5","Cul3",-0.0196857021383604,-0.0482292714422108,0.963098843305081,21.3739860053928,"26554"
"Q8K2F8","Lsm14a",-0.0197524945402207,-0.0483929742182508,0.962973704926802,15.3628336117837,"67070"
"Q64436","Atp4a",-0.0201982231016679,-0.0494854355821719,0.962138630715033,20.8266558040206,"11944"
"P46735","Myo1b",-0.0202378539146596,-0.0495825704045939,0.962064383677718,18.9207745163106,"17912"
"Q8BMF4","Dlat",-0.0202737866401188,-0.0496706414445814,0.961997065092909,21.1943155975182,"235339"
"P16675","Ctsa",-0.0204046816651833,-0.0499914665264755,0.961751839939247,19.2082580098879,"19025"
"Q99JY4","Trabd",-0.0205411158930691,-0.0503258709902158,0.961496240161509,16.6031517058031,"67976"
"O54879","Hmgb3",-0.0206396015826123,-0.0505672641732051,0.961311736039256,17.4427000497136,"15354"
"O55234","Psmb5",-0.0209377787899816,-0.0512981199216324,0.960753136916053,20.5044605649529,"19173"
"Q61687","Atrx",-0.0212508349785434,-0.0520654599615662,0.960166678832895,17.6493128977111,"22589"
"O09005","Degs1",-0.0212600092040811,-0.0520879473706777,0.960149492699691,16.0679625669438,"13244"
"P41242","Matk",-0.0213279772350479,-0.0522545476660127,0.960022168186872,16.2334408938988,"17179"
"P97447","Fhl1",-0.0215962284512801,-0.0529120805332857,0.959519660414645,17.8069823188581,"14199"
"Q8K2P6","Rfesd",-0.0216350638512464,-0.0530072741562385,0.959446912068717,10.3917742115203,"218341"
"P54254","Atxn1",-0.0217674678387344,-0.0533318256080068,0.959198888369045,16.5711292353759,"20238"
"O08539","Bin1",-0.021786647319167,-0.0533788389880899,0.959162960943953,20.7852324885378,"30948"
"B1AZP2","Dlgap4",-0.0218467845295454,-0.0535262497000283,0.959050310986967,17.7530388467958,"228836"
"P59999","Arpc4",-0.0218558260674985,-0.0535484127261961,0.959033374288751,21.1429685555405,"68089"
"Q8R086","Suox",-0.02195584418336,-0.0537935825270612,0.958846020260843,15.9964985472278,"211389"
"Q80Y14","Glrx5",-0.0219847904601913,-0.0538645375034603,0.958791798374966,18.1878560327949,"73046"
"Q99LP6","Grpel1",-0.0222911724021609,-0.0546155689786427,0.958217895185244,18.5166310035508,"17713"
"O88737","Bsn",-0.0223717808615293,-0.054813166365977,0.958066905032842,25.81731628286,"12217"
"Q9CRB0","Snx24",-0.0224406616718265,-0.0549820163422616,0.95793788315922,14.503443531241,"69226"
"Q9D799","Mtfmt",-0.0226258706310274,-0.0554360295326409,0.957590968921275,13.2703967701847,"69606"
"Q9D486","Cmip",-0.0227050810180671,-0.0556302041723496,0.957442602002512,18.0967118530497,"74440"
"Q64511","Top2b",-0.0227791513615259,-0.0558117795680456,0.957303863732003,16.2504080557898,"21974"
"Q91ZV7","Plxdc1",-0.0228509790421506,-0.0559878581977797,0.957169327000437,11.7861541536263,"72324"
"Q8BKX6","Smg1",-0.0228968456940272,-0.0561002963236905,0.957083416997756,17.2373496791588,"233789"
"Q9JKF1","Iqgap1",-0.0229760087706833,-0.0562943585863004,0.956935142360927,20.0168271648034,"29875"
"Q6A152","Cyp4x1",-0.0230293629834726,-0.0564251529791671,0.956835209050128,15.1244775049962,"81906"
"P49138","Mapkapk2",-0.0232604688905269,-0.0569916997085033,0.956402349605634,12.8999818565717,"17164"
"P24547","Impdh2",-0.0232867223301591,-0.0570560595242502,0.956353177718554,16.0235100959761,"23918"
"Q8K1E0","Stx5",-0.023362782088586,-0.0572425192652662,0.956210720803906,16.9243250023682,NA
"Q5NCI0","Urgcp",-0.0234833907969058,-0.0575381923539057,0.955984827549083,12.4076464513459,"72046"
"Q9EPK6","Sil1",-0.0238548339497981,-0.0584488036789151,0.955289151781458,11.9882028239516,"81500"
"Q9ERA0","Tfcp2",-0.0242650477508614,-0.0594544913316259,0.954520891161532,14.7005197138836,"21422"
"O70146","Tesk1",-0.0243308544690229,-0.0596158270683782,0.954397649215772,8.81715840655558,"21754"
"Q9D0C4","Trmt5",-0.0244105650065382,-0.0598112512896146,0.954248369440112,10.2501059839399,"76357"
"Q9CZT6","Cmss1",-0.0245009569975875,-0.0600328643299188,0.954079087129096,15.337302684681,"66497"
"Q8C0J6","Sowahc",-0.0246549077538294,-0.0604103070831548,0.95379077809857,8.52136827175797,"268301"
"Q9DB16","Cab39l",-0.0248539737527185,-0.0608983657498582,0.953417986653438,16.4535806204318,"69008"
"Q8VCZ6","Sgsm3",-0.0249934679930401,-0.0612403740912396,0.953156759800331,13.0875679960926,"105835"
"Q8VHW2","Cacng8",-0.0250235047723336,-0.0613140179512297,0.953100511263638,17.6715173901584,"81905"
"Q60841","Reln",-0.0251445958985472,-0.0616109095898907,0.952873751031516,15.3105451486504,"19699"
"Q6A037","N4bp1",-0.0251605647806369,-0.0616500623520245,0.952843847250927,19.8732047022433,"80750"
"Q9DB15","Mrpl12",-0.0252841392914234,-0.0619530459255039,0.952612439752636,16.965200509354,"56282"
"Q6ZPF4","Fmnl3",-0.0253387742518603,-0.0620870024129434,0.952510130420963,13.0913994881449,"22379"
"Q9Z0L0","Tpbg",-0.0254006448906803,-0.0622387003388383,0.952394272255123,16.1221559814542,"21983"
"Q9D415","Dlgap1",-0.0255529786268502,-0.0626122038488684,0.952109017161615,17.6141286815818,"224997"
"Q9CTN8","Lhfpl3",-0.0256491975020974,-0.0628481228966898,0.951928843180915,15.0277638131518,"269629"
"P70697","Urod",-0.0256961096837347,-0.0629631475022271,0.951840998748875,18.5011775813173,"22275"
"Q3THE2","Myl12b",-0.0257818723597556,-0.0631734312311203,0.951680406726207,20.4525633336879,"67938"
"Q9EP89","Lactb",-0.0258281161317449,-0.0632868181135508,0.951593815091396,21.3554749492674,"80907"
"P58069","Rasa2",-0.0259495479278528,-0.0635845633403537,0.951366435574836,17.1956937974517,"114713"
"O35286","Dhx15",-0.0261113118435536,-0.0639812054627245,0.95106353912693,19.3896737220683,"13204"
"Q9D819","Ppa1",-0.0262566552931014,-0.0643375891952528,0.950791393710439,19.5834577800009,"67895"
"P52293","Kpna2",-0.0263871701747784,-0.0646576165954286,0.950547017289269,6.41047644290227,"16647"
"Q9WUU8","Tnip1",-0.0264205220710369,-0.0647393972299802,0.950484569647318,12.4803344546562,"57783"
"Q3TYA6","Mphosph8",-0.0265805262668096,-0.065131739094477,0.950184983011278,13.4290008440482,"75339"
"Q61809","Lrrn1",-0.026637802428202,-0.0652721856021893,0.950077742233325,15.3181863186532,"16979"
"Q61146","Ocln",-0.0267261924140391,-0.0654889273820078,0.94991224690382,11.6625126680855,"18260"
"P35486","Pdha1",-0.0268231259869554,-0.0657266207263178,0.949730756948868,21.6002943255685,"18597"
"P61294","Rab6b",-0.0268348699696154,-0.0657554185786183,0.949708768669703,19.8873990106209,"270192"
"Q9JIS8","Slc12a4",-0.0268777111697349,-0.0658604712939437,0.949628557251436,16.0169943866369,"20498"
"Q3USH1","Insyn2a",-0.0268780121232978,-0.0658612092761637,0.949627993778517,11.0208616230381,"627214"
"Q499E5","Stox2",-0.0269250924293995,-0.0659766573038859,0.949539845927296,6.06635915294973,"71069"
"Q9JKN1","Slc30a7",-0.0269704084290859,-0.066087779400528,0.949455001786717,12.8263837070542,"66500"
"P80317","Cct6a",-0.0272471815291934,-0.0667664802918251,0.948936814688694,19.5788134616004,"12466"
"O08915","Aip",-0.0274459322143606,-0.0672538646807526,0.948564714320121,16.3346480517509,"11632"
"Q8BU88","Mrpl22",-0.0274710463465717,-0.0673154511282516,0.948517696302716,16.6087205366676,"216767"
"Q9DCC8","Tomm20",-0.0275175074978516,-0.0674293864089067,0.948430713300402,18.9635290144328,"67952"
"Q3TXS7","Psmd1",-0.0277125099368041,-0.0679075897896667,0.948065641167016,18.4668957355305,"70247"
"Q8VEL9","Rem2",-0.0277242274175513,-0.0679363247481532,0.948043704637523,16.1020894020501,"140743"
"P97318","Dab1",-0.0277905892351419,-0.0680990653845859,0.947919467893403,13.8208058624165,"13131"
"Q8BLU0","Flrt2",-0.027933928827258,-0.0684505834948157,0.947651123279549,15.3147541253755,"399558"
"P28798","Grn",-0.0279547114420831,-0.0685015499834568,0.947612216711116,16.4826612661772,"14824"
"Q8CFY5","Cox10",-0.0281291352528267,-0.068929303767141,0.947285686208163,6.67223483196802,"70383"
"Q80XU8","Lrfn4",-0.0284400610058686,-0.0696918280865266,0.946703632856272,14.5631454529823,"225875"
"P43407","Sdc2",-0.0286486965472302,-0.0702035039365377,0.946313078430819,14.7033514044985,"15529"
"Q8K0T0","Rtn1",-0.028949873659729,-0.0709421529541381,0.945749307699721,21.6778933015461,"104001"
"Q921I9","Exosc4",-0.0290677118040766,-0.0712311610085482,0.945528732880556,14.594850762159,"109075"
"E9Q137","Tex264",-0.0293402352426648,-0.0718995592872561,0.945018622671438,14.6228346194656,"21767"
"Q8BFU3","Rnf214",-0.0293413432204075,-0.0719022767757717,0.945016548788523,18.0392765460948,"235315"
"P08228","Sod1",-0.0293836734442908,-0.0720060984619372,0.944937316417123,21.1126305712292,"20655"
"P56960","Exosc10",-0.0295755477060724,-0.0724767058371481,0.94457817721116,14.017929792602,"50912"
"Q9Z2X2","Psmd10",-0.0295901916499352,-0.0725126231664882,0.944550767853857,14.6471154776008,"53380"
"Q3TYS2","Cybc1",-0.0297610985700643,-0.0729318115274405,0.944230881537171,13.5247432959627,"217370"
"Q9CYN9","Atp6ap2",-0.0297987383688989,-0.0730241326129281,0.944160432036164,18.9794852623804,"70495"
"Q9JLB9","Nectin3",-0.0298875265441968,-0.0732419092048802,0.943994250610138,17.5379613909631,"58998"
"Q9R1T4","Septin6",-0.0298907944271144,-0.0732499245891266,0.943988134272536,21.1525076277958,"56526"
"Q99K70","Rragc",-0.0300516135950124,-0.0736443808674196,0.943687139813944,16.9619579090489,"54170"
"Q99M07","Coa5",-0.0304445562476417,-0.0746082123621849,0.942951719948255,10.7906861576326,"76178"
"P70677","Casp3",-0.0306788810388284,-0.075182993635211,0.942513181324463,15.9184151229995,"12367"
"Q810U3","Nfasc",-0.0307336193670454,-0.0753172644646671,0.942410740410373,19.8057370278624,"269116"
"Q8BGU5","Ccny",-0.0308310648802607,-0.0755562959118586,0.94222837616464,18.0619797620148,"67974"
"Q9WVK8","Cyp46a1",-0.0312710300933151,-0.0766355467062404,0.941405031400506,19.6530615372406,"13116"
"Q9D1B9","Mrpl28",-0.0313213331616964,-0.0767589448054955,0.94131089781706,15.2329848561541,"68611"
"Q8BHK2","Scn3b",-0.0313925596611934,-0.0769336710236326,0.94117761062912,18.9655875546268,"235281"
"Q60673","Ptprn",-0.0315511449676336,-0.0773227019527637,0.940880851920985,15.4375158451805,"19275"
"P63141","Kcna2",-0.0315906880010676,-0.0774197072024444,0.940806856460064,16.996314166576,"16490"
"Q99JH8","Kdelr1",-0.0315929528796984,-0.0774252633152036,0.940802618285076,17.3156754396734,"68137"
"Q07813","Bax",-0.0318285665953307,-0.078003268318438,0.94036173060046,17.4042279991182,"12028"
"P21300","Akr1b7",-0.031999142762189,-0.0784217320324889,0.940042551447964,18.8222292987149,"11997"
"Q8BKG3","Ptk7",-0.0320735274914524,-0.078604217526492,0.939903366220207,16.0205257160821,"71461"
"P70271","Pdlim4",-0.0324191083609157,-0.0794520363653023,0.939256748940847,14.7416187986007,"30794"
"A2A8Z1","Osbpl9",-0.0327294263750246,-0.0802133686004888,0.938676136792865,16.7309539903012,"100273"
"Q61586","Gpam",-0.0329952251545773,-0.0808654960856319,0.938178839923556,14.2267903502735,"14732"
"P70122","Sbds",-0.033201895787361,-0.0813725667102268,0.937792181064958,18.967495872654,"66711"
"P70423","Slc7a3",-0.0332084201760909,-0.0813885746012308,0.937779974797506,12.5591008282846,"11989"
"Q8CBE3","Wdr37",-0.0333988209142537,-0.0818557362582711,0.937423764899133,19.1117036423843,"207615"
"Q00560","Il6st",-0.0334152988649808,-0.0818961664928054,0.937392937665218,16.9430378363539,"16195"
"F8VQK3","Gucy1a2",-0.0337172152268061,-0.0826369591495768,0.936828119403883,16.8380179097659,"234889"
"Q9D1M0","Sec13",-0.0342372147311139,-0.0839129015268576,0.935855370255229,18.4902520482923,"110379"
"Q9ERZ3","Chrm3",-0.0343722008584542,-0.0842441331864737,0.935602866617066,14.6569522446437,"12671"
"Q61120","Shc3",-0.0344826336395566,-0.084515118786009,0.93539629570002,16.1859811167263,"20418"
"Q80XQ8","Fam168b",-0.0344967174372594,-0.0845496785508961,0.935369951366494,13.5237921233672,"214469"
"Q9Z1R2","Bag6",-0.0345865501975288,-0.0847701173746963,0.935201916632679,17.6638898075587,"224727"
"Q9QYC0","Add1",-0.0346856888352899,-0.0850133940942919,0.935016477417413,21.051512773182,"11518"
"P16332","Mmut",-0.0347269822898075,-0.0851147250166174,0.934939238599855,21.4188181822044,"17850"
"Q9WVH9","Fbln5",-0.0349001802090287,-0.0855397439858618,0.934615279200996,14.7204896621276,"23876"
"Q6P8J7","Ckmt2",-0.0349761463451589,-0.0857261634895724,0.934473190221086,14.1936646269358,"76722"
"Q5XJE5","Leo1",-0.0350011333233175,-0.0857874814003438,0.93442645427626,15.5715286198976,"235497"
"Q9WV95","Phlda3",-0.0350121541486103,-0.085814526497857,0.934405840843942,14.8525432605833,"27280"
"Q6PDC8","Slc60a1",-0.0351170715621091,-0.0860719953277746,0.934209604142104,17.6149522951395,NA
"O35900","Lsm2",-0.0351452414040387,-0.0861411250067309,0.934156915984914,16.6926095243281,"27756"
"P33175","Kif5a",-0.0352009319050182,-0.0862777918545193,0.934052754500621,16.6689223926622,"16572"
"Q99M80","Ptprt",-0.0352140610595107,-0.0863100114728144,0.934028198327413,18.2628626937974,"19281"
"Q8BXK8","Agap1",-0.0353801149196684,-0.086717520027017,0.933717622672445,17.7139915869137,"347722"
"Q02780","Nfia",-0.0356330115594676,-0.0873381610653448,0.933244636339873,13.5503639385232,"18027"
"Q9ES28","Arhgef7",-0.0359809533486175,-0.0881920826659841,0.932593917338686,18.9611491514278,"54126"
"Q9QZ73","Dcun1d1",-0.0360750422246406,-0.0884230018624734,0.932417958382637,17.2068773096949,"114893"
"P70403","Cux1",-0.0361431224651875,-0.0885900903984788,0.932290640592817,5.21121247579741,"13047"
"Q8BXN7","Ppm1k",-0.0363341185002028,-0.0890588563276593,0.931933462998641,16.4088890450194,"243382"
"P17427","Ap2a2",-0.0364096862186434,-0.0892443265994344,0.931792148165063,20.8851888494507,"11772"
"Q9QWH1","Phc2",-0.0365818310953193,-0.0896668375686949,0.93147023577545,8.24327810833342,"54383"
"Q8CAK1","Iba57",-0.0365902649858885,-0.0896875378454136,0.93145446453639,20.4722809738067,"216792"
"Q9R1Z7","Pts",-0.0367461077500077,-0.0900700442913488,0.931163044598987,16.2513329428538,"19286"
"Q9CPW3","Mrpl54",-0.036760757374872,-0.0901060012293272,0.931135650710735,12.3211441804624,"66047"
"Q9QZQ8","Macroh2a1",-0.036765031258639,-0.0901164913227951,0.931127658824778,19.8056734167461,"26914"
"P70392","Rasgrf2",-0.0369767080340901,-0.0906360505365681,0.930731843263972,17.0083674014365,"19418"
"Q9QUJ7","Acsl4",-0.0370206528551516,-0.0907439143317234,0.930649672155739,17.0605118375744,"50790"
"Q05AA6","Drp2",-0.0371610400741204,-0.0910885022311633,0.93038716987922,14.5038070012681,"13497"
"Q91YI1","Atg13",-0.0371989619446073,-0.0911815844058098,0.930316262816421,13.9626501513519,"51897"
"P15864","H1-2",-0.037507871606718,-0.0919398418796704,0.929738672386952,21.0858036938072,NA
"O35691","Pnn",-0.0375756117756047,-0.0921061221334272,0.929612017337342,16.9405176508775,"18949"
"Q9D3L0","Fam174a",-0.0378254289385944,-0.0927193536577227,0.929144940736961,5.83787653018364,"67698"
"Q9WTK3","Gpaa1",-0.0379297990564896,-0.0929755583640802,0.928949807893064,18.2163237076064,"14731"
"Q8CB67","Lrp11",-0.0380071731177613,-0.0931654959082416,0.92880514951272,13.3852561835422,"237253"
"Q7TN73","Casd1",-0.0383062885031258,-0.0938997790049476,0.92824594008298,15.2980208355453,"213819"
"Q7TQI3","Otub1",-0.0383243255144924,-0.0939440579498918,0.928212219911774,20.6497857652175,"107260"
"Q9ERD7","Tubb3",-0.0387853534879761,-0.0950758639373562,0.92735036048264,26.9401633986283,"22152"
"Q9JLJ2","Aldh9a1",-0.0389352894756305,-0.0954439641030259,0.927070078948306,18.3654237032332,"56752"
"P53798","Fdft1",-0.039019481835405,-0.0956506632833866,0.926912697564986,13.8929077965014,"14137"
"Q6WQJ1","Dagla",-0.0390775175634093,-0.0957931469651918,0.926804212167142,18.9314789370615,"269060"
"Q8R4G0","Ntng1",-0.0390783676788896,-0.0957952340933506,0.926802623065146,15.5275406900448,"80883"
"P56387","Dynlt3",-0.0392801045808373,-0.0962905265503991,0.926425526742807,18.2705509529549,"67117"
"Q99LY9","Ndufs5",-0.0393119844243493,-0.0963687971257685,0.926365936499407,20.92019726606,"595136"
"Q6NVG1","Lpcat4",-0.0393143250906643,-0.0963745438813736,0.926361561305419,18.8803666119849,"99010"
"Q9WTQ8","Timm23",-0.0393611373731432,-0.096489476764498,0.926274059715615,17.141357324101,"53600"
"Q5SV85","Synrg",-0.0393684596579292,-0.0965074543966502,0.926260372948125,17.2572520731393,"217030"
"Q9JLB2","Pals1",-0.0393721185084839,-0.0965164375916521,0.926253533854191,16.2340937552646,"56217"
"Q922Q4","Pycr2",-0.039758582648985,-0.0974653047445245,0.925531180498709,18.600344433562,"69051"
"B2RRE7","Otud4",-0.0400050795543971,-0.0980705398106872,0.925070467892314,14.2406728394756,"73945"
"Q76KF0","Sema6d",-0.0400980150120184,-0.0982987331172384,0.924896772511973,10.0092590171199,"214968"
"O88983","Stx8",-0.0402498111451084,-0.0986714581607658,0.924613072735956,15.9566314883083,"55943"
"Q9CQE1","Nipsnap3b",-0.0402578727559009,-0.0986912530869271,0.924598006161558,19.3290879745634,"66536"
"A2A4P0","Dhx8",-0.0403938601255434,-0.0990251669273322,0.924343858442474,13.1644335665671,"217207"
"Q8BKR5","Ppp1r37",-0.0404153882723978,-0.0990780292987904,0.924303624854886,16.3292928849571,"232947"
"Q9CQX2","Cyb5b",-0.0404415507129148,-0.099142271365857,0.924254730503472,19.5226522614993,"66427"
"Q60590","Orm1",-0.0405439848085234,-0.0993938010152932,0.92406329589889,16.2297569487582,"18405"
"Q9D7G0","Prps1",-0.0406078657940554,-0.0995506640650312,0.923943913128999,21.0329259843063,"19139"
"Q924X6","Lrp8",-0.0407892734735568,-0.0999961266372887,0.923604899594414,7.56148573712932,"16975"
"Q91VC9","Ghitm",-0.0411608700612601,-0.100908645838385,0.922910493648785,17.0240637189192,"66092"
"Q9DAV9","Tmem38b",-0.0412083661188571,-0.10102528357508,0.92282174039031,7.75592461171631,"52076"
"Q80TR1","Adgrl1",-0.041367707822239,-0.101416589608078,0.922523992442461,18.1108886155665,"330814"
"O88456","Capns1",-0.041939052945531,-0.102819743817934,0.92145643449247,18.5077000485331,"12336"
"Q3U2J5","Camkmt",-0.0421983986298943,-0.103456698571131,0.920971881007422,9.40235588989953,"73582"
"P63158","Hmgb1",-0.0423420960980316,-0.103809629535363,0.92070341022618,22.7957786324323,"15289"
"O88746","Tom1",-0.0424412230745134,-0.104053096036094,0.920518214556894,20.9488276401181,"21968"
"Q8CIV2","Tmem259",-0.0424914135556496,-0.104176370421831,0.9204244465222,12.1195562948384,"216157"
"Q8BYI6","Lpcat2",-0.0425185754169963,-0.104243083835057,0.920373701888361,14.0933513564936,"270084"
"Q9CY62","Rnf181",-0.0427153045220219,-0.104726285553422,0.920006173477449,14.5644861354846,"66510"
"Q9CY27","Tecr",-0.0428005902909407,-0.104935766379626,0.919846846837786,18.709568893425,"106529"
"Q6WVG3","Kctd12",-0.0430733779691181,-0.105605809071886,0.919337254110968,18.7737172581786,"239217"
"Q69ZF3","Gba2",-0.0432185713392065,-0.105962454162409,0.919066029180949,15.6956537634248,"230101"
"Q91WG4","Elp2",-0.0433875516348538,-0.106377536633374,0.91875037825505,19.3453335960078,"58523"
"Q64008","Rab34",-0.0434220845613267,-0.106462364289816,0.918685872760414,14.4826168763716,"19376"
"Q63810","Ppp3r1",-0.0439229134542071,-0.107692657670046,0.917750397301213,22.1648243979507,"19058"
"Q8CBF3","Ephb1",-0.0441576372052888,-0.108269287882108,0.917311995831882,14.5583971918856,"270190"
"Q9JIB4","Gtf2h2",-0.0441578473593799,-0.108269804161708,0.917311603328141,10.0435731590753,"23894"
"Q80XC2","Trmt61a",-0.0443517092596365,-0.108746065340745,0.916949534657075,13.979570766012,"328162"
"Q6PAM1","Txlna",-0.0448823917999045,-0.110049858041387,0.915958462571463,15.5227364407895,"109658"
"Q08122","Tle3",-0.0448873861093889,-0.110062128613982,0.915949135934929,14.2884366175352,"21887"
"Q9Z0J0","Npc2",-0.044893917146174,-0.110078174800859,0.915936939545553,14.6523505875327,"67963"
"P97496","Smarcc1",-0.0449500432400794,-0.110216072294049,0.915832127421898,15.2506851527844,"20588"
"Q8C4X2","Csnk1g3",-0.0450299000931594,-0.110412276239062,0.915683001351812,17.5232768554432,"70425"
"P23242","Gja1",-0.0451811377390733,-0.110783864725075,0.915400583446196,19.1938535884635,"14609"
"Q8CIT0","Crh",-0.0451947111263797,-0.110817214694274,0.915375237174474,10.2646620727402,"12918"
"Q9DCL8","Ppp1r2",-0.0452253278742392,-0.110892440622818,0.915318065203576,16.8064802980198,"66849"
"P50428","Arsa",-0.0455363273868263,-0.11165659008896,0.914737340447913,14.1195305059359,"11883"
"Q9CXW4","Rpl11",-0.045841311021874,-0.112405989680246,0.914167881062832,19.3857150736168,"67025"
"Q8BZW8","Nhlrc2",-0.0464160190622107,-0.113818236371895,0.913094884522072,15.629335434164,"66866"
"Q9DCT8","Crip2",-0.0465067265016792,-0.114041144699698,0.912925541554946,20.1786389302561,"68337"
"Q9CPV9","P2ry12",-0.0465301441228328,-0.114098692618935,0.912881823340584,18.7887707951728,"70839"
"Q3U9G9","Lbr",-0.0470573215561122,-0.115394261319268,0.911897689718964,16.3633351328017,"98386"
"Q61127","Nab2",-0.0473009748333754,-0.115993085774117,0.911442871343921,13.7056681709685,"17937"
"Q80VJ2","Sra1",-0.0473626248973269,-0.116144605863719,0.911327794823653,14.5165535311176,"24068"
"Q91VW5","Golga4",-0.0474636174904465,-0.116392822703112,0.911139284124031,17.576037655402,"54214"
"B2RWJ3","Tmem240",-0.0477030707182834,-0.116981358623142,0.910692340139153,15.5140274137036,"381582"
"Q8BGK9","Q8BGK9",-0.0477747537190786,-0.11715754735732,0.910558546436544,13.8062057727685,NA
"O70133","Dhx9",-0.0478030583685407,-0.117227117494018,0.910505717347931,18.578960238434,"13211"
"Q6P6J9","Txndc15",-0.0478149581566694,-0.117256366126109,0.910483507126225,16.1393367750597,"69672"
"Q9D753","Exosc8",-0.0479221398096107,-0.11751981145422,0.910283461456509,12.1404726141277,"69639"
"Q9DBX3","Susd2",-0.0480579192082078,-0.117853553970085,0.910030046381279,17.3621689242854,"71733"
"Q9JIM1","Slc29a1",-0.0480902787356233,-0.1179330938805,0.909969652393503,13.9834636164133,"63959"
"Q9D710","Tmx2",-0.0482932085448597,-0.118431905051643,0.909590924300803,18.4742184412345,"66958"
"Q8VH37","Hdac8",-0.0483153065124167,-0.118486223798577,0.909549683740621,6.67314543601355,"70315"
"P48193","Epb41",-0.0486868043039763,-0.119399424202386,0.908856398644329,15.658745601439,"269587"
"P47941","Crkl",-0.0487649165838102,-0.119591442863505,0.908710632750141,17.4412270432118,"12929"
"Q9Z0F7","Sncg",-0.0488444052671728,-0.119786847311626,0.908562300624761,19.4446860949795,"20618"
"Q9CZX7","Pip4p2",-0.0489260183014674,-0.119987476356418,0.90841000669628,15.4411232158907,"72519"
"Q8BUN9","Slc24a2",-0.0489591877682589,-0.120069017432184,0.908348111539546,18.4872739366131,"76376"
"Q99LB2","Dhrs4",-0.0491029819921937,-0.120422513876521,0.908079792142797,16.435479995356,"28200"
"Q01147","Creb1",-0.0493277526251238,-0.120975093672392,0.907660386344746,17.397925140432,"12912"
"Q9CU65","Zmym2",-0.0498106123384313,-0.122162226295754,0.906759468087951,9.86679777331234,"76007"
"Q8R3G1","Ppp1r8",-0.0498169599710134,-0.122177832809921,0.9067476252702,13.4136176584846,"100336"
"Q6PEE3","Rrm2b",-0.0499273477423613,-0.122449238467241,0.906541676518792,13.8062381838493,"382985"
"Q2TA57","Asphd1",-0.04996962169529,-0.122553176804664,0.906462807865786,15.110076090754,"233879"
"Q8BHS6","Armcx3",-0.0499828282584931,-0.122585647719938,0.906438169099123,18.1752622271565,"71703"
"Q9DC23","Dnajc10",-0.0499904796218662,-0.122604460120823,0.906423894396474,15.1540687573379,"66861"
"Q8VE09","Ttc39c",-0.0500127659590655,-0.122659255643251,0.906382316201,16.6535179439914,"72747"
"A2AP18","Plch2",-0.0500507281398771,-0.122752593859303,0.906311493013529,17.4337965500682,"269615"
"Q8VI36","Pxn",-0.0500656664505728,-0.122789323066953,0.906283623877967,16.2976025686014,"19303"
"Q99NB1","Acss1",-0.0500915884676014,-0.122853058391156,0.906235263574184,15.8044488007752,"68738"
"P48320","Gad2",-0.0501550286725988,-0.12300904198043,0.906116910128151,19.890507549396,"14417"
"Q9CTG6","Atp13a2",-0.0502462027081342,-0.123233218733761,0.905946819355508,9.17510568858249,"74772"
"Q9ERZ4","Chrm2",-0.0503611992390197,-0.123515974130671,0.905732290708873,9.34180367998753,"243764"
"Q99ME9","Gtpbp4",-0.0504127922500969,-0.123642833490581,0.905636044390412,17.0209867202214,"69237"
"Q921F4","Hnrnpll",-0.0507025851448882,-0.124355408573115,0.905095456921858,18.6308703857455,"72692"
"Q80W47","Wipi2",-0.0510228096346991,-0.125142848888043,0.904498138589869,17.6238710528743,"74781"
"Q9QZB7","Actr10",-0.0511051144984936,-0.125345244921643,0.90434462071712,19.2294253397908,"56444"
"Q9D8Z1","Ascc1",-0.0511195747496857,-0.125380804414825,0.904317649224832,13.803210182925,"69090"
"A8Y5H7","Sec14l1",-0.051243411262308,-0.125685336502248,0.904086670653484,16.7950906500649,"74136"
"Q4KML4","Abracl",-0.0513187921867568,-0.125870712060114,0.903946073816923,16.7280763742118,"73112"
"Q9JJU8","Sh3bgrl",-0.0513650339749245,-0.125984430189633,0.903859826960381,18.5968252417806,"56726"
"P15209","Ntrk2",-0.0514035749371747,-0.126079211014832,0.903787943758034,19.1262519037786,"18212"
"Q9QZD9","Eif3i",-0.0514704201712926,-0.126243599699207,0.903663271279661,17.1304047522003,"54709"
"Q60900","Elavl3",-0.0515565219345924,-0.126455347378477,0.903502686147658,16.5670784816029,"15571"
"P16301","Lcat",-0.0515739980294378,-0.126498326199026,0.903470092495092,8.58303725056906,"16816"
"Q920Q4","Vps16",-0.0517100575642435,-0.126832940314962,0.903216339767577,19.2310793458264,"80743"
"P20060","Hexb",-0.052065160612978,-0.12770628622458,0.902554101935521,18.6050103903222,"15212"
"Q8R2K1","Fuom",-0.0524123583393497,-0.128560236623761,0.90190665435259,18.134596171743,"69064"
"Q9D937","Rsmc",-0.0525717497255926,-0.128952283451995,0.901609440196361,13.8971001112632,NA
"Q5SUC9","Sco1",-0.0526644143329158,-0.129180210381039,0.901436654814884,17.6193909789374,"52892"
"Q99LC9","Pex6",-0.0527329989599235,-0.129348909990477,0.901308771910221,13.4633830062605,"224824"
"P25799","Nfkb1",-0.0528943338162708,-0.129745757288551,0.90100795423473,13.3073341219848,"18033"
"P43276","H1-5",-0.0530285888990104,-0.130076002226762,0.900757636128414,18.526367367724,NA
"Q6PFX9","Tnks",-0.0532829655470245,-0.130701745438292,0.900283371425167,11.9444983389744,"21951"
"Q9JM98","Wrap73",-0.0533843382108283,-0.130951119992613,0.90009437746429,9.82107414898727,"59002"
"P62956","Cacng7",-0.0539899168137534,-0.132440915066218,0.898965453708972,15.9405332613764,"81904"
"Q91WM1","Strbp",-0.0543293258995765,-0.133275965593318,0.898332789622065,18.0529380313699,"20744"
"Q9D1X0","Nol3",-0.0546232565629946,-0.133999162668109,0.897784935862756,17.7772108576847,"78688"
"P80316","Cct5",-0.0546268098187272,-0.134007905433606,0.897778313208461,21.0255146189871,"12465"
"Q9WVA4","Tagln2",-0.0546510463694386,-0.134067539464836,0.897733140606235,16.7835447660186,"21346"
"Q4ACU6","Shank3",-0.0546881327947093,-0.134158791071605,0.897664018597365,19.132079977819,"58234"
"Q8R5H1","Usp15",-0.0547993080484479,-0.134432342493037,0.897456812543594,17.7091567795084,"14479"
"Q8BU04","Ubr7",-0.0552899082543367,-0.135639545114858,0.896542503026554,12.240834349814,"66622"
"P48036","Anxa5",-0.0552939289178385,-0.135649439025611,0.896535010306869,19.4787176900495,"11747"
"Q8VHK5","Mlc1",-0.0553127356819051,-0.135695718153058,0.8964999629933,16.9438235982516,"170790"
"Q9WV03","Fam50a",-0.0557153833256553,-0.136686576372245,0.89574964482563,13.5062243178148,"108160"
"A2APX8","Scn1a",-0.0557384180531049,-0.136743263557764,0.895706722547853,15.9825190631267,"20265"
"Q923L3","Csmd1",-0.0557653670970514,-0.136809583936908,0.895656506721025,20.1429369575296,"94109"
"Q811G0","Bbs9",-0.0558735762061549,-0.137075884685294,0.895454877019839,13.8535693619647,"319845"
"Q923G2","Polr2h",-0.0559304450485569,-0.137215839865902,0.895348913338236,13.9649974608905,"245841"
"Q6I6G8","Hecw2",-0.0559496137683713,-0.137263014710582,0.895313196578222,18.0312026161976,"329152"
"O35544","Slc1a6",-0.0563993019140532,-0.138369755701919,0.894475344270896,13.3992602173235,"20513"
"Q8BXK9","Clic5",-0.0564066223106802,-0.138387772846709,0.894461705719563,11.1594911989244,"224796"
"Q9D892","Itpa",-0.0566877715810221,-0.139079761492165,0.893937916700222,18.994640175616,"16434"
"Q7TNE3","Spag7",-0.0567360115183775,-0.139198497086122,0.893848047698899,16.9388998216214,"216873"
"Q3U7R1","Esyt1",-0.0568813094275667,-0.139556132682968,0.893577369691052,16.2690242106287,"23943"
"Q9D020","Nt5c3a",-0.057015293285284,-0.139885927809757,0.893327776782278,18.6989201600868,NA
"Q8VCK3","Tubg2",-0.057128156348201,-0.140163740951141,0.893117534852814,16.4966595258834,"103768"
"O08553","Dpysl2",-0.0573057421852914,-0.140600880529176,0.892786738004446,24.3074527353775,"12934"
"Q9CPR4","Rpl17",-0.0575648509946994,-0.141238718463574,0.892304109023759,19.7439940662525,"319195"
"Q501P1","Fbln7",-0.0578705525321809,-0.14199128871249,0.891734731264865,12.9280409790229,"70370"
"Q9ET01","Pygl",-0.0579185086410633,-0.142109349783192,0.891645415318698,16.3658413956577,"110095"
"Q7TSZ8","Nacc1",-0.0579951183468763,-0.142297953953389,0.891502735492511,16.8956050222229,"66830"
"Q9DCN1","Nudt12",-0.0580397827254302,-0.14240791361347,0.891419552614134,17.0385156166506,"67993"
"O35969","Gamt",-0.0582082446661096,-0.142822659400908,0.89110581711661,16.2805853925947,"14431"
"Q63959","Kcnc3",-0.0582642542769192,-0.142960555275693,0.891001510217466,15.9694419523466,"16504"
"Q9DBN5","Lonp2",-0.0584155137419055,-0.143332963426293,0.890719826003624,13.8164683276338,"66887"
"Q99N85","Mrps18a",-0.0585024348168012,-0.143546971815068,0.890557961017141,14.0360885457109,"68565"
"P62077","Timm8b",-0.0585995827878938,-0.143786163723245,0.890377055348389,15.6557172006157,"30057"
"Q8JZL3","Thtpa",-0.0587817369644924,-0.144234663866644,0.890037865143334,16.3212559136009,"105663"
"Q9ERG2","Strn3",-0.0587855477598135,-0.144244046963828,0.890030769197789,16.9956139177441,"94186"
"Q9D883","U2af1",-0.0587858699014178,-0.144244840154443,0.890030169349732,17.3396234527213,"108121"
"Q923T9","Camk2g",-0.0591749997224471,-0.145203005067906,0.889305618359226,19.9695930273929,"12325"
"P18760","Cfl1",-0.0592620506266736,-0.145417361946884,0.889143540680664,23.6643461768119,"12631"
"Q9JJL8","Sars2",-0.0592863600442489,-0.145477222814208,0.889098280245582,18.0866659921552,"71984"
"Q9CQR2","Rps21",-0.0593586748432641,-0.145655296349454,0.888963642646176,18.968228069429,"66481"
"O88704","Hcn1",-0.0594437517953214,-0.145864799340597,0.888805247104107,18.2755548097159,"15165"
"Q91XD6","Vps36",-0.0595053754570396,-0.14601655032128,0.888690518705314,16.280120272714,"70160"
"Q61337","Bad",-0.0595498215302709,-0.146126001773687,0.888607771882415,10.9297723092418,"12015"
"Q9CXY6","Ilf2",-0.0598998643103129,-0.146988036259782,0.887956115666396,18.5470900003673,"67781"
"P68500","Cntn5",-0.0603223605216752,-0.148028571039861,0.887169649793957,13.7018627515336,"244682"
"Q8BGC1","Q8BGC1",-0.0603603707723345,-0.148122187591374,0.88709889862306,10.3067855847426,NA
"P26443","Glud1",-0.06046401778227,-0.148377466113012,0.886905976417114,21.9405551257403,"14661"
"P62827","Ran",-0.060585681116226,-0.148677124280785,0.886679525920681,21.85708391054,"19384"
"O88824","Jtb",-0.0607244495060178,-0.149018920514563,0.886421246171509,9.25425501135955,"23922"
"Q9CXT8","Pmpcb",-0.0607501468509647,-0.149082215820634,0.886373418486543,20.8778101394904,"73078"
"Q9ES00","Ube4b",-0.0609479099254405,-0.149569337367122,0.886005353534817,17.6296764347715,"63958"
"Q9EST5","Anp32b",-0.061290689504019,-0.15041369927827,0.885367434656341,19.3358930734033,"67628"
"P27641","Xrcc5",-0.0614139686741721,-0.150717383376847,0.8851380230734,8.48851971609796,"22596"
"Q07235","Serpine2",-0.0615409173020657,-0.151030113999949,0.884901790243971,16.1161327544529,"20720"
"P47746","Cnr1",-0.061600816180853,-0.151177673987049,0.884790329763309,17.38095419102,"12801"
"Q8R4D1","Slc9a8",-0.0619134973397657,-0.151947985976527,0.884208516131133,12.0489087546087,"77031"
"Q6P5F7","Ttyh3",-0.0622521441856316,-0.152782316926623,0.883578438519318,17.6724619128061,"78339"
"P15208","Insr",-0.0623551038372258,-0.153035991149823,0.883386884999411,16.0815890552454,"16337"
"Q810C0","Slitrk2",-0.0623660356631079,-0.153062925507481,0.883366546936385,17.209612057942,"245450"
"Q9D4H8","Cul2",-0.0626540074302763,-0.153772464125789,0.882830811325414,19.9730407649972,"71745"
"P83741","Wnk1",-0.0628966134367916,-0.154370255179532,0.882379503180098,16.9890167463158,"232341"
"Q8BGX0","Trim23",-0.0630887193636348,-0.154843631471802,0.882022157488859,18.7145137653823,"81003"
"Q7TMI3","Uhrf2",-0.0631347916285377,-0.154957162644192,0.881936458784739,9.54159735724573,"109113"
"P63321","Rala",-0.0632760129388168,-0.155305166082299,0.881673780233857,20.4192166497277,"56044"
"Q3UHB8","Ccdc177",-0.063319898776214,-0.155413313298429,0.881592152346692,16.8639428541711,"380768"
"P97450","Atp5pf",-0.063397070959053,-0.155603489756214,0.881448613892672,18.4203600963131,"11957"
"Q8BZN6","Dock10",-0.0634309736952668,-0.155687037615142,0.881385556488205,15.6018847888112,"210293"
"Q6NZC7","Sec23ip",-0.0634891370206235,-0.155830373067954,0.881277376862408,16.8561119769052,"207352"
"Q91VR5","Ddx1",-0.0635402621192877,-0.155956365103281,0.881182289159798,19.5006433814123,"104721"
"Q8CB77","Eloa",-0.0635797840702945,-0.156053763335656,0.881108783031523,12.6636452071147,"27224"
"P70459","Erf",-0.063582420107338,-0.156060259633997,0.881103880342527,13.5437854463961,"13875"
"P49443","Ppm1a",-0.0636178955400987,-0.15614768626436,0.881037900933101,18.0874898058244,"19042"
"Q99K95","Rtf2",-0.0638863411581432,-0.156809270303691,0.880538648536772,14.0104909446547,"66404"
"Q9Z1T6","Pikfyve",-0.0640011397074763,-0.157092201673735,0.880325157865663,19.2619425548221,"18711"
"Q3TNH5","Arb2a",-0.0641212539917149,-0.157388240855346,0.880101788275698,9.57909089402089,NA
"Q6P5F9","Xpo1",-0.0641456954123246,-0.157448481143728,0.880056336824527,18.0701215650911,"103573"
"Q61290","Cacna1e",-0.0642403187101862,-0.157681700007652,0.879880377321934,18.2388689306644,"12290"
"Q922B2","Dars1",-0.0642561373550114,-0.157720688775391,0.879850961720334,19.6026615575105,"226414"
"Q69ZP3","Pnkd",-0.0642797677901009,-0.15777893175848,0.879807019907795,19.8527359254714,"56695"
"Q922B1","Macrod1",-0.0642828726498075,-0.157786584463931,0.879801246307274,16.6256748699333,"107227"
"Q99KC8","Vwa5a",-0.0643159475608516,-0.157868106163071,0.879739742584198,17.1973242331871,"67776"
"Q9WVS7","Map2k5",-0.0648291325754705,-0.159133050877001,0.878785528180393,13.4698825349961,"23938"
"Q9D882","Fam241b",-0.0649029842657153,-0.159315097596594,0.878648219080236,18.5604857008251,"69894"
"P55099","Tac3",-0.0649673978964134,-0.159473881351338,0.878528459894795,11.4879553366112,NA
"P35285","Rab22a",-0.0650552385210585,-0.159690417384152,0.878365147991338,18.0586125450215,"19334"
"P62754","Rps6",-0.0651451648824881,-0.159912098831165,0.878197962202379,19.8284169290132,"20104"
"Q5SU73","Coil",-0.0652370003162979,-0.160138490455018,0.87802723123915,14.4106542342396,"12812"
"Q8VC85","Lsm1",-0.0652480035793635,-0.160165615842843,0.878006775383275,13.9814225707078,"67207"
"O55125","Nipsnap1",-0.0652804778057361,-0.160245672071997,0.877946403809416,20.379336601241,"18082"
"Q920N7","Syt12",-0.0653438200905087,-0.160401826438723,0.877828648105895,19.1595541129401,"171180"
"O54983","Crym",-0.0653889240988468,-0.160513020139165,0.877744799241537,20.6244942709365,"12971"
"Q04899","Cdk18",-0.0653950796419439,-0.160528195310858,0.877733356093952,15.8891458392257,"18557"
"Q99LD8","Ddah2",-0.0654539820357573,-0.16067340746444,0.877623857547124,16.69705836936,"51793"
"Q61361","Bcan",-0.0656402852200342,-0.16113271207663,0.877277534272857,20.3771370922299,"12032"
"Q9D1K7","Adissp",-0.0656539208256791,-0.161166329431608,0.877252187399508,17.3959095868205,"67326"
"Q3UPL0","Sec31a",-0.0656921299442025,-0.161260531047709,0.877181161946674,18.3070854301484,"69162"
"Q9R0Y5","Ak1",-0.0658152871317732,-0.161564170385856,0.876952234690008,21.2166129192429,"11636"
"Q3UHJ0","Aak1",-0.0658912850402685,-0.161751544023236,0.876810971844595,19.8529535586886,"269774"
"Q91VU0","Fam3c",-0.0661983185214218,-0.16250856709632,0.876240295326416,17.9753902129688,"27999"
"Q9Z1N9","Unc13b",-0.0662939482739748,-0.16274436168494,0.876062559872215,12.0033178080584,"22249"
"Q61545","Ewsr1",-0.0665052430360191,-0.163265367840593,0.875669867915739,19.5704765466759,"14030"
"Q3UGF1","Wdr19",-0.0667605601731154,-0.163894952879774,0.875195389828078,10.3156097695529,"213081"
"Q9QYS9","Qki",-0.0671950687133297,-0.16496647937164,0.874387979509947,18.359654288224,"19317"
"Q9R0P6","Sec11a",-0.0673038718479443,-0.165234809757393,0.874185814690016,16.833650273484,"56529"
"Q91YR9","Ptgr1",-0.0674535902153993,-0.165604055008899,0.873907635861569,6.52840187230679,"67103"
"Q5QNQ6","Osbp2",-0.0674559376125218,-0.165609844402966,0.873903274454581,16.9710721143357,"74309"
"Q8CHY6","Gatad2a",-0.0675315157512311,-0.165796244518509,0.873762853587271,6.37568176634551,"234366"
"Q6PD28","Ppp2r5b",-0.0677363669593055,-0.166301488229006,0.873382263516927,18.4459169139984,"225849"
"Q61458","Ccnh",-0.0678444240513695,-0.166568008058592,0.873181514367505,12.0821337331355,"66671"
"Q9JHS9","Cwc15",-0.0680335446731603,-0.167034483020917,0.872830179118218,13.3718614297383,"66070"
"P70170","Abcc9",-0.068105786404154,-0.167212675440734,0.872695978204294,13.6407613476306,"20928"
"Q9CS74","Ecd",-0.0682517309543797,-0.167572672284596,0.872424870262189,14.4400561922309,"70601"
"Q60749","Khdrbs1",-0.068365339271966,-0.167852913838017,0.872213837914756,18.8558807952406,"20218"
"P28659","Celf1",-0.0684001758190684,-0.167938847663447,0.872149128845822,17.0566039969229,"13046"
"Q8BNL5","Kctd6",-0.0684640509777151,-0.168096414731676,0.872030482013611,12.3322511976974,"71393"
"Q9CQ75","Ndufa2",-0.0687443029078325,-0.16878776400678,0.871509944317635,20.6930275181529,"17991"
"P59016","Vps33b",-0.06885437483661,-0.169059309765736,0.871305508610834,21.7622881962907,"233405"
"Q9CRA8","Exosc5",-0.068965265465637,-0.169332881518614,0.87109955863537,13.4080765510796,"27998"
"A2CG49","Kalrn",-0.0690216360320446,-0.169471952446768,0.870994867663479,19.4866451296658,"545156"
"Q8BU14","Sec62",-0.0690720709679209,-0.169596381057658,0.870901201685427,16.1221132824994,"69276"
"Q9QWY8","Asap1",-0.069232235076974,-0.169991532442855,0.870603759269924,18.3793770969228,"13196"
"Q8JZM4","Dner",-0.0698946222635973,-0.171625891962226,0.869373774320521,17.138107723559,"227325"
"Q7TSC1","Prrc2a",-0.069919535076556,-0.171687365724408,0.869327518239033,14.4545615591192,"53761"
"Q0PHV7","Dact3",-0.0699414501734402,-0.17174144272106,0.869286828340292,17.5686470892433,"629378"
"P43300","Egr3",-0.0702665642366856,-0.1725437132468,0.868683216495435,8.22732876307614,"13655"
"Q9D4V0","Etnk1",-0.0703735063149158,-0.172807621854389,0.868484678266094,16.6631025586235,"75320"
"Q9ERR1","Ndel1",-0.0707713491451545,-0.173789459682785,0.867746134887722,18.1354285877592,"83431"
"Q3TBL6","Tnfaip8l3",-0.0709558183589968,-0.174244740210515,0.867403720164295,14.1966333143253,"244882"
"P49135","Ercc3",-0.0709762522892122,-0.174295173418838,0.867365791481817,12.0537984394708,"13872"
"P48455","Ppp3cc",-0.0709936361435619,-0.174338078874928,0.86733352440801,16.6667274086662,"19057"
"Q9ESE1","Lrba",-0.0711642968359281,-0.174759298598429,0.867016760750941,19.2221986927943,"80877"
"Q4PZA2","Ece1",-0.0712699524486245,-0.175020082416485,0.866820660903223,7.8214516782116,"230857"
"Q8VIJ8","Nprl3",-0.07150065148955,-0.175589524501733,0.866392497511327,12.472647691798,"17168"
"Q8JZW5","Sh2d5",-0.0715700995366025,-0.175760950959367,0.866263611715215,17.8581915882449,"230863"
"Q63850","Nup62",-0.0723520929898041,-0.177691411668344,0.864812520348247,15.9096734286679,"18226"
"Q9CR30","Josd2",-0.0726734013472536,-0.178484701768967,0.864216386048071,18.210059706864,"66124"
"P30999","Ctnnd1",-0.073059918241446,-0.179439061689487,0.863499342323993,18.1476979436264,"12388"
"O88843","Cradd",-0.0730738339480805,-0.179473422872152,0.863473528228125,15.6835222151062,"12905"
"P41241","Csk",-0.0731422580277405,-0.179642379699193,0.863346600834222,17.7939241189254,"12988"
"P38585","Ttl",-0.0731508363248755,-0.179663561923047,0.863330688182162,15.8493459741408,"69737"
"Q99LC8","Eif2b1",-0.0732880625233235,-0.180002417384768,0.86307614047212,16.5879432695782,"209354"
"Q8BWU5","Osgep",-0.0734321947511474,-0.180358337114578,0.862808793509857,16.9228841649513,"66246"
"Q9CQV1","Pam16",-0.0735928968104274,-0.180755187739022,0.862510725034381,16.6996112215989,"66449"
"Q8K2C6","Sirt5",-0.0737511381854704,-0.18114597558474,0.862217234462736,16.8128425177539,"68346"
"Q05A36","Mex3c",-0.0737655877960148,-0.181181660566437,0.862190435429199,7.08315982929978,"240396"
"Q8BJS4","Sun2",-0.0739291766915286,-0.181585670240872,0.861887042585154,15.5124675643967,"223697"
"Q80U93","Nup214",-0.0739827775259969,-0.181718049518758,0.861787637397952,16.0495696147158,"227720"
"Q9DCL4","Mettl15",-0.0745180760481962,-0.183040176300385,0.860794989089923,5.91778817946153,"76894"
"P58158","B3gat3",-0.0748039371785373,-0.183746286044252,0.860264958320532,16.6714711633892,"72727"
"P0CG14","Derpc",-0.0749074972097879,-0.184002102417977,0.860072953238256,13.9484148163441,"116621581"
"Q80V91","Dtx3",-0.0749523784961849,-0.184112971064162,0.859989743120281,16.3991869859038,"80904"
"P80313","Cct7",-0.0750642732823227,-0.1843893856774,0.859782294560178,19.7014841297145,"12468"
"Q6ZWV7","Rpl35",-0.0750944390379187,-0.184463905590578,0.859726369627393,17.6338980093795,"66489"
"Q9WUD1","Stub1",-0.0751291980084381,-0.18454977297447,0.859661929868171,18.7182379084969,"56424"
"A3KGB4","Tbc1d8b",-0.0751568088852046,-0.184617982431705,0.859610742463716,9.52844154296595,"245638"
"Q6ZPR5","Smpd4",-0.0751719347465007,-0.184655349292479,0.859582701029728,16.1581292649455,"77626"
"Q9CZU4","Eral1",-0.0751769493975044,-0.184667737492408,0.859573404529242,10.4437928379279,"57837"
"Q01063","Pde4d",-0.0751985683853805,-0.184721145227634,0.859533325943173,18.746764905006,"238871"
"Q91WT4","Dnajc17",-0.0753555560027291,-0.185108976662199,0.859242300678842,5.96542283591692,"69408"
"A9Z1V5","Vwa5b1",-0.0758996293131953,-0.186453194648965,0.858233799318605,5.67486100744242,"75718"
"Q9CR98","Timcc",-0.075955224202999,-0.186590559908451,0.858130757322485,17.5529153634255,NA
"P17225","Ptbp1",-0.0760493209832447,-0.186823060601303,0.857956358231091,17.3829649503416,"19205"
"Q9D517","Agpat3",-0.0760992972626093,-0.186946547415511,0.857863734172907,17.8225799947362,"28169"
"Q9ESK3","Capn10",-0.07647782461988,-0.18788189996936,0.857162232635414,11.428951180821,"23830"
"P49817","Cav1",-0.0765582983676809,-0.188080763553875,0.857013106091688,16.4392559806038,"12389"
"Q3UI43","Babam1",-0.0765767268253547,-0.188126303759313,0.856978956689885,16.0724471583538,"68251"
"P14152","Mdh1",-0.0766143412995125,-0.188219256843288,0.856909254671231,24.0470699794737,"17449"
"Q0VBD0","Itgb8",-0.0767692904019867,-0.188602176398655,0.856622132632282,16.6086795640414,"320910"
"Q91ZD4","Vangl2",-0.0767952558757367,-0.188666345185388,0.856574019726487,15.2445386759531,"93840"
"O08600","Endog",-0.0768144667377678,-0.188713821467682,0.856538423074067,17.4882730763409,"13804"
"Q9D032","Ssbp3",-0.0768978683303131,-0.18891993635475,0.856383887041041,15.1004753664256,"72475"
"Q6ZPJ3","Ube2o",-0.0769108308091503,-0.188951971591069,0.856359869032013,19.2718875271266,"217342"
"Q9Z321","Top3b",-0.0771701933799514,-0.189592975848933,0.85587931975815,13.48207362371,"21976"
"Q8CCB4","Vps53",-0.0771744029889859,-0.189603380048875,0.855871520475984,17.2716210021497,"68299"
"Q8BML1","Mical2",-0.077191845828453,-0.18964649076189,0.855839203657899,5.73955164988582,"320878"
"Q3UIL6","Plekha7",-0.077246972097251,-0.189782738810865,0.85573707088749,9.53194787670544,"233765"
"Q9DCW4","Etfb",-0.0773082888935607,-0.18993428919597,0.85562347094543,19.4777499898973,"110826"
"Q91XY4","Pcdhga4",-0.0773409498608844,-0.190015014816579,0.855562961753993,17.5438951604471,"93712"
"Q9Z2H2","Rgs6",-0.0774850415022691,-0.190371162481481,0.855296018380822,18.2116239101926,"50779"
"Q6P5D3","Dhx57",-0.0776492774617309,-0.190777114984458,0.854991770382933,15.8494898554116,"106794"
"Q60847","Col12a1",-0.0778913622343603,-0.191375519868222,0.854543335518932,13.1859834641738,"12816"
"Q8BHN3","Ganab",-0.0779907775934588,-0.191621272719517,0.854359189577462,18.8546725921558,"14376"
"P59764","Dock4",-0.0781305969328262,-0.191966913165444,0.854100213526869,21.6778203755296,"238130"
"O88441","Mtx2",-0.0782973205058468,-0.192379077131059,0.853791419825275,18.9606529319259,"53375"
"Q80SW1","Ahcyl1",-0.0784937982018421,-0.192864818295721,0.853427538451995,20.6973971252586,"229709"
"Q8BLQ9","Cadm2",-0.0786196031333052,-0.193175850884648,0.853194556579493,20.3781914942799,"239857"
"Q8BM85","Tbck",-0.0786379163764654,-0.193221128225778,0.853160642515942,16.7129894183556,"271981"
"Q8C0Z1","Fam234a",-0.0789348199457083,-0.193955214899077,0.852610838008548,17.3211721301273,"106581"
"P53395","Dbt",-0.0789850432048219,-0.194079395785555,0.852517839957885,17.6263463926621,"13171"
"Q8C2E7","Washc5",-0.0792979827756428,-0.19485319658023,0.851938405475233,17.2184501464984,"223593"
"Q64012","Raly",-0.0794940690065993,-0.195338085473147,0.851575364463903,16.76513461645,"19383"
"Q8C7H1","Mmaa",-0.0797736245036201,-0.196029419559772,0.851057824890582,15.7296154844371,"109136"
"Q3TCX3","Khdc4",-0.0801806911500378,-0.197036168969734,0.850304307743533,9.71742068765812,"74200"
"Q9CRC3","Q9CRC3",-0.080271146957787,-0.197259895991201,0.850136879296531,7.99100496703216,NA
"P60487","Pdxp",-0.0803487848210494,-0.197451923923437,0.849993180023266,19.349370940523,"57028"
"Q9R0P9","Uchl1",-0.0805317400494424,-0.197904456023495,0.84965456399653,22.8771944249832,"22223"
"Q91YH5","Atl3",-0.0810931654545085,-0.199293244154066,0.848615595798754,16.639232991509,"109168"
"P97772","Grm1",-0.0812671729782594,-0.199723722199036,0.848293617827764,16.1609877671094,"14816"
"Q7TT23","Dnaaf9",-0.0813073614773398,-0.199823147330879,0.848219256915739,10.5795416470682,"228602"
"Q8CHU3","Epn2",-0.0813514483262791,-0.199932217990963,0.848137683999524,17.6544244344265,"13855"
"P62843","Rps15",-0.0818306827595141,-0.201117918117686,0.847251043321072,18.2978707888985,"20054"
"Q9WVR4","Fxr2",-0.0818619584596462,-0.201195303910948,0.847193184415418,19.2135036969104,"23879"
"Q8BHR8","Cstpp1",-0.0819131314433515,-0.201321923052552,0.847098517546776,14.556286524014,"228356"
"Q3TMX7","Qsox2",-0.0819350721438969,-0.201376212202623,0.847057929091261,15.9102544636163,"227638"
"Q8BWY7","Slc39a11",-0.0823016284827443,-0.202283247510445,0.846379874134502,7.09741777675545,"69806"
"D3YUB6","Btbd8",-0.0823623594156118,-0.202433532791239,0.846267542158617,16.5942886270239,"100503185"
"P47856","Gfpt1",-0.0828122353603347,-0.203546870436628,0.84543549224208,16.3000203146187,"14583"
"P27546","Map4",-0.083205156772967,-0.204519361433032,0.844708882394104,18.4188305696384,"17758"
"P60879","Snap25",-0.0834752214335439,-0.205187834353644,0.844209520824709,22.2839440074181,"20614"
"Q62407","Speg",-0.083548164199904,-0.205368392488173,0.84407465417677,15.1368294468075,"11790"
"Q8K4J6","Mrtfa",-0.0836473354624611,-0.20561388039673,0.843891297978146,15.2856145194908,"223701"
"Q6DID3","Scaf8",-0.0839936545557655,-0.206471204769432,0.843251042117648,15.9674604495134,"106583"
"Q67BT3","Slc13a5",-0.0841787931382426,-0.206929552342445,0.842908798752495,14.2181696341795,"237831"
"Q6ZWS4","Cnih3",-0.0842645547826818,-0.207141879750005,0.842750268824517,15.9851077779331,"72978"
"P37040","Por",-0.0843136663262193,-0.207263471468567,0.842659488484366,20.2857721899227,"18984"
"P22437","Ptgs1",-0.0843584785754249,-0.207374420202567,0.842576656505517,18.0153563607337,"19224"
"Q64096","Mcf2l",-0.0843971096867421,-0.207470066338357,0.842505250894735,16.7406059169382,"17207"
"Q9Z103","Adnp",-0.0844518428811508,-0.207605580971249,0.842404083855875,17.4673156329783,"11538"
"Q8R4U7","Luzp1",-0.0845763571530331,-0.207913874540304,0.842173942785091,19.4141491085323,"269593"
"Q9D2I5","Armc9",-0.0845776055311018,-0.20791696553627,0.842171635443866,12.9147422227498,"78795"
"Q6ZQB6","Ppip5k2",-0.0847760963831381,-0.208408443326481,0.841804783013562,6.50490181061368,"227399"
"Q9ERU9","Ranbp2",-0.0848970839535895,-0.208708029608081,0.841581184983877,19.5169894249257,"19386"
"Q8QZT2","Ccsap",-0.0849756812187236,-0.208902655097591,0.841435933750351,16.8397852400311,"73420"
"Q61129","Cfi",-0.0850329401740969,-0.209044444338812,0.841330119120836,15.0468534696454,"12630"
"Q8C6G1","Cfap410",-0.0851350286500606,-0.209297249229319,0.841141464625321,6.96617683122793,"67884"
"Q9WTX2","Prkra",-0.0852620946123662,-0.209611915927866,0.840906662189876,18.8550237641113,"23992"
"Q8K0D7","Get1",-0.0855872447252079,-0.210417166022054,0.840305871056233,16.1225877189366,"71446"
"Q9D2G2","Dlst",-0.0857255776284583,-0.210759774716459,0.840050288968543,20.8057891396794,"78920"
"Q925J9","Med1",-0.0862073309804125,-0.211953027801798,0.839160303141842,12.5779883977136,"19014"
"Q80X66","Btbd10",-0.0864906171279138,-0.212654768090037,0.838637032927835,13.7645323418051,"68815"
"P61953","Gng11",-0.0865855408837051,-0.21288991942053,0.838461706662031,14.1576281412099,"66066"
"Q76HP3","Tmem132d",-0.08658899684249,-0.212898480857635,0.838455323539634,14.199748800943,"243274"
"Q80X32","Q80X32",-0.0873282623041127,-0.214730039660012,0.83709008483769,15.8288128811831,NA
"Q8BG58","P4htm",-0.0874897016627809,-0.215130059370662,0.836791993809024,9.78443245439512,"74443"
"O35382","Exoc4",-0.0876980574101582,-0.215646355293175,0.836407298719032,18.0323652208115,"20336"
"O35955","Psmb10",-0.0881400927506,-0.216741792989081,0.835591246068757,9.87799643362193,"19171"
"B1AYL1","Scn7a",-0.0882586165145369,-0.217035536662688,0.835372458105976,9.45894563374974,"20272"
"Q91WK0","Lrrfip2",-0.0882657961233438,-0.217053330562858,0.835359205262669,17.3423060517629,"71268"
"Q8VEJ1","Gpn2",-0.0882828417788374,-0.21709557655158,0.835327740814717,7.25303374566469,"100210"
"Q3V038","Ttc9",-0.0883555516086596,-0.217275782907171,0.835193528427952,17.8672515215444,"69480"
"Q3TFD2","Lpcat1",-0.088454483832095,-0.21752098529972,0.835010918677235,16.0578786785996,"210992"
"O88532","Zfr",-0.0884721532302575,-0.217564779385113,0.834978305063386,18.5352413073442,"22763"
"Q8BHH9","Tmem179",-0.0884994760458852,-0.217632500136606,0.834927873882899,13.8819469097156,"104885"
"Q64314","Cd34",-0.0885043001355145,-0.217644456897742,0.834918969854009,17.5107814715649,"12490"
"Q91V64","Isoc1",-0.0886772440945664,-0.218073117844301,0.834599769909997,16.5419304378985,"66307"
"O35449","Prrt1",-0.0887162124975756,-0.218169708132622,0.834527849264847,17.4864967977936,"260297"
"Q8R173","Zdhhc3",-0.0890573860016378,-0.219015412006738,0.83389821739371,15.2334275609918,"69035"
"Q80WM4","Hapln4",-0.0890849357261195,-0.219083705892052,0.833847378048199,17.190637586938,"330790"
"P56379","Atp5mj",-0.0891122560455433,-0.21915143159844,0.83379696253597,20.4901976275157,"70257"
"E9Q735","Ube4a",-0.0891361860319663,-0.219210753248399,0.833752803776451,18.1341946253131,"140630"
"Q6DID7","Wls",-0.0892183786091396,-0.219414508861093,0.833601134111661,15.1135629034126,"68151"
"Q8K3D3","Swi5",-0.0893065354269409,-0.219633054864147,0.833438463639746,17.9750989300705,"72931"
"P97822","Anp32e",-0.0893096350954188,-0.219640739221621,0.833432744101942,17.8343248149645,"66471"
"Q9D0B5","Tstd3",-0.0893712174137847,-0.219793408671992,0.833319113145129,17.0957719053025,"77032"
"Q9D0L7","Armc10",-0.0894498448720598,-0.219988338622981,0.833174034365594,17.2631178495506,"67211"
"Q9WU63","Hebp2",-0.0896431896310077,-0.220467688614258,0.832817303448671,14.2763270549677,"56016"
"P62918","Rpl8",-0.0896735647915339,-0.220542998513035,0.832761261996815,19.0547347731172,"26961"
"Q8K268","Abcf3",-0.0897578912638377,-0.220752074507351,0.832605684879421,15.5679314303545,"27406"
"Q9R1B9","Slit2",-0.089790824174565,-0.220833728470031,0.832544926988417,11.3348202364191,"20563"
"Q80TL0","Ppm1e",-0.0898406919628885,-0.22095737221179,0.832452927339451,19.2422223475821,"320472"
"Q8CCJ3","Ufl1",-0.0899760255793376,-0.221292931025428,0.832203262619916,15.7343991610728,"67490"
"Q99KQ4","Nampt",-0.0901538371365115,-0.221733832402933,0.831875252836683,19.0372015822926,"59027"
"P46737","Brcc3",-0.0904301302485821,-0.222418970988396,0.831365615771459,18.3644070299221,"210766"
"Q3UR70","Tgfbrap1",-0.0905495682731223,-0.222715163770511,0.831145321989785,15.4248058113753,"73122"
"P26516","Psmd7",-0.0905696794158871,-0.222765038081038,0.83110822955743,18.2725050619933,"17463"
"Q8CHH9","Septin8",-0.0907294939481592,-0.223161377376706,0.830813481770047,21.28850922585,"20362"
"Q6P2L6","Nsd3",-0.0909413911425393,-0.223686908242508,0.830422703910441,11.5067619874455,"234135"
"Q91W53","Golga7",-0.0912469683662062,-0.224444830962433,0.829859216141999,18.4787825745368,"57437"
"Q80Y83","Dixdc1",-0.0913602965863481,-0.224725935013803,0.829650253753009,13.1527020162155,"330938"
"Q8K4B0","Mta1",-0.0914119766916244,-0.224854127428279,0.829554965306877,16.1357363301971,"116870"
"Q91ZS8","Adarb1",-0.0915888164676828,-0.225292792063529,0.829228919585155,16.4470074115923,"110532"
"Q9CRA4","Msmo1",-0.0916742466920923,-0.225504715988889,0.829071416500776,15.966874027159,"66234"
"Q3UVL4","Vps51",-0.0918027132284938,-0.225823408121179,0.828834579064123,17.6331163124096,"68505"
"Q8R066","C1qtnf4",-0.0920252276461329,-0.226375435551766,0.828424384162338,17.71170645093,"67445"
"Q8CAL5","Gpc5",-0.0921793569669117,-0.226757829080185,0.828140273840941,17.8582621479383,"103978"
"Q9QXY9","Pex3",-0.0922442061481099,-0.226918724256481,0.828020740635294,15.2775389324114,"56535"
"P42227","Stat3",-0.0924691756238295,-0.227476911232212,0.827606088188927,18.2119341929469,"20848"
"P0C673","Igsf11",-0.0928614804628855,-0.228450369403857,0.826883094901968,15.9647272829561,"207683"
"Q7TSF4","Lrrc75a",-0.0932025331269133,-0.229296738538777,0.826254642499206,14.7867139279572,"192976"
"Q9CQ73","Pkp2",-0.0933293537647672,-0.229611482160628,0.826020972638844,12.4228461225565,"67451"
"Q9Z1P6","Ndufa7",-0.0936010163357083,-0.230285732640765,0.825520465854781,19.6370636119555,"66416"
"P68254","Ywhaq",-0.0940022988415447,-0.231281787137051,0.824781243369452,23.5999327165555,"22630"
"P97401","Frzb",-0.0944572730172983,-0.23241125150052,0.823943248925843,12.6207142489686,"20378"
"P15105","Glul",-0.0945121201898946,-0.232547418427962,0.823842238432557,23.696374936755,"14645"
"Q8CI04","Cog3",-0.0948435667031431,-0.233370333222687,0.823231867738774,16.0201957598234,"338337"
"Q8K2T8","Paf1",-0.0950364440665901,-0.233849244815052,0.822876712753721,16.8373277797651,"54624"
"Q60769","Tnfaip3",-0.0951103044681324,-0.234032646115341,0.822740716761924,13.1916172084581,"21929"
"Q9DBD5","Pelp1",-0.095426037283532,-0.234816680028838,0.8221594149724,13.5790303752019,"75273"
"P28740","Kif2a",-0.0955103951433471,-0.235026171216331,0.82200411404423,18.9516818024115,"16563"
"Q9DAS9","Gng12",-0.0956031368708033,-0.235256488488061,0.821833384432919,20.6979904375523,"14701"
"O88271","Cfdp1",-0.0956300209622304,-0.235323254311135,0.821783894255443,18.446757428316,"23837"
"Q9R0G7","Zeb2",-0.0957486534273652,-0.235617880637392,0.821565513180225,12.5634020752952,"24136"
"Q8CGM1","Adgrb2",-0.096426231441269,-0.237300855092005,0.820318405973931,17.047101039638,"230775"
"Q80TP3","Ubr5",-0.0965850428336096,-0.23769536035922,0.820026155276994,7.06029459107881,"70790"
"Q8CD10","Micu2",-0.0967205205709756,-0.23803191669978,0.819776858354193,9.82704323413432,"68514"
"Q9D061","Acbd6",-0.096730802085852,-0.238057458777197,0.819757939547676,19.2064537286687,"72482"
"Q91XL9","Osbpl1a",-0.0968193138629708,-0.238277349271266,0.81959507396899,18.7292801246785,"64291"
"Q03137","Epha4",-0.0969015155759476,-0.238481568734923,0.819443824234092,17.2936999119621,"13838"
"Q8K1A5","Tmem41b",-0.0969400872725486,-0.238577396795888,0.819372854653882,12.7301058664205,"233724"
"Q8VBV7","Cops8",-0.0971161019347231,-0.239014703858549,0.819049011968391,18.1870280351195,"108679"
"P58137","Acot8",-0.0972634596057798,-0.239380830258255,0.818777911380029,13.9182464701454,"170789"
"Q811U4","Mfn1",-0.0974190761409132,-0.239767493972252,0.818491633619366,13.6551971930191,"67414"
"Q91XF0","Pnpo",-0.0975171916064756,-0.240011292679983,0.818311145895736,17.105136858113,"103711"
"Q812A2","Srgap3",-0.097555618665662,-0.240106778709549,0.818240459526696,18.5699490635311,"259302"
"Q62511","Zfp91",-0.097836117191591,-0.240803812367589,0.81772451643601,7.62493378644054,"109910"
"Q9CY73","Mrpl44",-0.0979009242895658,-0.240964865043311,0.81760531974847,16.9560080067608,"69163"
"Q8VCE2","Gpn1",-0.0979559716429289,-0.241101666124889,0.817504076105134,15.4789038431582,"74254"
"Q8BHD7","Ptbp3",-0.0980222144156138,-0.241266292496005,0.817382244657689,14.3433900526012,"230257"
"P63040","Cplx1",-0.0980859487395108,-0.241424687932938,0.81726502967945,19.665902809534,"12889"
"P59114","Pcif1",-0.0982439225509625,-0.24181730456073,0.816974509872894,16.8787702851401,"228866"
"Q504M8","Rab26",-0.0982699165162669,-0.241881909840302,0.816926707732812,14.8474069253177,"328778"
"Q80WT5","Aftph",-0.0985528725559435,-0.242585199824381,0.81640639180302,15.9427863057432,"216549"
"Q9CWS0","Ddah1",-0.0986705431088601,-0.242877688608012,0.816190029628874,20.7148599741133,"69219"
"Q8K4P8","Hecw1",-0.0990643603810625,-0.243856658678282,0.81546598723918,17.4528107558521,"94253"
"Q8CFH6","Sik2",-0.0991067624322043,-0.243962070644949,0.815388036859094,7.12546200218005,"235344"
"Q9CPU4","Mgst3",-0.099193312268331,-0.24417723865815,0.81522893091343,21.3104058431156,"66447"
"P10630","Eif4a2",-0.0996520736909444,-0.245317840277407,0.814385674718823,20.9686578381533,"13682"
"O35625","Axin1",-0.0996704524910694,-0.245363538097733,0.81435189561275,8.39821960901089,"12005"
"Q71LX4","Tln2",-0.0999381146525919,-0.246029093306723,0.813859977350889,20.1634214806507,"70549"
"E9Q3G8","Nup153",-0.100018538504586,-0.24622908172796,0.813712182149451,17.4210713201398,"218210"
"Q80WB5","Ntaq1",-0.100061051817084,-0.246334800720731,0.813634057222937,15.8484310790313,"76773"
"P61327","Magoh",-0.10012639821306,-0.246497302011192,0.813513975517564,20.2433077823565,"17149"
"Q3TES0","Iqsec3",-0.10039505459464,-0.247165421833524,0.81302032112466,17.8058592172011,"243621"
"Q3U829","Ap5z1",-0.100443144287188,-0.24728502153818,0.812931962293155,6.06207869934651,"231855"
"Q6PAJ1","Bcr",-0.100455801936629,-0.247316501571625,0.812908705722586,17.6159440438443,"110279"
"Q60928","Ggt1",-0.100516401558256,-0.247467216710407,0.812797364479821,16.0991428598573,"14598"
"Q8CHP8","Pgp",-0.100675368248047,-0.24786259027217,0.812505303921533,18.5664028389601,"67078"
"Q6PE15","Abhd10",-0.100685066809824,-0.247886712643585,0.812487485910478,19.0760930497562,"213012"
"Q8BGV8","Mief1",-0.10070356367102,-0.247932718441716,0.812453504027971,15.6747325789539,"239555"
"Q91YM4","Tbrg4",-0.10080410678646,-0.248182796023797,0.812268793685881,19.3062537541004,"21379"
"Q9D0Y8","Mrpl52",-0.100866467372803,-0.248337907317254,0.812154233250254,17.6593870806554,"68836"
"Q80U49","Cep170b",-0.100984546192961,-0.248631616290468,0.811937322789208,17.6697678528425,"217882"
"Q78JW9","Ubfd1",-0.101029224318672,-0.248742751320302,0.811855251922737,17.1474113792713,"28018"
"Q2TPA8","Hsdl2",-0.101147417756519,-0.249036760047673,0.811638145338596,18.7674636508828,"72479"
"O35680","Mrps12",-0.101448240407222,-0.249785110978667,0.811085619048695,7.67984941814121,"24030"
"Q5SNZ0","Ccdc88a",-0.101460637899182,-0.249815953473433,0.811062849816369,18.5696571565941,"108686"
"P45952","Acadm",-0.101667494612183,-0.250330589204458,0.810682953890052,17.2981094880727,"11364"
"P60882","Megf8",-0.101845013042772,-0.25077226081705,0.810356963969108,13.0251140374415,"269878"
"Q9Z0E0","Ncdn",-0.102209193327941,-0.251678428997113,0.809688268003583,21.3958021933394,"26562"
"O88307","Sorl1",-0.102311110568869,-0.251932041913807,0.809501148890816,18.3073682227372,"20660"
"P97355","Sms",-0.102519556908219,-0.252450768963229,0.809118467907051,17.7900077867385,"20603"
"Q8CG76","Akr7a2",-0.102712762276718,-0.252931598259102,0.808763796927198,20.0684618292116,NA
"P63239","Pcsk1",-0.102952203443947,-0.253527534522776,0.808324289448129,13.8669426509071,"18548"
"Q9D0I9","Rars1",-0.103375767180233,-0.254581835801654,0.807546922162085,19.365671766837,"104458"
"P59481","Lman2l",-0.103692974202078,-0.255371494024721,0.806964841632649,15.190331061771,"214895"
"O88630","Gosr1",-0.103697792365243,-0.255383489013313,0.806956000813761,11.4150201081197,"53334"
"Q99KU0","Vmp1",-0.103808064339733,-0.255658019986191,0.806753668308409,16.9391118420215,"75909"
"A2AMZ4","Ndufaf8",-0.103850348925245,-0.255763293399075,0.806676084930626,11.621979378266,"208501"
"Q9JHW4","Eefsec",-0.103898339644105,-0.255882774730706,0.806588033659645,17.8014290506406,"65967"
"Q9D855","Uqcrb",-0.103987176321359,-0.25610395402523,0.806425044696955,21.5405229395585,"67530"
"Q811D0","Dlg1",-0.10398941699497,-0.256109532776478,0.806420933803935,23.951016449746,"13383"
"Q6DVA0","Lemd2",-0.104134011459638,-0.256469547386706,0.80615565910558,12.3143462114751,"224640"
"Q9R1E6","Enpp2",-0.104612350670981,-0.257660644602927,0.805278207604107,16.3475760883116,"18606"
"Q8K0T2","Dync2li1",-0.10483010295193,-0.258202922447418,0.804878827933353,12.366431264386,"213575"
"Q8BH75","Rnf41",-0.104855699023224,-0.258266667906306,0.804831884574291,6.53220611548569,"67588"
"E9PUQ8","Dgkd",-0.104935361859891,-0.25846506667785,0.804685785681911,18.31752634968,"227333"
"P15388","Kcnc1",-0.105108191182976,-0.258895512105059,0.8043688396574,15.4981262355035,"16502"
"Q91XE4","Acy3",-0.106125141302795,-0.261428790534638,0.802504361074794,7.95193816758954,"71670"
"Q6NTA4","Rragb",-0.106167713929454,-0.261534859313654,0.802426326023403,18.1864096368563,"245670"
"Q9D0G0","Mrps30",-0.106230643979239,-0.261691650836832,0.802310978703212,18.6959555166867,"59054"
"Q6P9K9","Nrxn3",-0.106370413543693,-0.262039900982488,0.802054799940133,19.6018286995955,"18191"
"O35926","Cdk5r2",-0.106564349524952,-0.262523138316163,0.80169936696689,17.3096513697859,"12570"
"Q3TBT3","Sting1",-0.106570651660008,-0.262538842083246,0.80168781733101,15.0412953743171,"72512"
"Q6VH22","Ift172",-0.106936339961386,-0.263450125272285,0.801017690842404,8.16637181212229,"67661"
"Q3V0G7","Garnl3",-0.106954075488253,-0.263494324367092,0.800985193052546,16.6190100107706,"99326"
"Q69ZS6","Sv2c",-0.107224197177223,-0.264167532016343,0.800490264948654,15.8652104546223,"75209"
"O08919","Numbl",-0.107499476007613,-0.264853653376568,0.799985947393119,18.2311417156556,"18223"
"Q3UMF0","Cobll1",-0.107608484282187,-0.265125369120104,0.799786258249262,11.8095474207966,"319876"
"Q8C5W3","Tbcel",-0.107764895668026,-0.265515259507624,0.799499749261044,16.2839077554953,"272589"
"Q9CWU4","Q9CWU4",-0.108372265349205,-0.267029453785055,0.798387375947616,11.713525167169,NA
"Q9CQJ1","Higd2a",-0.108782526120742,-0.268052419633805,0.797636167305784,15.9346750037307,"67044"
"Q8VC66","Ssx2ip",-0.108828747927139,-0.26816768020182,0.797551541289338,12.2100868034143,"99167"
"P97717","Adra1b",-0.108851747946648,-0.268225034637589,0.797509431936501,12.1762605506259,"11548"
"Q9JHW2","Nit2",-0.109190908104588,-0.269070838474707,0.796888533586743,17.0394245871104,"52633"
"D3YXJ0","Dgkh",-0.109269310080117,-0.269266372285166,0.796745016822324,19.0886450847848,"380921"
"P48774","Gstm5",-0.109302104958372,-0.269348163920309,0.796684986458983,21.7046500831768,"14866"
"P35803","Gpm6b",-0.109699841439758,-0.270340204315722,0.795957007274423,22.8838471578023,"14758"
"Q4FK66","Prpf38a",-0.109922172527992,-0.270894803147033,0.795550129508833,17.9378384295655,"230596"
"Q8BGB7","Enoph1",-0.109966767409274,-0.271006048814338,0.795468523339286,19.10718058738,"67870"
"P39098","Man1a2",-0.11001684845272,-0.271130982147722,0.795376879727662,13.3537440029823,"17156"
"Q9DB70","Fundc1",-0.110027244657202,-0.271156917022698,0.795357855904904,16.2480385534724,"72018"
"Q921T2","Tor1aip1",-0.110090917254448,-0.271315759732014,0.795241344516691,13.7486242070574,"208263"
"Q8VHX6","Flnc",-0.110339648508799,-0.271936296863277,0.794786235002564,7.08861543448197,"68794"
"P22682","Cbl",-0.110402829481355,-0.272093929595718,0.794670639319262,15.513838145799,"12402"
"Q9JJW0","Pxmp4",-0.110422784445536,-0.272143716726844,0.794634130465946,11.9072081470793,"59038"
"Q91VU8","Ptov1",-0.110560865619987,-0.272488234898834,0.794381511262044,6.56998147374247,"84113"
"Q8VD37","Sgip1",-0.110843041634121,-0.273192325283392,0.793865319452894,19.0696809246902,"73094"
"Q8CEI1","Bola3",-0.110873320435359,-0.273267881433432,0.793809933547639,15.8580205078763,"78653"
"Q8K2I1","Fntb",-0.11144916408821,-0.274704958723304,0.792756745384657,15.2279003339187,"110606"
"Q3TKT4","Smarca4",-0.111492062312357,-0.274812026865844,0.792678297696888,17.8369974924448,"20586"
"Q7SIG6","Asap2",-0.111550131417015,-0.274956961944377,0.792572109545119,17.8595169424438,"211914"
"P46460","Nsf",-0.111643584086692,-0.275190217095611,0.792401223036536,22.4624414174187,"18195"
"Q6P9N1","Hycc1",-0.111746871252437,-0.275448027465038,0.792212361679957,14.1794876567449,"84652"
"Q62426","Cstb",-0.111890743020107,-0.275807154270667,0.79194930579139,18.3231794784819,"13014"
"O08788","Dctn1",-0.111970111723887,-0.276005278689539,0.791804194980426,18.6886588384436,"13191"
"Q9D8Y7","Tnfaip8l2",-0.111973230907542,-0.276013065072434,0.79179849224392,11.7032891942377,"69769"
"Q8BFR4","Gns",-0.111978050284335,-0.276025095644481,0.791789681096668,16.2961270710914,"75612"
"P61315","Gal3st3",-0.112014291737174,-0.276115565527584,0.791723422362956,15.9554531461395,"545276"
"Q8BJD1","Itih5",-0.112212156554423,-0.276609517036876,0.791361693608601,15.3914758135945,"209378"
"Q9D554","Sf3a3",-0.112335495566124,-0.27691743851052,0.791136226487216,17.1304665325377,"75062"
"Q0GA42","Cnnm1",-0.112754917459473,-0.277964641497387,0.790369606445614,16.0957647455254,"83674"
"Q8BM39","Prpf18",-0.113101324631012,-0.278829656449802,0.789736553558096,10.9513473845802,"67229"
"Q9D1N9","Mrpl21",-0.113250551946015,-0.279202324390744,0.789463874269538,15.7014954847801,"353242"
"Q8K2Q7","Brox",-0.113383395245689,-0.279534092351016,0.789221148785501,16.0669540296971,"71678"
"Q9D7P6","Iscu",-0.113530008677245,-0.279900267998477,0.788953280314546,16.8288967930811,"66383"
"Q62084","Ppp1r14b",-0.114096622934752,-0.281315594711879,0.787918223953179,14.4703017425938,"18938"
"P60840","Ensa",-0.114280586019077,-0.281775169659703,0.787582229658773,18.896591609535,"56205"
"Q9JLT4","Txnrd2",-0.114483958286596,-0.282283266640653,0.787210819317199,15.2780681227279,"26462"
"Q8CDA1","Inpp5f",-0.114612053225587,-0.282603312268032,0.786976902825815,16.7281092523268,"101490"
"Q8VHL0","Slc14a1",-0.114703384141818,-0.282831511585216,0.786810130282416,16.8396405855663,"108052"
"Q6PDI6","Mindy2",-0.114904673507815,-0.283334478620657,0.786442595862379,14.822529510774,"235461"
"O35683","Ndufa1",-0.115074095233391,-0.28375784455367,0.786133275296511,19.8833644873166,"54405"
"O88958","Gnpda1",-0.115104130875712,-0.283832902880368,0.786078440476323,18.6826469783508,"26384"
"Q811I0","Atpaf1",-0.115193244263972,-0.284055599675399,0.785915754401049,16.9746569928077,"230649"
"Q9JLI6","Scly",-0.11542497261957,-0.284634727725743,0.785492741066345,16.2881008812281,"50880"
"Q69ZC8","Gpalpp1",-0.11556154930822,-0.284976077845524,0.78524344579334,9.129113284002,"67467"
"B1AY10","Nfx1",-0.115561678181198,-0.284976399949268,0.785243210567283,15.8542928457159,"74164"
"O54990","Prom1",-0.115653853581899,-0.285206785897105,0.785074970588859,16.511199487757,"19126"
"Q3UFS4","Gpatch11",-0.115660810510533,-0.285224174555204,0.785062272989289,11.9108411964511,"53951"
"P70377","Fgf13",-0.115847246589473,-0.285690182431952,0.78472201029469,13.9406087710259,"14168"
"Q8BH58","Tiprl",-0.116048566766088,-0.28619342835154,0.784354616235597,19.8760794238742,"226591"
"Q64669","Nqo1",-0.116052631926524,-0.286203590519752,0.784347197984256,16.2977444061852,"18104"
"Q8BUM6","Fam163b",-0.116233428800562,-0.286655564861073,0.784017287686155,13.9695436611262,"109349"
"A2BDX3","Mocs3",-0.11627353494116,-0.286755830167125,0.783944107547413,14.9560599830148,"69372"
"Q9CZX0","Elp3",-0.116407244146566,-0.287090113304575,0.783700143480341,17.271270593404,"74195"
"Q99N94","Mrpl9",-0.116774331048586,-0.288007939768143,0.783030440734236,15.5088563614561,"78523"
"Q8CI59","Steap3",-0.116807178538282,-0.288090074091851,0.782970520391317,17.304478195718,"68428"
"Q921M3","Sf3b3",-0.117090157377417,-0.288797695305023,0.782454349444714,18.1240497400402,"101943"
"Q9EQZ7","Rims2",-0.11713702864999,-0.288914909206069,0.782368860028706,14.6511463952282,"116838"
"Q9CWG8","Ndufaf7",-0.117396663171128,-0.289564228847706,0.781895342126391,17.7028238779762,"73694"
"Q60680","Chuk",-0.11769927965776,-0.290321118024187,0.781343508182267,6.56188750601641,"12675"
"Q61166","Mapre1",-0.117931603205689,-0.290902249669119,0.780919910463651,20.3637118360725,"13589"
"O89051","Itm2b",-0.117945389399002,-0.290936735827594,0.780894775445949,17.638547077002,"16432"
"Q8K382","Dennd1a",-0.117970053082221,-0.290998432449461,0.780849808978549,17.1796857943369,"227801"
"Q9DBQ7","Scyl3",-0.118040043967592,-0.291173518810647,0.780722205507883,9.39456127561195,"240880"
"Q9CRB6","Tppp3",-0.118206462744002,-0.291589842952217,0.780418817272366,18.6247503515501,"67971"
"Q3UCV8","Otulin",-0.118225611329246,-0.291637747908587,0.78038391017081,12.7031573009106,"432940"
"Q61626","Grik5",-0.118253152603637,-0.291706649846284,0.78033370409628,14.6226704662165,"14809"
"Q9EPQ8","Tcf20",-0.118458346105723,-0.292220018325688,0.779959669665581,14.3083956194577,"21411"
"Q4VAA2","Cdv3",-0.1188126045117,-0.293106417955003,0.779314000963285,18.9698938700469,"321022"
"Q9WUQ2","Preb",-0.11922668434877,-0.294142642359783,0.778559441945379,15.44800348198,"50907"
"P47738","Aldh2",-0.119509740559125,-0.294851072983563,0.778043728315706,19.6119417873541,"11669"
"Q99PH1","Lrrc4",-0.119579486629891,-0.295025644036874,0.77791666548193,12.7579350049251,"192198"
"Q6P5G0","Mapk4",-0.119715756892012,-0.295366734724022,0.777668421819718,13.6799793146008,"225724"
"Q8BZ05","Arap2",-0.120137014085501,-0.296421267905728,0.776901121208441,15.4021225099603,"212285"
"P49935","Ctsh",-0.120161910964799,-0.296483597345199,0.776855777614142,14.1844538979495,"13036"
"Q8K3B1","Fbxo45",-0.120329868696194,-0.296904095051639,0.776549897955108,13.6909867202559,"268882"
"Q99N50","Sytl2",-0.120378505054517,-0.297025865499302,0.776461327539181,13.6179026541434,"83671"
"Q5FW52","Mlip",-0.120442002879049,-0.297184847743355,0.776345696458771,14.9950454219512,"69642"
"Q8R081","Hnrnpl",-0.120494195519248,-0.297315527480846,0.776250655081111,20.2413804066957,"15388"
"Q00896","Serpina1c",-0.120554019143422,-0.297465316724838,0.776141720873335,13.7921445470172,"20702"
"Q7TMC8","Fcsk",-0.120835061548202,-0.298169048148349,0.775630007023951,15.7949084572292,"234730"
"Q9DCU6","Mrpl4",-0.120952342702844,-0.29846274218501,0.775416485753519,15.4375371254527,"66163"
"Q925E7","Ppp2r2d",-0.121001627075996,-0.298586163295334,0.775326762628081,18.6547874705052,"52432"
"Q3URU2","Peg3",-0.121160973756448,-0.298985224884444,0.775036683876934,15.7179115686201,"18616"
"Q91WF0","Tafazzin",-0.121306858208342,-0.299350592764015,0.774771132043117,11.0524249451803,"66826"
"O70325","Gpx4",-0.121321075681109,-0.299386201503298,0.774745253156549,19.0383370531438,"625249"
"Q8BGJ9","U2af1l4",-0.121381716586756,-0.299538083352793,0.7746348755803,11.545469339875,"233073"
"P98203","Arvcf",-0.121483548562583,-0.299793140448173,0.774449530118315,16.6857786395828,"11877"
"Q9JMA1","Usp14",-0.121494916155268,-0.299821613291178,0.774428840419428,18.5879209001469,"59025"
"Q8JZW4","Cpne5",-0.121678312169392,-0.300280988840504,0.774095064740753,17.5471302063048,"240058"
"Q8K4F5","Abhd11",-0.121807514533581,-0.300604637334707,0.773859938161173,16.9461199779923,"68758"
"P11214","Plat",-0.121825888828813,-0.300650665716123,0.773826501253058,18.2789751150808,"18791"
"Q920B9","Supt16h",-0.121968737505638,-0.301008518357726,0.773566560531303,16.5508206442853,NA
"Q80VL1","Tdrkh",-0.122024348766756,-0.301147836204058,0.773465370086477,18.8011900616597,"72634"
"Q6GU68","Islr",-0.122073143990415,-0.301270080821586,0.773376584423665,6.13541766466562,"26968"
"Q5Y5T5","Zdhhc8",-0.122225742415843,-0.301652393541917,0.77309893684058,12.5036904786532,"27801"
"Q4VA53","Pds5b",-0.122330331976088,-0.301914439713085,0.77290865187879,18.0115089229066,"100710"
"Q3UH60","Dip2b",-0.122337047004066,-0.301931264373612,0.772896435233798,19.8420199630831,"239667"
"Q9CXT7","Tmem192",-0.122428399927829,-0.3021601554553,0.772730240982506,10.7888869290487,"73067"
"Q8C0L8","Cog5",-0.122629277054203,-0.302663494448128,0.77236482084676,13.795585729025,"238123"
"Q3UGS4","Mcrip1",-0.122685650702718,-0.302804757013219,0.772262276830571,15.7578787064718,"192173"
"Q6PHP4","Znf512b",-0.123046074016015,-0.303707985588977,0.771606732716577,11.5073445101551,NA
"P47759","Nsg2",-0.123437211847879,-0.304688323489288,0.770895458107348,16.2329611217301,"18197"
"Q99L45","Eif2s2",-0.123483103336163,-0.304803354189322,0.770812014688946,17.7133041215375,"67204"
"Q8QZT1","Acat1",-0.124078283138343,-0.306295400330217,0.769729987431634,21.2192590029266,"110446"
"Q3TXX3","Zfyve27",-0.124147108039403,-0.306467957931459,0.769604885782181,13.2894344466343,"319740"
"Q80TT8","Cul9",-0.124295023461058,-0.306838826272984,0.769336037569687,14.4473291710595,"78309"
"P97742","Cpt1a",-0.124547827268132,-0.307472729381727,0.768876592755739,16.9141494617496,"12894"
"O09106","Hdac1",-0.1246313350978,-0.307682137817218,0.768724838806549,14.7708888890585,"433759"
"P19973","Lsp1",-0.124838620250133,-0.308201965209371,0.768348179230372,6.28985032560729,"16985"
"Q80TM9","Nisch",-0.124927140633192,-0.308423968125672,0.768187340168828,17.7549314833202,"64652"
"Q8K1N4","Spats2",-0.124943850568032,-0.30846587631037,0.768156979495087,14.5881773551484,"72572"
"Q8BH24","Tm9sf4",-0.125271906683189,-0.309288688585407,0.767560978829094,15.9953982356242,"99237"
"Q8BUE4","Aifm2",-0.125708754258965,-0.310384525662574,0.766767484263883,13.1512647133252,"71361"
"Q8C3R1","Brat1",-0.12580909730497,-0.310636263210211,0.76658524507925,11.8937150156694,"231841"
"A2ARP1","Ppip5k1",-0.125841882569879,-0.310718515973724,0.766525703767069,17.9130937491767,"327655"
"Q9CQ85","Timm22",-0.126073265719278,-0.311299047147564,0.766105517284393,16.7635598461178,"56322"
"P31650","Slc6a11",-0.126629765783889,-0.312695495408051,0.765095130120404,20.7510470047116,"243616"
"Q6PDL0","Dync1li2",-0.126653205402863,-0.312754319973368,0.76505257925329,18.0678686466512,"234663"
"P32848","Pvalb",-0.126716089989808,-0.312912139098251,0.764938424913326,18.4785959079781,"19293"
"O55003","Bnip3",-0.127065247259779,-0.313788476006259,0.764304667317724,16.4107747299701,"12176"
"Q9R013","Ctsf",-0.127345104977916,-0.314490966115626,0.763796778293024,15.6552808670006,"56464"
"P60843","Eif4a1",-0.127349046553025,-0.314500860679248,0.763789625602073,18.8007749601643,"13681"
"Q9QVP9","Ptk2b",-0.127735298463456,-0.315470545099438,0.763088773504413,19.8606960743395,"19229"
"P63154","Crnkl1",-0.127763355649187,-0.315540988270458,0.763037869358079,15.1687667654553,"66877"
"Q8C170","Myo9a",-0.12778993442568,-0.315607720309995,0.762989648173712,18.3459547925247,"270163"
"Q3UQ44","Iqgap2",-0.128287134685832,-0.31685618178298,0.762087713551643,18.3543283855999,"544963"
"O88196","Ttc3",-0.128343519002132,-0.316997777167738,0.761985445640522,18.4251923113598,"22129"
"Q8BRF7","Scfd1",-0.128346109715315,-0.317004283183737,0.761980746767403,17.9294792188717,"76983"
"Q3UN90","Lyrm9",-0.128441254242967,-0.317243222665218,0.761808183992132,13.8514012792676,"66274"
"P21550","Eno3",-0.12858782295447,-0.317611322768422,0.761542370421,22.8819707221008,"13808"
"P46660","Ina",-0.129543105740551,-0.32001098810568,0.759810392184448,20.7082428952996,"226180"
"Q8CHI8","Ep400",-0.129584766650773,-0.320115660663744,0.759734878542693,15.1430738335846,"75560"
"Q7TN22","Txndc16",-0.129620478104662,-0.320205386653594,0.759670150073651,10.4420777276921,"70561"
"Q80U38","Khnyn",-0.129661463325426,-0.320308364686659,0.759595864189002,6.61953751421011,"219094"
"Q8VHQ3","Ppp1r16b",-0.129790091595122,-0.32063156242743,0.759362735342386,13.6440229373538,"228852"
"Q76LL6","Fhod3",-0.129876213054766,-0.320847964659959,0.759206655668959,11.7982144154853,"225288"
"Q6NS65","Gpr17",-0.130143517651035,-0.321519683008415,0.758722259366553,6.60527531299761,"574402"
"Q9R1Q8","Tagln3",-0.130178036919916,-0.321606432789468,0.758659710233258,21.5587337990226,"56370"
"Q05144","Rac2",-0.130267344694868,-0.321830876144206,0.758497889288565,8.44304464919198,"19354"
"O54828","Rgs9",-0.1303803527524,-0.322114893159047,0.758293135670562,15.0426108770532,"19739"
"Q9JMB8","Cntn6",-0.130422983685606,-0.322222038485737,0.758215898014284,14.8249358861639,"53870"
"Q6PDH0","Phldb1",-0.130654650518294,-0.322804323985464,0.757796200418245,15.9375066652061,"102693"
"Q8VDI7","Ubac1",-0.130893967767751,-0.323405894998252,0.757362697281587,15.3590111164386,"98766"
"Q9Z2I0","Letm1",-0.130920664087759,-0.323473005017489,0.757314342560022,19.2953147490536,"56384"
"Q61112","Sdf4",-0.130946417852083,-0.32353774629012,0.757267695729973,14.3839654941325,"20318"
"Q08331","Calb2",-0.131540938488087,-0.325032471521006,0.756191040964713,21.6073354554593,"12308"
"Q8BM72","Hspa13",-0.13157995066163,-0.325130567169324,0.756120403333444,14.9095887618969,"110920"
"Q80UP8","Slc20a2",-0.131590068367212,-0.325156008271201,0.756102083888793,15.4157822020285,"20516"
"A2A9C3","Szt2",-0.131663715012575,-0.325341196832222,0.755968739884934,12.6954884634603,"230676"
"P97799","Nrsn1",-0.131833023767609,-0.3257669538504,0.755662210822835,11.1572380163123,"22360"
"Q8CEG5","Ccdc28b",-0.132210593659233,-0.326716525147228,0.754978730790597,9.98947729903958,"66264"
"Q8JZX9","Cdc42ep2",-0.132231388670432,-0.326768827866571,0.754941091527133,8.35915518507403,"104252"
"Q9JJ80","Rpf2",-0.132315303015441,-0.326979890086523,0.754789209661017,15.5048435202364,"67239"
"P62484","Abi2",-0.132462534592673,-0.327350225752239,0.754522742535415,19.0999950128404,"329165"
"Q80UW8","Polr2e",-0.132606404096661,-0.3277121260073,0.754262380697673,14.8827660378561,"66420"
"P11679","Krt8",-0.132863124434893,-0.328357952199208,0.753797842020687,17.1068876027201,"16691"
"P46718","Pdcd2",-0.133191651284662,-0.329184518741191,0.753203462680009,17.9171790919483,"18567"
"Q9CZY3","Ube2v1",-0.133515882622511,-0.33000038617973,0.752616958724978,20.7331734570995,"66589"
"Q8BPM0","Daam1",-0.13371185228824,-0.330493559433952,0.752262518171743,19.3270131012443,"208846"
"Q923M0","Ppp1r16a",-0.134026871042129,-0.331286411947942,0.751692838768237,17.9498639617877,"73062"
"Q9JK48","Sh3glb1",-0.134228153068805,-0.331793060591774,0.751328891956808,16.7559151146424,"54673"
"Q91XD7","Creld1",-0.134244629947745,-0.331834536530096,0.751299101166059,17.8982925812174,"171508"
"Q9CQ91","Ndufa3",-0.134295121423883,-0.331961636457159,0.751207812429789,18.9532203271687,"66091"
"Q8BTW9","Pak4",-0.13430112915826,-0.331976759632568,0.751196950596337,8.95076323951913,"70584"
"Q99ME2","Wdr6",-0.134370571414937,-0.332151568241122,0.751071403325073,18.4587030173406,"83669"
"Q9DBR4","Apbb2",-0.134798182260348,-0.333228112904725,0.75029841482811,11.4243189952124,"11787"
"P61750","Arf4",-0.134928897558843,-0.333557236983946,0.750062158087972,18.3997409986675,"11843"
"A3KGS3","Ralgapa2",-0.135263359841938,-0.334399450208901,0.749457723398641,12.5446201505896,"241694"
"Q3U0S6","Rasip1",-0.135357763776495,-0.334637190873413,0.749287138323391,9.32536943185977,"69903"
"Q9WV31","Arc",-0.135636832630359,-0.335340033848623,0.748782921240547,18.751028840607,"11838"
"O55023","Impa1",-0.136047997878404,-0.33637571361917,0.748040176273537,19.2951264416571,"55980"
"P62876","Polr2l",-0.136207511165311,-0.33677755758847,0.747752070795833,15.0092212919911,"66491"
"Q3UEI1","Pde4c",-0.136307238536654,-0.337028803149078,0.747571960815904,13.9685624353311,"110385"
"Q9CZG9","Pdzd11",-0.136319396905504,-0.337059434733419,0.747550003197874,14.669047295077,"72621"
"Q99JH7","Clstn3",-0.136658575668746,-0.337914018454396,0.746937517233132,15.7654993700118,"232370"
"Q8BH69","Sephs1",-0.136731762091122,-0.338098432444701,0.746805373016622,18.7234828355192,"109079"
"P35922","Fmr1",-0.136959183588271,-0.338671521558045,0.746394778862858,16.7882945980393,"14265"
"Q6EDY6","Carmil1",-0.136975318678202,-0.338712183130386,0.746365650027201,18.0239845558921,"68732"
"Q3UE37","Ube2z",-0.137119821941962,-0.3390763538691,0.746104788575062,18.1976393686993,"268470"
"A2RSY6","Trmt1l",-0.137376221064103,-0.33972257392467,0.74564198137264,15.9793849051469,"98685"
"S4R2K0","Pdf",-0.137731708331161,-0.340618647715353,0.745000427413065,11.8269847983028,"68023"
"Q8VD12","Znf385a",-0.137757689921085,-0.340684144549513,0.744953543010821,12.3013353472691,NA
"Q61542","Stard3",-0.138279140056724,-0.341998816842349,0.744012718566452,14.8606695106316,"59045"
"Q9CQE3","Mrps17",-0.138583856929631,-0.342767198623656,0.743463062277718,16.2098097356018,"66258"
"Q8JZR0","Acsl5",-0.138715308766428,-0.343098701534016,0.743225975218766,14.9764172273516,"433256"
"Q9Z2Q5","Mrpl40",-0.138778270694338,-0.343257489144811,0.743112423077467,14.8381003845344,"18100"
"Q3TCN2","Plbd2",-0.138820592306305,-0.343364225041268,0.743036098119829,16.3020279501712,"71772"
"Q6DFY8","Brinp2",-0.139062544022985,-0.343974468643668,0.742599785162011,16.4228437916223,"240843"
"Q924T7","Rnf31",-0.139201862801563,-0.344325882917081,0.742348577945034,13.285437899448,"268749"
"Q9QYF1","Rdh11",-0.139408457646768,-0.344847031082772,0.741976101102279,15.5721402716558,"17252"
"Q9CRD2","Emc2",-0.139581975323783,-0.345284775543308,0.74166329401424,17.7814939253583,"66736"
"Q9JLV6","Pnkp",-0.139655632878509,-0.345470606108409,0.741530518007751,15.3583292828939,"59047"
"Q60770","Stxbp3",-0.139973768213636,-0.346273296630219,0.740957107412045,15.6126274667427,"20912"
"Q8R1F6","Hid1",-0.140114140935974,-0.346627507246976,0.740704131195598,16.1869184714178,"217310"
"P62482","Kcnab2",-0.140760090022339,-0.348257743109062,0.739540279815395,19.2139969857178,"16498"
"O88822","Sc5d",-0.141366367128821,-0.349788268216493,0.738448300965998,10.1371609744496,"235293"
"P51660","Hsd17b4",-0.141392666507076,-0.349854669141265,0.738400941217016,19.1568179731446,"15488"
"O35633","Slc32a1",-0.141494109765998,-0.350110801145385,0.738218269592145,20.8631073378777,"22348"
"Q8C015","Pak5",-0.141513007196995,-0.3501585161247,0.738184241658418,17.3961487540901,"241656"
"Q9D0M0","Exosc7",-0.141636421778315,-0.350470140798473,0.737962022535131,15.8837928166767,"66446"
"Q9CWG9","Bloc1s2",-0.141700198282695,-0.350631184482541,0.737847193379788,10.6952630420184,"73689"
"Q9QXP6","Mkrn1",-0.141760695454305,-0.350783951557318,0.73773827255518,14.7846488504283,"54484"
"Q99K74","Med24",-0.141863746603152,-0.351044184902603,0.737552745122657,10.5114968337414,"23989"
"P0DP60","Lynx1",-0.1424759204177,-0.352590337650939,0.736450850674802,16.9835428304509,"23936"
"B1AS29","Grik3",-0.142626639454255,-0.352971068396725,0.736179621067675,16.4422109494772,"14807"
"P29758","Oat",-0.142629555495524,-0.352978434843783,0.736174373679041,19.2571573859945,"18242"
"P55096","Abcd3",-0.142820038287643,-0.353459649122838,0.735831621010508,18.0967454818217,"19299"
"Q9JI75","Nqo2",-0.142924497660862,-0.353723560540413,0.735643674109299,16.3263456802947,"18105"
"A2APY7","Ndufaf5",-0.143058543821244,-0.354062239185493,0.735402510428191,17.5521205196557,"69487"
"Q9R062","Gyg1",-0.143064575231065,-0.354077478505784,0.735391659707101,17.5190326431537,"27357"
"Q6NWV3","Ift122",-0.143260016215213,-0.354571313176354,0.735040075116838,15.7906320921506,"81896"
"P27600","Gna12",-0.14329719502102,-0.354665260308631,0.734973197608243,15.6285286949027,"14673"
"P63330","Ppp2ca",-0.143521544439768,-0.355232201454894,0.73456966712279,19.938471581046,"19052"
"Q14BI2","Grm2",-0.143590156454671,-0.355405598286715,0.73444626736729,18.1477802999874,"108068"
"Q920Q6","Msi2",-0.143622028353586,-0.355486146983915,0.734388946959672,17.2509453638262,"76626"
"Q6P5B0","Rrp12",-0.143942503934134,-0.356296136146915,0.733812643319954,14.4272972083163,"107094"
"Q3THF9","Coq10b",-0.143983741634823,-0.356400371086597,0.733738494420171,12.817574100428,"67876"
"Q99JG2","Gpr37l1",-0.144237884574054,-0.357042800227858,0.733281563470494,18.9653128087237,"171469"
"Q3UPH1","Prrc1",-0.144419680116209,-0.357502391993341,0.732954749969049,16.7115079747665,"73137"
"O35657","Neu1",-0.14453647119421,-0.357797667457893,0.732744813358901,12.5390945176525,"18010"
"Q9Z2X8","Keap1",-0.144848269650159,-0.358586042541358,0.732184414175355,14.9720635851272,"50868"
"Q91VS8","Farp2",-0.144926169544811,-0.358783027623908,0.73204441987595,15.5425401777958,"227377"
"Q9ES97","Rtn3",-0.145061613673417,-0.359125540757384,0.731801027915575,21.8640717314894,"20168"
"Q8CH36","Slc36a4",-0.145152083090149,-0.359354332655321,0.731638466017315,10.2069041765389,"234967"
"Q8BM65","Nyap2",-0.145259101946609,-0.359624989013259,0.731446178168031,16.7860748009588,"241134"
"Q3TRM4","Pnpla6",-0.145460556224601,-0.360134512547034,0.731084245101663,17.2626738937477,"50767"
"Q69ZT1","Fan1",-0.145569169004254,-0.360409237869661,0.730889129192134,17.9754053593184,"330554"
"Q80XR2","Atp2c1",-0.145597946273685,-0.360482029367287,0.730837434780956,16.7354067568671,"235574"
"Q8K215","Lyrm4",-0.145848715632338,-0.36111638477208,0.730386999560075,16.5477275641123,"380840"
"Q8BZH4","Pogz",-0.145954913466353,-0.361385048152841,0.730196265899878,16.3883265704986,"229584"
"Q7TSH4","Ccp110",-0.146162541719011,-0.361910351008063,0.729823395874617,8.44744149299729,"101565"
"Q61548","Snap91",-0.146641556919215,-0.363122453817401,0.728963331050866,22.3115104798561,"20616"
"Q9QZC7","Plekhb2",-0.14695931361562,-0.363926651156077,0.728392939708195,12.4491296981328,"226971"
"P06537","Nr3c1",-0.147141451350416,-0.364387667953038,0.728066041194136,15.420979575636,"14815"
"Q5NCE8","Mrs2",-0.147182561984449,-0.364491730118294,0.727992261298606,16.0075405601618,"380836"
"Q8VE42","Ankrd49",-0.147218894932783,-0.364583700272432,0.727927057276969,12.2826750914528,"56503"
"Q9WU78","Pdcd6ip",-0.147287781491446,-0.364758078025735,0.727803435643678,17.818700810181,"18571"
"Q8BRK9","Man2a2",-0.147428493310474,-0.365114289353437,0.727550934615145,13.5863143322409,"140481"
"P62892","Rpl39",-0.147675264675037,-0.365739044672317,0.727108166230715,18.5133693853872,"67248"
"Q9JJY3","Smpd3",-0.147692157828609,-0.365781815912784,0.727077858179341,17.5949027321872,"58994"
"Q91ZW3","Smarca5",-0.147706880882512,-0.365819093013546,0.727051443761691,18.9940177468539,"93762"
"Q923W1","Tgs1",-0.147753007018898,-0.365935880763246,0.726968691049671,15.6829600531052,"116940"
"Q9WV96","Timm10b",-0.147798372077676,-0.366050743905348,0.72688730600034,15.4998358941671,"14356"
"P47934","Crat",-0.147906521487874,-0.366324584912089,0.726693294641314,17.9321152530746,"12908"
"Q60925","Dbp",-0.148093540711201,-0.366798160883005,0.72635782712282,6.36101714267582,"13170"
"Q8BWH0","Slc38a7",-0.148170964546964,-0.366994227732285,0.726218958496136,17.7686751882679,"234595"
"P40142","Tkt",-0.148261452647776,-0.367223387055867,0.726056665852603,20.6654812529295,"21881"
"O08997","Atox1",-0.14826685427697,-0.36723706687306,0.726046978178838,18.1700018829405,"11927"
"Q8CC21","Ttc19",-0.148598940315828,-0.368078151121355,0.725451451965586,16.4306300001628,"72795"
"Q9JKS4","Ldb3",-0.148758380866872,-0.368482016201887,0.725165571683187,6.43001596664703,"24131"
"Q8BG05","Hnrnpa3",-0.148763356800658,-0.368494620782437,0.72515665017474,21.5847829173746,"229279"
"Q8CH72","Trim32",-0.148851601377513,-0.36871815863302,0.724998438181136,18.3860400483405,"69807"
"Q3UYG8","Macrod2",-0.148937246270835,-0.368935119677122,0.724844895238612,16.9493509449159,"72899"
"Q9WTP5","Cdh22",-0.149103090410904,-0.36935527065528,0.724547595012726,6.60327524735207,"104010"
"Q9Z0R6","Itsn2",-0.14912010545077,-0.369398378506776,0.724517094729854,16.7465430374192,"20403"
"Q9WV60","Gsk3b",-0.149173046967218,-0.369532508757077,0.724422196523215,18.5429709784261,"56637"
"P70208","Plxna3",-0.14970557100632,-0.370881868753134,0.723467812467169,13.8748150521135,"18846"
"Q8R1C0","Kcnc4",-0.149737063230062,-0.370961677068069,0.723411382168349,9.19885227235057,"99738"
"Q811P8","Arhgap32",-0.149738410145655,-0.370965090478177,0.723408968680961,19.4606073886793,"330914"
"Q62406","Irak1",-0.149826338838673,-0.371187927639437,0.723251416873123,10.1463676385481,"16179"
"P63032","Rasd2",-0.149888924991016,-0.37134654483958,0.723139279342129,14.9517257404909,"75141"
"Q91WL6","Snx11",-0.149941387784894,-0.371479509103411,0.723045283459682,11.0719167167305,"74479"
"Q8R5A6","Tbc1d22a",-0.1506189812901,-0.373197124053056,0.721831533458606,18.7233360346148,"223754"
"Q9Z266","Snapin",-0.150640657348514,-0.373252079024405,0.721792714234185,15.3467412553548,"20615"
"Q8R242","Ctbs",-0.150719686173696,-0.37345244423276,0.721651187468113,14.7385723716342,"74245"
"Q8BTI7","Ankrd52",-0.15117303805597,-0.374601988615679,0.72083944717479,8.75176971997116,"237615"
"Q8BG94","Commd7",-0.151238737097439,-0.374768598828096,0.720721829923398,15.2818254224051,"99311"
"P97471","Smad4",-0.151315455901049,-0.374963161161711,0.720584490674689,14.5860442035745,"17128"
"P35293","Rab18",-0.151443062468985,-0.375286792514516,0.720356068434319,19.1457041909623,"19330"
"Q9ER81","Tor1aip2",-0.151547172642822,-0.375550847351724,0.720169719318712,8.76774193625386,"240832"
"Q9QZN4","Fbxo6",-0.151644934644044,-0.375798812952443,0.719994743896404,17.1166717036926,"50762"
"Q8BWJ3","Phka2",-0.15170967244367,-0.375963021484059,0.719878881369737,15.1512782189052,"110094"
"B2RY56","Rbm25",-0.151821990468639,-0.376247929818745,0.719677874622505,17.920996786525,"67039"
"Q8JZZ7","Adgrl2",-0.151879529159203,-0.376393889485752,0.719574907582792,17.1123438199953,"99633"
"Q99N96","Mrpl1",-0.152529579590484,-0.378043159268556,0.718411881039694,15.7675280087373,"94061"
"Q8CFJ9","Wdr24",-0.152601570978526,-0.378225842444668,0.71828310789221,13.9923449646872,"268933"
"Q6PDJ6","Fbxo42",-0.152673622772266,-0.37840868507675,0.718154232496139,14.7156840194527,"213499"
"Q8R1R4","Il34",-0.152897081476675,-0.378975785598319,0.717754580160243,12.2687471370072,"76527"
"Q8K1Z0","Coq9",-0.152923842930735,-0.379043705646412,0.717706721473742,17.9434297349102,"67914"
"Q9ES74","Nek7",-0.153157400917862,-0.379636507521573,0.717289073508381,16.5174254953916,"59125"
"Q6PDY2","Ado",-0.153188110675864,-0.379714457899769,0.717234162925161,17.6546097294461,"211488"
"Q921M4","Golga2",-0.153426330239888,-0.380319167346831,0.71680825038428,16.5579632145563,"99412"
"Q60857","Slc6a4",-0.153442187176333,-0.380359421862597,0.716779902044501,14.7021619264743,"15567"
"Q93092","Taldo1",-0.154342307760205,-0.382644967902757,0.715171169795701,19.4212263053709,"21351"
"Q5RJH6","Smg7",-0.1545030028624,-0.383053100231769,0.714884065117134,14.2169087255314,"226517"
"Q9WU22","Ptpn4",-0.154796146262817,-0.38379770410109,0.714360397958687,14.8234321124348,"19258"
"Q99NE5","Rims1",-0.155092437481798,-0.384550409180557,0.713831206532296,19.1403479027799,"116837"
"Q9CPR8","Nsmce3",-0.155145327605279,-0.384684783653988,0.713736752516433,7.36941155155984,"66647"
"Q3UHE1","Pitpnm3",-0.155147861616218,-0.384691221734728,0.713732227223686,17.8695090666775,"327958"
"Q9EST3","Eif4enif1",-0.155212018080731,-0.384854224609689,0.713617657620927,15.4358558577014,"74203"
"Q03147","Cdk7",-0.155235937757055,-0.384914998811583,0.71357494343668,13.6411470557661,"12572"
"P35821","Ptpn1",-0.155343928108333,-0.385189385217641,0.71338210946638,16.6185284837743,"19246"
"Q8C0P5","Coro2a",-0.155373690614806,-0.385265009527213,0.71332896610155,16.758809669665,"107684"
"Q925T6","Grip1",-0.155708066700116,-0.386114708168771,0.712731979804254,13.9946230948318,"74053"
"Q7M750","Opalin",-0.155709843817188,-0.386119224446825,0.712728807326147,18.5347708756976,"226115"
"P28867","Prkcd",-0.15583320440439,-0.386432736378317,0.712508594975449,19.6456450001062,"18753"
"Q00422","Gabpa",-0.156001070124558,-0.386859384626508,0.712208963895937,11.7748253770694,"14390"
"Q9JJZ4","Ube2j1",-0.156225722782315,-0.387430416565459,0.711808021591779,15.3177363094593,"56228"
"Q9Z108","Stau1",-0.156298605442661,-0.387615686131091,0.711677958771468,16.8916818238468,"20853"
"P40240","Cd9",-0.156481672594246,-0.388081076091991,0.71135129291162,18.9370830034877,"12527"
"Q69ZZ9","Macf1",-0.156609892331554,-0.388407058372677,0.711122519873076,19.2404219813219,"11426"
"Q9JJ43","Rbfox1",-0.156909915987025,-0.389169908838338,0.710587283381838,17.3879840965034,"268859"
"Q61908","Cmc4",-0.15731833047826,-0.390208535153212,0.709858845796226,14.3123007686015,"105886298"
"Q78PY7","Snd1",-0.157490209804687,-0.390645697520288,0.709552343606606,17.5587308497815,"56463"
"P11983","Tcp1",-0.1576512040849,-0.391055207595913,0.709265282937475,19.457030234435,"21454"
"P54822","Adsl",-0.157693990997799,-0.391164047099934,0.709188996806249,19.5806235743286,"11564"
"Q8BQP9","Rgs7bp",-0.158165018571676,-0.392362376223457,0.708349326627165,17.6235370050344,"52882"
"Q80XI4","Pip4k2b",-0.15839367940499,-0.392944205361153,0.707941800326883,19.0349418223029,"108083"
"Q9Z2E1","Mbd2",-0.15845674314805,-0.39310468291413,0.707829416853441,19.7094887226228,"17191"
"E9Q1P8","Irf2bp2",-0.158756441345262,-0.393867388822985,0.707295399221283,9.75774070083435,"270110"
"E9Q912","Rap1gds1",-0.15897510129416,-0.394423929878916,0.706905845466528,21.1140975584625,"229877"
"P54869","Hmgcs2",-0.159061934616498,-0.394644957643735,0.706751162922884,17.4028711589263,"15360"
"Q5M956","Kctd1",-0.15908949679706,-0.394715117089096,0.706702066229058,12.9536893483358,"106931"
"Q8BLV3","Slc9a7",-0.159199677541463,-0.394995591293366,0.706505809369584,15.8029732508435,"236727"
"Q3UHQ6","Dop1b",-0.159248911403641,-0.395120925059031,0.706418117276877,14.5652190587344,"70028"
"P84099","Rpl19",-0.159306714478473,-0.395268077177008,0.70631516587162,18.7979508601839,"19921"
"Q5SVL6","Rap1gap2",-0.159613188810128,-0.396048353615572,0.705769378229107,18.4481244539348,"380711"
"Q8BIG7","Comtd1",-0.159767247726838,-0.396440628358859,0.705495062357462,17.2033654981335,"69156"
"P13864","Dnmt1",-0.159861852427423,-0.3966815316747,0.705326623842017,14.2370473483344,"13433"
"Q3TQB2","Foxred1",-0.159875730750385,-0.396716872659203,0.705301915123411,18.4348660942995,"235169"
"Q8C0L6","Paox",-0.160133490266142,-0.397373298108373,0.704843045604519,13.8189070860161,"212503"
"A2AHL1","Ano3",-0.160134405937514,-0.397375630159233,0.704841415643444,18.2592567230377,"228432"
"Q9D6T0","Nosip",-0.160183905567092,-0.39750169841052,0.704753304193419,14.3991611313973,"66394"
"Q05920","Pc",-0.160194284791725,-0.397528133154181,0.704734829094992,19.0298483014261,NA
"P23818","Gria1",-0.160314848113426,-0.397835204593898,0.704520234711841,21.3438131774741,"14799"
"Q9D338","Mrpl19",-0.160499272772841,-0.398304964456509,0.704192004509479,15.6583569160092,"56284"
"Q80TE7","Lrrc7",-0.16056382294139,-0.398469394438929,0.704077130623344,19.3062011352034,"242274"
"Q8VBT9","Aspscr1",-0.160573896136914,-0.398495054572022,0.704059204742094,19.1644377094337,"68938"
"P21460","Cst3",-0.160621052187954,-0.398615180073933,0.703975289184141,19.3164516669005,"13010"
"P70333","Hnrnph2",-0.160862309960606,-0.399229804889539,0.70354600483909,19.181691541612,"56258"
"Q8BMJ2","Lars1",-0.161037430582847,-0.399675985665563,0.703234445112503,19.3461126280937,"107045"
"Q8VHK9","Dhx36",-0.161061774191647,-0.399738012554382,0.70319113788824,16.0975994316969,"72162"
"Q8CI43","Myl6b",-0.161148657580511,-0.399959395301661,0.703036578224603,19.7617181206922,"216459"
"Q9D864","Actr6",-0.161445570698189,-0.400716015254224,0.70250845700269,11.4374308559078,"67019"
"P70288","Hdac2",-0.161507016086696,-0.400872609708233,0.702399176682942,17.0369326002473,"15182"
"Q3UPR9","Sbspon",-0.161903772554704,-0.401883864597337,0.701693654567994,6.1525294053312,"226866"
"Q8BK67","Rcc2",-0.161967468909653,-0.402046232819014,0.701580405471023,17.4592384668243,"108911"
"Q8CFI7","Polr2b",-0.162114833414984,-0.402421899102279,0.701318416771003,16.3714678681047,"231329"
"Q8K0C1","Ipo13",-0.162200416493541,-0.402640082898536,0.70116627660302,15.5251124286086,"230673"
"Q1HFZ0","Nsun2",-0.162292915275956,-0.402875907946197,0.70100185221452,18.7675569643639,"28114"
"Q80YA9","Cnksr2",-0.162307168998299,-0.402912248688926,0.700976515922207,18.4473381284518,"245684"
"Q3UQ84","Tars2",-0.162630596995714,-0.403736917958966,0.700401680592361,18.7847530712043,"71807"
"P35762","Cd81",-0.162724507501276,-0.403976393835366,0.700234794750459,21.843285834871,"12520"
"Q923U0","Tom1l1",-0.163045791707175,-0.404795767878615,0.699663928480739,13.0110931834782,"71943"
"P46414","Cdkn1b",-0.163083595973707,-0.404892189137994,0.699596764935684,14.4875737663997,"12576"
"Q3UZP4","Svip",-0.163513433924369,-0.405988636592529,0.698833229068269,17.3156071651876,"75744"
"Q8CGV2","Tph2",-0.164044969699311,-0.407344827437525,0.697889348891493,17.9448334941753,"216343"
"Q62245","Sos1",-0.16407126072971,-0.40741191733206,0.697842671091675,17.9084651509074,"20662"
"Q8BS39","Ccdc32",-0.164350721883238,-0.408125106193105,0.697346559453421,12.8836218839563,"269336"
"Q9EPR5","Sorcs2",-0.164439477353103,-0.408351632545701,0.697189016459857,16.0305936448472,"81840"
"Q3TXU5","Dhps",-0.164815991539049,-0.409312705170303,0.696520800310577,17.8189796696397,"330817"
"P06683","C9",-0.165057208777355,-0.409928521726221,0.69609279112659,9.67127486136294,"12279"
"Q9D125","Mrps25",-0.16523680188446,-0.410387063801793,0.695774171591779,15.3270926979681,"64658"
"Q8C0K5","Slc25a16",-0.165261937897917,-0.410451245111758,0.695729580414677,19.0004486819644,"73132"
"Q9WTU3","Scn8a",-0.165386683847628,-0.410769778692164,0.69550829292254,15.8732330070359,"20273"
"Q9D1H6","Ndufaf4",-0.165521105829118,-0.411113042306503,0.6952698620829,17.1417950542649,"68493"
"Q9D8B1","Aig1",-0.165719865955251,-0.411620644727782,0.694917351514815,15.5601403848008,"66253"
"Q69Z38","Peak1",-0.165940573848264,-0.412184358767737,0.69452597149088,18.6389317911576,"244895"
"Q8BK62","Olfml3",-0.166336365866328,-0.413195417944613,0.693824263512672,8.05289884968753,"99543"
"P83093","Stim2",-0.166603672388511,-0.413878374339269,0.693350457644513,16.7983000359266,"116873"
"Q8BWD8","Cdk19",-0.166795189694709,-0.414367750326358,0.693011042963871,12.8775357079243,"78334"
"Q8BFV2","Pcid2",-0.166865427098032,-0.414547237048364,0.692886576586894,14.9253595977132,"234069"
"Q8C1M2","Znf428",-0.166990599627253,-0.414867122698971,0.692664775591063,14.2074242991961,NA
"O35386","Phyh",-0.167038224987492,-0.414988837484686,0.692580390259872,15.4082886684459,"16922"
"Q61578","Fdxr",-0.167442549397261,-0.416022278409896,0.691864096540827,18.7481647134891,"14149"
"Q9QUI0","Rhoa",-0.167588169383735,-0.416394531545509,0.691606167691114,20.8485103925008,"11848"
"P23927","Cryab",-0.167823118328239,-0.416995198352844,0.691190069886518,19.0851827873611,"12955"
"P81117","Nucb2",-0.167883646834666,-0.417149956428319,0.691082884006073,15.7249458510759,"53322"
"Q8BKC5","Ipo5",-0.168063338092101,-0.417609416050729,0.690764707201561,18.6782332866231,"70572"
"O09172","Gclm",-0.168190568263485,-0.417934761765883,0.690539446423863,16.6054629673697,"14630"
"Q8VCS6","Med9",-0.168212074883126,-0.417989759386487,0.690501370954569,11.3433665122388,"192191"
"Q8CFW1","Ano2",-0.16823663288664,-0.418052560883805,0.690457893987404,14.976827969239,"243634"
"E9Q8Q6","Ccdc141",-0.168249163847596,-0.418084606269354,0.690435709725519,14.7820843050646,"545428"
"P47757","Capzb",-0.168272345138645,-0.418143888259159,0.690394671095425,20.7420629453737,"12345"
"Q9CZD3","Gars1",-0.168614421764705,-0.419018770874898,0.689789157835277,20.6872238040653,NA
"Q8BYJ6","Tbc1d4",-0.169052875345033,-0.420140371570981,0.689013257040177,9.61992804268254,"210789"
"P28063","Psmb8",-0.16914342235887,-0.420372030321121,0.688853051768613,15.1872613194165,"16913"
"Q91V93","Rhobtb2",-0.16922728601911,-0.42058659991218,0.688704680399055,9.32734335011745,"246710"
"Q68ED7","Crtc1",-0.169430171084483,-0.421105730945286,0.688345772539027,17.734686572542,"382056"
"P60954","Nol4",-0.169481010689961,-0.421235825136873,0.688255844187856,5.39549121870446,"319211"
"P97411","Ica1",-0.169504719694686,-0.421296495630969,0.688213907272403,16.4299455814919,"15893"
"B2RQC6","Cad",-0.169796578223503,-0.422043412889626,0.687697719528745,17.9013953070336,"69719"
"P07091","S100a4",-0.169802276222702,-0.422057996208079,0.687687642963481,10.9412951517484,"20198"
"Q80YV3","Trrap",-0.170078684984684,-0.42276548234105,0.687198879112731,18.5490526385688,"100683"
"Q6PIE5","Atp1a2",-0.170108401722835,-0.422841550371787,0.687146337685945,24.6157586678142,"98660"
"Q9QXG4","Acss2",-0.170474920217163,-0.423779851372376,0.686498395454322,18.2706638956262,"60525"
"Q80TQ2","Cyld",-0.170523204699221,-0.423903474940782,0.686413049143742,16.9051487670003,"74256"
"Q5F285","Tmem256",-0.170727848706566,-0.424427463346759,0.686051358220798,17.392988866309,"69186"
"Q9CYS6","Q9CYS6",-0.170767000629634,-0.424527717797926,0.685982166449164,14.8907681873214,NA
"Q99KN2","Ciao1",-0.170802856664997,-0.424619534444623,0.685918801052213,18.7432265537302,"26371"
"Q8C8R3","Ank2",-0.170992269162946,-0.425104592384985,0.685584094596733,20.896646411468,"109676"
"P63328","Ppp3ca",-0.171436048800316,-0.426241237928068,0.684800076832253,22.2597152110247,"19055"
"Q9D1I5","Mcee",-0.171545339178962,-0.426521202582911,0.684607033115937,17.7564356397512,"73724"
"Q9JHJ3","Glmp",-0.171673171376601,-0.426848685638314,0.684381257211968,11.5685501507352,"56700"
"Q9QXK7","Cpsf3",-0.17168493203691,-0.426878815446448,0.684360486681017,15.3603618356846,"54451"
"Q811B5","Prr3",-0.171705654284011,-0.426931904532823,0.684323889490298,11.3927092696646,"75210"
"P15508","Sptb",-0.171773572739362,-0.427105911413179,0.68420394368114,19.4869011087496,"20741"
"A2AGL3","Ryr3",-0.171791822025635,-0.427152667099774,0.684171715936312,14.4194746993901,"20192"
"P56213","Gfer",-0.171846262918678,-0.427292150388508,0.684075577269375,16.1393595240437,"11692"
"O70585","Dtnb",-0.172003829020288,-0.427695874036912,0.683797347862019,17.8366987492673,"13528"
"Q61171","Prdx2",-0.172163747040348,-0.428105658475563,0.683514997228798,22.0920455227878,"21672"
"O55106","Strn",-0.172337848911889,-0.428551828208148,0.683207640075465,18.7872383274381,"268980"
"Q8K0D5","Gfm1",-0.172398512241728,-0.428707299450026,0.683100554759827,17.6901655036967,"28030"
"Q8VIM9","Irgq",-0.172479261750448,-0.428914256430838,0.682958019687823,16.8761584736795,"210146"
"Q9D1H8","Mrpl53",-0.172582234341611,-0.429178182998342,0.682776269393528,14.2129714669972,"68499"
"Q8R3U1","Plaat3",-0.172720235953762,-0.429531914350339,0.682532712510708,12.1252791861757,"225845"
"Q91VS7","Mgst1",-0.173034667693162,-0.430337976008353,0.681977866282253,14.1205374124905,"56615"
"Q8CB27","Yod1",-0.17305023782985,-0.430377894363087,0.681950394452476,14.7498717485675,"226418"
"Q9D0R2","Tars1",-0.173100746930022,-0.430507390710654,0.681861278684614,19.6326493476668,"110960"
"Q99M31","Hspa14",-0.173151717310524,-0.430638073248633,0.681771352313442,17.8869283835097,"50497"
"O70252","Hmox2",-0.173273233512873,-0.430949642028468,0.681556976081003,17.8482078988913,"15369"
"Q925F2","Esam",-0.173498357071839,-0.431526914753766,0.681159867204078,8.68782328328298,"69524"
"Q9QXG2","Chm",-0.173659166395969,-0.431939312503475,0.680876245201534,16.9470888775669,"12662"
"O88990","Actn3",-0.173663657572658,-0.431950830699802,0.680868324509412,14.2889046927835,"11474"
"Q9Z0X1","Aifm1",-0.173800072468263,-0.432300697370131,0.680627753735599,19.3521788820484,"26926"
"Q9EQ61","Pes1",-0.174062481642252,-0.432973776872273,0.680165055347282,12.9451208281831,"64934"
"P83870","Phf5a",-0.174533147905567,-0.434181274202894,0.679335361824399,15.7842035513024,"68479"
"O70433","Fhl2",-0.174538933445989,-0.43419611895199,0.679325164784184,16.1928423211783,"14200"
"Q8R0X2","Cacul1",-0.174601582208373,-0.434356868385791,0.679214748788309,14.2413391948868,"78832"
"P49615","Cdk5",-0.17495275543804,-0.435258038822403,0.678595911990234,19.0010543441851,"12568"
"Q8BGK5","Slc35f1",-0.175102489434774,-0.4356423338972,0.678332098709704,15.3409037173375,"215085"
"Q8VDN2","Atp1a1",-0.175235354220858,-0.435983359942175,0.678098030846256,22.6130629658436,"11928"
"P30681","Hmgb2",-0.175325864497049,-0.436215688101114,0.677938591790055,14.2534625545426,"97165"
"P62915","Gtf2b",-0.175376698620183,-0.436346177716646,0.677849049137475,12.6323827153772,"229906"
"Q8BMS4","Coq3",-0.175455062136135,-0.436547341482941,0.677711020809838,15.2790830899432,"230027"
"Q6P3A8","Bckdhb",-0.175605365629835,-0.436933203376192,0.677446300399165,16.6693154048763,"12040"
"Q9CZJ0","Mpped2",-0.175721247866162,-0.437230719906425,0.677242223742836,15.0649052766671,"77015"
"Q62465","Vat1",-0.17601426392045,-0.437983094228664,0.676726278684245,20.0149349141604,"26949"
"Q9CYA6","Zcchc8",-0.176118658689389,-0.438251176622908,0.676542486050309,10.8364552788188,"70650"
"Q04447","Ckb",-0.177058135541672,-0.440664410709331,0.674889114799063,24.830932117661,"12709"
"O89026","Robo1",-0.177106477447727,-0.440788620133315,0.674804069266431,15.7007999448795,"19876"
"P58391","Kcnn3",-0.17725793314238,-0.441177790880322,0.674537640198439,12.1919947553742,"140493"
"E9Q6B2","Ccdc85c",-0.177291867079,-0.441264989763333,0.674477950308226,13.7762303679526,"668158"
"Q9D6F9","Tubb4a",-0.17729249696446,-0.441266608373941,0.674476842351943,26.1843321673611,"22153"
"Q9EQQ2","Yipf5",-0.178281437368021,-0.443808570984797,0.672737946682845,14.0218203328958,"67180"
"Q9Z2V5","Hdac6",-0.178494321384027,-0.444355947330932,0.672363789116674,16.1680954133665,"15185"
"Q91ZJ5","Ugp2",-0.178507024688286,-0.444388612638746,0.672341464085919,21.3122856336423,"216558"
"Q3UVX5","Grm5",-0.178581803842281,-0.444580904592331,0.672210050005302,18.956532049461,"108071"
"O88907","Pias1",-0.178685170548285,-0.444846721529507,0.67202840917204,13.2163660462564,"56469"
"Q3U0K8","Ogfod1",-0.178890943072605,-0.445375929696079,0.671666857293633,16.2170253320626,"270086"
"O70507","Hcn4",-0.179147915391148,-0.446036898877865,0.671215422225277,14.2955512861527,"330953"
"Q7TNR9","Arhgef4",-0.179250017484558,-0.446299546090209,0.671036078623749,14.4571473261852,"226970"
"O35678","Mgll",-0.179301182992128,-0.44643116973883,0.67094621087253,18.6790213154316,"23945"
"P53986","Slc16a1",-0.179358648868263,-0.446579005595146,0.670845281135965,17.2416592089456,"20501"
"A2RT62","Fbxl16",-0.179424138032207,-0.446747487800645,0.67073026500311,18.8399722414822,"214931"
"Q60738","Slc30a1",-0.180100167372296,-0.448487049366442,0.669543307107556,17.2608197491179,"22782"
"Q3TMH2","Scrn3",-0.180235885099671,-0.448836357871954,0.669305088741212,18.308849437015,"74616"
"P70195","Psmb7",-0.180279426951225,-0.448948430930658,0.669228667065591,18.541356906632,"19177"
"Q6PDQ2","Chd4",-0.180296866233243,-0.448993318938839,0.669198059527784,16.7757475824794,"107932"
"Q9DCA5","Brix1",-0.18034401490658,-0.449114679912614,0.669115311278201,12.1293512069557,"67832"
"Q9JJJ7","Porcn",-0.180640759457165,-0.449878575688895,0.668594576739184,15.8843897135952,"53627"
"Q9WTP2","Spry4",-0.180786625816951,-0.450254119255887,0.668338649207443,10.6175178848023,"24066"
"P35123","Usp4",-0.180891410231534,-0.450523913318556,0.668154818580444,18.6331521220855,"22258"
"Q9DC48","Cdc40",-0.180891797279245,-0.450524909900487,0.668154139582282,13.7684664281475,"71713"
"Q3TMP8","Tmem38a",-0.180950481671336,-0.450676014719148,0.668051191772688,15.9689387418772,"74166"
"P32211","Chrm4",-0.181066614602152,-0.450975056863004,0.667847477490807,14.1732782218055,"12672"
"P11276","Fn1",-0.181130250821807,-0.451138928315975,0.667735857692081,16.5192435995597,"14268"
"Q9CYL5","Glipr2",-0.181357168521189,-0.451723318298455,0.66733788070747,13.9543619672862,"384009"
"Q4VC33","Maea",-0.181410577820851,-0.451860876189043,0.667244219269018,15.9172122547344,"59003"
"Q5U4F6","Dync2i2",-0.181517369151326,-0.452135934137885,0.667056955468672,14.3069119882077,"71820"
"Q5PR73","Diras2",-0.181976032373681,-0.453317481980437,0.666252837989663,19.7903537949159,"68203"
"Q3UV70","Pdp1",-0.182151635387034,-0.453769928320153,0.66594504840681,16.4226710294852,"381511"
"Q9Z224","Mocs2",-0.182155363670684,-0.453779534839542,0.66593851406931,19.0158848091087,"17434"
"P54818","Galc",-0.182353745923674,-0.454290727666776,0.665590847968521,17.1673532670757,"14420"
"Q8R016","Blmh",-0.182484551593695,-0.454627820056401,0.665361638701891,18.6277918860841,"104184"
"Q7TPG7","Tafa2",-0.182619614877526,-0.454975910722246,0.665124992622797,15.6600458668164,"268354"
"Q8CJG0","Ago2",-0.182632634069739,-0.455009465729118,0.665102182808285,16.4388564641782,"239528"
"Q8BH95","Echs1",-0.182850777498936,-0.455571734408498,0.664720025736401,19.5958364453543,"93747"
"Q6PFD5","Dlgap3",-0.183030606439112,-0.456035299134964,0.66440503777113,19.0009249677107,"242667"
"O35927","Ctnnd2",-0.183295177815558,-0.456717399823086,0.663941693153467,18.1131715917637,"18163"
"Q9D662","Sec23b",-0.183330626904301,-0.456808800152161,0.663879618123709,16.2151294948963,"27054"
"Q80ZK0","Mrps10",-0.183354613709441,-0.456870647692977,0.663837615688131,15.170158479434,"64657"
"Q9CQP3","Chchd5",-0.183427379646575,-0.457058272438182,0.663710202539582,8.79906952052725,"66170"
"Q9ER39","Tor1a",-0.183610151233646,-0.457529577686961,0.663390200560163,12.9064314405274,"30931"
"A2ALU4","Shroom2",-0.183700551746594,-0.457762707758192,0.66323194105686,16.5054816328866,"110380"
"Q6PGN3","Dclk2",-0.183733881173897,-0.457848662645463,0.663173595696677,17.2782052057528,"70762"
"Q62018","Ctr9",-0.183898173525947,-0.458272388103121,0.662886012721179,16.0913481011296,"22083"
"Q6PHZ8","Kcnip4",-0.184121947770142,-0.458849586919946,0.662494368465327,16.8211213044695,"80334"
"Q9JLM4","Zmym3",-0.184200753671045,-0.45905287486559,0.662356460190541,14.0502242436221,"56364"
"O88492","Plin4",-0.184279097292807,-0.459254979398026,0.662219369107976,16.8728148334295,"57435"
"Q8QZR0","Tram1l1",-0.184915570605809,-0.460897237955768,0.66110592813558,13.3078652716015,"229801"
"Q9Z2X1","Hnrnpf",-0.184918235081528,-0.460904114222576,0.66110126806384,18.9573940375926,"98758"
"P52912","Tia1",-0.185478437029199,-0.462350072793595,0.660121706478893,12.5086374697768,"21841"
"Q91WE3","Rpp25",-0.185615636501061,-0.462704274680461,0.659881865546117,11.5323683791062,"102614"
"Q9ESN9","Mapk8ip3",-0.185775356193233,-0.463116651344329,0.659602688473627,17.5568038227854,"30957"
"Q8K596","Slc8a2",-0.185891400955064,-0.463416288538324,0.659399873161162,19.8931107074937,"110891"
"Q925I1","Atad3a",-0.18618811713808,-0.464182525689799,0.658881374811172,19.0499958863838,"108888"
"Q8BGD8","Coa6",-0.186318455147678,-0.464519150945612,0.658653652434366,15.2562817289284,"67892"
"Q8BYM8","Cars2",-0.18639613265123,-0.464719781477583,0.65851794769612,14.809712142709,"71941"
"Q91WK1","Spryd4",-0.187393747411394,-0.467297290204098,0.656775812106057,18.0533151287034,"66701"
"Q99PU8","Dhx30",-0.187447717468047,-0.467436773741244,0.656681602567736,19.3160819294171,"72831"
"Q641K1","Agtpbp1",-0.187662961724183,-0.467993107906126,0.656305913869288,14.6057050537658,"67269"
"P47708","Rph3a",-0.187798028325057,-0.468342245418225,0.656070199882655,19.6811428590661,"19894"
"Q9CQT9","Rab5if",-0.188297723917317,-0.469634162420491,0.655198362469107,7.83041140112269,"67388"
"Q8CH77","Nav1",-0.188607643500585,-0.47043562091928,0.654657805130134,20.2783708553663,"215690"
"Q9QZB1","Rgs20",-0.188705481884975,-0.470688663272764,0.654487184011792,16.6990170939637,"58175"
"Q61503","Nt5e",-0.188776703766152,-0.470872875704275,0.654362987836941,15.1956647793014,"23959"
"Q5SRY7","Fbxw11",-0.188964563122383,-0.471358803084037,0.654035433353146,13.7300743531621,"103583"
"Q8R4C2","Rufy2",-0.189179549640597,-0.471914964935007,0.653660638711488,15.6273688268535,"70432"
"Q9JMH7","Neu3",-0.189334553595844,-0.472315997864019,0.653390453309199,10.6809906142356,"50877"
"Q61656","Ddx5",-0.18966969362778,-0.473183211873129,0.652806387509055,19.2813676062425,"13207"
"Q5XPI3","Rnf123",-0.189716911007028,-0.473305406141607,0.652724111722893,15.6603405472868,"84585"
"Q61581","Igfbp7",-0.189815563359125,-0.473560720420805,0.652552220908346,13.9288555265466,"29817"
"Q8K009","Aldh1l2",-0.189868860691591,-0.473698661183591,0.652459361756625,15.0462176198298,"216188"
"Q8C1A5","Thop1",-0.190136995935484,-0.474392697687385,0.651992252873348,20.838377920205,"50492"
"P37172","Acvr1",-0.190321774374509,-0.474871039009664,0.651670414424871,14.9301331385034,"11477"
"O09159","Man2b1",-0.190355238901119,-0.474957675202424,0.651612132499009,14.1122078744098,"17159"
"Q9JKC8","Ap3m1",-0.190642662227608,-0.475701855199842,0.651111618598134,19.8778288266242,"55946"
"Q99NB8","Ubqln4",-0.190831258578687,-0.476190227027447,0.650783262084505,17.8105084326818,"94232"
"P68134","Acta1",-0.190908455949109,-0.476390146044645,0.650648871406477,17.7418518082751,"11459"
"Q9QYX7","Pclo",-0.190909782433293,-0.476393581337853,0.650646562240222,17.9257567255467,"26875"
"Q7TNM2","Trim46",-0.190917234139181,-0.476412879616501,0.650633590228843,18.0794540120425,"360213"
"Q9DCH6","Zfand6",-0.191085165137193,-0.476847806628554,0.650341274427443,13.5050615434434,"65098"
"Q6X893","Slc44a1",-0.191291531896926,-0.477382338517898,0.649982107213679,18.3997729887891,"100434"
"Q6PNC0","Dmxl1",-0.191321033750276,-0.477458759686281,0.649930766065797,17.4162531717693,"240283"
"Q9JKN6","Nova1",-0.191606614844572,-0.478198594236735,0.649433840486043,15.4248728115561,"664883"
"Q3U0M1","Trappc9",-0.191784555532446,-0.478659636215456,0.649124271747455,16.7706718565551,"76510"
"Q9ERS2","Ndufa13",-0.191805237698715,-0.478713226613854,0.649088293209016,21.3277424143803,"67184"
"Q8CBC4","Cnst",-0.191818016754819,-0.478746339274467,0.649066063156889,14.8909454161209,"226744"
"Q8BNA6","Fat3",-0.191886249815932,-0.478923146767905,0.648947370857041,14.6273587343783,"270120"
"Q9ER65","Clstn2",-0.19212357919745,-0.479538177742597,0.648534583577087,9.00518111460093,"64085"
"P09541","Myl4",-0.192159303990276,-0.479630764882993,0.648472454168151,15.1443903146802,"17896"
"A2AQ19","Rtf1",-0.192171564240186,-0.479662539952673,0.648451132631065,15.1094837333757,"76246"
"P55066","Ncan",-0.192233080311156,-0.479821975577863,0.648344154504373,19.6075202169046,"13004"
"Q8BSE0","Rmdn2",-0.192648584064967,-0.480899020462317,0.647621719811848,16.4238175963447,"381110"
"Q9ESN4","C1ql3",-0.192689648428865,-0.481005479715526,0.647550334402951,16.7089614092057,"227580"
"P36552","Cpox",-0.192745254024324,-0.481149641255923,0.647453674569241,19.1797769623445,"12892"
"Q03059","Chat",-0.19276118818797,-0.481190952618546,0.647425976826141,14.3953100163832,"12647"
"Q925H0","Asic2",-0.192874156924369,-0.481483849894394,0.647229617758319,16.1611451725619,"11418"
"Q99L27","Gmpr2",-0.193052226442422,-0.481945576212972,0.646920138443259,19.3170237610982,"105446"
"Q9DBH0","Wwp2",-0.193197847909759,-0.482323202945815,0.646667085687487,14.7039875917517,"66894"
"Q8BGT1","Flrt3",-0.193482475967745,-0.483061398291041,0.646172560564168,15.2108566075503,"71436"
"Q63918","Cavin2",-0.193538256206313,-0.483206081627524,0.646075658816634,16.428436537963,"20324"
"A2AI05","Ndor1",-0.193979305575717,-0.484350251422293,0.645309618516574,8.75566775650909,"78797"
"P45878","Fkbp2",-0.194012340223871,-0.484435962145753,0.645252252967136,19.4813969958891,"14227"
"Q05512","Mark2",-0.194073948275121,-0.484595813152993,0.645145273022191,19.0999769513971,"13728"
"Q8BG80","Fbxo46",-0.194199950651216,-0.484922763114799,0.644926491436262,5.0512873203028,"243867"
"Q8VE37","Rcc1",-0.194322990516759,-0.485242050047565,0.644712875216899,15.1530269489766,"100088"
"P16388","Kcna1",-0.194601267362957,-0.485964262848161,0.644229821937634,18.9542613709867,"16485"
"Q9DBT5","Ampd2",-0.194699518075152,-0.486219282360445,0.644059297140545,17.3405003112292,"109674"
"Q8K0L9","Zbtb20",-0.194799880828373,-0.486479799591912,0.64388512066872,18.1659109846312,"56490"
"E9PVA8","Gcn1",-0.194936320363755,-0.486833988826796,0.643648356758422,18.2356722569829,"231659"
"P47802","Mtx1",-0.195058452537422,-0.487151061886907,0.643436442660765,19.4808814689273,"17827"
"Q62192","Cd180",-0.19562515238907,-0.488622606470306,0.642453424720254,4.98709881382973,"17079"
"Q80Y55","Bsdc1",-0.195753354429895,-0.488955578128528,0.64223110366029,17.8556030403402,"100383"
"P70290","Mpp1",-0.195862967882274,-0.489240291405976,0.642041036329059,16.8362407826494,"17524"
"Q8BGF6","Elmod2",-0.19597324656125,-0.489526751806857,0.641849832637057,15.0771873523347,"244548"
"Q7TQN3","Wfikkn2",-0.196355974366008,-0.490521077225813,0.641186383826477,13.0921313925873,"278507"
"O54724","Cavin1",-0.196376835987232,-0.490575282337285,0.641150226699581,18.0286968957099,"19285"
"Q9ESC8","Aff4",-0.196604540260508,-0.491166975368006,0.640755612304464,8.04288332410269,"93736"
"Q9JIK5","Ddx21",-0.196714284703956,-0.491452177495144,0.640565450034436,15.826751280395,"56200"
"Q5SUE8","Ankrd40",-0.19694050399659,-0.492040133264015,0.640173517130201,9.91013059610119,"71452"
"Q3U5F4","Yrdc",-0.196991826838075,-0.492173535386926,0.640084608605943,13.3953214166677,"230734"
"P70295","Aup1",-0.197006379976973,-0.492211363747204,0.640059398326653,18.2199385623834,"11993"
"Q8CI78","Rmnd1",-0.197040926499799,-0.492301162796673,0.639999554882198,16.6380013680665,"66084"
"Q7TMQ7","Wdr91",-0.197083474024259,-0.492411761997965,0.639925853978976,17.4828059937025,"101240"
"Q3UHU5","Mtcl1",-0.19746121936235,-0.493393810605108,0.639271635619628,12.7359390858063,"68617"
"Q99NF2","Nsmf",-0.197529745541149,-0.493571986966676,0.639152976662803,17.3486638996207,"56876"
"Q9CX86","Hnrnpa0",-0.197594865230072,-0.493741313019253,0.639040222530454,21.0222252185172,"77134"
"P97930","Dtymk",-0.197634156403257,-0.493843482326462,0.638972193152566,20.5231174824341,"21915"
"Q8VCF0","Mavs",-0.197862877824282,-0.494438278565525,0.63857622482455,15.0398674884554,"228607"
"Q99LJ7","Rcbtb2",-0.197988476346621,-0.494764936660734,0.638358817197655,13.2143074386567,"105670"
"Q8BSF4","Pisd",-0.198344964857415,-0.495692234347356,0.637741867918618,15.1151838866618,"320951"
"Q8C522","Endod1",-0.198501856355532,-0.496100405279617,0.637470404509773,21.5989989791363,"71946"
"P98064","Masp1",-0.198554116318063,-0.496236374280764,0.637379988893069,5.47809207801437,"17174"
"Q9JIF7","Copb1",-0.198559584137806,-0.496250600607357,0.637370529175287,18.6396544630997,"70349"
"Q8BTR5","Dusp28",-0.1985967495943,-0.496347300011635,0.63730623142055,13.8003153219606,"67446"
"P97813","Pld2",-0.198660271530379,-0.496512580510658,0.637196340457302,16.5651216710526,"18806"
"Q09200","B4galnt1",-0.198689222134012,-0.49658791051122,0.637146258733816,14.0079237196742,"14421"
"Q60902","Eps15l1",-0.198758690800208,-0.496768674772688,0.637026089603355,17.9782915744456,"13859"
"Q9WV92","Epb41l3",-0.198948896696857,-0.497263649016237,0.636697100699039,20.2992806784891,"13823"
"A2ACJ2","Faap100",-0.198973163878272,-0.497326803893282,0.636655130789515,8.63779591270041,"71885"
"P54830","Ptpn5",-0.199069849694743,-0.497578436346976,0.636487921771287,17.8214203502298,"19259"
"Q9D2R8","Mrps33",-0.199153104942438,-0.497795126810301,0.636343950397605,16.6193090241939,"14548"
"Q8BWM0","Ptges2",-0.19919329512064,-0.497899734783658,0.636274454010285,18.6145044503501,"96979"
"Q8BH48","Ubap1",-0.199235877392005,-0.498010571809692,0.636200823771732,13.0492178307841,"67123"
"P97366","Evi5",-0.19974210503927,-0.499328452637483,0.635325690360335,13.3145710068081,"14020"
"Q8BNW9","Kbtbd11",-0.199761939900765,-0.49938009792309,0.635291408640916,18.5187467294087,"74901"
"Q8BN57","Miso1",-0.200232276928654,-0.500604931762295,0.634478664326921,17.2259150064307,NA
"Q3URE1","Acsf3",-0.200269430953414,-0.500701702216276,0.634414475601001,20.5417812931932,"257633"
"Q5U4C3","Scaf1",-0.200514218659349,-0.501339326501201,0.633991620689183,10.0877516791717,"233208"
"P17182","Eno1",-0.20052408431553,-0.501365026663467,0.633974580219423,23.8167728784886,"13806"
"Q9QZN1","Fbxl17",-0.200570083455912,-0.501484857118603,0.633895129988451,13.9798946218875,"50758"
"Q9QZD8","Slc25a10",-0.200598226114639,-0.501558172096895,0.633846523178983,17.2366784860425,"27376"
"P35290","Rab24",-0.200600706492428,-0.501564633838528,0.633842239230245,22.1025380953794,"19336"
"Q99MR1","Gigyf1",-0.200617270747113,-0.501607786367025,0.633813630744334,15.5295180263725,"57330"
"O70400","Pdlim1",-0.200768020849722,-0.502000535065079,0.633553285166212,17.4114814868845,"54132"
"Q9CQ49","Ncbp2",-0.200901131288015,-0.502347358100471,0.633323430606061,14.990868746596,"68092"
"Q9EQS9","Igdcc4",-0.201027709583923,-0.502677188348895,0.633104879487193,15.2006503323291,"56741"
"P61027","Rab10",-0.201243231766086,-0.503238843709267,0.632732810471195,21.1405221765495,"19325"
"Q8BH44","Coro2b",-0.201506727348457,-0.503925622264389,0.632278013466263,19.7970691254477,"235431"
"Q9DD02","Hikeshi",-0.201730885340381,-0.504509960538331,0.631891192926811,14.5239924647014,"67669"
"P35822","Ptprk",-0.201741353672062,-0.504537251554667,0.631873129924665,16.4029650750508,"19272"
"Q9R088","Tk2",-0.201782638987956,-0.504644884428803,0.631801894073647,15.9868750507702,"57813"
"Q8K3A9","Mepce",-0.201847517429691,-0.504814031422752,0.631689954404774,14.1682552123833,"231803"
"Q91VC7","Ppp1r14a",-0.201878242161188,-0.504894137427879,0.63163694484085,15.5845733472409,"68458"
"O35737","Hnrnph1",-0.201961769452573,-0.505111918956377,0.631492841633687,20.5787513906428,"59013"
"Q8BVZ5","Il33",-0.202005759685197,-0.50522661974157,0.631416952745924,5.87173970340936,"77125"
"Q99LG2","Tnpo2",-0.202057950530736,-0.505362707061359,0.631326920378953,18.0145869376269,"212999"
"P58854","Tubgcp3",-0.20208931265141,-0.505444485763751,0.631272820727255,18.414657461834,"259279"
"O35226","Psmd4",-0.202317056165723,-0.506038389952043,0.630880006117937,17.718227712478,"19185"
"Q9JJ69","Kcnip2",-0.202663485470599,-0.506941964343867,0.630282625664071,15.576921546645,"80906"
"Q6A044","Entrep2",-0.202768842717218,-0.507216801773143,0.630100982985376,9.02917422779163,"70638"
"Q8CIG8","Prmt5",-0.202942902031338,-0.507670897305737,0.629800928982002,17.1234290937588,"27374"
"Q8K4Z3","Naxe",-0.202950676789573,-0.507691181694192,0.629787527413493,19.2385459482804,"246703"
"O88974","Setdb1",-0.203135123214578,-0.508172432845953,0.629469617823749,11.9678300520624,"84505"
"Q80X90","Flnb",-0.203347700377967,-0.508727151729117,0.629103284079853,19.0312654694344,"286940"
"Q8CI61","Bag4",-0.203364278901361,-0.508770416443686,0.629074717124444,16.1724830007287,"67384"
"Q8R2R6","Mtg1",-0.203447457491149,-0.508987493206823,0.628931395645808,14.3759456439057,"212508"
"A2A6T1","Cdr2l",-0.203660060438573,-0.50954238968526,0.628565114578499,9.45188199440933,"237988"
"Q62348","Tsn",-0.203925574904618,-0.510235491537962,0.628107768318035,18.199139625868,"22099"
"Q8BSQ9","Pbrm1",-0.204165947433303,-0.510863063918256,0.627693817937364,11.5911675385434,"66923"
"P62960","Ybx1",-0.204291573295638,-0.511191090343303,0.627477508834897,15.8977491256669,"22608"
"O88845","Akap10",-0.204467573973798,-0.51165069668237,0.627174500745821,17.9628653101942,"56697"
"P35505","Fah",-0.204498431622005,-0.511731283357924,0.627121379974336,18.4637513563526,"14085"
"Q7TQI7","Abtb2",-0.20474068391947,-0.512363995701349,0.626704396534131,5.86504959976062,"99382"
"P99029","Prdx5",-0.204796265042362,-0.512509175826687,0.626608738168861,22.3995285564362,"54683"
"O54950","Prkag1",-0.204826770446147,-0.512588859365959,0.626556238515831,15.9369537284408,"19082"
"Q8CCA0","Dcun1d4",-0.205063991605099,-0.513208560888351,0.6261480287936,14.2485772711865,"100737"
"A2TJV2","Palm3",-0.205239021162415,-0.51366585753478,0.625846891411062,16.7507899932469,"74337"
"Q6PDI5","Ecpas",-0.205882257440975,-0.515346872053512,0.62474059526115,19.8194678571405,"230249"
"A2AV25","Fibcd1",-0.206224966847639,-0.516242783266302,0.624151422214171,14.0525889104452,"98970"
"Q9CQ86","Mien1",-0.206532176760287,-0.517046060311646,0.623623426386925,17.1998376907825,"103742"
"Q91VU7","Pus7",-0.206541806413625,-0.517071242025752,0.623606878346336,13.4162817159416,"78697"
"Q61334","Bcap29",-0.206680588240903,-0.517434176398056,0.623368404526461,15.5657078497922,"12033"
"Q8R574","Prpsap2",-0.207280093118172,-0.51900234280253,0.622338582282421,21.0792571720441,"212627"
"Q3U3R4","Lmf1",-0.207384607877643,-0.5192757917737,0.622159102786854,12.9964704983811,"76483"
"B2RUR8","Otud7b",-0.207531852819834,-0.519661070117152,0.621906271852722,16.230426382579,"229603"
"P56212","Arpp19",-0.207533025528329,-0.519664138752236,0.621904258351287,17.9032728521515,"59046"
"Q9WTQ5","Akap12",-0.207705798408952,-0.52011626043149,0.621607635455547,15.866099196396,"83397"
"Q8VCB2","Med25",-0.207769261073972,-0.520282345833722,0.62149869156792,6.63370618797873,"75613"
"Q9JJV4","Cacng4",-0.2080796382918,-0.52109471961457,0.620965965607921,12.3258432665114,"54377"
"Q6P5H2","Nes",-0.208228503487535,-0.521484414121961,0.620710507045889,7.08447393287062,"18008"
"P22933","Gabrd",-0.208294135288721,-0.521656234964926,0.620597890794819,16.006520841107,"14403"
"Q921Q7","Rin1",-0.208412331433726,-0.521965685267803,0.620395096709194,16.6897027351034,"225870"
"Q96DY5","Rnf112",-0.208440507600365,-0.522039457050589,0.620346756760641,13.906964393082,"22671"
"Q8BIF0","Cd99l2",-0.208691080206752,-0.522695574438996,0.619916918482309,18.7779973341746,"171486"
"Q9DCF1","Tmem25",-0.208723606931185,-0.522780752649467,0.619861128246852,11.1618673215341,"71687"
"Q91Z69","Srgap1",-0.208878703441523,-0.523186931107818,0.619595126604259,14.3450205623086,"117600"
"Q9JJF9","Sppl2a",-0.209454611123159,-0.524695523168544,0.618607719176923,14.7024180941401,"66552"
"P58774","Tpm2",-0.209691696161786,-0.525316734036927,0.618201375917699,16.804640901773,"22004"
"Q9D868","Ppih",-0.209851731642583,-0.525736114225258,0.61792713671141,20.0178402601075,"66101"
"Q8C1W1","Vash1",-0.209895792989391,-0.525851586728307,0.617851639289023,8.80050943947462,"238328"
"O70174","Chrna4",-0.210178424986366,-0.526592366113602,0.617367429736117,14.4560045432656,"11438"
"Q9DB20","Atp5po",-0.210192593714021,-0.526629506028901,0.617343158817372,22.8935327713082,"28080"
"Q9D114","Hddc3",-0.210431807294265,-0.527256599387097,0.616933433520836,10.1762989191827,"68695"
"Q80TZ3","Dnajc6",-0.210562828210554,-0.527600109950562,0.616709057322308,19.351353133,"72685"
"P48318","Gad1",-0.210888759074019,-0.528454764408427,0.61615100597365,19.977340254902,"14415"
"Q9D6Y9","Gbe1",-0.210941373790938,-0.528592747767254,0.616060935306807,18.5558627305733,"74185"
"Q8VD66","Abhd4",-0.211392203198073,-0.529775255979662,0.615289336093837,15.9470920501743,"105501"
"Q8BFQ9","Klhl42",-0.211399356506195,-0.529794021682188,0.615277095612088,7.87562826173915,"232539"
"Q99JW2","Acy1",-0.211549913681512,-0.530189008038433,0.615019485613004,16.525574030723,"109652"
"Q8JZN5","Acad9",-0.211613611318731,-0.530356130515778,0.614910506473819,18.7349255234746,"229211"
"Q3V384","Afg1l",-0.211699191851857,-0.530580677937851,0.614764097966712,16.006654735949,"215951"
"Q91WJ0","Frs3",-0.211835947730608,-0.530939526486692,0.614530163332503,13.1019903173166,"107971"
"Q6ZQ38","Cand1",-0.21220369171823,-0.531904651768064,0.613901241204365,20.433992777459,"71902"
"P62137","Ppp1ca",-0.212494925564376,-0.532669147975617,0.613403313870888,20.0585858605247,"19045"
"Q8VBX6","Mpdz",-0.212733110626148,-0.53329450028056,0.612996180862068,17.3694589070004,"17475"
"Q9R190","Mta2",-0.212742696054702,-0.533319668802916,0.612979798165245,17.9102362630469,"23942"
"Q8VHI3","Pofut2",-0.212988339460462,-0.533964711345705,0.612560010617055,17.7546155808295,"80294"
"Q91W82","Ube2e2",-0.213093561090033,-0.534241048483625,0.612380222291762,16.7403140636058,"218793"
"Q3TAP4","Ap5b1",-0.213203833175868,-0.534530670223993,0.612191822564601,10.6181391263357,"381201"
"Q8C729","Hycc2",-0.21335768356216,-0.534934783012486,0.611929000376732,17.3957542238286,"213056"
"Q8BL80","Arhgap22",-0.213532032362015,-0.535392788581988,0.611631204505196,9.2080957611312,"239027"
"P28661","Septin4",-0.213686662260948,-0.535799038433966,0.611367128310442,17.6393870570505,"18952"
"Q3ULD5","Mccc2",-0.214078987559273,-0.536829960587772,0.610697281215503,17.0278983404776,"78038"
"O08739","Ampd3",-0.214273575949675,-0.53734138592112,0.610365132979223,17.1034713921521,"11717"
"Q8VDD9","Phip",-0.214296031238768,-0.537400408163682,0.610326807168687,11.8878220459424,"83946"
"Q8K298","Anln",-0.214410810110326,-0.537702110789596,0.610130919151276,19.3935184776787,"68743"
"E9Q6J5","Bod1l",-0.214506054733785,-0.537952484287302,0.609968384713964,17.934311481366,"665775"
"P41731","Cd63",-0.214544311461581,-0.538053055864554,0.609903103732857,13.1511696289782,"12512"
"P69566","Ranbp9",-0.214839132100838,-0.538828185147341,0.609400099494819,17.3264455792502,"56705"
"Q3TYD6","Lmtk2",-0.214872637969494,-0.538916287051409,0.609342942361752,17.6593587170898,"231876"
"Q14BB9","Map6d1",-0.215050680494972,-0.539384473901949,0.609039251378404,17.6024492465802,"208158"
"P39876","Timp3",-0.215302599409561,-0.540047025042508,0.608609631160474,14.3573824313536,"21859"
"P22892","Ap1g1",-0.215358802949504,-0.540194856752729,0.608513795486529,19.2196484725501,"11765"
"Q8K3H0","Appl1",-0.215656935835723,-0.540979127409792,0.608005514477801,19.2121287518223,"72993"
"Q9DC69","Ndufa9",-0.21589267805261,-0.541599385015007,0.60760369915817,20.6385602890936,"66108"
"Q9R0P4","Smap",-0.215965939142172,-0.541792161331853,0.607478845365618,15.3400479311363,NA
"Q9Z2Z6","Slc25a20",-0.216174292082919,-0.54234046545021,0.607123809214412,20.2903767505668,"57279"
"Q9CPZ6","Ormdl3",-0.216349988165774,-0.542802889788835,0.606824472919577,11.3750852118759,"66612"
"Q9D964","Gatm",-0.216422993784484,-0.542995053623903,0.606700106090098,17.2143277753375,"67092"
"Q8CGA2","Tbc1d14",-0.216544691161437,-0.543315404112854,0.606492810008847,12.2909542178678,"100855"
"Q9CRC0","Vkorc1",-0.216708400036728,-0.543746385627882,0.606213988821064,15.8058821347937,"27973"
"Q78IK4","Apool",-0.216965351688496,-0.544422936027387,0.60577644468633,16.1498099279069,"68117"
"Q9D009","Lipt2",-0.216977473466176,-0.544454855444217,0.605755805927536,11.5530941058855,"67164"
"P97863","Nfib",-0.217055278657147,-0.544659740624927,0.605623338822067,14.8691295799602,"18028"
"Q8CD92","Ttc27",-0.217365431674675,-0.545476577955541,0.605095381646362,17.0234982519385,"74196"
"Q99J99","Mpst",-0.218437615236639,-0.548301681897863,0.603271412173891,17.8688485146881,"246221"
"Q60771","Cldn11",-0.218586552100528,-0.548694281332928,0.603018186526348,21.1170037228514,"18417"
"Q9R1P0","Psma4",-0.219347286890729,-0.550700216635863,0.601725309531967,19.4766719543716,"26441"
"Q6P549","Inppl1",-0.219360379838718,-0.550734749857725,0.601703065850183,12.1250918277192,"16332"
"Q8K4R4","Pitpnc1",-0.219361732776307,-0.550738318307492,0.601700767352332,18.4688431061712,"71795"
"Q9CQT1","Mri1",-0.219400777632847,-0.550841302773483,0.601634435506303,18.6138523023136,"67873"
"P02088","Hbb-b1",-0.219712962403513,-0.551664819390158,0.601104162381988,25.1441868513568,"15129"
"Q8BYI9","Tnr",-0.219789909152276,-0.551867825648011,0.600973485074292,21.3818833620578,"21960"
"P00520","Abl1",-0.220030410519155,-0.552502402861539,0.600565105739751,8.22593568551761,"11350"
"Q8BTZ7","Gmppb",-0.220061851648725,-0.552585369981073,0.600511724365524,16.4818573438941,"331026"
"Q810S1","Mcub",-0.220147033096413,-0.552810156602613,0.600367109413369,15.6747567737152,"66815"
"Q9EPB4","Pycard",-0.220491082936296,-0.553718210287062,0.599783122319725,13.1210602630784,"66824"
"Q9CXL3","Chlsn",-0.220510394841069,-0.553769186797718,0.599750347984435,9.19424208014929,NA
"P40237","Cd82",-0.22098771542658,-0.555029359897331,0.598940471311805,17.8686059439095,"12521"
"Q01341","Adcy6",-0.220996365686955,-0.555052201297022,0.598925797602609,14.3103338050741,"11512"
"P08551","Nefl",-0.221182644783149,-0.555544113015597,0.598609835132781,21.0987674079691,"18039"
"P97367","Meis2",-0.221389186742795,-0.556089608115764,0.598259567248495,13.7035248435461,"17536"
"Q8CC27","Cacnb2",-0.221406052650137,-0.556134155903403,0.598230967871352,17.7966969877542,"12296"
"Q8BIP0","Dars2",-0.221469067413701,-0.556300600943469,0.598124118241769,17.3473890576104,"226539"
"Q8VDJ3","Hdlbp",-0.2216372542194,-0.556744879704891,0.597838966613954,17.2946710396215,"110611"
"Q8CHG3","Gcc2",-0.221734515082242,-0.557001825816368,0.597674086486223,15.5557581650014,"70297"
"B1AY13","Usp24",-0.221820985197314,-0.557230279349869,0.597527511784498,16.7142496251137,"329908"
"Q811C2","Atg4c",-0.221878148891444,-0.557381313083365,0.597430620622582,15.6410014951345,"242557"
"Q9CPY1","Mrpl51",-0.222243520419963,-0.558346813895153,0.596811446368294,16.416660653059,"66493"
"Q60823","Akt2",-0.222329724074669,-0.558574644656993,0.596665392788463,16.5546306028286,"11652"
"Q9DCU2","Pllp",-0.22247539335942,-0.558959670610277,0.59641861424039,17.6072333046977,"67801"
"Q9JIY0","Plekho1",-0.22253682477311,-0.559122054933676,0.596314553280387,15.2576443951488,"67220"
"O08759","Ube3a",-0.222640258701116,-0.559395482159278,0.596139356223464,20.4235426787461,"22215"
"Q8BNN1","Spata2l",-0.222704084848934,-0.559564216272771,0.596031255551843,18.0503981880123,"78779"
"Q9D6E4","Ttc9b",-0.222760654035227,-0.55971377183516,0.595935451211225,16.4250232119026,"73032"
"P59235","Nup43",-0.223135945229671,-0.560706103822649,0.595299994951263,14.6116017809101,"69912"
"Q9WU40","Lemd3",-0.223201998696731,-0.560880787253977,0.59518817406526,17.0240418612002,"380664"
"P70274","Selenop",-0.223327153110041,-0.561211789947399,0.594976321141135,15.3423228719888,"20363"
"Q9QY42","Gpr37",-0.223330376677633,-0.561220315878002,0.594970864833227,16.7919844976179,"14763"
"Q6ZWZ2","Ube2r2",-0.223586967521481,-0.561899028566544,0.594536604483304,16.9754711065064,"67615"
"Q9JKL5","Tesc",-0.2236211539126,-0.561989464835129,0.594478754550519,15.4893999919722,"57816"
"Q99LC3","Ndufa10",-0.223715891226687,-0.562240093198177,0.59431845056967,21.1977707270391,"67273"
"Q68ED2","Grm7",-0.223734990333114,-0.562290622076855,0.594286134911522,18.8380236081587,"108073"
"Q9R0K7","Atp2b2",-0.223936238524571,-0.562823088732755,0.59394565863839,21.9179407293777,"11941"
"Q8BMZ5","Tsen34",-0.223947132311913,-0.56285191390389,0.593927230123815,9.86568893765376,"66078"
"P28571","Slc6a9",-0.224197531279661,-0.563514535649384,0.593503694015617,16.5795506147431,"14664"
"Q8BTE0","Sdhaf4",-0.224201946885764,-0.563526221562264,0.593496226158416,14.2305927645392,"68002"
"Q9JIG4","Ppp1r3f",-0.224745650116147,-0.564965413118716,0.592576930712588,17.8346134002302,"54646"
"P48168","Glrb",-0.224863825456429,-0.565278298690369,0.592377181963892,13.7326920051653,"14658"
"Q80W54","Zmpste24",-0.22490932167956,-0.565398763242297,0.592300286825119,15.9534676846807,"230709"
"Q66JZ4","TCAIM",-0.225692914282474,-0.567474165853523,0.59097642372937,9.60665160306394,NA
"Q9DC28","Csnk1d",-0.226149993168096,-0.568685308469328,0.590204653946766,17.9715306109283,"104318"
"Q8BPU7","Elmo1",-0.226403037354654,-0.569355981293238,0.589777537777862,15.7046977649669,"140580"
"O55131","Septin7",-0.227202026770181,-0.571474435436358,0.58842959198251,22.2232905756774,"235072"
"Q8BVQ5","Ppme1",-0.227300777762608,-0.571736349881179,0.588263064366196,19.4584203944769,"72590"
"Q8BZR9","Ncbp3",-0.227303418352663,-0.571743353698243,0.588258611653491,11.8319079736837,"66874"
"Q9JKV1","Adrm1",-0.227418681039106,-0.572049085743337,0.588064260161747,18.0956017317445,"56436"
"Q80T79","Csmd3",-0.227671275868189,-0.572719177327221,0.587638419671477,15.2472448893205,"239420"
"P26048","Gabra2",-0.227682707205698,-0.572749505625166,0.587619150435329,16.2422225472911,"14395"
"Q61090","Fzd7",-0.227822752604659,-0.57312107810119,0.587383100059494,15.2214213013199,"14369"
"Q9JJV2","Pfn2",-0.227906444260367,-0.573343149112913,0.587242050635441,21.4590687291312,"18645"
"P16054","Prkce",-0.227975434004789,-0.573526219524122,0.587125787558132,20.7399182618379,"18754"
"Q0VGY8","Tanc1",-0.228530547682404,-0.574999594867465,0.586190578401978,17.1077786103256,"66860"
"Q921H9","Coa7",-0.228895777993083,-0.575969306938839,0.58557554183615,17.0031021217792,"69893"
"A2A6A1","Gpatch8",-0.229053863958685,-0.57638911582217,0.585309397223953,8.7854858546265,"237943"
"Q922J6","Tspan2",-0.229058026100021,-0.576400169344054,0.585302390627143,18.8277560544743,"70747"
"Q8C0D0","Trub1",-0.229344158538457,-0.577160139757598,0.584820779603958,9.44134215791216,"72133"
"O35887","Calu",-0.229559505137023,-0.577732206471722,0.584458401534734,17.7130929762909,"12321"
"O08747","Unc5c",-0.229588272411443,-0.57780863331175,0.584409998650747,17.3508400279008,"22253"
"Q8K394","Plcl2",-0.229792368177421,-0.578350906283939,0.584066632496906,17.6451379028028,"224860"
"Q5SSM3","Arhgap44",-0.229853050892195,-0.578512152971339,0.583964554366365,17.2996262880058,"216831"
"Q7TPE5","Slc7a6os",-0.229993254367274,-0.578884730227336,0.583728732465602,13.1633325255144,"66432"
"Q9CT10","Ranbp3",-0.23000480663504,-0.578915430964972,0.583709303011395,18.0688257744634,"71810"
"Q9DAX9","Appbp2",-0.230247439966492,-0.579560301083718,0.583301274811818,13.7695165168879,"66884"
"P63030","Mpc1",-0.230300151377953,-0.579700412396588,0.583212644554814,20.5332792289272,"55951"
"Q91YV9","Pgap4",-0.231062757340515,-0.581728086139936,0.58193088918616,13.8032582857669,"67063"
"Q7TMF3","Ndufa12",-0.231137027406705,-0.581925621393409,0.581806110182734,20.3917748793734,"66414"
"Q80ZD8","Amigo1",-0.231279684990196,-0.582305076303502,0.581566460669592,15.1680614095563,"229715"
"Q99KL7","Rab28",-0.231694672193371,-0.583409126513152,0.580869516500192,16.8277739062858,"100972"
"Q99KD5","Unc45a",-0.232005955050553,-0.584237498001308,0.58034692293055,17.1490435665376,"101869"
"Q80YV4","Pank4",-0.232046031694906,-0.584344161884023,0.580279652314381,19.9431298412966,"269614"
"Q9QYP6","Azi2",-0.2322544899974,-0.584899023846693,0.579929787478432,8.78021115851559,"27215"
"O55143","Atp2a2",-0.232262300036493,-0.584919813801258,0.57991668093402,22.7794694717318,"11938"
"Q6PGG6","Gnl3l",-0.232498279994764,-0.585548037705216,0.579520714738436,11.1217239592223,"237107"
"Q8CCP0","Nemf",-0.23276286607048,-0.586252546588846,0.579076857703448,16.2877819667235,"66244"
"Q8BGT7","Smndc1",-0.232961703344537,-0.586782077815902,0.578743373802134,15.6650460105869,"76479"
"Q6NZM9","Hdac4",-0.233080707289996,-0.587099039038136,0.578543815207811,17.327856528514,"208727"
"Q8BZ81","Lrrtm3",-0.233201839692039,-0.587421697945421,0.578340711432461,16.0612785085297,"216028"
"Q01065","Pde1b",-0.233511751828621,-0.58824733881828,0.577821189493058,18.9472747379475,"18574"
"Q80U87","Usp8",-0.233544044711246,-0.588333381600925,0.57776706438925,15.1393974903102,"84092"
"Q99P72","Rtn4",-0.233788003900511,-0.588983465311354,0.577358227741055,21.6064514356423,"68585"
"Q9D6Y7","Msra",-0.23404724953444,-0.589674412134026,0.576923881572777,15.9808389858445,"110265"
"Q80XC3","Usp6nl",-0.23431286366456,-0.59038247042235,0.576478981133328,9.78298424514427,"98910"
"P70268","Pkn1",-0.234321056738457,-0.590404313252633,0.57646525969646,14.4013054795326,"320795"
"Q9R0Z9","Dlc1",-0.234380607273074,-0.590563079670651,0.576365530161338,15.0262869013955,"50768"
"Q3V3R1","Mthfd1l",-0.234395874117299,-0.590603783413212,0.576339963660722,17.3099709936283,"270685"
"Q6P6N5","Spred3",-0.234646125455971,-0.591271057707865,0.57592093743719,14.4396503086891,"101809"
"P63248","Pkia",-0.234738841277923,-0.591518308279299,0.575765718505339,14.9723234539029,"18767"
"Q3TUH1","Tamm41",-0.234770812579212,-0.591603571933441,0.575712197501786,16.1126195219813,"68971"
"Q924C1","Xpo5",-0.23478471661264,-0.591640652969199,0.575688922225877,19.3198044319645,"72322"
"Q8BLR2","Cpne4",-0.234900384872739,-0.591949146622576,0.57549530666088,17.2405498417226,"74020"
"Q99KY4","Gak",-0.234942043270946,-0.592060258395021,0.575425580675348,18.6695836817748,"231580"
"O35393","Efnb3",-0.235230329299832,-0.592829272976369,0.574943139464184,15.1760493373571,"13643"
"Q8CGU1","Calcoco1",-0.235385233897639,-0.593242555616794,0.574683966751216,18.5282755279202,"67488"
"Q8C190","Vps9d1",-0.235585685086655,-0.593777426777809,0.574348648893644,15.0667247693735,"72325"
"P19246","Nefh",-0.235686916946397,-0.594047577898282,0.574179332148577,20.0913605034005,"380684"
"Q1RLL3","Cpne9",-0.23579478103263,-0.594335450557,0.573998941408128,16.9335769251421,"211232"
"Q9Z2V6","Hdac5",-0.235814432477317,-0.59438789974522,0.573966078635227,15.9056722043605,"15184"
"Q4U2R1","Herc2",-0.235914136385559,-0.594654018747971,0.573799355443803,14.5344249003298,"15204"
"P70213","Fv1",-0.235994717060426,-0.594869110592653,0.573664621936787,12.9125506442539,"14349"
"Q7TSV4","Pgm2",-0.236000557339488,-0.594884700398659,0.573654857222157,15.1772741992689,"66681"
"A2A5R2","Arfgef2",-0.236028245476458,-0.594958610926769,0.573608564532692,18.6818308531108,"99371"
"Q8R4H9","Slc30a5",-0.237326329454868,-0.5984254340618,0.571439696702342,10.2614421835604,"69048"
"Q8R3E3","Wipi1",-0.237381410543995,-0.598572615369328,0.571347728483728,13.8660028319807,"52639"
"P97382","Kcnab3",-0.237397600482791,-0.598615877412211,0.571320697310816,13.7080593247665,"16499"
"Q5EBJ4","Ermn",-0.237542246686468,-0.599002418105108,0.571079211525654,17.7173458133315,"77767"
"P62881","Gnb5",-0.237778545479063,-0.599633974544231,0.570684788079302,19.6251215933539,"14697"
"Q9JIF0","Prmt1",-0.238135959858589,-0.600589451422457,0.570088380368448,19.5490407134202,"15469"
"Q8JZK9","Hmgcs1",-0.238284269072654,-0.600986002775625,0.569840963957404,17.3973557770733,"208715"
"Q78J03","Msrb2",-0.238320692661504,-0.60108339951864,0.569780206082529,13.8754971676451,"76467"
"Q9DB75","Cdip1",-0.238357429048982,-0.601181635409623,0.569718928696478,16.2093416646678,"66626"
"Q8K3K8","Optn",-0.238476552894964,-0.601500200447189,0.569520242235594,12.9549778905723,"71648"
"Q3TIV5","Zc3h15",-0.238478540700999,-0.601505516549792,0.5695169269803,15.7076101413026,"69082"
"A2A8L1","Chd5",-0.239238591888408,-0.603538752931446,0.568249805482371,15.3061734484118,"269610"
"Q80UP5","Ankrd13a",-0.239312195627246,-0.603735714985663,0.568127148654464,14.5739075124594,"68420"
"P13707","Gpd1",-0.239394364349577,-0.603955609797943,0.567990229553007,19.9574596586554,"14555"
"Q5SXA9","Wwc1",-0.240094357676042,-0.605829447074184,0.566824282787568,15.728490848854,"211652"
"Q8BWQ6","Vps35l",-0.240150502557639,-0.605979786716963,0.56673080082578,16.6787136472155,"71517"
"Q9D8B7","Jam3",-0.240239750926961,-0.606218781143296,0.566582212136521,16.6221460501494,"83964"
"B9EJ86","Osbpl8",-0.240470061173709,-0.606835594586743,0.566198833470959,17.1993318983884,"237542"
"Q9DBR1","Xrn2",-0.240719290480333,-0.607503199329252,0.565784063335585,15.8568390857798,"24128"
"Q9CQE6","Asf1a",-0.240914223393879,-0.608025450481385,0.565459727474314,8.52059530244486,"66403"
"O70293","Grk6",-0.240916164853541,-0.60803065230229,0.565456497534387,16.2920603128693,"26385"
"P63087","Ppp1cc",-0.241037404435082,-0.608355509116041,0.565254808107135,19.0888217483545,"19047"
"Q8C5H8","Nadk2",-0.241111100494345,-0.60855298965866,0.565132222454682,17.2236120838763,"68646"
"Q9D051","Pdhb",-0.2413410533721,-0.609169257557352,0.564749779474619,22.0237850490316,"68263"
"O08842","Gfra2",-0.241628956791996,-0.609940985066596,0.564271083926649,16.5612059180364,"14586"
"Q2M3X8","Phactr1",-0.241734211302819,-0.610223163344493,0.564096113087565,18.1242353802486,"218194"
"Q8VEM1","Rnf130",-0.241757038817554,-0.610284364963652,0.564058168046212,11.6600912294051,"59044"
"Q9EPW0","Inpp4a",-0.241856481686429,-0.610550988435642,0.563892879495551,17.6214099466088,"269180"
"Q9CQ33","Lztr1",-0.241858236361664,-0.610555693205817,0.563889963121021,9.45604374858197,"66863"
"Q9D0F3","Lman1",-0.241858783855671,-0.610557161190155,0.563889053154517,16.3169857747979,"70361"
"Q8CGC7","Eprs1",-0.241893398548239,-0.610649974105668,0.563831522585558,17.6165734749767,"107508"
"B7ZMP1","Xpnpep3",-0.241997937951597,-0.610930292274108,0.563657787652967,16.6222148395802,"321003"
"P63143","Kcnab1",-0.242086644436573,-0.611168172837992,0.563510380228538,17.7454006769475,"16497"
"P06745","Gpi",-0.242144962444261,-0.611324570730439,0.563413477985985,22.6702384895124,NA
"Q811S7","Ubp1",-0.242159930131949,-0.611364712379502,0.563388608346546,15.206400406175,"22221"
"Q99LC5","Etfa",-0.243259965803121,-0.614316155683954,0.561561888225313,19.4097828383054,"110842"
"O09117","Sypl1",-0.243780912470964,-0.615714756317741,0.560697528005968,16.8414099535906,"19027"
"Q99J45","Nrbp1",-0.243791484412611,-0.615743144977083,0.560679991757315,16.4599645972308,"192292"
"G3X9J0","Sipa1l3",-0.243811274872335,-0.615796288597285,0.56064716477323,16.9606235639746,"74206"
"Q80VM8","Pnma8a",-0.243832113684888,-0.615852248259202,0.560612599585334,5.24560329949796,"71691"
"P46656","Fdx1",-0.243864545002012,-0.615939339744518,0.560558807479609,14.5027908342602,"14148"
"Q8R2Y3","Dolk",-0.244078985022922,-0.616515255105346,0.560203172732905,13.8118773071545,"227697"
"Q61885","Mog",-0.244267441693997,-0.617021467126174,0.559890695026999,20.6332920464311,"17441"
"Q921I2","Klhdc4",-0.244552327417845,-0.617786837659329,0.559418445650594,4.88712572344398,"234825"
"Q61016","Gng7",-0.244889828149223,-0.618693783261187,0.558859158553477,19.4027486071652,"14708"
"Q60715","P4ha1",-0.245360279394795,-0.619958398146597,0.558079881573989,15.2800319753239,"18451"
"O35638","Stag2",-0.245370973270999,-0.619987149652109,0.558062172194672,15.8071028363085,"20843"
"P29037","Tbp",-0.245497788364644,-0.620328122484818,0.557852177682622,14.7473042370168,"21374"
"Q8BJ42","Dlgap2",-0.245940312488497,-0.621518220479136,0.557119615154145,17.7681263343481,"244310"
"Q8K2V6","Ipo11",-0.246178618128034,-0.62215927675611,0.556725260190179,15.4692109309962,"76582"
"Q923X4","Glrx2",-0.24641093981829,-0.622784351481858,0.556340902454765,14.6134626350716,"69367"
"Q9D142","Nudt14",-0.246431018837684,-0.622838380590154,0.556307687713742,9.7694644770891,"66174"
"P97445","Cacna1a",-0.246636359325702,-0.623390964747496,0.555968053387277,18.3969411305033,"12286"
"O35972","Mrpl23",-0.246900317562223,-0.62410142428854,0.55553157258254,14.7061819839756,"19935"
"P46062","Sipa1",-0.247033209446559,-0.624459166800018,0.555311868677382,8.72987505972158,"20469"
"Q80T85","Dcaf5",-0.247108350646148,-0.624661462134562,0.555187654860794,12.0318958710891,"320808"
"P97315","Csrp1",-0.247222409473428,-0.624968554545745,0.554999126178712,19.7471611712528,"13007"
"Q8BQM8","Eml5",-0.247421713623454,-0.62550522821035,0.554669749237248,15.7388556747219,"319670"
"P52623","Uck1",-0.247422511079366,-0.625507375719236,0.554668431472947,16.4845644195288,"22245"
"Q8BNI4","Derl2",-0.247563090903241,-0.625885971317973,0.554436146197973,8.78013709547026,"116891"
"P46664","Adss2",-0.247930306069303,-0.626875117427293,0.553829545457506,20.0496230630314,"11566"
"Q8K354","Cbr3",-0.248174521858152,-0.627533106644732,0.553426256998,19.4505314520293,"109857"
"Q9WV91","Ptgfrn",-0.248240735935575,-0.627711528823098,0.553316931592219,14.256781087495,"19221"
"Q8JZU2","Slc25a1",-0.248300942766645,-0.627873771857648,0.553217531340041,18.5305311831536,"13358"
"Q8BRJ3","Rell2",-0.248338494420186,-0.62797496852446,0.553155537532004,19.0596022068458,"225392"
"Q8CHT0","Aldh4a1",-0.248585046243509,-0.628639467567866,0.552748567774113,17.3707702320839,"212647"
"Q8JZV7","Amdhd2",-0.248601057298657,-0.628682624582796,0.552722142867182,16.0684232072402,"245847"
"P11352","Gpx1",-0.248646675699731,-0.628805589760711,0.552646855972024,18.3894152154024,"14775"
"Q8K0C9","Gmds",-0.248647453139158,-0.628807685400593,0.552645572946755,19.8617311041563,"218138"
"Q3ULJ0","Gpd1l",-0.248781308428896,-0.629168520587578,0.552424684405273,19.5648291993602,"333433"
"Q9ES07","Slc15a2",-0.248950878833101,-0.629625688584311,0.55214490366929,12.6255850001313,"57738"
"Q8K3C3","Lzic",-0.24909242592106,-0.630007351964104,0.5519113982442,15.7603563978623,"69151"
"Q75N73","Slc39a14",-0.249270029668953,-0.630486298345547,0.55161846103515,13.3290578317167,"213053"
"Q64674","Srm",-0.249333474077425,-0.630657406162727,0.55151383009514,18.2416665666629,"20810"
"P49117","Nr2c2",-0.249474445902513,-0.631037634279611,0.551281368139553,16.60071040729,"22026"
"Q9CYN2","Spcs2",-0.2498925176619,-0.632165505890442,0.550592174649863,18.0153286704806,"66624"
"Q9CPU2","Ndufb2",-0.250186837209218,-0.632959745625709,0.550107171517144,16.4755068370037,"68198"
"Q91WC3","Acsl6",-0.250219212617004,-0.633047124114336,0.550053830047378,19.7339288183389,"216739"
"A2ALS5","Rap1gap",-0.250238317588696,-0.633098687880649,0.55002235370986,19.6204220380381,"110351"
"Q8C437","Pex5l",-0.250240512776499,-0.633104612679603,0.550018737076057,20.0432225473946,"58869"
"P35831","Ptpn12",-0.250386606501019,-0.633498942201861,0.549778062605218,11.9441534536489,"19248"
"Q9D7N3","Mrps9",-0.250488400619315,-0.633773727537062,0.549610389411805,17.2137215031027,"69527"
"Q9EP69","Sacm1l",-0.250552302772885,-0.633946237907393,0.549505140410589,17.7603271694531,"83493"
"A2ARS0","Ankrd63",-0.250701692568676,-0.634349565372555,0.54925911844216,18.8668955102314,"383787"
"Q8K4Z0","Lgi2",-0.250989262534593,-0.635126092362334,0.548785645757419,15.8332811084836,"246316"
"Q7TNC9","Inpp5a",-0.251045039300927,-0.635276727487556,0.548693828381334,17.6468512635901,"212111"
"P19157","Gstp1",-0.251055186659746,-0.635304132969497,0.548677124814395,22.5972511926307,"14870"
"Q5XG73","Acbd5",-0.251192887875847,-0.635676051668431,0.548450472809791,15.1261364226588,"74159"
"P62071","Rras2",-0.251241991395421,-0.635808685856324,0.54836965800772,17.8620533497926,"66922"
"Q9CZQ9","Bbs5",-0.251343872063303,-0.636083893836268,0.548201995906858,12.4133951727148,"72569"
"Q9CW03","Smc3",-0.251539859490956,-0.636613373787644,0.547879516556789,15.6568935482071,"13006"
"Q9JHE7","Tssc4",-0.251640962061453,-0.636886545338207,0.547713188080186,15.7380845805144,"56844"
"Q61330","Cntn2",-0.251756226717919,-0.637198008937593,0.547523582950639,17.4611458919018,"21367"
"Q6NSW3","Sphkap",-0.252093679343105,-0.638110026599112,0.546968623816288,17.54323487099,"77629"
"Q64471","Gstt1",-0.252118121138705,-0.638176093963131,0.546928435786259,16.6190277300027,"14871"
"D3YWQ0","Dgki",-0.252122569520675,-0.638188118296551,0.546921121719398,18.5440641192374,"320127"
"Q8VE92","Rbm4b",-0.252175434441169,-0.638331019726605,0.546834203457375,13.1506851950333,"66704"
"Q8BWG8","Arrb1",-0.252472060932561,-0.639132956746652,0.54634659457649,18.4983239804348,"109689"
"Q6Y7W8","Gigyf2",-0.252754148943592,-0.639895767164701,0.545883029452701,15.6798555526914,"227331"
"Q9JI59","Jam2",-0.252854319571612,-0.64016668624993,0.545718449513565,14.6880891981729,"67374"
"Q8CIV8","Tbce",-0.252883238917884,-0.640244904913042,0.545670938457142,18.1039224949405,"70430"
"Q62108","Dlg4",-0.252951386371583,-0.640429231777236,0.545558986144278,20.6995831855295,"13385"
"P04370","Mbp",-0.253123075195944,-0.640893664977337,0.545276973124559,24.9873237558911,"17196"
"Q922H4","Gmppa",-0.253250594318805,-0.641238657164161,0.545067546368367,15.9917521597922,"69080"
"O54836","Zmat3",-0.253535588555748,-0.642009814080783,0.544599600145335,8.03919607413581,"22401"
"P00397","Mtco1",-0.254037102944904,-0.64336728005265,0.543776489709123,19.6438594853631,NA
"Q61282","Acan",-0.25410744805114,-0.643557729861653,0.543661071642921,20.1632136278144,"11595"
"D3YZG8","Mthfd2l",-0.254375552723775,-0.644283686943484,0.543221262344142,6.66978296851897,"665563"
"Q6ZPY7","Kdm3b",-0.254864327380378,-0.645607569283416,0.542419787588567,7.04585469797238,"277250"
"P60202","Plp1",-0.254950654894034,-0.645841448696518,0.542278275245389,25.5756342166866,"18823"
"Q8K370","Acad10",-0.255075644562292,-0.64618010129845,0.542073409592001,13.6500226399214,"71985"
"P70399","Tp53bp1",-0.25507884041348,-0.646188760734875,0.542068171764219,15.9934108412921,NA
"Q99MR8","Mccc1",-0.255160695574608,-0.646410562125905,0.541934021795233,18.4805853611306,"72039"
"Q78IK2","Atp5mk",-0.255253100536147,-0.646660967976684,0.541782596479451,21.5546042936383,"66477"
"Q80XI3","Eif4g3",-0.255297093794697,-0.646780190846634,0.541710509474468,19.1042034293483,"230861"
"Q8CG72","Adprs",-0.255337887534651,-0.646890746778139,0.54164366827079,16.1765484799465,"100206"
"Q80UM3","Naa15",-0.255425933450488,-0.647129374374978,0.541499413765814,18.8594250261149,"74838"
"Q60613","Adora2a",-0.255452784837498,-0.647202152125388,0.541455423192132,12.1043219289323,"11540"
"P51949","Mnat1",-0.255861597444649,-0.64831039204788,0.540785825864704,15.7609582792597,"17420"
"P83917","Cbx1",-0.255998793355782,-0.648682396400197,0.540561178771099,15.524632294752,"12412"
"Q9EPQ7","Stard5",-0.256075702389236,-0.648890952267642,0.540435261284283,11.5948640128505,"170460"
"Q8BYW9","Eogt",-0.256191525854301,-0.649205058115817,0.540245652100901,13.1402007467526,"101351"
"Q8C6M1","Usp20",-0.256470201054426,-0.649960930141432,0.539789544654762,15.7765241148499,"74270"
"Q8K0V4","Cnot3",-0.256482458408077,-0.64999418067939,0.539769486258369,15.9519845000533,"232791"
"Q9ET77","Jph3",-0.256523417845226,-0.650105293828873,0.539702460647286,15.4279070560207,"57340"
"Q9CZP7","Cdc37l1",-0.256746305677427,-0.65071000090221,0.539337782099452,15.2376348173216,"67072"
"Q80YR5","Safb2",-0.256782945578529,-0.650809417623981,0.539277842173187,13.8980466338723,"224902"
"Q9D074","Mgrn1",-0.256795374463074,-0.650843142168017,0.539257510067949,16.3318084341309,"17237"
"Q3U5C7","Prickle1",-0.257554697505578,-0.652904146435895,0.538015879799705,15.7845974509702,"106042"
"Q6NXK8","Asic1",-0.257558384451321,-0.652914156941496,0.538009853512433,15.1663748024262,"11419"
"Q9DBX6","Cyp2s1",-0.25769970036966,-0.653297869854595,0.537778892104319,15.3484207346385,"74134"
"O08756","Hsd17b10",-0.257769022923389,-0.653486116720763,0.537665607109395,19.7425016281648,"15108"
"Q9D7X3","Dusp3",-0.257904339007696,-0.653853601568414,0.537444502307125,18.9739823246883,"72349"
"P09242","Alpl",-0.257999985280146,-0.654113377930304,0.53728823742793,13.8860597716268,"11647"
"Q9Z1M8","Ik",-0.258019788357003,-0.654167165886077,0.537255885639742,15.0638342272431,"24010"
"Q9QYS2","Grm3",-0.258161752286236,-0.654552785852604,0.53702398348592,19.1956505864813,"108069"
"P61458","Pcbd1",-0.258347188128509,-0.655056558031485,0.53672112357494,18.0299088725752,"13180"
"Q6VN19","Ranbp10",-0.258646542423302,-0.655869975381046,0.53623233953305,16.6967146278565,"74334"
"Q5SQM0","Eml6",-0.259008012341726,-0.656852445697166,0.535642349643015,16.9747652260304,"237711"
"Q9QZS3","Numb",-0.259210692070393,-0.657403455847172,0.53531164011422,17.9399310390264,"18222"
"P63046","Sult4a1",-0.259312385169307,-0.657679956306262,0.535145737044658,19.1516966126937,"29859"
"Q8C6E0","Cfap36",-0.259319961958897,-0.657700558306515,0.535133376950358,15.1670244911083,"216618"
"Q9D428","GOLGA7B",-0.259477387642873,-0.658128642942112,0.534876590388269,16.1901239751748,NA
"Q91X56","S1pr5",-0.259561146578791,-0.658356429929008,0.534739984449775,13.2840672064735,"94226"
"P08249","Mdh2",-0.259802793552466,-0.659013691333765,0.534345943725896,24.0613029926875,"17448"
"Q8R5H6","Wasf1",-0.260069413450762,-0.659739031255404,0.533911304114854,19.8465029373783,"83767"
"Q6DFZ1","Gbf1",-0.260087758269344,-0.659788944316473,0.533881403429122,18.9524632052787,"107338"
"O35648","Cetn3",-0.26020144867177,-0.660098293222989,0.533696110206514,12.1625102033268,"12626"
"P50247","Ahcy",-0.260409326483175,-0.660664000013616,0.53335737066012,18.7551576260097,"269378"
"Q9Z2M7","Pmm2",-0.26042905748721,-0.660717699959786,0.533325222824589,17.2048214044585,"54128"
"E0CZ16","Klhl3",-0.260925008810766,-0.662067774167451,0.532517399503648,17.9016094235083,"100503085"
"Q80YS6","Afap1",-0.261044938115864,-0.662394329043542,0.532322121669687,12.3349600537663,"70292"
"Q9CWE0","Mtfr1l",-0.261088668382512,-0.662513410145304,0.532250923317962,18.1271654173115,"76824"
"P70404","Idh3g",-0.261208157271416,-0.662838810511023,0.532056398234475,20.8199444909034,"15929"
"Q3UH66","Wnk2",-0.261251207389752,-0.662956055568337,0.531986320046493,16.8114323728875,"75607"
"Q3SXD3","Hddc2",-0.261345152812949,-0.66321192643841,0.531833404805063,16.2864101079548,"69692"
"Q8VI63","Mob2",-0.261360054167088,-0.663252513802023,0.531809151308035,15.8066968272135,"101513"
"Q99PV0","Prpf8",-0.261387378798878,-0.66332694022405,0.531764678693708,18.0405879745207,"192159"
"P70303","Ctps2",-0.261534798694443,-0.663728509858495,0.531524766760125,16.3424045249326,"55936"
"P97298","Serpinf1",-0.261602182386245,-0.663912078649109,0.53141511940002,13.2586740753375,"20317"
"P70335","Rock1",-0.261852695861618,-0.664594626823159,0.531007554372793,14.2948825641166,"19877"
"Q9DBS9","Osbpl3",-0.262145672529559,-0.66539305304827,0.530531050830036,18.0872651990485,"71720"
"Q9WU79","Prodh",-0.262520283693667,-0.666414239178587,0.529922004161664,20.8036685695029,"19125"
"Q8K019","Bclaf1",-0.262644635196384,-0.666753291592993,0.529719889071622,16.5437067712592,"72567"
"Q3TZX3","Slc25a33",-0.262807570320523,-0.667197598759724,0.529455104900693,14.6184106482895,"70556"
"Q9JJR9","Nrip3",-0.263095361508445,-0.667982525277647,0.528987537467116,14.1494577564591,"78593"
"P51569","Gla",-0.263198702011534,-0.66826442463301,0.528819679743491,13.2426608608174,"11605"
"Q9Z2G9","Htatip2",-0.263517844892543,-0.669135160688487,0.528301414463552,12.863584145487,"53415"
"Q6A065","Cep170",-0.263783518108352,-0.669860192422703,0.527870122972226,20.7108126864425,"545389"
"Q3U2A8","Vars2",-0.264226576187926,-0.671069678393864,0.527151155556435,16.7877807121366,"68915"
"Q8BTI9","Pik3cb",-0.264345042546786,-0.67139315216546,0.526958976921612,16.1529791476034,"74769"
"Q8R1Z9","Rnf121",-0.264659352037427,-0.672251536288188,0.526449222858302,13.1298062355439,"75212"
"Q61210","Arhgef1",-0.264684937465368,-0.672321420625956,0.526407735870907,14.2695990632474,"16801"
"Q3UGX3","Nat8l",-0.264694805345361,-0.672348374276999,0.526391735343111,14.6025062811284,"269642"
"Q8VD72","Ttc8",-0.264953806076612,-0.67305590386502,0.525971836242896,11.4446501381692,"76260"
"Q02956","Prkcz",-0.2650924007179,-0.673434576436002,0.525747193703831,15.0558819996015,"18762"
"P41233","Abca1",-0.265308968548291,-0.674026379668274,0.525396238620549,15.7793319159249,"11303"
"P16951","Atf2",-0.265376280387233,-0.674210341451016,0.525287175306736,13.5005746771702,"11909"
"B1AVZ0","Uprt",-0.265414225104238,-0.674314048206265,0.525225698336943,14.799501149445,"331487"
"O54829","Rgs7",-0.265495208543024,-0.674535395422813,0.52509450014432,21.3769987967971,"24012"
"Q9CZD5","Mtif3",-0.265707551327962,-0.675115852285291,0.524750549314384,11.3806253921803,"76366"
"Q62277","Syp",-0.265941037249241,-0.675754227731288,0.524372447432438,23.6729074332935,"20977"
"Q91W52","Tmem19",-0.266111682396367,-0.676220870728539,0.524096172402483,13.3920673594678,"67226"
"Q922H9","Znf330",-0.26611953336898,-0.676242341495916,0.524083462952322,11.1808906439181,NA
"Q3UN16","Gpr162",-0.266749984866817,-0.677966967731506,0.523063237721654,15.7305473273369,"14788"
"A1L3P4","Slc9a6",-0.2667843429904,-0.678060982700741,0.523007659056062,20.0427996307359,"236794"
"Q9Z2C4","Mtmr1",-0.266953966487836,-0.678525168403347,0.522733303479284,17.4126334996104,"53332"
"Q9JLZ3","Auh",-0.267001647715714,-0.67865566339964,0.522656191657244,19.0471767223425,"11992"
"P08553","Nefm",-0.267128472093066,-0.679002785171626,0.522451107226584,21.7881242950154,"18040"
"Q8VDQ8","Sirt2",-0.26716554673156,-0.679104266641563,0.522391160436711,20.7315459120909,"64383"
"Q9JJ28","Flii",-0.267303249968264,-0.679481219234111,0.52216852747011,16.8394173581118,"14248"
"Q99LR1","Abhd12",-0.267351440559482,-0.679613148059826,0.522090623228599,18.3638654498903,"76192"
"Q8VE19","Mios",-0.267365977793289,-0.679652946951978,0.522067123386867,16.5006531809743,"252875"
"O70589","Cask",-0.267402090785427,-0.679751816416611,0.52200874743612,22.3692081741194,"12361"
"Q8C863","Itch",-0.267558808523959,-0.680180911016647,0.521755444394178,16.3668342374775,"16396"
"Q3U0L2","Ankrd33b",-0.267565729016077,-0.68019986072742,0.521744259850389,5.98510937988073,"67434"
"P70261","Pald1",-0.267668170960687,-0.680480380808927,0.521578708880301,13.1404399613056,"27355"
"Q5DTX6","Jcad",-0.268021516792363,-0.681448149921029,0.521007835615971,18.4097668185205,"240185"
"P41778","Pbx1",-0.268087080169544,-0.681627752210602,0.520901935601782,16.2142231983899,"18514"
"P16092","Fgfr1",-0.26809922639489,-0.681661026325208,0.520882317519968,13.0122965010869,"14182"
"Q8BTJ4","Enpp4",-0.268116192724569,-0.681707505515526,0.520854914665492,15.7168087388022,"224794"
"Q8VC42","Rmc1",-0.268306983423017,-0.682230222917067,0.520546799582991,18.0121548852487,"76482"
"Q924S8","Spred1",-0.268439386626313,-0.682593024454935,0.520333016617993,15.600188669777,"114715"
"P52196","Tst",-0.268546454798883,-0.682886435288002,0.520160164452769,19.4583452599936,"22117"
"E9Q4P1","Wdfy1",-0.268919507286307,-0.683908965743803,0.51955807137313,14.4862729911338,"69368"
"Q69ZW3","Ehbp1",-0.269136240620045,-0.684503180419308,0.519208391258458,15.8667953778569,"216565"
"O54750","Cyp2j6",-0.26939355026578,-0.68520878816123,0.518793359037073,12.4750030321027,"13110"
"P23591","Gfus",-0.269556931627837,-0.685656903053898,0.518529894520799,19.4159853491958,"22122"
"Q02384","Sos2",-0.269757245101551,-0.686206400781092,0.518206942540365,13.5773800838077,"20663"
"P15306","Thbd",-0.269989438405295,-0.686843471145433,0.517832687047534,15.3561782934256,"21824"
"O70209","Pdlim3",-0.270121643741505,-0.687206261570928,0.517619640100392,10.1242443529494,"53318"
"Q9CRD4","Dbndd2",-0.270568423992611,-0.688432601175826,0.51689990331393,14.6052662119959,"52840"
"Q6NXI6","Rprd2",-0.270737965342207,-0.68889809035195,0.516626880372323,15.2064525157615,"75137"
"Q8VHV1","Baalc",-0.271511469985157,-0.691022687133461,0.515381944644592,15.6270516364851,"118452"
"Q9EPK7","Xpo7",-0.271558581157251,-0.691152134741665,0.515306156864385,19.20224108281,"65246"
"Q9Z1Z0","Uso1",-0.271695496372001,-0.691528367827601,0.515085925017251,17.8687106329199,"56041"
"Q60949","Tbc1d1",-0.271909091126998,-0.692115401275542,0.51474242269762,15.1944217018712,"57915"
"F8VPZ3","Usp32",-0.272012180650952,-0.69239876702843,0.514576665318537,17.9156731768079,"237898"
"Q9QZW0","Atp11c",-0.272114985933063,-0.6926813771135,0.514411384964994,10.8457446475007,"320940"
"Q9CQY2","Ramac",-0.272224480612066,-0.6929824044147,0.514235372012822,14.2022553269322,"67148"
"O09044","Snap23",-0.272555390127962,-0.693892331318497,0.513703571971121,10.2633867700589,"20619"
"Q9D5J6","Shpk",-0.272600669580784,-0.694016860330616,0.513630820109315,7.55252385272015,"74637"
"Q8C7D2","Crbn",-0.272820981069146,-0.694622839201296,0.513276894379477,17.2174500660372,"58799"
"Q8BGN5","Nipal3",-0.273014560560997,-0.695155387687235,0.512965988901316,13.4867844678275,"74552"
"Q9DBC7","Prkar1a",-0.273070150754521,-0.695308336415287,0.512876719344217,18.5973034932972,"19084"
"Q80Y50","Camta2",-0.273151429354333,-0.695531976788044,0.512746208581635,8.08662972469439,"216874"
"P55012","Slc12a2",-0.273174905473234,-0.695596574990903,0.512708514813153,17.789422117298,"20496"
"Q8C1Q6","Uqcc5",-0.273484686550436,-0.696449111795119,0.512211221452803,10.3965977130849,"66487"
"Q5U430","Ubr3",-0.273604817172064,-0.696779781750377,0.512018424063975,17.9224417185235,"68795"
"Q69ZR9","Tasor",-0.273609285936402,-0.696792083091616,0.512011252681697,8.68505260514814,"218850"
"Q3V1L4","Nt5c2",-0.273682160345259,-0.69699269419243,0.511894310660482,17.5734102505284,"76952"
"Q99MN9","Pccb",-0.273811923887583,-0.697349943721575,0.511686103256663,18.4421858377948,"66904"
"P46412","Gpx3",-0.273820844405029,-0.697374504139752,0.511671791337571,16.4462334726332,"14778"
"Q8CAQ8","Immt",-0.273878012613827,-0.697531907152415,0.511580075271805,20.4231918012591,"76614"
"Q91VM9","Ppa2",-0.274067012211288,-0.698052342547636,0.511276903758739,18.3709787705904,"74776"
"Q9Z1B3","Plcb1",-0.274102924931563,-0.698151242858352,0.511219304361648,20.4819704231093,"18795"
"Q9Z1W9","Stk39",-0.27411575628671,-0.698186579989587,0.511198725108342,17.9794537787403,"53416"
"Q3UHK6","Tenm4",-0.274438184783317,-0.69907466991475,0.510681708895766,19.9949333058777,"23966"
"P62897","Cycs",-0.274593349574696,-0.699502143243317,0.510432971642716,21.4435800891203,"13063"
"Q91VT4","Cbr4",-0.274641588148348,-0.699635050791054,0.510355652034026,16.0170664302824,"234309"
"Q571E4","Galns",-0.274711236793841,-0.699826957728545,0.510244022927876,9.8540999453092,"50917"
"Q8CHC4","Synj1",-0.274982329936347,-0.700574029811637,0.509809617403375,21.3929224097433,"104015"
"Q570Y9","Deptor",-0.275003732711865,-0.700633018770844,0.509775327098017,15.8301462518567,"97998"
"P56395","Cyb5a",-0.275294507152197,-0.701434544359307,0.509309551441036,18.1086554592958,"109672"
"O70362","Gpld1",-0.275472708509121,-0.701925862903953,0.509024180171695,14.3057274698274,"14756"
"Q8C2Q3","Rbm14",-0.275636826968526,-0.702378422789108,0.508761414855513,16.7887358484775,"56275"
"Q3TXT3","Inip",-0.275925258917094,-0.703173940670714,0.508299739494885,15.3413873113447,"66209"
"Q8R2E9","Ero1b",-0.276248936370529,-0.704066913264856,0.50778183821617,10.8075350588065,"67475"
"A2AAY5","Sh3pxd2b",-0.276283795797884,-0.704163100126184,0.507726073219447,15.8936150148218,"268396"
"O54942","Cldn5",-0.276488020793573,-0.704726674191461,0.507399419055977,11.2496668555515,"12741"
"Q68EF4","Grm4",-0.276630666006219,-0.705120375580152,0.507171308011638,15.0960682719739,"268934"
"Q9CR11","Yeats4",-0.276951922958773,-0.706007231015164,0.506657712858133,12.4865715646102,"64050"
"Q80YN3","Bcas1",-0.277036496736155,-0.706240746292554,0.506522537226777,17.9714399102857,"76960"
"Q8R1R3","Stard7",-0.277186289192421,-0.706654379435829,0.506283155204431,13.40575232389,"99138"
"Q9QXE7","Tbl1x",-0.277344475929919,-0.70709125293212,0.506030405103902,15.3332175492497,"21372"
"P62046","Lrch1",-0.277360540562128,-0.707135623043118,0.506004739789509,7.36830087425894,"380916"
"Q8CIM7","Cyp2d26",-0.277536997709684,-0.707623035558282,0.505722859441288,14.5784323404017,"76279"
"Q9R061","Nubp2",-0.277991970822083,-0.708880127070109,0.504996341577036,12.9769754073415,"26426"
"Q61830","Mrc1",-0.278264144799345,-0.709632391340634,0.504561914458036,13.1403962643222,"17533"
"Q9CYA0","Creld2",-0.278512840395297,-0.710319925484399,0.504165086768501,13.1781599711707,"76737"
"Q9DC51","Gnai3",-0.278554268271658,-0.710434470420704,0.504098994527315,17.7141448923108,"14679"
"Q9CZ62","Cep97",-0.278639471625499,-0.710670064746853,0.503963075180047,12.5652244223562,"74201"
"Q3TJD7","Pdlim7",-0.278676323382318,-0.710771968540449,0.503904292313312,12.3590595784644,"67399"
"Q80YD1","Supv3l1",-0.278950807305161,-0.711531088425554,0.503466540709019,19.2818510097131,"338359"
"P39054","Dnm2",-0.278961080662061,-0.711559504358715,0.503450159406924,16.2550084560173,"13430"
"Q8BMG7","Rab3gap2",-0.27970367873709,-0.713614220762899,0.502266595103464,18.6038332203067,"98732"
"Q91Y63","Slc13a3",-0.280004061333403,-0.714445752584545,0.501788143441796,11.7146781729138,"114644"
"Q8BFW7","Lpp",-0.280073276668955,-0.714637389672638,0.501677921483732,15.5134969642927,"210126"
"P97927","Lama4",-0.28027396970878,-0.715193118585962,0.501358380297456,16.0761799137893,"16775"
"Q91VN4","Chchd6",-0.280383339228566,-0.715496011014063,0.501184276225111,18.4552865682394,"66098"
"Q91VR2","Atp5f1c",-0.280701156999511,-0.716376360265743,0.500678477350938,21.7565474059632,"11949"
"Q6PFD9","Nup98",-0.281038780660225,-0.71731185168011,0.500141372497682,18.1111212726227,"269966"
"P56382","Atp5f1e",-0.281095522912325,-0.717469102116952,0.500051126430302,21.3220293048382,"67126"
"Q3USH5","Sfswap",-0.281228829559264,-0.717838568464788,0.499839132642787,6.59425860571065,"231769"
"Q99L04","Dhrs1",-0.281450164037174,-0.718452108227606,0.499487226927442,17.1210015674689,"52585"
"Q9CPS8","Akap19",-0.281587948597124,-0.718834110280445,0.499268207585828,15.9342559022901,NA
"Q61704","Itih3",-0.281652918393293,-0.719014253134501,0.499164945816156,16.0831328986321,"16426"
"P40124","Cap1",-0.281909480218932,-0.71972573144991,0.49875725151738,20.7695853445494,"12331"
"Q69ZF7","Cnnm4",-0.282252990342959,-0.720678591026716,0.498211591034322,11.9564006711356,"94220"
"Q8K296","Mtmr3",-0.282397347554113,-0.721079112022179,0.497982350443817,16.7832242448474,"74302"
"Q9D0A3","Arpin",-0.282427838534175,-0.721163716458294,0.497933935679583,19.0135027031102,"70420"
"G5E870","Trip12",-0.282489070588071,-0.721333626449617,0.497836714516529,16.6107673225472,"14897"
"P97370","Atp1b3",-0.282495069984005,-0.721350274410975,0.497827189371787,19.2214273102266,"11933"
"Q8BVI4","Qdpr",-0.282516093369776,-0.72140861376266,0.497793811433058,20.2405872135423,"110391"
"Q8CA72","Gan",-0.282671242308223,-0.721839182992258,0.497547514687598,18.1917807339613,"209239"
"Q8K1X1","Wdr11",-0.282675687685447,-0.721851520707291,0.497540458405973,16.1950367717225,"207425"
"Q9CQA5","Med4",-0.282725671734922,-0.721990250087777,0.497461119867118,14.2942906529945,"67381"
"Q80UX8","Abhd13",-0.282818775733372,-0.722248674767676,0.497313351015063,12.1226426008663,"68904"
"Q91YS8","Camk1",-0.282829619542021,-0.722278774893678,0.497296141498921,17.6824242392906,"52163"
"P84096","Rhog",-0.283462357332158,-0.724035643355845,0.496292361355391,17.9904030614622,"56212"
"Q80UG2","Plxna4",-0.283510223436036,-0.724168590831772,0.496216458025637,19.2942943231258,"243743"
"Q921Z5","Tnfaip8",-0.283546849989489,-0.724270324578595,0.49615838075774,13.3280519947417,"106869"
"Q5NCQ5","Dph1",-0.283546870421244,-0.724270381330706,0.496158348360651,13.6712564589983,"116905"
"P70158","Smpdl3a",-0.283591759783354,-0.724395070520242,0.496087172665798,15.7734617627833,"57319"
"Q9QUG9","Rasgrp2",-0.283602693544886,-0.724425442015938,0.496069836904171,18.4099527921104,"19395"
"O54940","Bnip2",-0.283975240170893,-0.725460475268498,0.495479294361765,11.9453533848716,"12175"
"O35594","Ift81",-0.284116245404772,-0.725852318368304,0.495255850696727,17.2257652581534,"12589"
"Q5SUR0","Pfas",-0.284465585357862,-0.726823328994586,0.494702437638537,17.2922251521047,"237823"
"Q8K4P0","Wdr33",-0.284693616536626,-0.727457324751529,0.494341327084425,15.3107094616162,"74320"
"Q7M729","Scn4b",-0.284836499413653,-0.727854650905717,0.494115109512463,15.4739765608823,"399548"
"P83510","Tnik",-0.285012313942004,-0.728343625266229,0.493836808300789,18.8661591092979,"665113"
"P97333","Nrp1",-0.285088901064869,-0.728556653948689,0.493715595610077,13.566134914784,"18186"
"Q8C163","Exog",-0.285665849929532,-0.730161937875073,0.492802842335768,17.7368557027892,"208194"
"P03953","Cfd",-0.285679769895376,-0.730200679009509,0.492780828550642,11.6202125642073,"11537"
"P97807","Fh",-0.286033751136845,-0.731186025561607,0.492221151685007,20.962797505991,NA
"Q9JKL4","Ndufaf3",-0.286156817078882,-0.731528669783108,0.492026630930845,15.5760047833089,"66706"
"Q6WKZ8","Ubr2",-0.286658124268722,-0.732924833372102,0.491234562168901,16.1683184584319,"224826"
"Q9JII5","Dazap1",-0.287130486752339,-0.734240984821103,0.490488680004633,18.2903711476328,"70248"
"P61079","Ube2d3",-0.287162188460752,-0.734329336707513,0.490438637324619,18.9987710950876,"66105"
"Q9R0X5","Rpgr",-0.287206878267256,-0.734453890572622,0.490368095676782,15.1213338629469,"19893"
"Q8BGS1","Epb41l5",-0.287413488251667,-0.735029796165953,0.490042018733931,10.2014883960335,"226352"
"Q8R5A3","Apbb1ip",-0.287564916730001,-0.735451959602981,0.489803084202251,15.132727805666,"54519"
"Q7TSH7","Kcnf1",-0.287590540489913,-0.735523401349994,0.489762657714087,10.8315962116528,"382571"
"Q8BUV3","Gphn",-0.287637751136935,-0.735655034125427,0.489688177095137,18.8831039588971,"268566"
"P49813","Tmod1",-0.287643250363346,-0.7356703674544,0.489679501673941,16.4332555862006,"21916"
"E9Q0S6","Tns1",-0.287666708881083,-0.73573577703066,0.48964249486415,16.1963078226546,"21961"
"P42208","Septin2",-0.288305249738996,-0.737516780764723,0.488635588005007,19.4914564683236,"18000"
"Q99KR8","Fuca2",-0.288313901497687,-0.737540919415244,0.488621950705316,10.7480047500136,"66848"
"Q9JL62","Gltp",-0.288322839995739,-0.737565858283581,0.488607861589728,18.4957213737393,"56356"
"Q6A009","Ltn1",-0.288446548636411,-0.737911033340647,0.488412884770771,18.6799500864261,"78913"
"Q80Y56","Rbsn",-0.288618896665345,-0.738391990479295,0.488141298159762,17.2525141234063,"78287"
"Q9EQC4","Elovl4",-0.288641179383593,-0.738454178700397,0.488106189278755,14.7652495875888,"83603"
"P56389","Cda",-0.288822865527226,-0.738961290388224,0.487819959490124,10.7209386079634,"72269"
"Q3UYK3","Tbc1d9",-0.288995527807746,-0.739443295921672,0.487548006704529,12.8257548608948,"71310"
"Q9D7K5","Dmac2",-0.28943597481522,-0.740673208402031,0.486854546219155,14.2540399441886,"66349"
"Q8BGG7","Ubash3b",-0.28945231312746,-0.740718841681525,0.486828829830661,15.0922080066429,"72828"
"Q8CDJ3","Atg14",-0.28982048001,-0.741747327677084,0.486249478579056,13.4747876401212,"100504663"
"Q8K2Y9","Ccm2",-0.289965920640656,-0.742153719760365,0.486020686034148,14.6398599880459,"216527"
"Q9EQS3","Mycbp",-0.290073479557334,-0.742454298379029,0.485851512285608,13.7309297673356,"56309"
"Q8BGZ2","Fam168a",-0.290215980278962,-0.742852570883547,0.485627415915634,15.8521738441639,"319604"
"Q3UGP9","Lrrc58",-0.290241504193005,-0.742923912873198,0.485587281329648,17.0480889778256,"320184"
"Q9JHL1","Nherf2",-0.290316697482599,-0.743134095988685,0.485469052641524,16.6247079395683,"65962"
"Q6P1E1","Zmiz1",-0.290556035145924,-0.743803201739892,0.485092809839284,14.7621503338632,"328365"
"O88910","Mpp3",-0.290584902715729,-0.743883915832914,0.485047437259961,16.962053015808,"13384"
"Q9D7H3","RtcA",-0.290626325893326,-0.743999739441219,0.484982333319265,16.0829089994469,NA
"Q99L13","Hibadh",-0.290694063284446,-0.744189150233267,0.484875879258417,18.5389287408888,"58875"
"Q8C4Y3","Nelfb",-0.290916485917498,-0.744811185867636,0.484526390908631,14.3933267605204,"58202"
"Q91WT9","Cbs",-0.291016086270236,-0.745089774776592,0.484369922840209,17.063915890085,"12411"
"P68404","Prkcb",-0.291460577749055,-0.746333370255574,0.483671886613292,20.9445739734829,"18751"
"Q8CGF6","Wdr47",-0.291686548913153,-0.746965793454467,0.483317169529842,17.9315104410001,"99512"
"P61222","Abce1",-0.291688817509655,-0.746972143245235,0.483313608930112,18.1418767282109,"24015"
"Q6P5E8","Dgkq",-0.291736582382233,-0.747105840094443,0.483238643564403,16.6989347780382,"110524"
"Q91W92","Cdc42ep1",-0.292531360834476,-0.749331372086957,0.481991936140354,16.9591094895779,"104445"
"B2RXC1","Trappc11",-0.292600339027686,-0.749524604239876,0.481883795115092,18.7131062516936,"320714"
"P62500","Tsc22d1",-0.292922062780159,-0.750426034595203,0.481379536687015,15.5155256098701,"21807"
"Q9ESZ8","Gtf2i",-0.293007168907151,-0.750664538102398,0.481246179116097,17.1273391196674,"14886"
"Q8BQU6","Gjc2",-0.293016338234208,-0.75069023561509,0.481231812050699,7.98723824814572,"118454"
"Q9D2P8","Mobp",-0.293058296940942,-0.750807829948841,0.48116607072413,19.690944938911,"17433"
"P51881","Slc25a5",-0.293117921589769,-0.750974943378471,0.481072656305355,22.891503084557,"11740"
"Q9ER88","Dap3",-0.293676435476065,-0.752540788174038,0.480197975128979,15.7448764877426,"65111"
"Q91YT8","Tmem63a",-0.293752603430143,-0.752754397308394,0.480078738133752,13.5708284493943,"208795"
"Q6NSR8","Npepl1",-0.293772661587845,-0.752810651996706,0.48004734006721,15.1685224105551,"228961"
"Q8C5N3","Cwc22",-0.293888249105611,-0.753134847535106,0.479866420760335,10.9783501398263,"80744"
"P56671","Maz",-0.293896404297281,-0.753157722276627,0.479853657148694,12.8872110580538,"17188"
"A6X919","Dpy19l1",-0.293901384470116,-0.7531716914012,0.479845862794206,14.3264060777707,"244745"
"P18653","Rps6ka1",-0.294091675512357,-0.753705498140136,0.479548080062768,16.594904697302,"20111"
"Q8K2G4","Bbs7",-0.29421518708729,-0.754052026810442,0.479354838259004,14.4238023357189,"71492"
"P97858","Slc35b1",-0.294305649986767,-0.754305859125969,0.479213322740997,14.2850486416892,"110172"
"Q80ZW2","Them6",-0.294356924611633,-0.754449741849324,0.479133118674719,16.7078001001247,"223626"
"Q4LDD4","Arap1",-0.294506890828862,-0.754870605919143,0.478898571075377,13.2893824591397,"69710"
"Q61315","Apc",-0.294618801355513,-0.755184710567822,0.478723572244741,18.4311708197488,"11789"
"Q80U16","Ripor2",-0.294715436050245,-0.755455967179367,0.478572481157121,15.1709690122104,"193385"
"P20152","Vim",-0.294727649162329,-0.755490251573476,0.478553386951264,18.8419113875148,"22352"
"Q8BFU8","Slc17a8",-0.295203253773971,-0.756825674507978,0.477810052131621,6.14537979728792,"216227"
"Q8VE38","Oxnad1",-0.295222162548599,-0.756878780101684,0.477780508561142,14.6290471723293,"218885"
"P00493","Hprt1",-0.295508953217139,-0.757684355749721,0.477332507844145,19.9129984276653,"15452"
"Q62092","Nsg1",-0.29552067947408,-0.757717298788642,0.47731419359264,14.2631986892674,"18196"
"Q8K1X4","Nckap1l",-0.296066550273013,-0.759251250975023,0.476461952042735,20.113369121816,"105855"
"Q9D3D9","Atp5f1d",-0.296350257209912,-0.76004881806022,0.476019252533164,21.3143759074824,"66043"
"Q9CXD6","Mcur1",-0.296362216920614,-0.760082444469429,0.476000594049164,13.2621304012509,"76137"
"Q9JKY5","Hip1r",-0.296638857093236,-0.760860366681305,0.475569085448246,17.7853063240364,"29816"
"Q8BH70","Fbxl4",-0.296695661626638,-0.761020129072746,0.475480499869235,9.1489564025722,"269514"
"P33173","Kif1a",-0.29676413027404,-0.761212708484034,0.475373733031614,18.1725510212459,"16560"
"Q7TSK3","Pcdh8",-0.297103235851269,-0.762166688936139,0.474845087798648,16.5602302551371,"18530"
"Q8CF93","Galnt13",-0.297134145921143,-0.762253661654411,0.474796912470324,7.71189154294082,"271786"
"Q3UHF7","Hivep2",-0.29714928103241,-0.762296248791993,0.474773324135695,14.2506379440461,"15273"
"Q8C547","Heatr5b",-0.297167830499989,-0.762348444096236,0.474744415102041,18.5227701652196,"320473"
"Q9WV32","Arpc1b",-0.297225772116408,-0.762511488851941,0.474654118569027,15.8597599900066,"11867"
"P52431","Pold1",-0.297470557469444,-0.763200404371181,0.474272719042568,8.12190757544469,"18971"
"P52825","Cpt2",-0.297597139991115,-0.76355671864634,0.474075538884231,15.6793289616246,"12896"
"Q9CQA3","Sdhb",-0.297878872196457,-0.764349918898488,0.473636795945552,20.788460323498,"67680"
"Q9EP53","Tsc1",-0.297927905306945,-0.764487991085768,0.473560452948988,14.6905013867284,"64930"
"O55017","Cacna1b",-0.297957675449692,-0.764571823980268,0.473514104170049,17.385338715405,"12287"
"P28653","Bgn",-0.297967228398567,-0.764598725658502,0.47349923168074,15.3793293867449,"12111"
"Q8CIN6","Celf3",-0.298084910347835,-0.764930145787184,0.473316034020718,10.3521469637881,"78784"
"Q8BTM8","Flna",-0.29812739785208,-0.765049810025606,0.473249899870149,18.3546543924177,"192176"
"Q8VCD5","Med17",-0.298287355643844,-0.765500369078545,0.473000949708042,11.2858983598281,"234959"
"Q9CZW4","Acsl3",-0.298440152757015,-0.765930824495702,0.472763192759656,16.4033529424853,"74205"
"Q8BR63","Fam177a",-0.298817863231633,-0.766995176585633,0.472175668111724,16.3587188616888,"73385"
"O09174","Amacr",-0.298874462227623,-0.767154701237877,0.472087654050554,19.6204816196951,"17117"
"P54276","Msh6",-0.298995608687656,-0.767496183234845,0.471899287671592,11.647147462725,"17688"
"Q91Z53","Grhpr",-0.299438705006441,-0.768745509795026,0.471210588093448,19.9984612687799,"76238"
"Q9DC63","Fbxo3",-0.299562413001792,-0.769094406606373,0.471018381815888,18.7066065377369,"57443"
"Q9R1V6","Adam22",-0.299666086555471,-0.769386832591997,0.470857327343692,19.41865901826,"11496"
"Q9R0P3","Esd",-0.299700562481664,-0.769484083473373,0.470803774659567,19.5663432528428,"13885"
"P26043","Rdx",-0.299708653573691,-0.769506907584595,0.470791206830435,20.3616530056403,"19684"
"Q60829","Ppp1r1b",-0.300089675108154,-0.770581935567189,0.47019952081378,17.8859146002945,"19049"
"Q9EPJ9","Arfgap1",-0.300220610277234,-0.770951454342144,0.469996261014744,19.0483681605437,"228998"
"P07742","Rrm1",-0.30028227822714,-0.771125507177755,0.469900541719139,5.96997887223666,"20133"
"Q9DCP2","Slc38a3",-0.300648314005701,-0.772158832631301,0.469332551489261,18.9448478831061,"76257"
"P70296","Pebp1",-0.300677640861213,-0.772241639083274,0.469287055892199,23.0356363456582,"23980"
"Q8K2V1","Ppp4r1",-0.30091824119576,-0.772921082113898,0.468913872271551,9.60569068954937,"70351"
"Q9Z123","Sema4f",-0.301502159263314,-0.774570712110007,0.468008679252893,15.7251962778682,"20355"
"Q6P073","Ube2j2",-0.302185617274643,-0.77650277085184,0.466950069266792,11.2361032465465,"140499"
"Q7TSH8","Tmem94",-0.302191869619631,-0.776520451602389,0.466940389430316,16.1805506124506,"71947"
"Q61037","Tsc2",-0.302588105372362,-0.777641175591363,0.46632710430715,20.9089928232612,"22084"
"Q8BRN9","Cc2d1b",-0.302715584399983,-0.778001835066247,0.466129863830451,15.2255682301631,"319965"
"P42567","Eps15",-0.302782166554708,-0.778190225382745,0.466026858671157,15.3403809168556,"13858"
"P52189","Kcnj4",-0.303100005660793,-0.779089705501158,0.465535275366369,15.607709884396,"16520"
"Q3TL44","Nlrx1",-0.303209462526466,-0.779399533116276,0.465366033050605,17.1968929013814,"270151"
"A6H611","Mipep",-0.303538935476388,-0.78033234138403,0.464856750988595,18.6897300649687,"70478"
"Q9D8S3","Arfgap3",-0.303805234703939,-0.781086516641249,0.464445283506969,17.8829460830326,"66251"
"P24270","Cat",-0.303943407103624,-0.781477908553322,0.464231846685548,17.1082157377739,"12359"
"Q8BZA7","Gpr26",-0.304158513245108,-0.782087333789902,0.463899647865379,10.7274255008647,"233919"
"Q9Z0W3","Nup160",-0.304404846921686,-0.782785392851155,0.46351934051043,17.081432034046,"59015"
"A2ANU3","Syndig1",-0.304540608188462,-0.783170186377577,0.463309796385967,12.7153517514343,"433485"
"Q810B9","Slitrk3",-0.305194372420086,-0.785023913495769,0.462301262666334,15.6919702886012,"386750"
"Q9ER73","Elp4",-0.305484523603902,-0.785847019613894,0.461853943184293,17.5704114863918,"77766"
"Q9Z2C5","Mtm1",-0.305621732485591,-0.786236340307147,0.461642472268083,12.0731616405769,"17772"
"P16406","Enpep",-0.305704824936621,-0.786472135642439,0.46151442642324,16.5719869074381,"13809"
"Q9CR86","Carhsp1",-0.305860940888461,-0.786915206795253,0.461273889844327,16.8950624704903,"52502"
"Q8CI15","Sphk1",-0.305915255823853,-0.787069373897826,0.461190215667405,12.0992132487664,"20698"
"Q9D0I4","Stx17",-0.305927355906652,-0.787103719836209,0.461171575875677,15.1487389655899,"67727"
"P00920","Ca2",-0.306237302855579,-0.787983644008891,0.460694216306512,21.2955540123275,NA
"Q8K363","Ddx18",-0.30631975894253,-0.788217779343539,0.460567256620059,11.3258459381297,"66942"
"Q08642","Padi2",-0.306566249124836,-0.788917808808155,0.46018781397147,18.0820775924077,"18600"
"Q8K207","Q8K207",-0.306691195578141,-0.789272722282284,0.459995521934495,8.15629868696368,NA
"P09411","Pgk1",-0.307124653580261,-0.790504319730021,0.459328684250588,23.1677993797237,"18655"
"Q01730","Rsu1",-0.307189225709744,-0.790687836952742,0.459229379142315,16.5743839465771,"20163"
"P54754","Ephb3",-0.307339062690328,-0.79111372761201,0.458998979226139,17.2711916627699,"13845"
"Q9JK81","Myg1",-0.307430997171707,-0.791375070679075,0.458857637475603,17.2365192269876,"60315"
"Q8R4T1","Cys1",-0.307623889456551,-0.791923487057814,0.458561138712376,8.65448912784119,"12879"
"Q8K406","Lgi3",-0.307638461560383,-0.791964921712738,0.458538742783971,15.1113945926173,"213469"
"P53564","Cux1",-0.308702432860848,-0.794991908162466,0.456904720401439,16.0168422479061,"13047"
"P43024","Cox6a1",-0.308723331281564,-0.795051396910796,0.456872648816523,21.3214774612139,"12861"
"Q8R3V5","Sh3glb2",-0.309217890496027,-0.796459564436397,0.456113944801422,19.5301508507694,"227700"
"Q7TMB8","Cyfip1",-0.309275555983228,-0.79662380291638,0.4560255134756,18.5535591700548,"20430"
"O89116","Vti1a",-0.309350142843631,-0.796836249984795,0.455911143188443,17.9241911586029,"53611"
"O35445","Rnf5",-0.309424293934128,-0.797047471962365,0.455797452673851,7.89953535947749,"54197"
"Q6PD10","Ip6k1",-0.309868781324512,-0.798313947129713,0.455116194199648,16.2058443808927,"27399"
"P28474","Adh5",-0.310032431844786,-0.798780381311981,0.454865474269429,19.2186791161917,"11532"
"Q9CXL1","Tmem50a",-0.310093096909383,-0.798953307894615,0.454772546971195,8.40794540368109,"71817"
"P84075","Hpca",-0.310159490609274,-0.799142576404718,0.454670853363711,20.8398989765629,"15444"
"Q60722","Tcf4",-0.310215836995839,-0.799303213189073,0.454584556250555,12.3468017030707,"21413"
"P01027","C3",-0.310264877866344,-0.799443030410416,0.454509453308905,18.6369333200085,"12266"
"Q9CPP6","Ndufa5",-0.310439339538576,-0.799940483946198,0.454242317474087,20.3287887238231,"68202"
"Q60760","Grb10",-0.310602330166747,-0.800405310196154,0.453992803968617,16.0574801534172,"14783"
"Q9D6H2","Ift25",-0.310647715470004,-0.800534756576481,0.453923336023073,14.7005377270584,"72938"
"Q8BJZ3","Tmbim1",-0.310841315686813,-0.801087004445139,0.453627055114066,9.07411552506988,"69660"
"Q9JMH9","Myo18a",-0.310975517447867,-0.801469881989426,0.4534217224318,18.8576595435448,"360013"
"P10605","Ctsb",-0.311044533907015,-0.801666806569013,0.453316139971777,19.2582598492145,"13030"
"Q9WVC3","Cav2",-0.311431594168172,-0.802771465467556,0.45272419515801,14.1337392194731,"12390"
"P99028","Uqcrh",-0.311662935124871,-0.803431917139068,0.452370548183008,21.0451114815983,"66576"
"Q62422","Ostf1",-0.311686999204442,-0.803500626385993,0.452333768319278,15.6675364425707,"20409"
"P61969","Lmo4",-0.311750508554308,-0.803681970430017,0.452236705641849,13.071626053369,"16911"
"Q8BZQ7","Anapc2",-0.312131952272099,-0.804771392658389,0.4516539163543,15.3047557888532,"99152"
"Q9Z2W9","Gria3",-0.312410633790549,-0.805567593493246,0.451228326762815,18.7188096014686,"53623"
"Q9CQI9","Med30",-0.312656564558076,-0.80627041595943,0.450852889005154,11.4108714857584,"69790"
"Q9CZR3","Tomm40l",-0.31271367771546,-0.806433659998989,0.45076571840055,20.1902144003003,"641376"
"B2RR83","Ythdc2",-0.31274126820054,-0.806512524148497,0.450723610099003,14.5791633649787,"240255"
"Q9QYB1","Clic4",-0.312830200035083,-0.806766740718427,0.450587894254633,17.8899444253791,"29876"
"Q9WTN0","Ggps1",-0.313042532800647,-0.807373800814367,0.450263928156763,16.4085427778904,"14593"
"Q9CZJ2","Hspa12b",-0.313156027741437,-0.807698338269966,0.450090802735446,17.8919277458022,"72630"
"O70274","Ptp4a2",-0.313414325393226,-0.808437080443181,0.44969689668219,14.3179246614841,"19244"
"Q9R0N8","Syt6",-0.313486877891328,-0.808644619430924,0.449586278959935,15.0523918368204,"54524"
"Q8CHP6","Phc3",-0.313666216257538,-0.809157690572759,0.449312897235992,8.82970947378209,"241915"
"P17710","Hk1",-0.31399130102584,-0.810087974124424,0.44881751498888,22.1068171479492,"15275"
"P56565","S100a1",-0.314257731959545,-0.810850645739254,0.448411679979868,19.7966288416327,"20193"
"Q8K411","Pitrm1",-0.314303027769814,-0.810980328353722,0.448342699135543,19.4199741868303,"69617"
"P26339","Chga",-0.314320241256076,-0.811029612446117,0.448316485915376,11.9675611707791,"12652"
"Q8BGA5","Krr1",-0.31452168582711,-0.811606436267127,0.448009766795231,14.9131897579882,"52705"
"O08740","Polr2j",-0.314547738443024,-0.811681045173418,0.447970105429939,14.316338785268,"20022"
"Q8BIW1","Prune1",-0.314592313186593,-0.811808702061094,0.447902250132087,17.3523073695881,"229589"
"Q80VQ1","Lrrc1",-0.314594080276857,-0.811813762925159,0.447899560210696,15.0149703450729,"214345"
"Q8C033","Arhgef10",-0.314715819796508,-0.812162441785953,0.447714260399147,13.9380108200649,"234094"
"Q61702","Itih1",-0.314742255851581,-0.812238164190523,0.447674026225237,9.56188723951848,"16424"
"Q8BGN3","Enpp6",-0.314913661876407,-0.812729183833059,0.447413192057847,17.3314407553218,"320981"
"Q80ZJ7","Snx32",-0.315103585286117,-0.813273352547839,0.447124252383998,14.6794701809425,"225861"
"Q99PU5","Acsbg1",-0.315397849539801,-0.814116693018404,0.446676725590473,19.5641597001353,"94180"
"Q6ZPF3","Tiam2",-0.315457468027324,-0.814287587131743,0.446586078292893,16.4893099928403,"24001"
"Q8QZY9","Sf3b4",-0.315488554469857,-0.814376699476956,0.446538815722935,16.237691237885,"107701"
"Q8VE18","Smg8",-0.31566955551932,-0.814895614636112,0.446263669948642,15.1542205751027,"74133"
"Q5RJH3","Cdh12",-0.316062834869734,-0.816023454946548,0.445666073555854,11.8239346470183,"215654"
"Q8CDG3","Vcpip1",-0.316147695639864,-0.816266878593415,0.445537169075093,17.4360516293174,"70675"
"Q9EPN1","Nbea",-0.316289177495892,-0.816672768583056,0.445322290689424,22.5259555899484,"26422"
"Q8CG79","Tp53bp2",-0.316409407337759,-0.817017737356478,0.445139722810069,13.8767275520895,NA
"Q8CIQ7","Dock3",-0.316515811478601,-0.817323073311846,0.444978174875311,18.5927237310761,"208869"
"P22005","Penk",-0.3166828643716,-0.817802515324202,0.444724595850964,17.1326026600805,"18619"
"Q8CIE6","Copa",-0.317032606044497,-0.818806548349773,0.444193896353847,20.2285569807191,"12847"
"Q80ZJ6","Zer1",-0.31737899830628,-0.819801331985527,0.4436685371318,18.705429306845,"227693"
"Q6VNS1","Ntrk3",-0.317412837129748,-0.819898531274548,0.443617228915621,16.3636711455379,"18213"
"E9PYL2","Prr12",-0.317502997008432,-0.820157525252998,0.443480535699896,12.5794517762522,"233210"
"Q60710","Samhd1",-0.317588700357911,-0.820403740303119,0.443350615254496,16.394791242061,"56045"
"Q05793","Hspg2",-0.317811603089744,-0.821044216826007,0.443012783552354,16.7033661438809,"15530"
"Q9QUR8","Sema7a",-0.317826462298319,-0.821086917845391,0.442990266699014,19.080154676281,"20361"
"P28650","Adss1",-0.317943717462104,-0.821423898502806,0.442812601067716,17.1837620053763,"11565"
"Q8R1T1","Chmp7",-0.31811389688603,-0.821913053256585,0.442554796751424,16.5654413805233,"105513"
"Q6ZQH8","Nup188",-0.318146446389877,-0.822006621900578,0.442505494676753,15.4617006367524,"227699"
"Q61923","Kcna6",-0.318352770971374,-0.822599809456408,0.442193031865204,17.7581175177103,"16494"
"Q3V0K9","Pls1",-0.318487637608308,-0.82298762420221,0.441988836013729,17.8544311057298,"102502"
"P97434","Mprip",-0.318551916870142,-0.823172481520608,0.44189152724826,16.4568094231821,"26936"
"Q99246","Cacna1d",-0.319934629192174,-0.827152017124359,0.439800466519508,13.246653110986,"12289"
"P16390","Kcna3",-0.320608453180747,-0.829093457527335,0.438782941392477,17.0826600846044,"16491"
"Q8BFW6","Entpd3",-0.320646412301766,-0.829202868100113,0.438725649382257,13.7008040520772,"215446"
"A2BE28","Las1l",-0.320765364147719,-0.829545754978868,0.438546134530177,14.0114349008219,"76130"
"Q8BMS1","Hadha",-0.321071508143727,-0.830428437380563,0.438084261188443,19.436479937507,"97212"
"A2AF47","Dock11",-0.321277513731234,-0.831022561437375,0.437773578593095,13.490062139216,"75974"
"Q5RKZ7","Mocs1",-0.321408865530231,-0.831401451215398,0.437575531268108,6.34946252718599,"56738"
"Q8VE22","Mrps23",-0.321519437003123,-0.831720440757967,0.437408844650846,16.4056614550567,"64656"
"Q9CYZ8","Ssbp2",-0.321615379943847,-0.831997258943443,0.437264231981377,9.92563747466086,"66970"
"Q8R0X7","Sgpl1",-0.321942389993798,-0.832940975470497,0.43677148655921,16.5899725556043,"20397"
"Q8BNJ3","Nmnat2",-0.321998159153033,-0.833101952565825,0.436687475547061,7.53946169674472,"226518"
"P70453","Pde7a",-0.322428746174956,-0.834345163452126,0.436039063270418,13.3659101218249,"18583"
"Q99KE1","Me2",-0.322476769741485,-0.834483855133447,0.435966770448224,16.7421764050062,"107029"
"Q9DBB5","Eif4e3",-0.322567807019247,-0.834746789813152,0.435829740164188,7.33731600595868,"66892"
"Q6RKD8","Flrt1",-0.322996037441497,-0.835983955793619,0.43518540421084,12.3354055972765,"396184"
"Q91WI7","Itfg2",-0.32301781257332,-0.836046879877672,0.435152650934283,12.6337696958286,"101142"
"Q99L20","Gstt3",-0.323097508190393,-0.836277190722755,0.435032784769822,13.4779244714746,"103140"
"Q8BGC9","Creg2",-0.323367652846612,-0.837058024461897,0.434626576364504,12.9129867181915,"263764"
"Q9R008","Mvk",-0.323790258389143,-0.838279994014423,0.433991435029257,15.5379619772839,"17855"
"P19137","Lama1",-0.32408304491302,-0.839126918757432,0.433551628629258,17.2083869081976,"16772"
"Q9EPE9","Atp13a1",-0.324135218777369,-0.839277867010351,0.433473275743614,17.2861085569735,"170759"
"Q9D0K0","Tbc1d7",-0.32452031918208,-0.840392295690711,0.432895128645476,14.3896436248355,"67046"
"Q9JLK7","Cabp1",-0.324721823382772,-0.840975607788982,0.432592741234937,12.0781726745424,"29867"
"Q8VD75","Hip1",-0.324722394014837,-0.840977259829991,0.432591885041144,18.5831451303434,"215114"
"Q811J3","Ireb2",-0.324753007672723,-0.841065891156849,0.432545952413027,13.6861417845801,"64602"
"Q8BZM1","Glmn",-0.324775654104311,-0.841131458019294,0.432511975098094,14.9028647021663,"170823"
"Q7TSJ2","Map6",-0.324792895180673,-0.841181376163557,0.432486108395337,21.3107141037259,"17760"
"Q922K9","Frk",-0.324908281068724,-0.841515477435133,0.432313012184431,14.3636609952643,"14302"
"Q9CY52","Thg1l",-0.324953919269856,-0.841647635007001,0.432244556017167,17.2775502498541,"66628"
"Q9D2N9","Vps33a",-0.324956244537602,-0.841654368615335,0.432241068294898,18.6030667766876,"77573"
"E9PUN2","Nrxn2",-0.325634854283354,-0.843620245383537,0.431223709919116,13.4632251977512,"18190"
"Q9D154","Serpinb1a",-0.325821593650447,-0.844161469681755,0.430943930271215,17.9241574208665,"66222"
"Q9DCK3","Tspan4",-0.325986287442514,-0.844638891302195,0.430697243307781,14.9355215527008,"64540"
"P68368","Tuba4a",-0.326444427056031,-0.845967419417096,0.430011329689256,26.0342250201978,"22145"
"Q9JLY7","Dusp14",-0.326579161506954,-0.846358253669739,0.429809696440055,14.8218267123939,"56405"
"Q8VCC8","Rapgef3",-0.32730734808749,-0.848471559249496,0.428720636019395,11.7525957845975,"223864"
"Q505F5","Lrrc47",-0.327575733533729,-0.849250880337565,0.428319537446551,17.1454123813257,"72946"
"Q571F8","Gls2",-0.327771600810488,-0.84981977298314,0.428026916048382,11.6950566647332,"216456"
"P53995","Anapc1",-0.327801208968064,-0.84990577997236,0.427982689436127,19.1809105705617,"17222"
"P16330","Cnp",-0.327829373566842,-0.84998759625675,0.427940620897133,22.7987139793175,"12799"
"Q61285","Abcd2",-0.327839332028799,-0.850016525533366,0.427925746685137,17.494740175001,"26874"
"P11531","Dmd",-0.327902914296777,-0.850201239153158,0.427830783723856,18.5955075311186,"13405"
"Q8VCT3","Rnpep",-0.328112430795116,-0.850809999714163,0.427517924262145,20.2558369456814,"215615"
"Q78PG9","Ccdc25",-0.328355662033537,-0.851516896628413,0.427154841346486,15.0605269000314,"67179"
"O89016","Abcd4",-0.328391101562064,-0.851619909492981,0.42710194991313,6.67209586034229,"19300"
"Q91ZR2","Snx18",-0.328457436778997,-0.851812738376869,0.427002955880829,16.1348299141352,"170625"
"Q8BGU2","Cbln2",-0.328501349211117,-0.851940394563506,0.42693742936194,14.5292949669563,"12405"
"P24529","Th",-0.328611241808037,-0.852259886359754,0.426773465233967,17.0562508188999,"21823"
"Q80VQ0","Aldh3b1",-0.328642051155653,-0.852349465634034,0.42672750122598,17.499523464878,"67689"
"O88533","Ddc",-0.329358834435215,-0.854434400550725,0.425658732283998,19.4807493277659,"13195"
"P19536","Cox5b",-0.329384009235628,-0.854507657540535,0.425621215630017,21.2691632847483,"12859"
"P62746","Rhob",-0.32957573332955,-0.855065628946747,0.425335545300353,21.3569559671672,"11852"
"Q6NS52","Dgkb",-0.329600268392548,-0.855137041490628,0.425298993718133,18.4522824936477,"217480"
"Q8BXA7","Phlpp2",-0.329700859729046,-0.855429846194244,0.425149149706773,11.3068982818909,"244650"
"Q08024","Cbfb",-0.330078607356211,-0.856529698897803,0.424586644148395,13.1665343756202,"12400"
"Q8K1S1","Lgi4",-0.330103798112396,-0.856603060900187,0.424549143681008,12.0420164992837,"243914"
"Q8BIF2","Rbfox3",-0.330106014632187,-0.856609516077854,0.424545844103988,16.7075156100364,"52897"
"Q8BHF7","Pgs1",-0.330230406455536,-0.856971808275846,0.424360688123785,18.1576197470276,"74451"
"Q9DCD0","Pgd",-0.330284238207054,-0.857128609225154,0.42428057068686,18.4070315647086,"110208"
"Q8C669","Peli1",-0.330359682158251,-0.857348377917613,0.424168298719465,14.8748204085207,"67245"
"Q9D666","Sun1",-0.331003444865443,-0.859224413576787,0.423210794014495,18.4678157670161,"77053"
"Q78TU8","Fam107a",-0.331158509811615,-0.859676500791465,0.42298029400359,15.1913079107934,"268709"
"Q9JK23","Psmg1",-0.331208547170587,-0.859822399907715,0.422905926116616,15.4178538689103,"56088"
"Q8C078","Camkk2",-0.331775779693478,-0.861476908795726,0.422063265667053,19.0898343607371,"207565"
"P38060","Hmgcl",-0.332039958646211,-0.862247826526603,0.421671053949367,17.5616368364052,"15356"
"Q9R112","Sqor",-0.33265318003103,-0.864038187137712,0.420761234688807,17.0469148575712,"59010"
"O88502","Pde8a",-0.332654432644975,-0.864041845528289,0.420759377074369,11.8663469633559,"18584"
"O88736","Hsd17b7",-0.332915333513588,-0.864803946040498,0.420372539488697,16.4733401906617,"15490"
"P10639","Txn",-0.333339406656747,-0.866043155171801,0.419744088944569,21.4992085683296,NA
"P53702","Hccs",-0.333439109510598,-0.866334588573836,0.419596393404717,16.3851063932395,"15159"
"Q61164","Ctcf",-0.333947715257169,-0.867821762436671,0.418843310575922,13.4456475455814,"13018"
"Q6PHS9","Cacna2d2",-0.333968825959712,-0.867883508999312,0.418812064799121,17.2726811632621,"56808"
"P55144","Tyro3",-0.334122036029873,-0.868331676236824,0.418585329557864,15.6797383952524,"22174"
"Q99J39","Mlycd",-0.33413949885795,-0.868382763093468,0.418559489674649,16.527778852153,"56690"
"Q9WVT6","Ca14",-0.334168313381558,-0.868467061115878,0.418516854083139,19.8139449904298,NA
"Q8BY89","Slc44a2",-0.334266167587682,-0.86875335790966,0.418372077289,16.6620081024342,"68682"
"Q8VHC3","Selenom",-0.33430506276976,-0.868867164212864,0.41831453719442,16.4827913479563,"114679"
"D3YUJ3","Ccnyl1",-0.334363260030002,-0.869037457235116,0.418228448611063,14.6182087009808,"227210"
"Q3UF64","Rnft2",-0.334485321316271,-0.869394661359749,0.418047913358257,13.6793272743076,"269695"
"Q8BXT1","Rgs8",-0.334950466406331,-0.870756328946774,0.417360242927096,15.7152043797938,"67792"
"A2A8U2","Tmem201",-0.335607425678037,-0.872680736091779,0.416389816614199,16.808446427536,"230917"
"Q149L6","Dnajb14",-0.335665244444167,-0.872850171158828,0.416304455851635,16.3710728298544,"70604"
"Q6TCG2","Paqr9",-0.335695992988616,-0.872940282793216,0.416259063265246,10.6563189401817,"75552"
"Q9CQ26","Stambp",-0.335728926744569,-0.873036801892984,0.416210447099665,16.4377845179374,"70527"
"P20917","Mag",-0.335862691638958,-0.87342886433971,0.416013010893104,19.4580772429247,"17136"
"Q9R0X4","Acot9",-0.336222510976577,-0.87448378392711,0.415482118128933,18.1311289096173,"56360"
"Q8BYL4","Yars2",-0.336370110847995,-0.874916642581393,0.415264426739136,19.7386524651719,"70120"
"Q3UHD9","Agap2",-0.336419962782767,-0.875062857243239,0.415190912367551,19.4776291958024,"216439"
"Q8WTY4","Ciapin1",-0.337099865169568,-0.877057825392754,0.414188846726933,18.7683358172597,"109006"
"Q3U319","Rnf40",-0.337445385938737,-0.878072244681408,0.413680002148812,17.5689196800748,"233900"
"Q149F3","Gspt2",-0.337654687465225,-0.878686930719042,0.413371896329458,17.6680698224474,"14853"
"Q8R3P0","Aspa",-0.337714533269343,-0.878862715578696,0.413283817378606,16.5181385087396,"11484"
"Q9R1T2","Sae1",-0.338002256304127,-0.87970801141117,0.412860468951724,17.3790955661586,"56459"
"Q8BK72","Mrps27",-0.338175590260291,-0.880217380212432,0.412605519449375,22.0846547017133,"218506"
"Q8K1I7","Wipf1",-0.338468969084398,-0.881079750070022,0.412174154881606,8.82876783409103,"215280"
"Q8R1X6","Spart",-0.338926508435913,-0.882425239506248,0.411501805845269,14.8704453490668,"229285"
"Q60520","Sin3a",-0.33904937703066,-0.882786680532325,0.411321332005814,12.3201314702266,"20466"
"Q99KG3","Rbm10",-0.33916438956467,-0.883125057732058,0.411152428219391,15.2117099023334,"236732"
"Q8C407","Yipf4",-0.339306165897866,-0.883542238014123,0.410944260938718,13.8711448699937,"67864"
"A2AHG0","Lzts3",-0.339658125102938,-0.884578180703412,0.410427682144768,18.9958768540938,"241638"
"Q61097","Ksr1",-0.339799211974772,-0.884993568079634,0.410220683997287,16.8651381006102,"16706"
"Q7TSG2","Ctdp1",-0.339800820969695,-0.884998305665201,0.410218323590136,12.3570296505711,"67655"
"P62075","Timm13",-0.340868701804189,-0.888144555549867,0.408653022973942,18.6707106363968,"30055"
"Q8BIE6","Frmd4a",-0.34099290907122,-0.888510754050231,0.408471127020002,14.1846515856618,"209630"
"Q91XP5","Glra3",-0.341013261059224,-0.888570762543942,0.408441325773696,12.1959357772434,"110304"
"Q9D6J6","Ndufv2",-0.341040206681831,-0.888650214757341,0.408401870963493,20.5527724206096,"72900"
"Q9CQM2","Kdelr2",-0.341325683845682,-0.889492128742834,0.407983965208901,12.4009063006643,"66913"
"Q9QUN9","Dkk3",-0.341471674890275,-0.889922785371148,0.407770322325793,13.030573063897,"50781"
"Q05BC3","Eml1",-0.341844697159631,-0.89102348903574,0.407224661629655,18.1920856577381,"68519"
"P38647","Hspa9",-0.341908156868882,-0.891210791610684,0.407131863485543,20.3649112672481,"15526"
"P0CW02","Ly6c1",-0.341930348962493,-0.891276295267748,0.407099413785556,16.1424346232518,"17067"
"Q8BPB5","Efemp1",-0.342082497669089,-0.891725432976857,0.406876969100918,6.04823281624947,"216616"
"Q9CZS1","Aldh1b1",-0.342731531576037,-0.893642251409721,0.405928656760538,17.708413661977,"72535"
"P37804","Tagln",-0.342834899314118,-0.893947665320345,0.40577771292373,17.3663158291714,"21345"
"A2AHC3","Camsap1",-0.343250490720682,-0.895175957690276,0.405171085903418,16.4633325052561,"227634"
"Q9JKX4","Aatf",-0.343482077067524,-0.895860676326895,0.404833216032188,10.0128928641971,"56321"
"Q6P1F6","Ppp2r2a",-0.34348621321816,-0.895872907139886,0.404827182756817,19.691826662072,"71978"
"Q6Y685","Tacc1",-0.343584156908232,-0.896162549008772,0.404684326676374,16.9231192507909,"320165"
"Q9JK38","Gnpnat1",-0.343745774059764,-0.896640560354709,0.404448647137382,11.1165815709774,"54342"
"Q9CVD2","Atxn3",-0.343822144260106,-0.896866470176721,0.404337300324317,12.1414437910509,"110616"
"Q9CPV7","Zdhhc6",-0.344170054006354,-0.897895873551375,0.403830220045932,10.5295566697698,"66980"
"Q8CI32","Bag5",-0.344233480727016,-0.898083587189677,0.40373780494598,19.2359339988522,"70369"
"Q641P0","Actr3b",-0.344653598251072,-0.899327292347175,0.403125909248707,19.268473956011,"242894"
"Q8VI56","Lrp4",-0.344899464845512,-0.900055433888154,0.402767994227376,11.9311213441195,"228357"
"Q61768","Kif5b",-0.345208494478074,-0.900970933002577,0.40231832638077,21.9766813855961,"16573"
"P04919","Slc4a1",-0.345507826101275,-0.901858018994474,0.401882977713451,15.3924627488631,"20533"
"Q9R171","Cbln1",-0.345776471108302,-0.902654429640292,0.4014924338304,14.9943620680369,"12404"
"Q6PAL8","Dennd5a",-0.346000191637997,-0.903317851966338,0.401167324856923,17.547796279738,"19347"
"Q8BH64","Ehd2",-0.346183992022525,-0.903863025796913,0.400900313083921,13.3096172406309,"259300"
"Q9Z1S3","Rasgrp1",-0.346906973870151,-0.906008624436246,0.399850767229198,16.4633198877612,"19419"
"B2RVW2","Clrn2",-0.347252503648054,-0.907034703778083,0.399349587328871,12.017969134345,"624224"
"Q8JZS9","Mrpl48",-0.34806481865736,-0.909448596474472,0.398172427792347,16.7638651775914,"52443"
"P28660","Nckap1",-0.34823436301083,-0.909952711821037,0.397926924876674,20.1599721325616,"50884"
"Q5Y5T3","Zdhhc23",-0.348341797327207,-0.910272204647909,0.397771392426089,16.678708024485,"332175"
"Q91YR7","Prpf6",-0.348470650232214,-0.910655446850397,0.397584887272468,19.3403187026121,"68879"
"P97364","Sephs2",-0.348630411174764,-0.911130699233885,0.397353697933919,14.7648721895157,"20768"
"G5E897","Poglut3",-0.348643481090207,-0.911169583252441,0.397334787112281,12.7890332226153,"68304"
"Q8K0P3","Meak7",-0.348658416145334,-0.911214016947929,0.397313178105969,18.15679770932,"74347"
"O35711","Ppfibp2",-0.349338334529757,-0.913237698670787,0.396329970958747,8.60741496186562,"19024"
"Q8BX02","Kank2",-0.349747892049846,-0.914457481816447,0.395738236683675,9.49897751317253,"235041"
"Q62219","Tgfb1i1",-0.349766724900019,-0.914513585958514,0.395711036010144,16.9050696686752,"21804"
"B2RSH2","Gnai1",-0.350224604135552,-0.915878023485484,0.395049962944449,20.5071683082999,"14677"
"P55264","Adk",-0.350436887282657,-0.916510861328687,0.394743638448428,18.3923101067921,"11534"
"Q8R3C0","Mcmbp",-0.350531700996725,-0.916793562750624,0.394606855859141,13.700181100995,"210711"
"Q8CCX5","Krt222",-0.350643400705479,-0.91712665355189,0.394445739360218,16.321762191258,"268481"
"Q99PP7","Trim33",-0.350672079155806,-0.917212180472471,0.394404377990549,14.8728658512018,"94093"
"Q9D281","Fam114a1",-0.351478493037874,-0.919618331552164,0.393242108180061,11.483829590629,"68303"
"Q91Z61","Diras1",-0.351622971301891,-0.920049667453842,0.393034032895009,18.3689360992458,"208666"
"Q7M759","Abhd17b",-0.352065133146222,-0.921370195869797,0.392397538279436,15.9288304134759,"226016"
"Q8BVF2","Pdcl3",-0.352505884443641,-0.92268721242332,0.391763524239388,17.3123667381257,"68833"
"Q3TC46","Patl1",-0.352652870058652,-0.923126578503312,0.391552187654099,8.63390311332531,"225929"
"Q9DCZ4","Apoo",-0.352795769682595,-0.923553805641108,0.391346773894074,19.712606674545,"68316"
"Q60872","Eif1a",-0.352798189450743,-0.923561040659516,0.391343295959976,18.4768794310134,"13664"
"Q8CD19","Lancl3",-0.35291947098835,-0.923923695146874,0.391168995318249,12.6521062301905,"236285"
"Q8CJ19","Mical3",-0.352930025689967,-0.923955258195094,0.391153828164317,18.4453546924669,"194401"
"P28704","Rxrb",-0.353072439676107,-0.92438117600586,0.390949203865462,11.6467118949502,"20182"
"Q9D0R8","Lsm12",-0.353144614323636,-0.924597056901546,0.390845519312817,16.7952048957087,"268490"
"Q00612","G6pdx",-0.353186711605883,-0.924722982386439,0.390785048834838,18.9220376952081,"14381"
"Q3U1Y4","Dennd4b",-0.353238049175636,-0.924876557003207,0.390711310742242,17.1677599424976,"229541"
"Q9D067","Saxo6",-0.353325143969222,-0.925137119991861,0.390586227175421,17.3517162129523,NA
"Q91V04","Tram1",-0.354164087815779,-0.927648412019971,0.389382256367783,13.3570749221984,"72265"
"P57780","Actn4",-0.354636766687505,-0.929064454769406,0.388704633456061,21.5076945479406,"60595"
"Q61739","Itga6",-0.355202152146057,-0.930759296550711,0.387894790646619,18.5569386276079,"16403"
"O54784","Dapk3",-0.355534561589186,-0.931756297442079,0.387419003678344,14.1544950045116,"13144"
"P30275","Ckmt1",-0.355992473016388,-0.933130381313232,0.386764003742388,22.2972014510679,"12716"
"Q91W89","Man2c1",-0.356019635616262,-0.933211914016497,0.386725165511937,16.4249426631932,"73744"
"Q8CFQ3","Aqr",-0.356160770104475,-0.933635594406328,0.386523393164633,12.4558922498961,"11834"
"O54991","Cntnap1",-0.356273312851401,-0.933973495912315,0.386362530177314,20.9634060587168,"53321"
"P70451","Fer",-0.356507657743772,-0.934677249039613,0.386027664109749,15.1565646249888,"14158"
"O35658","C1qbp",-0.356598843783986,-0.934951141322898,0.385897398869919,20.6948132451177,"12261"
"Q8BVA2","Tmem222",-0.357107426515944,-0.936479315174724,0.385171211207761,15.1076090461378,"52174"
"Q62077","Plcg1",-0.357117138782632,-0.936508507578676,0.385157349278114,16.9660192298899,"18803"
"P56546","Ctbp2",-0.357326459321707,-0.937137752219046,0.384858648023686,14.3272132639243,"13017"
"Q9JKX6","Nudt5",-0.357330351110026,-0.937149452970953,0.384853095395823,16.5382251548526,"53893"
"O70172","Pip4k2a",-0.357431368812654,-0.937453184619438,0.384708980286932,18.4284135691255,"18718"
"Q3U4G3","Xxylt1",-0.357610192245879,-0.937990948587596,0.384453923524817,16.5112110008804,"268880"
"Q9Z2U1","Psma5",-0.357642194380601,-0.938087198983803,0.38440828660909,19.5918680624912,"26442"
"Q9DCT2","Ndufs3",-0.358054749529547,-0.93932834938784,0.383820173404795,21.0085229774273,"68349"
"Q91WS0","Cisd1",-0.358416406882485,-0.94041689549642,0.383304944709984,21.7229771755824,"52637"
"Q6P8M1","Tatdn1",-0.358733733422527,-0.941372411175823,0.382853123498859,15.2441637013997,"69694"
"Q8CHT1","Ngef",-0.358755426068703,-0.941437744513783,0.382822245328993,18.3300525310171,"53972"
"Q8K0Z7","Taco1",-0.359039687013585,-0.942294035957489,0.382417719028875,16.378223921259,"70207"
"Q9Z0V2","Kcnd2",-0.359065945166479,-0.942373149700133,0.382380361116262,15.982937588247,"16508"
"Q9Z1F9","Uba2",-0.359152611487111,-0.9426342867196,0.382257070973924,17.4348742585686,"50995"
"Q8R516","Mib2",-0.359345062003855,-0.943214265561993,0.381983356919312,14.8775751801445,"76580"
"Q99K51","Pls3",-0.35944402828834,-0.943512569274954,0.38184263529226,20.9894817315185,"102866"
"Q3TEL6","Rnf157",-0.359619882239375,-0.944042717644171,0.3815926426811,12.938854650881,"217340"
"Q64378","Fkbp5",-0.36004931609006,-0.945337821191586,0.380982468107024,15.8547212871954,"14229"
"Q9DB90","Smg9",-0.36017192214769,-0.945707708008732,0.380808338961849,12.7808877768612,"71997"
"Q8K400","Stxbp5",-0.360368640596204,-0.946301300113204,0.380529026808671,20.1004240046381,"78808"
"Q5SYD0","Myo1d",-0.360728211024258,-0.947386668352544,0.380018723291485,18.8545996465287,"338367"
"O70423","Aoc3",-0.360998456434181,-0.94820272741215,0.379635390399226,13.0632320203787,"11754"
"P51855","Gss",-0.361102896092878,-0.948518177029222,0.379487292759767,19.438600572101,"14854"
"Q922D8","Mthfd1",-0.361448374992418,-0.949561954297244,0.378997579457226,21.1618554325414,"108156"
"Q3V4B5","Commd6",-0.361673120848052,-0.950241208631571,0.378679155183491,14.7412021860675,"66200"
"Q91W86","Vps11",-0.361881355270617,-0.950870730198363,0.378384230914221,17.2213551757243,"71732"
"Q8CGF7","Tcerg1",-0.36188601226848,-0.950884810821164,0.37837763633571,17.8382246946027,"56070"
"Q3U4H6","Hexd",-0.361967224522696,-0.951130372553084,0.378262643308097,16.7430785652562,"238023"
"Q8BYN3","Itpk1",-0.3622168198738,-0.951885230792507,0.377909324524875,16.4197373630386,"217837"
"E9PZM4","Chd2",-0.36240909112431,-0.952466882837534,0.377637252065821,13.5827248392923,"244059"
"Q80V42","Cpm",-0.362414748297355,-0.952483998832605,0.377629248233469,17.8396615531116,"70574"
"Q9D8S4","Rexo2",-0.362458063511131,-0.952615054697929,0.377567967883848,17.1223051539793,"104444"
"O35730","Ring1",-0.362471741470448,-0.952656440635646,0.377548617863601,13.8666100277658,"19763"
"Q8C419","Gpr158",-0.362627521077434,-0.953127839108089,0.377328269774334,19.093776730438,"241263"
"Q6NZQ2","Ddx31",-0.36274528203155,-0.953484251899021,0.377161736584237,7.51012296633189,"227674"
"Q9CQI7","Snrpb2",-0.363107492439664,-0.954580840026578,0.376649717410748,16.1865113421522,"20639"
"Q80TH2","Erbin",-0.363467708439309,-0.955671884490604,0.376140825147996,17.2982320914512,"59079"
"Q9JMD3","Stard10",-0.363495329831135,-0.955755566244449,0.376101815918032,14.8943132390385,"56018"
"Q9EPB5","Serhl",-0.363954745972866,-0.957147839326795,0.375453254953449,16.0185653842938,"68607"
"Q9Z0U1","Tjp2",-0.364146694464999,-0.957729782845314,0.375182427944824,18.757563366883,"21873"
"Q91YE3","Egln1",-0.364609797480483,-0.959134383769168,0.374529378678368,18.8894756904169,"112405"
"Q91WE1","Snx15",-0.364777323492739,-0.959642695672174,0.374293265449333,15.4750539850613,"69024"
"Q8BY87","Usp47",-0.36501577593151,-0.960366399863711,0.373957302447227,16.4098515662494,"74996"
"Q91V76","Bkgd",-0.365120273327811,-0.960683618619145,0.373810115354761,17.3458606555499,NA
"Q61772","Epha7",-0.365220767284888,-0.960988723807256,0.373668591648378,15.4862949337015,"13841"
"P41234","Abca2",-0.365241038933775,-0.961050274347912,0.373640046380762,17.6469558888876,"11305"
"Q8BGY9","Slc5a7",-0.365288017936238,-0.961192922139501,0.373573897238899,13.8689390119111,"63993"
"Q9WUB4","Dctn6",-0.365301800089283,-0.961234772096352,0.373554492167475,16.9850894088442,"22428"
"Q8BM92","Cdh7",-0.365538141513097,-0.961952544079577,0.373221797056936,13.9819849172998,"241201"
"Q80TL1","Adcy2",-0.365611433478848,-0.96217517634743,0.373118651746084,17.8407779968575,"210044"
"Q9Z2N8","Actl6a",-0.365873400260926,-0.962971097705696,0.372750084764664,16.0588175750229,"56456"
"Q8BS45","Ift56",-0.36591116993859,-0.963085873331697,0.372696959203727,16.4261636146372,"264134"
"P97762","rp9",-0.36644416400673,-0.964706137968922,0.371947629290573,7.14809187891077,NA
"Q3TH73","Ttyh2",-0.366809208090836,-0.965816479201168,0.371434808179494,12.8231979894578,"117160"
"Q9QYE9","Plekhb1",-0.366959968591669,-0.96627519225656,0.371223109423012,14.0536669020796,"27276"
"Q8BZW2","Sowahb",-0.36725275107318,-0.967166281434535,0.370812137242239,8.21229284790721,"78088"
"Q3URD3","Slmap",-0.367433568431191,-0.967716768542616,0.370558430008423,17.3490061044457,"83997"
"O35682","Myadm",-0.367444764651696,-0.967750858903518,0.370542723004903,17.7917339371356,"50918"
"Q64133","Maoa",-0.367499737753956,-0.967918248596932,0.370465606430804,19.436231793521,"17161"
"Q8BGV0","Nars2",-0.367842169114241,-0.968961195109407,0.369985404051862,16.4009549466256,"244141"
"P60335","Pcbp1",-0.367889079677542,-0.969104106553647,0.369919641659053,20.0352231007004,"23983"
"Q920M5","Coro6",-0.368137496129202,-0.969861041561931,0.369571482240469,16.9339598776123,"216961"
"O88491","Nsd1",-0.368183071816244,-0.969999938604595,0.369507623213464,13.5178965410793,"18193"
"Q8R2Z5","Vwa1",-0.368259985961646,-0.970234361476083,0.369399865101077,14.1059728169966,"246228"
"Q8BFX3","Kctd3",-0.368676353596898,-0.971503788359115,0.368816771714403,15.1485969327167,"226823"
"Q99LW6","Yaf2",-0.368776817557095,-0.97181018543482,0.368676141068832,6.23220225662801,"67057"
"Q8CJF7","Ahctf1",-0.368824451460941,-0.971955474079972,0.368609470992776,17.4714505618552,"226747"
"Q920L1","Fads1",-0.368896082121544,-0.972173972158855,0.368509224426155,17.1726978297504,"76267"
"Q8BGN2","D3Ertd751e",-0.369690131932819,-0.974597441020364,0.367398779608915,13.5232473560629,"73852"
"Q8R2H9","Phospho1",-0.369880343331109,-0.975178339964722,0.367133001066635,13.113158832421,"237928"
"Q8VCX5","Micu1",-0.369945753791522,-0.975378134037213,0.367041624369883,17.5574403554641,"216001"
"Q9CQZ5","Ndufa6",-0.370007507302872,-0.975566773502041,0.366955365738204,20.9490485602226,"67130"
"Q91WD4","Q91WD4",-0.370035865776538,-0.975653405616718,0.366915757073037,14.0955620532151,NA
"Q9DBY5","Cbx6",-0.370090099685898,-0.975819093230461,0.366840013200192,8.52455988247181,"494448"
"Q04735","Cdk16",-0.370281915501984,-0.976405194002481,0.36657217695363,19.5462283428199,"18555"
"Q18PE0","Dok7",-0.370563287682113,-0.977265199698954,0.366179450907217,14.2421031536409,"231134"
"Q8BYA0","Tbcd",-0.370674250346356,-0.977604439507174,0.366024626626355,20.7892064066149,"108903"
"P97785","Gfra1",-0.371217138534318,-0.979264880567194,0.365267569886721,13.632573925448,"14585"
"Q7TPW1","Nexn",-0.371373127273158,-0.979742192442176,0.365050174646297,12.4973413710241,"68810"
"Q3UMQ8","Naf1",-0.371413837661399,-0.979866778495523,0.364993447826425,17.5137303290746,"234344"
"Q3V1U8","Elmod1",-0.371776980112316,-0.980978394017604,0.36448761264813,16.1721005961353,"270162"
"E9Q4N7","Arid1b",-0.371908071204462,-0.981379805340809,0.36430508862237,12.7355520384764,"239985"
"Q8CIP4","Mark4",-0.372045795046821,-0.981801600071836,0.364113374011801,19.9711379332116,"232944"
"Q3UTJ2","Sorbs2",-0.372112961422343,-0.98200733193732,0.364019893484922,19.1327636641449,"234214"
"Q07417","Acads",-0.372182368418819,-0.982219945678683,0.363923305912195,16.0721943286343,"11409"
"Q3UGR5","Hdhd2",-0.372469660217727,-0.983100207214171,0.363523630577734,19.5372577453458,"76987"
"Q0KL02","Trio",-0.37257108846036,-0.983411061517547,0.363382572802451,19.8020839814195,"223435"
"Q5IRJ6","Slc30a9",-0.37278396652989,-0.984063617085458,0.363086600595257,15.9333390169135,"109108"
"Q9D6R2","Idh3a",-0.37325613208786,-0.985511635738698,0.36243052085271,22.3932947158575,"67834"
"Q8C0Y0","Ppp4r4",-0.373580887206026,-0.986508098229131,0.361979581449889,17.6778573804291,"74521"
"Q8BKI2","Tnrc6b",-0.373590469789517,-0.986537507353132,0.3619662793946,16.1331152791465,"213988"
"Q91WD9","Scgn",-0.373766819915945,-0.987078794674086,0.361721518642709,17.7387589912847,"214189"
"Q9Z1J3","Nfs1",-0.373842223800369,-0.987310276575944,0.361616886594174,18.8193752858419,"18041"
"P17183","Eno2",-0.373926824832316,-0.987570019832712,0.361499508711265,23.1410929157393,"13807"
"Q7TNG5","Eml2",-0.373953412194704,-0.987651654637943,0.361462624212477,18.8920642423028,"72205"
"Q9DC07","Nebl",-0.374195883062201,-0.988396276690996,0.361126324440034,18.123129261057,"74103"
"P58281","Opa1",-0.374457273107569,-0.989199263107479,0.360763943274986,19.3084147241759,"74143"
"Q9DBB8","Dhdh",-0.374657294888692,-0.989813912343411,0.360486752147375,16.6018625727621,"71755"
"O70579","Slc25a17",-0.374763404895272,-0.99014004426099,0.360339743629828,13.7971013783052,"20524"
"P35441","Thbs1",-0.374770040055811,-0.990160439106333,0.360330551949767,11.699428453051,"21825"
"Q8K0B2","Lmbrd1",-0.374845097352089,-0.990391159031846,0.360226582573127,15.1367331618909,"68421"
"G5E8K5","Ank3",-0.37516522808012,-0.991375468949966,0.359783290315673,18.7919768310122,"11735"
"Q9D7N9","Apmap",-0.375372685053933,-0.992013559890026,0.359496152255598,17.8357311097648,"71881"
"Q61616","Drd1",-0.376212142016742,-0.994597314191016,0.358335335752251,13.6421092028633,"13488"
"Q3UHH2","Slc22a23",-0.376214772869294,-0.994605416138642,0.358331700442817,15.8532590709012,"73102"
"P58390","Kcnn2",-0.376491701364948,-0.995458399203851,0.357949134701583,13.3692616912726,"140492"
"Q3U5Q7","Cmpk2",-0.376830077115012,-0.996501071519827,0.35748193430803,19.6852737699343,"22169"
"O54799","Nmbr",-0.376881878827573,-0.996660734533285,0.357410435420451,13.7496520763582,"18101"
"Q5SXY1","Specc1",-0.37702511413513,-0.997102270522176,0.357212769941787,18.678156667185,"432572"
"Q70FJ1","Akap9",-0.377138448471032,-0.997451693115288,0.357056403228824,15.5925339073488,"100986"
"Q5SWU9","Acaca",-0.377793130615805,-0.999471175667377,0.356153752301767,21.3433138214883,"107476"
"Q62120","Jak2",-0.378085942996018,-1.0003749727369,0.355750370572198,11.8357180257557,"16452"
"Q80TA6","Mtmr12",-0.378277851686099,-1.00096750965867,0.355486107964772,17.2902222847434,"268783"
"Q61599","Arhgdib",-0.378508205796378,-1.00167894949714,0.355169023383907,16.4466222160942,"11857"
"Q80ZK9","Wdtc1",-0.378531586066097,-1.0017511707037,0.355136847437807,18.1466746443413,"230796"
"Q08288","Lyar",-0.378535266771249,-1.00176254053552,0.355131782169526,10.6731926509565,"17089"
"Q9QZH6","Ecsit",-0.378627633165739,-1.00204788184634,0.355004681291639,17.5188075188776,"26940"
"P12265","Gusb",-0.378636971004164,-1.00207673054959,0.354991833103955,8.28932567765694,"110006"
"Q9WVL6","Extl3",-0.378644456642513,-1.00209985724747,0.35498153356227,10.0523855104862,"54616"
"P42232","Stat5b",-0.37865372015801,-1.00212847697145,0.354968788015819,16.4237869402028,"20851"
"Q62523","Zyx",-0.378705056281911,-1.002287086814,0.354898159117139,18.0635777594508,"22793"
"Q5XJY4","Parl",-0.378888367967958,-1.00285354101741,0.354646008873744,16.1493790457581,"381038"
"Q5GH67","Xkr4",-0.379521891335291,-1.00481226317057,0.353775210007928,16.5116166577879,"497097"
"Q9D6G9","Cmtm5",-0.379939202295685,-1.00610340344122,0.353202136410546,17.5942517101382,"67272"
"Q9JK45","Kcnq5",-0.380116402901554,-1.00665187076216,0.352958923529257,14.996128614365,"226922"
"P68037","Ube2l3",-0.380393463431002,-1.00750968196597,0.352578803546791,19.3413924682122,"22195"
"Q8K3I4","Myrip",-0.380643870430391,-1.00828524363253,0.352235412673684,13.4701075281053,"245049"
"O89086","Rbm3",-0.380714314359573,-1.00850346961763,0.352138838317075,17.2268983697941,"19652"
"O35598","Adam10",-0.38077787760035,-1.00870039776333,0.352051707365352,15.6408129720146,"11487"
"Q8BHJ5","Tbl1xr1",-0.381022763392757,-1.00945924587391,0.351716116077933,14.1334129950442,"81004"
"Q00623","Apoa1",-0.381151173691346,-1.00985726093037,0.351540201254845,19.2739850479332,"11806"
"Q9D8B6","Mims2",-0.381298242677773,-1.01031319366418,0.351338774583989,13.4206500384103,NA
"Q9CR88","Mrps14",-0.381456015254695,-1.01080240870053,0.351122746976131,19.0471087519725,"64659"
"Q99KK7","Dpp3",-0.381458801052202,-1.01081104772107,0.351118933113588,17.4238582250752,"75221"
"Q6PB66","Lrpprc",-0.381534069039425,-1.01104447304211,0.351015895563082,18.6094546175611,"72416"
"P14094","Atp1b1",-0.381636900775328,-1.01136341865959,0.350875147213356,24.2820628851662,"11931"
"P63268","Actg2",-0.381677636924136,-1.0114897791244,0.350819397785782,26.4710470000862,"11468"
"P63054","Pcp4",-0.381934611701152,-1.01228705461532,0.350467808696591,20.7298725932046,"18546"
"Q63943","Mef2d",-0.381940225715203,-1.01230447540666,0.350460129488738,16.0353771524605,"17261"
"A2AWP8","Arhgef10l",-0.38212480337318,-1.01287730959718,0.350207695300525,9.85952287763032,"72754"
"Q9JLC4","Sorcs1",-0.382310994935555,-1.01345529633674,0.349953138365053,14.6443429663393,"58178"
"Q9QYM5","Rnd2",-0.382709637628439,-1.01469327261042,0.349408408426243,5.47815342534557,"11858"
"O55222","Ilk",-0.38281607986867,-1.01502393895731,0.349263025036144,16.2128653688107,"16202"
"Q8C739","Fam110b",-0.38304093106323,-1.01572260238523,0.348956004875174,14.7331937474887,"242297"
"Q9CYK1","Wars2",-0.383459625903741,-1.0170241458102,0.348384633698428,14.984193641577,"70560"
"P09925","Surf1",-0.383495137788238,-1.01713457089176,0.348336192247109,15.3673615096855,"20930"
"Q8K1H1","Tdrd7",-0.383549189430439,-1.01730265596062,0.34826246681245,14.1209267918315,"100121"
"P50096","Impdh1",-0.383633821682017,-1.01756586255643,0.34814704439379,16.6650504090728,"23917"
"Q8BVA5","Ldah",-0.383727351566402,-1.01785677579193,0.348019507727697,16.9495084341965,"68832"
"Q9D8S9","Bola1",-0.384278825151103,-1.01957281412544,0.347267958975579,16.5727006857165,"69168"
"P84309","Adcy5",-0.384347098970088,-1.01978535300081,0.347174967302812,16.6156066956982,"224129"
"O35566","Cd151",-0.384947702568969,-1.02165590052713,0.346357414803411,14.5958790343005,"12476"
"Q62059","Vcan",-0.385009644565135,-1.02184890213639,0.346273148684457,18.5599390590735,"13003"
"Q9CX30","Yif1b",-0.385194657536867,-1.02242547027838,0.346021512550538,15.9739287538457,"77254"
"Q8R146","Apeh",-0.385237076348443,-1.02255768321776,0.345963830593791,18.4338704908579,"235606"
"Q6PCN3","Ttbk1",-0.385253282730113,-1.02260819803688,0.345941793997504,17.0446531352477,"106763"
"Q9JLV2","Trpc4ap",-0.385414796590203,-1.02311169275868,0.345722211154186,13.4921600605518,"56407"
"Q8CCJ4","Amer2",-0.385767993056196,-1.02421311359701,0.34524225391235,16.138259850654,"72125"
"P59017","Bcl2l13",-0.38591354576627,-1.02466716440021,0.345044552304652,17.031616965164,"94044"
"Q6P9J5","Kank4",-0.386025408509633,-1.0250161806547,0.344892646632955,10.937895419535,"242553"
"Q9DCX2","Atp5pd",-0.386108920361826,-1.02527677562924,0.344779260573639,22.5107276826968,"71679"
"Q922J9","Far1",-0.386231711931726,-1.02565999500359,0.344612574704097,16.4409573309477,"67420"
"Q6NZL8","Scube1",-0.386518604107698,-1.02655560470217,0.344223272041418,12.7129539287751,"64706"
"Q69ZH9","Arhgap23",-0.386673238217586,-1.02703848119088,0.344013523125339,16.6210020153619,"58996"
"Q9Z1Q2","Abhd16a",-0.386935972191745,-1.02785915510458,0.343657280549119,24.6709836167814,"193742"
"P70188","Kifap3",-0.386965291621168,-1.027950755313,0.343617536721532,18.5525129473354,"16579"
"Q5SSW2","Psme4",-0.387266594036199,-1.02889230147492,0.343209230445965,16.4078032825001,"103554"
"Q8VHH7","Adcy3",-0.387518594293885,-1.02968008010527,0.342867907502105,15.609472339671,"104111"
"P26350","Ptma",-0.387800083534688,-1.03056036549154,0.342486828525265,17.5853826959422,"19231"
"P09671","Sod2",-0.388094060096938,-1.03148006406968,0.342089053287225,22.1411278311188,"20656"
"Q80W22","Thnsl2",-0.388149074673877,-1.03165221700493,0.342014637626105,15.7377277747333,"232078"
"Q3TAA7","Stk11ip",-0.389136455017926,-1.0347441625203,0.340680327198966,8.08639062966901,"71728"
"P27671","Rasgrf1",-0.389309004064987,-1.0352849244053,0.340447398323585,16.4162801119177,"19417"
"Q9CWL8","Ctnnbl1",-0.389425767135206,-1.03565092811564,0.340289818369227,20.6124952374458,"66642"
"Q3UUJ4","Strada",-0.389682073860205,-1.03645454964913,0.33994403293486,16.7773233206388,"72149"
"P51175","Ppox",-0.389926119301432,-1.03721999117462,0.339614940636699,16.2428823419276,"19044"
"Q6P4T2","Snrnp200",-0.390766385022169,-1.0398574338549,0.338482982626759,18.6260844512743,"320632"
"Q8VC57","Kctd5",-0.390880928015496,-1.04021720100582,0.338328812582491,13.7057417387663,"69259"
"Q9DB29","Iah1",-0.391315866122194,-1.04158381434867,0.337743701052256,20.5022785049223,"67732"
"Q505B7","Zbtb8os",-0.391332912264506,-1.04163739158252,0.337720778869082,15.7286687683367,"67106"
"Q9QZL6","Usp21",-0.391627620154534,-1.04256387963144,0.337324595293832,6.99987406287046,"30941"
"Q8BGQ7","Aars1",-0.39174978939696,-1.0429480603224,0.337160423282807,20.7283703842366,"234734"
"Q9WUN2","Tbk1",-0.39185524453451,-1.04327973324292,0.3370187416719,16.2471543622252,"56480"
"Q8CA95","Pde10a",-0.392378806175538,-1.04492713639171,0.336315733251138,17.3554641481949,"23984"
"Q8K1B8","Fermt3",-0.392490935433043,-1.04528011060351,0.33616526125612,14.5580867398337,"108101"
"Q6NZK8","Ptpdc1",-0.392545239743918,-1.0454510761653,0.336092398772335,16.765238507771,"218232"
"Q99LT0","Dpy30",-0.392966838092669,-1.04677882878242,0.335526971602763,15.1158684071434,"66310"
"Q9R1V7","Adam23",-0.393229644225999,-1.04760688709291,0.335174732922846,21.5025202651988,"23792"
"Q5SW75","Ssh2",-0.393335352466612,-1.04794004176953,0.33503310087796,15.614074150357,"237860"
"P21836","Ache",-0.393686591992303,-1.04904737672871,0.334562696527948,17.940805027632,"11423"
"E9Q4S1","Pde8b",-0.393691916671633,-1.04906416775564,0.334555567715912,14.9345042572965,"218461"
"Q8R4X3","Rbm12",-0.39409694863225,-1.05034177599706,0.334013508327423,16.426106704172,"75710"
"Q9CZ83","Mrpl55",-0.394458048285548,-1.05148141767639,0.333530589443698,14.8125119677184,"67212"
"Q64676","Ugt8",-0.394487653181837,-1.05157487721756,0.333491011595144,15.2670734952717,NA
"O54967","Tnk2",-0.394705590731866,-1.05226300251217,0.333199725179439,13.6400978995516,"51789"
"P59268","Zdhhc9",-0.394761399282934,-1.05243924863226,0.333125152840852,10.8874962069752,"208884"
"Q9CWR2","Smyd3",-0.395042279643772,-1.05332649205759,0.332749953901895,15.3347686878402,"69726"
"Q8R1H0","Hopx",-0.395282156230065,-1.05408449006452,0.332429683823229,11.4797303855458,"74318"
"O35671","Itgb1bp1",-0.395364640671205,-1.05434519580942,0.332319588368598,10.4975330481926,"16413"
"Q91W29","Cox4i2",-0.395399103299641,-1.05445412961143,0.332273594689435,14.5920153500856,"84682"
"Q8C052","Map1s",-0.395465555982462,-1.05466419649612,0.332184915607066,16.6100361432282,"270058"
"O35435","Dhodh",-0.395610324461544,-1.05512189932579,0.331991764735446,15.2614605460604,"56749"
"P49025","Cit",-0.395775958634966,-1.05564568591165,0.331770839080832,20.5008486097475,"12704"
"Q80U63","Mfn2",-0.395953693308561,-1.05620787389897,0.331533849963855,21.1568215954483,"170731"
"Q9JHK5","Plek",-0.396878583402671,-1.05913564514888,0.330301890803297,15.0583802539838,"56193"
"Q9WUM3","Coro1b",-0.397039238597604,-1.05964459453725,0.330088115703674,18.2469391021161,"23789"
"Q9ER47","Kcnh7",-0.397061931462476,-1.05971649396567,0.330057924764835,15.328795784103,"170738"
"Q8VDW0","Ddx39a",-0.397327895218514,-1.06055933803501,0.329704178767626,13.7948579667682,"68278"
"Q60603","Kcnh1",-0.398340067600338,-1.06376983659677,0.328359559359355,12.8403123944219,"16510"
"Q8K285","Fcho1",-0.398570752320497,-1.0645021884552,0.32805346664277,13.4619814293178,"74015"
"Q62559","Ift52",-0.398917876017632,-1.06560465040008,0.327593124654306,8.73397140549981,"245866"
"P0C7L0","Wipf3",-0.399470529210311,-1.0673609968181,0.326860842985759,16.9476230324643,"330319"
"Q8CI11","Gnl3",-0.399994218188795,-1.0690265718442,0.326167649378345,7.1436568183026,"30877"
"P50171","Hsd17b8",-0.400543880931388,-1.07077609637467,0.325440818348431,17.5816926966772,"14979"
"Q9DB32","Haghl",-0.400580977824253,-1.07089422183497,0.325391791760286,19.4974371298136,"68977"
"Q6S5J6","Krit1",-0.400904616864658,-1.07192503285381,0.324964223466641,14.6200484033302,"79264"
"Q9D842","Aplf",-0.401467881211993,-1.07372020657075,0.324220710099692,5.63546959389737,"72103"
"P15327","Bpgm",-0.401673235341701,-1.07437504957853,0.323949840324827,16.8366227873724,"12183"
"P51807","Dynlt1",-0.401741497468598,-1.07459276987877,0.323859823620131,14.211370116005,NA
"Q6ZQL4","Wdr43",-0.402193201937452,-1.07603400834863,0.323264461446388,15.5481249934315,"72515"
"Q02357","Ank1",-0.402603110092285,-1.07734269994482,0.322724634768383,17.177003914993,"11733"
"Q8CFE6","Slc38a2",-0.402851183742443,-1.07813508687432,0.322398141778206,15.0056745129078,"67760"
"Q8BJW6","Eif2a",-0.403382719157784,-1.07983385143604,0.321699105529929,15.5657249290146,"229317"
"Q9CXF4","Tbc1d15",-0.403391234369765,-1.07986107630715,0.321687912772845,16.5570674645068,"66687"
"Q3UJB9","Edc4",-0.403446820443763,-1.08003880456735,0.321614852584161,18.1729555106095,"234699"
"Q8K2T1","Nmral1",-0.403513876500999,-1.08025322541212,0.321526727109537,17.0793227952937,"67824"
"P52332","Jak1",-0.403520796090223,-1.08027535292122,0.321517633992097,17.6084503256458,"16451"
"Q6ZQA6","Igsf3",-0.403747486030986,-1.08100038602612,0.321219805042219,16.4704855079622,"78908"
"Q91ZM2","Sh2b1",-0.404165265324502,-1.08233721259475,0.320671261010093,17.1583809526044,"20399"
"Q4KUS2","Unc13a",-0.404238385933495,-1.08257126999318,0.320575299190455,21.4536871748625,"382018"
"Q80VP0","Tecpr1",-0.40445256714033,-1.08325700194586,0.320294290702037,19.6530797236468,"70381"
"Q80YR2","Fhip2b",-0.404507906246211,-1.08343421268896,0.320221704005441,15.125641673006,"239170"
"Q9CPX9","Anapc11",-0.404723058899053,-1.08412332475505,0.319939568365124,8.46474487016788,"66156"
"Q9Z1K7","Apc2",-0.405190700038608,-1.08562187466812,0.31932674285104,13.9367702353456,"23805"
"Q8CC70","Cfap300",-0.405250184990782,-1.08581256646171,0.319248829950296,12.6441682879931,"234912"
"Q3B7Z2","Osbp",-0.405479151098542,-1.08654672054985,0.318949015919327,17.4178766139011,"76303"
"Q9Z0S1","Bpnt1",-0.407084804283632,-1.09170195877367,0.316850278197252,18.7169265666296,"23827"
"Q9QUP5","Hapln1",-0.407495252412474,-1.09302171937998,0.316314837679706,18.8988297128131,"12950"
"P29268","Ccn2",-0.407513488416826,-1.09308037409885,0.316291058286638,12.3616760505712,"14219"
"Q3UFK8","Frmd8",-0.407985671763361,-1.09459966222743,0.315675635611306,12.4971531890138,"67457"
"P70426","Rit1",-0.408255255416011,-1.09546754183842,0.31532452731501,7.39088583293358,"19769"
"Q9QXS6","Dbn1",-0.40899588265271,-1.09785363947337,0.314360882156507,20.2223528874823,"56320"
"Q62433","Ndrg1",-0.409111017908007,-1.09822480740917,0.314211203134183,18.9538995589406,"17988"
"Q9CQ60","Pgls",-0.409180344241122,-1.09844832895537,0.314121093315033,18.1736893222913,"66171"
"Q80XN0","Bdh1",-0.409478571980642,-1.09941013369024,0.313733599309997,20.4935655265727,"71911"
"Q8BH51","Cox14",-0.409873446889941,-1.10068428372935,0.313220879276462,15.6633014042384,"66379"
"Q9QUR7","Pin1",-0.409936036885031,-1.10088631225723,0.313139646746162,19.4249084103117,"23988"
"O88738","Birc6",-0.410345333088055,-1.10220790314437,0.312608688036393,18.4743708988428,"12211"
"Q8BGH2","Samm50",-0.410368579609991,-1.10228298867829,0.312578544395661,18.9276545875504,"68653"
"O70481","Ubr1",-0.410754337738659,-1.10352935273742,0.312078535839521,17.5400042170384,"22222"
"Q99LS3","Psph",-0.41080788518996,-1.10370241803151,0.312009159294135,17.4624166077326,"100678"
"Q8CGA4","Mturn",-0.411371247955538,-1.10552403919289,0.31127970673208,14.8258378436742,"68235"
"P97823","Lypla1",-0.411568114953027,-1.10616096369475,0.311024991464645,18.1278307546818,"18777"
"Q8VCM5","Mul1",-0.411672023151643,-1.10649721341357,0.310890590484016,15.7640218755319,"68350"
"P55284","Cdh5",-0.411861485498119,-1.10711045241323,0.310645600000179,14.2134005372793,"12562"
"P70365","Ncoa1",-0.411883992201608,-1.10718331208658,0.310616503089029,15.6872808668959,"17977"
"Q9CYH5","Gfod2",-0.412353830045534,-1.10870484906172,0.310009388353876,15.0335752253366,"70575"
"E9PV86","Mctp1",-0.412462559270724,-1.10905711283393,0.309868971420912,14.6336578854535,"78771"
"P07758","Serpina1a",-0.412595223118859,-1.10948699797986,0.309697685539326,17.4908726885033,"20700"
"Q499X9","Mars2",-0.412927150933784,-1.1105629527769,0.309269322562869,16.3609802441565,"212679"
"Q6ZPJ0","Tex2",-0.412978428732825,-1.11072921898103,0.30920317223403,15.7341594225386,"21763"
"Q8K3W0","Babam2",-0.413005387169047,-1.11081663573533,0.309168397525851,16.9981018296027,"107976"
"Q3TGW2","Eepd1",-0.413247923723103,-1.11160325508704,0.308855624409032,16.4154098154909,"67484"
"Q9D9V7","Dennd6b",-0.413383794616946,-1.11204405011664,0.308680472503954,13.9740521384057,"69440"
"Q7TT50","Cdc42bpb",-0.413846167836517,-1.11354476198678,0.308084780262422,18.8120729328888,"217866"
"P24549","Aldh1a1",-0.4144295219466,-1.11543962207393,0.307334008558064,17.4202455796482,"11668"
"P16460","Ass1",-0.41448901688096,-1.11563296766843,0.307257488309114,19.6838030683056,"11898"
"Q9D708","S100a16",-0.414939737876348,-1.11709827427079,0.306678083231756,17.4209911209837,"67860"
"Q91VX2","Ubap2",-0.41511218864564,-1.11765917921227,0.306456534940144,19.4861302719846,"68926"
"Q9CQR4","Acot13",-0.415311857635866,-1.11830879464731,0.306200115008109,19.5916322995982,"66834"
"Q3UHH1","Zswim8",-0.415358245802204,-1.11845974472847,0.306140556869204,14.9238979103682,"268721"
"P54797","Tango2",-0.415561218433102,-1.11912035478717,0.30588002391915,15.0263573517858,"27883"
"Q9Z126","Pf4",-0.415736952712211,-1.11969247606821,0.305654539552743,10.5919795638237,"56744"
"Q9Z0R4","Itsn1",-0.415828788866736,-1.11999151856258,0.305536736419517,17.6822243570681,"16443"
"Q8VEM8","Slc25a3",-0.415993265205904,-1.12052720000699,0.305325808220563,23.1600244751197,"18674"
"O55242","Sigmar1",-0.416178038852996,-1.12112914617877,0.30508893354083,16.2569822489782,"18391"
"Q6RHR9","Magi1",-0.416468479855694,-1.12207566968151,0.304716774353958,18.2629359429169,"14924"
"Q80TJ1","Cadps",-0.416840521749632,-1.12328873111251,0.304240373308469,20.2021497260072,"27062"
"P63089","Ptn",-0.417191008078345,-1.12443213452702,0.303791901308093,18.143956761047,"19242"
"Q9CZ13","Uqcrc1",-0.41747371445595,-1.12535485963836,0.303430389841766,22.0837787510601,"22273"
"Q9CQJ6","Denr",-0.417519046639193,-1.12550285611653,0.303372440423403,16.5042612766116,"68184"
"Q9D358","Acp1",-0.417800930901677,-1.12642335527717,0.303012219011973,19.4288966682558,"11431"
"P56399","Usp5",-0.417835922648535,-1.12653764906912,0.302967517209067,20.3720544361752,"22225"
"Q8BU31","Rap2c",-0.417976191386277,-1.12699587082983,0.30278835630889,17.6946365613276,"72065"
"Q6RUT7","Uqcc4",-0.418472755896428,-1.12861880423924,0.302154519023181,10.8304974435933,"214489"
"O54988","Slk",-0.418758240812083,-1.1295524165647,0.301790402208304,18.0198576061702,"20874"
"Q99JT1","Gatb",-0.419063613919577,-1.13055151818539,0.301401152998359,15.9982623144788,"229487"
"P97412","Lyst",-0.419075565140261,-1.13059062893898,0.30138592407688,16.4164664340418,"17101"
"Q7TT18","Atf7ip",-0.419109418487805,-1.1307014189759,0.301342788235273,13.1835376014786,"54343"
"Q9QUR6","Prep",-0.419236543182914,-1.13111750423894,0.301180832815655,18.2878041360782,"19072"
"Q9Z2C9","Mtmr7",-0.419301649880873,-1.13133063285723,0.301097903838382,16.813010635869,"54384"
"P52194","Clgn",-0.419525012827761,-1.1320619787956,0.300813481122654,15.149946612785,"12745"
"Q9JL56","Gde1",-0.419728674403449,-1.13272903503462,0.300554258196173,17.0991761540375,"56209"
"Q921S7","Mrpl37",-0.419813546591454,-1.1330070796568,0.30044626359701,17.1024743499205,"56280"
"Q8C726","Btbd9",-0.420246265823013,-1.13442524612382,0.299895945694784,12.2794849914866,"224671"
"Q8C0T5","Sipa1l1",-0.420542810711461,-1.13539766613009,0.299519090387371,17.2462460060062,"217692"
"Q69ZA1","Cdk13",-0.421172434459631,-1.13746377366108,0.298719708755557,10.5527459296703,"69562"
"Q9CQ65","Mtap",-0.42118861207328,-1.1375168867439,0.298699182936403,18.0266027559954,"66902"
"Q8CIM8","Ints4",-0.42167943072062,-1.13912893231694,0.298076765843908,13.2311522638087,"101861"
"P35235","Ptpn11",-0.421958472929353,-1.1400459618248,0.29772318602357,18.1490849722747,"19247"
"Q6ZQ08","Cnot1",-0.42238969980895,-1.14146389841945,0.29717716842824,17.844532553584,"234594"
"Q6A058","Armcx2",-0.422440009703159,-1.14162938606919,0.297113497780996,12.6729457910127,"67416"
"A6H8H5","Kcnb2",-0.42273880999854,-1.14261251434163,0.296735481136584,19.9883045697892,"98741"
"P98086","C1qa",-0.42296382341154,-1.14335316462837,0.296450966813105,17.2684986457323,"12259"
"Q80TN7","Nav3",-0.423026155172776,-1.14355838033199,0.296372175818798,15.6756889655842,"260315"
"Q3UHC7","Dab2ip",-0.423303012894309,-1.14447012180315,0.296022333778004,15.8802264967008,"69601"
"O08688","Capn5",-0.42367741825538,-1.14570372631779,0.295549546631025,18.4633869310015,"12337"
"Q9D404","Oxsm",-0.424141230862926,-1.14723290570363,0.294964365693001,19.8450563570724,"71147"
"Q7TSH6","Scaf4",-0.424373033979197,-1.14799756759816,0.294672115720722,14.4924361372718,"224432"
"Q8CJH3","Plxnb1",-0.424397169786005,-1.14807720155099,0.294641694125053,17.2221286456105,"235611"
"P61922","Abat",-0.424630358989307,-1.14884674241284,0.294347852789431,21.1762283847723,"268860"
"O88703","Hcn2",-0.424727104736323,-1.14916609206957,0.294225985291654,17.1178552228174,"15166"
"Q9DBC0","Selenoo",-0.425271841298137,-1.15096511944604,0.293540254461343,16.7467402996232,"223776"
"Q924M7","Mpi",-0.42560420676971,-1.15206352750126,0.293122243559542,18.5559651284453,"110119"
"O88952","Lin7c",-0.425677092403373,-1.15230447749054,0.293030615025796,19.2356846488754,"22343"
"Q9CR95","Necap1",-0.425742057103033,-1.15251926503744,0.292948956038321,19.773392839469,"67602"
"Q9Z1Q5","Clic1",-0.426005430626882,-1.15339025876711,0.292618015214009,16.0784621682261,"114584"
"Q9D1E8","Agpat5",-0.426266123078452,-1.15425273880756,0.292290621923427,17.9397401266508,"52123"
"Q9D0Q7","Mrpl45",-0.426434246717037,-1.15480914874606,0.29207957642525,15.4474632857535,"67036"
"Q99K85","Psat1",-0.426434793502798,-1.15481095858761,0.29207889016608,19.1410026646718,"107272"
"Q60612","Adora1",-0.426908753189879,-1.15638033084706,0.291484327753032,15.5279094565258,"11539"
"Q8R4V2","Dusp15",-0.426936295387849,-1.15647156419703,0.291449795307694,15.5551809335929,"252864"
"P58252","Eef2",-0.427225731255062,-1.15743055671875,0.291087020347837,20.6620264134435,"13629"
"P16125","Ldhb",-0.42730558493746,-1.15769521379643,0.290986971451581,23.4514559532313,"16832"
"Q80UJ7","Rab3gap1",-0.427703155530599,-1.15901336572005,0.290489102821911,19.9085419384859,"226407"
"Q60695","Rgl1",-0.427863690971278,-1.15954585687456,0.290288185335623,13.8065165365677,"19731"
"P0C192","Lrrc4b",-0.427881413972902,-1.15960465176149,0.290266008324886,18.9255903927977,"272381"
"Q62095","Ddx3y",-0.428378256205385,-1.16125355992113,0.289644638687872,16.2705699879814,"26900"
"P56394","Cox17",-0.428878302395149,-1.16291440378545,0.289019915895572,15.2479794211525,"12856"
"Q8VEB1","Grk5",-0.429019814027412,-1.16338465548128,0.288843240281786,10.7145722033311,"14773"
"Q8R0G7","Spns1",-0.429651116231531,-1.16548379066475,0.288055707457454,11.6549096339272,"73658"
"Q04857","Col6a1",-0.429798933452641,-1.16597559846461,0.287871460650291,14.5352108082455,"12833"
"Q9D0J8","Ptms",-0.430282452325081,-1.16758513455718,0.287269179623793,14.518040708907,"69202"
"Q9QXE0","Hacl1",-0.430762807186144,-1.16918535952824,0.28667144851743,10.7925392818824,"56794"
"Q80U19","Daam2",-0.430903955458058,-1.16965580410502,0.286495925609272,19.0947608912062,"76441"
"Q9CQI6","Cotl1",-0.430926688438365,-1.16973158256248,0.286467661239797,19.9841898215861,"72042"
"P51910","Apod",-0.431239139822582,-1.17077338994814,0.286079322007885,14.8266902906941,"11815"
"Q8R0S2","Iqsec1",-0.431336462365635,-1.17109799838584,0.285958414366907,19.9712322926422,"232227"
"Q3UNA4","Nxt2",-0.431407286688701,-1.17133425655474,0.285870442190439,15.8932716789013,"237082"
"Q8K327","Champ1",-0.431714188651867,-1.17235833809122,0.285489386346854,14.7494702067631,"101994"
"Q8C3F2","Fam120c",-0.431728803979999,-1.17240711952204,0.285471245841134,17.3758074412762,"207375"
"Q69ZK0","Prex1",-0.431957946749586,-1.17317207543611,0.28518690803625,17.4217637607795,"277360"
"Q8R2U0","Seh1l",-0.432118870127496,-1.17370945892478,0.284987304753975,16.6412302793021,"72124"
"Q9Z1Q9","Vars1",-0.432127348522294,-1.17373777528563,0.284976790365841,18.0908074767604,"22321"
"Q9CZR8","Tsfm",-0.432158567095889,-1.17384204317909,0.284938076628119,17.7012584545509,"66399"
"Q6P9Z1","Smarcd3",-0.432281926996166,-1.17425410755602,0.28478512478951,14.3989250051197,"66993"
"Q8BFR5","Tufm",-0.432301041282984,-1.17431796308335,0.284761428900453,20.7831364054056,"233870"
"P14873","Map1b",-0.432352723918841,-1.17449063017478,0.284697363009574,20.2372742192932,"17755"
"Q9ERE8","Tlnrd1",-0.432575134494867,-1.17523384663794,0.284421742816577,8.69157222549749,"80889"
"Q0P678","Zc3h18",-0.432578903063442,-1.17524644211716,0.284417073777629,14.2025858443632,"76014"
"Q9DBR2","Fam13c",-0.432596682537604,-1.17530586649671,0.284395046540531,16.3186098177779,"71721"
"Q6PDS0","Vstm2l",-0.432935236295111,-1.17643773759194,0.283975766696133,8.22003099695712,"277432"
"Q3KNM2","Marchf5",-0.433062246500657,-1.17686252291081,0.283818549678374,16.424951639159,"69104"
"O08638","Myh11",-0.433122195663269,-1.17706305270795,0.283744357605895,18.4541390690989,"17880"
"Q99KI0","Aco2",-0.433555318108796,-1.17851241784803,0.283208614412519,22.7042080337467,"11429"
"Q9CX53","Gemin6",-0.433829397489865,-1.17943009392877,0.282869852622781,8.39801776481358,"67242"
"Q61655","Ddx19a",-0.434378852325093,-1.18127100092606,0.282191324763621,17.0770517628505,"13680"
"P26638","Sars1",-0.434409378859555,-1.18137332539702,0.282153650601382,19.5064317277761,"20226"
"Q9ET80","Jph1",-0.434672835396529,-1.18225663623672,0.281828609470831,15.3252464988456,"57339"
"Q9WU00","Nrf1",-0.434855704900161,-1.18286997678421,0.281603100991711,14.5378092361098,"18181"
"P50544","Acadvl",-0.435120877900243,-1.18375968219077,0.281276255739121,17.923200496835,"11370"
"Q03265","Atp5f1a",-0.435412198100721,-1.18473755442646,0.280917396583449,24.0809411604983,"11946"
"Q8K124","Plekho2",-0.435423232215807,-1.18477460157712,0.280903808760514,10.7165615897643,"102595"
"P07309","Ttr",-0.43564693535847,-1.18552582923766,0.280628401817493,15.0223091125184,"22139"
"Q8VDU5","Snrk",-0.435672555699791,-1.18561188336542,0.280596868381953,15.4662908184326,"20623"
"P70689","Gjb6",-0.436073947085484,-1.18696054964672,0.280103064035785,15.3184974229683,"14623"
"Q8BH59","Slc25a12",-0.436185182997676,-1.18733445460735,0.279966293614014,20.9462233585506,"78830"
"Q9Z2I2","Fkbp1b",-0.436513892914103,-1.1884397629229,0.279562318989796,16.513810636978,"14226"
"Q921C1","Gjc3",-0.436844005333998,-1.18955037896336,0.27915690890356,14.5232231616676,"118446"
"O08800","Serpinb8",-0.436867176819027,-1.18962835840927,0.279128462921103,17.9062551937139,"20725"
"A2AJB2","Tmem141",-0.43688697274496,-1.18969498033924,0.279104161999738,11.8555075375041,"51875"
"P62715","Ppp2cb",-0.437212736863108,-1.19079162576451,0.278704412384146,21.2851021598924,"19053"
"P70398","Usp9x",-0.437623293532354,-1.19217454050093,0.278201013574239,22.83008821278,"22284"
"Q3UVU3","Slc30a10",-0.437826720850277,-1.19286010451241,0.277951749474257,11.2793714504927,"226781"
"Q9QXZ0","Macf1",-0.437827590085619,-1.19286303438128,0.27795068461616,19.7216455949676,"11426"
"Q9D2V5","Aar2",-0.437847646978794,-1.1929306398539,0.277926114445213,15.5661933162635,"68295"
"Q9QZH3","Ppie",-0.437900521023393,-1.19310887217464,0.277861347601397,16.9209288467446,"56031"
"Q6ZWR6","Syne1",-0.438087793065081,-1.19374026791461,0.27763201271738,21.5173720910722,"64009"
"Q8BLN6","Unc80",-0.43824514890768,-1.19427094860113,0.277439385447426,13.4752634812604,"329178"
"Q91WU5","As3mt",-0.438413770484333,-1.19483977368961,0.277233040205397,18.265998552054,"57344"
"Q8BJZ4","Mrps35",-0.438811107346403,-1.19618076082384,0.27674711064899,15.4065646417591,"232536"
"Q80YA3","Ddhd1",-0.439023336664583,-1.1968973774615,0.276487733240328,15.9210392542232,"114874"
"Q9JI99","Sgpp1",-0.439477639769954,-1.19843221858446,0.275932906291871,13.8036618376516,"81535"
"Q9JLC6","Tef",-0.439601452819772,-1.1988507125381,0.275781792243322,5.35460939156192,"21685"
"Q9JMI0","Ecel1",-0.440003634515214,-1.2002106904231,0.275291210137497,8.12558797617645,"13599"
"Q9D1I6","Mrpl14",-0.440485239164359,-1.20184041566798,0.274704314093996,14.7011401476784,"68463"
"Q91WA6","Sharpin",-0.440512559415451,-1.20193290454316,0.27467103942756,7.63180251853637,"106025"
"Q8BLN5","Lss",-0.440670350288033,-1.20246716448321,0.274478897116703,18.8546068242962,"16987"
"Q3UMY5","Eml4",-0.440787233538537,-1.20286300556251,0.2743366108624,18.162589410879,"78798"
"Q9ERN0","Scamp2",-0.441326365033046,-1.20468983165769,0.273680777486986,15.4130413423048,"24044"
"Q6P1B1","Xpnpep1",-0.44179153783445,-1.20626735342106,0.273115534662468,18.3262547175893,"170750"
"Q6PAR5","Gapvd1",-0.441822737237307,-1.20637320192696,0.273077644152192,16.4527278630141,"66691"
"Q8BHD8","Pcmtd2",-0.441854393338607,-1.20648060540779,0.273039201651866,14.2251266933412,"245867"
"O55126","Nipsnap2",-0.441965745911997,-1.20685844924507,0.272903998675481,20.1269664755764,"14467"
"Q8BIK4","Dock9",-0.442170282590774,-1.20755266797263,0.27265573883174,16.7331085969036,"105445"
"Q7TNC8","Glra2",-0.442340349843352,-1.20813007217908,0.272449401817295,8.52824944439563,"237213"
"Q9JI91","Actn2",-0.442560567326715,-1.20887798482095,0.272182333848638,19.2421909049441,"11472"
"O08573","Lgals9",-0.442844743323379,-1.20984351826569,0.271837891715617,13.1784740961958,"16859"
"Q9WUU7","Ctsz",-0.442884842367426,-1.20997979768816,0.271789306093107,15.1657750589589,"64138"
"P01942","Hba",-0.443346006992183,-1.21154774785842,0.271230849061984,25.1782623772222,"15121"
"Q91VZ6","Smap1",-0.443447190274241,-1.2118919290144,0.271108395026758,19.20077266323,"98366"
"P13634","Ca1",-0.443467715179976,-1.2119617527787,0.271083558711696,18.6418799116204,NA
"Q3UW53","Niban1",-0.443660467072999,-1.21261759210354,0.270850372771798,12.2093474824102,"63913"
"Q3UUG6","Tbc1d24",-0.443763804007805,-1.21296928282673,0.270725399473276,18.3730957684139,"224617"
"Q9D3E6","Stag1",-0.44384746549951,-1.21325405546213,0.270624242107842,15.4731279487741,"20842"
"P56392","Cox7a1",-0.443859993136617,-1.21329670127995,0.270609096214537,14.1975180195477,"12865"
"Q62383","Supt6h",-0.443931843241542,-1.21354130613642,0.270522237655251,16.7479970714976,NA
"P62965","Crabp1",-0.444016900322116,-1.2138309102034,0.2704194312122,12.9661725428266,"12903"
"O88745","Scrg1",-0.444172199603956,-1.21435978178961,0.270231774613706,16.4314222852108,"20284"
"Q8C9B9","Dido1",-0.445238536914097,-1.21799488092822,0.268945003366215,13.7719616449571,"23856"
"Q9DCC7","Isoc2b",-0.445992903858539,-1.22057038776907,0.26803653160139,12.3424410080547,"67441"
"Q8VDP2","Steep1",-0.445998685624295,-1.22059013999211,0.26802957460229,12.001214997209,"77644"
"Q3UMR5","Mcu",-0.446633328258448,-1.22275942786695,0.26726647571606,18.7832920281281,"215999"
"P35276","Rab3d",-0.446647091459064,-1.222806497723,0.267249938706674,17.6746293452256,"19340"
"Q8BFR6","Zfand1",-0.446659869859621,-1.22285020055439,0.267234585426783,12.5416752450877,"66361"
"Q60875","Arhgef2",-0.447087079540567,-1.22431181954756,0.266721544005014,17.847148622846,"16800"
"Q9DBG3","Ap2b1",-0.447788986048206,-1.22671553754832,0.26587967900009,21.3964043860824,"71770"
"O89013","Leprot",-0.448291259028814,-1.2284373400023,0.265278065896262,12.8610730001503,"230514"
"Q8BP40","Acp6",-0.448296848228254,-1.22845650808231,0.265271375070755,17.9911206051844,"66659"
"Q8BXA5","Clptm1l",-0.448410703267278,-1.22884701157708,0.265135097576476,16.9085488942844,"218335"
"O35304","Slc18a3",-0.448635722863986,-1.22961901092072,0.264865865374255,11.4016807852335,"20508"
"Q9D7N6","Mrpl30",-0.448910419975114,-1.23056184124633,0.264537379315681,9.57101717422937,"107734"
"Q8BH55","Thnsl1",-0.449026113892117,-1.23095906290993,0.264399091866749,19.476653212423,"208967"
"Q68FF6","Git1",-0.449574020591126,-1.23284129111979,0.263744674914966,18.9688917462242,"216963"
"Q04692","Smarcad1",-0.449582439807943,-1.23287022731518,0.263734625344794,9.40300383568272,"13990"
"Q8BW22","Ss18l1",-0.449603725934417,-1.23294338791825,0.263709218081242,12.7616305802149,"269397"
"O88693","Ugcg",-0.450437589357061,-1.23581145831174,0.26271487261346,13.8627761200886,"22234"
"Q62351","Tfrc",-0.450800411138975,-1.23706064832091,0.262282808086208,16.8219035428134,"22042"
"P05202","Got2",-0.450928089109473,-1.23750042465206,0.262130847752859,23.2258893931084,"14719"
"G5E829","Atp2b1",-0.451036639489903,-1.23787439255859,0.262001687323625,21.443747875774,"67972"
"Q9CRA7","Dmac2l",-0.451409091013058,-1.23915805318691,0.261558761235102,16.5759664365835,"68055"
"Q9CXY1","Tmem175",-0.451586446462157,-1.23976959760954,0.261347978347729,13.660430281016,"72392"
"Q61624","Znf148",-0.451937781898858,-1.24098159266074,0.260930674654619,17.9276501976961,NA
"Q0P5W1","Vps8",-0.45234413130717,-1.24238427351289,0.260448442555407,16.5630854742986,"209018"
"Q6PD31","Trak1",-0.452501539189371,-1.24292789236513,0.260261759654431,9.03586858383696,"67095"
"D3Z7P3","Gls",-0.452849621608399,-1.24413053761618,0.259849177653561,20.5874547094266,"14660"
"P07759","Serpina3k",-0.452923953670321,-1.24438745195305,0.25976111426224,19.2931040017506,"20714"
"Q9CWR0","Arhgef25",-0.453162201992998,-1.24521113109129,0.259478954976589,11.7668289103642,"52666"
"Q9Z277","Baz1b",-0.453276605494613,-1.2456067695681,0.259343520525026,18.5988502566214,"22385"
"Q9EPA7","Nmnat1",-0.453478333270376,-1.2463045879476,0.259104794990794,10.1379161044326,"66454"
"Q7TPR4","Actn1",-0.453519375809389,-1.24644659214759,0.259056238529069,20.7370320446437,"109711"
"Q9ET54","Palld",-0.453969687262207,-1.2480052931403,0.258523784596255,15.7296129011987,"72333"
"P59808","Sash1",-0.454546599420525,-1.25000396830786,0.257842437379662,13.7773972230315,"70097"
"Q8VEH6","Zng1",-0.455192606429975,-1.25224437167643,0.257080555888261,18.3296277036196,"226043"
"A2AGT5","Ckap5",-0.455288941066976,-1.25257868133081,0.256967038436193,18.0416338247739,"75786"
"Q7TPS5","C2cd5",-0.456188773557816,-1.25570404974182,0.255907920032111,17.5256804279055,"74741"
"Q9JJF3","Riox1",-0.456433862565896,-1.256556153917,0.255619826082391,12.507737242347,"71952"
"Q01339","Apoh",-0.456671802675966,-1.25738374906344,0.255340291160834,14.9432092154919,"11818"
"Q80TA9","Epg5",-0.456848225819833,-1.25799759809496,0.255133126196053,15.9521014774928,"100502841"
"Q9CQQ8","Lsm7",-0.457033788580048,-1.25864345006578,0.254915320091148,15.8468618689242,"66094"
"Q91W39","Ncoa5",-0.457196573423948,-1.25921019445113,0.254724326673987,15.85916204955,"228869"
"Q9CQ92","Fis1",-0.457370223613774,-1.25981494351708,0.254520664309599,18.8323798276859,"66437"
"B2RXR6","Ankrd44",-0.457938010860584,-1.26179357567573,0.253855316771728,12.8201625115478,"329154"
"Q9CQM0","Nicn1",-0.45798008605404,-1.26194027753231,0.253806046807992,12.2229468725636,"66257"
"Q9JMF7","Dolpp1",-0.458115730692726,-1.26241329722844,0.253647239937927,11.2430487640707,"57170"
"Q8BH47","Sec22a",-0.458210289934856,-1.2627431100379,0.253536563618452,12.8870046617862,"317717"
"Q60675","Lama2",-0.458890274136166,-1.26511642411734,0.252741395151321,13.2447429895749,"16773"
"O08738","Casp6",-0.45891417104172,-1.2651998814285,0.252713473132781,13.561617701991,"12368"
"P97290","Serping1",-0.459758648114259,-1.26815136105484,0.251727751724339,15.4305349145707,"12258"
"Q8CBY1","Samd4a",-0.459776414571775,-1.26821350229181,0.251707034532971,10.2894107164295,NA
"P70444","Bid",-0.460303289965396,-1.27005721801736,0.251093043523402,16.3723250306731,"12122"
"Q8BL65","Ablim2",-0.460406779734432,-1.27041956376749,0.250972531090825,17.703720704032,"231148"
"Q5S006","Lrrk2",-0.460410294456999,-1.27043187091839,0.250968438755731,11.7222556955516,"66725"
"Q9QXB9","Drg2",-0.461393269508269,-1.27387683663421,0.249825240490955,19.5074066177446,"13495"
"Q922H2","Pdk3",-0.461408901483064,-1.27393166901741,0.24980708178413,17.3877439296745,"236900"
"Q3UN04","Usp30",-0.462066264604183,-1.27623887211229,0.249044065984577,14.2029815470293,"100756"
"Q80UP3","Dgkz",-0.462549110628835,-1.2779352610734,0.24848436624711,16.7447405830293,"104418"
"P20108","Prdx3",-0.462613773180978,-1.27816255058248,0.24840945973949,20.735805763736,"11757"
"Q8BRT1","Clasp2",-0.462746263193228,-1.27862833535722,0.24825601604331,18.2516232455538,"76499"
"P97820","Map4k4",-0.463343780209177,-1.28073033489003,0.247564594889483,19.3793729213472,"26921"
"A2ALK8","Ptpn3",-0.463546977649803,-1.28144566775676,0.247329685477236,16.3293185901298,"545622"
"Q6A0D4","Rftn1",-0.463553238276544,-1.28146771165003,0.247322449576498,13.9900445240249,"76438"
"Q7TSQ8","Pdpr",-0.463591542773785,-1.2816025884942,0.247278180373844,18.1077296814548,"319518"
"Q8CE90","Map2k7",-0.463632719000297,-1.28174758740776,0.247230596728295,18.5753549005414,"26400"
"P36916","Gnl1",-0.463786696090323,-1.28228989964389,0.247052700329509,18.4933780678182,"14670"
"Q9Z223","Mocs2",-0.464122419399585,-1.2834728413216,0.24666504909581,10.7695501729582,"17434"
"P62340","Tbpl1",-0.46492078482319,-1.28628876476719,0.245744433261848,14.4488703633684,"237336"
"Q8K3J1","Ndufs8",-0.465141998845251,-1.28706971874569,0.24548965382095,20.5191412760809,"225887"
"Q9DCS9","Ndufb10",-0.465229733900123,-1.28737953584507,0.245388643531181,20.6686480158699,"68342"
"P97328","Khk",-0.465280176942944,-1.28755768630606,0.245330577454515,11.317290858913,"16548"
"Q6PGA0","Rcor3",-0.46620394503116,-1.29082300758993,0.244268438683036,8.81020836603783,"214742"
"Q9CZU3","Mtrex",-0.466230912991549,-1.29091841444421,0.24423746627962,18.2381146824302,"72198"
"A2AJL3","Fggy",-0.466504830098293,-1.29188773502662,0.243922988303005,12.2974910212171,"75578"
"A2ADY9","Ddi2",-0.467687889391798,-1.29607973604872,0.242567104792552,18.3539117425387,"68817"
"Q6URW6","Myh14",-0.469264351473174,-1.30167956892824,0.24076631077593,18.9869397505075,"71960"
"P48410","Abcd1",-0.469885422818402,-1.30389008401535,0.240058732733156,4.61148444964608,"11666"
"Q9DCZ1","Gmpr",-0.470419501388426,-1.30579296173555,0.239451111411339,18.3037593170342,"66355"
"P01878","P01878",-0.470799038252549,-1.30714633990597,0.239019788533352,7.14842161244796,NA
"P62141","Ppp1cb",-0.471020167723929,-1.30793528806567,0.238768669504721,25.3535775738782,"19046"
"P63260","Actg1",-0.471822556413379,-1.310800722899,0.23785858991782,22.2559385292055,"11465"
"Q6PAV2","Herc4",-0.47189497702811,-1.31105955224306,0.237776536645195,17.4683070002112,"67345"
"P59281","Arhgap39",-0.472011997739119,-1.31147785329972,0.237643981516644,17.4746778799858,"223666"
"P08752","Gnai2",-0.472290057080131,-1.31247215929273,0.237329161126995,21.4766666212303,"14678"
"Q8BR70","Yipf6",-0.472380291033051,-1.31279493315632,0.237227043451563,12.9646549937695,"77929"
"Q6W8Q3","Pcp4l1",-0.47240823734304,-1.31289491005474,0.237195421185051,16.6945830845647,"66425"
"Q8BZF8","Pgm5",-0.473714968213749,-1.31757539588621,0.235719208725653,9.9001580144372,"226041"
"Q3UFS0","Zyg11b",-0.473988899114957,-1.31855798944538,0.235410345669922,18.3120499166551,"414872"
"P10493","Nid1",-0.474630693778953,-1.32086204976776,0.234687518234348,17.1640549439531,"18073"
"Q8BFY9","Tnpo1",-0.474677478350772,-1.3210301138889,0.234634871072284,18.0380757377021,"238799"
"Q8CHG7","Rapgef2",-0.474842898302343,-1.32162446756898,0.234448770698874,18.802368297218,"76089"
"Q99K23","Ufsp2",-0.475272424908698,-1.32316860101126,0.233965898130708,15.7873168399615,"192169"
"Q5SS80","Dhrs13",-0.475322036613909,-1.323347032071,0.233910157587917,13.6315505441909,"70451"
"Q8BGI5","Pex26",-0.475453442564984,-1.32381971917375,0.233762551075975,6.26824888787571,"74043"
"Q8CGK7","Gnal",-0.475556880729877,-1.32419188244172,0.233646393916793,17.2314888143307,"14680"
"Q400C8","Amz2",-0.475700473937313,-1.32470863840416,0.23348519311181,14.2092056994532,"13929"
"Q8R0F8","Fahd1",-0.475749199359435,-1.32488402008565,0.233430505844333,17.8303815751772,"68636"
"B1AXP6","Tomm5",-0.476444819612759,-1.32738954808516,0.232650487121479,17.5280917141918,"68512"
"Q9ESM3","Hapln2",-0.476721449219246,-1.32838682524662,0.232340665901275,15.2813215643433,"73940"
"Q99N89","Mrpl43",-0.478679045889385,-1.33545879283722,0.230154230377129,14.1306204800386,"94067"
"A2RSJ4","Bltp3b",-0.478724979191951,-1.3356250396122,0.230103054844857,15.4619715793242,"75089"
"Q8BZ36","Rint1",-0.479104076896265,-1.33699765462444,0.229680914848876,12.5366168559598,"72772"
"Q9JJZ6","Klf13",-0.479407659416736,-1.33809754873228,0.229343150815698,6.78909352472184,"50794"
"Q8BX70","Vps13c",-0.479847343254649,-1.33969165057725,0.228854413804158,20.4909763612855,"320528"
"Q8BTE5","Cebpzos",-0.481040722255402,-1.34402494074638,0.227530595834398,13.3569710683373,"68554"
"Q9CXR1","Dhrs7",-0.481223151332818,-1.34468821579898,0.227328574746165,16.3772953630105,"66375"
"Q922Y1","Ubxn1",-0.482664374052082,-1.34993621969481,0.225735817628207,16.1352280158812,"225896"
"E9Q401","Ryr2",-0.483153827828164,-1.35172174173039,0.22519621283848,23.1919402876639,"20191"
"Q3UYV9","Ncbp1",-0.483178981015472,-1.35181354491067,0.225168500349811,19.8057925472554,"433702"
"P84091","Ap2m1",-0.483249212739755,-1.35206989720148,0.22509113195102,21.458175268307,"11773"
"Q91W98","Slc15a4",-0.483638938407898,-1.35349305112554,0.224662052884196,13.9113121952152,"100561"
"P13020","Gsn",-0.48390693961233,-1.35447231574614,0.224367234581733,21.4358883639766,"227753"
"Q8BZ09","Slc25a21",-0.484055734028297,-1.35501621879043,0.224203637481619,6.56307151378211,"217593"
"Q4PJX1","Odr4",-0.484352498780979,-1.35610147106131,0.223877533130334,16.4055206489901,"226499"
"P39749","Fen1",-0.484370951275175,-1.35616897099736,0.223857264418988,14.1028262735785,"14156"
"Q99ML4","Dipk1b",-0.484773016117816,-1.35764032722269,0.22341586076045,13.8599511906971,"56279"
"Q8K4Q7","Cerk",-0.485464513746704,-1.36017349544914,0.222657757351668,8.46120958870991,"223753"
"Q8BP47","Nars1",-0.485508707663511,-1.36033550476399,0.222609351862741,18.937591631371,"70223"
"Q64704","Stx3",-0.485566727590978,-1.36054821920397,0.222545811030379,8.4494782266428,"20908"
"Q9Z1S8","Gab2",-0.48606613786872,-1.36238014602349,0.221999266642475,12.1024855930164,"14389"
"Q80YE7","Dapk1",-0.486750053598765,-1.36489170832406,0.221251929941443,14.7911242013533,"69635"
"Q7TMY8","Huwe1",-0.486952160363964,-1.3656345395786,0.22103133077075,18.3316668834001,"59026"
"P06909","Cfh",-0.487194823649675,-1.36652681379901,0.220766614585418,18.9439888742863,"12628"
"P98154","Dgcr2",-0.487535578810067,-1.36778047313057,0.220395169078291,6.33089763539186,"13356"
"O35654","Pold2",-0.487627705899702,-1.36811955513579,0.220294800076645,8.90433460082585,"18972"
"O54785","Limk2",-0.487986484445815,-1.3694406434134,0.219904149832342,7.03461784724779,"16886"
"Q6NVE9","Pptc7",-0.488243050042747,-1.37038592351801,0.219625012614622,16.8266337505631,"320717"
"O09131","Gsto1",-0.48830265914323,-1.3706056116875,0.219560185622402,22.5014547755399,"14873"
"Q3U1F9","Pag1",-0.488838242594406,-1.37258062492702,0.218978164384288,14.8207207359187,"94212"
"Q69ZR2","Hectd1",-0.488890587152533,-1.37277375960617,0.21892132421732,18.8334063846137,"207304"
"Q9CV28","Mindy3",-0.489268855949536,-1.37417003001894,0.218510795100937,9.36895629138436,"66960"
"Q0GNC1","Inf2",-0.489337417412956,-1.37442321402248,0.218436429183512,17.5042744877022,"70435"
"Q9D6J5","Ndufb8",-0.490228247721946,-1.37771592572298,0.217471373674028,19.6735649606111,"67264"
"Q60931","Vdac3",-0.490796056413655,-1.37981764009659,0.216857410957394,22.032031369786,"22335"
"Q8BWS5","Gprin3",-0.491201783526062,-1.38132083618393,0.2164192563712,16.9800694748841,"243385"
"Q9JKM7","Rab37",-0.491252915058317,-1.38151035965709,0.216364070828891,12.1067114643211,"58222"
"P20444","Prkca",-0.491310830645867,-1.38172505155954,0.216301572178025,18.8271235545533,"18750"
"Q9ESW8","Pgpep1",-0.493268224755006,-1.38899532585831,0.214194798698712,10.623847154358,"66522"
"Q04207","Rela",-0.493764665100041,-1.39084365667059,0.213662176763649,19.3796771581853,"19697"
"Q6P5D8","Smchd1",-0.49405527953206,-1.39192649721765,0.213350702004177,16.8896862723843,"74355"
"Q8BPS4","Gpr180",-0.494095180568153,-1.3920752181795,0.213307955336764,8.20850876004233,"58245"
"Q8R3W5","Tsen15",-0.4944957974094,-1.39356906094469,0.212879014795871,15.585750819851,"66637"
"Q9Z110","Aldh18a1",-0.495147558864583,-1.39600189921069,0.212182134608716,19.3301039709763,"56454"
"Q8JZN7","Rhot2",-0.495222964106261,-1.39628356662845,0.21210158621671,16.2971916141999,"214952"
"Q8R3F5","Mcat",-0.495735934513014,-1.39820081783875,0.211554050826035,15.477377297146,"223722"
"Q8VDQ1","Ptgr2",-0.496075961272252,-1.39947275293279,0.211191519041568,17.9592795974453,"77219"
"Q3UU96","Cdc42bpa",-0.496243687777032,-1.40010048042922,0.211012810819328,16.5532990955997,"226751"
"P70318","Tial1",-0.496273023074065,-1.40021029107584,0.210981562932673,17.6449015876938,"21843"
"Q8BKU8","Tmem87b",-0.496312928513146,-1.40035967908951,0.210939059632285,13.0043373925498,"72477"
"Q9CRC6","Borcs7",-0.49634672320636,-1.40048620042974,0.210903068383661,16.4663610233561,"66439"
"Q62167","Ddx3x",-0.496764851877642,-1.40205229942749,0.210458027671965,18.3954101491573,"13205"
"Q9WUZ9","Entpd5",-0.497773702235293,-1.40583628578128,0.209386264892389,15.2319033407892,"12499"
"Q9QYF9","Ndrg3",-0.497935454300815,-1.40644368849439,0.209214691703352,19.0560143547233,"29812"
"Q8VE11","Mtmr6",-0.497966301253572,-1.40655954547816,0.209181980154482,16.5520638180868,"219135"
"Q07916","Pou6f1",-0.498419375218156,-1.40826204858528,0.208701827299116,8.96487129466715,"19009"
"Q8BG89","Znf365",-0.498897692569641,-1.41006107412186,0.208195548156612,14.4039955270595,NA
"Q920I9","Wdr7",-0.499056069271855,-1.41065713123383,0.20802805465236,19.8393780686708,"104082"
"Q91YE8","Synpo2",-0.499537641973072,-1.4124707065938,0.207519193821612,12.8057286152851,"118449"
"Q9ERG0","Lima1",-0.499643426763916,-1.41286931967729,0.207407502117664,15.5687022846562,"65970"
"Q9D270","Zdhhc21",-0.499766341875235,-1.41333258821179,0.207277763075266,14.3011221271142,"68268"
"Q99PV8","Bcl11b",-0.500220035702447,-1.41504355163057,0.206799249182996,14.8965724647363,"58208"
"Q9D2E2","Toe1",-0.500500778515289,-1.41610306301124,0.206503437856982,11.6917611431737,"68276"
"Q9R1S0","B9d1",-0.501098208211976,-1.4183597221385,0.205874679962646,8.63428280484562,"27078"
"P39429","Traf2",-0.501578818311766,-1.42017708598208,0.205369596599151,15.288738660286,"22030"
"O88507","Cntfr",-0.501872566292169,-1.42128872011479,0.205061210801097,18.3506312463486,"12804"
"Q14C51","Ptcd3",-0.502096981110219,-1.42213841878428,0.20482577684377,17.2151624642104,"69956"
"Q9CQ19","Myl9",-0.502521855434152,-1.42374816691211,0.204380428976061,16.607200068286,"98932"
"Q8BRU6","Slc18a2",-0.503558933768017,-1.42768321264856,0.203295512553595,14.5578299442786,"214084"
"Q8BG02","Ppp2r2c",-0.503673580341207,-1.42811872939858,0.203175763669778,17.710372527855,"269643"
"Q3USB7","Plcl1",-0.504065980322786,-1.42961013497821,0.202766180528388,17.399517611173,"227120"
"Q9JLN9","Mtor",-0.504127548452547,-1.42984424634953,0.202701955741601,21.8430541187616,"56717"
"Q8BVG4","Dpp9",-0.504163422042323,-1.42998066831069,0.202664539139785,15.9705965222403,"224897"
"Q91YK0","Lrrc49",-0.504441647577877,-1.43103905604801,0.202374469665708,12.832898583076,"102747"
"O88487","Dync1i2",-0.504541165432867,-1.43141777346672,0.202270768393868,21.0781512654333,"13427"
"Q9Z1K6","Arih2",-0.504744704735216,-1.43219258521544,0.202058759941507,14.0472852571962,"23807"
"Q99M01","Fars2",-0.50484895978491,-1.43258957634534,0.201950212163883,14.6765226666778,"69955"
"Q80WT0","Jph4",-0.505468450470322,-1.43495026187424,0.201305846337433,18.5707202569359,"319984"
"Q8VDD5","Myh9",-0.506580286885555,-1.43919460492406,0.2001520818247,20.1224051536137,"17886"
"Q9DBJ1","Pgam1",-0.50668365910975,-1.43958970964301,0.200044988723649,23.5921926449431,"18648"
"Q64689","St8sia3",-0.507361950636984,-1.44218431988731,0.199343030998284,14.7314162684532,"20451"
"Q9D0F6","Rfc5",-0.507502043033801,-1.44272065262266,0.199198212616654,9.22989097926881,"72151"
"Q80YV2","Zc3hc1",-0.507652934200695,-1.44329849998195,0.199042293209896,13.7830165539423,"232679"
"Q9Z2I9","Sucla2",-0.507699883093762,-1.44347833025491,0.198993792934834,21.0124982469704,"20916"
"Q8K337","Inpp5b",-0.507985970384569,-1.44457451677021,0.198698386804854,15.4110920030669,"16330"
"O70435","Psma3",-0.508361125521642,-1.44601295675851,0.198311362205277,19.5020041274253,"19167"
"Q6P8I6","Cox11",-0.508699517764604,-1.44731139078519,0.197962604980334,8.34380150627314,"69802"
"Q8BJ05","Zc3h14",-0.508985151540724,-1.4484080912364,0.19766847424721,12.8115709634282,"75553"
"Q61595","Ktn1",-0.509485432410795,-1.45033049300652,0.197153867218352,17.832134466596,"16709"
"Q9Z2D0","Mtmr9",-0.509671780351382,-1.45104706943884,0.196962363968842,18.3848499268923,"210376"
"B9EJ80","Pdzd8",-0.509874244829306,-1.45182593259575,0.196754409692014,21.7427948129498,"107368"
"Q80YA7","Dpp8",-0.51009088277662,-1.45265968090746,0.196532026103009,17.19479508811,"74388"
"Q9DBR7","Ppp1r12a",-0.510342311453823,-1.4536277926635,0.196274095610824,17.5773593837074,"17931"
"Q923D2","Blvrb",-0.510465734204388,-1.45410320931348,0.196147546691409,17.9299411030624,"233016"
"Q9CQ48","Nudcd2",-0.511839360077879,-1.45940255164559,0.194742039704654,16.2330974147193,"52653"
"P20918","Plg",-0.511891630020771,-1.45960450387717,0.194688662156126,15.8892371574349,"18815"
"Q505D1","Ankrd28",-0.512109312423786,-1.46044578658861,0.194466450287203,18.193894130814,"105522"
"Q9WVS8","Mapk7",-0.512122862121886,-1.46049816505714,0.194452623090064,6.13418056243571,"23939"
"Q9ESB3","Hrg",-0.51225368761448,-1.46100396742198,0.194319145040279,12.694578699929,"94175"
"F7BWT7","Tspan15",-0.513457360417555,-1.46566413478248,0.193093343523934,10.3940677095195,"70423"
"P97393","Arhgap5",-0.513837180841142,-1.46713709124202,0.192707392976783,18.2933274768175,"11855"
"Q9JIL5","Tulp4",-0.513864026181279,-1.46724124270684,0.192680129846339,8.07241176382447,"68842"
"Q9D7I5","Lhpp",-0.514244683963748,-1.46871870575131,0.192293767937126,16.3698319916134,"76429"
"P28665","Mug1",-0.514610056483036,-1.47013795135977,0.191923306978674,18.3666509547002,"17836"
"E9Q7G0","Numa1",-0.51478660330522,-1.4708241164798,0.191744437170663,16.4162943569726,"101706"
"Q6GV12","Kdsr",-0.515081717324663,-1.47197167227404,0.191445637571886,15.7212781934948,"70750"
"P61080","Ube2d1",-0.515083573113744,-1.47197889079403,0.191443759388524,19.7309920396723,"216080"
"Q5U458","Dnajc11",-0.515438874734465,-1.4733614378844,0.191084350345324,20.7944108104508,"230935"
"Q61553","Fscn1",-0.515791349017407,-1.47473400572179,0.190728155418856,20.9790511272591,"14086"
"P55065","Pltp",-0.515925650775422,-1.47525725768246,0.190592528805049,15.0144351591058,"18830"
"P97470","Ppp4c",-0.51660989185227,-1.47792542754489,0.189902333093562,20.0165016834867,"56420"
"O08807","Prdx4",-0.516864490579465,-1.47891920994758,0.189645858164689,15.3568540319677,"53381"
"P63002","Tle5",-0.51697436013002,-1.47934823222605,0.189535235836663,15.951067271445,"14797"
"A2AAE1","Bltp1",-0.51701947695188,-1.47952443479048,0.189489819827227,16.7427603281722,"229227"
"Q6P1H6","Ankle2",-0.517100420195555,-1.47984059869065,0.189408354311788,16.5743561754283,"71782"
"D3Z649","Kcnt2",-0.517554826328705,-1.48161651354176,0.188951361815093,14.4235450932619,"240776"
"Q8CI75","Dis3l2",-0.518103960901072,-1.48376493231806,0.188399884779504,19.7765667916417,"208718"
"Q99MP8","Brap",-0.518333130671673,-1.48466227104376,0.188169990935792,16.5037177280139,"72399"
"P61793","Lpar1",-0.518769358893895,-1.48637157833086,0.187732797062775,14.2270771702778,"14745"
"Q8BHL7","Cdc42se1",-0.519375586635943,-1.48874964658173,0.187126125932503,11.4391236329473,"57912"
"Q3U0D9","Hace1",-0.519649683053627,-1.48982586289114,0.186852172210723,18.1034070480096,"209462"
"Q91VE0","Slc27a4",-0.520062558624253,-1.49144817361023,0.186439915055544,18.0183916979985,"26569"
"P10833","Rras",-0.520622163642404,-1.49364931606096,0.185881922522052,15.3386668586214,"20130"
"Q91VH2","Snx9",-0.520770803165553,-1.49423441619522,0.185733861109312,14.0133088265593,"66616"
"P22599","Serpina1b",-0.520876374874058,-1.4946500987244,0.185628738202171,15.8453610052027,"20701"
"Q8VD65","Pik3r4",-0.520936939840069,-1.49488861227547,0.185568445028616,16.1712684463168,"75669"
"P60603","Romo1",-0.521234671201478,-1.49606157198102,0.185272201618187,17.1146463786596,"67067"
"P11881","Itpr1",-0.521314089873738,-1.49637458104713,0.185193222489797,18.6464798066909,"16438"
"Q8BL95","Cfap298",-0.521389000966391,-1.49666987353348,0.185118742452454,7.35815767893936,"68001"
"Q8R4I7","Neto1",-0.522357589194207,-1.50049224390703,0.184157166862749,15.9878601714775,"246317"
"Q07456","Ambp",-0.522681004016005,-1.50177032267758,0.183836688694228,12.1508978139122,"11699"
"P0DW87","Zftraf1",-0.522729661934718,-1.50196268742131,0.18378849838625,16.3975411500332,"54151"
"Q8BGY3","Luzp2",-0.522757101437169,-1.50207117595445,0.183761325556686,13.3069442049204,"233271"
"Q9D6K5","Synj2bp",-0.522776325551965,-1.50214718684533,0.183742289550894,17.0498570192633,"24071"
"Q80SZ7","Gng5",-0.522898078832575,-1.50262866459161,0.1836217520863,16.392703522667,"14707"
"Q9WTI7","Myo1c",-0.523137958959866,-1.50357764967568,0.183384390972927,16.6295553313031,"17913"
"Q8BHK1","Nipa1",-0.523258282006644,-1.50405384257806,0.183265393209236,15.1963902626508,"233280"
"Q9CZW5","Tomm70",-0.523406309628305,-1.50463984960663,0.183119052623778,19.9351374642274,NA
"Q99MB3","Tm2d1",-0.523447299768108,-1.50480215323099,0.183078540680033,17.0980305113623,"94043"
"Q60597","Ogdh",-0.523979412431896,-1.50691040156105,0.182553070330859,20.7946203306795,"18293"
"Q8K284","Gtf3c1",-0.524424935088376,-1.50867744781335,0.18211372995004,18.1671485969212,"233863"
"A2AG06","Meioc",-0.524754641758493,-1.50998624126453,0.181788962849778,16.2037744153726,"268491"
"Q8VEE0","Rpe",-0.525240024093743,-1.51191470707989,0.18131141653519,13.4595360621592,"66646"
"P58871","Tnks1bp1",-0.525367014090676,-1.5124195853915,0.181186587574924,17.9521242774053,"228140"
"Q9CX60","Lbh",-0.525412999006123,-1.5126024435555,0.181141396547518,12.1066850342512,"77889"
"G3X9K3","Arfgef1",-0.525710861718452,-1.51378733271249,0.180848822260484,18.1955565686532,"211673"
"Q9DBX2","Pdcl",-0.526686031064798,-1.51767191783941,0.179892737785647,16.7593638122907,"67466"
"P0C7M9","Clec2l",-0.526709178781635,-1.5177642272965,0.179870076064775,16.6000855768856,"665180"
"Q6P6M7","Sepsecs",-0.527117264316935,-1.5193923761712,0.179470809629315,15.8997121312355,"211006"
"Q8K190","Saysd1",-0.527629193388749,-1.52143689087391,0.178970616129667,7.79592073930914,"67509"
"P70445","Eif4ebp2",-0.527811776857758,-1.52216663829846,0.178792399286458,9.6716811191133,"13688"
"O89103","Cd93",-0.52898250419503,-1.52685275088547,0.177651933416394,12.226632352485,"17064"
"Q9EQX4","Aif1l",-0.529079501751957,-1.52724154842434,0.177557618737815,12.5736319927468,"108897"
"Q9JI78","Ngly1",-0.529323442577716,-1.52821970960323,0.177320543951634,18.2701020672054,"59007"
"Q9QYY0","Gab1",-0.529451160668531,-1.52873204736263,0.177196488477669,13.184332370503,"14388"
"Q9R0C8","Vav3",-0.53091479568567,-1.53461371830141,0.175778155357102,13.583689536678,"57257"
"Q9Z2D3","Gsdme",-0.530932258446876,-1.53468400818404,0.17576127006866,16.6236053059505,"54722"
"Q8BQZ4","Ralgapb",-0.531336728656806,-1.53631281570548,0.175370419221868,24.5275112612484,"228850"
"Q5DQR4","Stxbp5l",-0.53268145817958,-1.54173860389202,0.174074333612826,18.1535458229526,"207227"
"Q921I1","Tf",-0.533523410715745,-1.54514405164019,0.17326547161401,19.4127608704565,NA
"Q9CQ00","Dmac1",-0.533669063271793,-1.54573382359996,0.173125749373234,15.2809883723543,"66928"
"Q9JJ59","Abcb9",-0.534400269624675,-1.54869751193159,0.17242523220979,15.9468949015824,"56325"
"Q8C7M3","Trim9",-0.534539609146817,-1.54926282727669,0.172291914508113,20.4966433412415,"94090"
"Q8R3I2","Mboat2",-0.534973861494918,-1.55102577071953,0.171876785837409,15.5175105687711,"67216"
"Q9CXJ4","Abcb8",-0.535825989216334,-1.55449018085008,0.171063754037465,15.5999920197775,"74610"
"P46938","Yap1",-0.536445620301262,-1.55701353504396,0.170473858123152,8.87659425390743,"22601"
"Q71FD5","Znrf2",-0.536782930185279,-1.55838866406471,0.17015319769704,17.4994979539852,"387524"
"Q8C436","Vcpkmt",-0.53681377562033,-1.55851446563244,0.170123891049929,11.8347554102288,"207965"
"P42859","Htt",-0.538965179288713,-1.56731060554044,0.168086543808008,19.369533126063,"15194"
"Q9Z329","Itpr2",-0.5400933272532,-1.57194034979012,0.167023509467669,13.7478695749981,"16439"
"Q9CZC8","Scrn1",-0.540266574630237,-1.57265238791299,0.166860584862206,21.0917119881397,"69938"
"Q9CYW4","Hdhd3",-0.540275036742651,-1.57268717400683,0.166852629162213,17.6452984843035,"72748"
"P01844","Iglc2",-0.540338029100827,-1.57294614448527,0.166793413019105,6.82600955900404,"110786"
"Q9CR23","Tmem9",-0.540691384508398,-1.57439953124741,0.166461451349586,12.0000819894309,"66241"
"Q9DCL9","Paics",-0.540746604515587,-1.57462676309658,0.166409606982904,18.5322994582386,"67054"
"Q8R4R6","Nup35",-0.541285061826484,-1.57684403913455,0.16590452467603,15.6928578625911,"69482"
"Q8C5L6","Inpp5k",-0.541599215646978,-1.57813893826305,0.165610227322512,17.2888756610393,"19062"
"P28652","Camk2b",-0.541624390236427,-1.57824274495279,0.165586656183164,22.323705513172,"12323"
"Q6P4T0","Atg2a",-0.541890660865209,-1.57934107225194,0.165337456565619,18.4627462378439,"329015"
"Q5SW19","Cluh",-0.542140103576737,-1.58037059764332,0.165104190649964,19.4007728494366,"74148"
"Q9R0B7","Znf346",-0.542673171746337,-1.58257271541071,0.164606291687392,7.44996811357798,NA
"O35425","Bok",-0.542857950984806,-1.58333667520311,0.164433893703238,13.9194542368041,"51800"
"Q8VEB3","Macir",-0.543815217334351,-1.58729966841343,0.163542339414977,10.7624209005056,"52392"
"O35943","Fxn",-0.543934476332651,-1.58779400484137,0.163431451387852,12.2578955719915,"14297"
"Q60960","Kpna1",-0.54408053198841,-1.58839960134015,0.163295703257917,19.1135255961986,"16646"
"Q61292","Lamb2",-0.544447095943715,-1.58992040413763,0.162955278572559,17.9213522303229,"16779"
"O35459","Ech1",-0.544517305707233,-1.59021183849372,0.162890119439009,16.9585275248578,"51798"
"Q8K0V2","Dcun1d3",-0.544701442689278,-1.59097640017008,0.162719295867467,17.5092122852438,"233805"
"Q91W61","Fbxl15",-0.544732293730674,-1.59110452986153,0.162690684935894,14.9303551459515,"68431"
"Q80Y81","Elac2",-0.544806338903472,-1.59141208970797,0.162622027378958,15.1309874445395,"68626"
"Q9EPB8","Vmn1r54",-0.544844093263722,-1.59156892956015,0.162587026135246,14.7856904067743,"113851"
"Q9CR64","Tmem167a",-0.54561023556481,-1.59475462998503,0.161877637209932,16.7838379788443,NA
"P97494","Gclc",-0.545616599151958,-1.59478111425793,0.161871752080427,17.1007640948675,"14629"
"Q61625","Grid2",-0.54671527347315,-1.59935952872008,0.160857428295606,15.4228405117769,"14804"
"Q8R079","Bfar",-0.547718884273226,-1.60355208850941,0.159933902227696,11.1845892015205,"67118"
"Q6IMP4","Panx2",-0.547825854578795,-1.60399953652843,0.159835638581627,12.9989270348163,"406218"
"P56375","Acyp2",-0.548279913905803,-1.60590008153532,0.159418902893168,17.9275398923651,"75572"
"Q9D8W7","Ociad2",-0.548311187516099,-1.60603105740603,0.159390221796026,18.6077054493548,"433904"
"Q8VE85","Prelid3a",-0.548709779271998,-1.60770122958545,0.159024918809581,15.9262305826899,"225655"
"Q504M2","Pdp2",-0.549217568768647,-1.60983123286069,0.15856019974482,10.5162790001958,"382051"
"Q91VI7","Rnh1",-0.549608172624394,-1.61147141952477,0.158203231421849,17.2995420456819,"107702"
"O35704","Sptlc1",-0.549938103914766,-1.61285801525962,0.1579020530095,9.16432416828416,"268656"
"P97760","Polr2c",-0.550005546237742,-1.61314158695818,0.157840526708016,15.0473013472767,"20021"
"Q9D9K3","Aven",-0.550378045225468,-1.61470863224114,0.15750093898562,16.6325385358729,"74268"
"Q91Z67","Srgap2",-0.5506701546641,-1.61593845871861,0.157234917493975,17.9476021769937,"14270"
"Q9QX60","Dguok",-0.551644402046225,-1.62004636072465,0.156349454223279,17.9347144977992,"27369"
"Q8CI51","Pdlim5",-0.552060249189414,-1.62180267439984,0.155972335522505,17.0667788858782,"56376"
"Q99JR5","Tinagl1",-0.55224510772407,-1.62258397563359,0.155804852952142,13.4527489690543,"94242"
"P31001","Des",-0.552456234251949,-1.62347671931372,0.155613691808465,16.983612734596,"13346"
"P70302","Stim1",-0.552854540025559,-1.62516217111391,0.155253401612706,16.3778546834505,"20866"
"Q791V5","Mtch2",-0.553072311760909,-1.62608436178185,0.155056607840195,19.6422805236611,"56428"
"Q8BRJ4","Ppp1r3e",-0.553293289240595,-1.627020618552,0.154857056707528,9.88927442456279,"105651"
"Q3U186","Rars2",-0.553303790304045,-1.62706512269564,0.154847577344253,17.1966957522224,"109093"
"O08677","Kng1",-0.553907670507362,-1.62962628659368,0.154302985778645,17.0917353547583,"16644"
"Q9CQL5","Mrpl18",-0.554447469742339,-1.63191881188774,0.153817072646462,14.9989079028005,"67681"
"Q5SQX6","Cyfip2",-0.554654557327274,-1.63279910087629,0.153630880550129,20.210216053468,"76884"
"Q9CWD8","Nubpl",-0.555180879429291,-1.63503836708236,0.153158221135315,17.4011911163314,"76826"
"Q8BW75","Maob",-0.555291695107791,-1.63551020001115,0.153058805672825,18.3368413306954,"109731"
"Q8BGA9","Oxa1l",-0.555602465071401,-1.63683407392871,0.15278019501727,15.6864044357433,"69089"
"Q8BVR6","Rspry1",-0.555680304097533,-1.63716582198036,0.15271045455019,9.18231251273493,"67610"
"P97493","Txn2",-0.556186911846942,-1.6393264950939,0.152256981968733,18.5608168551641,"56551"
"P26039","Tln1",-0.556249162693067,-1.63959217624735,0.152201311264726,20.178121963304,"21894"
"Q80ZS3","Mrps26",-0.556607076508733,-1.64112049699013,0.151881446881591,14.7103486561221,"99045"
"Q01815","Cacna1c",-0.557737739049446,-1.64595722757012,0.150873408637347,21.9472612996238,"12288"
"Q60936","Coq8a",-0.558236966078555,-1.64809704068102,0.150429496920367,19.0210293655293,"67426"
"O35643","Ap1b1",-0.558315426264666,-1.64843357712457,0.150359795587053,21.9758861503993,"11764"
"Q8BPN8","Dmxl2",-0.558511146558825,-1.6492733532715,0.150186001734028,19.7135449361155,"235380"
"Q91YD9","Wasl",-0.558604076373676,-1.64967222693237,0.150103521453244,17.7010122811522,"73178"
"Q9JI18","Lrp1b",-0.558610948861691,-1.64970172863376,0.150097422733622,17.4859786136453,"94217"
"Q9QXS1","Plec",-0.558792692947911,-1.65048208531784,0.149936190482969,21.6436851931295,"18810"
"Q99N13","Hdac9",-0.558822400237624,-1.65060967271999,0.149909845043137,12.5407813063479,"79221"
"Q8R404","Micos13",-0.559000895627078,-1.65137647253423,0.149751602790228,19.4443493679477,"224904"
"Q9D113","Dnlz",-0.559754977299594,-1.6546196276457,0.149084097206844,15.0126510152981,"52838"
"Q3THJ3","Eif1ad",-0.559959946160955,-1.65550219150041,0.148902944145752,12.3680414845799,"69860"
"Q8BXR9","Osbpl6",-0.559987339040202,-1.65562017448564,0.148878743282433,17.7230806974006,"99031"
"Q61233","Lcp1",-0.561051397401821,-1.66020927968921,0.14794035080481,17.3211885658627,"18826"
"Q8BIH0","Sap130",-0.56196627344489,-1.66416458634767,0.147136132218093,10.7864400862575,"269003"
"Q9CRB9","Chchd3",-0.562225961487468,-1.6652889266353,0.146908294133032,18.7012482635672,"66075"
"Q9Z0U0","Xpr1",-0.563064154236117,-1.66892286986024,0.146174230128908,17.9624608184687,"19775"
"Q62036","Cep131",-0.563285922343037,-1.66988559461506,0.145980351259427,15.7667602860391,"12009"
"Q61247","Serpinf2",-0.563598835641885,-1.67124489203077,0.145707030763287,14.3887852485103,"18816"
"A2AN08","Ubr4",-0.563694232296658,-1.67165950534921,0.145623760785119,22.6774888384512,"69116"
"Q91X52","Dcxr",-0.563814342546433,-1.67218166844118,0.1455189560964,14.860631241619,"67880"
"P56183","Rrp1",-0.564420326505155,-1.6748184761508,0.144990826809273,12.3482186271467,"18114"
"Q9CWX2","Ndufaf1",-0.564756897056214,-1.67628470528967,0.144697955194031,15.1754482067171,"69702"
"P62073","Timm10",-0.564835797863871,-1.67662860478831,0.144629345824024,18.3550887260763,"30059"
"Q8C3J5","Dock2",-0.56491363221543,-1.67696792216234,0.144561681402736,12.6567343804076,"94176"
"Q3TTA7","Cblb",-0.566464289094327,-1.68374172329082,0.143217277752797,15.7395683057928,"208650"
"Q810J8","Zfyve1",-0.566525078367818,-1.68400780654882,0.143164715383726,15.832492228631,"217695"
"Q9CQG1","Chac2",-0.56678967625463,-1.68516646080713,0.142936051005742,9.86005465076979,"68044"
"Q6ZPE2","Sbf1",-0.567133991649228,-1.68667534256415,0.142638797559054,19.2954647474546,"77980"
"P42225","Stat1",-0.567311087709553,-1.68745193218004,0.142486040679605,17.5895300990027,"20846"
"Q80W21","Gstm7",-0.567461236138078,-1.68811062328613,0.142356598775222,17.0995580980418,"68312"
"Q76I79","Ssh1",-0.567773213621115,-1.68948004208165,0.142087853186484,12.1700472404484,"231637"
"Q9QZF2","Gpc1",-0.568159361998948,-1.69117652051867,0.141755603789598,17.729055632507,"14733"
"Q8BH15","Cnot10",-0.568351764202647,-1.69202242299541,0.141590217886888,14.8414137248015,"78893"
"Q8BP22","Cibar1",-0.568461896035486,-1.69250680562801,0.141495598372433,11.9339554333467,"68099"
"Q3UGY8","Arfgef3",-0.568770095990151,-1.69386304768182,0.141230995109574,16.2664170822482,"215821"
"O89084","Pde4a",-0.5689681140749,-1.69473498789402,0.14106113248103,17.8045247335975,"18577"
"Q8VEE1","Lmcd1",-0.569747766887982,-1.69817230312088,0.140393435480149,14.8108766517228,"30937"
"Q00898","Serpina1e",-0.57007049270235,-1.69959711409342,0.140117565493113,19.7231475099881,"20704"
"Q3UTH8","Arhgef9",-0.571228425276502,-1.70471891083866,0.139130224643589,16.4774825782774,"236915"
"Q8BY02","Nkrf",-0.57146838618899,-1.70578219843321,0.138926099904915,16.8961162967586,"77286"
"Q9CR61","Ndufb7",-0.571602232643168,-1.70637556589703,0.138812314514305,20.1314656157514,"66916"
"O70451","Slc16a7",-0.573956167337836,-1.71684423220932,0.136819641864828,15.6622080208151,"20503"
"E9Q7T7","Chadl",-0.574068213351851,-1.71734411035011,0.136725190506305,10.1728815587931,"214685"
"Q5DTT2","Psd",-0.574141164615624,-1.71766964988572,0.136663714303537,18.6790227085432,"73728"
"Q64331","Myo6",-0.574693757920423,-1.72013753979127,0.136198541530059,18.7002880429087,"17920"
"Q9DAA6","Exosc1",-0.574718930882147,-1.72025004618883,0.136177371935026,15.0701263044852,"66583"
"Q91V92","Acly",-0.574765839489752,-1.72045971592263,0.136137928289624,20.030759626496,"104112"
"P28028","Braf",-0.574991374511465,-1.72146815476176,0.135948373243854,17.7677596864065,"109880"
"Q8CCI5","Rybp",-0.575040432822897,-1.72168758768523,0.135907160729507,8.27089851639634,"56353"
"Q9D906","Atg7",-0.575409893832741,-1.72334104178403,0.135597010055293,18.6824273358871,"74244"
"Q3LAC4","Prex2",-0.575411571475665,-1.7233485533578,0.135595602626521,14.61841045,"109294"
"P01864","P01864",-0.575684484092922,-1.72457094101812,0.13536675559102,14.8394103981847,NA
"B9EJA2","Cttnbp2",-0.576195477970039,-1.72686202438493,0.134938847033139,18.5073596383002,"30785"
"E9Q3L2","Pi4ka",-0.578273778911612,-1.73621159623809,0.133206235791894,21.1855426653069,"224020"
"Q8K1S3","Unc5b",-0.579072968020934,-1.73982036105853,0.132543297339973,11.2655233400885,"107449"
"Q61733","Mrps31",-0.579183375773981,-1.74031950332121,0.132451857529079,17.3795590491631,"57312"
"Q61838","Pzp",-0.579274180939928,-1.74073013227286,0.132376678972089,20.5680620506773,"11287"
"O08529","Capn2",-0.579714646866327,-1.74272334294293,0.132012350327871,17.8913218305038,"12334"
"Q9CXK4","Slc50a1",-0.579884207977258,-1.74349125944232,0.13187224820713,11.5893836007746,"19729"
"Q9JLJ1","Selenok",-0.580916680650274,-1.74817455164916,0.131020945204456,10.1143203185347,"80795"
"Q91W43","Gldc",-0.580930899521926,-1.74823913712233,0.13100924282191,18.824131954312,"104174"
"Q3TC93","Hs1bp3",-0.580977748550567,-1.74845195356869,0.130970689372968,12.4807571688397,"58240"
"Q9QXK3","Copg2",-0.581130501055897,-1.74914602950769,0.130845028831466,19.126127035085,"54160"
"Q6Y5D8","Arhgap10",-0.581361301896419,-1.75019527062558,0.130655290260494,9.22208896887483,"78514"
"P07724","Alb",-0.582112329461661,-1.75361393033187,0.130038943842756,21.544445241476,"11657"
"O35316","Slc6a6",-0.582850564047824,-1.75698097256619,0.129434682970114,16.069223629369,"21366"
"Q91ZE0","Tmlhe",-0.58335168205677,-1.75927029327184,0.129025403417757,10.8702483666268,"192289"
"P21614","Gc",-0.584659864899537,-1.76526100586829,0.127960383194724,17.7813731747904,"14473"
"Q8BHS8","Sybu",-0.585456078961656,-1.76891743190796,0.127314585827117,16.5720922408632,"319613"
"Q9JKC7","Ap4m1",-0.586034489011354,-1.77157852593701,0.126846593337759,9.47984647935388,"11781"
"Q64516","Gk",-0.586528125897377,-1.77385286534723,0.126447954527868,18.7953686226873,"14933"
"Q91YN0","Ferry3",-0.586924101345649,-1.77567942571877,0.126128690933258,16.9372160966805,NA
"E9Q8I9","Fry",-0.586990325588653,-1.77598509531243,0.126075340396384,19.6085259657197,"320365"
"Q8CC35","Synpo",-0.587068749993161,-1.77634714723433,0.126012177723324,19.4414614085212,"104027"
"P67778","Phb1",-0.587167467884294,-1.77680299399612,0.125932695994391,20.586286605421,"18673"
"Q9WTX6","Cul1",-0.58750112156797,-1.77834459298345,0.12566426617952,17.6993680424385,"26965"
"Q80SY6","Mapda",-0.587534674468375,-1.77849969594293,0.125637290100937,12.5980824620967,NA
"Q9CQG9","Tmem100",-0.58768903215264,-1.77921341637055,0.125513230454294,10.8571648506426,"67888"
"Q9CZP0","Ufsp1",-0.587749218209384,-1.77949178559463,0.125464876622819,10.8947615882455,"70240"
"Q8N7N5","Dcaf8",-0.588422599944593,-1.78260935501678,0.124924590404741,17.3544126434607,"98193"
"P26262","Klkb1",-0.589397706170249,-1.78713388746207,0.124144535108871,16.0500555369572,"16621"
"Q8BIQ5","Cstf2",-0.589954569479013,-1.78972312073753,0.123700291962827,15.9036715286615,"108062"
"O70200","Aif1",-0.590137320487641,-1.79057370653671,0.123554695516429,14.2782140311865,"11629"
"P07310","Ckm",-0.590827425153679,-1.79378950293439,0.123005762743277,15.7698610736123,"12715"
"Q6GYP7","Ralgapa1",-0.59111816122349,-1.79514610396409,0.122774912632712,17.2592177190461,"56784"
"O54692","Zw10",-0.592289871572128,-1.80062433298843,0.121847022856688,13.9183044444323,"26951"
"P24288","Bcat1",-0.59268110072769,-1.80245740294305,0.121538086078263,20.5176575346025,"12035"
"Q6VNB8","Wdfy3",-0.592709460580939,-1.80259035694113,0.12151570868357,17.9520808149092,"72145"
"O08530","S1pr1",-0.592863347005565,-1.80331197306283,0.121394324751618,17.5526211093927,"13609"
"P08032","Spta1",-0.593051516828405,-1.80419476754923,0.121245991250115,16.8314468043216,"20739"
"Q91VF2","Hnmt",-0.593155604307371,-1.80468328746296,0.12116398337527,16.5002527093197,"140483"
"Q9WUM5","Suclg1",-0.593292061299098,-1.80532394063737,0.121056519708884,20.7406000521682,"56451"
"Q14B80","Kcnc2",-0.594162653108545,-1.80941695273705,0.120372168450474,13.8225882195162,"268345"
"Q8R4G6","Mgat5",-0.594175899161067,-1.80947930368514,0.12036177292469,12.691580052067,"107895"
"P55200","Kmt2a",-0.594252406192152,-1.80983947709029,0.120301739967943,16.9463396120261,"214162"
"Q91ZU6","Dst",-0.594953027473865,-1.81314134050237,0.11975276660861,19.5347555689771,"13518"
"Q60930","Vdac2",-0.595683943857067,-1.81659279652298,0.119181563578544,22.3088795073726,"22334"
"Q8K0T7","Unc13c",-0.59603700411473,-1.81826248376681,0.118906202471179,13.874265711494,"208898"
"Q8BTW3","Exosc6",-0.598803630421961,-1.83140328907565,0.116760873077107,18.5250840891851,"72544"
"Q9CQN7","Mrpl41",-0.599434617691883,-1.83441457585292,0.116274673936894,15.1090385327592,"107733"
"P62835","Rap1a",-0.599714164141508,-1.83575037204246,0.116059639592728,20.9267486730684,"109905"
"Q924S7","Spred2",-0.599823128121923,-1.83627133417342,0.115975882651388,12.5501030462299,"114716"
"Q9QYA2","Tomm40",-0.600068277730692,-1.83744399001999,0.115787569415858,18.7946424056593,"53333"
"Q7TPH6","Mycbp2",-0.600630341600922,-1.84013563864674,0.115356469781237,17.919252848741,"105689"
"Q8CE33","Klhl11",-0.600727550142422,-1.84060158980231,0.115282003685855,14.0273874565192,"217194"
"Q9D1P0","Mrpl13",-0.602055639952045,-1.84698037017971,0.114267352572167,17.4661250896627,"68537"
"Q91XU3","Pip4k2c",-0.602218720624298,-1.84776529587075,0.114143110159582,18.4306296118889,"117150"
"P61807","Snn",-0.602845482120065,-1.85078535097643,0.11366632670068,13.638714242511,"20621"
"O88792","F11r",-0.60366078424788,-1.85472194850414,0.11304781052088,15.0768750970416,"16456"
"Q61879","Myh10",-0.604610858808754,-1.8593208340521,0.112329464550208,19.9490125495319,"77579"
"Q5SSK3","Tefm",-0.604695438833357,-1.85973085330458,0.112265639966193,6.45319420135922,"68550"
"Q6PGC1","Dhx29",-0.604754269289983,-1.86001610465922,0.112221258293643,16.0195412147918,"218629"
"O54992","Mapkapk5",-0.604979743042923,-1.86110980442763,0.112051253192114,14.6230789983373,"17165"
"Q3THS6","Mat2a",-0.605228824226167,-1.862318837139,0.111863618323985,17.9678679970161,"232087"
"Q00897","Serpina1d",-0.605275538857318,-1.86254568466068,0.111828447688865,18.3424975720225,"20703"
"Q9QXC1","Fetub",-0.605346205441605,-1.86288890124199,0.111775255973869,12.9138654567758,"59083"
"P70336","Rock2",-0.606133426800764,-1.86671702136124,0.111183674799406,18.8556424187327,"19878"
"Q08AU7","Myadml2",-0.606423602835399,-1.86813028194802,0.110966062847053,12.8554240194105,"68515"
"Q922E6","Fastkd2",-0.606501619860988,-1.86851045390932,0.110907596776746,13.9472304054422,"75619"
"Q9CQB5","Cisd2",-0.607510475346379,-1.87343424774168,0.110153135406499,17.4872377442132,"67006"
"Q9JLQ0","Cd2ap",-0.607873928908402,-1.87521162586522,0.109882047654585,15.7430408090999,"12488"
"Q9CZN8","Qrsl1",-0.607915485430056,-1.87541496658178,0.109851076237134,18.3720357497222,"76563"
"Q64514","Tpp2",-0.608245965341342,-1.87703291258651,0.109604951492904,18.7680418406198,"22019"
"Q99104","Myo5a",-0.608532807916699,-1.87843847711328,0.109391580100648,20.6008649121872,"17918"
"Q91YT0","Ndufv1",-0.610691210560492,-1.88905257779082,0.107793608192322,20.8124025453379,"17995"
"P16283","Slc4a3",-0.611182942131354,-1.89148006061788,0.107431426731569,15.1437953483602,"20536"
"B1AR13","Cisd3",-0.611198542067602,-1.8915571284453,0.10741994807121,15.7761050216268,"217149"
"Q8BHN1","Txlng",-0.612049401719166,-1.89576594118494,0.10679493156473,6.18847859025448,"353170"
"Q61390","Cct6b",-0.612562160558169,-1.89830740404615,0.10641927766114,14.5873162141483,"12467"
"Q8C7R4","Uba6",-0.613931454175798,-1.90511307239178,0.105419813227444,20.5905795011922,"231380"
"P17426","Ap2a1",-0.614712141887049,-1.90900558811355,0.104852387477901,21.7274045474441,"11771"
"Q9CR59","Gadd45gip1",-0.614962407005886,-1.9102553188334,0.104670857802823,14.7572493922148,"102060"
"Q8R127","Sccpdh",-0.615373819830162,-1.91231177916733,0.104372830079267,18.5003008901096,"109232"
"O88587","Comt",-0.616356914755237,-1.91723601072425,0.103662640942616,18.2229557908726,"12846"
"P48962","Slc25a4",-0.616403556910481,-1.91746999543369,0.10362901543159,25.2394456043556,"11739"
"O55186","Cd59a",-0.616797314093668,-1.91944661326995,0.103345394434742,12.1918884723388,"12509"
"Q3V3Q7","Pacs2",-0.61749590506392,-1.92295919088566,0.102843296960169,15.0018370307545,"217893"
"P97819","Pla2g6",-0.617852849306842,-1.92475677526552,0.10258729064427,15.065989308936,"53357"
"Q6PGH2","Jpt2",-0.617853368083659,-1.92475938924429,0.10258691883461,13.4842834129293,"52009"
"Q61831","Mapk10",-0.617954344951363,-1.9252682623243,0.102514562943542,18.5392046092371,"26414"
"Q8R2Y2","Mcam",-0.618469547167882,-1.9278670262893,0.10214584482532,18.3122042289241,"84004"
"Q6P4T1","Snx19",-0.618902600817335,-1.93005453328413,0.101836506611199,13.7352052181275,"102607"
"P14069","S100a6",-0.620196798600474,-1.9366090181843,0.100915237745783,18.3449218561797,"20200"
"Q8C050","Rps6ka5",-0.620450854315188,-1.93789869791332,0.100734952342062,17.6634311159772,"73086"
"Q91VW3","Sh3bgrl3",-0.6212282478961,-1.94185120097163,0.100184438365734,20.0522249837112,"73723"
"P02468","Lamc1",-0.621357263447298,-1.94250805688031,0.10009324285817,18.4413038743685,"226519"
"Q69Z26","Cntn4",-0.62171933180486,-1.94435282813113,0.099837566750702,17.8320856392521,"269784"
"Q9CQV4","Retreg3",-0.62195514909646,-1.94555543104675,0.0996712450279835,17.6555056871235,"67998"
"Q3U276","Sdhaf1",-0.62214566068757,-1.94652761779626,0.0995369935308258,10.0866738397952,"68332"
"Q8CC88","Vwa8",-0.622640869557008,-1.94905732542512,0.0991885106669728,17.4694583138473,"219189"
"Q8BMJ3","Eif1ax",-0.623348374203215,-1.95267815569418,0.0986918499205915,17.2481698973879,"66235"
"Q3UEZ8","Slc10a4",-0.623735514143632,-1.95466275802701,0.098420687518744,13.5852503280742,"231290"
"Q9CQA6","Chchd1",-0.623868315091331,-1.95534407994591,0.0983277691221344,8.82391903187114,"66121"
"Q3TDX8","Cyb5r4",-0.62446006808131,-1.95838338355634,0.0979143429952666,12.8834788249897,"266690"
"Q80U95","Ube3c",-0.626217748493725,-1.96744369045463,0.0966922441275483,16.2806940044372,"100763"
"Q9CQV5","Mrps24",-0.62755540971257,-1.97437196706405,0.0957680913650913,13.9164766468969,"64660"
"Q9R0L7","Akap8l",-0.627569149053641,-1.97444327775032,0.0957586257306333,19.2399476723281,"54194"
"Q8CGK3","Lonp1",-0.627717150249187,-1.97521163473398,0.0956566953650068,18.6237416301775,"74142"
"Q9CWU9","Nup37",-0.627863328868396,-1.97597087667772,0.0955560815716641,17.2785306858134,"69736"
"Q80TV8","Clasp1",-0.62897948779489,-1.98177953601693,0.0947898459647994,17.689382433886,"76707"
"Q91VD9","Ndufs1",-0.629770685258075,-1.9859093190037,0.0942488456181747,20.9226433766028,"227197"
"Q8VE96","Slc35f6",-0.629829568999279,-1.98621708107974,0.0942086537778145,15.0497261466748,"74919"
"P19096","Fasn",-0.631747002620357,-1.99626989879879,0.0929052833526347,19.5170421609389,"14104"
"Q9WV98","Timm9",-0.631931054118713,-1.99723804824367,0.0927807256018049,18.8603168195731,"30056"
"Q8R0G9","Nup133",-0.632023865810044,-1.99772647050902,0.0927179514130842,17.5552026876501,"234865"
"Q9CWU6","Uqcc1",-0.632547763629445,-2.00048617409527,0.0923640673095344,16.7336972294748,"56046"
"Q99L88","Sntb1",-0.632779084381771,-2.00170614363328,0.0922080626591932,16.7998115216255,"20649"
"P70407","Cdh9",-0.633311381729984,-2.00451683990268,0.0918496551647745,12.775779875943,"12565"
"Q3U214","Mast3",-0.633460844327385,-2.00530690250247,0.0917491636623625,18.143100848202,"546071"
"P01899","H2-D1",-0.63346725144283,-2.00534077903374,0.091744857244775,14.4671454199097,"14964"
"Q9QXX4","Slc25a13",-0.633552686973709,-2.00579257070268,0.0916874445800627,14.8923534226818,"50799"
"E9PXF8","Sbf2",-0.634227970528805,-2.00936785699513,0.0912343846309652,14.896248126035,"319934"
"Q9Z2Y8","Plpbp",-0.634291982359286,-2.00970716602951,0.0911915052225107,19.072127588181,"114863"
"Q8CFI5","Pars2",-0.634420782245962,-2.01039010826507,0.0911052617420301,15.9988699661796,"230577"
"P32261","Serpinc1",-0.635193966326707,-2.01449570118386,0.0905885344791611,17.3052060561033,"11905"
"P47857","Pfkm",-0.635547000125544,-2.01637367700179,0.090353163173213,21.2225751141464,"18642"
"Q69ZI1","Sh3rf1",-0.635569203296877,-2.0164918584263,0.0903383719246339,14.7819407435314,"59009"
"P70345","Bcl2l2",-0.635658172506435,-2.01696550148162,0.0902791167084988,14.7338000704321,"12050"
"Q9CWW6","Pin4",-0.636781341305963,-2.02295651156283,0.0895329981536836,15.6947850392929,"69713"
"Q3V0C5","Usp48",-0.63699003416852,-2.02407206572548,0.0893947586050283,7.74756926605423,"170707"
"Q61464","Znf638",-0.63699945175449,-2.02412242447295,0.0893885232488851,17.9404852298061,NA
"Q9CY34","Ube2f",-0.637446720669367,-2.02651586791343,0.0890926777266447,19.1948671622964,"67921"
"P98197","Atp11a",-0.637598733209665,-2.02733010873905,0.0889922584875985,11.8648824800833,"50770"
"P97452","Bop1",-0.639584278144183,-2.03800229431538,0.087686631003472,15.3046821870295,"12181"
"Q00558","F8a1",-0.639971430054571,-2.04009122464017,0.0874333552958186,16.7155950757107,NA
"Q9QXL2","Kif21a",-0.640128928261375,-2.04094178003263,0.0873304411480132,19.4030100408019,"16564"
"Q9DAT5","Trmu",-0.640190271436393,-2.04127317646628,0.0872903766610987,15.265304620612,"72026"
"Q9EQG9","Cert1",-0.640557025488602,-2.04325588632011,0.0870510644928545,17.204474322551,"68018"
"O08644","Ephb6",-0.641507529995758,-2.04840546141081,0.086432620262979,15.7612754512678,"13848"
"P29788","Vtn",-0.641545062613467,-2.04860913126865,0.086408252232913,17.0018258658633,"22370"
"Q9EPU4","Cpsf1",-0.641587036260085,-2.04883692988247,0.0863810055915761,15.5470800330893,"94230"
"Q9JHU4","Dync1h1",-0.642096376488555,-2.05160370759208,0.0860507715382168,20.9808562564097,"13424"
"O89106","Fhit",-0.642155629283114,-2.05192587346332,0.0860124022843037,15.8425082348927,"14198"
"Q9CQM9","Glrx3",-0.642231168232611,-2.05233668023364,0.0859635013097084,18.8094099415925,"30926"
"Q8BU33","Hacl2",-0.643090758706782,-2.05701861038145,0.085408173144461,17.1455137167111,NA
"Q7TSE6","Stk38l",-0.643263805270844,-2.0579627435168,0.0852966312305936,18.7895271916929,"232533"
"Q66GT5","Ptpmt1",-0.643628544777163,-2.05995450628523,0.0850618057314159,14.5795587551272,"66461"
"Q9Z255","Ube2a",-0.643932332837222,-2.06161525531013,0.0848665089338034,13.7162666817148,"22209"
"Q8VDC0","Lars2",-0.644140255164152,-2.06275288544995,0.0847329919102675,18.4701122233864,"102436"
"Q91YL3","Uckl1",-0.644336538895784,-2.06382755305774,0.0846070607229021,16.9078586771993,"68556"
"O88879","Apaf1",-0.644528796599374,-2.06488085398816,0.0844838181027958,10.7408126803334,"11783"
"Q9BCZ4","Selenos",-0.644854496890546,-2.06666676148424,0.084275273366126,12.3455469745023,"109815"
"Q5SWP3","Nacad",-0.645801823433973,-2.0718721944094,0.083670406906735,17.666800429491,"192950"
"Q8R1A4","Dock7",-0.646152337383622,-2.07380237631429,0.0834472466198833,17.6897730122555,"67299"
"P01867","Ighg2b",-0.646552210489644,-2.07600711657592,0.0831930845420046,16.311237836805,"16016"
"P62743","Ap2s1",-0.646698264073831,-2.07681313024593,0.0831003644002476,21.0364736193652,"232910"
"Q8K2U2","Alkbh6",-0.648347204694864,-2.08594033983561,0.0820577313361235,16.6784574591854,"233065"
"Q64237","Dbh",-0.649221817484771,-2.09080200945392,0.0815078205246234,9.48382803644443,"13166"
"P24457","Cyp2d11",-0.649845738768283,-2.09427892807504,0.0811168483452641,13.945533332346,"545123"
"Q9EPC1","Parva",-0.650605001192809,-2.09851994921531,0.0806425448294649,17.6777536135106,"57342"
"P23953","Ces1c",-0.650788931753272,-2.09954897194678,0.0805278894095613,17.8454419932423,"13884"
"Q9DB10","Smdt1",-0.65324459677176,-2.11334926362421,0.0790062340364889,15.2519858819479,"69029"
"Q8VD57","Sft2d2",-0.653547142293304,-2.11505751005292,0.0788199339009659,15.4321922485676,"108735"
"P01872","Ighm",-0.654201758354491,-2.11875969558593,0.07841771696937,13.9042749449343,"16019"
"Q8BTY8","Scfd2",-0.654323136502686,-2.1194470641913,0.0783432705680023,14.8522815964629,"212986"
"Q9D6J4","Necab3",-0.654382587770246,-2.11978384324876,0.0783068216521294,15.8458890248284,"56846"
"Q91VM3","Wdr45",-0.654910798404574,-2.12277906892266,0.0779834170323447,15.9754623690633,"54636"
"Q8CGC6","Rbm28",-0.655121978039025,-2.12397808921788,0.0778543382573217,11.7291082094177,"68272"
"Q9ESN6","Trim2",-0.65681593766573,-2.13362759904805,0.0768234676467686,20.1755037534063,"80890"
"P39447","Tjp1",-0.65690262028471,-2.13412290189845,0.0767709326070965,19.3030279522919,"21872"
"Q8C9H6","Strip2",-0.657203754504427,-2.13584473458374,0.0765885901400321,15.6187925342221,"320609"
"A2A690","Tanc2",-0.658053609200996,-2.14071377853645,0.0760753563348366,20.6365973990051,"77097"
"P97438","Kcnk2",-0.658735581387686,-2.14463141012399,0.0756649697265669,12.2136964669571,"16526"
"Q8R3Q6","Mix23",-0.659038616338214,-2.14637520712515,0.0754830315036196,15.9326513318741,"381045"
"Q04690","Nf1",-0.660168599538058,-2.15289395567506,0.0748068675976094,17.4288430008801,"18015"
"Q6NZN0","Rbm26",-0.660268604140724,-2.15347211602761,0.0747471982883025,16.5357278409355,"74213"
"Q8CEC5","Nkiras1",-0.660657837650819,-2.15572434111325,0.0745152219571829,16.0003025560262,"69721"
"Q8BWW4","Larp4",-0.661203823613298,-2.15888878550867,0.0741905367755776,11.1023743801217,"207214"
"P03987","P03987",-0.661877905534761,-2.16280406363356,0.0737908235486957,13.1497856585008,NA
"P52480","Pkm",-0.662585195711347,-2.16692226507802,0.0733727813362674,23.7954971578607,"18746"
"Q3UH68","Limch1",-0.662595127190581,-2.1669801646218,0.0733669212891577,19.2228180256649,"77569"
"Q8K4Q0","Rptor",-0.662656963683199,-2.16734071111707,0.0733304409906527,18.3608402984407,"74370"
"Q8BUL6","Plekha1",-0.663710794704491,-2.17349740313687,0.0727103740095729,14.3920786575652,"101476"
"Q80Y17","Llgl1",-0.664964710975698,-2.1808531872753,0.0719766075559725,20.4421881146086,"16897"
"Q8BIJ6","Iars2",-0.665671506960742,-2.18501397742496,0.0715649328141697,20.2406819275023,"381314"
"Q922D4","Ppp6r3",-0.667555498137566,-2.19615645758871,0.0704743812153697,18.6425723125173,"52036"
"Q99KH8","Stk24",-0.66770679296406,-2.19705454629956,0.0703872314971426,17.9220687048982,"223255"
"Q9QXV8","Spry2",-0.669143853528156,-2.20560953669062,0.0695626135823771,12.8211857440778,"24064"
"P29699","Ahsg",-0.669155819900268,-2.20568096133925,0.0695557710457458,15.7866195465018,"11625"
"Q6ZPQ6","Pitpnm2",-0.669826917271618,-2.20969157576309,0.069172663404368,18.6150900735395,"19679"
"Q8R1N0","Znf830",-0.671013784015838,-2.21680860996222,0.0684981731642317,6.31121877963472,NA
"O70311","Nmt2",-0.672096717486068,-2.22332944787165,0.0678861480170607,15.7736384574973,"18108"
"Q9CQK7","Rwdd1",-0.674732697347256,-2.23931107376518,0.0664099508214604,16.8570483499754,"66521"
"Q91WA3","Hdac11",-0.675124056311739,-2.24169717046525,0.0661924168079698,16.5326298157894,"232232"
"Q8BHI7","Elovl5",-0.675976247581166,-2.24690498576071,0.0657201923991876,12.8881712198004,"68801"
"Q9R0P5","Dstn",-0.676458561460163,-2.24985979696444,0.0654538141597412,20.7881129131173,"56431"
"Q8QZS1","Hibch",-0.677004841923557,-2.25321293484187,0.0651528807860216,17.8235530016547,"227095"
"P05064","Aldoa",-0.677263615665969,-2.25480371851464,0.0650106147794068,23.9506445941198,"11674"
"G3X8U3","QNG1",-0.677752418652514,-2.25781280251285,0.0647423879605039,20.5814957552456,NA
"Q8BMF3","Me3",-0.678186077370968,-2.26048705120016,0.0645049708261535,19.5095928456,"109264"
"Q3TWI9","Tmem63b",-0.678801796104061,-2.26429152656653,0.0641687678419863,16.5381266698119,"224807"
"Q9CPW0","Cntnap2",-0.679117987907102,-2.26624868896693,0.0639965210597764,19.3778282943614,"66797"
"Q9WTP6","Ak2",-0.679490201532081,-2.26855561581257,0.0637941077457871,17.3151965243231,"11637"
"P63024","Vamp3",-0.67980180855555,-2.27048941358943,0.0636249451540253,14.6012509945894,"22319"
"Q8CFA2","Amt",-0.680618816141624,-2.27557053908031,0.0631826790786855,16.9047038247897,"434437"
"Q9DCJ5","Ndufa8",-0.681250962464393,-2.2795128252215,0.062841737988982,20.5449484121192,"68375"
"Q64339","Isg15",-0.681838053153075,-2.28318265008648,0.0625260771408216,15.3391869286298,"100038882"
"Q60676","Ppp5c",-0.684326769639984,-2.29883129914854,0.061198435774768,19.4563370154239,"19060"
"Q8R4H2","Arhgef12",-0.684615770920509,-2.30065822811837,0.0610453601353222,19.2085774282564,"69632"
"Q7TSI3","Ppp6r1",-0.684740650172479,-2.30144828709247,0.06097928570234,15.9733571601836,"243819"
"Q9CQJ8","Ndufb9",-0.685070362282863,-2.30353607337222,0.0608050372579065,20.3623876345732,"66218"
"Q9D8U2","Tmem41a",-0.685475051753781,-2.3061022747316,0.0605915694540858,15.4807257794002,"66664"
"Q922X9","Prmt7",-0.685508241375558,-2.30631291419756,0.0605740822187655,15.8261145845591,"214572"
"Q8VHJ5","Mark1",-0.686027246247296,-2.30961033561833,0.0603010148902076,18.4727979771423,"226778"
"Q9Z1M0","P2rx7",-0.686664407462056,-2.31366755615764,0.0599667843954379,11.1957802701451,"18439"
"Q91W18","Tdrd3",-0.687125198568822,-2.3166079968108,0.0597257594814876,12.7868200020268,"219249"
"Q80U28","Madd",-0.687197530835231,-2.31707005023681,0.0596879772717498,18.4976970387389,"228355"
"Q921G7","Etfdh",-0.687297915311815,-2.31771151557397,0.0596355657832641,19.2574126365674,"66841"
"F8VPK0","Skic3",-0.68748460475484,-2.31890514643264,0.0595381667024417,17.9096931055552,"218343"
"Q8BH35","C8b",-0.687565458813581,-2.31942237114917,0.0594960131664391,13.4969696832011,"110382"
"Q8BZZ3","Wwp1",-0.689358579118844,-2.33093523675872,0.0585657289569969,17.5374066526355,"107568"
"Q8K1C0","Angel2",-0.690858181043678,-2.34062618616426,0.0577944237018576,16.4495991940654,"52477"
"Q9CPQ1","Cox6c",-0.693895165712598,-2.36043001536479,0.0562510270963113,22.5072970960772,"12864"
"Q9JLI8","Sart3",-0.69418004353956,-2.36230004148427,0.0561075303255947,17.9004824120144,"53890"
"Q99J77","Nans",-0.695230851619184,-2.36921643610197,0.0555801166701606,17.5186030471578,"94181"
"P41216","Acsl1",-0.69554207872866,-2.37127055813136,0.0554244790722757,19.1830541145158,"14081"
"Q8R151","Znfx1",-0.695687666021018,-2.3722323323651,0.0553517637328535,16.046701231337,"98999"
"Q64737","Gart",-0.697023730736325,-2.38108514163491,0.0546871135894433,19.307512658933,"14450"
"Q9QYR6","Map1a",-0.697664078203577,-2.38534517170347,0.0543702622407258,21.348574834507,"17754"
"P06330","P06330",-0.697923366035507,-2.3870732968685,0.0542422769004434,9.59724276554411,NA
"P19221","F2",-0.700963805619104,-2.40747510041076,0.0527549571133641,12.7476456352686,"14061"
"Q8BMQ8","Mon1b",-0.701633624140306,-2.41200414461563,0.0524306221157846,17.0087266865432,"270096"
"Q8R0N6","Adhfe1",-0.702386415460188,-2.41710925248027,0.0520675411359935,12.5068877837769,"76187"
"Q9WUA3","Pfkp",-0.702732366529414,-2.41946070697952,0.0519011918160362,20.8869782270051,"56421"
"Q9DBY8","Nvl",-0.703808162378687,-2.4267946793731,0.0513859387754429,12.0785716902879,"67459"
"Q8BGB8","Coq4",-0.704309246518532,-2.43022197256108,0.0511469969324443,15.4866800153266,"227683"
"Q5SSH7","Zzef1",-0.70463446209342,-2.43245022301915,0.0509922756740596,19.0403757196255,"195018"
"P01837","Igkc",-0.705300312001735,-2.43702187435733,0.0506763754876994,15.9550789301434,"16071"
"Q02053","Uba1",-0.706698227630765,-2.44666165104119,0.0500169936038863,21.247528231017,"22201"
"Q8BK30","Ndufv3",-0.70772770518423,-2.4537973067542,0.0495347156742621,18.429342142799,"78330"
"Q7TT45","Rragd",-0.708651428151271,-2.46022659070338,0.0491043705367041,12.9806805321101,"52187"
"Q9D6W8","Borcs6",-0.709806797988371,-2.46830397471149,0.0485692829182095,12.235019176902,"71923"
"A3KMP2","Ttc38",-0.709990582255533,-2.46959253242342,0.0484844919202501,14.1815053755002,"239570"
"O88322","Nid2",-0.712217844013803,-2.48528978741996,0.0474640022099968,14.5752600986024,"18074"
"Q5NBX1","Cobl",-0.713233348202731,-2.49249722624815,0.0470030535111402,15.2218283695216,"12808"
"Q61165","Slc9a1",-0.713606907810223,-2.49515655058413,0.0468341727016504,18.0358508994506,"20544"
"P60766","Cdc42",-0.714114980611542,-2.49878042105303,0.0466050686850377,21.8506908597343,"12540"
"Q8BG73","Sh3bgrl2",-0.71511265580212,-2.50591990125795,0.0461571603690865,19.0532375920656,"212531"
"O35710","Noct",-0.717047377568505,-2.51985456560914,0.0452959933400047,14.155507670461,"12457"
"O88741","Gdap1",-0.718337721644973,-2.52921466965706,0.044727084571661,19.6708874528174,"14545"
"P57080","Usp25",-0.719078919331546,-2.53461563602874,0.044402256501591,17.4031765948748,"30940"
"Q9D8P4","Mrpl17",-0.721886769411093,-2.55523935642427,0.0431846857911192,14.9186860438074,"27397"
"Q8BW00","Ptrh1",-0.721986977050262,-2.55598021535588,0.0431416109821107,12.831341738735,"329384"
"P12382","Pfkl",-0.723033345150076,-2.56373639043341,0.0426933780989144,20.3091874805003,"18641"
"Q9CY28","Gtpbp8",-0.726708116415151,-2.59127081550768,0.041141631579925,10.5310945673986,"66067"
"Q99KS6","Adprm",-0.730749597822745,-2.62209794517949,0.039475128950132,15.4928144562251,"66358"
"Q8K2B3","Sdha",-0.731505155031573,-2.62792608569004,0.0391682126462249,20.5304890955671,"66945"
"P42703","Lifr",-0.73351138274447,-2.64350296787794,0.038360319954973,11.6100419045348,"16880"
"Q9D0K2","Oxct1",-0.735630348514781,-2.66011765781061,0.0375181350779806,21.3570943841603,"67041"
"Q68EF0","Rab3ip",-0.736804719898465,-2.6693989217621,0.0370562784789931,15.9398754822384,"216363"
"Q8C0D5","Efl1",-0.737473249106047,-2.67470599716793,0.0367949159931774,18.2352971839137,"101592"
"Q6P4S6","Sik3",-0.737625427789212,-2.67591646217833,0.0367355791095608,17.5776062952743,"70661"
"Q06185","Atp5me",-0.741820190563856,-2.70963926277781,0.0351229109956785,22.0319903739589,"11958"
"Q9CQQ7","Atp5pb",-0.743360955812457,-2.72220200479216,0.0345416409796158,21.7185901814275,"11950"
"Q61211","Eif2d",-0.745839816142376,-2.74261744683509,0.0336188842588105,13.1216852410766,"16865"
"Q68FD5","Cltc",-0.74603256685559,-2.74421558710354,0.033547772795083,23.0684367592663,"67300"
"Q9Z2B9","Rps6ka4",-0.747055377608317,-2.75272204239061,0.0331719690414348,14.8717290844602,"56613"
"Q3V3R4","Itga1",-0.747345964895285,-2.75514683307525,0.0330656734354711,16.2135191876686,"109700"
"Q9JLC8","Sacs",-0.750516607389902,-2.78183901432976,0.0319194169293023,18.2153199521458,"50720"
"Q8BZA9","Tigar",-0.751316891276744,-2.78864522300031,0.0316340093135534,18.3684887730963,"319801"
"Q6P5E6","Gga2",-0.752157175847535,-2.79582203214933,0.0313360276414272,11.0865990301255,"74105"
"Q3UIA2","Arhgap17",-0.752517232198384,-2.79890684302273,0.031208874033152,13.0423135784673,"70497"
"Q8BL06","Usp54",-0.753306760912745,-2.80569147795297,0.0309311631389167,10.1765747503226,"78787"
"Q8R3Q2","Ppp6r2",-0.759677207843423,-2.86148014553347,0.028745911010927,17.8361297135058,"71474"
"Q99KF1","Tmed9",-0.760204557099545,-2.86618395601181,0.0285694160694373,20.2742685468389,"67511"
"Q8K245","Uvrag",-0.761881758220543,-2.88123371081931,0.0280125301922985,16.4127076010655,"78610"
"Q6X7S9","Eid2",-0.761913976597954,-2.88152415539373,0.0280018987308859,6.61267107579387,"386655"
"Q9CSH3","Dis3",-0.763878083759337,-2.89932729124009,0.0273584726009134,13.133265641295,"72662"
"A2AG50","Map7d2",-0.766059897431338,-2.91933074253784,0.0266545175419007,17.0036143991592,"78283"
"Q6IFT4","Arhgap20",-0.767849627294574,-2.93592157025453,0.0260855059305136,17.1502494102989,"244867"
"P11688","Itga5",-0.768369708371917,-2.94077399947262,0.0259215768143292,6.03470892882106,"16402"
"Q9CQC8","Spg21",-0.769912183606552,-2.95524946078027,0.0254391416412147,11.0758288558279,"27965"
"Q8BHY8","Snx14",-0.772187834627477,-2.97683832927592,0.0247376029456879,13.8503963095566,"244962"
"Q9D2V7","Coro7",-0.772359847339516,-2.97848164336688,0.0246850678748226,18.2942558982133,"78885"
"Q8CGA3","Slc43a2",-0.773132084866344,-2.98587922971716,0.024450067476509,13.6738787732641,"215113"
"Q6NZR5","Skic2",-0.775209098418304,-3.00594039252276,0.0238249035641512,15.9719343082877,"108077"
"A6H6A9","Rabgap1l",-0.776338502792829,-3.01695110897896,0.0234891665632483,16.7339049191209,"29809"
"P06802","Enpp1",-0.776898190056382,-3.02243462291612,0.023323882834918,11.9904711716876,"18605"
"Q61102","Abcb7",-0.777739955168331,-3.03071585111175,0.0230766595882927,17.0185171262802,"11306"
"Q6PIC6","Atp1a3",-0.778798552629438,-3.04118888853995,0.0227680713120972,24.5968744445065,"232975"
"Q9D2N4","Dtna",-0.782014475357916,-3.07341336796566,0.0218463742925176,18.2169878723085,"13527"
"P63078","Gng8",-0.782052069980514,-3.07379376956855,0.0218357392550025,11.5775374401495,"14709"
"Q8BK03","Miga2",-0.783717992652218,-3.09073770457102,0.0213676987435852,17.8138667730007,"108958"
"Q8R5C8","Zmynd11",-0.786234687075033,-3.11666374106794,0.0206725594670347,10.1334528527595,"66505"
"Q80U23","Snph",-0.787829555932715,-3.13330300931316,0.0202394274698322,19.1318739795987,"241727"
"Q9D0L4","Adck1",-0.787953815599804,-3.13460634859711,0.0202059209548791,18.7428721004493,"72113"
"Q9R060","Nubp1",-0.788053709044738,-3.13565484695853,0.0201790098560873,15.2261698701196,"26425"
"Q9DBS5","Klc4",-0.795364173952603,-3.21421214898434,0.0182698297635216,13.2417889275431,"74764"
"O08749","Dld",-0.795921203665472,-3.22035032413405,0.0181291926362541,21.6735710993217,"13382"
"Q8R3F9","Tut1",-0.797322588510205,-3.23589188178099,0.0177783750019359,14.5953008250629,"70044"
"Q9Z2G0","Fem1b",-0.798044262578308,-3.24395124013745,0.0175993836757037,15.3936803735106,"14155"
"Q9CZU6","Cs",-0.800958719060812,-3.27689330074958,0.0168880229271927,22.4920375029707,"12974"
"Q9WV85","Nme3",-0.801137384221007,-3.27893365370645,0.0168450110740054,16.7348417824257,"79059"
"Q8VEM9","Klhdc3",-0.80148495264922,-3.28290989591856,0.0167615342244506,8.7473764618845,"71765"
"Q7JJ13","Brd2",-0.806742406534378,-3.34421437102741,0.0155303364699151,11.0130832671246,"14312"
"Q9CXI0","Coq5",-0.809085590877744,-3.37226100724784,0.0150004804742104,15.6839415701453,"52064"
"Q9JL04","Fmn2",-0.810212070105121,-3.38590923093539,0.0147498551684851,15.9788226123679,"54418"
"Q8CII2","Cdc123",-0.818423064362573,-3.48879682362983,0.0130023929072689,14.0723862655974,"98828"
"Q91WD5","Ndufs2",-0.818736730591566,-3.49285113292695,0.0129383745259253,20.1309567777492,"226646"
"Q9CQ20","Mid1ip1",-0.818865852639164,-3.49452286060493,0.0129120789679409,11.9301800684161,"68041"
"Q6P4S8","Ints1",-0.818960572750159,-3.49575021428071,0.01289281077619,15.3499510941436,"68510"
"Q6ZQ18","Efr3b",-0.823033814652724,-3.54936610034843,0.0120813056651229,18.5941682800102,"668212"
"Q571K4","Tab3",-0.825983954045943,-3.58925330737886,0.0115142150882021,12.0572874155399,"66724"
"Q922E4","Pcyt2",-0.83127710307221,-3.66317274362135,0.0105395483909705,17.9135224617155,"68671"
"Q921Q3","Alg1",-0.832592560986743,-3.68203417798828,0.0103057426768605,18.5853799935025,"208211"
"Q9Z2L7","Crlf3",-0.83336017501527,-3.69313404135868,0.010170841963708,12.0715197653845,"54394"
"Q8CHW4","Eif2b5",-0.833427904587709,-3.69411677188285,0.0101589932199346,16.945388553986,"224045"
"O88834","Shd",-0.835776821425393,-3.72853977130846,0.00975346961614873,11.4068898496367,"20420"
"E9Q7E2","Arid2",-0.839095857515527,-3.77834322371967,0.00919821183327727,7.6821418910449,"77044"
"Q9R0S3","Mmp17",-0.841300428442496,-3.81220749642147,0.00884075573137636,16.8849447055841,"23948"
"Q60932","Vdac1",-0.843082936951722,-3.84006344865881,0.00855829026118943,23.7576583166168,"22333"
"Q8K1R7","Nek9",-0.847822940479542,-3.91630058470041,0.0078353036295997,15.907557629591,"217718"
"Q9D7X8","Ggct",-0.848205093969026,-3.92258913658734,0.0077787765106757,17.6622363308258,"110175"
"P70206","Plxna1",-0.854417579830247,-4.02798241038101,0.00689605317453598,17.8468440570756,"18844"
"Q9ERS5","Plekha2",-0.856543567396249,-4.06548625458781,0.00660941586850137,15.0282835978317,"83436"
"Q6PCX9","Trim37",-0.85976683575937,-4.12383896426529,0.00618955864646644,7.30119495938747,"68729"
"Q3TZM9","Alg11",-0.86312537116376,-4.18665322820218,0.00577066413102167,13.8133034041907,"207958"
"Q9DC70","Ndufs7",-0.867500771006069,-4.27177553522071,0.00525281798645021,20.6349748771672,"75406"
"O88522","Ikbkg",-0.871286011375056,-4.34863950439304,0.00482971265381184,16.3205098417808,"16151"
"Q61475","Cd55",-0.873670419900373,-4.39869784574921,0.00457479875670533,9.96374065848611,"13136"
"Q99M96","St7",-0.875157825030538,-4.43059883627848,0.00442025659220363,10.4604101611695,"64213"
"O35071","Kif1c",-0.880531752291242,-4.55044704099896,0.00388999697766101,11.9337263703891,"16562"
"Q61193","Rgl2",-0.882595025821998,-4.59849161139823,0.00369787546749924,7.03237163117944,"19732"
"Q9CTY5","Micu3",-0.891778615840578,-4.82770785398408,0.00291706337567588,19.8533867398118,"78506"
"Q8C4U2","Tmem145",-0.899912993103504,-5.05499162200504,0.00232214413487459,12.6205120414032,"330485"
"Q80TE4","Sipa1l2",-0.920657377976816,-5.77690784224175,0.00117557695772171,14.1630410958988,"244668"
"Q9DAM5","Slc25a19",-0.935898783658714,-6.50773783964475,0.000627223381337119,17.6774889483001,"67283"
"Q8BQ47","Cnpy4",-0.936278846075908,-6.52912630567237,0.000616312455489401,11.8690831792578,"66455"
