"EntrezID","PearsonR"
"16467",0.960289870714276
"229517",0.950416914503767
"27058",0.935819240276396
"240334",0.928799991451748
"67526",0.913243192129187
"54127",0.910460850159013
"224022",0.908872962647567
"56812",0.901551941382631
"28015",0.897089397588454
"65106",0.884559309049331
"20515",0.882936082959836
"12928",0.879536273614517
"27205",0.879008405440178
"70533",0.875857944120972
"67097",0.874589878145116
"214063",0.87381435053424
"75687",0.873480128542913
"14802",0.87049346260532
"210933",0.863450089164641
"228942",0.861802435279758
"18166",0.860145184181058
"78428",0.860086581123492
"18120",0.849177585116181
"23897",0.847534708952127
"80909",0.846428429154845
"74229",0.845376791205735
"18099",0.843170237169472
"68581",0.842976084111168
"19377",0.840295949932312
"74316",0.835190698857259
"74450",0.827440929017765
"108707",0.827050276187226
"12054",0.825499336111848
"19899",0.821380410060592
"14792",0.821089190781966
"56495",0.818405577653545
"67841",0.818271669102808
"56494",0.816812693329073
"216134",0.815117500597715
"22365",0.81463183397756
"110312",0.814507328248249
"19274",0.814100565285839
"445007",0.81126713696329
"75617",0.811030388459739
"432763",0.8109562650243
"14339",0.810631321380031
"11750",0.807993854547553
"70178",0.807645008573303
"57815",0.807279817725332
"18458",0.804598498253055
"93684",0.804074636425115
"23854",0.802005779913549
"52858",0.801672760579476
"239364",0.799216215335976
"223664",0.798496531629697
"75725",0.797439821984626
"26451",0.796913795827064
"11677",0.796439206137211
"22353",0.795925745026243
"52589",0.794592583988658
"56348",0.79245591298856
"192167",0.789923231153144
"67674",0.789764086010754
"17254",0.789161911515601
"20055",0.789070840890634
"17025",0.788871026514812
"19159",0.788451165778518
"73737",0.787479718372165
"74091",0.784396720862234
"59288",0.7819567675126
"17846",0.781768546493548
"17035",0.781377291500826
"93734",0.779612273931808
"14702",0.772594503149611
"70757",0.771561539964788
"18189",0.771467336308898
"106344",0.771315581155578
"12539",0.768665254430487
"73666",0.766999447174757
"232157",0.76503950989938
"26908",0.764586999390061
"24086",0.763585200778295
"21924",0.761686194474274
"15894",0.760255249652339
"66365",0.75805299768165
"117197",0.756483358933357
"68015",0.753480367390797
"384569",0.752544131612688
"68524",0.752383118500548
"13478",0.752348873161101
"57776",0.751957233915232
"104069",0.750500759395589
"19942",0.748501374493314
"330064",0.74825222565204
"68592",0.747225517712886
"19826",0.745809656238494
"76273",0.744204611796337
"67881",0.743673922403576
"68877",0.743362560022399
"27425",0.743056575195324
"56433",0.742530883978499
"11972",0.742449787713297
"218693",0.742027314059657
"23887",0.741068785308756
"230991",0.740617093379829
"20090",0.740383894609621
"16206",0.739227367147077
"243339",0.738868353104853
"216148",0.738779349744841
"11769",0.738496280570617
"15183",0.737572215137603
"20333",0.737031380065458
"212996",0.735548298643229
"70231",0.735253363849411
"229543",0.735242009267926
"11785",0.734939076330192
"18693",0.734799399338992
"67845",0.73435222478905
"67755",0.73415286112235
"14872",0.73332451120784
"66126",0.730703922137768
"98238",0.730575497336882
"19821",0.730255610868368
"67116",0.730015840956748
"219022",0.729039844081569
"237500",0.728215088369499
"229731",0.728172908702163
"27366",0.727434959227579
"20335",0.724775418362882
"56440",0.724199967811132
"67788",0.724005299943489
"242819",0.723445777514942
"57320",0.723138349083103
"19243",0.722911669838977
"14084",0.722487986575977
"67955",0.721519068763096
"22282",0.721308569011106
"76132",0.719491137919915
"20085",0.719236322708673
"234353",0.719230523722738
"320119",0.718596759308308
"73825",0.718304014980305
"56330",0.717654001452583
"380959",0.716227396279258
"16561",0.715698029380596
"19762",0.715696858917975
"19341",0.713456522560746
"76108",0.711845557504104
"217219",0.711650766372678
"67618",0.711386686435522
"73024",0.708700282241637
"15481",0.708682913120239
"269109",0.708390378548786
"27398",0.708369255096057
"68942",0.708355266959622
"108689",0.707800968849384
"24057",0.707149168716822
"66167",0.706564124883845
"67830",0.704828063339698
"216705",0.70348671783351
"73288",0.702773939106242
"56273",0.702160690595261
"98221",0.702047516006991
"230959",0.701380731958086
"78651",0.70119912743005
"20316",0.699916819435644
"93765",0.699798525333486
"27410",0.699324312373398
"14635",0.69910013464993
"21780",0.698978900141904
"28126",0.698345874274058
"52857",0.697708452140055
"52389",0.696642229039776
"268449",0.695781433383772
"17955",0.695236977341567
"11829",0.694783075781029
"70144",0.694669555139129
"60321",0.694516035064763
"60597",0.694389437838349
"192654",0.693211200503088
"22192",0.693202054125421
"20227",0.692498381978606
"233877",0.692385377159793
"22230",0.692353172386062
"70052",0.692308233267166
"67166",0.692108965087829
"19895",0.691596587268611
"101118",0.691366414895329
"17192",0.69131784937953
"12317",0.690534729237742
"23802",0.688377048162486
"14325",0.687443693263615
"26398",0.686754971173718
"238384",0.686746244988391
"20687",0.686625396309778
"19338",0.684151746225306
"66625",0.684106779762839
"66995",0.68367405560994
"66212",0.683509359646284
"66821",0.683487103087708
"60409",0.682279726123416
"226977",0.681109824890213
"69215",0.680947793400085
"76302",0.680515559896363
"382423",0.680345010764146
"69149",0.678930029566045
"326618",0.678207797743071
"53319",0.677566956327942
"76630",0.676799401591307
"269682",0.675882708694565
"66615",0.675721770112118
"18647",0.675556819746502
"70082",0.675501518701449
"66855",0.67499168315795
"69823",0.674300378730188
"67890",0.674295074955143
"68052",0.673513209217598
"229722",0.673365101864926
"319998",0.672471193692663
"56361",0.672360136914694
"67923",0.670507389695232
"13663",0.669097404086809
"52846",0.668024201099275
"71302",0.667944586371254
"11932",0.667632751432833
"67774",0.667528960638327
"76897",0.66747485464668
"72098",0.66692993704091
"68193",0.66667243603362
"20174",0.666436772418019
"107435",0.665553631078448
"56369",0.665518802387763
"12558",0.665349771606775
"66513",0.664742356471497
"20042",0.664619967691917
"66387",0.664147136135681
"74718",0.664141918363168
"21912",0.663131977324927
"76846",0.663054122767863
"269854",0.661946435815088
"15572",0.661417678018596
"67452",0.661412243736604
"269061",0.660597186281826
"20597",0.660594295082665
"68526",0.65991084668304
"330260",0.659772340759111
"235415",0.659317324519173
"13723",0.657940246676472
"80385",0.65713452734972
"103098",0.65547250727025
"13690",0.65516658893618
"68032",0.654018473122477
"94332",0.653943587223574
"19989",0.652463233901691
"59042",0.652307466781624
"76299",0.652040003603018
"14167",0.651831978713887
"26931",0.651778325720053
"19335",0.651231243921983
"52696",0.650717096752842
"54446",0.650470005704509
"108011",0.650321036403196
"54598",0.649393132169168
"93730",0.649141811912615
"11975",0.647872798109164
"54447",0.647586679690211
"381921",0.647113744419447
"232288",0.647006036987264
"245828",0.646723311901283
"102098",0.646401282595107
"18719",0.646291036098645
"19934",0.646011760131199
"215210",0.645892914860365
"71449",0.645752562809682
"230082",0.645676224550703
"226144",0.645118368176226
"56397",0.64447706364665
"71805",0.644355973046963
"213582",0.643517219332116
"327826",0.643026846504172
"69459",0.642622038595597
"72759",0.642528314632561
"68796",0.642169405070614
"17113",0.641959684362745
"18408",0.641773842358937
"217843",0.641708821581287
"218543",0.641655990754673
"68925",0.641271732587519
"50887",0.641256607734235
"67809",0.640006943446415
"67088",0.639776520153731
"70461",0.638871075436399
"104886",0.637751417303004
"108097",0.636643754746378
"73047",0.636447336346906
"94245",0.636228252145206
"71835",0.635905426804314
"16825",0.635720079467861
"12304",0.635447283230978
"216825",0.63491017698455
"215708",0.634860976425362
"217140",0.634850005727225
"231887",0.634639244167712
"101314",0.633561242718334
"230793",0.633512427736401
"56398",0.632953843992575
"103468",0.632859587858557
"19079",0.632642004872876
"80912",0.632237633456309
"64294",0.632139227117472
"20195",0.631796734101387
"268390",0.631527618924141
"170822",0.631368427908313
"56032",0.631187563575268
"22088",0.629776624794221
"66973",0.629648712102964
"76959",0.629505595775539
"30960",0.628685873715334
"14489",0.628466592485547
"435684",0.628422568989729
"15569",0.628388555885927
"72469",0.627660894105024
"74498",0.627472677265765
"53356",0.62643674301652
"18103",0.626255281306692
"67439",0.625046300048681
"269470",0.624241309415253
"227743",0.623226201419506
"68576",0.623156045909476
"217127",0.622669254511081
"11671",0.622435896963886
"68038",0.621783472165374
"239273",0.61972592177704
"68051",0.619720910360108
"66632",0.61955671766852
"21402",0.619306396360335
"76742",0.618881977481685
"20818",0.618642709801973
"16890",0.618445456691741
"234384",0.617949466084397
"114641",0.617184189477837
"52690",0.616902743175183
"218038",0.616654594990486
"71927",0.616313656624824
"78935",0.61581739829797
"20511",0.615573517906517
"67458",0.614711484604527
"18537",0.614402894512766
"56187",0.614188940310136
"215335",0.614141581424301
"15505",0.613925721004657
"54411",0.613778483154021
"67282",0.613676285035266
"30805",0.613495816611802
"72008",0.612875709589823
"71729",0.612612142579453
"70930",0.612517231205018
"225283",0.612474310593182
"53975",0.612312504244009
"216238",0.612282163455643
"13871",0.612067255544805
"74154",0.6107066956653
"19245",0.610488944326226
"215015",0.610341081606488
"16001",0.609983395775615
"18632",0.609968453749815
"192216",0.60956351994585
"66317",0.608990033764112
"76263",0.608718462711009
"237730",0.608401389377964
"320191",0.608359997954459
"67285",0.608158363954775
"76932",0.608065048485968
"109333",0.607863463510584
"67865",0.607127614910791
"223267",0.606939996901654
"22183",0.606823184911788
"66682",0.606606395462602
"18174",0.606274972445376
"20788",0.605463484049951
"101214",0.604848455786701
"171580",0.604466620268499
"235623",0.604344867894857
"50875",0.603300740772147
"14865",0.601647494272255
"67902",0.60134982738861
"217463",0.601338222134531
"58184",0.60059835977378
"64704",0.600442206644714
"245446",0.600356266467922
"18706",0.600322535967734
"232023",0.600079040882802
"19264",0.599887459930826
"66590",0.598558207147426
"76156",0.598149835789122
"11836",0.597951311831619
"81489",0.597828913726073
"19170",0.597754961942838
"67767",0.597697724044178
"64898",0.597550836548115
"232333",0.596925057359771
"26430",0.596236396172766
"13040",0.595893336971321
"20084",0.595767678924801
"67151",0.595441016413549
"252966",0.595191956168548
"76938",0.594996018811888
"66087",0.594903129431359
"60365",0.594395177182117
"20630",0.593933768509778
"237847",0.592550043519948
"66556",0.592054258397837
"209268",0.591675474255305
"68634",0.591225711052493
"227522",0.591168920137174
"68981",0.591014445593516
"56530",0.590505000839288
"102058",0.59046346573097
"66836",0.590142405504192
"13202",0.590099904867068
"320506",0.589627042492002
"66870",0.589607307181013
"22687",0.589371485884302
"14082",0.58883281589531
"67157",0.588362638878939
"75452",0.587524153211254
"56214",0.587424396196578
"110886",0.587325340970507
"14688",0.586591398489238
"66223",0.586426465462848
"380752",0.586126152319983
"20454",0.585539147217887
"239126",0.585262967954142
"170760",0.585068674895459
"52440",0.585052542022372
"229706",0.584735928785247
"19981",0.584671920916847
"14402",0.584663861986902
"80876",0.583149411627021
"66645",0.582708666482728
"56807",0.582577558064907
"19946",0.582137715808196
"66343",0.58203408816166
"432442",0.581365600947907
"53620",0.580730712409062
"140546",0.580047717171188
"70769",0.579477462057657
"74617",0.578988788365986
"24105",0.578965175034246
"22330",0.578544489836229
"19378",0.577354418749187
"67382",0.576503555429787
"13340",0.576002146666
"52245",0.575893660545276
"20352",0.57584117958455
"13803",0.575023193984438
"319996",0.574295378916309
"19326",0.574229270989449
"18789",0.574200744876274
"226255",0.572856515812618
"67035",0.572569297023648
"22146",0.572303036223427
"20658",0.572222985246498
"20529",0.571467554236878
"67448",0.570925230973449
"54632",0.570525015741141
"14687",0.569776953215871
"68563",0.569721147042664
"333050",0.568957701401728
"73834",0.568413638537265
"54381",0.568317838129279
"99889",0.568244692737292
"14828",0.56784367184008
"215890",0.567756973071287
"71955",0.567618154126375
"140740",0.567445561226785
"105372",0.567370186324864
"18822",0.567329207542449
"56294",0.567070701062559
"72194",0.567060021635757
"58243",0.566585989307096
"64945",0.566532418080653
"56390",0.566317226096044
"11987",0.5662742544999
"214597",0.565731509565309
"57296",0.565673792270812
"58200",0.565623087546013
"68539",0.565422030966151
"20872",0.565249474565559
"229512",0.565047927733227
"13123",0.564891819102382
"74126",0.564600070879667
"18854",0.56347456390768
"234678",0.563238633421482
"14400",0.562865820474281
"30956",0.56172157785875
"20867",0.561719179209906
"209039",0.561149679416478
"56013",0.560864639836005
"72368",0.560700172146397
"380686",0.560040837984189
"72354",0.559694238888646
"20779",0.559677486733573
"72096",0.559672504496806
"230125",0.559666027316707
"20974",0.5589341772092
"19943",0.558497599337399
"22074",0.558485297840628
"26572",0.558107262570126
"66498",0.557729644796235
"330192",0.557161803457872
"319504",0.557138338091594
"12496",0.556801978134805
"66771",0.556345771933047
"26896",0.556136881760134
"26879",0.556110324718192
"94213",0.556051305636433
"21838",0.555549394116477
"218639",0.555130303330545
"231014",0.554661620878528
"20044",0.554364847262926
"228960",0.554211114698183
"331532",0.554085010670374
"15896",0.55375520012554
"11746",0.553559540278734
"53323",0.553476488461306
"27204",0.553334511764643
"56404",0.553022816094848
"75991",0.55133612996813
"19305",0.550751447830873
"20971",0.549312777351304
"56392",0.549285244744568
"67437",0.548589933742521
"228769",0.548103846596075
"56403",0.547367213983826
"19290",0.547229823189005
"16410",0.547041816807922
"71982",0.546928383986166
"217364",0.546540853697337
"72179",0.54635457656699
"66125",0.546195579025355
"68273",0.546035723437265
"18521",0.546029022081454
"13016",0.545950938495891
"75597",0.545642954061013
"21855",0.545588074594571
"98404",0.545499775255366
"69190",0.545081523220581
"319278",0.544932118907728
"52055",0.544033939198935
"73218",0.543996582526364
"15528",0.543980983947584
"12960",0.543528909920991
"100226",0.543464595835638
"239606",0.542870113537858
"12091",0.542414358562176
"330474",0.541594005144295
"71665",0.540950069268201
"67877",0.540745907601586
"66052",0.539963401490273
"67425",0.53967587326412
"20641",0.539527887828747
"27643",0.539444638131615
"66144",0.539063227050995
"21664",0.538856437465149
"67144",0.538524591012627
"14862",0.538388792689344
"75812",0.538192568120473
"19089",0.538143814986704
"66143",0.538011402098574
"67015",0.537893526958558
"79464",0.537546984574178
"14682",0.537491860814368
"74012",0.536809181303171
"74840",0.535680131477497
"225791",0.535182568219957
"17294",0.535120615887443
"13854",0.534862958362135
"21771",0.534853310600524
"233913",0.534772552648691
"56177",0.534651384347695
"69740",0.534448173190533
"224705",0.534152692268358
"97827",0.534079016916351
"67988",0.533793904218795
"56347",0.533722692730009
"56438",0.53353888661964
"238831",0.533353771812254
"76501",0.533243200357982
"320024",0.533110309690846
"67671",0.532986724055433
"20196",0.532588849513204
"55963",0.532553787615865
"12166",0.532128496053972
"69352",0.531507204972445
"56709",0.530981788249712
"71957",0.530770162507903
"26357",0.530700570916354
"16590",0.530672154581456
"69654",0.530540842565826
"71799",0.530330707634606
"11517",0.530214667656667
"103236",0.530089776121385
"56747",0.52966899033695
"75956",0.529466066055746
"229521",0.529337330690674
"21854",0.529228608974534
"69538",0.528986894325393
"245688",0.528764511701899
"18221",0.5286292351406
"109095",0.527594779994464
"77113",0.527353613242933
"242291",0.5268068572648
"66801",0.526573935929795
"97487",0.525583768461345
"72141",0.52543271455651
"74111",0.524973681435841
"22378",0.524883889363523
"71701",0.524770611278418
"77963",0.524316076036568
"17189",0.524113676464426
"27632",0.523460441758275
"52715",0.523363668615933
"11676",0.523240181504752
"12978",0.523157747857991
"382030",0.522983069799722
"252972",0.522606982559704
"67726",0.522361098670428
"11778",0.522317322212212
"97484",0.520604890613234
"65973",0.520302826501598
"121021",0.520171040188048
"54725",0.520073127967509
"18117",0.519969422267197
"102122",0.519850500397377
"27176",0.51974456366312
"67773",0.519419612611798
"72729",0.51917310448916
"26889",0.518971157146586
"80886",0.518715255269949
"18176",0.518516532610299
"76308",0.517895679743954
"76740",0.517239638879391
"56430",0.516725676734127
"27407",0.515954628725006
"66480",0.515945205338246
"319554",0.515869412356335
"20334",0.515398691873876
"102093",0.514836790403303
"14252",0.514515213585408
"66085",0.514440082705251
"30058",0.514335395912522
"330171",0.514039462345161
"233824",0.513731836954544
"23950",0.51331767206282
"270076",0.512582095527586
"19215",0.512280267641589
"12995",0.512152911588778
"240057",0.51150382638168
"67622",0.511421483760644
"22027",0.511180500474233
"60345",0.511137523529977
"13722",0.510856507992278
"231125",0.510829178939021
"70310",0.510766298398572
"71900",0.510704732706884
"66514",0.510702658579576
"19309",0.510650439218296
"64295",0.510511567252701
"69605",0.510432317354787
"11514",0.510323860770882
"212442",0.510034114919319
"271457",0.510009441756202
"112403",0.509682423375301
"26399",0.509568126998226
"331461",0.509094696374245
"67393",0.508597296274195
"13684",0.508455702726573
"63955",0.508223155638088
"73836",0.507373238657103
"224630",0.50729843927432
"22393",0.507091475446382
"22134",0.507029232507478
"26943",0.50648614667512
"18216",0.506348405253412
"14936",0.505701957266132
"224170",0.505631222652448
"66531",0.505336353883511
"100503670",0.504503516298025
"18231",0.504470358855023
"18704",0.504338698015394
"333605",0.504206214221438
"17762",0.504119006308309
"76763",0.504116063173583
"67958",0.503073532813212
"12330",0.50257747436218
"320007",0.502378687180768
"12759",0.501783197200507
"17330",0.501718316306142
"17306",0.501293590540458
"103841",0.501264950767031
"235312",0.501020223722003
"19896",0.500519194450102
"214897",0.500156429525196
"12505",0.499831105783224
"11844",0.499815003070756
"594844",0.49968685474492
"22380",0.499547667514166
"56150",0.498887040739454
"67579",0.498878421442919
"66373",0.498788429196297
"67023",0.498435224344419
"27207",0.49840965840613
"54445",0.498018084649302
"67186",0.498003988951481
"243846",0.497886296898846
"69863",0.497705877315091
"105787",0.497546914748363
"19291",0.496662700277822
"14299",0.496194238139926
"99375",0.495915843733558
"66354",0.495681756983262
"110893",0.495643503902305
"52915",0.495589056177109
"19063",0.495208272625679
"52551",0.49514148519086
"56085",0.494962793987394
"76425",0.494922197578346
"18682",0.49491848070537
"234371",0.494814265784824
"68118",0.494593903029346
"108155",0.494206713699155
"67683",0.494005967011961
"14066",0.493325507858733
"19385",0.493101802553986
"67694",0.492905257331231
"242474",0.492876454717288
"211187",0.492606027543725
"12034",0.492577106780906
"67943",0.492113748580286
"57436",0.492098862622929
"74375",0.492076385361326
"76877",0.491354745349404
"14571",0.491138847280902
"18585",0.491104755702573
"215707",0.491045740919541
"210973",0.490847296400307
"53883",0.490694751042015
"66827",0.490694733859605
"22632",0.490629546619365
"13602",0.490276741068529
"17120",0.489838994022096
"66049",0.48978800535897
"76487",0.489659406436604
"19359",0.488836224707453
"22121",0.488508357969181
"14348",0.488387961136008
"69071",0.488298117366761
"56692",0.488236181681002
"18720",0.488194301676727
"14113",0.488154405390423
"224143",0.488089230066979
"20341",0.487984447251181
"171429",0.487380529976502
"20338",0.487350958193948
"15228",0.487350615498524
"76577",0.487321662331919
"17319",0.48693453517593
"23964",0.486662467488872
"19035",0.486626795919274
"12890",0.486499001466118
"67198",0.486075665500107
"244886",0.486072774852578
"70998",0.485957451866935
"26420",0.485888299539897
"69178",0.485490658206297
"103724",0.484825246792561
"106672",0.484424203991732
"216169",0.484104890621997
"20103",0.48388896494773
"100732",0.483756991851642
"77305",0.483691717465961
"104079",0.483524337384341
"106861",0.483314424404115
"330401",0.483233445852468
"218460",0.483093743319487
"111173",0.482939016814546
"12424",0.482887326223565
"19345",0.48287858464845
"68043",0.482689344728258
"26950",0.482505407187718
"68837",0.482453731706824
"94064",0.481750340406737
"72129",0.481639758986858
"100900",0.481307431951537
"225913",0.481146666503555
"67442",0.481141580182175
"80976",0.481065688633387
"57752",0.48096891647449
"117198",0.480799611378292
"11606",0.480634310119365
"66660",0.480404455599597
"16885",0.480270177664603
"237221",0.480192305092706
"55983",0.47976434624409
"227737",0.479649384403925
"15468",0.479596415687463
"20742",0.479465710247862
"213539",0.479349307093339
"233908",0.479181834532239
"72949",0.479052813015395
"66357",0.478658543605974
"70568",0.478420520993523
"93739",0.47798692711305
"14263",0.477121377449672
"232946",0.477062751202686
"67886",0.476909349626207
"17532",0.476765668386586
"17876",0.476748449756119
"52206",0.47629391299639
"19070",0.476172293324849
"18573",0.476134383712366
"231327",0.475961629534692
"19708",0.475959643014625
"67728",0.47591360564941
"15516",0.47588883403764
"72584",0.475836479891008
"54338",0.475711310782449
"56248",0.47551532502335
"16416",0.475315656776727
"66055",0.475113260098373
"13138",0.474865726707217
"223455",0.474442103894783
"19012",0.474350069932145
"260302",0.474276826768272
"12827",0.474102691785418
"75423",0.473786105986356
"75695",0.47357963021987
"18483",0.473529690730563
"24050",0.473483336031088
"68292",0.473112502023881
"68149",0.472854281842718
"67068",0.472688935698128
"77407",0.472394288110689
"56207",0.47135315133967
"226982",0.471007529544606
"66405",0.470930696535041
"73711",0.47089433374704
"28084",0.470498602049244
"19283",0.470490898337756
"241568",0.469890627302553
"16785",0.469814503041814
"20401",0.469800768490807
"56351",0.469726279913901
"68365",0.46969117216689
"56795",0.469639379637889
"19266",0.46933091601524
"56274",0.469264030885467
"67043",0.46920241894438
"170771",0.469063205480609
"106582",0.468825387581698
"231464",0.468386671578721
"223696",0.468297162916487
"66286",0.468011101193611
"71617",0.467971392613656
"54473",0.467732609640362
"53605",0.467726470757525
"319734",0.467698266621595
"109778",0.466720311283197
"99586",0.46655338359386
"231872",0.466408727885757
"17470",0.466270262728428
"12177",0.465647453579406
"58810",0.465324810847858
"14755",0.464662098467207
"216197",0.464607649997818
"12721",0.463791000275123
"217737",0.463772015736882
"20462",0.463449588899095
"68708",0.463408981126734
"20813",0.46328090252245
"13595",0.462875109444095
"171567",0.4628571885701
"68961",0.462525620575083
"67460",0.462456311000091
"100039795",0.462388248621751
"107305",0.462225815611495
"18769",0.461926422751637
"192986",0.461919586079038
"56462",0.461916969621416
"19240",0.461367740184192
"68097",0.461255888191718
"54208",0.461048122962392
"12387",0.460415007240209
"22384",0.46015181559955
"213350",0.460135716515081
"67027",0.459872808258374
"235402",0.459787062545044
"18399",0.459623017396816
"50876",0.459344647869393
"14230",0.459211647084822
"14083",0.459132570038792
"65114",0.458943851381745
"11308",0.458688295101564
"20740",0.458686254018797
"75029",0.458631957356129
"71116",0.458212851633518
"26939",0.457924659769628
"19342",0.457923739951906
"27414",0.457548183269061
"228787",0.456741562875791
"66385",0.456671922817483
"94063",0.456465781646066
"29811",0.455258544829583
"214290",0.455124548198482
"56470",0.454895429462513
"68969",0.454734314832308
"54152",0.454481170801583
"21761",0.454425011569642
"70350",0.454300961051704
"110651",0.454291736579752
"231225",0.454159307028292
"16593",0.454054610239796
"213464",0.453987428034499
"105014",0.453944105783184
"268752",0.453483148609275
"66618",0.452913257158379
"83679",0.452382752465097
"107047",0.451798448091952
"20773",0.451768348245163
"69091",0.451493117925149
"320158",0.451274080913013
"12301",0.451174112676282
"241308",0.451132036642433
"227059",0.451026486919338
"66233",0.450835360801618
"77976",0.450658958466231
"70375",0.450633387226415
"68964",0.450163447353893
"66388",0.449620153622716
"27404",0.449566150242515
"11737",0.44946958160883
"67916",0.449461284387402
"216551",0.449171718889599
"70885",0.448702460457337
"80284",0.448690765558838
"11845",0.448429324677984
"54723",0.44821150779048
"56505",0.448024614284223
"99712",0.447969438459527
"67900",0.447719809282095
"70047",0.447604822781692
"56317",0.447226973113166
"11774",0.44708362431446
"11991",0.447046653107298
"23873",0.44694883892525
"73247",0.446714880050179
"27050",0.446643228093491
"65945",0.446574059632833
"12661",0.446411625802786
"107371",0.446177195533143
"239157",0.446030414158229
"66475",0.445942978190266
"67678",0.445737705061561
"78304",0.445542278102935
"27367",0.445441326457496
"22068",0.445215384214929
"56447",0.445199012894534
"246277",0.445052204769431
"225362",0.444699315420572
"59022",0.444516596669345
"229534",0.444468193328494
"66230",0.444436267283455
"66193",0.444267772927651
"17938",0.443151906074679
"20510",0.442933878391482
"53881",0.442566401587378
"107566",0.442260711159693
"20115",0.442098383510498
"71803",0.441949644713112
"22682",0.441901326805486
"18102",0.441843549721082
"102323",0.441621389246309
"12386",0.44155317698937
"53872",0.4411578214983
"75646",0.440915732516504
"67891",0.440498671775473
"103677",0.440436613927608
"74525",0.440001083081137
"26373",0.439695667607492
"74596",0.439117908684913
"67134",0.438434704062535
"19298",0.438111374566428
"17904",0.437806065803757
"110109",0.437722477134925
"210148",0.437538964013183
"140570",0.437511689560543
"64933",0.437197175119873
"51813",0.437165656477727
"29810",0.437019662806058
"233878",0.436833871759894
"69780",0.43682790114103
"74754",0.436500154906818
"623661",0.436414951652409
"57230",0.435393866496378
"74342",0.434945710664162
"14827",0.434873196269749
"52822",0.434458082607057
"68523",0.434177434831977
"53320",0.434074456620677
"102339",0.43402259662635
"233802",0.433800705282531
"11973",0.43361058476763
"77582",0.433527985351875
"14766",0.432130341330572
"76522",0.431530241986184
"70314",0.43102067714706
"12295",0.430966234670235
"69981",0.430908363436698
"71853",0.43082507599921
"22158",0.430621726209713
"100087",0.4305246652053
"170930",0.430255077369217
"110173",0.430182225345856
"57357",0.430159685492297
"213491",0.429934027503844
"27979",0.429817054571004
"16592",0.429693643183835
"54638",0.429335822765902
"330369",0.428963091605688
"110911",0.428855085565083
"76497",0.428528959910407
"56449",0.427971203226783
"71207",0.427756108026052
"30050",0.427369858277386
"20408",0.426926508702939
"117146",0.426797136358637
"53612",0.426596223352752
"378937",0.426458785883633
"20280",0.426225253600636
"13367",0.426163310629318
"98053",0.425972055151537
"114886",0.425718982699995
"232146",0.425156929835597
"18148",0.425027357951244
"75415",0.425007968347008
"69641",0.424937105597803
"216613",0.424859850530922
"52028",0.424688145492984
"68603",0.424668482754392
"72898",0.424192013448943
"230904",0.423876580003861
"19988",0.423765597677007
"66407",0.423273511161696
"26408",0.423125505308728
"56496",0.423084065823525
"223433",0.422905436144792
"227298",0.422854542402699
"23859",0.42266904006431
"243300",0.422197417867747
"67111",0.422143676703349
"22627",0.421769767783642
"279561",0.421591567498154
"76594",0.421510477237914
"277463",0.421487688242593
"107271",0.421450919738309
"208092",0.421362955981987
"54188",0.421285981308479
"94062",0.420098217285507
"15547",0.419432920743267
"54131",0.419384601908157
"20541",0.419063484465709
"102141",0.418458837525525
"83962",0.418444917944306
"20383",0.418274973110432
"12919",0.418176481935953
"11767",0.417982212683857
"383295",0.417570564672955
"74189",0.417532960726552
"223921",0.417278929647929
"17883",0.417274513408786
"71330",0.417257146427149
"233189",0.416819602363356
"53860",0.416737344349883
"71228",0.416622510965445
"67125",0.416597479179623
"21923",0.416566474691935
"66713",0.416503019912267
"74007",0.416492520638981
"101437",0.416191833080507
"67979",0.415782779277366
"56334",0.415765559948628
"98956",0.415263394925053
"403187",0.415256207224253
"20222",0.414543784379666
"109900",0.414242962927468
"70186",0.414213616703087
"72562",0.414158831379797
"106039",0.41402839164428
"217944",0.413925043658298
"19262",0.413598228569837
"66119",0.41351229782976
"432508",0.413445811093837
"19157",0.413326637668672
"18983",0.4132702194585
"67014",0.413014791515944
"70387",0.412472705320231
"69499",0.412313712966253
"76789",0.412045188384478
"110147",0.411621415056926
"230126",0.411487002803225
"11842",0.411343851002248
"228071",0.411070115338393
"22070",0.410976681472615
"63985",0.410921042097465
"20905",0.410912663237372
"107035",0.4108451181257
"14810",0.410409171415978
"26458",0.410306848422872
"228026",0.410251508646643
"27784",0.410250281405998
"18709",0.410153679929387
"242384",0.41008236091215
"56077",0.409799711179252
"14396",0.409693776054135
"66231",0.409479947041501
"17126",0.409219784919688
"16517",0.40864027915225
"27681",0.408538638185172
"20692",0.408473960527114
"57751",0.40837760119171
"20014",0.408252247559674
"67391",0.40819436837108
"12380",0.408155212809588
"66082",0.407425685645596
"69597",0.407143858599176
"70397",0.407060162364367
"231801",0.407032513638578
"102115",0.406751320740677
"74117",0.406406893075793
"69077",0.405342628219171
"12064",0.405053432250731
"211499",0.404531558419429
"27103",0.404361303750032
"14712",0.404301988302026
"80708",0.403959746760108
"68147",0.403836089349375
"192970",0.403750718294963
"26568",0.403730935441361
"19182",0.403701616509536
"102580",0.403650523885545
"16898",0.403401475532566
"50850",0.403343823342094
"68436",0.403343196821737
"223649",0.403279271756863
"16341",0.402998925831023
"269252",0.402812483672148
"18679",0.402339286953055
"269037",0.402334537383794
"14151",0.40207838271662
"57278",0.401872166582724
"20935",0.4018108649923
"26894",0.40161768781683
"18230",0.40133795841732
"75705",0.401289694644163
"11480",0.401180834931038
"238988",0.401090360000117
"69150",0.400982348251585
"12282",0.400929123485342
"54609",0.400904309451611
"64337",0.400182665350184
"69582",0.400129871554196
"70892",0.399740074961577
"14050",0.399683977883239
"66530",0.399578145354002
"19210",0.399454528654326
"57754",0.399254090586483
"14814",0.398970020053448
"11803",0.398889419268755
"328232",0.398887324442643
"232187",0.398778837729602
"18604",0.398769322042953
"22631",0.398142456433397
"58802",0.398126688801009
"68845",0.397995371150138
"72948",0.397958503659554
"12262",0.397823261798028
"69804",0.397613850316348
"66191",0.39728787122897
"68083",0.39723430921407
"67145",0.397064244996157
"15519",0.396958421192328
"66569",0.3968391262637
"103694",0.39663597024051
"20606",0.396488383093665
"20116",0.39608831906871
"76608",0.39598586770026
"13628",0.395708094057137
"230866",0.395676141116002
"74080",0.395538528375322
"78373",0.395497161245285
"20255",0.395486499298716
"237397",0.395354313924121
"59043",0.39502252167178
"74013",0.39485436642611
"14251",0.394007248679786
"17884",0.393988138201287
"17274",0.393381158422158
"18164",0.393280488043205
"54526",0.393102020165833
"224250",0.39305914555576
"81910",0.393034769033316
"214459",0.392749360041714
"18412",0.39237111023249
"227624",0.392230414595069
"17242",0.392014647482263
"69957",0.391465919704053
"18386",0.391437470137542
"212712",0.391429303334756
"102632",0.391391601385187
"70417",0.39135942564149
"22367",0.391165501987063
"13877",0.391082193292145
"227154",0.390917334505664
"269952",0.390761896102081
"76183",0.390759768540148
"73830",0.390634480245219
"13548",0.390538511284569
"13839",0.390464351944317
"23999",0.39041416950212
"74998",0.39028285848754
"330050",0.390089351302627
"74455",0.389460779071385
"223691",0.389284485297626
"64051",0.389121804372601
"27277",0.388753258194989
"215819",0.388710223001814
"69038",0.388631838446524
"93687",0.388560569717235
"677884",0.388504148213799
"13542",0.387933947470228
"636808",0.387622152098593
"76051",0.387421670886697
"69456",0.387289466202161
"214498",0.387243880844651
"210801",0.386936932523425
"70530",0.386835094517935
"96935",0.386637948948065
"67897",0.386527657004439
"74551",0.386461118586714
"27388",0.386227460183467
"192197",0.386012388770918
"69674",0.385869044766685
"74004",0.385800531370676
"68991",0.385762931248806
"67397",0.38559276402181
"15163",0.38555207778651
"67564",0.385493449415237
"19255",0.385483987358468
"105853",0.385259434211613
"54196",0.38506472265064
"53330",0.385053789087398
"13199",0.384908620477414
"68275",0.384794175984376
"67500",0.384279891120094
"68944",0.384007635653342
"50927",0.383777787279734
"80718",0.383773835836198
"56715",0.383561073350569
"11840",0.383382115382428
"16418",0.383382085166019
"66511",0.383182657722646
"210274",0.382908854522467
"11984",0.382795432705773
"76886",0.382728105945078
"53861",0.382714212528994
"67201",0.382663741222064
"76142",0.382357717260876
"224619",0.382356678577702
"74246",0.382206906188157
"11639",0.382197335573871
"230085",0.38174585879231
"277414",0.381547321349254
"76916",0.381511427875008
"54393",0.381431054925717
"74237",0.381240003790696
"72585",0.381128827900138
"226098",0.381124224170417
"66433",0.380636430090809
"20467",0.380480041838074
"226251",0.380409767761587
"211446",0.38040441756207
"68497",0.380345826903426
"18107",0.380073679714969
"56524",0.379845004319851
"72029",0.379814314146439
"14004",0.379782897128377
"68614",0.379726189308506
"77521",0.379616543189823
"224111",0.378967025733819
"66448",0.378780479257412
"66469",0.378752555794697
"75686",0.378551925311318
"16423",0.378465833023011
"106957",0.378326698234469
"22066",0.378258930129682
"57317",0.377942814472673
"216150",0.377894012979799
"56484",0.377886796378662
"97112",0.377788306107758
"20817",0.377722242131661
"54391",0.377661767106002
"22247",0.377426147051791
"29873",0.376883998643992
"19353",0.37554122448931
"216344",0.375460133366931
"16795",0.3753700505283
"192156",0.375313505310004
"20269",0.374974099022617
"67898",0.374855164722777
"14184",0.374795191940475
"219149",0.374593667140449
"17169",0.374153634410669
"66810",0.374070144992359
"269788",0.373980348411569
"78232",0.373953601626092
"229759",0.373409781351532
"53328",0.372839353668601
"67456",0.372637537538397
"14457",0.372598822014529
"15168",0.372533889254032
"17380",0.372438793506405
"75747",0.372203222623363
"23912",0.372168425039976
"70620",0.372111793283356
"75717",0.372027748244073
"54003",0.371836189814945
"70294",0.371750323705662
"216856",0.371528643928943
"103466",0.371443772733062
"234515",0.371431026920442
"26942",0.371267814190736
"18475",0.371046707704128
"209131",0.370997061354785
"67804",0.370983618201369
"17957",0.370796467016619
"13653",0.370769328146159
"14672",0.370623142385906
"56298",0.37059173995893
"75475",0.370570477307688
"70564",0.370535370152586
"109359",0.369740505711485
"67433",0.369260465416812
"74770",0.369095344884478
"11432",0.368924975171403
"56195",0.368554599706763
"67568",0.367575960110472
"234378",0.36752951313001
"26412",0.367370769998198
"67028",0.367354364114728
"319387",0.367341494819607
"270066",0.367336064686236
"71919",0.36717107152977
"52635",0.367099093178
"215449",0.36706687395469
"50933",0.366820837444023
"67994",0.366627869487789
"13850",0.366381211415713
"11983",0.366171190314981
"18481",0.366064132293245
"67270",0.365780138216041
"16514",0.365695422770191
"105653",0.365674717238121
"26570",0.365611471910775
"51796",0.365182974459265
"241175",0.36507949695624
"66880",0.364937840810294
"15288",0.364699414779614
"386649",0.364188370171196
"66073",0.364140660583451
"208076",0.363895944957509
"319655",0.363851581756735
"170638",0.363658780085559
"69568",0.363595043733983
"13480",0.363466706855861
"18183",0.363043497633249
"11981",0.362983417402222
"19099",0.362938663288987
"68075",0.362810626007202
"55989",0.362690159276817
"27370",0.362470405558171
"71833",0.362453158651804
"71966",0.362402513656034
"72825",0.362257343492619
"26611",0.362200795325049
"66054",0.361931896602569
"27045",0.361702822577705
"20907",0.361339664676322
"56378",0.361197740280758
"69232",0.360969488379171
"11775",0.360555457090625
"26419",0.360527341613245
"66398",0.360487629530012
"18549",0.360466819905211
"94214",0.360102881240265
"53598",0.359914895716412
"59095",0.359824280624408
"12569",0.359500606735193
"12406",0.359477014926849
"14790",0.35942043100567
"14977",0.359401635478071
"72508",0.359252662565382
"380785",0.359123897433873
"208691",0.359054618452659
"20527",0.359041972543159
"231874",0.358831218124232
"71409",0.358525396724515
"65964",0.35847152108871
"230393",0.358417004300956
"71780",0.358362954878847
"19192",0.358306021715201
"209815",0.358275705221755
"19156",0.358228412905681
"217232",0.358038898691188
"66366",0.357740601927644
"68328",0.357714416933867
"66185",0.357682202648723
"94185",0.357368007358752
"23955",0.357347357289495
"17357",0.357064932513418
"12904",0.357026848161408
"225326",0.356870861261674
"67826",0.356739982724727
"65105",0.356329843299596
"58194",0.35632576267464
"80281",0.356099873633881
"213484",0.356022504675158
"319277",0.355953656822847
"20751",0.355788379386081
"231386",0.355709181209268
"76808",0.355708526703866
"14700",0.355557436608365
"27008",0.355537551105185
"107732",0.355515993050811
"12794",0.355450690958484
"20970",0.354982827319825
"16404",0.354912954440424
"110052",0.354120014249045
"329251",0.353697390505864
"330216",0.353648374817296
"67941",0.353569906329869
"76863",0.353253162393092
"24045",0.352605193132584
"20965",0.352494761514702
"20266",0.352175903937376
"228359",0.351743681178351
"68011",0.351658316803932
"53312",0.351443546212798
"18676",0.351103375760016
"19184",0.350903594736839
"97387",0.350559149492536
"68035",0.35043115284266
"72047",0.350214797182738
"18004",0.350090772949105
"381694",0.349979732434842
"208643",0.349846098623826
"228061",0.349807998726059
"78689",0.349782646787117
"12260",0.349768263573834
"14225",0.349543927569323
"21833",0.349312418742631
"66967",0.349143940560336
"11800",0.348849513846479
"28042",0.348739675838158
"19704",0.348674151490935
"72649",0.348449208131593
"16430",0.348390490478065
"67903",0.34825228655587
"16790",0.348198185944892
"67160",0.347991801274499
"83922",0.347928016832668
"67199",0.347916840062117
"235442",0.347630246640523
"72930",0.347590007018867
"66854",0.34715150579427
"236643",0.347056663339465
"238880",0.346612663556451
"19164",0.346428225934024
"12417",0.346356748036491
"13446",0.346161448319025
"14228",0.346052428611241
"64143",0.345842868321949
"70155",0.345791416940524
"58187",0.345700497843557
"67089",0.345028589489626
"11819",0.344875944900611
"217331",0.344789914713663
"20512",0.344675842397353
"20595",0.344495860655625
"68598",0.344404110019481
"20312",0.344387560903951
"74197",0.34412335346667
"67784",0.343944951944342
"50524",0.343429615565445
"19172",0.343422799210166
"18217",0.343381979124215
"19346",0.343262438156815
"23836",0.343253039135503
"67427",0.343213258193216
"67894",0.343202588299244
"26413",0.343081544941624
"67286",0.343062800219207
"76574",0.343053656641655
"18786",0.342998831778646
"67493",0.342889544050133
"67115",0.342774086471516
"108682",0.342758436481827
"75841",0.342742032199785
"56786",0.342622936992246
"104923",0.342488259500823
"69227",0.342165598815229
"14860",0.34195421540614
"65019",0.341938515424593
"69574",0.341890026518101
"68552",0.341734093819966
"11886",0.341598588193439
"72780",0.34155953941567
"68192",0.34110528358075
"214917",0.341081523147369
"666794",0.341003297494349
"18569",0.340827157504324
"67840",0.34067847929214
"217715",0.340660861511239
"19328",0.340100654281542
"80915",0.33992884802595
"67707",0.339914870130663
"234695",0.339731015192165
"57780",0.339709320342215
"227731",0.339433662717615
"66291",0.339226922222408
"69940",0.339194832004836
"66315",0.338982337954648
"18150",0.338915027241998
"68215",0.338660171117989
"110355",0.338531160341624
"16506",0.338454109867227
"12426",0.338356165694758
"272396",0.338355562554921
"22217",0.338113958993026
"14469",0.337918228978784
"22214",0.337817200616929
"269951",0.33778553599409
"211948",0.337689554598203
"54401",0.337630377168033
"19655",0.337260136727949
"101489",0.337177199541121
"100503659",0.337108184845306
"51885",0.336926880757894
"108841",0.336826057986853
"230235",0.336779436788367
"326622",0.335875619960059
"76161",0.335664687770368
"17690",0.33545028119799
"29806",0.335429131874513
"108147",0.335041355314193
"67838",0.334694238801546
"66914",0.334689368060793
"223723",0.334677505066758
"66060",0.334640913024086
"217011",0.334556053062229
"22033",0.334461342824502
"233315",0.334142024334203
"67772",0.333907128692221
"216805",0.333708211024619
"66610",0.333307585850818
"21987",0.332893939827562
"93692",0.332792843112134
"14105",0.332632852153962
"50797",0.332487983261285
"67790",0.332262335019149
"68291",0.332098248218814
"26445",0.332084582801528
"140721",0.331895006254079
"224105",0.331867413884478
"58249",0.331839589618875
"64385",0.331763005197493
"57740",0.331749043416687
"217830",0.331017195131475
"105245",0.330986504378107
"11856",0.330971823493907
"14232",0.33077806646942
"217473",0.330749312699504
"67738",0.330681235612357
"15381",0.330617994293391
"74204",0.330606276606497
"11519",0.330492442796757
"81702",0.329718845692877
"70335",0.329358401605366
"77045",0.329265414507626
"229004",0.329199272802815
"20102",0.329172008543033
"231207",0.3290882354525
"73919",0.329045346794691
"11966",0.329017087102489
"226139",0.328988344485398
"14547",0.328739713858071
"217707",0.328722229008696
"66271",0.328707875283796
"19357",0.328291799243326
"17260",0.328093259187648
"69906",0.327993744000244
"67367",0.327919665696335
"30928",0.327892442285734
"217733",0.327885572188559
"14282",0.327812430322045
"13001",0.327641161259904
"56213",0.327469245445486
"14704",0.327383205445645
"13002",0.327047767389456
"226025",0.32701564533692
"108013",0.326942741381892
"66656",0.32690579645419
"70829",0.326724969771342
"66867",0.326503857704325
"15203",0.326310521279921
"14874",0.326254776544316
"211007",0.326226402348654
"15331",0.326144580389066
"209003",0.32602937110883
"383348",0.325938901889987
"74098",0.325892262792329
"53602",0.32581791871807
"80749",0.324306451471313
"664994",0.324245121484924
"68449",0.324069517052232
"56508",0.324010705571818
"245474",0.323978875494917
"66440",0.323864274644458
"22784",0.323734124888921
"68106",0.323592246870535
"11821",0.32340725881253
"12237",0.323395429857501
"381629",0.323187187241732
"65079",0.322999000361927
"217379",0.322812559554342
"20650",0.322337081619826
"104009",0.322314900859679
"67803",0.322259945690714
"15239",0.322257172075904
"192287",0.322099422251701
"225432",0.321826714784262
"353190",0.321110253224322
"12039",0.320611198699555
"72736",0.320360952036012
"19982",0.320124846400701
"66585",0.32011259795106
"14533",0.319951933065386
"67048",0.319741426185849
"118451",0.31959574769945
"321006",0.319558188321507
"55979",0.319201879659168
"105847",0.319108636243123
"209318",0.319061383516846
"68401",0.318884848865553
"210925",0.318649347980921
"74252",0.318610748253131
"15482",0.31833969693559
"104401",0.318083438764756
"14077",0.318060422363137
"217365",0.318057603079254
"56299",0.317949418320293
"77975",0.317854791519922
"20932",0.317814870107893
"66939",0.31779955581379
"54380",0.317670350474037
"19276",0.317577638555078
"28006",0.317548094258562
"56350",0.317534598919686
"12293",0.317333428440823
"102774",0.31727702087698
"20729",0.317226974351909
"68034",0.316821947405305
"338370",0.316768574958727
"54371",0.31650881402431
"231868",0.316224976454819
"320827",0.316152887088659
"100637",0.316058289879525
"26893",0.315957097205541
"78926",0.315756905079847
"108058",0.315663169922962
"72607",0.315637306862932
"237782",0.315371167197959
"319625",0.314923951066779
"19387",0.314901995384037
"67429",0.314848402254234
"67808",0.31457773431062
"26372",0.314444127902737
"51886",0.314432601812783
"211739",0.314338414261257
"77371",0.313706456613522
"72552",0.313591680148016
"73340",0.31345517264359
"242425",0.312611090110371
"94190",0.312528852671626
"19091",0.31240092363775
"545486",0.312368656912305
"76282",0.311533607587556
"20657",0.31152514532598
"52357",0.311332108074472
"107071",0.311317854821103
"13033",0.311160255138653
"218490",0.310902105961472
"381979",0.310737880082037
"13179",0.310621044774287
"244058",0.310414186814247
"53869",0.310060075541827
"106504",0.309178923129378
"109552",0.30913772816887
"218440",0.309131918493259
"22141",0.308962213922943
"338320",0.308851817448242
"229524",0.308763134786116
"100042480",0.308601363168829
"110854",0.308546565111485
"19175",0.308208104890191
"66259",0.308181008393702
"11881",0.308175665276305
"12168",0.308172592322423
"20826",0.308155806870393
"59029",0.30781476077336
"100126824",0.307786810923082
"321007",0.307650833410356
"217124",0.307496373479426
"57377",0.307362322349099
"29877",0.307226736188696
"243499",0.306936623104911
"18484",0.306751292602017
"15568",0.306411394693386
"76332",0.306168329406421
"72157",0.306091110080741
"108143",0.30603312615201
"18007",0.305177410160528
"77065",0.305138851422448
"16668",0.304702641267216
"14628",0.304688842594245
"72068",0.304541972723002
"66845",0.304437642073568
"13992",0.304165720700845
"16170",0.304047146259281
"56441",0.303985608955048
"21453",0.303767431856291
"14694",0.303650923988966
"78655",0.303409701925878
"68818",0.303322695574032
"66921",0.303207400512256
"77951",0.302932816370393
"15502",0.302787758246482
"227632",0.302740253197408
"20617",0.302688575413034
"320840",0.301851172689075
"16653",0.301838312501391
"58237",0.30171777510049
"11784",0.301428683952176
"268741",0.301425149523742
"22628",0.301226146763781
"13483",0.301050685383788
"14976",0.300827648991466
"18016",0.300648219677409
"52348",0.300497487057858
"64297",0.300420691684036
"23908",0.300245261002524
"94281",0.29996315116389
"20005",0.299852129540914
"11491",0.299734805302215
"230075",0.299615686476891
"100604",0.299452394658445
"68240",0.29932267349269
"68135",0.299263675267594
"14261",0.299257452910846
"103967",0.29917149872989
"70612",0.29897364385448
"15511",0.298914794513457
"209966",0.2987429604413
"67489",0.298483095750449
"26409",0.298391393935016
"94218",0.298351030606402
"50529",0.298317293341642
"12305",0.297960710234104
"67154",0.297890563846978
"227696",0.297782044719017
"105722",0.297723943489058
"19267",0.297630462410788
"16010",0.297601894582109
"245880",0.297577611751929
"98170",0.297480293770439
"236899",0.297348629991563
"245886",0.297048469526384
"20901",0.296795635724786
"223527",0.296491802434577
"257635",0.296191668775265
"69920",0.295988423436842
"280662",0.295904914854327
"68385",0.295891651455901
"56531",0.295700892771311
"70456",0.295665335289689
"320011",0.29561365661236
"19273",0.295555091443507
"26457",0.295452489387706
"69305",0.295172147064009
"97761",0.295148242629318
"66998",0.295146939191647
"68597",0.294750655397598
"269536",0.294706004268661
"57321",0.294667842268164
"23970",0.293768690704154
"94221",0.293738570922008
"66648",0.293596713454465
"66411",0.293301678656403
"107767",0.293063694466498
"641340",0.293045944535599
"16952",0.292964908075232
"244373",0.29286083558692
"235044",0.292800192543817
"105859",0.292779704749119
"22235",0.2925693436602
"13200",0.292394531099904
"80860",0.292355832885037
"66397",0.292325235960811
"67075",0.292154832909702
"28075",0.292149296249077
"231871",0.292142687559644
"230868",0.29186261309501
"72185",0.291702316437888
"93742",0.291457043549486
"21429",0.290974661997213
"100169",0.290786039922716
"331401",0.290594798448629
"67516",0.290518137146555
"223978",0.290405874967669
"26417",0.290268541849655
"69878",0.290256467493597
"71989",0.28970212009711
"109154",0.289683387782928
"241919",0.28959101636961
"14674",0.289427041373446
"102247",0.28928692689602
"69709",0.28927476197293
"328572",0.289259722851857
"12283",0.289144509572361
"210998",0.288741696080126
"433926",0.288527484536628
"53413",0.288422883183223
"217337",0.288410238473689
"66384",0.288211819825783
"103784",0.288177520298369
"68219",0.288156021884925
"68090",0.287379811528555
"73710",0.287173722814849
"12340",0.286979051778062
"50783",0.286772968038591
"72821",0.286751390031482
"26407",0.286620402762574
"66148",0.286398852259812
"13494",0.28631812833425
"68347",0.286214430808473
"207182",0.285969223136542
"16650",0.285889844661651
"72726",0.28582479436895
"11416",0.285724698019498
"29858",0.285638183316294
"114479",0.285266621162592
"11797",0.285190335491864
"18744",0.285066252814625
"22123",0.284999343001168
"11421",0.284978379044417
"19270",0.28473177173293
"23881",0.284637256185715
"266781",0.284208750189941
"66044",0.284126819563506
"28035",0.284016501331762
"51797",0.283632068743982
"70359",0.282860425949538
"52898",0.282737138457466
"19337",0.282374632441076
"20823",0.282321745480226
"52132",0.282258877724579
"11980",0.281967557951093
"69786",0.281340700045735
"16783",0.281268291717682
"240028",0.281115514965104
"338366",0.281006898737261
"66566",0.280839017595204
"67959",0.280668467651446
"72201",0.280571674412877
"12725",0.280425992070525
"66606",0.280396204938422
"57808",0.280324878773267
"230718",0.280234913367117
"53420",0.280058854904731
"108123",0.280004550057661
"17283",0.280002584645775
"225583",0.279944800364457
"26394",0.279810912327493
"27387",0.279690196793364
"140858",0.279471284848234
"70804",0.279468959084921
"72404",0.279110331578843
"12876",0.278917317516632
"67812",0.278860086159651
"234267",0.278462242463717
"14109",0.278460943941109
"319594",0.278448020755372
"223601",0.278404029139725
"67883",0.278219466597808
"11640",0.278008851533611
"23934",0.277942771745774
"23888",0.277772189969329
"22696",0.277448830578937
"96957",0.277399115706254
"12069",0.276777061799575
"231413",0.27676196600537
"230903",0.276752566375965
"12757",0.276648486454298
"102857",0.276637411220734
"70911",0.27650435683569
"235283",0.276455905221929
"77987",0.276309696105888
"69556",0.276249309677908
"12653",0.27623133568599
"252870",0.276047706763076
"20539",0.275970249009812
"11793",0.275767833321042
"67163",0.275726484625472
"22213",0.275451584654572
"13642",0.275440753858223
"66175",0.275200966139145
"93686",0.275185562488253
"228983",0.27491615706587
"102566",0.274544245251565
"20354",0.274419523425742
"114301",0.274308629168164
"67605",0.274298162968218
"22342",0.273825289234584
"70296",0.273335179057378
"16150",0.273205654132253
"74411",0.273123321983358
"19951",0.272844177933012
"58809",0.272538571561524
"103136",0.272487976294381
"27220",0.272421468374502
"19280",0.272054817298092
"329828",0.272008906222244
"15959",0.271782630124682
"27055",0.271698175597722
"66413",0.27164959301786
"216156",0.271501600096074
"94229",0.27146980967432
"59053",0.271460373501305
"17125",0.271337893781724
"67871",0.27118956695114
"56292",0.271101557698331
"140919",0.270963518981562
"18477",0.270798525760975
"208606",0.270734375094279
"70394",0.270584828503842
"11820",0.270414275561116
"12491",0.27014267965623
"18760",0.270091846289745
"12822",0.269873353491077
"66912",0.269780094241022
"234852",0.269337873476611
"20410",0.269195352757597
"100037258",0.269152068550993
"106633",0.268959586336957
"277468",0.268958510864655
"74011",0.268889469793398
"12564",0.268473592914303
"12724",0.268087543185688
"170711",0.268064307643334
"20638",0.267938237947299
"59012",0.267518135593116
"74720",0.267512041375895
"74125",0.26747658082714
"11545",0.267426963861444
"16777",0.267255687624472
"67515",0.2667510120961
"238205",0.266648138410948
"170791",0.26638203225653
"18032",0.266297111622394
"83704",0.266286157269977
"17939",0.266152936328525
"19186",0.26601572920579
"76295",0.265802860412781
"19344",0.265709830609629
"16581",0.265395220939274
"105727",0.265348796798507
"26757",0.265234535035723
"74187",0.265193077354183
"66048",0.265027533432566
"56395",0.264893587900093
"74486",0.264790835869968
"70316",0.264737032723286
"71743",0.264601400432021
"57294",0.264435951413903
"19141",0.264378649069944
"17777",0.264199876702187
"17118",0.263975650279269
"13869",0.263574744091618
"57750",0.263548294445441
"70008",0.263405777918647
"192185",0.26327754370763
"382253",0.263204169521246
"235180",0.26292487865018
"16522",0.262798133595704
"22329",0.262786112830917
"54122",0.262716388417079
"73242",0.26245724387184
"27494",0.262240035726803
"18145",0.262142143360535
"72461",0.262006523012279
"12036",0.261982487878252
"20202",0.261969003151375
"56354",0.261820454132573
"30933",0.261242860461316
"232286",0.261241039705351
"20404",0.261216861601616
"56215",0.260999561584885
"170571",0.26091190199532
"66871",0.260770436825779
"72542",0.260737668208146
"76813",0.260582094605894
"93843",0.260148088603646
"74349",0.25974389491893
"69684",0.259183884464313
"13052",0.259166818084235
"276770",0.258975492400135
"20869",0.258252233122041
"57295",0.258133533597935
"107747",0.258091799973266
"76809",0.257708508357586
"103850",0.257707178302947
"66164",0.257659949593551
"18759",0.257431168320783
"22346",0.257282608288755
"26558",0.256984226815378
"18749",0.25695902850049
"66690",0.256934792836113
"140810",0.256910864804191
"74192",0.256588381633624
"270893",0.256402477237626
"11899",0.256397805048197
"213990",0.256130948157
"11988",0.255925477807161
"71968",0.255815929180746
"14359",0.255594934955198
"170762",0.255565524305775
"66917",0.255507798968572
"81898",0.255493194544949
"53331",0.255429131091783
"231760",0.255305904496055
"107650",0.255246719324854
"56194",0.255113229139382
"226089",0.255002709896554
"71760",0.254685942938887
"17183",0.254525503551633
"74100",0.254487121426486
"64655",0.254160839764157
"57874",0.254104092501042
"270097",0.254057645059751
"209027",0.253891280200347
"116733",0.253760464188699
"11782",0.253168106272217
"381290",0.252786277753005
"20643",0.252582204918212
"71752",0.252467027351211
"20917",0.252321467717384
"20624",0.25229538779586
"107939",0.25227069183922
"330267",0.251801877136755
"227659",0.251799744447542
"22210",0.251704653908779
"51799",0.251571805755262
"319939",0.251351205962241
"54403",0.251172982524452
"72170",0.250869408016493
"19069",0.250676229563914
"16796",0.250551816670167
"20230",0.250403767011157
"18572",0.250226115230902
"217779",0.249954171230897
"83921",0.249681174687603
"27377",0.249676998931668
"15191",0.249661269692073
"193740",0.249556897990783
"217038",0.249110298398992
"231670",0.248915761166998
"215494",0.248905786312075
"66975",0.248705863417691
"19092",0.248669309347696
"240514",0.248662628407622
"11302",0.248659149127805
"76686",0.248616368271694
"100340",0.248589318192962
"103266",0.248403567551752
"66290",0.248393106134962
"11758",0.248386192409684
"74762",0.248263866119069
"20166",0.248005337740451
"20254",0.247824528914433
"217666",0.24772506764779
"13665",0.247628714953771
"380702",0.24755758803659
"15439",0.247434593187067
"67295",0.247395481570297
"64136",0.247386166601756
"22612",0.247060667864402
"66201",0.246993887440652
"11488",0.246738480322216
"56703",0.246561337740406
"22229",0.246544350455648
"52837",0.246516858883484
"13640",0.246390356469239
"19132",0.246377999910313
"52398",0.246122775445621
"19662",0.246107263141532
"26440",0.24583327762787
"233489",0.245627400159686
"319924",0.245549401068575
"320129",0.245421600974014
"28106",0.244856769451202
"68606",0.244441010590779
"71998",0.24396470776435
"56224",0.243937946569422
"68927",0.243598785236788
"58188",0.243514287377964
"14127",0.243289406933109
"67980",0.24319912771749
"70470",0.243099634058795
"72787",0.243078239824669
"193813",0.242999647293662
"70640",0.24257472580509
"72033",0.242414372944243
"226562",0.242346327819861
"66787",0.242063902110007
"320495",0.241888851260081
"75409",0.241644001374216
"24116",0.24119314463083
"94353",0.241191041159501
"67210",0.240641275823031
"52588",0.240421002741784
"66273",0.240321445485422
"14567",0.240279157784906
"215378",0.24016259772648
"13435",0.240028393047779
"71974",0.240012598052523
"106840",0.239100580156024
"56374",0.238877337529018
"23825",0.238778577936989
"382620",0.238692096132086
"23790",0.238279388161563
"57440",0.238247066082289
"52700",0.238084644010738
"226849",0.237999464387969
"66890",0.237915272413385
"235604",0.237902836463177
"319468",0.237762014872429
"233071",0.237581321353993
"20405",0.237502438966525
"218952",0.237470597521518
"13185",0.23744585517261
"12408",0.237327166544187
"68094",0.23706867623887
"20525",0.23703595008518
"13476",0.236943918425984
"76551",0.23680605049293
"68059",0.236790122990583
"229791",0.236556819205353
"80888",0.236400835724341
"57743",0.236300285595414
"11363",0.236291135541024
"21399",0.236164441281951
"19166",0.235973831590019
"72199",0.235965874554015
"26444",0.235807020565358
"14735",0.235778352743886
"59014",0.235721936986852
"13360",0.23520397997782
"20203",0.235140061988535
"319481",0.235059224757233
"72183",0.235045735260837
"14406",0.234959786787942
"56305",0.234883945309772
"20068",0.234831320916773
"72925",0.234771711155747
"22241",0.234678765263649
"72612",0.23438265893058
"66540",0.23433878482307
"12455",0.234147857589519
"68953",0.233953355510359
"12874",0.233908779553299
"320265",0.233868676493548
"233871",0.23381439499101
"26557",0.23368064685007
"12421",0.233570669991924
"216543",0.233451382541277
"66537",0.233442807144857
"15193",0.23335125809188
"60532",0.233021645947188
"329421",0.232982153061124
"621893",0.232392446464103
"20257",0.232371246445084
"67213",0.232066212113549
"19646",0.232054362277293
"16784",0.231860038417851
"56878",0.23175778705234
"216724",0.231680522105312
"14693",0.231566184575767
"110876",0.231433248061702
"18575",0.231368197248634
"102182",0.231158114124076
"110197",0.231148380568681
"212880",0.231072207887503
"13176",0.230661529585653
"14057",0.230458168914525
"108148",0.23032617849139
"67771",0.230242589740204
"272359",0.230210926824725
"239318",0.230183121374522
"20713",0.229950294167078
"69666",0.229949654122772
"12469",0.229798582941646
"57138",0.229694715718097
"66997",0.229639802274087
"234729",0.229142307023961
"14401",0.228961061154766
"66237",0.228163971097749
"13650",0.2279791081986
"56541",0.22796952880532
"110695",0.227708871676386
"14163",0.227670765832028
"70415",0.226772133822172
"74108",0.22645828535721
"50915",0.226456095212777
"78894",0.226379568029641
"103425",0.226248305485518
"17975",0.226074686661994
"56443",0.226005469653558
"19765",0.225973835103103
"72961",0.225925926751648
"266692",0.225830484823558
"15473",0.225647668720153
"78294",0.225594210108099
"66899",0.225567694867109
"240332",0.225249959423221
"52040",0.224957837549081
"71766",0.224906477797336
"67887",0.224710537276596
"67815",0.224554562539481
"16978",0.224387186044566
"19933",0.224007136534338
"66925",0.223992818866864
"192170",0.223834392546009
"14904",0.223825350384413
"66141",0.223738765722901
"26370",0.223596949451439
"100233175",0.223469865194967
"108664",0.223215836338661
"75620",0.222901478919724
"16512",0.222373072699527
"214150",0.222249443860687
"15944",0.222244313897548
"215160",0.222160599015153
"319817",0.222152190665529
"319642",0.221941085098125
"380601",0.221928284719555
"13350",0.221691626456066
"68165",0.221582194259154
"15211",0.221374855680751
"73447",0.221255715701064
"20847",0.221113798767392
"50926",0.220693614249586
"67453",0.220375111377022
"227738",0.220370414307948
"59126",0.219988015904509
"50527",0.219852106920033
"19879",0.219807985503451
"53607",0.219740662315827
"319880",0.219599374375521
"75454",0.219557429495529
"234023",0.219401319603675
"21858",0.219394524193869
"17685",0.219138170588378
"50493",0.218981941411607
"20351",0.218845074668563
"229096",0.21868593132888
"18845",0.218503401051846
"56174",0.218421964934025
"13135",0.218420517658773
"74653",0.218415758714441
"107197",0.217962571180731
"66882",0.217871249250589
"69017",0.217544666813517
"76936",0.217486313512773
"11776",0.217469881830362
"15898",0.217081094738488
"17847",0.216914085867415
"229593",0.216253340004502
"76491",0.216102191863559
"230753",0.216044734132233
"22375",0.216043497459918
"18813",0.216013651528507
"68666",0.216003557660917
"13821",0.215904631327891
"268890",0.215719354275919
"19087",0.215692834519163
"66964",0.215477028104506
"53895",0.215447726534118
"15384",0.215344789880981
"67657",0.214711660919847
"260305",0.214435254669484
"94047",0.214295067643322
"320806",0.214159543249929
"74104",0.214054935363467
"68859",0.213667273132608
"20194",0.21361143614272
"319807",0.213609198794374
"227613",0.213247650224554
"19656",0.213050646269957
"110196",0.212956368327185
"14433",0.212785499755743
"71602",0.212288584885758
"74325",0.212184796350409
"22359",0.212105483233923
"19687",0.211558106707634
"268480",0.211015506921414
"105000",0.210817468194621
"66588",0.210681516820289
"217980",0.210603368231675
"223726",0.210600099409067
"66508",0.210430036149547
"192231",0.210250506760716
"14681",0.21022818999429
"269713",0.209935724417964
"80987",0.209933951507289
"83703",0.209933796776434
"72175",0.209851165480717
"237553",0.209746287829572
"21927",0.209548237442589
"19891",0.209235075540905
"75608",0.209116914147797
"13800",0.209070416493311
"67228",0.208866472130537
"241770",0.208712291902409
"67155",0.208550213070438
"56473",0.20846395021188
"218544",0.208232929201325
"19158",0.208231167636968
"13008",0.208153051377048
"14580",0.208125527809059
"30052",0.208092632616763
"66226",0.208070096135002
"213993",0.20779416833678
"11816",0.207587025239353
"53317",0.207546007283172
"22439",0.207459473675711
"12891",0.207138259273172
"108100",0.206987027149294
"30934",0.20696780996257
"108671",0.206912332234178
"12373",0.20682767849561
"242721",0.206675939383723
"216860",0.206675325670099
"15199",0.206585545293377
"66204",0.206581154300897
"106572",0.2064220449106
"20564",0.206363159068215
"71742",0.206323608663128
"18476",0.206188370647219
"241846",0.206147056654072
"103733",0.205982460823892
"267019",0.205938295887311
"66965",0.205764685023217
"242687",0.205751965294962
"380773",0.205719559694094
"70233",0.205644152255353
"64436",0.205473648199015
"66617",0.205235093487848
"14026",0.205122103557992
"19659",0.205100613310303
"242083",0.205038592094482
"216440",0.204943454709366
"320557",0.204828946667532
"219158",0.204537876430006
"56737",0.204363401500333
"68028",0.204221196416345
"67857",0.204203315323222
"12462",0.204090063439837
"263876",0.203884122841906
"71175",0.203438298224355
"101612",0.203170155924472
"75914",0.202994572916209
"12632",0.202951411793704
"110350",0.202880158396415
"270106",0.202799370172216
"14394",0.202516404861735
"14423",0.202466318404103
"73158",0.202222005397302
"27267",0.202102448773726
"223646",0.202069083521442
"76080",0.201870440201896
"23797",0.201730511575064
"66743",0.201508578395875
"228812",0.201479225976089
"18802",0.201013845144623
"107951",0.200956522061045
"11736",0.200806657614039
"72014",0.200685239479673
"56086",0.200664795112896
"320299",0.200513255102335
"18295",0.200467948129371
"17069",0.200323497160582
"229900",0.200173214537095
"217154",0.200116788798863
"68735",0.200038590148606
"229949",0.199988271462828
"18738",0.19977506872509
"74157",0.199626227292671
"79554",0.199596744429825
"246782",0.199540278892777
"68995",0.198911220626091
"269994",0.198879704491242
"242521",0.198768216551468
"22368",0.198763927278422
"93889",0.198669429481382
"225363",0.198533467717096
"56422",0.198188259056179
"19122",0.198042335649928
"17160",0.197981789616036
"69742",0.197852993197724
"103511",0.197483605407646
"12696",0.197180660919966
"53896",0.19707594717889
"54364",0.19704112857736
"67710",0.196948316688933
"28064",0.196861518542778
"26905",0.196766075284014
"22185",0.196726520418689
"70356",0.196562147909532
"227937",0.196526726513202
"110157",0.196516796427889
"30795",0.196509189499044
"98878",0.196413283972556
"57376",0.196376221851687
"58244",0.196353755415417
"85305",0.195922718634969
"14187",0.195875102241661
"17257",0.195872729622916
"225160",0.19586068677892
"20648",0.195805810132962
"56455",0.195643811610003
"83701",0.195618716081806
"20020",0.195394200160337
"13169",0.195332340168153
"14863",0.195320485838632
"66592",0.195260384716274
"58235",0.195220293727361
"544817",0.195145497845269
"74438",0.194911229415239
"269338",0.194879886174404
"64384",0.194864835113891
"20359",0.194827744330274
"14569",0.194740389017997
"78267",0.194515181618604
"269261",0.194385614311803
"68053",0.194233705024843
"243043",0.194182582537003
"15931",0.194003661168133
"21750",0.193934255862594
"107686",0.19391632165547
"68724",0.19378778357662
"21991",0.193732579168689
"98258",0.193391671559162
"56513",0.193029529351263
"20844",0.192707745889589
"16173",0.192270231975713
"67542",0.192145445665714
"320508",0.192089860483167
"20088",0.191943450061626
"26416",0.191863494714822
"54614",0.191752407714124
"77006",0.191439140988613
"217262",0.191417226012839
"78937",0.191321426449252
"26446",0.19130006773033
"72480",0.191228113542687
"20981",0.191060126379122
"102278",0.190880666278359
"14360",0.190859581058676
"67582",0.190810705021311
"69241",0.190716168052104
"70546",0.190581438541692
"12842",0.190475044978518
"15387",0.190271747859965
"56188",0.190135688304737
"11551",0.190077624980536
"67306",0.190011588553238
"70209",0.189855996257818
"80280",0.189800405234946
"66492",0.189745319997268
"79560",0.189735479520507
"28036",0.189573559636551
"20587",0.189529944724425
"78903",0.189466142456571
"71844",0.189441779728076
"56297",0.189276084046441
"11777",0.189258718806907
"68281",0.189049049654087
"27041",0.189039656358319
"66700",0.188779189095476
"214230",0.188632391799658
"229363",0.188622585249069
"15270",0.188470250618119
"83602",0.188383896117651
"67247",0.188337724196734
"217265",0.188268102037115
"104718",0.188243946038074
"214627",0.188131800487368
"105675",0.187946956605457
"67878",0.187771792753416
"22271",0.187728094878843
"68262",0.18750824285294
"71718",0.187392728534206
"209586",0.187214978247439
"11749",0.186998537059599
"21371",0.186962519758451
"18125",0.186862878399385
"17749",0.186643546969545
"21375",0.186599658834428
"29819",0.186399379860333
"18536",0.186162415657899
"116871",0.186128278562345
"70357",0.186083114597646
"72320",0.186000650404206
"320727",0.185949658257734
"18970",0.185852784769999
"234593",0.185468202519228
"213326",0.185422579502622
"319945",0.185001211578658
"19339",0.184902602918615
"73205",0.184705030676024
"13000",0.184590218744091
"654795",0.184541006552001
"12298",0.184339618947006
"84095",0.184242841406248
"72587",0.184191331821332
"76889",0.184146487205258
"231889",0.183967687423319
"117592",0.183815456122841
"12307",0.183791998186533
"70791",0.183636499325473
"227715",0.183614071178797
"239796",0.183608002688593
"24127",0.183574667609124
"26895",0.183500480404403
"66302",0.183458587361118
"69554",0.183247141238902
"216810",0.183110407863851
"211329",0.182939660948961
"277854",0.182885611213743
"68423",0.182531269499286
"67703",0.18242271312469
"386612",0.182369284164455
"235587",0.182277597974105
"13685",0.181738982053177
"22232",0.181737270449026
"319636",0.181661803421258
"20562",0.181590926790216
"21828",0.181203397247614
"56533",0.181171020953627
"16828",0.180958149640755
"213452",0.180843363750333
"71801",0.180724333615722
"14782",0.180716235603934
"216152",0.180534667174256
"13822",0.180514598511595
"20598",0.180462709489884
"23997",0.179877559265485
"19672",0.179802288052039
"66314",0.179743012395939
"67561",0.179530144520729
"68033",0.178945204714949
"66885",0.178851729642414
"22629",0.178826702365364
"269529",0.17871754917679
"14453",0.178636975749793
"19043",0.178624868002213
"69094",0.178585815935578
"16478",0.178426974339071
"71901",0.178343879670089
"19181",0.178203824151091
"171210",0.178159138572729
"192662",0.178073253609167
"216820",0.177991611956198
"73095",0.177878520991075
"76457",0.17783589152262
"54189",0.17782309109141
"217125",0.177613000930399
"68631",0.177581394233499
"223658",0.177254212045389
"54195",0.177019208711006
"225027",0.176822517650882
"68693",0.176721323808072
"212307",0.176606948412529
"55992",0.176555194068102
"18133",0.176334477167827
"20523",0.176280094452854
"18624",0.176258250754104
"101568",0.176230985947365
"69917",0.176129739281322
"432530",0.175653147328141
"109801",0.175579466703547
"66242",0.175520454260239
"67136",0.175378832569919
"69019",0.175199513838363
"64451",0.175163355567079
"110750",0.175083610690954
"72168",0.174905998568344
"381677",0.174870132211824
"27226",0.174743212834557
"240121",0.174736433961481
"19358",0.174733568050206
"68188",0.174731960159989
"14007",0.174394513316175
"103080",0.174371395102935
"66734",0.174195266141146
"13660",0.17415265050001
"66071",0.174006513503964
"12339",0.173923863452699
"66208",0.173755416045063
"94065",0.173717743828737
"216131",0.173333351748256
"54563",0.173292503814927
"19415",0.173236895691805
"26913",0.173204057263942
"12797",0.173180084181844
"382543",0.173050764040979
"24018",0.172958701252834
"19414",0.172608320689024
"64242",0.172298519904085
"17826",0.172233660088994
"73681",0.172203921044776
"21762",0.172100601540182
"12793",0.171954475924554
"68999",0.171191950641043
"68564",0.171005553059545
"56012",0.170838796278055
"109934",0.170789030171401
"70579",0.170718285436947
"20502",0.170576302601094
"15525",0.170410752316024
"18538",0.170123434491681
"269881",0.170075931068865
"11804",0.170035949463971
"21835",0.169854914913143
"241062",0.169627343193161
"19179",0.169619733875181
"244654",0.169470842053799
"71653",0.169463441389362
"71306",0.169268584525504
"110078",0.169200117989046
"231510",0.169137802175091
"66658",0.168938993840449
"226432",0.168856762395311
"245666",0.168817187477633
"69902",0.168711789467167
"69875",0.168576519951692
"207393",0.16844067780564
"69908",0.168076532882917
"13828",0.167892368507231
"104831",0.16779687291935
"28250",0.167581718739866
"69046",0.167503136002963
"18640",0.167502281000841
"67337",0.167446869719789
"18739",0.167395119930558
"75735",0.167307056506187
"228564",0.166962281531975
"19941",0.166907498203496
"12554",0.166811441725551
"14705",0.166636301200738
"54486",0.166318523596209
"68166",0.166200460041322
"59021",0.166151681403402
"98402",0.165768086699112
"228859",0.165724390475075
"18220",0.165541110427177
"18128",0.165413526698103
"228410",0.165369425898081
"18141",0.165358658801918
"23996",0.165208764726682
"55944",0.164978967067856
"17973",0.164843636538641
"72722",0.164650332041876
"233067",0.164600195974487
"54645",0.16458072493749
"67819",0.164389487919055
"73192",0.164365119019941
"18155",0.164151227013208
"234388",0.164140782923793
"72750",0.164015293488976
"13860",0.163947086624274
"55935",0.163856914780326
"52538",0.163791825090782
"56426",0.163754020111461
"56324",0.163735100593668
"12043",0.163721508554288
"319804",0.163603860267698
"98496",0.163172285852397
"20340",0.162970735377423
"13447",0.162700118265236
"16531",0.162210325015504
"673094",0.162172405845336
"242864",0.161966684077839
"240614",0.161801419263516
"12497",0.161490168073569
"236511",0.161444226440678
"68153",0.161425268232139
"14387",0.161355213296055
"74114",0.16135071563799
"208922",0.16126593190316
"20602",0.161152556312914
"69535",0.160890022595887
"68861",0.160809452514383
"22031",0.16080886257871
"232201",0.160077942064412
"74322",0.15989651886273
"13051",0.159589831596712
"77038",0.159533610446458
"12927",0.159373812935551
"26932",0.159365478298093
"18559",0.159130247563267
"18607",0.15908084423886
"68126",0.159046968050413
"15114",0.159013053882426
"98710",0.158816746904318
"218699",0.158469404530509
"232906",0.158420371353882
"56149",0.158377006200854
"16594",0.158301182200834
"56716",0.158182210136959
"67789",0.158113674374919
"668218",0.157935937114575
"107528",0.157839423759369
"76899",0.157611710859066
"14675",0.157604104424189
"353211",0.157546950216724
"56307",0.157480664477211
"12268",0.157321004212172
"212114",0.156753008031277
"19094",0.156739373240104
"19647",0.156735143148537
"110135",0.156512422967228
"68115",0.15646685072719
"94112",0.156150449739579
"224092",0.155559583821647
"66176",0.15541194142538
"105148",0.155109709636247
"19889",0.154999805724529
"18824",0.15499734586694
"26912",0.154910873414991
"20955",0.154887444311339
"11490",0.154881336146716
"13667",0.154583566594268
"98682",0.154484279646806
"18377",0.154473034219416
"232989",0.154261156743777
"170736",0.154160062333031
"20947",0.153845427919112
"80286",0.153826251127181
"94040",0.153613198023817
"53621",0.153583718165866
"56698",0.153581472159458
"237979",0.153546335133107
"207728",0.153521693928706
"12867",0.153402600680998
"74340",0.15329561076722
"72503",0.153143724693566
"244281",0.153017478758549
"319555",0.152981255605862
"381925",0.152849292968772
"233033",0.152709996299965
"75398",0.152704607290022
"15254",0.152524769942698
"20322",0.152509774296255
"18516",0.152455129226771
"231712",0.152375113901567
"21849",0.15220715798516
"234373",0.151880804969578
"67443",0.151736816718371
"72160",0.151660942103888
"14432",0.15159047154635
"57748",0.151299046374007
"76787",0.151233122136393
"12041",0.150559600670511
"54376",0.150541707656776
"80707",0.150292699181639
"20358",0.150222655153438
"59287",0.150115528680768
"210094",0.150013818862562
"13849",0.150004698402098
"170719",0.14997115470638
"320554",0.149957266298586
"72393",0.149525567366217
"105504",0.149455336402891
"70611",0.1494098962165
"17698",0.14939225270603
"268932",0.149371255729909
"60527",0.149353019139228
"12010",0.149312749314192
"12306",0.149195494450621
"13641",0.14915887548691
"233204",0.149154964702254
"76281",0.149090333135575
"12563",0.148997688742815
"26450",0.148956797038946
"73130",0.148911112777681
"76890",0.148836732336895
"21871",0.148750340905844
"279653",0.148710994484554
"72852",0.14864652855425
"28000",0.148537384583279
"269608",0.148449362927278
"75734",0.147923200825007
"53857",0.147796375459407
"233744",0.147689741596958
"245537",0.147627324836992
"13043",0.147330066877555
"67305",0.147210649711669
"67763",0.147127779220001
"27364",0.147103206880235
"99470",0.146986902821681
"19188",0.146936947719695
"66059",0.146900802218513
"237422",0.146885214662399
"11544",0.146791238271714
"19088",0.1463560676913
"20661",0.146192094106006
"58193",0.145878272129045
"68194",0.145872908849619
"27984",0.145788768658379
"51791",0.145765009961833
"241447",0.145645269916297
"69683",0.145389518308265
"237459",0.145357486934694
"67604",0.145323109561982
"14164",0.145273897114793
"53310",0.145217914522423
"12238",0.14518513112847
"59052",0.145161961280434
"57773",0.14508612534533
"231549",0.145004181525498
"14894",0.144679155999243
"77040",0.144455387119681
"72927",0.144138813697544
"19085",0.144019172300532
"14073",0.144000272048688
"71472",0.143982104944654
"26378",0.143926964243397
"16480",0.143911582643492
"19707",0.143873825126739
"67040",0.143763388475428
"67949",0.14364885950373
"20604",0.143616143072284
"22003",0.143509613002571
"75477",0.143465280499451
"76055",0.143418467507129
"229725",0.143258794143234
"72083",0.143202105855638
"11891",0.143093929328092
"66292",0.142817397069829
"13347",0.142816592811661
"27403",0.142350120296024
"16427",0.142253504705479
"99982",0.142072860241411
"103199",0.141942820065989
"67181",0.141866553318983
"18717",0.141784605558497
"68267",0.141614573385415
"72117",0.141424331418277
"16852",0.141408743806201
"209446",0.141346181915345
"16907",0.14122463787448
"73251",0.140776925295024
"74287",0.140641831704976
"66154",0.14060625797666
"73473",0.140481824203767
"67252",0.140104756865872
"27373",0.139765508909975
"12492",0.13964683978655
"17250",0.139282800393037
"20024",0.13910568034769
"80898",0.138870896911315
"50769",0.138739943478284
"320405",0.138733822031641
"56491",0.138663419884391
"66046",0.138581051622104
"193116",0.138267693299751
"69834",0.138172643720692
"66988",0.137988706678755
"116847",0.137799018912732
"110460",0.137787633604086
"66181",0.137655980341402
"229707",0.137554106756664
"54712",0.137500599744354
"18488",0.137444396167178
"12495",0.137325165101892
"17356",0.137249723056026
"210297",0.137213149512945
"67630",0.137167831083679
"56048",0.137156356811008
"69727",0.137078549683811
"19744",0.136922677583636
"26363",0.136912884091805
"67260",0.136805901980811
"76338",0.136546139969606
"13486",0.136286226827417
"30959",0.136102660224975
"238024",0.13606801054996
"16728",0.135717453993115
"80914",0.13566356673072
"19324",0.13542907485236
"67308",0.135312357807085
"70729",0.135195578095514
"12866",0.134985695321235
"66641",0.134850106614487
"53817",0.134807344412927
"18633",0.134360921700168
"272031",0.13435969933955
"68441",0.134335113808017
"58520",0.134185830190151
"100503068",0.134125055735705
"17761",0.134087733711167
"67899",0.13407309050274
"108030",0.134064934448173
"545085",0.133750056654188
"26396",0.133724447721695
"58992",0.133603358972669
"107448",0.133316697050928
"15483",0.133210097584944
"381813",0.133101513067557
"234577",0.133100518362978
"140559",0.132996960344327
"17984",0.132676033741212
"22594",0.132621327983311
"18045",0.132514202626828
"212139",0.132508676680134
"78255",0.132152770456194
"12751",0.1319388252587
"16409",0.131710636830015
"68544",0.131646852871494
"66213",0.131473409214548
"212862",0.131461829848662
"226527",0.131051103285007
"320615",0.130770599693575
"67298",0.130770059739808
"16201",0.130623631594943
"105083",0.130519360637733
"71774",0.130468727958412
"235661",0.130345154032683
"16569",0.130038492840094
"72902",0.130029584415899
"97541",0.129934528352625
"228858",0.129867518133809
"27368",0.129866262436672
"64176",0.129804630348484
"104776",0.129415398481528
"109331",0.129273051049075
"19056",0.129222467468175
"66109",0.129161887604118
"104303",0.129082051678133
"93898",0.129031842988113
"381310",0.128951410200166
"13844",0.128883897028557
"207212",0.128653518401226
"268373",0.12851537657096
"227446",0.128473678998461
"320938",0.128385370016735
"110948",0.128353032352326
"18130",0.128309892857593
"72459",0.128309513742135
"20964",0.128021142603814
"225010",0.128005032899013
"241520",0.128000823256711
"75778",0.127963655190781
"69976",0.127803968282098
"70797",0.127740008444738
"11486",0.127562407212146
"19271",0.127546675392632
"58246",0.127136662424823
"108116",0.126672519565295
"21969",0.126561371124167
"12850",0.126491120076393
"108099",0.126462504680267
"52906",0.126196524081963
"53424",0.125884905984634
"16976",0.125730899354503
"26431",0.125668054132057
"232807",0.125280342741304
"54138",0.125197552439799
"207952",0.125089932531106
"67042",0.125066847080132
"23806",0.124775010771288
"65113",0.124500322375531
"241296",0.124463352830539
"11430",0.124421746845264
"55984",0.124342311722841
"94249",0.124319358273352
"15512",0.12387391254002
"12464",0.123771047504012
"56418",0.12351326120252
"20364",0.123495685451844
"71521",0.123168240369484
"50773",0.123143693455713
"14544",0.123008424763441
"11745",0.122903008760737
"230598",0.12263559416987
"66881",0.122577113892255
"14683",0.122367392836958
"11307",0.122344771833185
"12017",0.122184623647415
"17096",0.12156216272765
"15441",0.121524481499034
"69697",0.121423248381096
"73166",0.121343497729599
"22318",0.121296039723958
"76071",0.121294810331212
"68170",0.12111015761058
"52575",0.120926766132426
"228994",0.120856963151111
"216869",0.120613777124855
"54357",0.120612168584558
"68816",0.11999001522248
"18643",0.119873156742863
"108124",0.119695507215964
"236792",0.119586049238049
"27967",0.1192899158753
"27096",0.119130586821083
"237868",0.11903390390875
"22791",0.118511659487997
"66594",0.118470446098033
"27393",0.11824361883736
"78933",0.117941302644234
"14264",0.117871021317488
"210673",0.117781507085981
"105193",0.117726588021968
"16648",0.11761463773123
"94282",0.117587957579243
"56409",0.117537489802837
"71994",0.117446740858151
"77552",0.116976007015201
"13829",0.116938425158127
"20652",0.116902961577983
"320150",0.116403829679306
"74238",0.116314196703605
"94275",0.115920664914349
"13669",0.115841866599275
"56040",0.115704114130435
"17750",0.11559981065934
"26433",0.115114975824862
"106143",0.11508859952178
"67951",0.115004832749292
"107831",0.114985622544098
"270166",0.114936740981711
"213827",0.114909248778414
"70767",0.114855968782357
"18671",0.114838893720326
"20716",0.114689311679914
"55960",0.114358841530371
"69993",0.114196450926722
"170758",0.114175768852097
"23874",0.114001595674177
"234365",0.113963393832831
"78757",0.113812258828175
"73991",0.113746225849545
"14823",0.113653731891969
"227541",0.113490500777949
"18046",0.113285912918641
"269113",0.112986779203479
"70408",0.112913416637426
"75847",0.112675249733684
"66278",0.112622159743594
"14466",0.112450429521124
"13401",0.112406777776336
"14667",0.112389040300535
"68021",0.112224290592017
"21844",0.111763914345402
"59069",0.111180421502054
"56839",0.111127345825442
"245860",0.110904461424659
"66294",0.110713253234459
"23965",0.110647843145705
"94184",0.110475102094063
"107358",0.110180949250508
"67332",0.110126415508242
"93761",0.110122229714364
"108760",0.110039691962636
"414069",0.109709682783296
"59041",0.109358232904503
"78455",0.109354392874528
"23969",0.109279048233416
"238330",0.109174610247541
"78618",0.10909992248226
"67498",0.10897515299748
"17751",0.108839568527453
"234847",0.108820383418962
"70834",0.108788930228054
"66146",0.108614597487664
"97031",0.108532858754775
"70363",0.108447238073146
"18951",0.108430506994072
"54217",0.108138694622993
"66249",0.108105435441984
"54198",0.108070664179392
"237761",0.107812701827059
"56445",0.107658296575841
"269717",0.107619229294449
"54399",0.107444945372436
"68404",0.107317029647753
"21817",0.107299900627235
"18453",0.107202421498137
"67378",0.107150312705851
"68703",0.106959737639805
"98417",0.106932879877893
"54637",0.106901010818833
"22317",0.106823469578565
"18194",0.10634704500268
"235106",0.106298245275212
"232813",0.106136917024077
"12953",0.106028173421661
"98952",0.105763008127646
"58807",0.105605604891655
"13865",0.105405214749883
"26987",0.105254521412902
"245607",0.10517942698136
"108909",0.10512527250197
"83965",0.105006266056384
"212528",0.10484800353308
"269295",0.104567959007668
"12300",0.104458902580787
"12785",0.104413479781914
"110959",0.104359917148764
"108645",0.10404181233396
"66245",0.103843840194555
"108853",0.103760518599176
"12322",0.103599319788338
"235043",0.103564997141471
"77697",0.103397515653203
"74868",0.103168132653925
"217869",0.102913145238584
"26754",0.102831897300476
"50791",0.102817479425632
"14885",0.102629609072527
"66039",0.102563255161575
"67469",0.102524994955867
"57265",0.102522282628097
"16329",0.102521883031113
"56543",0.102304249059647
"66165",0.102111046023353
"20979",0.101854965948809
"623279",0.101761518803489
"56736",0.101735141627574
"52850",0.101681646443766
"217449",0.101637774482757
"53378",0.101629821923217
"11808",0.101362834644009
"12925",0.101102856781256
"67219",0.100604919805337
"30930",0.100602115092705
"22151",0.100596800817173
"66155",0.100537153994365
"27053",0.100456691897643
"14208",0.100114805454379
"66674",0.0999361465227479
"192663",0.0997940123169268
"14129",0.0996845770183464
"238276",0.099664164460689
"243312",0.0995157476922623
"72003",0.0991523796805225
"52665",0.0987269243299541
"17299",0.0986353859130176
"52430",0.0984387157000904
"66609",0.0982673042385258
"20972",0.098225756354451
"106064",0.098111390597157
"20832",0.0980076153571081
"22045",0.0977032893694198
"20918",0.0976705320806833
"54130",0.0975101484220117
"326619",0.0970468331418003
"21985",0.0968951489714119
"271564",0.0966804745704684
"56417",0.0965689579689272
"56612",0.0965390699229138
"243780",0.0965033267743461
"99887",0.0964461110734268
"69656",0.0963545297138256
"320271",0.0961535512144304
"76561",0.0957576926912801
"19823",0.0953951364592765
"55991",0.0953064573411852
"108014",0.0952950935684897
"16400",0.0952833894397342
"16425",0.095278951618465
"56199",0.0951228735987532
"330177",0.0950835845230598
"15357",0.0947292072989091
"75770",0.0942426248844555
"81909",0.0938727951066436
"68734",0.0938272885914442
"18570",0.0937940393125645
"234407",0.0936831509585521
"53382",0.0936613206731751
"83768",0.0936586288443276
"67231",0.0935760889372812
"64011",0.0934700516518991
"56442",0.0933586898890494
"14972",0.0933542449499516
"75624",0.0933458879882937
"12537",0.0933451758185384
"80880",0.0933383851766226
"15107",0.0932612842545286
"57741",0.0931587051748282
"19771",0.0931428840682009
"77531",0.0929541937073323
"381101",0.0928757761400561
"107513",0.092872941668489
"14911",0.0927898019005234
"11479",0.092661129963438
"57261",0.0926008693868576
"22240",0.0924725277377779
"21982",0.09232713464996
"19294",0.0921070359751924
"67311",0.0918804240697838
"18596",0.0918115197369004
"23808",0.0913868088444123
"13175",0.0913613783359652
"66270",0.0913603140856274
"18432",0.091330052599055
"99349",0.0913270178188356
"18637",0.091087255737656
"224907",0.0909747108389549
"223254",0.0908035398705982
"20480",0.0905169047978423
"67759",0.0904871562656634
"66114",0.0904626019160713
"74392",0.0903985824783471
"12669",0.0897905593786759
"16969",0.0892875411484275
"224481",0.0891997727375486
"68839",0.0891387682815649
"12848",0.0889629669963266
"399510",0.0887501852957739
"16519",0.088740215146586
"237052",0.088611196418553
"217378",0.0885589330485004
"110862",0.0885355018472241
"22371",0.0885147687713264
"72075",0.0884554660240916
"68952",0.0884406792398123
"14161",0.0883720021417981
"18613",0.0883676030065182
"214663",0.0883253075372147
"70616",0.087618280016237
"230103",0.0875842723009118
"14412",0.0874817979094206
"83797",0.0874452853130584
"68889",0.0873993570433847
"213541",0.0873695394374481
"108800",0.087288240369526
"12371",0.0871009891254198
"66593",0.087030838046761
"12561",0.0870201067961026
"83814",0.0869772158905803
"66812",0.086929813663925
"59092",0.0868349898067312
"223690",0.0867759744325829
"107869",0.0863946527158654
"66753",0.0861703998174289
"228136",0.0860416224391666
"98845",0.0858341990557028
"238377",0.0856216221134974
"14365",0.085482178454083
"59093",0.085256081271833
"26443",0.0851401702279094
"71382",0.0848966633554358
"338467",0.0846913095062376
"19230",0.0834238295312403
"107065",0.0831590450753668
"94178",0.0830626607676989
"66096",0.083035488043867
"235086",0.0829547617817398
"225028",0.0829478181780875
"56710",0.0826901188449829
"108989",0.0824314582434971
"16527",0.0823271817684173
"56295",0.0821542639659039
"209195",0.0819479084831619
"16367",0.0818194241110884
"20239",0.0816597081092498
"26395",0.0816551172108481
"20479",0.0816351210806394
"242409",0.0815927446483003
"117148",0.0814525934506095
"211548",0.080985052310695
"238463",0.080649224323754
"83486",0.0805428354090666
"66495",0.0805310588570626
"226856",0.0804593552808666
"218035",0.0798519160304309
"381983",0.0798167384671519
"59008",0.0795446400406308
"68988",0.0795311084291237
"67713",0.0794905263377787
"12651",0.0793938837166355
"14651",0.079302823704742
"18799",0.0792911102747799
"26897",0.0791144918077994
"14812",0.0789201084715001
"20167",0.0788359889716951
"71529",0.0783653186448309
"71750",0.0783088852243824
"74383",0.0780988655763684
"330812",0.0777324668690283
"20382",0.0776808217394348
"56323",0.0776347472172191
"110323",0.0774470687542154
"216991",0.0774138715993124
"231279",0.0771013252442335
"69923",0.0769002707397329
"66926",0.0767440770623081
"17967",0.0765687601572983
"76650",0.0764113335345704
"51786",0.0763174582175784
"76709",0.0760903900847099
"60441",0.0759404469221905
"65254",0.0758961539193756
"16414",0.0758660610300363
"407785",0.075714172114712
"12140",0.0752439210969876
"13840",0.0752398587482362
"384783",0.075229619231713
"17978",0.0749616148624683
"381126",0.0747523820369169
"234549",0.074486979219258
"227619",0.0742356808382022
"20411",0.0741866248052618
"59049",0.0740658974917962
"56249",0.0738035648780016
"68767",0.0737637873537681
"269523",0.0737054931158571
"230908",0.0735369312618828
"382014",0.0734543619969023
"11841",0.0732509372717047
"58233",0.0730257144570875
"67528",0.0730128906788246
"14269",0.0727945203780438
"228545",0.0727351679800818
"244723",0.0725808850261661
"14923",0.0723290204846943
"12972",0.0721287417085008
"192652",0.0718885740998574
"66152",0.0717539369312164
"28199",0.0716397136695871
"60510",0.071580721300613
"230751",0.0715441490962321
"11990",0.0713402356357233
"66162",0.0713351208242631
"66663",0.0709589749039021
"227292",0.0709170395828569
"12343",0.0700388260085935
"142688",0.0694272300181834
"101739",0.069414626364498
"18542",0.0693787680204107
"20463",0.0692642610645058
"108902",0.0691087306773148
"28088",0.0691064099091251
"72832",0.0689168014624726
"72555",0.0688567639257982
"12870",0.0688060435841982
"74167",0.0687015950583826
"26556",0.0685353280781453
"227800",0.0685333599525692
"11964",0.0684827569861931
"224647",0.0684738386561945
"320560",0.0683514627665013
"68133",0.0683233885500775
"74106",0.0683096842840067
"66865",0.0681848105027782
"14784",0.067894025420958
"14300",0.0678244427135982
"104662",0.0676920945626102
"66199",0.0673459643615058
"51792",0.0670503635547768
"213773",0.0670087125941768
"228005",0.066777328984343
"68250",0.0666737469078471
"20112",0.0666500184158798
"55988",0.0666279005643574
"52717",0.0663779659050965
"17425",0.066311866309603
"14806",0.0662428914909872
"16513",0.066198204399105
"236539",0.0657496711126424
"229700",0.0657061028981546
"98415",0.0656937712305118
"239833",0.0655111066022434
"329877",0.0654217628989929
"22388",0.0653221537247336
"70093",0.0651904819410398
"67128",0.065031275997117
"26383",0.0650117886038363
"327900",0.0649996164824953
"217057",0.0647285026139495
"67197",0.0646353086574328
"26891",0.064596158077366
"231858",0.064507220089677
"12933",0.0644574227025973
"12215",0.0643909012974016
"21888",0.0642528580525
"54387",0.064238029540678
"67665",0.0640356856842211
"18752",0.0639895888694124
"68875",0.0639749052096962
"80913",0.0639518032359251
"225131",0.0637063880420081
"66905",0.0636535787197255
"57423",0.063396801333995
"16905",0.0633385278446869
"100040591",0.0633022757959559
"20535",0.0632070177398751
"218442",0.0631518113703134
"223752",0.063120255558303
"27418",0.0630587703077722
"52120",0.0629787001975454
"105298",0.0629086298941555
"245020",0.0628341382633301
"19212",0.0625759366664577
"18582",0.0623016798115182
"268902",0.062137067163259
"212108",0.0621126698866749
"102631912",0.0620448032389813
"71675",0.061979630699047
"66445",0.0619367395807278
"94223",0.061879847592314
"110829",0.0614190521552246
"227721",0.0613527605086879
"69072",0.0608006647800588
"83945",0.0606703772126394
"404634",0.0606034741892288
"60596",0.06055683710591
"77116",0.0605496083262123
"384214",0.060542980021311
"226162",0.0604209962176573
"19726",0.0603361194664811
"66072",0.0602170716439967
"233552",0.0601289232118707
"72137",0.0598803474406446
"12460",0.0596034326302425
"68082",0.0595899134419418
"66847",0.0595632762027662
"243272",0.0594218766422705
"66525",0.0593824786623868
"56748",0.0592841627954265
"29864",0.0589687823714704
"14405",0.0586258432674188
"16524",0.0583272421239461
"12552",0.0582678699775586
"11792",0.0582597240247091
"13026",0.0582228220781801
"18518",0.0582098156789788
"13612",0.0580455845072413
"217517",0.0579789773337028
"73341",0.0579765373390341
"16835",0.0579547180548626
"74140",0.0579260264411384
"17258",0.0578927199319511
"11837",0.0578650857894754
"113868",0.05783536989987
"12454",0.0577032523906323
"70465",0.0576796447100692
"14803",0.057665034876787
"78388",0.0576129590078748
"68440",0.0575102660543245
"12729",0.0571140881797161
"140484",0.0570352315358335
"237353",0.0570203078047477
"56632",0.0566840051384509
"20815",0.05661157660178
"59005",0.0565841208764624
"13039",0.0564481198054019
"56079",0.0562637315446207
"16558",0.0561707147964361
"12333",0.0561384795554676
"225467",0.0559512675069035
"50932",0.0559488548853554
"67684",0.0559438821517491
"19039",0.0559378174336804
"16004",0.0558131854998361
"12727",0.0557329930710665
"21856",0.0553576260772204
"56527",0.0551618117235563
"67675",0.0551250702212967
"57314",0.054910295370949
"12121",0.0548467717972907
"13649",0.0547694200037067
"109205",0.0547089708295709
"50997",0.0546809644797985
"230700",0.0546009823976841
"109785",0.0540864603672261
"208624",0.0540378269580056
"100532",0.05401787667536
"70646",0.0537648376122297
"69519",0.0537386500182822
"12921",0.0535827932251238
"110639",0.053534877704576
"66177",0.0534656504571714
"328329",0.0533282591772369
"22668",0.053285647054107
"27402",0.053153686154268
"16889",0.0531468089423804
"78070",0.0531124732154579
"20370",0.0530476306670932
"22154",0.0528038370701346
"12068",0.0525985643922339
"69470",0.0525561242673235
"17748",0.0524516925930511
"20320",0.0524077895281064
"276846",0.0520869946039559
"216011",0.0518633431557727
"211922",0.0517907914244983
"121022",0.0516792083946385
"76895",0.0516394051608294
"224805",0.0515945184845489
"104130",0.0515284520149987
"329910",0.051440974847952
"226252",0.0514174218835459
"234664",0.0509528617152423
"71599",0.0508290137926805
"23986",0.0507058971102471
"76947",0.0506465873333272
"12385",0.0504408953504737
"16906",0.0500923330997923
"30853",0.0499907679326322
"26941",0.0497175417304529
"16993",0.0496693384913832
"20384",0.0496419619161468
"12914",0.0494965713010526
"14768",0.0494322930299412
"11947",0.0493982714721794
"20016",0.049253986091239
"13193",0.0491434512491958
"110074",0.0490773498723496
"74513",0.0490625398044705
"68205",0.0488211623609721
"381760",0.0488041750984814
"18127",0.048772397147834
"16971",0.0485861888578499
"52250",0.048578746169219
"12332",0.0485620674231748
"66194",0.0484669445690227
"236733",0.0484180292582347
"13429",0.0478882904312812
"114896",0.047762307528234
"106014",0.0477393375326027
"20220",0.047562784852451
"107975",0.0472987130396056
"54720",0.0471941048042635
"194590",0.0471904051515362
"15361",0.0467889063960503
"76820",0.0465547190468802
"76893",0.0464228207405114
"54633",0.0464007105312831
"22200",0.0463852202017914
"20637",0.0462792681954963
"328580",0.046258500490508
"70225",0.0462375868325997
"67811",0.0461427220835203
"384281",0.0460946075702061
"17874",0.0458348777306592
"50505",0.0455202144009547
"14718",0.0453010239551475
"53324",0.0451558971389269
"109754",0.0450850107545135
"110954",0.0448241698582185
"18950",0.0447904070709477
"12326",0.0447187449966763
"12764",0.0446394407150057
"67851",0.0443032396763691
"238505",0.0442528338049689
"50771",0.0439869437893018
"17127",0.0436655880486613
"229905",0.0436274999492382
"224613",0.0433342998510882
"51810",0.0433276966837946
"52469",0.043058049562112
"16511",0.0430449215235311
"107652",0.0429873100751453
"14696",0.0429243892004074
"54161",0.0428994605190493
"215008",0.0426391400454028
"66840",0.0425578512850027
"109593",0.042450762539328
"606496",0.042416875714769
"216766",0.0423707803220021
"24070",0.0422802773305569
"18479",0.0421058332856903
"227723",0.0420834966466531
"71764",0.042010383857478
"67563",0.0417909296877996
"15507",0.0417111775965938
"16765",0.0412883582924214
"15463",0.0409320862964779
"74006",0.0408681328978144
"110058",0.0408356810005005
"20224",0.0408200841561856
"217198",0.0405364107211667
"12660",0.0405002004051983
"29869",0.0401538820217765
"13870",0.0399631438768129
"66248",0.0398651876921813
"53901",0.0398314863039971
"110821",0.0395970561145979
"76795",0.0394466898516516
"22017",0.0394393707688916
"70025",0.0392197539015829
"83410",0.0390797641260069
"20717",0.0389927470110251
"319263",0.0388265489158889
"16574",0.0388162387434551
"213760",0.0386996964321608
"11502",0.0385788312122548
"18187",0.0385587753179886
"218503",0.0380766553711448
"77733",0.0380449600917446
"72238",0.0380005920060372
"211134",0.037749578918742
"230157",0.037592704866899
"69754",0.0372904305189572
"74182",0.0372505031402706
"66459",0.0371830414867009
"170772",0.0370959717719922
"29861",0.0369779336414008
"67557",0.0369139921705949
"30839",0.0366423939177966
"242443",0.0365782929261543
"66419",0.0364797041006267
"15115",0.0362570808467399
"80751",0.0362464246484952
"54525",0.036083599002597
"56363",0.0360543421861799
"20185",0.0357617668012975
"320772",0.0357611544231079
"16180",0.0357209800285798
"66694",0.0355967273913693
"74018",0.0354749115052386
"105559",0.0354585634162886
"16525",0.0354479481843067
"73942",0.0352871577067797
"232566",0.0352795347840467
"56216",0.0350460671068323
"70567",0.0349910519405677
"71435",0.0345397162692776
"15161",0.0344909439305557
"16549",0.034026726908896
"100113365",0.0338165035268549
"12461",0.0337966561373822
"13426",0.0337812008984189
"107723",0.0337116620567762
"20980",0.0336865952179314
"215653",0.0334095768891539
"53421",0.0333550664189902
"14811",0.0333519726351482
"16419",0.0330902707451603
"75805",0.033030775079651
"13209",0.0328926433526267
"230872",0.0327761743291456
"22276",0.0326666897098478
"54351",0.0326296375026168
"12294",0.0324869063000744
"319322",0.0324658811687583
"27061",0.0324174467836583
"56367",0.0323992452185391
"66506",0.0322378609069335
"243961",0.032188246112193
"18805",0.0319995933181446
"22323",0.0319689403106896
"70208",0.0318781612717001
"19352",0.0316755708818419
"26922",0.0315530050385892
"30045",0.0315260770281833
"97287",0.0314939122185456
"71722",0.0314371018211212
"56699",0.0314112740415557
"66673",0.0311421424149823
"16834",0.0310545684801353
"17184",0.0309890375981989
"64705",0.0308994588099324
"14272",0.0307479914738477
"74682",0.030596725566816
"108699",0.0304135854017585
"66409",0.0304090233463821
"217026",0.0303974306713414
"229542",0.0301223784990568
"67440",0.0300817472298377
"94280",0.0300803454051958
"14247",0.0299924499637982
"16412",0.0298100406295163
"11428",0.0296547466569176
"214932",0.0292683458037888
"329470",0.029209371465776
"70239",0.0291615658900649
"224903",0.0291274934943515
"227620",0.0290582749777195
"77781",0.0287716767157454
"13830",0.0285300985421837
"14132",0.0284597798044491
"76498",0.0284465054416145
"54004",0.0281033068851563
"15925",0.0279742423248817
"12810",0.0278441072458866
"23972",0.0278337219978845
"68197",0.0277796521537716
"106326",0.0277275379480637
"28028",0.027604867736273
"50540",0.0273202744357638
"545192",0.0272652356173858
"58231",0.0272648340475507
"18747",0.0271837598093575
"171171",0.0271050771210205
"11864",0.026935598660216
"75751",0.0261239971826911
"110809",0.0260143258658924
"11826",0.0259703792227113
"67074",0.0259567657257103
"67666",0.025870633288254
"83766",0.0258233390936735
"114664",0.025775700493646
"14319",0.0256238121575422
"327814",0.0255461172682784
"80911",0.0254342738903855
"77220",0.0251297709826639
"73699",0.0250954290879778
"207278",0.0242988901291238
"16211",0.024035120243129
"73826",0.0240291390632453
"23821",0.0240237942988594
"212163",0.0236287130453576
"78785",0.0234657700141267
"15382",0.0234130654066247
"14800",0.0234031813000399
"56208",0.0233474711666455
"53610",0.0232881793968575
"330662",0.0232826981680376
"19277",0.0225600324624977
"105782",0.0225538242895794
"319953",0.0225477844799613
"319565",0.02245499148909
"226123",0.02235858127751
"13177",0.0223560904562516
"19703",0.0223294495781752
"245877",0.0222159712611675
"110012",0.0221541787504677
"74002",0.0220951053474234
"66118",0.0217690747021648
"19268",0.0217208320552002
"330836",0.0214485123716724
"79044",0.0213487883820098
"231713",0.0211558958669111
"319448",0.021133982868892
"57778",0.0211098597940243
"16210",0.0210365428384954
"268747",0.0210315697895301
"66978",0.0208246155914426
"52563",0.0206117308206311
"224742",0.0205060843740774
"69225",0.0202830271394165
"15007",0.0202755603479894
"14470",0.0201707631602612
"433771",0.0200062284353751
"17968",0.0199915663022833
"15550",0.0193305405405574
"12798",0.0190755789895913
"69101",0.0189951614924315
"11651",0.0185499067359863
"67059",0.0181875061198738
"381199",0.0181791126790138
"23971",0.0175069520831005
"226757",0.0174664584291616
"74022",0.0172863443094945
"13726",0.0172703286191118
"76688",0.017261175846137
"242662",0.017187237787018
"74374",0.0171774099232392
"72543",0.0171768044865443
"59033",0.0171545856005595
"16826",0.0170837193364655
"11658",0.017069142255443
"68095",0.0169769754774165
"20745",0.0168771587285957
"71702",0.0167568382105938
"53313",0.0165140754415483
"11744",0.016509585545398
"67417",0.0163758603009086
"66972",0.0161714543283748
"68477",0.0159964247255161
"16536",0.0158914163042035
"11352",0.0158167640137511
"68087",0.0157309901480861
"18029",0.0156789237493031
"66147",0.0151473701988183
"68472",0.0150287475513176
"67544",0.0150010276317189
"24061",0.0148631546358335
"67254",0.0148358516179431
"18797",0.0146621403108771
"319713",0.0146223600775583
"233904",0.0144167726452995
"74600",0.0141350128524928
"69773",0.0140176649283239
"22248",0.0139006304337778
"52530",0.0133616078105414
"70925",0.0131580810747012
"20538",0.0130407731492039
"18708",0.0129087057148898
"192196",0.0127517045425426
"57258",0.0125908827081493
"71726",0.0125604431884588
"66679",0.0124525233567672
"71566",0.0124388180699791
"76965",0.0123455700319033
"104799",0.0122676948637083
"68705",0.0122371409749098
"235386",0.0121060408111569
"74035",0.0119736088198421
"70974",0.0119113392969162
"93760",0.0117005827417445
"228550",0.0114864479157924
"320563",0.0112761594198764
"75985",0.0112113325489416
"78928",0.0111657915690941
"233726",0.0110641429005925
"76484",0.0108982937213398
"224624",0.0106805602253233
"50911",0.0105554646967647
"16568",0.0103632963761315
"227960",0.00970879375109952
"13194",0.00953459878461557
"209416",0.00938439201291072
"17993",0.00927021525491241
"21917",0.00925155291481915
"16649",0.00888824223680069
"12048",0.00887777337603969
"94219",0.00866237487884283
"338355",0.00860493694053214
"231086",0.00847244160525349
"17436",0.00840579204531864
"13544",0.00821197729896183
"319653",0.00805726004545177
"14706",0.00796812248682059
"56327",0.00752871530517332
"243548",0.00728094245927817
"11515",0.00705096637188895
"14397",0.0069102872289507
"72502",0.00689844492192916
"269823",0.00668993197424497
"18415",0.00661263917036169
"18764",0.00660342037079268
"72108",0.0065742867555875
"329777",0.0065506063187772
"99571",0.00639851255633312
"11461",0.00621796799664446
"12419",0.00612504915067855
"56381",0.0059315986654991
"71999",0.00552714449413245
"170835",0.00528387431573214
"50934",0.00522181304490153
"74549",0.00508133001420853
"71514",0.00505497145644635
"230316",0.00499425167519311
"67863",0.00475683133603409
"80879",0.00462706747404214
"224023",0.00457097102609692
"68572",0.00449773219477648
"72341",0.0044820214744346
"18472",0.00428444357059541
"76559",0.00421356687439813
"73442",0.00407406529904216
"63828",0.00391533238731289
"76687",0.00390837328816324
"16882",0.00379204500620174
"237403",0.00378959076803696
"67474",0.00370010983138462
"216443",0.00365508329343555
"53379",0.00361583687655861
"224014",0.00360387054678543
"75530",0.00314622830869522
"114615",0.00296784045919786
"23963",0.00292808478334554
"72148",0.00289373854246702
"66401",0.00287148318754571
"14962",0.00274783530182885
"15926",0.00269220747092676
"83409",0.0025899643737585
"67991",0.00250678952362389
"75659",0.00173561589407933
"67150",0.00162275228056918
"12857",0.00158047712095806
"225164",0.00156290207564813
"59040",0.00156007477149256
"67105",0.00135789952573254
"56461",0.0013431982768581
"15510",0.00133614788129334
"53618",0.00132416228864902
"433375",0.00116708426186657
"16570",0.00114923320909877
"66362",0.000936502663736983
"140579",0.000843734483391567
"67581",0.000628201493910192
"52815",0.000623327093492248
"216190",0.000237716258113049
"72296",-0.000161113546360722
"67529",-0.000260831166546159
"11853",-0.000545022444087651
"59035",-0.000650050772292887
"18761",-0.000715651189264387
"231912",-0.000800978429311583
"13445",-0.000810126247963018
"224938",-0.000810578445151369
"67693",-0.000968174405452059
"18146",-0.000980832528407461
"328092",-0.00107378184626299
"21743",-0.00107827888834594
"19261",-0.00129808326791235
"14852",-0.00136212892854794
"67673",-0.00138835173142047
"69379",-0.00143495460901733
"27395",-0.00151864184670244
"66053",-0.00152426501646986
"72323",-0.00154486268720609
"73139",-0.00193657142233958
"13627",-0.00194892761199666
"18807",-0.00200097925219176
"72017",-0.00220959749896199
"15465",-0.00247397245077669
"16492",-0.00282052515933775
"16500",-0.00286436152724341
"56335",-0.00308450933211162
"50780",-0.00312665867106628
"231633",-0.00318401455043774
"68183",-0.00329513930555149
"74122",-0.00335321267300951
"20910",-0.0034868498688834
"216965",-0.0036086316580882
"107829",-0.0036323935134239
"214579",-0.00370211756089945
"11603",-0.00396014140975706
"12834",-0.00411548404402272
"81018",-0.00414866935934741
"226830",-0.0042703302758961
"53414",-0.00427402736459779
"68936",-0.00440671681330312
"109246",-0.00452811606856184
"13437",-0.00453797492987916
"67418",-0.00470335796853739
"65102",-0.00503178007837943
"105352",-0.00528606150878196
"67839",-0.00529183209604423
"215303",-0.00534058198645232
"232664",-0.005518260455219
"67444",-0.00553688398305778
"264895",-0.00557144264897918
"12946",-0.00599822224133128
"73373",-0.00629304996142844
"66911",-0.00662892466174014
"77574",-0.00706090313504028
"227746",-0.00725597484426225
"75007",-0.00728141661972085
"22327",-0.00742568057828505
"17999",-0.00744747122695147
"231807",-0.00746024927919198
"67267",-0.00776283268419145
"12858",-0.00792023847777696
"16565",-0.00794861521163217
"78891",-0.00795837002480761
"227648",-0.00813571334950435
"319832",-0.00815409975078748
"320679",-0.00817826160726757
"50798",-0.00828615132214274
"219024",-0.00842423579464392
"14025",-0.00876531689921455
"108037",-0.00918285278233537
"268822",-0.0092762186704534
"22272",-0.00949273126055969
"14726",-0.00955574381547798
"192166",-0.00976682556757832
"76784",-0.00980121838746507
"21681",-0.00988656923402366
"74145",-0.00994157513738025
"66629",-0.0102496626421539
"381353",-0.0102766845973848
"140486",-0.0102818909410788
"19279",-0.010603476606044
"66335",-0.0107010734026089
"22350",-0.0109164831739154
"17304",-0.0109928199880985
"20833",-0.0110169285317474
"17974",-0.0110675648454988
"12297",-0.0112020889052817
"68736",-0.0115166984306621
"19944",-0.0116054169471427
"268739",-0.0117098861206734
"70382",-0.0117603864321371
"12805",-0.0118621497548666
"60507",-0.0118792490371005
"320873",-0.0119150460606334
"230233",-0.0123823134230624
"109077",-0.0124250287304339
"244418",-0.0125397526558622
"67996",-0.0130335033518393
"239719",-0.013086137336132
"74026",-0.0131182097035426
"12494",-0.0131481558214417
"226791",-0.0131800975744993
"70266",-0.0131900703762778
"69634",-0.0132470624350177
"26404",-0.0133105298520455
"103963",-0.0134302058879734
"108079",-0.0135313817519139
"56357",-0.0135523293951186
"14430",-0.0137490052577749
"229663",-0.0139168153193544
"19155",-0.0139304505217718
"19211",-0.0143964654755678
"71751",-0.0144382997573909
"75901",-0.0144870041373763
"108012",-0.0145488965231753
"15170",-0.0152470434845879
"24109",-0.0152854868099916
"66948",-0.0152864981569773
"67501",-0.0153697797509254
"17289",-0.0154154072361872
"22224",-0.0156170984608119
"218756",-0.0156879669943858
"17527",-0.0156929731558468
"170728",-0.0158756026722611
"320634",-0.0158842533386237
"106564",-0.0159778020914041
"17756",-0.0160392941058223
"107589",-0.0162997995336095
"98432",-0.0163004850743025
"27360",-0.0163358955728257
"66482",-0.0164321356501092
"240753",-0.0164866458022964
"20262",-0.0165126391082483
"13167",-0.016763079027757
"74255",-0.0168828219616941
"216821",-0.0169296194711074
"15458",-0.017335793337204
"110596",-0.0173627957395746
"66359",-0.017401921206122
"226090",-0.0174097602076383
"12018",-0.0174264083138033
"77721",-0.0174464520822559
"17022",-0.0174804206489787
"241688",-0.0176536034860091
"11907",-0.0177595777288668
"56399",-0.0178271675931262
"56457",-0.0178500910136645
"72935",-0.018273263796769
"106052",-0.0182872579484865
"108737",-0.0183282582967378
"232314",-0.0184615336045
"67465",-0.0185391659452252
"67003",-0.0187888904139396
"81601",-0.0188182065216952
"214240",-0.0188348132253365
"13482",-0.0188615031275973
"21981",-0.0190185157861638
"260299",-0.019177993174907
"14218",-0.0193492569682797
"77862",-0.0195444345957943
"68520",-0.0195756123536384
"68917",-0.0196146766158007
"26554",-0.0196857021383604
"67070",-0.0197524945402207
"11944",-0.0201982231016679
"17912",-0.0202378539146596
"235339",-0.0202737866401188
"19025",-0.0204046816651833
"67976",-0.0205411158930691
"15354",-0.0206396015826123
"19173",-0.0209377787899816
"22589",-0.0212508349785434
"13244",-0.0212600092040811
"17179",-0.0213279772350479
"14199",-0.0215962284512801
"218341",-0.0216350638512464
"20238",-0.0217674678387344
"30948",-0.021786647319167
"228836",-0.0218467845295454
"68089",-0.0218558260674985
"211389",-0.02195584418336
"73046",-0.0219847904601913
"17713",-0.0222911724021609
"12217",-0.0223717808615293
"69226",-0.0224406616718265
"69606",-0.0226258706310274
"74440",-0.0227050810180671
"21974",-0.0227791513615259
"72324",-0.0228509790421506
"233789",-0.0228968456940272
"29875",-0.0229760087706833
"81906",-0.0230293629834726
"17164",-0.0232604688905269
"23918",-0.0232867223301591
"72046",-0.0234833907969058
"81500",-0.0238548339497981
"21422",-0.0242650477508614
"21754",-0.0243308544690229
"76357",-0.0244105650065382
"66497",-0.0245009569975875
"268301",-0.0246549077538294
"69008",-0.0248539737527185
"105835",-0.0249934679930401
"81905",-0.0250235047723336
"19699",-0.0251445958985472
"80750",-0.0251605647806369
"56282",-0.0252841392914234
"22379",-0.0253387742518603
"21983",-0.0254006448906803
"224997",-0.0255529786268502
"269629",-0.0256491975020974
"22275",-0.0256961096837347
"67938",-0.0257818723597556
"80907",-0.0258281161317449
"114713",-0.0259495479278528
"13204",-0.0261113118435536
"67895",-0.0262566552931014
"16647",-0.0263871701747784
"57783",-0.0264205220710369
"75339",-0.0265805262668096
"16979",-0.026637802428202
"18260",-0.0267261924140391
"18597",-0.0268231259869554
"270192",-0.0268348699696154
"20498",-0.0268777111697349
"627214",-0.0268780121232978
"71069",-0.0269250924293995
"66500",-0.0269704084290859
"12466",-0.0272471815291934
"11632",-0.0274459322143606
"216767",-0.0274710463465717
"67952",-0.0275175074978516
"70247",-0.0277125099368041
"140743",-0.0277242274175513
"13131",-0.0277905892351419
"399558",-0.027933928827258
"14824",-0.0279547114420831
"70383",-0.0281291352528267
"225875",-0.0284400610058686
"15529",-0.0286486965472302
"104001",-0.028949873659729
"109075",-0.0290677118040766
"21767",-0.0293402352426648
"235315",-0.0293413432204075
"20655",-0.0293836734442908
"50912",-0.0295755477060724
"53380",-0.0295901916499352
"217370",-0.0297610985700643
"70495",-0.0297987383688989
"58998",-0.0298875265441968
"56526",-0.0298907944271144
"54170",-0.0300516135950124
"76178",-0.0304445562476417
"12367",-0.0306788810388284
"269116",-0.0307336193670454
"67974",-0.0308310648802607
"13116",-0.0312710300933151
"68611",-0.0313213331616964
"235281",-0.0313925596611934
"19275",-0.0315511449676336
"16490",-0.0315906880010676
"68137",-0.0315929528796984
"12028",-0.0318285665953307
"11997",-0.031999142762189
"71461",-0.0320735274914524
"30794",-0.0324191083609157
"100273",-0.0327294263750246
"14732",-0.0329952251545773
"66711",-0.033201895787361
"11989",-0.0332084201760909
"207615",-0.0333988209142537
"16195",-0.0334152988649808
"234889",-0.0337172152268061
"110379",-0.0342372147311139
"12671",-0.0343722008584542
"20418",-0.0344826336395566
"214469",-0.0344967174372594
"224727",-0.0345865501975288
"11518",-0.0346856888352899
"17850",-0.0347269822898075
"23876",-0.0349001802090287
"76722",-0.0349761463451589
"235497",-0.0350011333233175
"27280",-0.0350121541486103
"27756",-0.0351452414040387
"16572",-0.0352009319050182
"19281",-0.0352140610595107
"347722",-0.0353801149196684
"18027",-0.0356330115594676
"54126",-0.0359809533486175
"114893",-0.0360750422246406
"243382",-0.0363341185002028
"11772",-0.0364096862186434
"54383",-0.0365818310953193
"216792",-0.0365902649858885
"19286",-0.0367461077500077
"66047",-0.036760757374872
"26914",-0.036765031258639
"19418",-0.0369767080340901
"50790",-0.0370206528551516
"13497",-0.0371610400741204
"51897",-0.0371989619446073
"18949",-0.0375756117756047
"67698",-0.0378254289385944
"14731",-0.0379297990564896
"237253",-0.0380071731177613
"213819",-0.0383062885031258
"107260",-0.0383243255144924
"22152",-0.0387853534879761
"56752",-0.0389352894756305
"14137",-0.039019481835405
"269060",-0.0390775175634093
"80883",-0.0390783676788896
"67117",-0.0392801045808373
"595136",-0.0393119844243493
"99010",-0.0393143250906643
"53600",-0.0393611373731432
"217030",-0.0393684596579292
"56217",-0.0393721185084839
"69051",-0.039758582648985
"73945",-0.0400050795543971
"214968",-0.0400980150120184
"55943",-0.0402498111451084
"66536",-0.0402578727559009
"217207",-0.0403938601255434
"232947",-0.0404153882723978
"66427",-0.0404415507129148
"18405",-0.0405439848085234
"19139",-0.0406078657940554
"16975",-0.0407892734735568
"66092",-0.0411608700612601
"52076",-0.0412083661188571
"330814",-0.041367707822239
"12336",-0.041939052945531
"73582",-0.0421983986298943
"15289",-0.0423420960980316
"21968",-0.0424412230745134
"216157",-0.0424914135556496
"270084",-0.0425185754169963
"66510",-0.0427153045220219
"106529",-0.0428005902909407
"239217",-0.0430733779691181
"230101",-0.0432185713392065
"58523",-0.0433875516348538
"19376",-0.0434220845613267
"19058",-0.0439229134542071
"270190",-0.0441576372052888
"23894",-0.0441578473593799
"328162",-0.0443517092596365
"109658",-0.0448823917999045
"21887",-0.0448873861093889
"67963",-0.044893917146174
"20588",-0.0449500432400794
"70425",-0.0450299000931594
"14609",-0.0451811377390733
"12918",-0.0451947111263797
"66849",-0.0452253278742392
"11883",-0.0455363273868263
"67025",-0.045841311021874
"66866",-0.0464160190622107
"68337",-0.0465067265016792
"70839",-0.0465301441228328
"98386",-0.0470573215561122
"17937",-0.0473009748333754
"24068",-0.0473626248973269
"54214",-0.0474636174904465
"381582",-0.0477030707182834
"13211",-0.0478030583685407
"69672",-0.0478149581566694
"69639",-0.0479221398096107
"71733",-0.0480579192082078
"63959",-0.0480902787356233
"66958",-0.0482932085448597
"70315",-0.0483153065124167
"269587",-0.0486868043039763
"12929",-0.0487649165838102
"20618",-0.0488444052671728
"72519",-0.0489260183014674
"76376",-0.0489591877682589
"28200",-0.0491029819921937
"12912",-0.0493277526251238
"76007",-0.0498106123384313
"100336",-0.0498169599710134
"382985",-0.0499273477423613
"233879",-0.04996962169529
"71703",-0.0499828282584931
"66861",-0.0499904796218662
"72747",-0.0500127659590655
"269615",-0.0500507281398771
"19303",-0.0500656664505728
"68738",-0.0500915884676014
"14417",-0.0501550286725988
"74772",-0.0502462027081342
"243764",-0.0503611992390197
"69237",-0.0504127922500969
"72692",-0.0507025851448882
"74781",-0.0510228096346991
"56444",-0.0511051144984936
"69090",-0.0511195747496857
"74136",-0.051243411262308
"73112",-0.0513187921867568
"56726",-0.0513650339749245
"18212",-0.0514035749371747
"54709",-0.0514704201712926
"15571",-0.0515565219345924
"16816",-0.0515739980294378
"80743",-0.0517100575642435
"15212",-0.052065160612978
"69064",-0.0524123583393497
"52892",-0.0526644143329158
"224824",-0.0527329989599235
"18033",-0.0528943338162708
"21951",-0.0532829655470245
"59002",-0.0533843382108283
"81904",-0.0539899168137534
"20744",-0.0543293258995765
"78688",-0.0546232565629946
"12465",-0.0546268098187272
"21346",-0.0546510463694386
"58234",-0.0546881327947093
"14479",-0.0547993080484479
"66622",-0.0552899082543367
"11747",-0.0552939289178385
"170790",-0.0553127356819051
"108160",-0.0557153833256553
"20265",-0.0557384180531049
"94109",-0.0557653670970514
"319845",-0.0558735762061549
"245841",-0.0559304450485569
"329152",-0.0559496137683713
"20513",-0.0563993019140532
"224796",-0.0564066223106802
"16434",-0.0566877715810221
"216873",-0.0567360115183775
"23943",-0.0568813094275667
"103768",-0.057128156348201
"12934",-0.0573057421852914
"319195",-0.0575648509946994
"70370",-0.0578705525321809
"110095",-0.0579185086410633
"66830",-0.0579951183468763
"67993",-0.0580397827254302
"14431",-0.0582082446661096
"16504",-0.0582642542769192
"66887",-0.0584155137419055
"68565",-0.0585024348168012
"30057",-0.0585995827878938
"105663",-0.0587817369644924
"94186",-0.0587855477598135
"108121",-0.0587858699014178
"12325",-0.0591749997224471
"12631",-0.0592620506266736
"71984",-0.0592863600442489
"66481",-0.0593586748432641
"15165",-0.0594437517953214
"70160",-0.0595053754570396
"12015",-0.0595498215302709
"67781",-0.0598998643103129
"244682",-0.0603223605216752
"14661",-0.06046401778227
"19384",-0.060585681116226
"23922",-0.0607244495060178
"73078",-0.0607501468509647
"63958",-0.0609479099254405
"67628",-0.061290689504019
"22596",-0.0614139686741721
"20720",-0.0615409173020657
"12801",-0.061600816180853
"77031",-0.0619134973397657
"78339",-0.0622521441856316
"16337",-0.0623551038372258
"245450",-0.0623660356631079
"71745",-0.0626540074302763
"232341",-0.0628966134367916
"81003",-0.0630887193636348
"109113",-0.0631347916285377
"56044",-0.0632760129388168
"380768",-0.063319898776214
"11957",-0.063397070959053
"210293",-0.0634309736952668
"207352",-0.0634891370206235
"104721",-0.0635402621192877
"27224",-0.0635797840702945
"13875",-0.063582420107338
"19042",-0.0636178955400987
"66404",-0.0638863411581432
"18711",-0.0640011397074763
"103573",-0.0641456954123246
"12290",-0.0642403187101862
"226414",-0.0642561373550114
"56695",-0.0642797677901009
"107227",-0.0642828726498075
"67776",-0.0643159475608516
"23938",-0.0648291325754705
"69894",-0.0649029842657153
"19334",-0.0650552385210585
"20104",-0.0651451648824881
"12812",-0.0652370003162979
"67207",-0.0652480035793635
"18082",-0.0652804778057361
"171180",-0.0653438200905087
"12971",-0.0653889240988468
"18557",-0.0653950796419439
"51793",-0.0654539820357573
"12032",-0.0656402852200342
"67326",-0.0656539208256791
"69162",-0.0656921299442025
"11636",-0.0658152871317732
"269774",-0.0658912850402685
"27999",-0.0661983185214218
"22249",-0.0662939482739748
"14030",-0.0665052430360191
"213081",-0.0667605601731154
"19317",-0.0671950687133297
"56529",-0.0673038718479443
"67103",-0.0674535902153993
"74309",-0.0674559376125218
"234366",-0.0675315157512311
"225849",-0.0677363669593055
"66671",-0.0678444240513695
"66070",-0.0680335446731603
"20928",-0.068105786404154
"70601",-0.0682517309543797
"20218",-0.068365339271966
"13046",-0.0684001758190684
"71393",-0.0684640509777151
"17991",-0.0687443029078325
"233405",-0.06885437483661
"27998",-0.068965265465637
"545156",-0.0690216360320446
"69276",-0.0690720709679209
"13196",-0.069232235076974
"227325",-0.0698946222635973
"53761",-0.069919535076556
"629378",-0.0699414501734402
"13655",-0.0702665642366856
"75320",-0.0703735063149158
"83431",-0.0707713491451545
"244882",-0.0709558183589968
"13872",-0.0709762522892122
"19057",-0.0709936361435619
"80877",-0.0711642968359281
"230857",-0.0712699524486245
"17168",-0.07150065148955
"230863",-0.0715700995366025
"18226",-0.0723520929898041
"66124",-0.0726734013472536
"12388",-0.073059918241446
"12905",-0.0730738339480805
"12988",-0.0731422580277405
"69737",-0.0731508363248755
"209354",-0.0732880625233235
"66246",-0.0734321947511474
"66449",-0.0735928968104274
"68346",-0.0737511381854704
"240396",-0.0737655877960148
"223697",-0.0739291766915286
"227720",-0.0739827775259969
"76894",-0.0745180760481962
"72727",-0.0748039371785373
"116621581",-0.0749074972097879
"80904",-0.0749523784961849
"12468",-0.0750642732823227
"66489",-0.0750944390379187
"56424",-0.0751291980084381
"245638",-0.0751568088852046
"77626",-0.0751719347465007
"57837",-0.0751769493975044
"238871",-0.0751985683853805
"69408",-0.0753555560027291
"75718",-0.0758996293131953
"19205",-0.0760493209832447
"28169",-0.0760992972626093
"23830",-0.07647782461988
"12389",-0.0765582983676809
"68251",-0.0765767268253547
"17449",-0.0766143412995125
"320910",-0.0767692904019867
"93840",-0.0767952558757367
"13804",-0.0768144667377678
"72475",-0.0768978683303131
"217342",-0.0769108308091503
"21976",-0.0771701933799514
"68299",-0.0771744029889859
"320878",-0.077191845828453
"233765",-0.077246972097251
"110826",-0.0773082888935607
"93712",-0.0773409498608844
"50779",-0.0774850415022691
"106794",-0.0776492774617309
"12816",-0.0778913622343603
"14376",-0.0779907775934588
"238130",-0.0781305969328262
"53375",-0.0782973205058468
"229709",-0.0784937982018421
"239857",-0.0786196031333052
"271981",-0.0786379163764654
"106581",-0.0789348199457083
"13171",-0.0789850432048219
"223593",-0.0792979827756428
"19383",-0.0794940690065993
"109136",-0.0797736245036201
"74200",-0.0801806911500378
"57028",-0.0803487848210494
"22223",-0.0805317400494424
"109168",-0.0810931654545085
"14816",-0.0812671729782594
"228602",-0.0813073614773398
"13855",-0.0813514483262791
"20054",-0.0818306827595141
"23879",-0.0818619584596462
"228356",-0.0819131314433515
"227638",-0.0819350721438969
"69806",-0.0823016284827443
"100503185",-0.0823623594156118
"14583",-0.0828122353603347
"17758",-0.083205156772967
"20614",-0.0834752214335439
"11790",-0.083548164199904
"223701",-0.0836473354624611
"106583",-0.0839936545557655
"237831",-0.0841787931382426
"72978",-0.0842645547826818
"18984",-0.0843136663262193
"19224",-0.0843584785754249
"17207",-0.0843971096867421
"11538",-0.0844518428811508
"269593",-0.0845763571530331
"78795",-0.0845776055311018
"227399",-0.0847760963831381
"19386",-0.0848970839535895
"73420",-0.0849756812187236
"12630",-0.0850329401740969
"67884",-0.0851350286500606
"23992",-0.0852620946123662
"71446",-0.0855872447252079
"78920",-0.0857255776284583
"19014",-0.0862073309804125
"68815",-0.0864906171279138
"66066",-0.0865855408837051
"243274",-0.08658899684249
"74443",-0.0874897016627809
"20336",-0.0876980574101582
"19171",-0.0881400927506
"20272",-0.0882586165145369
"71268",-0.0882657961233438
"100210",-0.0882828417788374
"69480",-0.0883555516086596
"210992",-0.088454483832095
"22763",-0.0884721532302575
"104885",-0.0884994760458852
"12490",-0.0885043001355145
"66307",-0.0886772440945664
"260297",-0.0887162124975756
"69035",-0.0890573860016378
"330790",-0.0890849357261195
"70257",-0.0891122560455433
"140630",-0.0891361860319663
"68151",-0.0892183786091396
"72931",-0.0893065354269409
"66471",-0.0893096350954188
"77032",-0.0893712174137847
"67211",-0.0894498448720598
"56016",-0.0896431896310077
"26961",-0.0896735647915339
"27406",-0.0897578912638377
"20563",-0.089790824174565
"320472",-0.0898406919628885
"67490",-0.0899760255793376
"59027",-0.0901538371365115
"210766",-0.0904301302485821
"73122",-0.0905495682731223
"17463",-0.0905696794158871
"20362",-0.0907294939481592
"234135",-0.0909413911425393
"57437",-0.0912469683662062
"330938",-0.0913602965863481
"116870",-0.0914119766916244
"110532",-0.0915888164676828
"66234",-0.0916742466920923
"68505",-0.0918027132284938
"67445",-0.0920252276461329
"103978",-0.0921793569669117
"56535",-0.0922442061481099
"20848",-0.0924691756238295
"207683",-0.0928614804628855
"192976",-0.0932025331269133
"67451",-0.0933293537647672
"66416",-0.0936010163357083
"22630",-0.0940022988415447
"20378",-0.0944572730172983
"14645",-0.0945121201898946
"338337",-0.0948435667031431
"54624",-0.0950364440665901
"21929",-0.0951103044681324
"75273",-0.095426037283532
"16563",-0.0955103951433471
"14701",-0.0956031368708033
"23837",-0.0956300209622304
"24136",-0.0957486534273652
"230775",-0.096426231441269
"70790",-0.0965850428336096
"68514",-0.0967205205709756
"72482",-0.096730802085852
"64291",-0.0968193138629708
"13838",-0.0969015155759476
"233724",-0.0969400872725486
"108679",-0.0971161019347231
"170789",-0.0972634596057798
"67414",-0.0974190761409132
"103711",-0.0975171916064756
"259302",-0.097555618665662
"109910",-0.097836117191591
"69163",-0.0979009242895658
"74254",-0.0979559716429289
"230257",-0.0980222144156138
"12889",-0.0980859487395108
"228866",-0.0982439225509625
"328778",-0.0982699165162669
"216549",-0.0985528725559435
"69219",-0.0986705431088601
"94253",-0.0990643603810625
"235344",-0.0991067624322043
"66447",-0.099193312268331
"13682",-0.0996520736909444
"12005",-0.0996704524910694
"70549",-0.0999381146525919
"218210",-0.100018538504586
"76773",-0.100061051817084
"17149",-0.10012639821306
"243621",-0.10039505459464
"231855",-0.100443144287188
"110279",-0.100455801936629
"14598",-0.100516401558256
"67078",-0.100675368248047
"213012",-0.100685066809824
"239555",-0.10070356367102
"21379",-0.10080410678646
"68836",-0.100866467372803
"217882",-0.100984546192961
"28018",-0.101029224318672
"72479",-0.101147417756519
"24030",-0.101448240407222
"108686",-0.101460637899182
"11364",-0.101667494612183
"269878",-0.101845013042772
"26562",-0.102209193327941
"20660",-0.102311110568869
"20603",-0.102519556908219
"18548",-0.102952203443947
"104458",-0.103375767180233
"214895",-0.103692974202078
"53334",-0.103697792365243
"75909",-0.103808064339733
"208501",-0.103850348925245
"65967",-0.103898339644105
"67530",-0.103987176321359
"13383",-0.10398941699497
"224640",-0.104134011459638
"18606",-0.104612350670981
"213575",-0.10483010295193
"67588",-0.104855699023224
"227333",-0.104935361859891
"16502",-0.105108191182976
"71670",-0.106125141302795
"245670",-0.106167713929454
"59054",-0.106230643979239
"18191",-0.106370413543693
"12570",-0.106564349524952
"72512",-0.106570651660008
"67661",-0.106936339961386
"99326",-0.106954075488253
"75209",-0.107224197177223
"18223",-0.107499476007613
"319876",-0.107608484282187
"272589",-0.107764895668026
"67044",-0.108782526120742
"99167",-0.108828747927139
"11548",-0.108851747946648
"52633",-0.109190908104588
"380921",-0.109269310080117
"14866",-0.109302104958372
"14758",-0.109699841439758
"230596",-0.109922172527992
"67870",-0.109966767409274
"17156",-0.11001684845272
"72018",-0.110027244657202
"208263",-0.110090917254448
"68794",-0.110339648508799
"12402",-0.110402829481355
"59038",-0.110422784445536
"84113",-0.110560865619987
"73094",-0.110843041634121
"78653",-0.110873320435359
"110606",-0.11144916408821
"20586",-0.111492062312357
"211914",-0.111550131417015
"18195",-0.111643584086692
"84652",-0.111746871252437
"13014",-0.111890743020107
"13191",-0.111970111723887
"69769",-0.111973230907542
"75612",-0.111978050284335
"545276",-0.112014291737174
"209378",-0.112212156554423
"75062",-0.112335495566124
"83674",-0.112754917459473
"67229",-0.113101324631012
"353242",-0.113250551946015
"71678",-0.113383395245689
"66383",-0.113530008677245
"18938",-0.114096622934752
"56205",-0.114280586019077
"26462",-0.114483958286596
"101490",-0.114612053225587
"108052",-0.114703384141818
"235461",-0.114904673507815
"54405",-0.115074095233391
"26384",-0.115104130875712
"230649",-0.115193244263972
"50880",-0.11542497261957
"67467",-0.11556154930822
"74164",-0.115561678181198
"19126",-0.115653853581899
"53951",-0.115660810510533
"14168",-0.115847246589473
"226591",-0.116048566766088
"18104",-0.116052631926524
"109349",-0.116233428800562
"69372",-0.11627353494116
"74195",-0.116407244146566
"78523",-0.116774331048586
"68428",-0.116807178538282
"101943",-0.117090157377417
"116838",-0.11713702864999
"73694",-0.117396663171128
"12675",-0.11769927965776
"13589",-0.117931603205689
"16432",-0.117945389399002
"227801",-0.117970053082221
"240880",-0.118040043967592
"67971",-0.118206462744002
"432940",-0.118225611329246
"14809",-0.118253152603637
"21411",-0.118458346105723
"321022",-0.1188126045117
"50907",-0.11922668434877
"11669",-0.119509740559125
"192198",-0.119579486629891
"225724",-0.119715756892012
"212285",-0.120137014085501
"13036",-0.120161910964799
"268882",-0.120329868696194
"83671",-0.120378505054517
"69642",-0.120442002879049
"15388",-0.120494195519248
"20702",-0.120554019143422
"234730",-0.120835061548202
"66163",-0.120952342702844
"52432",-0.121001627075996
"18616",-0.121160973756448
"66826",-0.121306858208342
"625249",-0.121321075681109
"233073",-0.121381716586756
"11877",-0.121483548562583
"59025",-0.121494916155268
"240058",-0.121678312169392
"68758",-0.121807514533581
"18791",-0.121825888828813
"72634",-0.122024348766756
"26968",-0.122073143990415
"27801",-0.122225742415843
"100710",-0.122330331976088
"239667",-0.122337047004066
"73067",-0.122428399927829
"238123",-0.122629277054203
"192173",-0.122685650702718
"18197",-0.123437211847879
"67204",-0.123483103336163
"110446",-0.124078283138343
"319740",-0.124147108039403
"78309",-0.124295023461058
"12894",-0.124547827268132
"433759",-0.1246313350978
"16985",-0.124838620250133
"64652",-0.124927140633192
"72572",-0.124943850568032
"99237",-0.125271906683189
"71361",-0.125708754258965
"231841",-0.12580909730497
"327655",-0.125841882569879
"56322",-0.126073265719278
"243616",-0.126629765783889
"234663",-0.126653205402863
"19293",-0.126716089989808
"12176",-0.127065247259779
"56464",-0.127345104977916
"13681",-0.127349046553025
"19229",-0.127735298463456
"66877",-0.127763355649187
"270163",-0.12778993442568
"544963",-0.128287134685832
"22129",-0.128343519002132
"76983",-0.128346109715315
"66274",-0.128441254242967
"13808",-0.12858782295447
"226180",-0.129543105740551
"75560",-0.129584766650773
"70561",-0.129620478104662
"219094",-0.129661463325426
"228852",-0.129790091595122
"225288",-0.129876213054766
"574402",-0.130143517651035
"56370",-0.130178036919916
"19354",-0.130267344694868
"19739",-0.1303803527524
"53870",-0.130422983685606
"102693",-0.130654650518294
"98766",-0.130893967767751
"56384",-0.130920664087759
"20318",-0.130946417852083
"12308",-0.131540938488087
"110920",-0.13157995066163
"20516",-0.131590068367212
"230676",-0.131663715012575
"22360",-0.131833023767609
"66264",-0.132210593659233
"104252",-0.132231388670432
"67239",-0.132315303015441
"329165",-0.132462534592673
"66420",-0.132606404096661
"16691",-0.132863124434893
"18567",-0.133191651284662
"66589",-0.133515882622511
"208846",-0.13371185228824
"73062",-0.134026871042129
"54673",-0.134228153068805
"171508",-0.134244629947745
"66091",-0.134295121423883
"70584",-0.13430112915826
"83669",-0.134370571414937
"11787",-0.134798182260348
"11843",-0.134928897558843
"241694",-0.135263359841938
"69903",-0.135357763776495
"11838",-0.135636832630359
"55980",-0.136047997878404
"66491",-0.136207511165311
"110385",-0.136307238536654
"72621",-0.136319396905504
"232370",-0.136658575668746
"109079",-0.136731762091122
"14265",-0.136959183588271
"68732",-0.136975318678202
"268470",-0.137119821941962
"98685",-0.137376221064103
"68023",-0.137731708331161
"59045",-0.138279140056724
"66258",-0.138583856929631
"433256",-0.138715308766428
"18100",-0.138778270694338
"71772",-0.138820592306305
"240843",-0.139062544022985
"268749",-0.139201862801563
"17252",-0.139408457646768
"66736",-0.139581975323783
"59047",-0.139655632878509
"20912",-0.139973768213636
"217310",-0.140114140935974
"16498",-0.140760090022339
"235293",-0.141366367128821
"15488",-0.141392666507076
"22348",-0.141494109765998
"241656",-0.141513007196995
"66446",-0.141636421778315
"73689",-0.141700198282695
"54484",-0.141760695454305
"23989",-0.141863746603152
"23936",-0.1424759204177
"14807",-0.142626639454255
"18242",-0.142629555495524
"19299",-0.142820038287643
"18105",-0.142924497660862
"69487",-0.143058543821244
"27357",-0.143064575231065
"81896",-0.143260016215213
"14673",-0.14329719502102
"19052",-0.143521544439768
"108068",-0.143590156454671
"76626",-0.143622028353586
"107094",-0.143942503934134
"67876",-0.143983741634823
"171469",-0.144237884574054
"73137",-0.144419680116209
"18010",-0.14453647119421
"50868",-0.144848269650159
"227377",-0.144926169544811
"20168",-0.145061613673417
"234967",-0.145152083090149
"241134",-0.145259101946609
"50767",-0.145460556224601
"330554",-0.145569169004254
"235574",-0.145597946273685
"380840",-0.145848715632338
"229584",-0.145954913466353
"101565",-0.146162541719011
"20616",-0.146641556919215
"226971",-0.14695931361562
"14815",-0.147141451350416
"380836",-0.147182561984449
"56503",-0.147218894932783
"18571",-0.147287781491446
"140481",-0.147428493310474
"67248",-0.147675264675037
"58994",-0.147692157828609
"93762",-0.147706880882512
"116940",-0.147753007018898
"14356",-0.147798372077676
"12908",-0.147906521487874
"13170",-0.148093540711201
"234595",-0.148170964546964
"21881",-0.148261452647776
"11927",-0.14826685427697
"72795",-0.148598940315828
"24131",-0.148758380866872
"229279",-0.148763356800658
"69807",-0.148851601377513
"72899",-0.148937246270835
"104010",-0.149103090410904
"20403",-0.14912010545077
"56637",-0.149173046967218
"18846",-0.14970557100632
"99738",-0.149737063230062
"330914",-0.149738410145655
"16179",-0.149826338838673
"75141",-0.149888924991016
"74479",-0.149941387784894
"223754",-0.1506189812901
"20615",-0.150640657348514
"74245",-0.150719686173696
"237615",-0.15117303805597
"99311",-0.151238737097439
"17128",-0.151315455901049
"19330",-0.151443062468985
"240832",-0.151547172642822
"50762",-0.151644934644044
"110094",-0.15170967244367
"67039",-0.151821990468639
"99633",-0.151879529159203
"94061",-0.152529579590484
"268933",-0.152601570978526
"213499",-0.152673622772266
"76527",-0.152897081476675
"67914",-0.152923842930735
"59125",-0.153157400917862
"211488",-0.153188110675864
"99412",-0.153426330239888
"15567",-0.153442187176333
"21351",-0.154342307760205
"226517",-0.1545030028624
"19258",-0.154796146262817
"116837",-0.155092437481798
"66647",-0.155145327605279
"327958",-0.155147861616218
"74203",-0.155212018080731
"12572",-0.155235937757055
"19246",-0.155343928108333
"107684",-0.155373690614806
"74053",-0.155708066700116
"226115",-0.155709843817188
"18753",-0.15583320440439
"14390",-0.156001070124558
"56228",-0.156225722782315
"20853",-0.156298605442661
"12527",-0.156481672594246
"268859",-0.156909915987025
"105886298",-0.15731833047826
"56463",-0.157490209804687
"21454",-0.1576512040849
"11564",-0.157693990997799
"52882",-0.158165018571676
"108083",-0.15839367940499
"17191",-0.15845674314805
"270110",-0.158756441345262
"229877",-0.15897510129416
"15360",-0.159061934616498
"106931",-0.15908949679706
"236727",-0.159199677541463
"70028",-0.159248911403641
"19921",-0.159306714478473
"380711",-0.159613188810128
"69156",-0.159767247726838
"13433",-0.159861852427423
"235169",-0.159875730750385
"212503",-0.160133490266142
"228432",-0.160134405937514
"66394",-0.160183905567092
"14799",-0.160314848113426
"56284",-0.160499272772841
"242274",-0.16056382294139
"68938",-0.160573896136914
"13010",-0.160621052187954
"56258",-0.160862309960606
"107045",-0.161037430582847
"72162",-0.161061774191647
"216459",-0.161148657580511
"67019",-0.161445570698189
"15182",-0.161507016086696
"226866",-0.161903772554704
"108911",-0.161967468909653
"231329",-0.162114833414984
"230673",-0.162200416493541
"28114",-0.162292915275956
"245684",-0.162307168998299
"71807",-0.162630596995714
"12520",-0.162724507501276
"71943",-0.163045791707175
"12576",-0.163083595973707
"75744",-0.163513433924369
"216343",-0.164044969699311
"20662",-0.16407126072971
"269336",-0.164350721883238
"81840",-0.164439477353103
"330817",-0.164815991539049
"12279",-0.165057208777355
"64658",-0.16523680188446
"73132",-0.165261937897917
"20273",-0.165386683847628
"68493",-0.165521105829118
"66253",-0.165719865955251
"244895",-0.165940573848264
"99543",-0.166336365866328
"116873",-0.166603672388511
"78334",-0.166795189694709
"234069",-0.166865427098032
"16922",-0.167038224987492
"14149",-0.167442549397261
"11848",-0.167588169383735
"12955",-0.167823118328239
"53322",-0.167883646834666
"70572",-0.168063338092101
"14630",-0.168190568263485
"192191",-0.168212074883126
"243634",-0.16823663288664
"545428",-0.168249163847596
"12345",-0.168272345138645
"210789",-0.169052875345033
"16913",-0.16914342235887
"246710",-0.16922728601911
"382056",-0.169430171084483
"319211",-0.169481010689961
"15893",-0.169504719694686
"69719",-0.169796578223503
"20198",-0.169802276222702
"100683",-0.170078684984684
"98660",-0.170108401722835
"60525",-0.170474920217163
"74256",-0.170523204699221
"69186",-0.170727848706566
"26371",-0.170802856664997
"109676",-0.170992269162946
"19055",-0.171436048800316
"73724",-0.171545339178962
"56700",-0.171673171376601
"54451",-0.17168493203691
"75210",-0.171705654284011
"20741",-0.171773572739362
"20192",-0.171791822025635
"11692",-0.171846262918678
"13528",-0.172003829020288
"21672",-0.172163747040348
"268980",-0.172337848911889
"28030",-0.172398512241728
"210146",-0.172479261750448
"68499",-0.172582234341611
"225845",-0.172720235953762
"56615",-0.173034667693162
"226418",-0.17305023782985
"110960",-0.173100746930022
"50497",-0.173151717310524
"15369",-0.173273233512873
"69524",-0.173498357071839
"12662",-0.173659166395969
"11474",-0.173663657572658
"26926",-0.173800072468263
"64934",-0.174062481642252
"68479",-0.174533147905567
"14200",-0.174538933445989
"78832",-0.174601582208373
"12568",-0.17495275543804
"215085",-0.175102489434774
"11928",-0.175235354220858
"97165",-0.175325864497049
"229906",-0.175376698620183
"230027",-0.175455062136135
"12040",-0.175605365629835
"77015",-0.175721247866162
"26949",-0.17601426392045
"70650",-0.176118658689389
"12709",-0.177058135541672
"19876",-0.177106477447727
"140493",-0.17725793314238
"668158",-0.177291867079
"22153",-0.17729249696446
"67180",-0.178281437368021
"15185",-0.178494321384027
"216558",-0.178507024688286
"108071",-0.178581803842281
"56469",-0.178685170548285
"270086",-0.178890943072605
"330953",-0.179147915391148
"226970",-0.179250017484558
"23945",-0.179301182992128
"20501",-0.179358648868263
"214931",-0.179424138032207
"22782",-0.180100167372296
"74616",-0.180235885099671
"19177",-0.180279426951225
"107932",-0.180296866233243
"67832",-0.18034401490658
"53627",-0.180640759457165
"24066",-0.180786625816951
"22258",-0.180891410231534
"71713",-0.180891797279245
"74166",-0.180950481671336
"12672",-0.181066614602152
"14268",-0.181130250821807
"384009",-0.181357168521189
"59003",-0.181410577820851
"71820",-0.181517369151326
"68203",-0.181976032373681
"381511",-0.182151635387034
"14420",-0.182353745923674
"104184",-0.182484551593695
"268354",-0.182619614877526
"239528",-0.182632634069739
"93747",-0.182850777498936
"242667",-0.183030606439112
"18163",-0.183295177815558
"27054",-0.183330626904301
"64657",-0.183354613709441
"66170",-0.183427379646575
"30931",-0.183610151233646
"110380",-0.183700551746594
"70762",-0.183733881173897
"22083",-0.183898173525947
"80334",-0.184121947770142
"56364",-0.184200753671045
"57435",-0.184279097292807
"229801",-0.184915570605809
"98758",-0.184918235081528
"21841",-0.185478437029199
"102614",-0.185615636501061
"30957",-0.185775356193233
"110891",-0.185891400955064
"108888",-0.18618811713808
"67892",-0.186318455147678
"71941",-0.18639613265123
"66701",-0.187393747411394
"72831",-0.187447717468047
"67269",-0.187662961724183
"19894",-0.187798028325057
"67388",-0.188297723917317
"215690",-0.188607643500585
"58175",-0.188705481884975
"23959",-0.188776703766152
"103583",-0.188964563122383
"70432",-0.189179549640597
"50877",-0.189334553595844
"13207",-0.18966969362778
"84585",-0.189716911007028
"29817",-0.189815563359125
"216188",-0.189868860691591
"50492",-0.190136995935484
"11477",-0.190321774374509
"17159",-0.190355238901119
"55946",-0.190642662227608
"94232",-0.190831258578687
"11459",-0.190908455949109
"26875",-0.190909782433293
"360213",-0.190917234139181
"65098",-0.191085165137193
"100434",-0.191291531896926
"240283",-0.191321033750276
"664883",-0.191606614844572
"76510",-0.191784555532446
"67184",-0.191805237698715
"226744",-0.191818016754819
"270120",-0.191886249815932
"64085",-0.19212357919745
"17896",-0.192159303990276
"76246",-0.192171564240186
"13004",-0.192233080311156
"381110",-0.192648584064967
"227580",-0.192689648428865
"12892",-0.192745254024324
"12647",-0.19276118818797
"11418",-0.192874156924369
"105446",-0.193052226442422
"66894",-0.193197847909759
"71436",-0.193482475967745
"20324",-0.193538256206313
"78797",-0.193979305575717
"14227",-0.194012340223871
"13728",-0.194073948275121
"243867",-0.194199950651216
"100088",-0.194322990516759
"16485",-0.194601267362957
"109674",-0.194699518075152
"56490",-0.194799880828373
"231659",-0.194936320363755
"17827",-0.195058452537422
"17079",-0.19562515238907
"100383",-0.195753354429895
"17524",-0.195862967882274
"244548",-0.19597324656125
"278507",-0.196355974366008
"19285",-0.196376835987232
"93736",-0.196604540260508
"56200",-0.196714284703956
"71452",-0.19694050399659
"230734",-0.196991826838075
"11993",-0.197006379976973
"66084",-0.197040926499799
"101240",-0.197083474024259
"68617",-0.19746121936235
"56876",-0.197529745541149
"77134",-0.197594865230072
"21915",-0.197634156403257
"228607",-0.197862877824282
"105670",-0.197988476346621
"320951",-0.198344964857415
"71946",-0.198501856355532
"17174",-0.198554116318063
"70349",-0.198559584137806
"67446",-0.1985967495943
"18806",-0.198660271530379
"14421",-0.198689222134012
"13859",-0.198758690800208
"13823",-0.198948896696857
"71885",-0.198973163878272
"19259",-0.199069849694743
"14548",-0.199153104942438
"96979",-0.19919329512064
"67123",-0.199235877392005
"14020",-0.19974210503927
"74901",-0.199761939900765
"257633",-0.200269430953414
"233208",-0.200514218659349
"13806",-0.20052408431553
"50758",-0.200570083455912
"27376",-0.200598226114639
"19336",-0.200600706492428
"57330",-0.200617270747113
"54132",-0.200768020849722
"68092",-0.200901131288015
"56741",-0.201027709583923
"19325",-0.201243231766086
"235431",-0.201506727348457
"67669",-0.201730885340381
"19272",-0.201741353672062
"57813",-0.201782638987956
"231803",-0.201847517429691
"68458",-0.201878242161188
"59013",-0.201961769452573
"77125",-0.202005759685197
"212999",-0.202057950530736
"259279",-0.20208931265141
"19185",-0.202317056165723
"80906",-0.202663485470599
"70638",-0.202768842717218
"27374",-0.202942902031338
"246703",-0.202950676789573
"84505",-0.203135123214578
"286940",-0.203347700377967
"67384",-0.203364278901361
"212508",-0.203447457491149
"237988",-0.203660060438573
"22099",-0.203925574904618
"66923",-0.204165947433303
"22608",-0.204291573295638
"56697",-0.204467573973798
"14085",-0.204498431622005
"99382",-0.20474068391947
"54683",-0.204796265042362
"19082",-0.204826770446147
"100737",-0.205063991605099
"74337",-0.205239021162415
"230249",-0.205882257440975
"98970",-0.206224966847639
"103742",-0.206532176760287
"78697",-0.206541806413625
"12033",-0.206680588240903
"212627",-0.207280093118172
"76483",-0.207384607877643
"229603",-0.207531852819834
"59046",-0.207533025528329
"83397",-0.207705798408952
"75613",-0.207769261073972
"54377",-0.2080796382918
"18008",-0.208228503487535
"14403",-0.208294135288721
"225870",-0.208412331433726
"22671",-0.208440507600365
"171486",-0.208691080206752
"71687",-0.208723606931185
"117600",-0.208878703441523
"66552",-0.209454611123159
"22004",-0.209691696161786
"66101",-0.209851731642583
"238328",-0.209895792989391
"11438",-0.210178424986366
"28080",-0.210192593714021
"68695",-0.210431807294265
"72685",-0.210562828210554
"14415",-0.210888759074019
"74185",-0.210941373790938
"105501",-0.211392203198073
"232539",-0.211399356506195
"109652",-0.211549913681512
"229211",-0.211613611318731
"215951",-0.211699191851857
"107971",-0.211835947730608
"71902",-0.21220369171823
"19045",-0.212494925564376
"17475",-0.212733110626148
"23942",-0.212742696054702
"80294",-0.212988339460462
"218793",-0.213093561090033
"381201",-0.213203833175868
"213056",-0.21335768356216
"239027",-0.213532032362015
"18952",-0.213686662260948
"78038",-0.214078987559273
"11717",-0.214273575949675
"83946",-0.214296031238768
"68743",-0.214410810110326
"665775",-0.214506054733785
"12512",-0.214544311461581
"56705",-0.214839132100838
"231876",-0.214872637969494
"208158",-0.215050680494972
"21859",-0.215302599409561
"11765",-0.215358802949504
"72993",-0.215656935835723
"66108",-0.21589267805261
"57279",-0.216174292082919
"66612",-0.216349988165774
"67092",-0.216422993784484
"100855",-0.216544691161437
"27973",-0.216708400036728
"68117",-0.216965351688496
"67164",-0.216977473466176
"18028",-0.217055278657147
"74196",-0.217365431674675
"246221",-0.218437615236639
"18417",-0.218586552100528
"26441",-0.219347286890729
"16332",-0.219360379838718
"71795",-0.219361732776307
"67873",-0.219400777632847
"15129",-0.219712962403513
"21960",-0.219789909152276
"11350",-0.220030410519155
"331026",-0.220061851648725
"66815",-0.220147033096413
"66824",-0.220491082936296
"12521",-0.22098771542658
"11512",-0.220996365686955
"18039",-0.221182644783149
"17536",-0.221389186742795
"12296",-0.221406052650137
"226539",-0.221469067413701
"110611",-0.2216372542194
"70297",-0.221734515082242
"329908",-0.221820985197314
"242557",-0.221878148891444
"66493",-0.222243520419963
"11652",-0.222329724074669
"67801",-0.22247539335942
"67220",-0.22253682477311
"22215",-0.222640258701116
"78779",-0.222704084848934
"73032",-0.222760654035227
"69912",-0.223135945229671
"380664",-0.223201998696731
"20363",-0.223327153110041
"14763",-0.223330376677633
"67615",-0.223586967521481
"57816",-0.2236211539126
"67273",-0.223715891226687
"108073",-0.223734990333114
"11941",-0.223936238524571
"66078",-0.223947132311913
"14664",-0.224197531279661
"68002",-0.224201946885764
"54646",-0.224745650116147
"14658",-0.224863825456429
"230709",-0.22490932167956
"104318",-0.226149993168096
"140580",-0.226403037354654
"235072",-0.227202026770181
"72590",-0.227300777762608
"66874",-0.227303418352663
"56436",-0.227418681039106
"239420",-0.227671275868189
"14395",-0.227682707205698
"14369",-0.227822752604659
"18645",-0.227906444260367
"18754",-0.227975434004789
"66860",-0.228530547682404
"69893",-0.228895777993083
"237943",-0.229053863958685
"70747",-0.229058026100021
"72133",-0.229344158538457
"12321",-0.229559505137023
"22253",-0.229588272411443
"224860",-0.229792368177421
"216831",-0.229853050892195
"66432",-0.229993254367274
"71810",-0.23000480663504
"66884",-0.230247439966492
"55951",-0.230300151377953
"67063",-0.231062757340515
"66414",-0.231137027406705
"229715",-0.231279684990196
"100972",-0.231694672193371
"101869",-0.232005955050553
"269614",-0.232046031694906
"27215",-0.2322544899974
"11938",-0.232262300036493
"237107",-0.232498279994764
"66244",-0.23276286607048
"76479",-0.232961703344537
"208727",-0.233080707289996
"216028",-0.233201839692039
"18574",-0.233511751828621
"84092",-0.233544044711246
"68585",-0.233788003900511
"110265",-0.23404724953444
"98910",-0.23431286366456
"320795",-0.234321056738457
"50768",-0.234380607273074
"270685",-0.234395874117299
"101809",-0.234646125455971
"18767",-0.234738841277923
"68971",-0.234770812579212
"72322",-0.23478471661264
"74020",-0.234900384872739
"231580",-0.234942043270946
"13643",-0.235230329299832
"67488",-0.235385233897639
"72325",-0.235585685086655
"380684",-0.235686916946397
"211232",-0.23579478103263
"15184",-0.235814432477317
"15204",-0.235914136385559
"14349",-0.235994717060426
"66681",-0.236000557339488
"99371",-0.236028245476458
"69048",-0.237326329454868
"52639",-0.237381410543995
"16499",-0.237397600482791
"77767",-0.237542246686468
"14697",-0.237778545479063
"15469",-0.238135959858589
"208715",-0.238284269072654
"76467",-0.238320692661504
"66626",-0.238357429048982
"71648",-0.238476552894964
"69082",-0.238478540700999
"269610",-0.239238591888408
"68420",-0.239312195627246
"14555",-0.239394364349577
"211652",-0.240094357676042
"71517",-0.240150502557639
"83964",-0.240239750926961
"237542",-0.240470061173709
"24128",-0.240719290480333
"66403",-0.240914223393879
"26385",-0.240916164853541
"19047",-0.241037404435082
"68646",-0.241111100494345
"68263",-0.2413410533721
"14586",-0.241628956791996
"218194",-0.241734211302819
"59044",-0.241757038817554
"269180",-0.241856481686429
"66863",-0.241858236361664
"70361",-0.241858783855671
"107508",-0.241893398548239
"321003",-0.241997937951597
"16497",-0.242086644436573
"22221",-0.242159930131949
"110842",-0.243259965803121
"19027",-0.243780912470964
"192292",-0.243791484412611
"74206",-0.243811274872335
"71691",-0.243832113684888
"14148",-0.243864545002012
"227697",-0.244078985022922
"17441",-0.244267441693997
"234825",-0.244552327417845
"14708",-0.244889828149223
"18451",-0.245360279394795
"20843",-0.245370973270999
"21374",-0.245497788364644
"244310",-0.245940312488497
"76582",-0.246178618128034
"69367",-0.24641093981829
"66174",-0.246431018837684
"12286",-0.246636359325702
"19935",-0.246900317562223
"20469",-0.247033209446559
"320808",-0.247108350646148
"13007",-0.247222409473428
"319670",-0.247421713623454
"22245",-0.247422511079366
"116891",-0.247563090903241
"11566",-0.247930306069303
"109857",-0.248174521858152
"19221",-0.248240735935575
"13358",-0.248300942766645
"225392",-0.248338494420186
"212647",-0.248585046243509
"245847",-0.248601057298657
"14775",-0.248646675699731
"218138",-0.248647453139158
"333433",-0.248781308428896
"57738",-0.248950878833101
"69151",-0.24909242592106
"213053",-0.249270029668953
"20810",-0.249333474077425
"22026",-0.249474445902513
"66624",-0.2498925176619
"68198",-0.250186837209218
"216739",-0.250219212617004
"110351",-0.250238317588696
"58869",-0.250240512776499
"19248",-0.250386606501019
"69527",-0.250488400619315
"83493",-0.250552302772885
"383787",-0.250701692568676
"246316",-0.250989262534593
"212111",-0.251045039300927
"14870",-0.251055186659746
"74159",-0.251192887875847
"66922",-0.251241991395421
"72569",-0.251343872063303
"13006",-0.251539859490956
"56844",-0.251640962061453
"21367",-0.251756226717919
"77629",-0.252093679343105
"14871",-0.252118121138705
"320127",-0.252122569520675
"66704",-0.252175434441169
"109689",-0.252472060932561
"227331",-0.252754148943592
"67374",-0.252854319571612
"70430",-0.252883238917884
"13385",-0.252951386371583
"17196",-0.253123075195944
"69080",-0.253250594318805
"22401",-0.253535588555748
"11595",-0.25410744805114
"665563",-0.254375552723775
"277250",-0.254864327380378
"18823",-0.254950654894034
"71985",-0.255075644562292
"72039",-0.255160695574608
"66477",-0.255253100536147
"230861",-0.255297093794697
"100206",-0.255337887534651
"74838",-0.255425933450488
"11540",-0.255452784837498
"17420",-0.255861597444649
"12412",-0.255998793355782
"170460",-0.256075702389236
"101351",-0.256191525854301
"74270",-0.256470201054426
"232791",-0.256482458408077
"57340",-0.256523417845226
"67072",-0.256746305677427
"224902",-0.256782945578529
"17237",-0.256795374463074
"106042",-0.257554697505578
"11419",-0.257558384451321
"74134",-0.25769970036966
"15108",-0.257769022923389
"72349",-0.257904339007696
"11647",-0.257999985280146
"24010",-0.258019788357003
"108069",-0.258161752286236
"13180",-0.258347188128509
"74334",-0.258646542423302
"237711",-0.259008012341726
"18222",-0.259210692070393
"29859",-0.259312385169307
"216618",-0.259319961958897
"94226",-0.259561146578791
"17448",-0.259802793552466
"83767",-0.260069413450762
"107338",-0.260087758269344
"12626",-0.26020144867177
"269378",-0.260409326483175
"54128",-0.26042905748721
"100503085",-0.260925008810766
"70292",-0.261044938115864
"76824",-0.261088668382512
"15929",-0.261208157271416
"75607",-0.261251207389752
"69692",-0.261345152812949
"101513",-0.261360054167088
"192159",-0.261387378798878
"55936",-0.261534798694443
"20317",-0.261602182386245
"19877",-0.261852695861618
"71720",-0.262145672529559
"19125",-0.262520283693667
"72567",-0.262644635196384
"70556",-0.262807570320523
"78593",-0.263095361508445
"11605",-0.263198702011534
"53415",-0.263517844892543
"545389",-0.263783518108352
"68915",-0.264226576187926
"74769",-0.264345042546786
"75212",-0.264659352037427
"16801",-0.264684937465368
"269642",-0.264694805345361
"76260",-0.264953806076612
"18762",-0.2650924007179
"11303",-0.265308968548291
"11909",-0.265376280387233
"331487",-0.265414225104238
"24012",-0.265495208543024
"76366",-0.265707551327962
"20977",-0.265941037249241
"67226",-0.266111682396367
"14788",-0.266749984866817
"236794",-0.2667843429904
"53332",-0.266953966487836
"11992",-0.267001647715714
"18040",-0.267128472093066
"64383",-0.26716554673156
"14248",-0.267303249968264
"76192",-0.267351440559482
"252875",-0.267365977793289
"12361",-0.267402090785427
"16396",-0.267558808523959
"67434",-0.267565729016077
"27355",-0.267668170960687
"240185",-0.268021516792363
"18514",-0.268087080169544
"14182",-0.26809922639489
"224794",-0.268116192724569
"76482",-0.268306983423017
"114715",-0.268439386626313
"22117",-0.268546454798883
"69368",-0.268919507286307
"216565",-0.269136240620045
"13110",-0.26939355026578
"22122",-0.269556931627837
"20663",-0.269757245101551
"21824",-0.269989438405295
"53318",-0.270121643741505
"52840",-0.270568423992611
"75137",-0.270737965342207
"118452",-0.271511469985157
"65246",-0.271558581157251
"56041",-0.271695496372001
"57915",-0.271909091126998
"237898",-0.272012180650952
"320940",-0.272114985933063
"67148",-0.272224480612066
"20619",-0.272555390127962
"74637",-0.272600669580784
"58799",-0.272820981069146
"74552",-0.273014560560997
"19084",-0.273070150754521
"216874",-0.273151429354333
"20496",-0.273174905473234
"66487",-0.273484686550436
"68795",-0.273604817172064
"218850",-0.273609285936402
"76952",-0.273682160345259
"66904",-0.273811923887583
"14778",-0.273820844405029
"76614",-0.273878012613827
"74776",-0.274067012211288
"18795",-0.274102924931563
"53416",-0.27411575628671
"23966",-0.274438184783317
"13063",-0.274593349574696
"234309",-0.274641588148348
"50917",-0.274711236793841
"104015",-0.274982329936347
"97998",-0.275003732711865
"109672",-0.275294507152197
"14756",-0.275472708509121
"56275",-0.275636826968526
"66209",-0.275925258917094
"67475",-0.276248936370529
"268396",-0.276283795797884
"12741",-0.276488020793573
"268934",-0.276630666006219
"64050",-0.276951922958773
"76960",-0.277036496736155
"99138",-0.277186289192421
"21372",-0.277344475929919
"380916",-0.277360540562128
"76279",-0.277536997709684
"26426",-0.277991970822083
"17533",-0.278264144799345
"76737",-0.278512840395297
"14679",-0.278554268271658
"74201",-0.278639471625499
"67399",-0.278676323382318
"338359",-0.278950807305161
"13430",-0.278961080662061
"98732",-0.27970367873709
"114644",-0.280004061333403
"210126",-0.280073276668955
"16775",-0.28027396970878
"66098",-0.280383339228566
"11949",-0.280701156999511
"269966",-0.281038780660225
"67126",-0.281095522912325
"231769",-0.281228829559264
"52585",-0.281450164037174
"16426",-0.281652918393293
"12331",-0.281909480218932
"94220",-0.282252990342959
"74302",-0.282397347554113
"70420",-0.282427838534175
"14897",-0.282489070588071
"11933",-0.282495069984005
"110391",-0.282516093369776
"209239",-0.282671242308223
"207425",-0.282675687685447
"67381",-0.282725671734922
"68904",-0.282818775733372
"52163",-0.282829619542021
"56212",-0.283462357332158
"243743",-0.283510223436036
"106869",-0.283546849989489
"116905",-0.283546870421244
"57319",-0.283591759783354
"19395",-0.283602693544886
"12175",-0.283975240170893
"12589",-0.284116245404772
"237823",-0.284465585357862
"74320",-0.284693616536626
"399548",-0.284836499413653
"665113",-0.285012313942004
"18186",-0.285088901064869
"208194",-0.285665849929532
"11537",-0.285679769895376
"66706",-0.286156817078882
"224826",-0.286658124268722
"70248",-0.287130486752339
"66105",-0.287162188460752
"19893",-0.287206878267256
"226352",-0.287413488251667
"54519",-0.287564916730001
"382571",-0.287590540489913
"268566",-0.287637751136935
"21916",-0.287643250363346
"21961",-0.287666708881083
"18000",-0.288305249738996
"66848",-0.288313901497687
"56356",-0.288322839995739
"78913",-0.288446548636411
"78287",-0.288618896665345
"83603",-0.288641179383593
"72269",-0.288822865527226
"71310",-0.288995527807746
"66349",-0.28943597481522
"72828",-0.28945231312746
"100504663",-0.28982048001
"216527",-0.289965920640656
"56309",-0.290073479557334
"319604",-0.290215980278962
"320184",-0.290241504193005
"65962",-0.290316697482599
"328365",-0.290556035145924
"13384",-0.290584902715729
"58875",-0.290694063284446
"58202",-0.290916485917498
"12411",-0.291016086270236
"18751",-0.291460577749055
"99512",-0.291686548913153
"24015",-0.291688817509655
"110524",-0.291736582382233
"104445",-0.292531360834476
"320714",-0.292600339027686
"21807",-0.292922062780159
"14886",-0.293007168907151
"118454",-0.293016338234208
"17433",-0.293058296940942
"11740",-0.293117921589769
"65111",-0.293676435476065
"208795",-0.293752603430143
"228961",-0.293772661587845
"80744",-0.293888249105611
"17188",-0.293896404297281
"244745",-0.293901384470116
"20111",-0.294091675512357
"71492",-0.29421518708729
"110172",-0.294305649986767
"223626",-0.294356924611633
"69710",-0.294506890828862
"11789",-0.294618801355513
"193385",-0.294715436050245
"22352",-0.294727649162329
"216227",-0.295203253773971
"218885",-0.295222162548599
"15452",-0.295508953217139
"18196",-0.29552067947408
"105855",-0.296066550273013
"66043",-0.296350257209912
"76137",-0.296362216920614
"29816",-0.296638857093236
"269514",-0.296695661626638
"16560",-0.29676413027404
"18530",-0.297103235851269
"271786",-0.297134145921143
"15273",-0.29714928103241
"320473",-0.297167830499989
"11867",-0.297225772116408
"18971",-0.297470557469444
"12896",-0.297597139991115
"67680",-0.297878872196457
"64930",-0.297927905306945
"12287",-0.297957675449692
"12111",-0.297967228398567
"78784",-0.298084910347835
"192176",-0.29812739785208
"234959",-0.298287355643844
"74205",-0.298440152757015
"73385",-0.298817863231633
"17117",-0.298874462227623
"17688",-0.298995608687656
"76238",-0.299438705006441
"57443",-0.299562413001792
"11496",-0.299666086555471
"13885",-0.299700562481664
"19684",-0.299708653573691
"19049",-0.300089675108154
"228998",-0.300220610277234
"20133",-0.30028227822714
"76257",-0.300648314005701
"23980",-0.300677640861213
"70351",-0.30091824119576
"20355",-0.301502159263314
"140499",-0.302185617274643
"71947",-0.302191869619631
"22084",-0.302588105372362
"319965",-0.302715584399983
"13858",-0.302782166554708
"16520",-0.303100005660793
"270151",-0.303209462526466
"70478",-0.303538935476388
"66251",-0.303805234703939
"12359",-0.303943407103624
"233919",-0.304158513245108
"59015",-0.304404846921686
"433485",-0.304540608188462
"386750",-0.305194372420086
"77766",-0.305484523603902
"17772",-0.305621732485591
"13809",-0.305704824936621
"52502",-0.305860940888461
"20698",-0.305915255823853
"67727",-0.305927355906652
"66942",-0.30631975894253
"18600",-0.306566249124836
"18655",-0.307124653580261
"20163",-0.307189225709744
"13845",-0.307339062690328
"60315",-0.307430997171707
"12879",-0.307623889456551
"213469",-0.307638461560383
"13047",-0.308702432860848
"12861",-0.308723331281564
"227700",-0.309217890496027
"20430",-0.309275555983228
"53611",-0.309350142843631
"54197",-0.309424293934128
"27399",-0.309868781324512
"11532",-0.310032431844786
"71817",-0.310093096909383
"15444",-0.310159490609274
"21413",-0.310215836995839
"12266",-0.310264877866344
"68202",-0.310439339538576
"14783",-0.310602330166747
"72938",-0.310647715470004
"69660",-0.310841315686813
"360013",-0.310975517447867
"13030",-0.311044533907015
"12390",-0.311431594168172
"66576",-0.311662935124871
"20409",-0.311686999204442
"16911",-0.311750508554308
"99152",-0.312131952272099
"53623",-0.312410633790549
"69790",-0.312656564558076
"641376",-0.31271367771546
"240255",-0.31274126820054
"29876",-0.312830200035083
"14593",-0.313042532800647
"72630",-0.313156027741437
"19244",-0.313414325393226
"54524",-0.313486877891328
"241915",-0.313666216257538
"15275",-0.31399130102584
"20193",-0.314257731959545
"69617",-0.314303027769814
"12652",-0.314320241256076
"52705",-0.31452168582711
"20022",-0.314547738443024
"229589",-0.314592313186593
"214345",-0.314594080276857
"234094",-0.314715819796508
"16424",-0.314742255851581
"320981",-0.314913661876407
"225861",-0.315103585286117
"94180",-0.315397849539801
"24001",-0.315457468027324
"107701",-0.315488554469857
"74133",-0.31566955551932
"215654",-0.316062834869734
"70675",-0.316147695639864
"26422",-0.316289177495892
"208869",-0.316515811478601
"18619",-0.3166828643716
"12847",-0.317032606044497
"227693",-0.31737899830628
"18213",-0.317412837129748
"233210",-0.317502997008432
"56045",-0.317588700357911
"15530",-0.317811603089744
"20361",-0.317826462298319
"11565",-0.317943717462104
"105513",-0.31811389688603
"227699",-0.318146446389877
"16494",-0.318352770971374
"102502",-0.318487637608308
"26936",-0.318551916870142
"12289",-0.319934629192174
"16491",-0.320608453180747
"215446",-0.320646412301766
"76130",-0.320765364147719
"97212",-0.321071508143727
"75974",-0.321277513731234
"56738",-0.321408865530231
"64656",-0.321519437003123
"66970",-0.321615379943847
"20397",-0.321942389993798
"226518",-0.321998159153033
"18583",-0.322428746174956
"107029",-0.322476769741485
"66892",-0.322567807019247
"396184",-0.322996037441497
"101142",-0.32301781257332
"103140",-0.323097508190393
"263764",-0.323367652846612
"17855",-0.323790258389143
"16772",-0.32408304491302
"170759",-0.324135218777369
"67046",-0.32452031918208
"29867",-0.324721823382772
"215114",-0.324722394014837
"64602",-0.324753007672723
"170823",-0.324775654104311
"17760",-0.324792895180673
"14302",-0.324908281068724
"66628",-0.324953919269856
"77573",-0.324956244537602
"18190",-0.325634854283354
"66222",-0.325821593650447
"64540",-0.325986287442514
"22145",-0.326444427056031
"56405",-0.326579161506954
"223864",-0.32730734808749
"72946",-0.327575733533729
"216456",-0.327771600810488
"17222",-0.327801208968064
"12799",-0.327829373566842
"26874",-0.327839332028799
"13405",-0.327902914296777
"215615",-0.328112430795116
"67179",-0.328355662033537
"19300",-0.328391101562064
"170625",-0.328457436778997
"12405",-0.328501349211117
"21823",-0.328611241808037
"67689",-0.328642051155653
"13195",-0.329358834435215
"12859",-0.329384009235628
"11852",-0.32957573332955
"217480",-0.329600268392548
"244650",-0.329700859729046
"12400",-0.330078607356211
"243914",-0.330103798112396
"52897",-0.330106014632187
"74451",-0.330230406455536
"110208",-0.330284238207054
"67245",-0.330359682158251
"77053",-0.331003444865443
"268709",-0.331158509811615
"56088",-0.331208547170587
"207565",-0.331775779693478
"15356",-0.332039958646211
"59010",-0.33265318003103
"18584",-0.332654432644975
"15490",-0.332915333513588
"15159",-0.333439109510598
"13018",-0.333947715257169
"56808",-0.333968825959712
"22174",-0.334122036029873
"56690",-0.33413949885795
"68682",-0.334266167587682
"114679",-0.33430506276976
"227210",-0.334363260030002
"269695",-0.334485321316271
"67792",-0.334950466406331
"230917",-0.335607425678037
"70604",-0.335665244444167
"75552",-0.335695992988616
"70527",-0.335728926744569
"17136",-0.335862691638958
"56360",-0.336222510976577
"70120",-0.336370110847995
"216439",-0.336419962782767
"109006",-0.337099865169568
"233900",-0.337445385938737
"14853",-0.337654687465225
"11484",-0.337714533269343
"56459",-0.338002256304127
"218506",-0.338175590260291
"215280",-0.338468969084398
"229285",-0.338926508435913
"20466",-0.33904937703066
"236732",-0.33916438956467
"67864",-0.339306165897866
"241638",-0.339658125102938
"16706",-0.339799211974772
"67655",-0.339800820969695
"30055",-0.340868701804189
"209630",-0.34099290907122
"110304",-0.341013261059224
"72900",-0.341040206681831
"66913",-0.341325683845682
"50781",-0.341471674890275
"68519",-0.341844697159631
"15526",-0.341908156868882
"17067",-0.341930348962493
"216616",-0.342082497669089
"72535",-0.342731531576037
"21345",-0.342834899314118
"227634",-0.343250490720682
"56321",-0.343482077067524
"71978",-0.34348621321816
"320165",-0.343584156908232
"54342",-0.343745774059764
"110616",-0.343822144260106
"66980",-0.344170054006354
"70369",-0.344233480727016
"242894",-0.344653598251072
"228357",-0.344899464845512
"16573",-0.345208494478074
"20533",-0.345507826101275
"12404",-0.345776471108302
"19347",-0.346000191637997
"259300",-0.346183992022525
"19419",-0.346906973870151
"624224",-0.347252503648054
"52443",-0.34806481865736
"50884",-0.34823436301083
"332175",-0.348341797327207
"68879",-0.348470650232214
"20768",-0.348630411174764
"68304",-0.348643481090207
"74347",-0.348658416145334
"19024",-0.349338334529757
"235041",-0.349747892049846
"21804",-0.349766724900019
"14677",-0.350224604135552
"11534",-0.350436887282657
"210711",-0.350531700996725
"268481",-0.350643400705479
"94093",-0.350672079155806
"68303",-0.351478493037874
"208666",-0.351622971301891
"226016",-0.352065133146222
"68833",-0.352505884443641
"225929",-0.352652870058652
"68316",-0.352795769682595
"13664",-0.352798189450743
"236285",-0.35291947098835
"194401",-0.352930025689967
"20182",-0.353072439676107
"268490",-0.353144614323636
"14381",-0.353186711605883
"229541",-0.353238049175636
"72265",-0.354164087815779
"60595",-0.354636766687505
"16403",-0.355202152146057
"13144",-0.355534561589186
"12716",-0.355992473016388
"73744",-0.356019635616262
"11834",-0.356160770104475
"53321",-0.356273312851401
"14158",-0.356507657743772
"12261",-0.356598843783986
"52174",-0.357107426515944
"18803",-0.357117138782632
"13017",-0.357326459321707
"53893",-0.357330351110026
"18718",-0.357431368812654
"268880",-0.357610192245879
"26442",-0.357642194380601
"68349",-0.358054749529547
"52637",-0.358416406882485
"69694",-0.358733733422527
"53972",-0.358755426068703
"70207",-0.359039687013585
"16508",-0.359065945166479
"50995",-0.359152611487111
"76580",-0.359345062003855
"102866",-0.35944402828834
"217340",-0.359619882239375
"14229",-0.36004931609006
"71997",-0.36017192214769
"78808",-0.360368640596204
"338367",-0.360728211024258
"11754",-0.360998456434181
"14854",-0.361102896092878
"108156",-0.361448374992418
"66200",-0.361673120848052
"71732",-0.361881355270617
"56070",-0.36188601226848
"238023",-0.361967224522696
"217837",-0.3622168198738
"244059",-0.36240909112431
"70574",-0.362414748297355
"104444",-0.362458063511131
"19763",-0.362471741470448
"241263",-0.362627521077434
"227674",-0.36274528203155
"20639",-0.363107492439664
"59079",-0.363467708439309
"56018",-0.363495329831135
"68607",-0.363954745972866
"21873",-0.364146694464999
"112405",-0.364609797480483
"69024",-0.364777323492739
"74996",-0.36501577593151
"13841",-0.365220767284888
"11305",-0.365241038933775
"63993",-0.365288017936238
"22428",-0.365301800089283
"241201",-0.365538141513097
"210044",-0.365611433478848
"56456",-0.365873400260926
"264134",-0.36591116993859
"117160",-0.366809208090836
"27276",-0.366959968591669
"78088",-0.36725275107318
"83997",-0.367433568431191
"50918",-0.367444764651696
"17161",-0.367499737753956
"244141",-0.367842169114241
"23983",-0.367889079677542
"216961",-0.368137496129202
"18193",-0.368183071816244
"246228",-0.368259985961646
"226823",-0.368676353596898
"67057",-0.368776817557095
"226747",-0.368824451460941
"76267",-0.368896082121544
"73852",-0.369690131932819
"237928",-0.369880343331109
"216001",-0.369945753791522
"67130",-0.370007507302872
"494448",-0.370090099685898
"18555",-0.370281915501984
"231134",-0.370563287682113
"108903",-0.370674250346356
"14585",-0.371217138534318
"68810",-0.371373127273158
"234344",-0.371413837661399
"270162",-0.371776980112316
"239985",-0.371908071204462
"232944",-0.372045795046821
"234214",-0.372112961422343
"11409",-0.372182368418819
"76987",-0.372469660217727
"223435",-0.37257108846036
"109108",-0.37278396652989
"67834",-0.37325613208786
"74521",-0.373580887206026
"213988",-0.373590469789517
"214189",-0.373766819915945
"18041",-0.373842223800369
"13807",-0.373926824832316
"72205",-0.373953412194704
"74103",-0.374195883062201
"74143",-0.374457273107569
"71755",-0.374657294888692
"20524",-0.374763404895272
"21825",-0.374770040055811
"68421",-0.374845097352089
"11735",-0.37516522808012
"71881",-0.375372685053933
"13488",-0.376212142016742
"73102",-0.376214772869294
"140492",-0.376491701364948
"22169",-0.376830077115012
"18101",-0.376881878827573
"432572",-0.37702511413513
"100986",-0.377138448471032
"107476",-0.377793130615805
"16452",-0.378085942996018
"268783",-0.378277851686099
"11857",-0.378508205796378
"230796",-0.378531586066097
"17089",-0.378535266771249
"26940",-0.378627633165739
"110006",-0.378636971004164
"54616",-0.378644456642513
"20851",-0.37865372015801
"22793",-0.378705056281911
"381038",-0.378888367967958
"497097",-0.379521891335291
"67272",-0.379939202295685
"226922",-0.380116402901554
"22195",-0.380393463431002
"245049",-0.380643870430391
"19652",-0.380714314359573
"11487",-0.38077787760035
"81004",-0.381022763392757
"11806",-0.381151173691346
"64659",-0.381456015254695
"75221",-0.381458801052202
"72416",-0.381534069039425
"11931",-0.381636900775328
"11468",-0.381677636924136
"18546",-0.381934611701152
"17261",-0.381940225715203
"72754",-0.38212480337318
"58178",-0.382310994935555
"11858",-0.382709637628439
"16202",-0.38281607986867
"242297",-0.38304093106323
"70560",-0.383459625903741
"20930",-0.383495137788238
"100121",-0.383549189430439
"23917",-0.383633821682017
"68832",-0.383727351566402
"69168",-0.384278825151103
"224129",-0.384347098970088
"12476",-0.384947702568969
"13003",-0.385009644565135
"77254",-0.385194657536867
"235606",-0.385237076348443
"106763",-0.385253282730113
"56407",-0.385414796590203
"72125",-0.385767993056196
"94044",-0.38591354576627
"242553",-0.386025408509633
"71679",-0.386108920361826
"67420",-0.386231711931726
"64706",-0.386518604107698
"58996",-0.386673238217586
"193742",-0.386935972191745
"16579",-0.386965291621168
"103554",-0.387266594036199
"104111",-0.387518594293885
"19231",-0.387800083534688
"20656",-0.388094060096938
"232078",-0.388149074673877
"71728",-0.389136455017926
"19417",-0.389309004064987
"66642",-0.389425767135206
"72149",-0.389682073860205
"19044",-0.389926119301432
"320632",-0.390766385022169
"69259",-0.390880928015496
"67732",-0.391315866122194
"67106",-0.391332912264506
"30941",-0.391627620154534
"234734",-0.39174978939696
"56480",-0.39185524453451
"23984",-0.392378806175538
"108101",-0.392490935433043
"218232",-0.392545239743918
"66310",-0.392966838092669
"23792",-0.393229644225999
"237860",-0.393335352466612
"11423",-0.393686591992303
"218461",-0.393691916671633
"75710",-0.39409694863225
"67212",-0.394458048285548
"51789",-0.394705590731866
"208884",-0.394761399282934
"69726",-0.395042279643772
"74318",-0.395282156230065
"16413",-0.395364640671205
"84682",-0.395399103299641
"270058",-0.395465555982462
"56749",-0.395610324461544
"12704",-0.395775958634966
"170731",-0.395953693308561
"56193",-0.396878583402671
"23789",-0.397039238597604
"170738",-0.397061931462476
"68278",-0.397327895218514
"16510",-0.398340067600338
"74015",-0.398570752320497
"245866",-0.398917876017632
"330319",-0.399470529210311
"30877",-0.399994218188795
"14979",-0.400543880931388
"68977",-0.400580977824253
"79264",-0.400904616864658
"72103",-0.401467881211993
"12183",-0.401673235341701
"72515",-0.402193201937452
"11733",-0.402603110092285
"67760",-0.402851183742443
"229317",-0.403382719157784
"66687",-0.403391234369765
"234699",-0.403446820443763
"67824",-0.403513876500999
"16451",-0.403520796090223
"78908",-0.403747486030986
"20399",-0.404165265324502
"382018",-0.404238385933495
"70381",-0.40445256714033
"239170",-0.404507906246211
"66156",-0.404723058899053
"23805",-0.405190700038608
"234912",-0.405250184990782
"76303",-0.405479151098542
"23827",-0.407084804283632
"12950",-0.407495252412474
"14219",-0.407513488416826
"67457",-0.407985671763361
"19769",-0.408255255416011
"56320",-0.40899588265271
"17988",-0.409111017908007
"66171",-0.409180344241122
"71911",-0.409478571980642
"66379",-0.409873446889941
"23988",-0.409936036885031
"12211",-0.410345333088055
"68653",-0.410368579609991
"22222",-0.410754337738659
"100678",-0.41080788518996
"68235",-0.411371247955538
"18777",-0.411568114953027
"68350",-0.411672023151643
"12562",-0.411861485498119
"17977",-0.411883992201608
"70575",-0.412353830045534
"78771",-0.412462559270724
"20700",-0.412595223118859
"212679",-0.412927150933784
"21763",-0.412978428732825
"107976",-0.413005387169047
"67484",-0.413247923723103
"69440",-0.413383794616946
"217866",-0.413846167836517
"11668",-0.4144295219466
"11898",-0.41448901688096
"67860",-0.414939737876348
"68926",-0.41511218864564
"66834",-0.415311857635866
"268721",-0.415358245802204
"27883",-0.415561218433102
"56744",-0.415736952712211
"16443",-0.415828788866736
"18674",-0.415993265205904
"18391",-0.416178038852996
"14924",-0.416468479855694
"27062",-0.416840521749632
"19242",-0.417191008078345
"22273",-0.41747371445595
"68184",-0.417519046639193
"11431",-0.417800930901677
"22225",-0.417835922648535
"72065",-0.417976191386277
"214489",-0.418472755896428
"20874",-0.418758240812083
"229487",-0.419063613919577
"17101",-0.419075565140261
"54343",-0.419109418487805
"19072",-0.419236543182914
"54384",-0.419301649880873
"12745",-0.419525012827761
"56209",-0.419728674403449
"56280",-0.419813546591454
"224671",-0.420246265823013
"217692",-0.420542810711461
"69562",-0.421172434459631
"66902",-0.42118861207328
"101861",-0.42167943072062
"19247",-0.421958472929353
"234594",-0.42238969980895
"67416",-0.422440009703159
"98741",-0.42273880999854
"12259",-0.42296382341154
"260315",-0.423026155172776
"69601",-0.423303012894309
"12337",-0.42367741825538
"71147",-0.424141230862926
"224432",-0.424373033979197
"235611",-0.424397169786005
"268860",-0.424630358989307
"15166",-0.424727104736323
"223776",-0.425271841298137
"110119",-0.42560420676971
"22343",-0.425677092403373
"67602",-0.425742057103033
"114584",-0.426005430626882
"52123",-0.426266123078452
"67036",-0.426434246717037
"107272",-0.426434793502798
"11539",-0.426908753189879
"252864",-0.426936295387849
"13629",-0.427225731255062
"16832",-0.42730558493746
"226407",-0.427703155530599
"19731",-0.427863690971278
"272381",-0.427881413972902
"26900",-0.428378256205385
"12856",-0.428878302395149
"14773",-0.429019814027412
"73658",-0.429651116231531
"12833",-0.429798933452641
"69202",-0.430282452325081
"56794",-0.430762807186144
"76441",-0.430903955458058
"72042",-0.430926688438365
"11815",-0.431239139822582
"232227",-0.431336462365635
"237082",-0.431407286688701
"101994",-0.431714188651867
"207375",-0.431728803979999
"277360",-0.431957946749586
"72124",-0.432118870127496
"22321",-0.432127348522294
"66399",-0.432158567095889
"66993",-0.432281926996166
"233870",-0.432301041282984
"17755",-0.432352723918841
"80889",-0.432575134494867
"76014",-0.432578903063442
"71721",-0.432596682537604
"277432",-0.432935236295111
"69104",-0.433062246500657
"17880",-0.433122195663269
"11429",-0.433555318108796
"67242",-0.433829397489865
"13680",-0.434378852325093
"20226",-0.434409378859555
"57339",-0.434672835396529
"18181",-0.434855704900161
"11370",-0.435120877900243
"11946",-0.435412198100721
"102595",-0.435423232215807
"22139",-0.43564693535847
"20623",-0.435672555699791
"14623",-0.436073947085484
"78830",-0.436185182997676
"14226",-0.436513892914103
"118446",-0.436844005333998
"20725",-0.436867176819027
"51875",-0.43688697274496
"19053",-0.437212736863108
"22284",-0.437623293532354
"226781",-0.437826720850277
"11426",-0.437827590085619
"68295",-0.437847646978794
"56031",-0.437900521023393
"64009",-0.438087793065081
"329178",-0.43824514890768
"57344",-0.438413770484333
"232536",-0.438811107346403
"114874",-0.439023336664583
"81535",-0.439477639769954
"21685",-0.439601452819772
"13599",-0.440003634515214
"68463",-0.440485239164359
"106025",-0.440512559415451
"16987",-0.440670350288033
"78798",-0.440787233538537
"24044",-0.441326365033046
"170750",-0.44179153783445
"66691",-0.441822737237307
"245867",-0.441854393338607
"14467",-0.441965745911997
"105445",-0.442170282590774
"237213",-0.442340349843352
"11472",-0.442560567326715
"16859",-0.442844743323379
"64138",-0.442884842367426
"15121",-0.443346006992183
"98366",-0.443447190274241
"63913",-0.443660467072999
"224617",-0.443763804007805
"20842",-0.44384746549951
"12865",-0.443859993136617
"12903",-0.444016900322116
"20284",-0.444172199603956
"23856",-0.445238536914097
"67441",-0.445992903858539
"77644",-0.445998685624295
"215999",-0.446633328258448
"19340",-0.446647091459064
"66361",-0.446659869859621
"16800",-0.447087079540567
"71770",-0.447788986048206
"230514",-0.448291259028814
"66659",-0.448296848228254
"218335",-0.448410703267278
"20508",-0.448635722863986
"107734",-0.448910419975114
"208967",-0.449026113892117
"216963",-0.449574020591126
"13990",-0.449582439807943
"269397",-0.449603725934417
"22234",-0.450437589357061
"22042",-0.450800411138975
"14719",-0.450928089109473
"67972",-0.451036639489903
"68055",-0.451409091013058
"72392",-0.451586446462157
"209018",-0.45234413130717
"67095",-0.452501539189371
"14660",-0.452849621608399
"20714",-0.452923953670321
"52666",-0.453162201992998
"22385",-0.453276605494613
"66454",-0.453478333270376
"109711",-0.453519375809389
"72333",-0.453969687262207
"70097",-0.454546599420525
"226043",-0.455192606429975
"75786",-0.455288941066976
"74741",-0.456188773557816
"71952",-0.456433862565896
"11818",-0.456671802675966
"100502841",-0.456848225819833
"66094",-0.457033788580048
"228869",-0.457196573423948
"66437",-0.457370223613774
"329154",-0.457938010860584
"66257",-0.45798008605404
"57170",-0.458115730692726
"317717",-0.458210289934856
"16773",-0.458890274136166
"12368",-0.45891417104172
"12258",-0.459758648114259
"12122",-0.460303289965396
"231148",-0.460406779734432
"66725",-0.460410294456999
"13495",-0.461393269508269
"236900",-0.461408901483064
"100756",-0.462066264604183
"104418",-0.462549110628835
"11757",-0.462613773180978
"76499",-0.462746263193228
"26921",-0.463343780209177
"545622",-0.463546977649803
"76438",-0.463553238276544
"319518",-0.463591542773785
"26400",-0.463632719000297
"14670",-0.463786696090323
"17434",-0.464122419399585
"237336",-0.46492078482319
"225887",-0.465141998845251
"68342",-0.465229733900123
"16548",-0.465280176942944
"214742",-0.46620394503116
"72198",-0.466230912991549
"75578",-0.466504830098293
"68817",-0.467687889391798
"71960",-0.469264351473174
"11666",-0.469885422818402
"66355",-0.470419501388426
"19046",-0.471020167723929
"11465",-0.471822556413379
"67345",-0.47189497702811
"223666",-0.472011997739119
"14678",-0.472290057080131
"77929",-0.472380291033051
"66425",-0.47240823734304
"226041",-0.473714968213749
"414872",-0.473988899114957
"18073",-0.474630693778953
"238799",-0.474677478350772
"76089",-0.474842898302343
"192169",-0.475272424908698
"70451",-0.475322036613909
"74043",-0.475453442564984
"14680",-0.475556880729877
"13929",-0.475700473937313
"68636",-0.475749199359435
"68512",-0.476444819612759
"73940",-0.476721449219246
"94067",-0.478679045889385
"75089",-0.478724979191951
"72772",-0.479104076896265
"50794",-0.479407659416736
"320528",-0.479847343254649
"68554",-0.481040722255402
"66375",-0.481223151332818
"225896",-0.482664374052082
"20191",-0.483153827828164
"433702",-0.483178981015472
"11773",-0.483249212739755
"100561",-0.483638938407898
"227753",-0.48390693961233
"217593",-0.484055734028297
"226499",-0.484352498780979
"14156",-0.484370951275175
"56279",-0.484773016117816
"223753",-0.485464513746704
"70223",-0.485508707663511
"20908",-0.485566727590978
"14389",-0.48606613786872
"69635",-0.486750053598765
"59026",-0.486952160363964
"12628",-0.487194823649675
"13356",-0.487535578810067
"18972",-0.487627705899702
"16886",-0.487986484445815
"320717",-0.488243050042747
"14873",-0.48830265914323
"94212",-0.488838242594406
"207304",-0.488890587152533
"66960",-0.489268855949536
"70435",-0.489337417412956
"67264",-0.490228247721946
"22335",-0.490796056413655
"243385",-0.491201783526062
"58222",-0.491252915058317
"18750",-0.491310830645867
"66522",-0.493268224755006
"19697",-0.493764665100041
"74355",-0.49405527953206
"58245",-0.494095180568153
"66637",-0.4944957974094
"56454",-0.495147558864583
"214952",-0.495222964106261
"223722",-0.495735934513014
"77219",-0.496075961272252
"226751",-0.496243687777032
"21843",-0.496273023074065
"72477",-0.496312928513146
"66439",-0.49634672320636
"13205",-0.496764851877642
"12499",-0.497773702235293
"29812",-0.497935454300815
"219135",-0.497966301253572
"19009",-0.498419375218156
"104082",-0.499056069271855
"118449",-0.499537641973072
"65970",-0.499643426763916
"68268",-0.499766341875235
"58208",-0.500220035702447
"68276",-0.500500778515289
"27078",-0.501098208211976
"22030",-0.501578818311766
"12804",-0.501872566292169
"69956",-0.502096981110219
"98932",-0.502521855434152
"214084",-0.503558933768017
"269643",-0.503673580341207
"227120",-0.504065980322786
"56717",-0.504127548452547
"224897",-0.504163422042323
"102747",-0.504441647577877
"13427",-0.504541165432867
"23807",-0.504744704735216
"69955",-0.50484895978491
"319984",-0.505468450470322
"17886",-0.506580286885555
"18648",-0.50668365910975
"20451",-0.507361950636984
"72151",-0.507502043033801
"232679",-0.507652934200695
"20916",-0.507699883093762
"16330",-0.507985970384569
"19167",-0.508361125521642
"69802",-0.508699517764604
"75553",-0.508985151540724
"16709",-0.509485432410795
"210376",-0.509671780351382
"107368",-0.509874244829306
"74388",-0.51009088277662
"17931",-0.510342311453823
"233016",-0.510465734204388
"52653",-0.511839360077879
"18815",-0.511891630020771
"105522",-0.512109312423786
"23939",-0.512122862121886
"94175",-0.51225368761448
"70423",-0.513457360417555
"11855",-0.513837180841142
"68842",-0.513864026181279
"76429",-0.514244683963748
"17836",-0.514610056483036
"101706",-0.51478660330522
"70750",-0.515081717324663
"216080",-0.515083573113744
"230935",-0.515438874734465
"14086",-0.515791349017407
"18830",-0.515925650775422
"56420",-0.51660989185227
"53381",-0.516864490579465
"14797",-0.51697436013002
"229227",-0.51701947695188
"71782",-0.517100420195555
"240776",-0.517554826328705
"208718",-0.518103960901072
"72399",-0.518333130671673
"14745",-0.518769358893895
"57912",-0.519375586635943
"209462",-0.519649683053627
"26569",-0.520062558624253
"20130",-0.520622163642404
"66616",-0.520770803165553
"20701",-0.520876374874058
"75669",-0.520936939840069
"67067",-0.521234671201478
"16438",-0.521314089873738
"68001",-0.521389000966391
"246317",-0.522357589194207
"11699",-0.522681004016005
"54151",-0.522729661934718
"233271",-0.522757101437169
"24071",-0.522776325551965
"14707",-0.522898078832575
"17913",-0.523137958959866
"233280",-0.523258282006644
"94043",-0.523447299768108
"18293",-0.523979412431896
"233863",-0.524424935088376
"268491",-0.524754641758493
"66646",-0.525240024093743
"228140",-0.525367014090676
"77889",-0.525412999006123
"211673",-0.525710861718452
"67466",-0.526686031064798
"665180",-0.526709178781635
"211006",-0.527117264316935
"67509",-0.527629193388749
"13688",-0.527811776857758
"17064",-0.52898250419503
"108897",-0.529079501751957
"59007",-0.529323442577716
"14388",-0.529451160668531
"57257",-0.53091479568567
"54722",-0.530932258446876
"228850",-0.531336728656806
"207227",-0.53268145817958
"66928",-0.533669063271793
"56325",-0.534400269624675
"94090",-0.534539609146817
"67216",-0.534973861494918
"74610",-0.535825989216334
"22601",-0.536445620301262
"387524",-0.536782930185279
"207965",-0.53681377562033
"15194",-0.538965179288713
"16439",-0.5400933272532
"69938",-0.540266574630237
"72748",-0.540275036742651
"110786",-0.540338029100827
"66241",-0.540691384508398
"67054",-0.540746604515587
"69482",-0.541285061826484
"19062",-0.541599215646978
"12323",-0.541624390236427
"329015",-0.541890660865209
"74148",-0.542140103576737
"51800",-0.542857950984806
"52392",-0.543815217334351
"14297",-0.543934476332651
"16646",-0.54408053198841
"16779",-0.544447095943715
"51798",-0.544517305707233
"233805",-0.544701442689278
"68431",-0.544732293730674
"68626",-0.544806338903472
"113851",-0.544844093263722
"14629",-0.545616599151958
"14804",-0.54671527347315
"67118",-0.547718884273226
"406218",-0.547825854578795
"75572",-0.548279913905803
"433904",-0.548311187516099
"225655",-0.548709779271998
"382051",-0.549217568768647
"107702",-0.549608172624394
"268656",-0.549938103914766
"20021",-0.550005546237742
"74268",-0.550378045225468
"14270",-0.5506701546641
"27369",-0.551644402046225
"56376",-0.552060249189414
"94242",-0.55224510772407
"13346",-0.552456234251949
"20866",-0.552854540025559
"56428",-0.553072311760909
"105651",-0.553293289240595
"109093",-0.553303790304045
"16644",-0.553907670507362
"67681",-0.554447469742339
"76884",-0.554654557327274
"76826",-0.555180879429291
"109731",-0.555291695107791
"69089",-0.555602465071401
"67610",-0.555680304097533
"56551",-0.556186911846942
"21894",-0.556249162693067
"99045",-0.556607076508733
"12288",-0.557737739049446
"67426",-0.558236966078555
"11764",-0.558315426264666
"235380",-0.558511146558825
"73178",-0.558604076373676
"94217",-0.558610948861691
"18810",-0.558792692947911
"79221",-0.558822400237624
"224904",-0.559000895627078
"52838",-0.559754977299594
"69860",-0.559959946160955
"99031",-0.559987339040202
"18826",-0.561051397401821
"269003",-0.56196627344489
"66075",-0.562225961487468
"19775",-0.563064154236117
"12009",-0.563285922343037
"18816",-0.563598835641885
"69116",-0.563694232296658
"67880",-0.563814342546433
"18114",-0.564420326505155
"69702",-0.564756897056214
"30059",-0.564835797863871
"94176",-0.56491363221543
"208650",-0.566464289094327
"217695",-0.566525078367818
"68044",-0.56678967625463
"77980",-0.567133991649228
"20846",-0.567311087709553
"68312",-0.567461236138078
"231637",-0.567773213621115
"14733",-0.568159361998948
"78893",-0.568351764202647
"68099",-0.568461896035486
"215821",-0.568770095990151
"18577",-0.5689681140749
"30937",-0.569747766887982
"20704",-0.57007049270235
"236915",-0.571228425276502
"77286",-0.57146838618899
"66916",-0.571602232643168
"20503",-0.573956167337836
"214685",-0.574068213351851
"73728",-0.574141164615624
"17920",-0.574693757920423
"66583",-0.574718930882147
"104112",-0.574765839489752
"109880",-0.574991374511465
"56353",-0.575040432822897
"74244",-0.575409893832741
"109294",-0.575411571475665
"30785",-0.576195477970039
"224020",-0.578273778911612
"107449",-0.579072968020934
"57312",-0.579183375773981
"11287",-0.579274180939928
"12334",-0.579714646866327
"19729",-0.579884207977258
"80795",-0.580916680650274
"104174",-0.580930899521926
"58240",-0.580977748550567
"54160",-0.581130501055897
"78514",-0.581361301896419
"11657",-0.582112329461661
"21366",-0.582850564047824
"192289",-0.58335168205677
"14473",-0.584659864899537
"319613",-0.585456078961656
"11781",-0.586034489011354
"14933",-0.586528125897377
"320365",-0.586990325588653
"104027",-0.587068749993161
"18673",-0.587167467884294
"26965",-0.58750112156797
"67888",-0.58768903215264
"70240",-0.587749218209384
"98193",-0.588422599944593
"16621",-0.589397706170249
"108062",-0.589954569479013
"11629",-0.590137320487641
"12715",-0.590827425153679
"56784",-0.59111816122349
"26951",-0.592289871572128
"12035",-0.59268110072769
"72145",-0.592709460580939
"13609",-0.592863347005565
"20739",-0.593051516828405
"140483",-0.593155604307371
"56451",-0.593292061299098
"268345",-0.594162653108545
"107895",-0.594175899161067
"214162",-0.594252406192152
"13518",-0.594953027473865
"22334",-0.595683943857067
"208898",-0.59603700411473
"72544",-0.598803630421961
"107733",-0.599434617691883
"109905",-0.599714164141508
"114716",-0.599823128121923
"53333",-0.600068277730692
"105689",-0.600630341600922
"217194",-0.600727550142422
"68537",-0.602055639952045
"117150",-0.602218720624298
"20621",-0.602845482120065
"16456",-0.60366078424788
"77579",-0.604610858808754
"68550",-0.604695438833357
"218629",-0.604754269289983
"17165",-0.604979743042923
"232087",-0.605228824226167
"20703",-0.605275538857318
"59083",-0.605346205441605
"19878",-0.606133426800764
"68515",-0.606423602835399
"75619",-0.606501619860988
"67006",-0.607510475346379
"12488",-0.607873928908402
"76563",-0.607915485430056
"22019",-0.608245965341342
"17918",-0.608532807916699
"17995",-0.610691210560492
"20536",-0.611182942131354
"217149",-0.611198542067602
"353170",-0.612049401719166
"12467",-0.612562160558169
"231380",-0.613931454175798
"11771",-0.614712141887049
"102060",-0.614962407005886
"109232",-0.615373819830162
"12846",-0.616356914755237
"11739",-0.616403556910481
"12509",-0.616797314093668
"217893",-0.61749590506392
"53357",-0.617852849306842
"52009",-0.617853368083659
"26414",-0.617954344951363
"84004",-0.618469547167882
"102607",-0.618902600817335
"20200",-0.620196798600474
"73086",-0.620450854315188
"73723",-0.6212282478961
"226519",-0.621357263447298
"269784",-0.62171933180486
"67998",-0.62195514909646
"68332",-0.62214566068757
"219189",-0.622640869557008
"66235",-0.623348374203215
"231290",-0.623735514143632
"66121",-0.623868315091331
"266690",-0.62446006808131
"100763",-0.626217748493725
"64660",-0.62755540971257
"54194",-0.627569149053641
"74142",-0.627717150249187
"69736",-0.627863328868396
"76707",-0.62897948779489
"227197",-0.629770685258075
"74919",-0.629829568999279
"14104",-0.631747002620357
"30056",-0.631931054118713
"234865",-0.632023865810044
"56046",-0.632547763629445
"20649",-0.632779084381771
"12565",-0.633311381729984
"546071",-0.633460844327385
"14964",-0.63346725144283
"50799",-0.633552686973709
"319934",-0.634227970528805
"114863",-0.634291982359286
"230577",-0.634420782245962
"11905",-0.635193966326707
"18642",-0.635547000125544
"59009",-0.635569203296877
"12050",-0.635658172506435
"69713",-0.636781341305963
"170707",-0.63699003416852
"67921",-0.637446720669367
"50770",-0.637598733209665
"12181",-0.639584278144183
"16564",-0.640128928261375
"72026",-0.640190271436393
"68018",-0.640557025488602
"13848",-0.641507529995758
"22370",-0.641545062613467
"94230",-0.641587036260085
"13424",-0.642096376488555
"14198",-0.642155629283114
"30926",-0.642231168232611
"232533",-0.643263805270844
"66461",-0.643628544777163
"22209",-0.643932332837222
"102436",-0.644140255164152
"68556",-0.644336538895784
"11783",-0.644528796599374
"109815",-0.644854496890546
"192950",-0.645801823433973
"67299",-0.646152337383622
"16016",-0.646552210489644
"232910",-0.646698264073831
"233065",-0.648347204694864
"13166",-0.649221817484771
"545123",-0.649845738768283
"57342",-0.650605001192809
"13884",-0.650788931753272
"69029",-0.65324459677176
"108735",-0.653547142293304
"16019",-0.654201758354491
"212986",-0.654323136502686
"56846",-0.654382587770246
"54636",-0.654910798404574
"68272",-0.655121978039025
"80890",-0.65681593766573
"21872",-0.65690262028471
"320609",-0.657203754504427
"77097",-0.658053609200996
"16526",-0.658735581387686
"381045",-0.659038616338214
"18015",-0.660168599538058
"74213",-0.660268604140724
"69721",-0.660657837650819
"207214",-0.661203823613298
"18746",-0.662585195711347
"77569",-0.662595127190581
"74370",-0.662656963683199
"101476",-0.663710794704491
"16897",-0.664964710975698
"381314",-0.665671506960742
"52036",-0.667555498137566
"223255",-0.66770679296406
"24064",-0.669143853528156
"11625",-0.669155819900268
"19679",-0.669826917271618
"18108",-0.672096717486068
"66521",-0.674732697347256
"232232",-0.675124056311739
"68801",-0.675976247581166
"56431",-0.676458561460163
"227095",-0.677004841923557
"11674",-0.677263615665969
"109264",-0.678186077370968
"224807",-0.678801796104061
"66797",-0.679117987907102
"11637",-0.679490201532081
"22319",-0.67980180855555
"434437",-0.680618816141624
"68375",-0.681250962464393
"100038882",-0.681838053153075
"19060",-0.684326769639984
"69632",-0.684615770920509
"243819",-0.684740650172479
"66218",-0.685070362282863
"66664",-0.685475051753781
"214572",-0.685508241375558
"226778",-0.686027246247296
"18439",-0.686664407462056
"219249",-0.687125198568822
"228355",-0.687197530835231
"66841",-0.687297915311815
"218343",-0.68748460475484
"110382",-0.687565458813581
"107568",-0.689358579118844
"52477",-0.690858181043678
"12864",-0.693895165712598
"53890",-0.69418004353956
"94181",-0.695230851619184
"14081",-0.69554207872866
"98999",-0.695687666021018
"14450",-0.697023730736325
"17754",-0.697664078203577
"14061",-0.700963805619104
"270096",-0.701633624140306
"76187",-0.702386415460188
"56421",-0.702732366529414
"67459",-0.703808162378687
"227683",-0.704309246518532
"195018",-0.70463446209342
"16071",-0.705300312001735
"22201",-0.706698227630765
"78330",-0.70772770518423
"52187",-0.708651428151271
"71923",-0.709806797988371
"239570",-0.709990582255533
"18074",-0.712217844013803
"12808",-0.713233348202731
"20544",-0.713606907810223
"12540",-0.714114980611542
"212531",-0.71511265580212
"12457",-0.717047377568505
"14545",-0.718337721644973
"30940",-0.719078919331546
"27397",-0.721886769411093
"329384",-0.721986977050262
"18641",-0.723033345150076
"66067",-0.726708116415151
"66358",-0.730749597822745
"66945",-0.731505155031573
"16880",-0.73351138274447
"67041",-0.735630348514781
"216363",-0.736804719898465
"101592",-0.737473249106047
"70661",-0.737625427789212
"11958",-0.741820190563856
"11950",-0.743360955812457
"16865",-0.745839816142376
"67300",-0.74603256685559
"56613",-0.747055377608317
"109700",-0.747345964895285
"50720",-0.750516607389902
"319801",-0.751316891276744
"74105",-0.752157175847535
"70497",-0.752517232198384
"78787",-0.753306760912745
"71474",-0.759677207843423
"67511",-0.760204557099545
"78610",-0.761881758220543
"386655",-0.761913976597954
"72662",-0.763878083759337
"78283",-0.766059897431338
"244867",-0.767849627294574
"16402",-0.768369708371917
"27965",-0.769912183606552
"244962",-0.772187834627477
"78885",-0.772359847339516
"215113",-0.773132084866344
"108077",-0.775209098418304
"29809",-0.776338502792829
"18605",-0.776898190056382
"11306",-0.777739955168331
"232975",-0.778798552629438
"13527",-0.782014475357916
"14709",-0.782052069980514
"108958",-0.783717992652218
"66505",-0.786234687075033
"241727",-0.787829555932715
"72113",-0.787953815599804
"26425",-0.788053709044738
"74764",-0.795364173952603
"13382",-0.795921203665472
"70044",-0.797322588510205
"14155",-0.798044262578308
"12974",-0.800958719060812
"79059",-0.801137384221007
"71765",-0.80148495264922
"14312",-0.806742406534378
"52064",-0.809085590877744
"54418",-0.810212070105121
"98828",-0.818423064362573
"226646",-0.818736730591566
"68041",-0.818865852639164
"68510",-0.818960572750159
"668212",-0.823033814652724
"66724",-0.825983954045943
"68671",-0.83127710307221
"208211",-0.832592560986743
"54394",-0.83336017501527
"224045",-0.833427904587709
"20420",-0.835776821425393
"77044",-0.839095857515527
"23948",-0.841300428442496
"22333",-0.843082936951722
"217718",-0.847822940479542
"110175",-0.848205093969026
"18844",-0.854417579830247
"83436",-0.856543567396249
"68729",-0.85976683575937
"207958",-0.86312537116376
"75406",-0.867500771006069
"16151",-0.871286011375056
"13136",-0.873670419900373
"64213",-0.875157825030538
"16562",-0.880531752291242
"19732",-0.882595025821998
"78506",-0.891778615840578
"330485",-0.899912993103504
"244668",-0.920657377976816
"67283",-0.935898783658714
"66455",-0.936278846075908
