"EntrezID","PearsonR"
"433022",1
"16490",0.997084221457515
"102442",0.996209810190478
"20514",0.993472632311908
"108664",0.99076990541398
"223658",0.989771788890823
"68192",0.988416769913634
"72759",0.988108553476838
"11975",0.987949556232642
"68585",0.987849363142711
"104001",0.98719806032701
"72179",0.987151557380498
"17702",0.986556909759172
"234734",0.985024764807327
"16410",0.985018360144205
"234663",0.984880716431349
"76132",0.984842407130998
"238271",0.984722389372992
"12338",0.983584221307724
"71781",0.983132392778556
"56736",0.98309339874588
"71586",0.982955047308055
"16579",0.982220518913387
"75469",0.981354095261574
"234865",0.981236804429589
"239556",0.981059750113808
"56745",0.980906542698949
"338346",0.980393734496557
"52864",0.980107267204384
"13347",0.980018918858377
"213326",0.979509231503566
"67306",0.978205069891036
"54411",0.977930904711396
"69863",0.977825111214858
"19368",0.976976912513924
"320407",0.976588566455423
"329152",0.976394171868079
"93691",0.97619771985467
"193742",0.976177778747053
"78796",0.975812150763157
"99470",0.975472344277666
"218544",0.974986319538043
"98170",0.974704054988057
"54132",0.973947121696822
"208890",0.973427820755912
"20239",0.973423297664416
"66092",0.97305409209475
"53416",0.973034807601602
"100213",0.972712671400773
"226610",0.972631651616676
"11980",0.972483735238234
"107895",0.972416388745244
"76229",0.97231916454435
"241134",0.972175024303449
"12810",0.971893319555569
"72296",0.971311469972538
"20515",0.971123874545437
"16438",0.971033534703694
"99011",0.970823196235016
"74919",0.970754612585913
"13116",0.970685535487249
"224020",0.969878400519727
"67300",0.969841854676085
"98732",0.968982101172498
"208869",0.968775956537766
"70892",0.96870482602046
"20744",0.968603473545093
"23850",0.96849712650018
"64340",0.968196353848264
"320119",0.968189949922311
"330914",0.967821881397526
"230085",0.967736573466092
"20606",0.967491358765478
"234678",0.967368028546867
"68276",0.967142258666604
"228361",0.966685768817785
"269700",0.965902882485358
"208076",0.965891098946063
"11479",0.965620446390316
"77097",0.965455680848791
"18222",0.965056783375693
"16647",0.964906626237862
"15563",0.964846596197766
"17068",0.964751365684306
"18667",0.96448979915709
"74196",0.964233846812629
"76965",0.96384907779553
"13175",0.963771099229768
"105835",0.963436217958399
"269180",0.963337341014635
"108837",0.963268358881096
"68795",0.963160073442171
"74694",0.963052631150078
"20817",0.962972647444594
"28040",0.962777241874093
"229706",0.962758367082062
"353234",0.962749594074131
"110611",0.962729900367845
"241311",0.962377928849615
"21916",0.962258422967397
"66302",0.961719000369495
"98999",0.961599786528419
"12176",0.961470012526383
"56228",0.961226164878384
"76080",0.96121537542551
"11804",0.961116871490278
"51902",0.960918768886919
"109006",0.960872493094151
"20849",0.960476341368532
"13836",0.960378621981366
"12563",0.960271556355896
"231876",0.960243074205541
"99010",0.959581116694332
"22401",0.959439759163405
"12386",0.959418221818117
"63913",0.959402116516082
"14569",0.959370157341996
"19256",0.959270204694417
"67784",0.958831341334764
"227446",0.958649345974768
"64706",0.958097071627967
"230073",0.957740642712875
"241568",0.957693770579274
"232201",0.957143528184388
"14365",0.956982812266386
"17311",0.956976601655059
"223513",0.956956598664207
"230233",0.956863382611151
"381694",0.956654526759213
"140498",0.956482215777328
"59033",0.956172454805024
"242083",0.956052002469788
"108937",0.955992157632316
"23917",0.955626780180848
"11775",0.955356121651975
"27053",0.95526075214153
"229877",0.955225344356867
"18537",0.954877386437633
"243274",0.954865147997375
"226856",0.954741415810308
"19736",0.954551156109186
"330998",0.954317871372408
"11771",0.954026527596279
"22234",0.953890826974784
"12805",0.95387289643235
"194401",0.953845149336725
"215335",0.953833221876524
"20745",0.953245915189605
"16499",0.953191611331475
"76686",0.953081111234266
"108079",0.952959575043155
"212813",0.95285846889143
"258375",0.95285846889143
"544719",0.95285846889143
"240119",0.952728271510376
"56527",0.952590625208153
"268510",0.952565240889329
"98238",0.952426508303698
"17918",0.952292637682964
"230598",0.952244714601233
"71876",0.952165969316738
"59046",0.951870701057677
"212307",0.951619221693119
"192197",0.951255994182615
"74127",0.95120665081503
"66335",0.951202808100197
"57911",0.950982980352046
"227699",0.950968626757881
"56347",0.950732740716845
"320165",0.950728431241784
"320213",0.950358110903003
"100515",0.950296512950668
"96875",0.950123477663288
"68421",0.950101301264082
"74349",0.949454846360942
"270166",0.949088734960403
"50785",0.949006833111344
"210673",0.948711608516819
"19276",0.948680399948075
"14658",0.948650677600023
"20312",0.948245052767318
"94332",0.947898843543604
"106298",0.947850374927495
"65945",0.947840325136429
"57740",0.947762418505186
"17954",0.947677932744761
"110651",0.947596801897874
"15476",0.947570145101039
"216831",0.947504272913872
"11938",0.947197808679083
"210376",0.947159820504687
"244682",0.946982050698236
"20346",0.946834852738199
"20910",0.946520877473163
"14457",0.946367161591815
"227059",0.946287408233905
"68628",0.946268772493698
"68059",0.946134018279776
"13002",0.946098430757221
"271711",0.945973580939879
"14270",0.945880878668849
"104248",0.945715618481351
"81906",0.945529863147216
"73707",0.945442336832886
"14924",0.945341883937299
"170719",0.945264428984538
"269784",0.945249502676663
"74525",0.945242609172359
"69597",0.945165203861117
"13191",0.945012173604748
"13424",0.944808609208762
"228850",0.944685037066797
"77300",0.944530464897338
"73569",0.944267730622686
"93708",0.944215996886832
"18810",0.944175454478045
"69190",0.943926405480886
"67419",0.943874510656968
"23856",0.943829423063379
"237615",0.943730311388472
"272396",0.943654200786209
"77065",0.943457881451003
"54195",0.943442637052138
"18099",0.943411562803056
"217733",0.943284725250043
"100417674",0.942941970696078
"68617",0.942733591681294
"15558",0.942696564472724
"55983",0.942575538415504
"75786",0.942172540620921
"671535",0.94182548653331
"73844",0.941752094739256
"13194",0.941737412106516
"21375",0.941325512214051
"69020",0.941278083791425
"242474",0.940729015090718
"70717",0.940727165015444
"59044",0.94061819470677
"72393",0.940461615651751
"69162",0.940063836033867
"231329",0.939927202197939
"54723",0.939779364346675
"18708",0.939714085040668
"75221",0.939641005990439
"104156",0.93930956673697
"235567",0.938948046390449
"109676",0.938720183554352
"20527",0.938460907888012
"97998",0.938458926884583
"12287",0.938175371515011
"227634",0.93795962551899
"64898",0.937776449433141
"100503068",0.937697294009894
"26419",0.93748943321493
"56846",0.937438676306549
"218035",0.937399348060499
"319765",0.937304105109301
"56421",0.937246970893233
"69737",0.937057472944699
"235086",0.936895695468843
"54616",0.936868052434198
"21762",0.936703038487711
"619665",0.936686007348487
"73690",0.93667095043029
"94178",0.936573161519551
"269966",0.936398971325959
"94280",0.936034717245604
"73658",0.935895879674254
"57138",0.935847850585803
"19042",0.935730018030949
"18642",0.935543526739549
"238161",0.935541460655685
"211651",0.935524624640167
"20454",0.935486911366233
"234889",0.9351032466224
"19339",0.935042908416712
"56717",0.934900104831375
"100201",0.934813768966576
"100502841",0.934798477342178
"227377",0.934599364690806
"666031",0.93455169257906
"66964",0.934406428804208
"353172",0.934268037617321
"52592",0.934069369331842
"327655",0.933944771104147
"26965",0.933868288651275
"68815",0.933799860635753
"20678",0.933674862015433
"15902",0.933620588695415
"244059",0.933556821910763
"20272",0.933468135307798
"11827",0.933224029044691
"16319",0.933043150095561
"20852",0.932941839190381
"224742",0.932780056057923
"20815",0.932677387699774
"107769",0.932407293201072
"211577",0.932234364559565
"56079",0.93211727391328
"216724",0.931759914349293
"14401",0.931391183635889
"17309",0.931236174096037
"67226",0.93120515924463
"12808",0.931168785421831
"319818",0.931093806848716
"76582",0.931035437937028
"27403",0.930855806981212
"69697",0.930814932556807
"72590",0.930743393075225
"78088",0.930437245925195
"14086",0.930378436964502
"22201",0.930173280857811
"217951",0.930114522699182
"71728",0.930088651446507
"16764",0.930032536399858
"216148",0.929986411907832
"67412",0.929908887999009
"69352",0.929867657367013
"226922",0.929521622156529
"72580",0.929238382850334
"99633",0.929170382660246
"54216",0.929108366117848
"217207",0.928740880448503
"269682",0.928716736791791
"232023",0.928419210331898
"28000",0.928365213864772
"236899",0.928313344553373
"22190",0.928290087748636
"320840",0.928031414584457
"101613",0.92802116512753
"59025",0.927709639977124
"228942",0.927632738135996
"18798",0.927497061103319
"14219",0.92748636321638
"110876",0.92737303233395
"320091",0.927282931865391
"14042",0.92724077550654
"217342",0.927137457211146
"319875",0.927073145221481
"26408",0.926978138428549
"229214",0.926308283687384
"244579",0.926290429693216
"231238",0.926259707939657
"50722",0.926237398020197
"75646",0.92593388413428
"16570",0.925824648366726
"12816",0.925654503353491
"74011",0.925491844886308
"107975",0.925391305733784
"20597",0.925360870102253
"12827",0.925002280063957
"18479",0.924860564545666
"18484",0.924468024366513
"104816",0.924380067068414
"75607",0.924323752820963
"11496",0.924060522556994
"382504",0.923964138793184
"16191",0.923955653158546
"27278",0.923955653158546
"56293",0.923955653158546
"625004",0.923955653158546
"665772",0.923955653158546
"668429",0.923955653158546
"107568",0.92389552799368
"11966",0.923841848148436
"19272",0.923523924006392
"56017",0.923285835109473
"56043",0.923202784547504
"16782",0.92316569871047
"20472",0.923157137882324
"207686",0.923120668617114
"26420",0.923095384450063
"232664",0.923010364865612
"27062",0.922955370862709
"228136",0.92274852552175
"50918",0.921835988237367
"50772",0.921756169367977
"80283",0.921708933941171
"216565",0.92157546685883
"433766",0.921451913552232
"12939",0.921284558065228
"74315",0.921262553354785
"54373",0.921204717987932
"93713",0.921162263295048
"16150",0.921143189657163
"234733",0.921093549142564
"214597",0.92108298924186
"14411",0.921047293510493
"13052",0.921022424317101
"11746",0.920952375028542
"23792",0.920800308116748
"241075",0.920431499880413
"15259",0.920413232309763
"16364",0.920165418319615
"72324",0.919988047232507
"67826",0.919942608721481
"211187",0.919648340934765
"210108",0.919603086521419
"19822",0.91935710788566
"19337",0.918978965238386
"229227",0.918847817956051
"67948",0.918818036539045
"107831",0.918688229562022
"225362",0.918305761930267
"231207",0.918194419398462
"19258",0.917988658841162
"21830",0.917951202606278
"52846",0.917665453226462
"216856",0.917598827760576
"76707",0.917539248080844
"225875",0.917450267699955
"217038",0.917387108920238
"381113",0.917213260586198
"11750",0.917085067346289
"330286",0.916912503190634
"11765",0.916902577232958
"26373",0.916771741951505
"19699",0.916711017643832
"110380",0.916677945653099
"12847",0.916447942034735
"17685",0.916352345460847
"64451",0.916226982454383
"20742",0.916091216540953
"16997",0.916047788132755
"76580",0.91579661310975
"635702",0.91569223873461
"223593",0.915470833115518
"68510",0.915364321469765
"13030",0.915212922866944
"12111",0.91508434683382
"68725",0.915037080802695
"78248",0.914883245422204
"16500",0.914796490031612
"69554",0.914664055763132
"26879",0.914590231623259
"20979",0.914478484722241
"71927",0.914455024033288
"23969",0.914316864777763
"64176",0.914165193076237
"72899",0.914139382369609
"18573",0.914125083171693
"399558",0.914074440309675
"66994",0.913890791862458
"72722",0.91380140704313
"68770",0.913776147767179
"216961",0.913753887893333
"242773",0.913726501783028
"12405",0.913473188590127
"268656",0.913442575533268
"331461",0.913397575738253
"30960",0.91319099314522
"14677",0.91314774218932
"239667",0.912783628433229
"13497",0.912455894648466
"56715",0.912448281163709
"11889",0.912448007135522
"18548",0.912405134433654
"74126",0.912010233414622
"20713",0.911995931225077
"19072",0.911966960182047
"100039815",0.911759429270485
"54130",0.911046171565769
"227154",0.911044068856511
"72313",0.910932607028967
"108934",0.910840324541082
"277854",0.910676148220489
"93692",0.909643601194796
"11820",0.909556347867496
"13000",0.909161340755228
"19359",0.909064043660165
"16924",0.908857003430616
"15467",0.908667912959302
"230649",0.908573624777695
"238871",0.908403285804353
"18383",0.90835724487972
"18845",0.908072075320262
"664869",0.908012292787558
"227613",0.907853548805303
"73991",0.907565811277954
"245446",0.907371207482905
"24001",0.906868657793512
"208618",0.906710917772814
"54375",0.906591327444776
"26875",0.906529013236328
"14081",0.906466020138654
"116731",0.906004101734802
"71670",0.905996461732162
"68440",0.90587354007459
"78923",0.905782038408527
"19261",0.90555854749683
"98366",0.905521667292247
"74187",0.905463243413375
"237926",0.905239234937435
"52132",0.905078647043807
"11787",0.904758177459089
"81904",0.904536008390017
"243931",0.904073807416829
"52822",0.904064040091735
"258770",0.903979557360439
"14718",0.903951570429359
"23821",0.90392807025969
"209462",0.903777668155548
"72831",0.903745192089604
"16569",0.903742948259401
"68861",0.903680858947919
"104015",0.903670129113365
"52392",0.903578874710614
"52389",0.903540494893065
"270192",0.903406436382022
"14802",0.903341493421068
"75894",0.90330155593412
"230895",0.903255238919424
"270201",0.903121686085561
"224897",0.903010483001278
"228869",0.902991705355293
"107094",0.902886181917535
"59287",0.902625111845219
"16593",0.902355510484863
"26992",0.902224166772676
"99887",0.902211042103814
"75590",0.90208761128298
"17968",0.901871104365541
"12995",0.901682577895305
"76365",0.901200111580684
"11492",0.901169128432223
"218335",0.900950178889033
"74195",0.900923050288097
"14823",0.900794923943933
"75796",0.900771260103137
"16891",0.900070927643278
"26939",0.899652974147938
"17533",0.899576868898168
"20588",0.899407176267649
"13394",0.899327143580832
"622645",0.899192561996954
"74440",0.899182782266295
"245860",0.899117894640971
"320873",0.899052096313865
"22698",0.898964538676031
"225288",0.89888399537966
"16326",0.898813974792406
"107338",0.89878405020969
"26919",0.898748691355768
"12326",0.898594446580679
"101202",0.898297565500005
"17762",0.898008599888863
"94090",0.897775572970922
"67155",0.897385175471404
"22594",0.897236237507126
"70527",0.897219835468323
"13047",0.896864245397686
"76527",0.896789709190539
"70292",0.896789330707316
"228714",0.896761435725553
"210973",0.896395393938759
"235344",0.896232871128451
"329942",0.896040331071603
"102774",0.895990229784011
"383348",0.895860649687863
"27407",0.895818688253546
"104086",0.895034653992512
"53883",0.895004229958978
"217216",0.894898712894035
"329731",0.894847027912895
"20972",0.894721433855328
"11622",0.89455992169386
"15490",0.894503150422002
"18472",0.89445616210935
"102657",0.894271565214884
"12560",0.894229640034706
"208691",0.894106815513334
"18577",0.894085754988969
"381511",0.89382153708319
"71720",0.893819220851361
"52028",0.893620247739744
"211329",0.893606883415692
"14788",0.893507218758553
"100043920",0.893416100711133
"110532",0.893410095779926
"408068",0.893407825439197
"13544",0.893362636806589
"624088",0.893298407385832
"71997",0.893248284032375
"24014",0.893085260418946
"104079",0.892978024586345
"76055",0.892787678447832
"260302",0.892667825641872
"230967",0.892650941235679
"244745",0.892448651104042
"67182",0.892413141114537
"16558",0.892387936649339
"66257",0.892293959212386
"11984",0.892222573184955
"80743",0.892135586831512
"228359",0.892045252130757
"72946",0.891907018600068
"20265",0.891866542235287
"17973",0.89181702988685
"320541",0.891664290925863
"72607",0.891653673210473
"210172",0.891616961742743
"216001",0.891578969814266
"320560",0.891563608927964
"219135",0.891522681545619
"228545",0.891331748226986
"58246",0.891326173204727
"74486",0.891253453679523
"207565",0.891148345169016
"17060",0.891093827381812
"71685",0.890625884282436
"107652",0.890397520084224
"226255",0.890215548549164
"84585",0.889632732418996
"67302",0.88961788357567
"244723",0.889196116047441
"80286",0.889144609337571
"11941",0.889081614276438
"16828",0.889054137018136
"13666",0.888920773939178
"26378",0.888874175843963
"22431",0.888641333488585
"16510",0.888553900709108
"79560",0.887986701938999
"19221",0.887770922201805
"16480",0.887734331239963
"18795",0.88771826294875
"76510",0.887666618650926
"71839",0.887622114592075
"56222",0.887413673717536
"12426",0.887280214289214
"71957",0.887191608442243
"12298",0.887146097211503
"12160",0.887023063549834
"65114",0.886964902639382
"230861",0.886922755668609
"13560",0.88691889444039
"18386",0.886816272135729
"330474",0.886705133415621
"547109",0.886598642976305
"99512",0.886509611931765
"20841",0.886425688625098
"68267",0.886301967408205
"215627",0.886244297788381
"68365",0.886221488394377
"19094",0.886110405640476
"17978",0.886048470446189
"116733",0.885914119744661
"320027",0.885882819201814
"100504342",0.885490386095699
"69318",0.885490386095699
"64933",0.88531812511089
"67198",0.885253624757659
"53857",0.885198709161856
"546134",0.885144863152084
"16172",0.884882851886172
"65113",0.884230967382828
"229715",0.883940142788442
"240025",0.883871621999479
"269695",0.883848323178857
"210622",0.883791997402353
"11776",0.883546453812571
"15357",0.883493430871814
"16568",0.883491664188172
"380728",0.883330183669913
"65112",0.883043355370624
"53324",0.88300838530447
"116939",0.882922836238444
"27373",0.882673563553591
"56209",0.882565337594037
"70601",0.882391643929341
"18597",0.882345998395747
"52398",0.882302844741797
"504193",0.882089209608072
"100503185",0.881965254569679
"72572",0.881842930068947
"23989",0.881809725606574
"13178",0.881705403049051
"208643",0.881529611150012
"213350",0.881494513655483
"54608",0.881453328999419
"12263",0.881185695974688
"213211",0.880967575095626
"257978",0.880743498599614
"12096",0.880739048848397
"14695",0.880739048848397
"14767",0.880739048848397
"258277",0.880739048848397
"385493",0.880739048848397
"665041",0.880739048848397
"665089",0.880739048848397
"665095",0.880739048848397
"75470",0.880739048848397
"112407",0.880733994920936
"110750",0.88063217843895
"23849",0.880610323043137
"230249",0.880057474593151
"353310",0.87993643806087
"15239",0.879854670979474
"381259",0.879819170452904
"238331",0.879778637687025
"26894",0.879743367052419
"16826",0.879640840274746
"237987",0.87958121622568
"320011",0.879562054458867
"17260",0.879472647610212
"16467",0.879391104236358
"55992",0.879308075605417
"66881",0.879281502567998
"270120",0.879066175221662
"58804",0.878819433413327
"233919",0.878706554091908
"22157",0.878689750525054
"328801",0.878679812821238
"100041194",0.878448483723986
"23888",0.878398596752636
"18759",0.87835228596379
"11566",0.878250058649515
"77573",0.878206672898582
"79221",0.878166242610379
"73094",0.878064108635413
"12159",0.877907949504098
"235497",0.877899539495108
"23836",0.877866922023816
"320714",0.877848785015809
"70572",0.877819798431329
"72993",0.877782328396351
"71532",0.87761706757277
"22178",0.877178983253909
"331004",0.876942114120635
"68626",0.876741162641653
"75725",0.876705434865789
"100416441",0.876470865732854
"15404",0.876376293399909
"22165",0.876376293399909
"258928",0.876376293399909
"26464",0.876376293399909
"66106",0.876376293399909
"12845",0.876324104900721
"75785",0.876219468995527
"208748",0.876106578940064
"97484",0.875827135314943
"235130",0.875470617246832
"16790",0.875243168349798
"69612",0.875236396327878
"18655",0.875047667544076
"11865",0.874833474400617
"66183",0.874727260678152
"246293",0.874614744139914
"54562",0.874575694762151
"18413",0.874548094181678
"68292",0.874380301443784
"667281",0.874256870579031
"435376",0.87419800730825
"94223",0.874158538105744
"107065",0.874143490371953
"13823",0.874027329672628
"75909",0.873859466373946
"13196",0.873855960981518
"14544",0.873847999847629
"83431",0.873503468384395
"72685",0.873424284435145
"67345",0.872651378129805
"16911",0.872631569489196
"15466",0.872616921191038
"66447",0.87248805359418
"241589",0.872263865898604
"497097",0.872015936473697
"67874",0.872014857021141
"621080",0.871623019833906
"11899",0.871324324453428
"232431",0.871283580541255
"100041420",0.871233667979515
"13120",0.871028060353654
"235661",0.870938479888202
"13690",0.870896840035318
"18606",0.870864485504414
"235315",0.87085521916779
"74754",0.870842354139557
"74868",0.870824232487162
"69453",0.870531335821159
"212531",0.8704192062533
"71687",0.870209571216132
"60367",0.870130302019469
"338366",0.869896888908854
"18108",0.869213771381041
"224697",0.869106441533877
"210146",0.869075242822325
"100502846",0.868918902772541
"57781",0.868673943464628
"83965",0.868669071407227
"74374",0.868643084489398
"245827",0.868338681881692
"233060",0.868302225564304
"94221",0.86822100175165
"67141",0.868162481576021
"245405",0.867849012251013
"80883",0.867847821596699
"75540",0.867825992946065
"76453",0.867794236445976
"12889",0.867700097651296
"20347",0.867577514287614
"226849",0.867562589879549
"76614",0.867196847778846
"75812",0.867176580228326
"70325",0.867095745511172
"17381",0.866834962976408
"20404",0.866768952110026
"278304",0.866763754688793
"20168",0.866731374165911
"227394",0.866644295200432
"225997",0.866584243733327
"66343",0.866545170541175
"12725",0.866531910926923
"11972",0.866453039787263
"71835",0.866421833350889
"73379",0.866397157535567
"195646",0.866380084893751
"20378",0.866299212333684
"14083",0.866275725302874
"75180",0.866180969779036
"228026",0.865880689329074
"72542",0.865869429258844
"21818",0.865831859892197
"100041831",0.865469000055703
"102637534",0.865469000055703
"15412",0.865469000055703
"328699",0.865469000055703
"72000",0.865469000055703
"77619",0.865469000055703
"320024",0.865451679164498
"69727",0.865308256133692
"17330",0.86527651034653
"26754",0.865177933844173
"242726",0.865125087947325
"170762",0.864975651807267
"56705",0.864840449449456
"26379",0.864706831269905
"12388",0.864495712623612
"216835",0.864449562752803
"241303",0.864406452251953
"18648",0.864274685911535
"68659",0.864142313157055
"75288",0.864060460335632
"12447",0.863926216767344
"217430",0.863874463322402
"241769",0.863524950876064
"70999",0.863385944369063
"211961",0.863379952172485
"16650",0.863270841479639
"383295",0.863172737121196
"50754",0.863109892980186
"69470",0.863010099084643
"170639",0.862999450160797
"20977",0.862989262727255
"17356",0.862861334556232
"241263",0.862822849097904
"384619",0.862708811677613
"17931",0.862629432522763
"622745",0.862627701653583
"71983",0.862580366627463
"19211",0.862563050605915
"94229",0.862465818324532
"319613",0.862286300282818
"99982",0.862155322262449
"20725",0.86215039141911
"14200",0.862134000833207
"13426",0.862119121243792
"69071",0.862115592700165
"216578",0.862113996854411
"14534",0.862038996483052
"240185",0.861816608629708
"269713",0.861571331868188
"100042100",0.861444676407771
"240332",0.861409361631064
"16502",0.861318240990504
"17449",0.861028825186136
"11977",0.86083250214017
"67008",0.860470959261799
"71472",0.860447819092832
"70297",0.860080610429651
"268970",0.859979783971318
"19386",0.859947126137027
"208967",0.859920482408406
"217265",0.859715372071534
"214137",0.859654854148138
"20616",0.859624034233761
"244954",0.85940855307709
"269109",0.859328876203224
"54354",0.859230221501681
"19060",0.859195310450586
"208194",0.859128314213762
"107508",0.85909790681164
"338365",0.858952830316128
"75712",0.858925109349761
"17957",0.858875152197426
"17218",0.85877275312173
"227399",0.858765128515666
"58801",0.858662430995825
"20534",0.858628131467885
"223669",0.85862720195591
"227656",0.858522940381422
"333424",0.858388572443068
"244556",0.858372236382414
"71176",0.857927897044948
"15525",0.857901430634748
"83429",0.857650688734998
"268902",0.857510025861812
"226412",0.857326470664613
"102182",0.857214471888136
"268345",0.857147731739632
"68671",0.856800165104544
"22351",0.856775345193759
"12211",0.856725335184352
"11923",0.856659422094888
"100737",0.856238106318024
"320181",0.856055488464979
"73827",0.856003194331934
"71844",0.855921088493653
"67473",0.855862109435339
"54384",0.855790622454139
"270109",0.855778734271988
"107723",0.855775328403869
"235106",0.855651373473973
"677884",0.855600957226664
"11548",0.855561133507786
"13555",0.855458299991059
"269952",0.855312361886124
"14719",0.854824748767804
"14167",0.854800458837266
"217031",0.85466396353936
"18095",0.854633405781389
"12823",0.8544756940256
"14000",0.854382948984693
"16564",0.854252077127783
"338372",0.854129714634399
"54376",0.854109410703064
"22628",0.8540737887619
"53598",0.853945029981921
"20975",0.853924357948646
"73420",0.853665582790775
"243983",0.853623741807783
"68215",0.853211008890564
"23997",0.852890993149682
"320311",0.852890588117748
"232976",0.852842869759595
"26932",0.852711325845477
"104082",0.852367021248388
"12801",0.852349137618688
"19220",0.852290009079238
"116905",0.852289005852772
"13495",0.852255429349692
"104943",0.852187783391455
"319504",0.852167341744399
"27886",0.851848874815941
"18706",0.851629849720658
"17174",0.851610903610809
"110075",0.851558851098666
"13640",0.85138453803987
"67138",0.851275037756109
"15958",0.851136635027556
"230815",0.850943106470966
"76843",0.850939078298759
"67458",0.850715989386163
"243755",0.85066041377709
"237178",0.850544317110354
"228491",0.85045987228869
"171283",0.850457721071834
"223455",0.850209944012367
"382253",0.850093351037041
"320495",0.850057166888352
"639545",0.849948470173586
"268451",0.849591345345348
"330450",0.849567370018454
"98488",0.849492345409778
"12941",0.849438980976466
"11438",0.849350843631726
"170677",0.849193628408459
"18174",0.84911970052264
"13806",0.849070570391924
"70432",0.849063361316209
"67311",0.848817484292975
"69192",0.848750186257204
"243382",0.848702373100319
"21826",0.848667278959493
"18542",0.848640447579165
"18133",0.848450923562892
"66629",0.848341698491913
"17534",0.848333278863299
"57765",0.848245851147989
"71310",0.847931749090464
"667823",0.847472448093687
"110521",0.847343558577188
"27354",0.847340174668003
"18685",0.847322969036638
"58245",0.847245984541586
"56480",0.84712166791323
"77579",0.84696888954673
"104401",0.84682780510459
"11973",0.84657076825267
"109019",0.84608489124053
"69807",0.845612560830462
"14394",0.845526394779275
"20964",0.845524460848123
"100125263",0.84549272867406
"545279",0.845467013054333
"26381",0.84529104028968
"52662",0.84524306816032
"319594",0.845014965015029
"54343",0.844968194590256
"399591",0.844914005077385
"22437",0.844752736233113
"230597",0.844606841977017
"319807",0.844529653342546
"360013",0.844506646056448
"19281",0.844458602982836
"18772",0.844384962446697
"71566",0.844289208942407
"208884",0.844241968145229
"53869",0.844187984960011
"240843",0.844032609620998
"330814",0.844005732410296
"14897",0.843761800754603
"214459",0.843526206336127
"225724",0.843500646132145
"244585",0.843225779834265
"226432",0.843125158660129
"217219",0.843119592904
"75013",0.843010457227722
"213760",0.842844871488915
"21943",0.842833574926246
"18549",0.842799906778945
"52023",0.842406395430356
"13179",0.84236979885433
"12142",0.842302739790975
"26380",0.842176792089353
"100416456",0.842085764275079
"16451",0.841844788627213
"12404",0.841838512408868
"67041",0.841825349946188
"19883",0.841815178287376
"12842",0.841768874530903
"228355",0.84154412355284
"225372",0.841296363371978
"79196",0.841255038577211
"21834",0.841085020834875
"26950",0.840941203765641
"14744",0.840453855945554
"70788",0.840422637173978
"269997",0.840399341711288
"100039988",0.840127160326767
"74015",0.840063418317385
"20338",0.840025350363561
"12562",0.839859263410282
"26390",0.839649731853707
"66884",0.8396431826753
"11785",0.839457104818458
"218215",0.839343796973428
"208439",0.83901013675077
"19266",0.838865358868171
"102680",0.838656254557077
"234214",0.838654412940023
"245026",0.838452316461191
"69073",0.838407577382313
"27410",0.83824352875039
"15572",0.83811480444765
"52055",0.83810225811771
"217039",0.837978705046969
"71834",0.83796708549993
"16452",0.837931746094919
"330096",0.837779106394879
"246710",0.837694305663816
"109077",0.837668341654789
"12569",0.837601079063971
"21934",0.837461309562131
"16520",0.837343556387934
"12550",0.836883508068091
"70495",0.836881528529687
"15165",0.836811768895923
"18746",0.836726890659948
"19155",0.836715303055371
"26904",0.836706708728143
"668630",0.836706708728143
"14768",0.836612567946513
"16012",0.836503950343745
"27057",0.836231612948748
"239405",0.836185855993471
"50778",0.836095788548853
"107684",0.836083979733329
"27279",0.835957473526239
"232533",0.835584276185828
"215654",0.835469354626627
"53623",0.835392735447442
"76982",0.835246694664604
"474156",0.834878153695401
"20614",0.834831530167058
"71602",0.834753916804908
"64051",0.834579973672812
"333193",0.834577096286954
"16765",0.834489412546861
"20698",0.834382302344038
"74490",0.834323194837613
"56077",0.834213704106039
"15944",0.834199982522649
"414872",0.833834806276905
"76469",0.833784796280627
"13368",0.833773052842638
"71902",0.833753386717085
"54563",0.833616941778449
"11768",0.833609346886721
"67003",0.833509629648077
"217310",0.833440703244044
"77975",0.833090597977956
"277010",0.833084735741171
"72016",0.832817166658329
"235072",0.832696283522214
"106794",0.832685615536564
"15452",0.832602135307798
"225861",0.83251893178346
"72780",0.832480236779456
"14133",0.832397602771207
"14089",0.832362578701457
"233781",0.832359721196965
"223604",0.832318567441536
"56405",0.832242760385583
"12572",0.832109681423246
"74133",0.832037658034743
"207304",0.831781321626822
"74284",0.831730612711093
"20924",0.831684519075406
"18261",0.831649893609789
"109593",0.83155147535376
"11764",0.831551033293936
"16594",0.831423456994822
"17882",0.831410644397634
"382571",0.831384371498144
"23967",0.830971687066427
"217874",0.830910905021287
"56637",0.830875822016732
"12380",0.830554196885402
"14180",0.830419730849472
"72198",0.830363181835551
"76563",0.830300450777601
"14586",0.830220802028976
"230735",0.830158880624114
"320557",0.829973247197162
"77053",0.829889467037093
"22019",0.82973581894395
"22793",0.829732746573241
"545389",0.829455299752845
"192169",0.829432203300759
"18566",0.829426995161769
"71982",0.829262421238973
"78455",0.829252703384746
"71724",0.829199243087631
"26968",0.829194321815598
"100038347",0.829036234918412
"216131",0.82900258443878
"72160",0.828919448848145
"233726",0.828911697843354
"93730",0.828207316764278
"228071",0.828078385723397
"54126",0.827923925981093
"71891",0.827909080629623
"20750",0.827886091886111
"22174",0.827777450863992
"229589",0.827762835301224
"72605",0.827607709402315
"16016",0.827593615420325
"57296",0.827457329886072
"20257",0.827388870771072
"64113",0.827370567548163
"242362",0.82727607089359
"16531",0.827245457217836
"208922",0.8271604630589
"56207",0.827157161201179
"71355",0.82698922377983
"15229",0.826905172075558
"17966",0.826888351360154
"67498",0.826647234357874
"71974",0.826291587763821
"212986",0.826216893225621
"22225",0.826087003279684
"228012",0.825828825903082
"433586",0.825602694269099
"68979",0.82553370227565
"11990",0.825277007655545
"353237",0.825246271899105
"103468",0.825078229929487
"12964",0.825054073023215
"20983",0.824943299534074
"272158",0.824834793397711
"19085",0.824821113621332
"27387",0.82439819599528
"68521",0.824269432239262
"70465",0.824183495514589
"21809",0.824119282512297
"226896",0.823943398844464
"66482",0.823923396340368
"26436",0.823887044395554
"212712",0.823679084552146
"20775",0.823606949238302
"68505",0.823552702427777
"12839",0.823519855392411
"329702",0.823345494916966
"15959",0.823298786181699
"240028",0.823234039526126
"243272",0.823188437407842
"320615",0.823106796746567
"51792",0.823034690975184
"234155",0.822956519580693
"66725",0.822900238420007
"70383",0.822833304988271
"18201",0.82265524156804
"70835",0.822524744553071
"71371",0.82246813908358
"19038",0.822322012177292
"211673",0.822255442394623
"224860",0.822136318634576
"71750",0.822091527428295
"243547",0.82189828094045
"68151",0.821725714294079
"18457",0.821691669988935
"234373",0.82168618323309
"269523",0.821541337642847
"22402",0.821516087275877
"65256",0.821437032910292
"72726",0.821373687768768
"233276",0.821294904677612
"71770",0.821123948016117
"14156",0.820915737558194
"12234",0.820885558041334
"67219",0.820676043211531
"59093",0.820630881772524
"12023",0.820548443823518
"330216",0.820539069887522
"12396",0.820509415178593
"271564",0.820499088558059
"67834",0.820389653546163
"100502940",0.820230799051429
"620542",0.819995907990502
"67889",0.819674627509877
"71373",0.819533481743743
"93883",0.819495400424627
"15221",0.819427409819741
"237898",0.819349054972684
"100417571",0.819074170488846
"26398",0.819072872315266
"240327",0.819067357889751
"68693",0.819046934736983
"17117",0.819038959046154
"74559",0.818852811199538
"239796",0.818758397954994
"71919",0.818664928837827
"244650",0.818547180256202
"22370",0.818428421343569
"19181",0.818227971788601
"240255",0.818137516473192
"52250",0.818127953074697
"668187",0.81812633718018
"20021",0.818104467888787
"12834",0.818067441793216
"66354",0.817951782656935
"18674",0.817906507122823
"78287",0.817700685389925
"320051",0.81738380610899
"107045",0.817138169492095
"75276",0.817042433367732
"67773",0.817010119865128
"93892",0.816765622675874
"80880",0.8166946929621
"12817",0.816647454837342
"13476",0.816548846765619
"217935",0.816348084204317
"240753",0.816329205587552
"68852",0.816070012298263
"94044",0.816013230238042
"433323",0.816012041081971
"56258",0.815981401869961
"142688",0.81594687911429
"347708",0.815941156801029
"384179",0.815941156801029
"77987",0.815910424471515
"76719",0.81586384796335
"76007",0.815849175870101
"319239",0.815696653160207
"22145",0.815631498268227
"20333",0.815624413900263
"19275",0.815580058082507
"20586",0.815244267509278
"21838",0.815168386508892
"13143",0.815102342533395
"71981",0.814637754621053
"53414",0.814499617285214
"13482",0.8143932015445
"56032",0.814055744529265
"214593",0.813910460142923
"21453",0.813853741252607
"11830",0.813642198973211
"15117",0.813497183680247
"67480",0.813397787746464
"70445",0.813367213615184
"94047",0.813348773038097
"271424",0.813076448335846
"76179",0.813016428758841
"277396",0.812923470184907
"18377",0.8128574068706
"110616",0.812819545850798
"22153",0.812800486556816
"12825",0.812662130966551
"11981",0.812563101718054
"28253",0.812239592870718
"16019",0.811974260541233
"11773",0.811956539870495
"13848",0.811857481178701
"320506",0.811774034895177
"14160",0.811685987056056
"319582",0.81158000883279
"83675",0.811521105041885
"269336",0.811507627411871
"22276",0.811385269571337
"78283",0.811202208935884
"67453",0.811101399143427
"381269",0.810824141957058
"104871",0.810788365060898
"114715",0.810740812943846
"252838",0.810707903390984
"54189",0.810588269090028
"12161",0.8104928618111
"78933",0.81042601175572
"80910",0.810380297391639
"98496",0.810363612107573
"241656",0.81034938498302
"547022",0.81027774946135
"232566",0.810092894565852
"53605",0.810087490453017
"105352",0.809953922654363
"56522",0.809941471474867
"103724",0.809888993347942
"107823",0.809836249449734
"16646",0.809595475877609
"20019",0.809582502712774
"24117",0.809467818351653
"225004",0.809194601440142
"233038",0.809131846651453
"668212",0.808861944708241
"99371",0.808834095381976
"634731",0.808732185391558
"29867",0.808514682458649
"329252",0.80833766290118
"380752",0.808083524167601
"17926",0.808040191170758
"74412",0.80793405655731
"102058",0.807382593265788
"105239",0.80724887052747
"68792",0.807170738074939
"14218",0.807029665899145
"268878",0.806939244572248
"633695",0.806911028894977
"13144",0.806550222724411
"245350",0.806538654760684
"386463",0.806507238890473
"22410",0.8064757757988
"235283",0.806186173632245
"243277",0.80599611092025
"75734",0.805832442653155
"330627",0.805827565768328
"12837",0.805758448616646
"381489",0.805141289609609
"19387",0.805119183530211
"17350",0.805009046660725
"74596",0.804992200455232
"104069",0.804796763541121
"16369",0.804740178338662
"213582",0.804367031994564
"237775",0.804178160042688
"19142",0.804083168007138
"11928",0.803976092568654
"70784",0.803975554592366
"11876",0.803715121705231
"434246",0.803468912156469
"60595",0.803320996818785
"69642",0.803053649274997
"71908",0.802968834632651
"20362",0.802906115077323
"105148",0.802873035291517
"232879",0.802866652920323
"14545",0.802753337793821
"14348",0.802749929073104
"100702",0.80268433203976
"27414",0.80264131711176
"53404",0.802612339147491
"74383",0.802438302034337
"68709",0.802433412244772
"208936",0.80228300302689
"22142",0.802109361255523
"56047",0.802056332432023
"216616",0.801875979924808
"269994",0.801768920805807
"50769",0.801756799747453
"53323",0.801635836588887
"104831",0.801550946521215
"15463",0.801405331653394
"237979",0.801391851218113
"258324",0.801030080865988
"19215",0.800963310075831
"72978",0.800961732510256
"252864",0.800943987346151
"12487",0.800902629161109
"19057",0.800776010399479
"338320",0.800569654993845
"107029",0.800474418383702
"228998",0.800421552110278
"79202",0.800282611632201
"100039795",0.80022909258063
"232816",0.799858087483437
"14396",0.799550035653881
"18771",0.799489049387143
"56360",0.799485449706691
"104303",0.799468775331728
"26878",0.799374935158234
"269642",0.799345023501349
"435145",0.79933785465595
"56407",0.799231947627693
"106618",0.799171734933146
"98682",0.799132049012844
"12291",0.798931261979509
"19878",0.798918691721094
"20556",0.798877016931393
"545007",0.798850587753379
"19324",0.798848973425567
"75964",0.798520781454695
"58212",0.798352503836701
"216225",0.798261529629472
"26423",0.798261529629472
"170738",0.798028275350834
"268936",0.797924471246167
"233552",0.797836664986361
"74682",0.797793139934413
"59040",0.79775250806203
"70834",0.797648544778246
"11674",0.797572584397182
"14403",0.797552983872723
"76273",0.797320880020549
"19373",0.797297068947216
"21991",0.797221499562186
"50934",0.797190174499367
"109272",0.796999248394608
"107569",0.796971241153697
"13078",0.796868676734574
"100040972",0.796769091165215
"60425",0.796715910133724
"56442",0.796711653592404
"13211",0.796692720979462
"22355",0.796021186785951
"16433",0.795903098292693
"81702",0.795556756946573
"70425",0.795504283204831
"226518",0.795044534404728
"67484",0.794971978109091
"232227",0.794711277441365
"16416",0.794623901285917
"21824",0.794590319713321
"83679",0.794343378228276
"17126",0.79427620463804
"54161",0.794162041835356
"242384",0.793984366066612
"13056",0.793557189947645
"50779",0.793514456072454
"12156",0.7933696056621
"22129",0.793304971187575
"13829",0.792913135857647
"74143",0.792872757073108
"319801",0.79281560572917
"226180",0.792643775535755
"320712",0.792375932457833
"22420",0.792224280074979
"54169",0.791764895109601
"19255",0.791718776563605
"70612",0.791684335553902
"258814",0.791460274238393
"217692",0.791392005398044
"20846",0.791189727480354
"270163",0.791188045603496
"108857",0.791176989686634
"218832",0.791071278481232
"19084",0.790859603247679
"26556",0.790575617125683
"235599",0.790547595138502
"330790",0.790337731640965
"18738",0.790176370088112
"238896",0.790046174173527
"99681",0.789799077375089
"212392",0.789772649618901
"100862177",0.789593566326933
"104886",0.789474689062411
"17681",0.789470794071307
"93889",0.789403210657956
"17342",0.789363031689913
"319710",0.789091986820451
"20491",0.788813024937437
"68299",0.78875380380193
"22003",0.788714756696546
"52187",0.788653065907205
"241494",0.788470403660608
"241324",0.78838163560036
"27883",0.788325277333063
"74585",0.788321758707859
"71213",0.788087929019776
"12258",0.788027774555457
"21819",0.787991873096946
"69724",0.787783737179407
"104080",0.787679476853818
"215008",0.78759028692664
"19687",0.787577313243024
"381350",0.787512358550564
"12217",0.787278320616673
"320632",0.787142088295898
"73032",0.787086273857536
"27267",0.786788345031131
"56050",0.786696878928199
"57261",0.786490115916333
"57764",0.786473257998011
"78506",0.786409843098373
"74450",0.786377607470456
"11554",0.786338005529903
"78473",0.78633196979926
"67422",0.78627994730299
"71699",0.785994521776585
"54338",0.785969320471746
"12942",0.78560948255129
"59031",0.78560819503572
"216443",0.785604130937444
"14198",0.785580380826521
"73834",0.785573969095322
"18634",0.785531249424951
"19305",0.785501396663997
"83398",0.785332228485315
"27421",0.785176655714541
"68203",0.785176461610555
"54153",0.784952419264356
"100503355",0.784907791307918
"214189",0.784689983382466
"71872",0.78448683064264
"170459",0.784299568817566
"70894",0.784292667333133
"65969",0.78413351290117
"53972",0.784127012256623
"23806",0.784113769468216
"58799",0.784084176274113
"68095",0.783949418234118
"93686",0.78390397288107
"52163",0.7838713010983
"100102",0.783826180775396
"433926",0.783575781610845
"101118",0.783331542760952
"83797",0.783256282541834
"236920",0.783186975923423
"21983",0.782924433890631
"226777",0.782914069284799
"11502",0.78286101556755
"67249",0.782805045753661
"16524",0.782748772344298
"93711",0.782601960873436
"101809",0.782378638403276
"14169",0.782134686444842
"94062",0.782095773510472
"19017",0.782052208405195
"71702",0.78201764133019
"56873",0.781926414947655
"20017",0.781830700517345
"14660",0.781711007576371
"11845",0.78167870164977
"56504",0.781602408539526
"22026",0.781557070740623
"16470",0.781556538689295
"268291",0.781511351838716
"16834",0.781340599893139
"100042856",0.781336005113179
"209086",0.781284051285652
"268482",0.781244525752439
"11565",0.781209703174235
"18040",0.781168496159057
"12293",0.780816605605434
"11556",0.780707087819417
"93881",0.780706204199536
"545826",0.780619614681602
"76559",0.780497968906319
"194590",0.780280588505378
"73182",0.780145607108413
"230027",0.779951688740447
"242608",0.779886065000239
"68802",0.77985234895457
"22004",0.779796347995987
"107939",0.779682929489503
"235439",0.779618153102752
"20563",0.779450003874077
"56030",0.779425255911978
"328381",0.779349463646652
"13433",0.77912037359945
"242662",0.779069893011331
"22284",0.778903699405323
"223255",0.778837178364569
"58235",0.778493150131382
"66952",0.778223466762665
"666048",0.778202037177717
"69940",0.77816215496434
"18399",0.778159027360814
"78514",0.778095209933727
"234311",0.778045150931721
"109246",0.777836096788399
"108100",0.777770643180859
"140494",0.777757227712137
"66940",0.777573785824929
"51795",0.77732932178472
"218333",0.777173539538524
"66531",0.777170000889291
"100910",0.77703582621342
"71836",0.776995655813738
"109079",0.776988163367499
"27643",0.776932877670173
"71990",0.776879083338084
"14347",0.776841261423764
"74044",0.776825289745184
"100040591",0.776625206801316
"68067",0.776553284801619
"54636",0.776514419971884
"66691",0.776509184959426
"56807",0.776442086484071
"12283",0.77644156789144
"329470",0.776118388691074
"99683",0.776007971872389
"66882",0.775935594615188
"12593",0.775915875196621
"353025",0.77591419790744
"266690",0.775838537732477
"381582",0.775672478862095
"23956",0.775578551993067
"17156",0.77541912594057
"19223",0.775312889402049
"67661",0.775172071804188
"71675",0.7751359087148
"329659",0.775111261658797
"227331",0.775014348031633
"271981",0.774876422619352
"94063",0.774485032834971
"17684",0.774361931512473
"67760",0.774262302846147
"215798",0.774209095432282
"26564",0.77419432197089
"66548",0.774178355413446
"11877",0.774158780952376
"13204",0.774133299045007
"20262",0.773827361885683
"26401",0.773774539505976
"76161",0.773769031610382
"67542",0.773740649064198
"210998",0.773672669688923
"217843",0.773404181136846
"74157",0.773400219558274
"56534",0.773352045790242
"18992",0.773313977934183
"15194",0.773229590673286
"16905",0.773191029673726
"13518",0.773163537145825
"70675",0.773118283923878
"26447",0.772818246714084
"70729",0.772797301546241
"22409",0.772717354015396
"380712",0.77260020627284
"19076",0.772516025810453
"76687",0.77248685499632
"433904",0.772483792172348
"242809",0.772276621410901
"237073",0.77211864681404
"64291",0.772118536602401
"11909",0.772109247674512
"22249",0.772098519433939
"69104",0.772080248393869
"224022",0.771920153388927
"319740",0.771853576812912
"115488204",0.771738701091103
"108043",0.771341225254723
"19378",0.771231286244644
"13645",0.771209858950603
"244281",0.771160147562653
"223732",0.770832710892857
"20907",0.770821287506752
"319211",0.770803041031733
"26934",0.770784882745013
"13603",0.770749155132822
"19336",0.770662423666518
"17896",0.770542198665421
"19052",0.770531886979232
"244310",0.770351124329298
"13429",0.770285294634644
"102747",0.770247834060302
"192976",0.770181726103756
"18175",0.770171533118221
"214254",0.770085708180962
"17864",0.770035618088096
"16494",0.769842981064142
"16000",0.769805347738661
"11549",0.769705839313463
"53413",0.769670636383089
"99696",0.769606743736575
"70911",0.769491684355848
"100039781",0.769418207739742
"235415",0.769400240599886
"13446",0.769262635599973
"64817",0.768779034683255
"68188",0.768516929819594
"93724",0.768506020976518
"640524",0.768398955343793
"18295",0.768301510875374
"239364",0.768221464293394
"270086",0.767922902487169
"104709",0.767686572929748
"56392",0.767523607848884
"207785",0.767417236882923
"319804",0.767388593462922
"11568",0.767374664376543
"22756",0.766716174291157
"226049",0.766709578041466
"230157",0.766691291633882
"241528",0.766635770579315
"19156",0.766584056793809
"231293",0.766476254167843
"13048",0.766142568781869
"74513",0.765992591951107
"268882",0.765922511302672
"99326",0.765900535510147
"72745",0.765899069762212
"435965",0.765892805651043
"12361",0.765617506343717
"72930",0.765598322057037
"13728",0.765557141250723
"78920",0.765464618975391
"15213",0.765356475294879
"54418",0.765144849037674
"75320",0.765101264502702
"66443",0.765050240653483
"385354",0.764904150464457
"16485",0.764850233858046
"75423",0.763600067974696
"16565",0.763572479956093
"53331",0.763515189272957
"104721",0.763454008936653
"74841",0.763423316253776
"329093",0.763250574015587
"231413",0.763011677499078
"216345",0.762894412363956
"56406",0.762721119202178
"12700",0.762683673174559
"235380",0.762668830713506
"18711",0.762606154686881
"71198",0.761856083388269
"56249",0.761566794374771
"27364",0.761551721182754
"71474",0.761375599258013
"106894",0.761373090390582
"19418",0.761364027190144
"21393",0.761296940608351
"13612",0.761280656268146
"667803",0.760980356843513
"17152",0.76094550612738
"192159",0.760741765204256
"114143",0.760564496675125
"14412",0.76052551895134
"97112",0.760504259682063
"20591",0.760291885017777
"14264",0.760279791237685
"71729",0.760251491191807
"68501",0.760189695841995
"108015",0.760183251803113
"233046",0.759783072743885
"70428",0.759764235335437
"108030",0.759738212102886
"66253",0.759710096498854
"14012",0.759513054063363
"404711",0.759469921035552
"100504116",0.759467423456494
"78894",0.759253399568295
"80877",0.758953303358025
"56398",0.758938024755832
"11732",0.758906730109094
"27984",0.758861251350382
"67563",0.758757761281781
"81630",0.75872489283079
"320007",0.758708618993904
"50768",0.758700427584016
"353211",0.758543575286542
"75906",0.758531194308252
"66588",0.758465211661174
"12904",0.758438104762407
"214048",0.758344417952077
"24057",0.758127431744407
"225742",0.758015810737558
"16159",0.757897586825874
"81896",0.757890892873828
"56461",0.757815641982548
"78895",0.757749764536973
"100312473",0.757652294896441
"72107",0.757612650323732
"72795",0.757496220116123
"320713",0.757399318218736
"380664",0.757391446602351
"63953",0.757308885234152
"50790",0.757295799527732
"73608",0.757274508912159
"380959",0.757144756980931
"233056",0.757138740485634
"104681",0.75707591000653
"212999",0.756926463509758
"70993",0.756852414448912
"16423",0.756826414635237
"353258",0.756695183956216
"76645",0.756454621691162
"66617",0.756441100497046
"234797",0.756320856292673
"213541",0.756244113461745
"56444",0.756059958195296
"73368",0.755942220876665
"268481",0.755584261020828
"231580",0.755534643652104
"433809",0.75546033424491
"106338",0.755287855886144
"432448",0.755065217426095
"320150",0.754991921111318
"109241",0.754891055677677
"241624",0.754442114157994
"226251",0.754387264682135
"26943",0.75426224292905
"102423",0.753857953184955
"74563",0.753621922395267
"23996",0.753416106147901
"20740",0.753292864970419
"17158",0.753202408641017
"208164",0.753185783136256
"105298",0.753144861553054
"224093",0.753035972180971
"19153",0.753014669293636
"233904",0.752981996383842
"67295",0.752926332978921
"77634",0.75283324402869
"26413",0.752668772329521
"17760",0.752566715933655
"434008",0.75204236501368
"212114",0.75196632222153
"11834",0.751868496542634
"69605",0.751600639713242
"29818",0.751591055136241
"74430",0.75136564879803
"328580",0.751175845737828
"20226",0.751038296606366
"76829",0.751019980746835
"74370",0.75097287549901
"69116",0.750938818845558
"231125",0.750732595876247
"71742",0.750616359515399
"17912",0.750451320430979
"170835",0.750380651485183
"52440",0.749941298536486
"242202",0.749672813025058
"23921",0.749651127465762
"110350",0.749466647177831
"106931",0.74914014341687
"56454",0.74913345803374
"14234",0.74884833108113
"108645",0.748721964535954
"14731",0.748720421383106
"76156",0.748619536990083
"69882",0.748563573611744
"102638268",0.74849894481157
"12295",0.748416923381648
"209176",0.748348749179458
"12292",0.7482216293475
"99237",0.748155939364504
"75805",0.748056114395108
"53870",0.74803836009731
"18974",0.747957936917004
"16563",0.747886110513968
"60455",0.747769817331562
"381199",0.74760516633127
"100504715",0.747557866207422
"100101806",0.747353926621563
"24061",0.747216276412071
"15204",0.746881128067732
"73845",0.746850587738674
"104010",0.746797381884251
"15557",0.746713477227647
"225266",0.746647355364096
"71544",0.746542046632452
"67062",0.746300057800849
"21376",0.746173910187764
"101471",0.74614253630787
"20623",0.745994152372483
"433931",0.745982763612843
"19053",0.745772278041706
"72371",0.745720130323465
"209212",0.745680904653426
"69159",0.745659283185382
"232370",0.745560949013684
"231874",0.745544308815962
"66352",0.745526674942101
"244049",0.745472714735066
"216795",0.745442049687695
"235461",0.745432028779289
"12364",0.745347438562928
"17528",0.745347075781953
"72772",0.745281843813994
"21821",0.744435775400313
"77552",0.744409495414124
"210094",0.744390638571072
"668166",0.744129151620627
"76246",0.744121186590396
"213993",0.743947356677074
"53357",0.743692077420138
"11671",0.743679716580189
"433693",0.743469549372068
"14784",0.742974358622865
"319888",0.742729349944676
"244431",0.742683841112771
"72972",0.742413885975926
"14430",0.742396580025109
"66235",0.742345512219555
"16512",0.742280083663899
"76980",0.742224377231666
"69983",0.742165270797113
"67123",0.742109435399894
"14567",0.742059575704949
"19662",0.741885934569833
"16658",0.741662793077641
"74251",0.741589195945472
"12091",0.74157795578966
"210145",0.741559103957239
"240754",0.741528619997917
"54387",0.741445191701253
"13813",0.741257132141461
"330222",0.741248150872364
"17344",0.741070255147545
"218811",0.740942079796065
"12325",0.740917880492285
"18751",0.740870751838883
"19879",0.740758652019225
"53858",0.74073586864159
"230991",0.740731002660109
"504186",0.740536366945386
"100042784",0.740512518942818
"12753",0.740468131160422
"18121",0.740289427017668
"227800",0.740256230616385
"382864",0.740133738078101
"14466",0.739742343604054
"70223",0.739705841008053
"224090",0.739234770720114
"26569",0.738987001157386
"51797",0.738958178458423
"67729",0.738918397577963
"68137",0.738717245261274
"14584",0.738531469268319
"53415",0.738446849550773
"270066",0.738236983113077
"11522",0.738226093148153
"73713",0.738101538117463
"54450",0.738081178725353
"63958",0.738057090712175
"16847",0.737997428892613
"228807",0.737874149955838
"69780",0.737548513781534
"56224",0.737166262221222
"20509",0.737118612954088
"104271",0.73707058762596
"109929",0.736931943488606
"70227",0.736813711463244
"234593",0.736762940866992
"66930",0.736727718554711
"209446",0.736675336127019
"56149",0.736605275230919
"11636",0.736511956860964
"70472",0.736211448162046
"14252",0.73619268570242
"74302",0.736077087615594
"105732",0.735850791515546
"76747",0.735512277807788
"69617",0.735319015287523
"11835",0.735282127136214
"14194",0.735244025234288
"59054",0.735219509973312
"674228",0.735113657947611
"70208",0.735028646255701
"328108",0.734974663985178
"68666",0.734782076853808
"241846",0.734672719572196
"78560",0.734601105696997
"93714",0.734232722085394
"14704",0.734124767116496
"102436",0.733998905508597
"18010",0.733866717956405
"72480",0.733772334021384
"218030",0.733712970331109
"232811",0.733634410336767
"666891",0.733625753001359
"17888",0.733553789577947
"102448",0.733506442481079
"74359",0.733443437238672
"73998",0.73340812615486
"11655",0.733244977449791
"21823",0.733057393084629
"72322",0.73295881892648
"12575",0.732920306559087
"170772",0.732846571451436
"170722",0.732779807267573
"100608",0.732626942099049
"19132",0.732621823490312
"237387",0.73261813354026
"18824",0.732348794101179
"382510",0.732323579104078
"13136",0.732295744297641
"22368",0.732266581958229
"22353",0.73225506512049
"56878",0.732055273959107
"216350",0.732041056886732
"74492",0.731905913207505
"238205",0.731888497345262
"237459",0.731834247305418
"666869",0.731800720439724
"244962",0.731497099319131
"72167",0.731481972823441
"66561",0.731443195073336
"170574",0.73134125589333
"13118",0.731212293689379
"326623",0.731212293689379
"629059",0.731142906580335
"209558",0.730918693967616
"236737",0.730809594420287
"66526",0.730672300775053
"12874",0.730662548884252
"72843",0.730615602399487
"78795",0.730511833491556
"72720",0.730336833384795
"666173",0.730313266237105
"319468",0.730116309308195
"234878",0.73007312165858
"223978",0.730057984910441
"319822",0.729923086409726
"22619",0.729886051842879
"70294",0.729637444481698
"67988",0.729621450899061
"213332",0.729580608667271
"227632",0.729532435685751
"96957",0.72947974760941
"108673",0.729357571330953
"12125",0.72917562822192
"55987",0.728918509162426
"102791",0.728860722723854
"27054",0.728418698762755
"12577",0.728363535988823
"399599",0.728361492025514
"327958",0.728289177603773
"13628",0.728174164416697
"69748",0.728147629152158
"72194",0.728098941544527
"16774",0.72807818121816
"246317",0.727802867662942
"97287",0.727632641879231
"226252",0.727624559215703
"56445",0.727454195198054
"213119",0.727415767878851
"232339",0.727348571117772
"100416046",0.727141129588933
"71752",0.727027332627936
"235504",0.726974228614761
"74168",0.726859903783063
"381802",0.726473957474785
"22631",0.726449310142658
"74006",0.726258435721189
"224454",0.726129557309334
"218301",0.726101095273304
"278279",0.725933191705783
"52513",0.725721396078784
"192657",0.72559887328249
"68441",0.725572602022264
"170744",0.725446019324771
"57837",0.725266831649217
"246782",0.725201365984804
"77583",0.725065273664186
"66975",0.725042934190178
"20873",0.724948086536936
"21892",0.724902192982805
"14853",0.724787879721378
"17300",0.724638134342082
"12350",0.724607732374128
"67883",0.724556601148545
"69654",0.724480771975307
"243168",0.724394319018443
"75956",0.724237965792424
"140740",0.723947722687862
"244152",0.723440386883888
"380711",0.723402025942649
"68942",0.723370898909655
"76743",0.723363449168093
"192191",0.7232694888392
"210925",0.722993899016054
"71382",0.722960190187621
"22682",0.722827093454469
"12737",0.722587281906273
"217980",0.722580132793679
"233649",0.722443481207993
"12368",0.722306811063918
"11695",0.722293439919986
"319518",0.722270701396446
"214489",0.722103587580764
"66591",0.722032948807429
"68731",0.721972226191067
"74158",0.721955908693788
"214601",0.721880878266752
"269959",0.721740907166382
"100039763",0.721595294082351
"17755",0.721590738174241
"225791",0.721474544127636
"56543",0.721450525148191
"383592",0.721382362857297
"68169",0.721086696381141
"50880",0.72106704495633
"74182",0.721046717723258
"77721",0.720955005061483
"108123",0.72094638756848
"105014",0.720802077017296
"22418",0.720742910957201
"217431",0.72070949084732
"107250",0.720596810805033
"73137",0.720583516751416
"12862",0.720581207972308
"73024",0.720531315558361
"76809",0.720524282074098
"73072",0.720344701551275
"67005",0.720296098337527
"100041236",0.720292581919327
"53424",0.720181934822497
"240613",0.720065303063174
"668257",0.71998187980588
"68737",0.719664258671007
"30925",0.719662471636513
"20020",0.71895627037459
"98710",0.7189465131855
"106029237",0.718936480869628
"384221",0.718936480869628
"381485",0.718936021275989
"100416138",0.718935560597426
"100417327",0.718935560597426
"100417654",0.718935560597426
"101055899",0.718935560597426
"102639178",0.718935560597426
"108022",0.718935560597426
"14601",0.718935560597426
"18999",0.718935560597426
"225457",0.718935560597426
"234703",0.718935560597426
"237029",0.718935560597426
"237560",0.718935560597426
"329909",0.718935560597426
"385047",0.718935560597426
"433125",0.718935560597426
"628135",0.718935560597426
"667423",0.718935560597426
"667683",0.718935560597426
"66957",0.718935560597426
"68753",0.718935560597426
"69187",0.718935560597426
"76573",0.718935560597426
"78809",0.718935560597426
"12663",0.718863669054811
"78689",0.718822189047275
"54609",0.718770697899243
"20729",0.718737415849268
"12769",0.718676984978873
"319601",0.71863318825014
"72350",0.718523969798978
"51897",0.71821834680205
"192164",0.718218307111027
"212285",0.718094432255536
"223828",0.718054241738052
"17844",0.717901324633907
"69312",0.717625236141068
"666038",0.717600276334928
"21887",0.71754807456395
"214642",0.717524758890174
"72832",0.717484780592175
"102614",0.71726646400668
"100041748",0.717260277549125
"16491",0.717175292457018
"106200",0.716953211192823
"233806",0.716879668290542
"19218",0.71668736967569
"74337",0.716514470133966
"18526",0.716490974864813
"226778",0.716376819371535
"14538",0.716373930305371
"230101",0.71635170078554
"104718",0.716342606125903
"100859931",0.716246361171622
"67393",0.716047187365305
"74653",0.716012384757487
"233826",0.715932626480319
"234776",0.715780988045619
"211612",0.715600819282039
"269003",0.715583175325224
"353155",0.715530606981761
"14619",0.715526901710779
"27801",0.71552347759117
"233280",0.715466405251189
"102566",0.715431337867037
"12921",0.715419436199346
"108927",0.715262283304189
"17301",0.7152120942412
"75619",0.715120582973923
"320127",0.715118824284245
"11946",0.715033264642651
"11815",0.715000222491965
"110960",0.714745320243995
"20844",0.714417323629202
"16515",0.714322537657167
"68730",0.714230603603077
"93712",0.714183232211065
"209018",0.714119807689126
"12163",0.714115800145598
"329178",0.71404542773357
"665113",0.713996013121561
"320473",0.71398428946778
"13435",0.713916495774461
"259078",0.713788504018539
"21822",0.713458055397209
"224807",0.713369547109726
"114713",0.713255129870359
"70481",0.713170461203432
"67955",0.71316672054896
"76886",0.713057681606841
"66084",0.713016341390503
"71643",0.712911035803596
"217705",0.712691365200336
"74244",0.712335088226041
"73288",0.712319802663079
"14807",0.712262744978189
"23943",0.712216007009555
"258148",0.712132491812073
"100042469",0.712118866039002
"171253",0.712118866039002
"233549",0.712118866039002
"360198",0.712118866039002
"626583",0.712118866039002
"665947",0.712118866039002
"75823",0.712118866039002
"97895",0.712118866039002
"207227",0.711919637221518
"72584",0.711918718606352
"18514",0.711763586739087
"230824",0.711714577898856
"72415",0.711680519979915
"20660",0.711587118246992
"227197",0.711580289632712
"22785",0.711549778267603
"242669",0.711435080617939
"71901",0.711290384442422
"64009",0.711288078313026
"235402",0.711087063049094
"230899",0.71094773938363
"68079",0.710939938385509
"67526",0.710876362498579
"74112",0.71082554594098
"72145",0.710799167638755
"69232",0.710546403193892
"213499",0.710454223115341
"19274",0.710384829589294
"21745",0.710318032858086
"207425",0.71029198248987
"52040",0.710253231890014
"94088",0.710104347144734
"245867",0.710089105832005
"56430",0.710008462342819
"106068",0.709570327179742
"215690",0.709491633918607
"320191",0.70933931899525
"269610",0.709127940612231
"12448",0.708966768709635
"67463",0.708764117769944
"244421",0.708715995884258
"26896",0.708418843362688
"83603",0.707805683088934
"108943",0.707698877709703
"208171",0.707688600853484
"12289",0.70767655590498
"11601",0.707636775653187
"69981",0.707525685341626
"14063",0.707406330293331
"445007",0.707267261068632
"22763",0.707034817591204
"67434",0.706951427281168
"53893",0.706687618785686
"19024",0.706559689599466
"17703",0.706408819141165
"239618",0.705889181469671
"56697",0.705766506404823
"51786",0.705554984482512
"19047",0.705116502951084
"494468",0.704951325324185
"27225",0.704696663150622
"18160",0.704687357755834
"227298",0.704432198437974
"213498",0.704242649532427
"215303",0.7041558892454
"209815",0.704154789413975
"382014",0.704069873380413
"76486",0.703987301794564
"234723",0.703949055075445
"674597",0.703947368212858
"170711",0.703916370710448
"71897",0.703796135168961
"384214",0.703728571709976
"140810",0.703354645985484
"93685",0.703231725363126
"100043462",0.703085643384693
"545554",0.703035394934285
"13383",0.70302562832518
"67727",0.703023898332641
"271005",0.70294207198402
"20850",0.702793054777958
"244484",0.702726256347042
"260315",0.702588524757758
"76757",0.702375917071779
"66510",0.702158075344685
"29861",0.701988072786826
"53872",0.701957724336572
"76820",0.701885479745949
"15481",0.701685621401074
"26874",0.701632111137474
"17444",0.701525563021949
"111368",0.701452720185119
"208043",0.701429267801835
"102339",0.701392399880744
"73102",0.701205756883837
"214384",0.701045029548968
"217082",0.700996180701053
"240476",0.700892038810988
"228994",0.700849912477355
"116838",0.700766687190141
"16527",0.700593673360622
"170731",0.700586645683221
"100417711",0.70051412285216
"73942",0.700374010854279
"235626",0.700256717243507
"13717",0.700199256495448
"105247240",0.700143925029763
"114606",0.700003626658632
"241520",0.699981559233437
"13496",0.699760213726226
"110796",0.699678361651047
"328365",0.699551552559429
"223752",0.69931099154994
"54214",0.699021719340717
"102635892",0.698936117824728
"20502",0.698886234981148
"74254",0.69887586249415
"19683",0.698768212295846
"16145",0.698724044860625
"20656",0.698630403910096
"17933",0.698576228014007
"70274",0.698442872678598
"77485",0.698331428704074
"110834",0.697916059828614
"231912",0.697809056905588
"225998",0.697680318368167
"13869",0.697649609095926
"69976",0.697647135072168
"276920",0.697376409716422
"12421",0.69734597159852
"27999",0.697329633405318
"114644",0.697103198552076
"16597",0.697090499448278
"14681",0.696943551346613
"231070",0.696794414836352
"70356",0.696618626836083
"234219",0.696442810369221
"227612",0.696420426226342
"68278",0.696283018379792
"16147",0.696135711316043
"224617",0.69599724074094
"236266",0.695931556430907
"13859",0.695911675058409
"12467",0.695837620924233
"57260",0.69579343848121
"11497",0.695681936133157
"268933",0.69563175197481
"238257",0.695419669513458
"18777",0.695379076679986
"100039916",0.695234838818909
"20997",0.695234838818909
"231045",0.695234838818909
"27007",0.695234838818909
"383774",0.695234838818909
"387512",0.695234838818909
"637277",0.695234838818909
"26367",0.695225449442612
"105727",0.69514809675144
"22152",0.694659609602119
"67838",0.694487267653765
"17293",0.694486440107163
"433256",0.694467101563404
"108077",0.69442407429402
"667587",0.694337466943351
"67456",0.694335291369643
"217232",0.694220391369033
"218038",0.694201871752876
"15460",0.694102278286729
"319955",0.694006575383045
"50875",0.693811375204668
"94192",0.693711187682548
"77781",0.693559120610864
"268534",0.693531844799396
"381290",0.693427854570045
"13809",0.693427804554414
"170826",0.693402655219582
"18749",0.693357941575066
"74091",0.693247865895553
"71207",0.693235301770069
"12677",0.693152986903669
"239790",0.693138401755357
"15366",0.6929599356048
"76252",0.692877710995593
"18552",0.692624890408362
"56055",0.692589428247642
"104859",0.692270052879547
"70350",0.692125237502602
"51886",0.69207560878105
"623671",0.692063339490104
"66622",0.691946586539005
"109054",0.69192801930681
"497652",0.691769804684814
"23893",0.691631877082327
"69747",0.691594016470916
"105734727",0.691142784923059
"107271",0.691101506349334
"94253",0.691082026664519
"232313",0.690919856923674
"71951",0.690821525544652
"93760",0.690789935981158
"17952",0.69074864783186
"223693",0.690594567439477
"258816",0.690477792953991
"69906",0.690442843261485
"100038882",0.690385449960583
"70974",0.690347402994622
"58188",0.69031683182752
"258019",0.690288697207415
"320865",0.690153138598202
"225326",0.690127911846816
"12617",0.689967216177612
"13382",0.689876487599596
"237858",0.689756404105904
"67229",0.689723955874458
"403187",0.68969848922329
"319481",0.689616185831554
"235627",0.689524347200629
"18126",0.689316373024355
"67618",0.689206766963655
"12716",0.689149686055761
"20293",0.689106624237625
"71004",0.688983469782417
"74775",0.688960610477263
"71998",0.688878788914123
"97541",0.688803768113764
"103425",0.688797474000951
"18159",0.688586535092662
"18605",0.688513574442227
"108143",0.688485843803418
"432554",0.688427086804747
"433182",0.688392834966526
"16975",0.688383873238151
"233824",0.688237138651399
"20351",0.688199563177247
"18671",0.687723116922655
"229211",0.687659744236775
"13723",0.687653165627253
"18807",0.687640777868257
"75841",0.687599489140391
"80385",0.687564343076553
"216021",0.687540739566708
"13193",0.687484900973328
"12516",0.687392939511622
"54392",0.687388375821366
"15450",0.687315518000101
"68268",0.687033194981391
"381379",0.686905372238864
"229517",0.686901878722991
"69926",0.686807342005123
"19414",0.68678979643809
"239719",0.686675555728371
"11516",0.686484667160696
"20442",0.686395461619284
"22226",0.686342684846632
"69544",0.686317612921324
"319586",0.686289272970764
"67892",0.685983218719539
"69136",0.685920609506117
"241770",0.685916848200848
"72828",0.685861757640125
"11931",0.685842157216355
"22256",0.685684328552981
"14049",0.68545169768638
"320655",0.685194601425063
"68588",0.685121376964062
"68298",0.685113263625373
"100048644",0.685064588136692
"100417585",0.685033228134692
"16098",0.685033228134692
"546133",0.685033228134692
"260299",0.684999977788161
"12916",0.684816597155179
"116848",0.684807830449087
"228061",0.684796478461335
"223642",0.68475257072453
"213409",0.684716923125212
"52397",0.684462439794318
"58522",0.684410544712954
"93723",0.684394282596504
"211135",0.684198687092966
"229731",0.684162074604384
"29865",0.684072326487458
"667069",0.684072326487458
"22337",0.683833533904186
"68263",0.683380124386872
"73192",0.683364436896141
"55961",0.683346044262862
"13972",0.683181260618835
"227210",0.682991833839553
"211232",0.68286408785402
"81601",0.682733026815159
"216829",0.682697826548151
"80912",0.682420009765357
"213956",0.682413240470443
"102323",0.68238112340052
"211488",0.682196715946428
"110109",0.682112251100306
"77090",0.682002013267527
"107767",0.681991219202834
"140792",0.681978994537368
"56417",0.681951075516434
"104382",0.681726950944693
"381591",0.68157656778445
"631266",0.68157656778445
"664956",0.68157656778445
"117606",0.681220946784221
"170822",0.680934040176829
"68337",0.680813025552897
"218506",0.680790653877159
"238057",0.680747134168697
"20210",0.680558441101706
"217066",0.680558441101706
"22258",0.680550323252932
"433864",0.680368818962005
"102371",0.680200265346954
"28135",0.680101497367762
"78177",0.679881673206697
"52858",0.679801681102871
"106947",0.679791722104379
"100861634",0.679415470982347
"16329",0.679078769345288
"76561",0.679077034286666
"69802",0.679074686673298
"100042349",0.67870489056976
"217946",0.678647800180309
"18183",0.678465286724222
"223672",0.678454626395383
"13132",0.678166728656703
"67486",0.678129931741586
"100043797",0.677732583199089
"210044",0.677528219898684
"230868",0.677271676328233
"11630",0.677249004671933
"71085",0.677188309202414
"68423",0.676958753675739
"13411",0.676715847163873
"78830",0.676702281555102
"268281",0.676650016602134
"223753",0.676603157428444
"72749",0.676493539263591
"50909",0.676421798980245
"67533",0.676399214437627
"60527",0.676105877070218
"320405",0.67609498602577
"252870",0.676059444041918
"67276",0.676005638246585
"193116",0.67586106896547
"327747",0.67578671532418
"18786",0.675583766487796
"75212",0.675352180449225
"66822",0.675350813998034
"18607",0.67532267078694
"67675",0.675148998141464
"241431",0.674986646825516
"192195",0.674707772529259
"14190",0.67455392778886
"71887",0.674397251949051
"17874",0.674395627588272
"66139",0.674335361276964
"14688",0.67431779150197
"71617",0.674301447108143
"20471",0.674126140289912
"22333",0.673907074302219
"29877",0.673519579538488
"242425",0.673054671047766
"215113",0.672766735283813
"73442",0.672754113135256
"107242",0.672467537385751
"100113414",0.672463811947221
"320500",0.671703978909997
"245671",0.671566888841037
"67895",0.671536979553746
"232223",0.671458110474898
"18023",0.671452679250727
"67903",0.671231100886541
"16641",0.670986978578302
"214766",0.670986978578302
"232714",0.670730449011532
"380918",0.670633087920841
"380863",0.670547335256017
"20199",0.670506472610548
"26358",0.670160205696097
"77286",0.669827521574525
"17165",0.669810129856495
"23948",0.669747310616999
"57783",0.669689213539899
"17294",0.669629914024109
"52588",0.669306060819992
"226525",0.669124940741115
"29812",0.669100351930765
"224938",0.668921662127917
"56422",0.668900405883415
"56216",0.668896183873527
"12662",0.668842015141977
"226101",0.66876428212976
"380768",0.668649837657258
"20320",0.668378732910936
"70355",0.66827447421137
"545260",0.668084310835009
"74580",0.667582346153395
"18143",0.667541556969055
"11826",0.667422111168884
"99738",0.667362367877038
"108083",0.667332204485385
"18854",0.667309026141407
"67080",0.66716849731111
"67896",0.667076682268687
"53321",0.667025455678188
"17883",0.666997008717247
"225358",0.666967402452345
"18190",0.666944616266527
"18784",0.666836921776387
"12953",0.666683655744926
"226041",0.666351057759951
"228790",0.666285499959481
"68291",0.666243454599815
"55980",0.666239379463645
"27215",0.665984720121427
"74203",0.665957596918022
"231470",0.665700145070685
"101861",0.665512271556098
"18536",0.665422395163982
"320183",0.665361677519237
"104027",0.664859344936089
"109042",0.66471285089669
"108958",0.664589931226324
"108073",0.664531162115356
"100040608",0.664273040570507
"67997",0.664224288763121
"78521",0.66418416537054
"30806",0.663968196934526
"54128",0.663943036602369
"216560",0.663909492291057
"67978",0.663807350961784
"56459",0.663796035902507
"71999",0.663713866924131
"27041",0.663663059499562
"71732",0.6635876091931
"68991",0.663429524004055
"140477",0.663208000023181
"19280",0.663155069650421
"17259",0.663110952632412
"12038",0.66304903173447
"74166",0.662997492587589
"218476",0.662836937243276
"107221",0.662762064294058
"115489450",0.662755076004011
"12873",0.662755076004011
"14473",0.662755076004011
"21936",0.662755076004011
"240160",0.662755076004011
"80797",0.662755076004011
"239393",0.662723067335977
"226562",0.662415572907617
"227721",0.662401133657189
"226744",0.662305982282628
"83671",0.662303240189808
"107528",0.662144696682553
"71683",0.662053014200826
"16425",0.661988129333834
"216019",0.661965688038125
"268741",0.66169165621079
"76295",0.661393977661144
"110094",0.661317861036997
"214063",0.661244790326555
"212555",0.661242671890808
"628060",0.661204613568745
"240023",0.661071084088083
"319653",0.660804514102377
"72049",0.660767274930647
"13197",0.660593161515087
"105734",0.660577276893911
"237759",0.660374158068567
"223649",0.660351489139739
"227620",0.660210634166903
"11605",0.660060048724025
"53861",0.659982912782022
"67474",0.659960586488607
"11499",0.659893613522437
"74549",0.659887727701689
"103136",0.659739417223319
"66913",0.659609005431458
"21767",0.659493473763115
"244713",0.659460460932806
"69702",0.659385719283431
"239555",0.659305814285069
"19079",0.659123503519387
"668239",0.65885768176433
"18639",0.658807538515021
"83397",0.658721976903886
"71828",0.658676651168947
"18768",0.658599039767766
"12709",0.658534983376661
"234594",0.658504352706327
"223723",0.658457112523141
"22184",0.65844938830783
"320145",0.658426659658299
"69142",0.658395371461821
"20536",0.658224431694281
"23928",0.658145413313791
"211446",0.658026491412937
"16506",0.657986134782291
"68039",0.657909621382363
"11964",0.657882796835119
"13807",0.657747740852113
"226439",0.657471416792669
"240057",0.6572686531709
"94346",0.657252217428521
"11512",0.657201933823703
"56041",0.656961094003089
"66205",0.656751638259216
"27047",0.656584347399169
"624224",0.656581267810804
"20607",0.656317609243715
"75396",0.656293572726323
"73673",0.656129322083965
"20621",0.656107345263163
"14537",0.656013774662533
"20541",0.655772570442097
"67236",0.655754611170158
"57432",0.655714309514069
"18550",0.655654075788418
"14050",0.655577189671933
"75398",0.655559361612662
"67770",0.655368560439571
"72504",0.6552746789805
"241327",0.655269688677161
"16351",0.655175042200819
"72047",0.655166158183754
"215194",0.655153993384278
"23950",0.654963268994563
"70530",0.654832314563203
"268807",0.654536211573801
"15526",0.654522535911317
"20256",0.6540985583757
"14917",0.654021232716398
"21985",0.653910447279073
"238328",0.653835189812336
"667373",0.653784284202056
"54378",0.653603476766047
"18015",0.6533983609941
"19691",0.653394652882558
"71458",0.653337672337154
"68260",0.653307310468708
"242509",0.653264653668675
"277939",0.653226348266344
"240880",0.653186742264591
"171180",0.653151494181229
"544971",0.65313992014639
"319899",0.652954897681235
"56711",0.65284926340364
"382423",0.652762960447749
"27049",0.652745625625788
"625298",0.652559110574921
"320492",0.652473233749206
"241694",0.652273888987622
"211914",0.652211730517241
"244698",0.652162409270552
"629079",0.652087482999269
"214290",0.652045379486898
"16795",0.651934223695282
"69568",0.651929088641867
"241576",0.651793404144309
"56187",0.651703839852261
"227738",0.651632092715911
"78833",0.65143687103844
"433804",0.651253141144844
"74617",0.651153916197887
"57749",0.651034885742283
"54635",0.650987254257124
"321007",0.650981736415333
"15519",0.650830838143054
"78913",0.650746027569848
"74022",0.650714925654958
"216810",0.650298185651247
"76338",0.650266074389347
"67893",0.650164939449774
"14706",0.650087818880155
"21974",0.650023937143608
"66648",0.649927261200379
"12843",0.649888888155074
"93836",0.649780143084896
"75216",0.649717022936569
"107586",0.64964469994649
"66855",0.649644425738007
"26360",0.649548227459922
"74132",0.649407739227144
"320534",0.649211562851353
"73284",0.649079209483727
"56070",0.648948707949591
"20170",0.648538105442069
"235610",0.648339979389161
"23794",0.64802721739191
"111173",0.647921120622928
"100416317",0.64790324279054
"269855",0.64785599668475
"21954",0.647642334243241
"320148",0.647318013388816
"228836",0.647079183597981
"53381",0.646995856189545
"12721",0.646871293181509
"268288",0.646672654075336
"75137",0.6464259958352
"56389",0.646354849764392
"170740",0.646083485446287
"54484",0.645980363229673
"224833",0.645974691298443
"171171",0.645796243838523
"55991",0.645549987936548
"66861",0.645418443138751
"78892",0.645397538038008
"77864",0.645230355989299
"67045",0.64514995856942
"78369",0.645145236254442
"70573",0.644766379791144
"56284",0.644726236090685
"625360",0.644716118391351
"29819",0.644558529379994
"327900",0.644495865237618
"104444",0.643795504810139
"223881",0.64373517463685
"620393",0.643661749187383
"74121",0.643661749187383
"108961",0.643581208061545
"381201",0.643547113079376
"11749",0.642888828536413
"74356",0.642786717954506
"100503361",0.642745203675711
"14969",0.642713456431473
"100689",0.642648760013369
"246316",0.642592325931851
"17313",0.642465903895374
"21788",0.642398793746541
"18715",0.642398656301925
"109711",0.642394549143901
"74998",0.641945558988562
"19043",0.641835377864959
"105083",0.641790563912023
"22687",0.641673627286343
"20847",0.641464179045274
"226043",0.641444863319734
"231713",0.641430132433876
"72961",0.641278464772723
"74843",0.641160852093262
"330908",0.641121287442878
"14406",0.641075233688996
"215789",0.641072042867129
"216725",0.640784132144132
"69574",0.640560191457669
"70354",0.640488261051663
"69632",0.640455530217524
"234549",0.64009984301333
"225518",0.640060844759867
"227671",0.639628610139841
"22784",0.639321634774399
"67772",0.639309206585652
"338370",0.639309021951855
"78321",0.63925450283009
"20811",0.639248031469246
"241289",0.639169739260926
"20503",0.63899959027045
"16969",0.6387348995056
"14852",0.638541402141648
"71538",0.638510339434505
"75612",0.638490139441473
"75099",0.638410831975315
"277463",0.638365897260947
"404634",0.637972597066636
"50755",0.637675378877315
"396184",0.637665135926807
"22318",0.637520638419285
"231042",0.6372722462927
"12780",0.637269292843049
"94041",0.637232934018814
"26425",0.637141144807269
"20605",0.636955471965601
"233537",0.636776020057926
"381677",0.636680967833907
"72973",0.636620168318868
"27402",0.63659554838748
"77574",0.636445696244013
"68083",0.636352088055145
"20459",0.636235446947193
"14696",0.636160756654136
"67667",0.636144910037317
"320302",0.635881766866187
"21429",0.635635522980742
"72098",0.635430006466781
"16858",0.635222857614331
"258335",0.635003692074944
"329559",0.634992214447775
"228769",0.634906669727351
"11694",0.634627962446285
"23970",0.634588004930618
"71934",0.634540616692368
"17261",0.634406914506955
"218271",0.634384412451131
"215436",0.634354251968801
"11544",0.634324592685824
"73720",0.634145562167109
"635169",0.63405358524036
"70025",0.634042723882638
"244867",0.634009319395839
"243780",0.633902413848761
"78249",0.633803821358717
"621710",0.633487854882297
"56085",0.633472713949485
"12286",0.633410705598358
"244891",0.63339474222684
"213109",0.633268218289332
"225020",0.633216712520794
"22154",0.633182333437895
"27281",0.633058436889825
"20340",0.632829070186743
"105522",0.632584601151625
"210741",0.632574469824184
"226407",0.632245744173729
"30943",0.632184036466752
"56526",0.632056158400907
"19139",0.63204878190435
"108167535",0.631819820230136
"14251",0.631624335194759
"101056044",0.631518660164294
"15160",0.631426506566155
"77045",0.631424154592191
"17389",0.631402082158715
"12116",0.631379669025569
"21990",0.631120947059286
"78733",0.630942101292128
"74895",0.630347440047027
"240322",0.630317850770029
"74978",0.63014398901924
"213027",0.630080809730346
"20273",0.630045056207348
"21924",0.629716911357617
"272428",0.629642421188767
"226791",0.629578319289995
"99412",0.629567374214533
"16069",0.62953986506741
"18044",0.629469958176823
"70611",0.629392949216725
"625286",0.629362393735223
"99712",0.629288935502231
"19214",0.629080381031714
"60321",0.629055249867074
"70546",0.629025434558126
"100529082",0.628988825406122
"15006",0.628985505448405
"108168434",0.628914578173305
"13004",0.628766123374944
"22390",0.628609130167763
"66161",0.628599632372592
"12155",0.628495542334284
"70235",0.62821109719366
"66237",0.628157932112815
"69189",0.628082842619163
"22063",0.627919004642756
"666233",0.627713606465798
"13641",0.627547671644131
"66701",0.627338233951113
"100039535",0.627319505713723
"51875",0.62728539334135
"16440",0.626713451354216
"15937",0.626699206695473
"13209",0.626635758257041
"208777",0.626315797980736
"69065",0.626301936667357
"56541",0.626271199424223
"233805",0.626253950411509
"20379",0.626121026809087
"30930",0.625811954009926
"223626",0.62559407591833
"100416477",0.625133815933537
"382111",0.625062215080528
"237911",0.624991702044301
"19245",0.624910023711543
"102247",0.62484825867
"269774",0.624794130452452
"69077",0.624706905579647
"67028",0.624652609922202
"227525",0.624591726008598
"71306",0.624547898625617
"65115",0.624155095458823
"223272",0.624102225174224
"84095",0.624087591891021
"72349",0.624016416401764
"16008",0.623984909857152
"78808",0.623930098072794
"69315",0.623661908517624
"74561",0.623648638652881
"71776",0.623636129815766
"93790",0.623534038021377
"30050",0.623337110959357
"76499",0.623025785012562
"56317",0.623017512317311
"240725",0.622939748431978
"269615",0.622852953134053
"99899",0.622776946562901
"55994",0.622750987934878
"216987",0.6225652547297
"101056142",0.622396174326665
"67655",0.622181746188097
"16468",0.622169246595253
"434438",0.622061629420893
"67581",0.621896911861226
"67475",0.621735622103969
"15234",0.621549140795114
"20355",0.621456527035717
"72555",0.621408424765348
"18415",0.621390041246367
"57753",0.621387319497191
"99152",0.621301913246245
"233871",0.621243936385359
"20866",0.621184303171671
"50996",0.621133598900332
"72948",0.621098635087436
"114893",0.621074911472771
"56700",0.620861627442947
"12703",0.620752429567069
"76217",0.62060734043711
"244144",0.620558640759696
"56013",0.620340147410727
"16528",0.620315193086273
"13871",0.620206300897687
"94109",0.619978787117414
"218699",0.619781811000632
"100503884",0.619672154379953
"50997",0.619644918920538
"22044",0.619528550661587
"117150",0.619429008213907
"118453",0.619416609238217
"243764",0.619349216767831
"72103",0.619289885421046
"11536",0.61917946126032
"26901",0.619158271815477
"11839",0.619131622511635
"52184",0.619117095773544
"11798",0.618926791096178
"233067",0.618689117525071
"227733",0.618610815204225
"242838",0.618057070378388
"75425",0.618007144002949
"72003",0.61793800116919
"232975",0.617878558451151
"75570",0.617824095344519
"319530",0.617808907731938
"171211",0.617806430801041
"12727",0.617615946985649
"19012",0.617342982757313
"70373",0.617158473662385
"213081",0.617129001936103
"213522",0.617002400927812
"20595",0.616992891460011
"76044",0.616927705510279
"13929",0.616913280667911
"627022",0.616880124274374
"73251",0.616839735050523
"58223",0.616702380362479
"54638",0.616656686347777
"216742",0.616609548623375
"75669",0.616537385042483
"73660",0.616468788653085
"57784",0.616449351851613
"68549",0.616344992778952
"319634",0.616246301548925
"58178",0.616190330611368
"70380",0.616177821588119
"16002",0.616126529975077
"20517",0.616093959289109
"18317",0.615983982130317
"270627",0.615961249241488
"56044",0.615906825794062
"50995",0.615879073942728
"56847",0.615612213794201
"666926",0.615592230597198
"23796",0.615587960975489
"67299",0.615486556299578
"56012",0.615302121677245
"246788",0.614999855871915
"24052",0.614919069684715
"22306",0.614885697227582
"15251",0.614857151412051
"53422",0.614800006867316
"18195",0.614761997640139
"75089",0.614759653019966
"54720",0.614717591187778
"118567384",0.614492491620761
"66606",0.61407413045367
"76299",0.614005494299642
"74455",0.613926540496934
"98733",0.613905243248972
"56273",0.613795731714147
"11949",0.613429305138682
"228889",0.613410043202423
"19200",0.613347450714722
"78394",0.613054406689233
"67254",0.613018814791651
"574428",0.612855891797223
"230959",0.612814549716293
"26757",0.612612710603791
"24110",0.612541704701466
"67433",0.612517993806182
"27418",0.612472765773121
"100039681",0.612126142068272
"216971",0.612077372710258
"16190",0.612020926533968
"18975",0.611982752701037
"70686",0.611925712733028
"71745",0.611825379792384
"19349",0.611713399713419
"67753",0.611643100924518
"22417",0.611525539991148
"14226",0.611138539413858
"22634",0.610978849982648
"216456",0.610976952510905
"240121",0.610929054244277
"79565",0.610905326724895
"11546",0.610884309445397
"20848",0.610807113753842
"632971",0.610770790637831
"100417721",0.610594495552696
"108169022",0.610594495552696
"20231",0.610594495552696
"385905",0.610594495552696
"497655",0.610594495552696
"621763",0.610594495552696
"70846",0.610594495552696
"76422",0.610594495552696
"83491",0.610594495552696
"12970",0.610591106504367
"21420",0.610505848357526
"21419",0.610499923886741
"50706",0.610423311330806
"211323",0.610306490079212
"237754",0.610005852127311
"225010",0.609899920670434
"75339",0.609846017494785
"216516",0.609610996224314
"231821",0.609572665605862
"66511",0.60934380425003
"67220",0.609328109342663
"74202",0.609251776424711
"52469",0.60912035155719
"74326",0.609070572743769
"78284",0.608867060536668
"229521",0.608836992033937
"71091",0.608706452596379
"105661729",0.608704974780032
"68955",0.608553242275589
"65257",0.608540780517291
"67529",0.608416334999061
"170571",0.60833639059257
"18951",0.607965195825427
"78908",0.607885637215565
"69354",0.607787530889961
"21960",0.607555207802159
"23857",0.607380696181291
"12870",0.60729121149658
"14810",0.607266406912506
"72649",0.607226365079903
"12308",0.607154877914039
"22349",0.607082201019656
"15275",0.606817991487148
"56298",0.606784513006054
"244219",0.606593630284007
"16430",0.606401866266083
"242291",0.606284746754954
"26462",0.606253324535842
"223601",0.606178973275008
"93897",0.606098705366869
"16211",0.606019684804942
"243853",0.605797333021149
"30923",0.605777687647588
"71797",0.605777687647588
"14221",0.605667317345662
"108151",0.605656095294097
"73293",0.605605840073258
"629573",0.605549019565904
"16800",0.60545001847224
"98741",0.605268007782969
"16772",0.605265387658426
"57264",0.60508269437674
"239318",0.605045958333047
"103554",0.604924614518248
"14489",0.604915251679694
"20855",0.604866948201083
"52639",0.604764055081133
"217648",0.604678435352834
"108097",0.604652235005187
"384569",0.604548772980659
"240219",0.60450946712589
"192161",0.604438477199306
"26412",0.604280092050171
"244418",0.604236897935854
"67877",0.604196242814527
"74360",0.604145824649133
"68304",0.603848160140805
"320806",0.603627731010925
"69534",0.60359381020516
"215031",0.603493274299238
"18599",0.603433064170814
"18718",0.603406003577989
"56336",0.602945124892482
"237542",0.602505527143604
"233040",0.602472655510774
"57314",0.602411192100211
"70335",0.602381269643739
"78004",0.602312375126849
"433791",0.602268167290973
"236285",0.602177558745425
"14687",0.60193291336258
"258621",0.601928230028123
"83815",0.601681161395829
"106042",0.601623718452269
"99296",0.601481705041326
"80905",0.601410072106687
"65086",0.600943562234664
"109050",0.600821651215048
"231841",0.600694125128417
"230576",0.600374725677767
"217154",0.599919515219535
"382913",0.599891195581139
"319997",0.599800238329904
"626534",0.59976454477953
"14265",0.59971720628066
"18861",0.599653688229011
"13508",0.599215234366243
"67504",0.599197253077966
"76108",0.599170927487233
"237636",0.598953341510244
"225745",0.598877011175313
"378466",0.598800121908796
"100503415",0.598788701400875
"11418",0.598675984987496
"55944",0.598442169530711
"84704",0.598356825030886
"18792",0.598351319689427
"20965",0.598312649932507
"67471",0.598297473052479
"228787",0.598001253966341
"73340",0.597899839408204
"320100",0.59778155373826
"26909",0.59771794482357
"101544",0.597574734492272
"11304",0.597136474080044
"208213",0.596940406558794
"50527",0.596653456084239
"170823",0.596218945254495
"67500",0.596188639700231
"13592",0.596186470918512
"72281",0.596112120917284
"229613",0.596096028742112
"50780",0.595957199192814
"70422",0.595856127200626
"110119",0.595778063027745
"232400",0.595676914403498
"12824",0.595395113904323
"100038703",0.595389652107621
"56471",0.595367648872356
"77521",0.595218424682932
"14960",0.595155607200618
"234542",0.595151780903703
"627901",0.595127508612732
"13732",0.595081127215147
"207819",0.59499302937492
"64450",0.594849463377957
"76223",0.594695959795004
"21379",0.594587814416099
"73680",0.594430947087271
"545481",0.59407147158946
"269346",0.594002084944992
"69048",0.593844118653763
"80297",0.593680871844993
"106585",0.59341897467696
"100732",0.593308651761946
"72891",0.593273147406944
"20354",0.593109178208121
"101994",0.593075609475943
"268527",0.59284116471194
"238673",0.592831456079068
"77717",0.592715213602824
"73873",0.592696964061641
"241201",0.592521643905582
"21426",0.592458993823289
"70247",0.592457499155717
"102639653",0.592222357394847
"22224",0.592203497375282
"74616",0.592146462688045
"68796",0.592128574793159
"67886",0.591965574144387
"12457",0.591896839918343
"19664",0.591608230540234
"114128",0.591453996514083
"100043010",0.59134049759628
"20264",0.591148285439099
"67040",0.591029476458121
"258415",0.59101652952243
"105355",0.591012348174988
"242707",0.591012348174988
"319173",0.591012348174988
"69693",0.591012348174988
"100418341",0.591008156844981
"100418372",0.591008156844981
"100503545",0.591008156844981
"115488175",0.591008156844981
"11859",0.591008156844981
"14317",0.591008156844981
"16193",0.591008156844981
"230828",0.591008156844981
"258912",0.591008156844981
"268491",0.591008156844981
"29866",0.591008156844981
"381580",0.591008156844981
"382508",0.591008156844981
"435486",0.591008156844981
"54215",0.591008156844981
"628211",0.591008156844981
"629758",0.591008156844981
"654465",0.591008156844981
"666559",0.591008156844981
"668041",0.591008156844981
"71830",0.591008156844981
"71996",0.591008156844981
"73671",0.591008156844981
"73886",0.591008156844981
"74307",0.591008156844981
"78390",0.591008156844981
"99663",0.591008156844981
"11684",0.590959893441045
"15161",0.59090951116653
"20437",0.590851935997543
"56784",0.590686452918303
"26414",0.590588105622348
"109689",0.590231445641712
"56531",0.590150261208036
"320808",0.590063250446885
"67897",0.590039569909465
"73327",0.589997619018289
"109904",0.5898572296681
"214932",0.58979588565856
"20901",0.589694878239173
"14268",0.589589595650573
"56748",0.589496525924029
"114668",0.589472474822893
"18571",0.589426006345789
"56631",0.589422292813994
"54624",0.589187716985014
"226438",0.588979192528335
"239027",0.588875468725957
"236900",0.5887959798111
"13521",0.588708301424139
"432995",0.588489955090545
"320581",0.588415606878498
"68729",0.588319126216271
"71722",0.588117746973257
"14886",0.587840885513732
"414089",0.587761963941527
"230673",0.587596577398129
"22215",0.587424032009338
"71302",0.587326383094854
"13107",0.587125152465303
"211147",0.58708037232452
"105377",0.586855082748145
"68939",0.586719434857148
"209837",0.586666725786107
"57745",0.586469670920968
"103551",0.586387286652954
"319415",0.586178457749184
"67912",0.58613409405061
"54632",0.585935115585323
"433938",0.585747932183046
"217827",0.58541053034554
"30939",0.585179086268922
"276852",0.585114324013767
"194126",0.584966679134355
"78388",0.584964002767818
"12628",0.584904480936667
"382018",0.584636132949883
"213056",0.584487575920517
"218763",0.584362232151957
"68776",0.584347719894469
"72935",0.584168065648909
"66089",0.584136010048681
"237339",0.583973705377431
"22378",0.583821066573738
"94230",0.58367221351511
"69538",0.583586085112646
"21367",0.583528600101052
"16427",0.58350125765714
"18796",0.583245032030936
"66185",0.58318477097949
"21853",0.583079708321441
"435489",0.583036329035379
"100043597",0.583017967897685
"231600",0.582780453120498
"192678",0.582722284553553
"272411",0.582416698610865
"69165",0.582218370952094
"13384",0.58219427607227
"66258",0.581951285315825
"66877",0.581802256415948
"15559",0.581800905013863
"13205",0.581792299089016
"107305",0.581736116058492
"73469",0.581389076793633
"224805",0.581269183663834
"321022",0.581111424018497
"66724",0.581095933112294
"78751",0.580984568384682
"74111",0.580942415735776
"75860",0.580915093632506
"107476",0.580691871279516
"381798",0.580595987754415
"668178",0.580541884945622
"15039",0.580499010624233
"50530",0.580195614054845
"64010",0.580091780245785
"225348",0.580045504033694
"15273",0.57999636088236
"69217",0.579590805492339
"232748",0.579578700239248
"12631",0.579486982893906
"22755",0.579454479978662
"94190",0.579411392241939
"319604",0.579376074751303
"67247",0.579345699419232
"66566",0.57933779407411
"227325",0.57924194312631
"72149",0.579122774973086
"234967",0.578525942743108
"26570",0.578484433385845
"103220",0.57813170483948
"217887",0.578061645200063
"66973",0.577859192963829
"319478",0.577791871935752
"269116",0.577706209451604
"22375",0.577634938528752
"53318",0.577517080290773
"63828",0.577224831509064
"12821",0.577078471774434
"74481",0.576912478149738
"269295",0.576907296291285
"381213",0.576803278250189
"329165",0.576752338376994
"70976",0.57666851021552
"279028",0.576607268401569
"17252",0.576494731783232
"78286",0.576248216513458
"545527",0.575970741965621
"67445",0.575901177802456
"11677",0.575866428868668
"56196",0.575720605489433
"14617",0.575687009954095
"74104",0.575626103984027
"270152",0.575557855829966
"16728",0.575548164279734
"384525",0.575477273212346
"212391",0.575428606206699
"12833",0.575175817998515
"215705",0.57508913881014
"320209",0.574859852847987
"29859",0.574697655544262
"319188",0.574668368958482
"217071",0.574667940996054
"545703",0.574667940996054
"70771",0.574649151263644
"19298",0.574625705486702
"22025",0.574453834093329
"106347",0.574405372729204
"258983",0.574368942506023
"217194",0.574310171232242
"58222",0.574242310219894
"20301",0.574153721332654
"212518",0.574115818542471
"68166",0.574042538558284
"545567",0.574012130351776
"18378",0.573782619979623
"226977",0.573757531419754
"330953",0.573636838916688
"20788",0.573496278490393
"252903",0.573472774004543
"13363",0.573311201372094
"14421",0.573221757029091
"66645",0.57321682142608
"109254",0.573189431143189
"238266",0.573178883078539
"14349",0.573104736114731
"19192",0.573028280567052
"242691",0.57293758455456
"244885",0.572857971211995
"99167",0.572733294594487
"78586",0.572546303414663
"140500",0.572233764065096
"13642",0.572232832225392
"30937",0.572194616777139
"54167",0.572091217301457
"319565",0.572071473324638
"269275",0.572014828896417
"213402",0.572001673885877
"240776",0.571864648314289
"208994",0.571831063795149
"258283",0.571831063795149
"76781",0.571709891878324
"13409",0.571589013395187
"59011",0.571541702364735
"106877",0.571122029271039
"11864",0.571108920722383
"17523",0.570862459118345
"16511",0.570625691638639
"75826",0.570555490090562
"109245",0.570414035634862
"239157",0.570224580664579
"24053",0.570152069611249
"20288",0.570089565854405
"66815",0.56968678118879
"319758",0.569622443585186
"71609",0.569598469230764
"17472",0.569536150920735
"68828",0.569446917558795
"17536",0.569275416289053
"12306",0.568866664501893
"75751",0.568818966060545
"100715",0.568764004917745
"18391",0.568707148359054
"217779",0.568643732606697
"215378",0.568380938607812
"30060",0.568320683825943
"226841",0.568311505143223
"57908",0.568291934860712
"59002",0.568165943781127
"18232",0.567976097358985
"100416129",0.56780528617461
"12346",0.56780528617461
"12951",0.56780528617461
"270049",0.567729195983058
"332309",0.567616187770829
"60440",0.567600465117129
"665775",0.567356557162186
"19277",0.567312971265329
"622675",0.567204450884016
"18557",0.567165969570631
"11484",0.567163800425554
"58175",0.566965566439655
"70769",0.566820903526812
"70351",0.56680421814132
"67466",0.566778292308209
"225055",0.56677827767065
"69009",0.566774542405691
"13038",0.566750771974902
"227753",0.566688997328632
"381549",0.566495050351148
"16589",0.566460014431918
"19360",0.566420750589055
"230972",0.56635059726205
"17876",0.566349698588801
"234915",0.566308408168571
"381476",0.566246451106934
"75766",0.566246451106934
"74186",0.566087694308692
"16534",0.565968059268316
"20460",0.565786929585428
"81703",0.565494668837413
"100503609",0.565453829378252
"14389",0.56528106317225
"217732",0.565259415966932
"66497",0.565235877427099
"192775",0.565039953543892
"433801",0.564980684840086
"20440",0.564832350289777
"22241",0.564410270309759
"69008",0.564274607517885
"26951",0.563947363106715
"66847",0.563856229164677
"21384",0.563845726429222
"11604",0.563796143083086
"14570",0.563753352601019
"230234",0.563692782143478
"17865",0.563605749701006
"232906",0.563194967262878
"72053",0.563175505023828
"67050",0.563170226696693
"217463",0.563057141548791
"17250",0.562969857959272
"234356",0.562941246360027
"100198",0.562916725884455
"258474",0.5628646033405
"93675",0.5628646033405
"100417125",0.562862748559861
"100417983",0.562862748559861
"102640594",0.562862748559861
"102641752",0.562862748559861
"108168333",0.562862748559861
"109820",0.562862748559861
"16334",0.562862748559861
"17063",0.562862748559861
"17228",0.562862748559861
"20415",0.562862748559861
"235416",0.562862748559861
"381375",0.562862748559861
"57270",0.562862748559861
"66283",0.562862748559861
"664835",0.562862748559861
"670671",0.562862748559861
"672972",0.562862748559861
"674310",0.562862748559861
"68243",0.562862748559861
"69362",0.562862748559861
"70866",0.562862748559861
"75528",0.562862748559861
"216238",0.562687973189055
"319387",0.562500981347363
"69459",0.562414474473761
"544800",0.562388191659649
"11518",0.562330058082408
"109264",0.562299913258779
"19158",0.562288848071143
"109658",0.562226565193232
"94216",0.562128920507171
"242557",0.562073986821095
"72133",0.562018535702842
"94217",0.562001563504701
"170729",0.562000162890596
"21665",0.561815648724612
"80886",0.561681677952256
"216440",0.561579988668332
"14020",0.561463559592367
"214253",0.561443518398002
"228139",0.561293872361541
"234138",0.561270608318019
"58523",0.560926312287951
"14064",0.560886003554715
"666904",0.560525919687084
"218343",0.56016483989378
"19348",0.559971120278605
"110948",0.559794893003647
"18578",0.559728310657918
"71567",0.559639583864438
"229363",0.559609299612664
"216846",0.559537220642988
"258390",0.559276450577553
"100416335",0.559263547989501
"278507",0.55918957030134
"17847",0.559144543315619
"211652",0.559027232800348
"71146",0.55900525346077
"22678",0.5588463106609
"338352",0.558789634293211
"67683",0.558565992363351
"75605",0.558377419121749
"28113",0.558268043105005
"50907",0.558247920005521
"632778",0.557814943053788
"75739",0.557552651948334
"11789",0.557473142859399
"214106",0.557435914868229
"56403",0.557202320747752
"72477",0.55719085544926
"102871",0.557174190127268
"208144",0.557041311486269
"52882",0.557004594019377
"258472",0.556948414034194
"20336",0.5566672905318
"100036521",0.556428807728233
"243937",0.556406421668452
"226139",0.556360881023256
"101185",0.556346415475387
"19062",0.556210574296883
"63872",0.556035442147775
"381411",0.556033582470542
"78938",0.555947163944757
"67166",0.555788391685914
"74237",0.555782383884575
"320709",0.555724126434913
"72129",0.555666729944916
"223918",0.555584632220021
"16994",0.55536699702218
"234135",0.55520577769708
"69957",0.554978181513876
"98365",0.554905943605362
"57357",0.554817480698766
"11600",0.55458871645773
"71947",0.554449409694696
"268759",0.553881385547144
"258323",0.553851228954476
"19285",0.553608421505568
"21941",0.553573925590212
"14069",0.553475667643874
"432731",0.55343356775395
"244202",0.553294011132223
"72043",0.553170022465817
"66894",0.553036095865853
"213556",0.55276710114484
"69576",0.552699946856119
"100042150",0.552526919221079
"170935",0.552476145884346
"53890",0.55240712087458
"216157",0.552286758762731
"14011",0.552144338110573
"73828",0.551883139222243
"15227",0.551842967353776
"194655",0.551835865691537
"14181",0.551768533793783
"382038",0.551621577870922
"665258",0.551583644484288
"22083",0.551500491044566
"381306",0.551271544090598
"544791",0.551175771280128
"224109",0.551071911380163
"668155",0.550977245118964
"77963",0.550938075200908
"16835",0.550821024095348
"22289",0.550574897919202
"27416",0.550267273461167
"225131",0.550247164723396
"67030",0.550202470394537
"12570",0.550164205720066
"329251",0.550016560923934
"77626",0.549922331791007
"244864",0.549417204646506
"140486",0.5493988801501
"12630",0.549392562333222
"269810",0.549392562333222
"436008",0.549392562333222
"673676",0.549392562333222
"69281",0.549392562333222
"71223",0.549392562333222
"75820",0.549392562333222
"170745",0.54928535938953
"67843",0.548854435967204
"18507",0.548847937191597
"70454",0.548531113613998
"54710",0.547908461364673
"71254",0.54766473220995
"71522",0.5476005905008
"67136",0.547543756915105
"72199",0.54754147479467
"26887",0.547504155993419
"68279",0.547504155993419
"53604",0.547261475977662
"67255",0.546973279575248
"227099",0.546939892670183
"75234",0.54679249464967
"381536",0.54635822064834
"207495",0.54621807882215
"228880",0.546204932127442
"18231",0.546041335222261
"14205",0.545737053343223
"24128",0.545690301856914
"269328",0.545674954454154
"15957",0.545338839620512
"16151",0.545304518571367
"230767",0.545209659555803
"219024",0.545145763693504
"225115",0.545012999041039
"56318",0.5448535001366
"240442",0.544636477425829
"22341",0.544553813379199
"230909",0.54425567132215
"53611",0.544221826258688
"83961",0.544053000338976
"319944",0.543862801475811
"327942",0.543849968613047
"14827",0.543758400605582
"67014",0.543696672268768
"66201",0.543683992322573
"233902",0.543638108004582
"12918",0.543628822063739
"227112",0.543343065013015
"100502936",0.543340588686945
"67839",0.5433063305588
"140709",0.54324697931582
"13505",0.543210332805194
"665773",0.543210332805194
"29816",0.543154644825243
"69694",0.543017234439925
"13392",0.542794101038964
"237222",0.542722525813569
"140629",0.54255124757965
"78749",0.542513502846949
"100764",0.542385563602053
"52690",0.542379568562445
"76884",0.542105856666749
"15569",0.541952248202701
"55951",0.541949117317865
"12333",0.541939350912422
"16922",0.541875169368082
"69183",0.541833936844048
"52335",0.541794033334853
"114642",0.541778273801216
"24012",0.541717688522299
"26409",0.541599090124779
"71761",0.5414634831633
"207182",0.541369996170635
"237353",0.541214874997315
"100163",0.541211346725174
"226757",0.541033875281473
"18538",0.540943870667357
"70370",0.5409150715966
"226641",0.540877432700196
"13106",0.540872044367935
"22099",0.540769624255003
"52897",0.540533966585281
"170786",0.540473237098706
"74469",0.540359898949538
"19696",0.539986848021008
"140723",0.539905182674858
"246313",0.539703872186384
"320679",0.539658788745556
"67878",0.53955783244257
"20389",0.539357768504037
"22629",0.539160797269208
"69572",0.539156072573621
"207920",0.539131178072024
"57746",0.539130038237063
"208715",0.539101240015255
"109828",0.538861822271706
"236794",0.53842711398677
"11432",0.538425026687239
"94112",0.537895576031157
"319742",0.537718867535363
"52120",0.537633356704361
"56325",0.537557855642006
"16538",0.537537724670579
"11784",0.53739978284041
"69908",0.537323430914707
"76117",0.537308628968599
"12177",0.537192163209143
"319953",0.537094633242376
"12288",0.537020108752521
"56175",0.536970238629243
"13803",0.536842142876803
"78610",0.536712644110704
"19016",0.53633772728688
"242406",0.536093458197675
"727711",0.53606477165259
"446101",0.535986011244766
"22273",0.535940870555309
"16775",0.535928114809627
"67443",0.535878596349014
"28240",0.535854549713091
"170732",0.535489373441889
"69938",0.535129340121569
"16332",0.534996367410562
"59289",0.534946586651445
"24087",0.534910068362892
"16322",0.534876808541093
"68346",0.534829613774647
"83493",0.534813983867783
"66865",0.534812727972482
"18744",0.534666541275252
"668941",0.534589733543078
"217866",0.534416791960054
"269470",0.534411835337054
"101831",0.534087766428436
"80911",0.534050069045914
"66513",0.533797545706646
"243574",0.533737153412605
"235041",0.533622196596438
"103406",0.533603356932282
"14282",0.533491822678817
"74478",0.533451126022852
"258967",0.533390824953508
"380684",0.533331367984801
"215449",0.533031361769134
"11534",0.532833903264706
"328779",0.532721508709297
"68524",0.53270540917079
"14705",0.532657246815318
"107373",0.532632666168092
"70110",0.532523049790638
"432486",0.53252258740287
"72175",0.532441960432038
"108069",0.532389746972323
"78428",0.532377721150554
"270802",0.532267288327571
"26895",0.53201150128949
"229759",0.531998445684043
"217716",0.531635035100994
"216151",0.53156227145855
"72310",0.531541810190487
"243725",0.531008421593621
"24047",0.530870353394125
"226830",0.530846611037328
"68870",0.530812858538269
"54170",0.530750708285197
"80752",0.530747821916028
"102075",0.530458049937256
"102443351",0.530327078020679
"68032",0.529752362405123
"217695",0.529607493912227
"233016",0.529460759219475
"75430",0.529274948933885
"217366",0.529247997325131
"100039953",0.528848413971282
"230793",0.528693302825345
"17118",0.528512882215803
"238330",0.528350240061003
"66131",0.528286238354175
"16917",0.528259475036175
"11920",0.528239902207634
"18998",0.528148082314685
"13345",0.528073361256509
"66439",0.527740458138093
"15233",0.527571439923028
"54390",0.527571439923028
"640374",0.527571439923028
"17436",0.527568406992568
"64580",0.527344032378926
"319922",0.527271674179802
"258267",0.526977774802985
"229004",0.526891123814877
"68971",0.526877891983486
"70885",0.52685690767814
"20821",0.526813995669565
"14864",0.526708503329556
"17268",0.526681552197693
"74637",0.526399733384415
"11448",0.526239960541102
"12954",0.526239960541102
"14581",0.526239960541102
"27371",0.526239960541102
"385527",0.526239960541102
"432613",0.526239960541102
"622973",0.526239960541102
"667891",0.526239960541102
"667964",0.526239960541102
"26903",0.526176763396909
"79043",0.526149604025166
"233979",0.526054004500278
"14824",0.526015968622391
"224111",0.525921730655698
"664841",0.525802750104147
"22160",0.525712603489742
"108058",0.525624284618989
"68631",0.525354532392325
"77627",0.525172835391126
"67511",0.525068224462811
"19894",0.524940970473083
"72632",0.524520747596253
"11421",0.524517073014857
"59041",0.524439135535547
"545622",0.524202726712045
"12832",0.524187604244793
"18717",0.523905934486252
"57342",0.52389854163616
"207728",0.523489340598093
"116837",0.523335003079818
"18073",0.523292002498305
"64177",0.523126298170774
"74782",0.523048935485178
"72162",0.522735066538582
"67549",0.522732422346173
"27393",0.522674154937965
"21922",0.522513576006325
"67606",0.52245820793915
"242748",0.522334849020536
"18624",0.522056321834093
"226539",0.521967072018477
"71769",0.521958273286163
"217449",0.521691241658063
"22223",0.521656530246835
"67561",0.52153593761995
"170484",0.521256887549482
"12813",0.521254715504712
"72195",0.521043971974572
"16621",0.520978656148002
"637515",0.520865000911908
"83771",0.520762002543359
"74568",0.520703489436455
"27405",0.520577017778099
"78100",0.520522584024122
"71970",0.520444463901618
"320022",0.520431633712051
"16004",0.520378083385305
"16561",0.520289666728225
"331026",0.520146909845536
"12035",0.52010789301696
"113846",0.520078803267334
"114604",0.519989605328712
"20916",0.51977774841061
"320271",0.51971366260829
"80721",0.519586919880937
"224023",0.519374720946905
"76294",0.519211757999157
"320683",0.51918202601987
"67914",0.51878927106996
"216233",0.518749742322599
"71096",0.518254437236897
"229474",0.518212222210983
"545490",0.518081363957516
"108902",0.518057170749835
"217262",0.518007954887383
"66296",0.517746985969501
"76652",0.517592655977235
"80749",0.517040035967012
"192663",0.516993183806352
"216049",0.516862176618206
"105853",0.516351159727242
"330863",0.51623763209308
"71583",0.516043382033608
"68187",0.516011512817595
"237436",0.51593444488752
"70603",0.515816402382373
"71706",0.515730150902972
"83561",0.515709311930916
"70296",0.515664853476362
"74252",0.515492151384549
"12704",0.515362733933869
"19011",0.515101055470205
"240756",0.514952472927232
"12511",0.514898769935582
"20399",0.514808399806438
"18988",0.514669318911353
"80708",0.514558433324235
"68591",0.514360800869789
"17005",0.514341538312647
"74552",0.514311330449803
"12367",0.514228872051443
"59036",0.513965632416981
"320782",0.513486361135851
"18101",0.513329103546436
"238505",0.51329284694507
"11474",0.512964540422596
"14433",0.512857689291243
"74094",0.512857363747094
"12300",0.512778280336625
"230088",0.51277190295353
"18789",0.512436233108121
"329384",0.512374860971855
"217218",0.512137223501479
"22589",0.512111586582448
"56788",0.512093071108062
"68178",0.512017912909774
"78903",0.511781478780772
"71492",0.511776540256443
"212427",0.511660774352319
"12168",0.511544108078667
"236366",0.511495183700861
"22065",0.511437175426723
"26365",0.511321875108728
"100040599",0.511116882020335
"18750",0.511076584328339
"66255",0.510643634487586
"66967",0.510641376609679
"216028",0.510608365103334
"75788",0.51057673121188
"72023",0.510153366494828
"667742",0.510149667057073
"20133",0.510092930897752
"56315",0.510067619475854
"109901",0.50964022369091
"18516",0.50953572749325
"15465",0.509176736808774
"237625",0.509115280406086
"12652",0.509085102215187
"54670",0.508963669185282
"208518",0.508859029644019
"19330",0.507778002542725
"20358",0.507615815981115
"74355",0.507584937278902
"328778",0.507544070690767
"80284",0.507416753927871
"244562",0.507374096060389
"97827",0.507348714497092
"18214",0.507320598598058
"269639",0.507314673493882
"228432",0.507298882897534
"14815",0.507149342481447
"93890",0.507087746453218
"240087",0.507054069277526
"22365",0.506794539281767
"408059",0.506548644657724
"214105",0.506435947130062
"213484",0.506427164456606
"72181",0.506362367291735
"98878",0.506255843815445
"66098",0.506178640825438
"74438",0.505861596665459
"78779",0.505844307913391
"68318",0.505815643367014
"69440",0.505809226031432
"84505",0.505669198028481
"67974",0.505617280271062
"237336",0.505516164305459
"329278",0.505509744625283
"245000",0.505457886182826
"67020",0.505306915597116
"319157",0.505224069214228
"68027",0.505161377034274
"100861668",0.505011045119674
"100043498",0.504955594203404
"17229",0.504955594203404
"58207",0.504937193312764
"110542",0.504911692233443
"16653",0.504879012537256
"22704",0.504617785545422
"18194",0.504606845294579
"67269",0.504448262257613
"667172",0.504329326782675
"19179",0.504303055478363
"68519",0.50421112823333
"70549",0.504196956548241
"12812",0.504186570948644
"69024",0.503956628793311
"16648",0.50383667108559
"19773",0.503735530167307
"20602",0.503734041051137
"16656",0.503713361860655
"22321",0.503439748340634
"80976",0.503352459383819
"213389",0.503177958533649
"212139",0.503162956213869
"97387",0.502937303603661
"74075",0.502908140666166
"56805",0.50285288456558
"20677",0.502490463572948
"67712",0.502428790724208
"19415",0.502262872304342
"13680",0.502064141387705
"242316",0.501989894702595
"19893",0.501858140149573
"238247",0.501830971983355
"74020",0.50178313960461
"12043",0.501733479158211
"244416",0.501672197247144
"13830",0.501630638375392
"71027",0.501577516109506
"12840",0.501290507982944
"102635385",0.50123999046462
"100041399",0.501238939846238
"385326",0.501087368883957
"93841",0.501087368883957
"17312",0.500884737574872
"54446",0.500829822375998
"140557",0.500208664777957
"23966",0.499951120825982
"22643",0.49990826967675
"103967",0.499863968903446
"237397",0.49952574290173
"227326",0.499147481444977
"18640",0.499099174732289
"100417978",0.499045863177286
"629147",0.498994846722598
"668173",0.498949819107247
"228410",0.498814541341972
"108159",0.498786818735939
"15159",0.49865859651239
"67391",0.498618034420213
"110893",0.498393128896304
"227659",0.497918561957669
"258331",0.497798495821342
"11797",0.497769925825586
"67525",0.497570559368584
"101744",0.497562682569623
"18005",0.497483198316225
"78832",0.49745075244279
"70823",0.497343123550029
"71952",0.497216720966051
"100039459",0.497213532070153
"58864",0.497213532070153
"547253",0.497011786939311
"26554",0.497004902506371
"211922",0.496956627345095
"329504",0.496947779881631
"71793",0.496898089791949
"52013",0.496709031667914
"229096",0.496606667183504
"17901",0.49639552470965
"26926",0.496152955452259
"60344",0.495807318757609
"70054",0.495714336381145
"27428",0.495659462322445
"212326",0.495555015410912
"108655",0.49551536117658
"93735",0.495504473279942
"67211",0.495401331729335
"12568",0.495279148334149
"19647",0.495216548307963
"100418101",0.494972768857652
"56214",0.494342544604678
"140630",0.494212199013725
"192897",0.493919365057884
"19719",0.493841085262272
"233328",0.493787137952852
"230757",0.493500864535037
"76376",0.493449382530888
"13046",0.493415777257117
"80914",0.49332481412534
"93893",0.493234674161447
"93715",0.493137385901345
"217365",0.493094360792208
"100090",0.492885747834168
"13405",0.492877462906313
"13081",0.492828131349169
"69080",0.492817797038665
"227619",0.492672909894068
"16952",0.492592460819849
"76800",0.49254133056143
"58198",0.492371688099032
"234725",0.492325265254395
"18036",0.492292510890463
"72844",0.492258744253169
"17193",0.492227503003024
"23965",0.492173872042228
"140559",0.491781623602564
"100038417",0.491760972797952
"56690",0.491566383688875
"17448",0.491299576711324
"170721",0.491225925922476
"15939",0.49120124599198
"70551",0.491149740754464
"16149",0.490865386946126
"77976",0.490740950614183
"228858",0.490553964009695
"102634097",0.490278452186704
"272382",0.490278452186704
"434219",0.490278452186704
"677296",0.490278452186704
"70020",0.490184089714058
"223332",0.490142806556152
"217337",0.489899430612097
"105180375",0.489892283478702
"68498",0.489558871481167
"625638",0.488931856266108
"54713",0.48886124671057
"665848",0.488854767841256
"213895",0.488321392425866
"210106",0.488110690829841
"212276",0.488042528205426
"19243",0.487976315448333
"12409",0.487871113336111
"71799",0.487849756877076
"237943",0.487774462539555
"14885",0.487590905302359
"69150",0.487545546201208
"382639",0.487507935263801
"77134",0.486948878605272
"22652",0.486944056166662
"13542",0.486927355164542
"71751",0.486450120581875
"11595",0.486420289075137
"258902",0.486241949153667
"11419",0.486211564626293
"216274",0.486042392868737
"110460",0.485985035727308
"268977",0.485665632385105
"242274",0.485637013614139
"69928",0.485450864463794
"81000",0.484998647246449
"105833",0.484792327442037
"195018",0.484657681683195
"50789",0.484613688084313
"28042",0.484552134901953
"240660",0.484514184584618
"12540",0.484497821597984
"223726",0.484454906430003
"69372",0.484367414590899
"67665",0.48431094492341
"14450",0.484255030287863
"229687",0.484177022384872
"28064",0.484109221113563
"12952",0.483796033235712
"108723",0.483747389314948
"97487",0.483615858056134
"435766",0.483607255751868
"20194",0.483587723696121
"108150",0.483522846583321
"209692",0.483271308811236
"329727",0.48304747834439
"20361",0.482996499360963
"100042746",0.482910538890382
"74012",0.482858028924698
"18109",0.482748231564024
"14276",0.482608057896097
"434325",0.482435812424483
"81897",0.482365967939315
"338351",0.48233523844034
"109648",0.481950329923777
"76933",0.481884225384132
"107753",0.481684433874491
"667501",0.481684433874491
"668251",0.481487743060868
"13537",0.481436718181506
"16396",0.481395605135937
"109674",0.481393026314977
"100041561",0.481212212715756
"380608",0.481039084828021
"69082",0.480890327691695
"271457",0.480862157873314
"53886",0.480459374499734
"16001",0.480278684305428
"72399",0.479730024880768
"70484",0.479684886548868
"17203",0.479643123565209
"105844",0.479523290026847
"18948",0.479427422595216
"67515",0.479258223388991
"12764",0.479234987779335
"100043468",0.478950750293578
"28010",0.478946970744308
"230587",0.478706391401736
"67224",0.478430036331375
"14812",0.478326662386449
"20773",0.478311239463024
"234664",0.478291210867648
"20646",0.478215149612561
"69716",0.478139682491012
"22354",0.478099155100863
"11535",0.477986919261351
"22030",0.477944852986807
"65973",0.477881043998772
"623781",0.477820005480443
"242939",0.477726235178739
"15139",0.477705332917309
"109181",0.477354096939907
"239759",0.477346217434541
"18693",0.477224048507939
"432582",0.477178871740345
"218311",0.477109044325316
"17022",0.47687313834967
"239606",0.476832212827943
"218100",0.476802019092335
"258469",0.476479943014401
"13390",0.476396857374622
"244329",0.476396360892291
"107829",0.476253394767788
"226169",0.476156873726908
"74522",0.476038663674904
"72168",0.476028607680861
"17996",0.475989922810296
"243813",0.475943665202219
"70615",0.475841204369927
"75991",0.475618384006304
"19667",0.475568181961592
"780825",0.475568181961592
"100039801",0.475568181961592
"100042499",0.475568181961592
"100042894",0.475568181961592
"100416952",0.475568181961592
"107765",0.475568181961592
"114671",0.475568181961592
"15422",0.475568181961592
"16814",0.475568181961592
"17339",0.475568181961592
"21405",0.475568181961592
"259117",0.475568181961592
"319184",0.475568181961592
"320083",0.475568181961592
"326620",0.475568181961592
"381393",0.475568181961592
"381622",0.475568181961592
"382106",0.475568181961592
"433063",0.475568181961592
"545140",0.475568181961592
"620877",0.475568181961592
"622271",0.475568181961592
"666485",0.475568181961592
"667350",0.475568181961592
"668507",0.475568181961592
"674360",0.475568181961592
"72040",0.475568181961592
"74174",0.475568181961592
"78240",0.475568181961592
"100038850",0.475568181961592
"100039376",0.475568181961592
"100039501",0.475568181961592
"100039565",0.475568181961592
"100039580",0.475568181961592
"100039875",0.475568181961592
"100040394",0.475568181961592
"100040470",0.475568181961592
"100041187",0.475568181961592
"100041232",0.475568181961592
"100041548",0.475568181961592
"100042182",0.475568181961592
"100042610",0.475568181961592
"100046305",0.475568181961592
"100416076",0.475568181961592
"100416187",0.475568181961592
"100417562",0.475568181961592
"100417764",0.475568181961592
"100418084",0.475568181961592
"100418164",0.475568181961592
"100503125",0.475568181961592
"100534354",0.475568181961592
"100534390",0.475568181961592
"102634324",0.475568181961592
"102634548",0.475568181961592
"102640749",0.475568181961592
"105594",0.475568181961592
"107576",0.475568181961592
"108169091",0.475568181961592
"108169117",0.475568181961592
"109052",0.475568181961592
"110786",0.475568181961592
"113863",0.475568181961592
"115489478",0.475568181961592
"11720",0.475568181961592
"118567789",0.475568181961592
"12049",0.475568181961592
"12500",0.475568181961592
"12773",0.475568181961592
"13586",0.475568181961592
"14233",0.475568181961592
"14857",0.475568181961592
"15192",0.475568181961592
"16160",0.475568181961592
"16666",0.475568181961592
"17195",0.475568181961592
"17841",0.475568181961592
"17878",0.475568181961592
"18347",0.475568181961592
"18935",0.475568181961592
"19127",0.475568181961592
"19213",0.475568181961592
"216871",0.475568181961592
"22115",0.475568181961592
"225256",0.475568181961592
"229927",0.475568181961592
"233081",0.475568181961592
"235952",0.475568181961592
"23925",0.475568181961592
"243872",0.475568181961592
"245536",0.475568181961592
"257902",0.475568181961592
"257961",0.475568181961592
"258069",0.475568181961592
"258396",0.475568181961592
"258464",0.475568181961592
"258922",0.475568181961592
"268300",0.475568181961592
"279056",0.475568181961592
"319171",0.475568181961592
"319176",0.475568181961592
"320898",0.475568181961592
"328660",0.475568181961592
"332937",0.475568181961592
"333184",0.475568181961592
"333564",0.475568181961592
"383186",0.475568181961592
"383923",0.475568181961592
"384379",0.475568181961592
"384911",0.475568181961592
"387510",0.475568181961592
"387519",0.475568181961592
"394252",0.475568181961592
"436002",0.475568181961592
"436440",0.475568181961592
"474145",0.475568181961592
"54483",0.475568181961592
"545548",0.475568181961592
"547311",0.475568181961592
"56538",0.475568181961592
"620235",0.475568181961592
"621880",0.475568181961592
"622924",0.475568181961592
"625969",0.475568181961592
"628127",0.475568181961592
"630810",0.475568181961592
"635617",0.475568181961592
"637541",0.475568181961592
"638720",0.475568181961592
"640530",0.475568181961592
"654355",0.475568181961592
"66473",0.475568181961592
"665024",0.475568181961592
"665288",0.475568181961592
"665296",0.475568181961592
"665575",0.475568181961592
"665822",0.475568181961592
"666085",0.475568181961592
"666308",0.475568181961592
"666339",0.475568181961592
"666403",0.475568181961592
"666976",0.475568181961592
"667153",0.475568181961592
"667284",0.475568181961592
"667841",0.475568181961592
"667878",0.475568181961592
"667968",0.475568181961592
"668320",0.475568181961592
"668817",0.475568181961592
"67135",0.475568181961592
"67365",0.475568181961592
"67543",0.475568181961592
"692152",0.475568181961592
"69444",0.475568181961592
"69469",0.475568181961592
"69481",0.475568181961592
"69787",0.475568181961592
"74437",0.475568181961592
"74649",0.475568181961592
"75388",0.475568181961592
"75581",0.475568181961592
"76072",0.475568181961592
"76389",0.475568181961592
"77596",0.475568181961592
"77883",0.475568181961592
"78239",0.475568181961592
"278679",0.475568181961592
"78656",0.475408874988925
"243819",0.475367254877908
"67630",0.475348954487706
"50492",0.475158219200069
"13434",0.47494586291739
"56753",0.474928294730114
"16337",0.474797578402703
"70061",0.474703486977596
"100504285",0.474673759254273
"13528",0.47460806944971
"232174",0.474583174629059
"64945",0.474562808284469
"233900",0.474348036879553
"67608",0.474286031291815
"434701",0.474244851306733
"667214",0.474117576800835
"109660",0.473942739381238
"19331",0.473909248347191
"117146",0.473693783611185
"18508",0.473367246017183
"69260",0.473280194351291
"97130",0.473211398515775
"14107",0.473036701865107
"245404",0.472969773273332
"319998",0.472738670407911
"407812",0.47272597854864
"53817",0.472624641262611
"330485",0.472514445702347
"243653",0.472476749853131
"16323",0.472435586924373
"16867",0.472248529169296
"74388",0.472246788938392
"21951",0.472149794954032
"24083",0.471921285956938
"76073",0.471880004747988
"100503946",0.471739687059079
"76089",0.471581525361914
"19777",0.471452415131529
"192167",0.471451293006848
"77877",0.471027741665815
"271697",0.471023826927527
"53975",0.470606655265226
"321006",0.470035437450148
"21647",0.469984821271075
"74480",0.469966715937016
"215708",0.469875686236532
"14961",0.469859218075336
"53901",0.469779239350723
"24070",0.46968747142682
"77582",0.469521383822328
"81909",0.469516898857857
"78752",0.469440146369456
"16832",0.469342444795272
"77974",0.469141027092445
"192113",0.468954241376802
"56089",0.468922952689756
"214425",0.468874534348504
"18546",0.468776923909405
"18983",0.468423123813608
"232016",0.468293768809689
"57780",0.46798329231303
"72962",0.46759297471492
"18227",0.467460045625084
"76131",0.467251224498722
"381738",0.467114885225075
"241794",0.46683511912198
"236915",0.466817449478355
"66176",0.466687635257107
"18438",0.466593640113822
"230809",0.46657656337562
"114640",0.466464391011814
"14415",0.466365001683432
"16516",0.466091138929487
"387314",0.465999995718167
"241525",0.465867414993755
"71336",0.465687956824193
"56533",0.465607224675054
"56860",0.465483441909664
"433698",0.465472944919039
"68277",0.465407175696881
"12057",0.465263859347416
"93879",0.46516161972342
"53892",0.465105892987954
"57754",0.465055948254399
"277414",0.464923593947843
"78891",0.464813949478917
"100042069",0.464761906959282
"74245",0.46463440576144
"66871",0.464526000852585
"12958",0.464391817079591
"65246",0.464260120199661
"66671",0.464183636958957
"211548",0.464091260774124
"103161",0.46404592911468
"22408",0.46404592911468
"19419",0.463721781276801
"100763",0.463365341038261
"234595",0.463312751480446
"89867",0.463159729695734
"70238",0.462844708590337
"140580",0.462607533451293
"20661",0.46258391840037
"12722",0.46241799306603
"16519",0.46232732842927
"66870",0.462276792340648
"19242",0.462115539100189
"109637",0.461658357922847
"100039624",0.461603189813057
"52850",0.461461470775328
"432940",0.461421086989312
"70640",0.461404474927555
"19268",0.461171683620709
"236193",0.461047042412928
"67958",0.461022409065782
"106582",0.461010872091546
"100418329",0.460846300359804
"18736",0.460846300359804
"239337",0.460830893164982
"70349",0.460791082237216
"69550",0.460662467773958
"66615",0.460468644859332
"66536",0.46038226728293
"68310",0.460279453710142
"113850",0.460225329496425
"58802",0.46012001673187
"331623",0.460026494906528
"11767",0.459890309874767
"380755",0.459869159851245
"100503085",0.459861625030053
"74729",0.459838355746224
"230594",0.459835993842442
"11772",0.459655552691423
"11735",0.459619359216727
"16343",0.459591453096662
"231659",0.45946918252141
"626578",0.459356488453596
"67469",0.459271073866865
"17999",0.459256245420996
"330812",0.4592004087127
"66661",0.459023774045719
"232946",0.458833291478722
"109359",0.458827716025781
"18707",0.458799336031769
"76608",0.458689575279525
"13865",0.458650890996908
"66628",0.458583449879868
"11564",0.458457839586304
"18140",0.45815846101787
"72085",0.457937360471705
"23924",0.457902354655935
"76740",0.457530708909837
"57443",0.457433839718841
"74838",0.457424671282208
"20557",0.457329989547768
"23908",0.457151588877837
"66449",0.457110400466865
"80517",0.457020557785459
"215821",0.457013242401042
"216198",0.456768640877475
"26442",0.456420542523038
"67993",0.456318701862243
"53310",0.456132126160567
"71817",0.456125865444198
"208177",0.45607347904185
"433287",0.455920605335772
"104263",0.455797535083509
"12684",0.455753152623114
"74257",0.455420948247251
"330959",0.45510171220277
"64008",0.455076991852041
"226519",0.454834738671124
"20218",0.454689364394059
"53333",0.454609607293165
"74106",0.454538546761517
"12041",0.454446531452725
"52589",0.454413006571733
"14104",0.454338794814136
"15893",0.454301429180186
"74385",0.454095921928611
"27277",0.453850595378111
"67774",0.453784551294965
"20913",0.453773472552525
"665700",0.453586337190502
"72723",0.453515213014693
"21968",0.453438145994476
"240058",0.453385925033909
"106369",0.453326395170515
"66867",0.453323853324467
"58182",0.453155384504082
"19346",0.453146316175642
"328833",0.453066014076718
"16156",0.452672160604864
"60510",0.452623204824206
"628580",0.452541324252809
"211712",0.452502191923902
"279561",0.452439593490533
"17858",0.452414391516533
"211986",0.452101563443441
"100417274",0.451890606486592
"68857",0.451715731296705
"72147",0.451654425771375
"83453",0.45141005601963
"100226",0.451239276561638
"70713",0.451058006745789
"22334",0.451037198526616
"67420",0.450955037226136
"19250",0.450864729008772
"66734",0.450715477153934
"70396",0.450644048675781
"227357",0.450445260185699
"52206",0.450343980330326
"67898",0.45023670424931
"56495",0.450228429315067
"14697",0.450179774983681
"12745",0.450146867761612
"19092",0.450118001470288
"666213",0.450051842975411
"14119",0.449973667715699
"66673",0.449933538420009
"269401",0.449928417283488
"66859",0.449889987180259
"80985",0.44988466310958
"319430",0.449880396212782
"24030",0.449712183480791
"213391",0.449634196069952
"233863",0.449610462266485
"22644",0.449295013014695
"17184",0.449280118367752
"192950",0.449237096820197
"20518",0.449114370122145
"240892",0.448696237184233
"320878",0.44861985154097
"320705",0.448491928756516
"73451",0.448436516800631
"19014",0.448256365204038
"56418",0.448165134452339
"68073",0.448135787289322
"100303732",0.448123572459991
"378937",0.448121847512524
"50911",0.448018105498644
"228366",0.44787903321852
"229003",0.447744832730398
"100040244",0.447720634245194
"83410",0.447559909884914
"217325",0.447548293924181
"20753",0.447460761082959
"21906",0.447460761082959
"100040293",0.447200780969826
"67252",0.447194316435977
"231148",0.447131624068645
"74255",0.44696021215798
"53376",0.446872944074887
"54614",0.446606994327347
"20416",0.446431135494937
"223697",0.446325576456575
"434215",0.445936646340427
"207806",0.44586871882152
"72886",0.445774263456763
"258232",0.445716567766388
"230316",0.445342613530279
"16881",0.445308386172137
"20612",0.445273697862177
"227885",0.445238938790142
"11607",0.445129071280218
"66108",0.445080860736649
"85031",0.445067583711235
"56484",0.445059779240906
"224139",0.444935811931417
"93702",0.444720124346117
"70430",0.444631901016018
"72413",0.444339327800255
"68915",0.444257898060689
"56809",0.444254168378659
"12561",0.444241069719518
"67059",0.444148729730061
"224171",0.444077428226517
"226517",0.443903354998472
"20853",0.443843929809586
"240041",0.443559446352504
"14904",0.443526159245396
"22710",0.443242121794123
"18191",0.442843164017973
"381110",0.442834178604987
"20371",0.442669447479354
"23988",0.44247593562674
"77035",0.442422972490642
"626316",0.44219318505825
"66926",0.442192911027565
"74122",0.441900628375086
"216867",0.441869982851408
"14408",0.441861026455859
"66254",0.441819927314408
"20479",0.44167516927387
"15387",0.441643297889402
"13617",0.441642516914747
"66634",0.441626242027925
"213011",0.44156474906951
"246102",0.441468163568173
"231842",0.441330191169167
"100041621",0.441235818103709
"320394",0.440980422073567
"100502698",0.440770049123955
"104111",0.440746628159855
"22709",0.440608384314641
"60596",0.440474176703801
"13593",0.440308596017488
"106795",0.440229421052429
"107371",0.440124033440721
"69587",0.439883346040016
"56361",0.439722923503008
"233879",0.439555183505252
"21945",0.439553535687235
"330731",0.43936802190502
"227835",0.438734055513336
"16532",0.438661103528742
"22750",0.438561435537841
"73458",0.438498772786216
"545500",0.43825518224638
"73218",0.438068568577914
"13406",0.438047075560437
"74185",0.437625645266256
"240411",0.437481702635273
"54524",0.437346673052266
"665967",0.437187106073935
"107581",0.437148641673736
"104443",0.436958522910688
"60613",0.436818343634523
"258218",0.436766394384122
"234374",0.436666555369293
"225600",0.436621238543206
"75424",0.436333031185608
"118452",0.435756351241439
"12818",0.435734723621309
"19731",0.435580625387755
"666036",0.435206139073879
"64929",0.435194017695134
"319446",0.435151072687487
"17169",0.434919116270611
"100038854",0.434779933548665
"100039478",0.434779933548665
"100040893",0.434779933548665
"100041379",0.434779933548665
"100126226",0.434779933548665
"100312539",0.434779933548665
"100312542",0.434779933548665
"100416208",0.434779933548665
"100417507",0.434779933548665
"100417524",0.434779933548665
"100417527",0.434779933548665
"100417643",0.434779933548665
"100417682",0.434779933548665
"100417807",0.434779933548665
"100417853",0.434779933548665
"100417878",0.434779933548665
"100418179",0.434779933548665
"100418186",0.434779933548665
"100503895",0.434779933548665
"100504286",0.434779933548665
"100862349",0.434779933548665
"102633026",0.434779933548665
"102634532",0.434779933548665
"107573",0.434779933548665
"107587",0.434779933548665
"108167496",0.434779933548665
"108168370",0.434779933548665
"114675",0.434779933548665
"115489949",0.434779933548665
"115489953",0.434779933548665
"118568164",0.434779933548665
"12000",0.434779933548665
"12007",0.434779933548665
"12944",0.434779933548665
"13105",0.434779933548665
"13479",0.434779933548665
"140491",0.434779933548665
"14061",0.434779933548665
"14161",0.434779933548665
"14311",0.434779933548665
"14602",0.434779933548665
"14616",0.434779933548665
"15438",0.434779933548665
"16142",0.434779933548665
"171247",0.434779933548665
"17231",0.434779933548665
"17833",0.434779933548665
"18341",0.434779933548665
"18346",0.434779933548665
"18351",0.434779933548665
"18352",0.434779933548665
"18356",0.434779933548665
"18815",0.434779933548665
"195296",0.434779933548665
"195349",0.434779933548665
"19695",0.434779933548665
"20755",0.434779933548665
"20770",0.434779933548665
"209351",0.434779933548665
"233670",0.434779933548665
"235712",0.434779933548665
"238662",0.434779933548665
"238875",0.434779933548665
"239081",0.434779933548665
"239931",0.434779933548665
"241073",0.434779933548665
"243433",0.434779933548665
"245676",0.434779933548665
"257888",0.434779933548665
"258056",0.434779933548665
"258107",0.434779933548665
"258344",0.434779933548665
"258511",0.434779933548665
"258528",0.434779933548665
"258603",0.434779933548665
"258616",0.434779933548665
"258667",0.434779933548665
"258788",0.434779933548665
"258794",0.434779933548665
"258910",0.434779933548665
"259020",0.434779933548665
"26437",0.434779933548665
"266744",0.434779933548665
"271209",0.434779933548665
"280667",0.434779933548665
"319167",0.434779933548665
"320355",0.434779933548665
"333473",0.434779933548665
"380808",0.434779933548665
"380975",0.434779933548665
"381463",0.434779933548665
"381534",0.434779933548665
"381777",0.434779933548665
"381809",0.434779933548665
"382075",0.434779933548665
"382931",0.434779933548665
"387132",0.434779933548665
"404346",0.434779933548665
"433386",0.434779933548665
"433486",0.434779933548665
"434039",0.434779933548665
"434057",0.434779933548665
"434788",0.434779933548665
"435292",0.434779933548665
"435580",0.434779933548665
"436523",0.434779933548665
"50929",0.434779933548665
"544878",0.434779933548665
"545234",0.434779933548665
"545792",0.434779933548665
"58803",0.434779933548665
"58867",0.434779933548665
"606517",0.434779933548665
"619883",0.434779933548665
"620665",0.434779933548665
"622978",0.434779933548665
"625850",0.434779933548665
"627139",0.434779933548665
"627427",0.434779933548665
"628475",0.434779933548665
"629608",0.434779933548665
"629636",0.434779933548665
"629967",0.434779933548665
"631470",0.434779933548665
"635803",0.434779933548665
"637800",0.434779933548665
"640268",0.434779933548665
"64931",0.434779933548665
"665176",0.434779933548665
"665218",0.434779933548665
"666706",0.434779933548665
"666744",0.434779933548665
"667626",0.434779933548665
"668001",0.434779933548665
"668455",0.434779933548665
"668801",0.434779933548665
"668836",0.434779933548665
"670558",0.434779933548665
"672682",0.434779933548665
"676915",0.434779933548665
"67722",0.434779933548665
"68880",0.434779933548665
"70701",0.434779933548665
"70909",0.434779933548665
"71164",0.434779933548665
"71183",0.434779933548665
"71241",0.434779933548665
"71405",0.434779933548665
"71432",0.434779933548665
"724112",0.434779933548665
"73347",0.434779933548665
"73703",0.434779933548665
"73936",0.434779933548665
"74042",0.434779933548665
"75015",0.434779933548665
"75497",0.434779933548665
"76640",0.434779933548665
"77701",0.434779933548665
"83993",0.434779933548665
"100504319",0.434779933548665
"101055939",0.434779933548665
"115486466",0.434779933548665
"170733",0.434779933548665
"17474",0.434779933548665
"19074",0.434779933548665
"210554",0.434779933548665
"231296",0.434779933548665
"258486",0.434779933548665
"258803",0.434779933548665
"258979",0.434779933548665
"258987",0.434779933548665
"628854",0.434779933548665
"666738",0.434779933548665
"70945",0.434779933548665
"18722",0.434779933548665
"54526",0.434736780450117
"14123",0.434728190747986
"18712",0.43471983940873
"100384882",0.434701961777912
"18947",0.434701961777912
"237890",0.434701961777912
"56205",0.434695936880905
"73902",0.434586632389526
"23876",0.43443202094182
"209003",0.434330665708877
"260408",0.434328632659688
"17872",0.434273380228376
"66559",0.434271045382645
"231868",0.434258720524677
"239170",0.434180793796732
"665270",0.434117827950057
"66632",0.43397406641468
"100504663",0.433734920428903
"66039",0.433698294283076
"13595",0.43357629800097
"57743",0.433492999907432
"382421",0.433490253486837
"56811",0.433446796243367
"12831",0.432979506555153
"69188",0.432803397716485
"103768",0.432678880910499
"22193",0.432252885720727
"22384",0.431683215520569
"226823",0.431648628035614
"14397",0.431607502994282
"20638",0.431405137683803
"217882",0.431105647247496
"667537",0.431057437903598
"19342",0.430915789714067
"13667",0.430907110166636
"67013",0.430617657690691
"239845",0.430557880724924
"53315",0.430268732353363
"245828",0.430003013735234
"17064",0.42989117130988
"69181",0.429773018320117
"208846",0.429695540711303
"70207",0.42966411986221
"231440",0.429623383832533
"66689",0.429582287990257
"19273",0.429364245203747
"12483",0.429012068888689
"12314",0.428990951156338
"100416068",0.428884460523186
"100416118",0.428884460523186
"259008",0.428884460523186
"103511",0.428820072440454
"67089",0.428719883953815
"170644",0.428667621699907
"14748",0.428560812469628
"227449",0.428531671705234
"68760",0.428286537318283
"239099",0.428262953301156
"228801",0.428230149415022
"207965",0.428194455088861
"14077",0.428089531155243
"73916",0.42797127414613
"13857",0.427908191279735
"240869",0.427703928771604
"14583",0.427697735379692
"238988",0.427550560846384
"71461",0.427522386498935
"67742",0.427486030541505
"215387",0.427185875817275
"12297",0.427051235906409
"58230",0.426841237241213
"80987",0.426646192392257
"101206",0.42646917354647
"70897",0.426273323799961
"14786",0.426074854331788
"15278",0.426020485884151
"239114",0.425911080682736
"227683",0.425779674455479
"58861",0.425700016517159
"98910",0.425562796922583
"15505",0.425339373658633
"67804",0.425297020971904
"57748",0.424994631504941
"69227",0.424942715608304
"77048",0.424920210075809
"108089",0.424687978034851
"69736",0.424469306243116
"66291",0.424446505561152
"11733",0.424345695833136
"26404",0.424279375755174
"14051",0.424225827841677
"73683",0.424084999754508
"72508",0.423947050462285
"100505386",0.423885245626303
"56772",0.423810767267236
"13498",0.423798657399778
"100504002",0.42371275785982
"72416",0.423497850243187
"432450",0.423445638440304
"225651",0.423281572335737
"140887",0.423232435131422
"14007",0.423057285240193
"72469",0.422978376495703
"67426",0.422880455758186
"240638",0.422845804910509
"66390",0.422779290524092
"13346",0.422747418852816
"628324",0.422729786988192
"240518",0.422566264389555
"12452",0.422510784486236
"224705",0.42246742591421
"621306",0.42232574454405
"632534",0.422192441636689
"21753",0.421934860134486
"12549",0.421781626537473
"21955",0.421699853018632
"100952",0.421521480768026
"213988",0.421431216198352
"16796",0.421396601614926
"258292",0.421156176309938
"64424",0.42113537282249
"15552",0.42096975713166
"382066",0.420927280293559
"100862085",0.420905077511534
"235323",0.420880450256537
"80901",0.420832813973052
"223435",0.420767016856215
"233204",0.420710674593727
"110058",0.420627989836169
"218066",0.420368011469127
"109232",0.420332157553862
"12018",0.420282519802623
"77106",0.420182136703081
"16529",0.420066525104174
"71238",0.419830395939532
"170749",0.419721486532364
"72787",0.419576669826761
"230376",0.419317442559198
"20893",0.419202783298778
"93671",0.419181826570502
"100504221",0.41914593526687
"100862368",0.41914593526687
"11890",0.41914593526687
"19146",0.41914593526687
"195555",0.41914593526687
"320309",0.41914593526687
"668205",0.41914593526687
"67596",0.41914593526687
"73297",0.41914593526687
"108068",0.419089267411482
"665622",0.419060101347375
"74320",0.419009652488342
"12140",0.418973459074052
"269437",0.418948384731286
"117198",0.418933258519667
"675812",0.418895558615682
"547176",0.418796421500601
"101056159",0.418773993017831
"13034",0.418773993017831
"23881",0.418660191532374
"208727",0.418608447810297
"100042651",0.418328673427846
"72691",0.418110589299099
"74665",0.418044797834069
"330192",0.418021101448877
"50798",0.418012831910604
"17132",0.417917975141041
"69068",0.417915529939183
"213945",0.417875413789377
"330323",0.417682042813804
"621205",0.417590660012833
"140546",0.417553988867502
"67775",0.417489378542484
"94352",0.417419975869489
"21335",0.417267908460632
"105559",0.417104989744555
"17069",0.416984890547708
"56277",0.416841819607644
"22217",0.416527558488034
"654812",0.416527395407982
"54646",0.416520005161214
"224224",0.416509660155896
"217328",0.41647258272878
"329575",0.416306834613148
"240066",0.416028386237261
"74125",0.415853228365913
"237253",0.415751338162458
"641340",0.415731038196679
"104383",0.415722906036463
"544872",0.415722263371554
"28030",0.4156824939277
"73158",0.415632422478258
"319322",0.415517405271052
"101739",0.415419146811558
"210719",0.41499277962803
"229055",0.414695082974983
"56370",0.414664257047344
"12265",0.414601272515972
"226646",0.414388981779682
"56709",0.41427784031832
"19279",0.414257941627993
"71833",0.414030212585603
"70638",0.413842151127821
"66259",0.413575021569402
"100039945",0.413523447617326
"233405",0.413458770918073
"16453",0.413428107351226
"73422",0.41338752170001
"231474",0.413366059843374
"52696",0.413159257378417
"243270",0.413070958398234
"235339",0.413027287131199
"11472",0.412966986262427
"73822",0.412929464229848
"20238",0.412781913891436
"213417",0.412476228555106
"67287",0.412393428663263
"72895",0.412305213092679
"268816",0.412258333428409
"71733",0.412184877774283
"12936",0.411916287233
"67464",0.411909176491856
"71063",0.411855224637901
"64654",0.411681676634649
"13548",0.411391489231279
"67440",0.41122825362652
"68927",0.411106921522326
"14009",0.410829011470819
"258407",0.410755468490854
"258672",0.410751762587193
"18102",0.410722812556927
"72345",0.410705735116272
"100043712",0.410624553523316
"235533",0.410135405267073
"319236",0.409957767682444
"75769",0.409918827576881
"240667",0.409819850484101
"70560",0.409764393131003
"18220",0.409590720839733
"211948",0.409560017399395
"54519",0.409419031928836
"100040233",0.40933720092189
"105243",0.409197040232755
"54473",0.409072043492636
"14526",0.409064225196232
"75750",0.409064225196232
"17125",0.409043662936618
"12729",0.4090419509907
"320225",0.409011949497864
"233836",0.408929731756462
"72634",0.408746813542942
"231225",0.40860983626184
"75409",0.408294322928375
"16165",0.40812871188728
"382620",0.408048352733701
"71648",0.407931965314642
"245049",0.407498452996225
"72569",0.407488038896152
"83924",0.407464170765384
"668779",0.407378219361316
"58186",0.407179149566559
"170799",0.407162743552743
"12589",0.406363703116033
"230761",0.406083887026119
"67569",0.406062623347319
"403205",0.405775502574349
"20418",0.405720312186559
"50786",0.405692930006346
"21923",0.405672222778987
"78757",0.405525197948861
"75580",0.405518325496058
"15040",0.405342398578075
"77771",0.405338583912464
"66368",0.405039606381703
"67179",0.40474089914347
"108995",0.404676569667777
"75345",0.404364964565012
"15451",0.40430553288623
"69894",0.404182433029716
"18127",0.404171825256328
"66270",0.404121855306048
"76524",0.404016842802232
"66204",0.404007729924186
"76816",0.403949493443821
"239857",0.403850671660912
"69101",0.403824849859248
"80982",0.403729648905014
"26374",0.403671476344576
"67573",0.403623846284259
"381305",0.403528542617941
"226691",0.403468018148274
"268934",0.40333490171673
"12013",0.403171822099523
"269233",0.40315721238439
"15441",0.402784298765804
"70552",0.402658193812231
"59032",0.402646707113809
"59003",0.402566688271361
"20230",0.402488565717412
"214572",0.402419389542862
"78339",0.402291402545069
"12908",0.402119701085641
"75533",0.4019432777192
"240726",0.401927239566982
"21454",0.401897097186927
"13665",0.401455588391144
"231760",0.401251342014573
"218341",0.401228604397136
"27404",0.401131958168703
"11515",0.401121655074057
"74032",0.400964689154556
"209354",0.4009313806899
"93717",0.400910422655938
"245522",0.40087920156633
"70533",0.400786095903968
"210992",0.400647346048764
"66067",0.400569205695335
"212442",0.400447643740391
"17873",0.400426847737598
"72128",0.400148855861908
"77794",0.400021046388053
"14070",0.399965166515213
"217869",0.399794198520268
"231712",0.399700588363215
"67532",0.399622238300182
"231327",0.399559599958481
"15931",0.399507273332024
"66570",0.399473219315178
"69721",0.399461536094537
"71326",0.399438604926558
"11305",0.398886856764548
"12162",0.398787764161574
"16985",0.398656419648521
"78303",0.398650980476653
"239559",0.398579628539416
"320158",0.398155240443218
"217995",0.397989958885665
"207215",0.397930331650155
"67845",0.397866865713825
"16174",0.397832151094951
"215085",0.397791113047964
"15458",0.397634987182615
"27083",0.397543570419387
"76022",0.397407006868329
"432736",0.397400994976572
"19069",0.397369729526225
"12424",0.397322500794342
"19056",0.397319767022562
"225888",0.397233550156848
"72171",0.397033645628079
"231571",0.396784736339887
"22642",0.396531802816326
"23936",0.396476538764079
"73737",0.396392485305089
"78251",0.396263677648774
"666282",0.395989393297472
"83490",0.395898156903601
"237107",0.39573270101619
"12366",0.395723108447005
"12937",0.395617468081064
"353187",0.395574682898471
"15115",0.395553797153231
"14038",0.395454475754646
"66970",0.395418324132849
"72519",0.395138668720571
"30953",0.394970340010664
"11608",0.394904260723721
"75870",0.394903182343601
"668501",0.394757151373879
"16539",0.394736199492394
"114643",0.394634786798576
"210148",0.394495679540196
"622962",0.394417622629504
"54380",0.394416556504869
"65079",0.394355068235893
"18791",0.394352411456006
"74053",0.394087902273918
"237928",0.39404941935993
"13837",0.393827327934671
"271639",0.393607704626096
"75770",0.393482222767556
"319675",0.393434379548754
"18004",0.393282377229611
"242506",0.393191992120382
"11514",0.393151827534713
"57756",0.39301568108568
"17002",0.392830353661764
"14479",0.392591123935305
"230577",0.392574284178815
"20969",0.392311271284349
"12371",0.392303590546054
"67917",0.392300587332036
"66425",0.392166964485535
"68964",0.392146137618339
"232337",0.392135476125181
"208151",0.392130637476558
"69151",0.392128401868735
"238725",0.392078350052473
"101592",0.391914596764037
"66419",0.39181678813416
"68832",0.391816543081677
"14302",0.391789488250341
"269254",0.391498399472733
"22116",0.391372727169419
"100042025",0.391253097706762
"70561",0.391101087589217
"574437",0.390775917303519
"100101919",0.39039159791788
"226541",0.390149625751655
"13349",0.390115050625588
"74413",0.390072588074157
"18423",0.389992032200524
"116904",0.389965411954893
"666974",0.38992759437474
"15000",0.389886676909682
"70369",0.389726037546037
"18029",0.389641244006831
"622665",0.389590291585732
"74718",0.389586653630111
"27384",0.389549104924264
"54367",0.389487367125254
"232536",0.389364684628417
"18846",0.389012373456778
"210801",0.388979914139217
"234729",0.388831583185553
"218734",0.388751500710098
"102635315",0.388444339640665
"277360",0.388108900235951
"13011",0.38769875903359
"93888",0.387698731014428
"74309",0.387606609678219
"434377",0.387605463095367
"17110",0.387560953240748
"19329",0.387560953240748
"213765",0.387560953240748
"259051",0.387560953240748
"654459",0.387560953240748
"77799",0.387387700617143
"18163",0.387386232597693
"77057",0.387197135933904
"109323",0.38714186974611
"20135",0.387082438541334
"212163",0.387058235688725
"22640",0.386704365011024
"72999",0.386688843851352
"12490",0.386654741112418
"231872",0.386245592314355
"67846",0.38617199652026
"68755",0.386017755360365
"433845",0.385877775535793
"338368",0.385704464529066
"13653",0.385491873372113
"30957",0.385486975500829
"75578",0.385449575979284
"100532",0.385107928248143
"102634333",0.384855066633914
"258705",0.384733427707473
"241627",0.384335145971452
"75173",0.384310554553317
"12724",0.383824487733553
"76799",0.383731092137761
"664987",0.383419686093425
"50720",0.383089241367186
"100534273",0.383041148529412
"229595",0.382912981570741
"257956",0.382554856508849
"98403",0.382429356986541
"30959",0.382424208458574
"69017",0.382002294738185
"74100",0.38198289620966
"101513",0.381852123571578
"69329",0.38180053305153
"319845",0.381308129570715
"13207",0.381239275951462
"73016",0.381229341427954
"11490",0.381166656789686
"54561",0.381024700873817
"13684",0.380995450129459
"19826",0.380986017382266
"66394",0.380968859892315
"15504",0.380650918324242
"56857",0.380490011302104
"66887",0.379903226839673
"66404",0.379815643833528
"80707",0.379617446468152
"22312",0.379500134970001
"29869",0.379285459632296
"54123",0.379248997695055
"76357",0.378960914104694
"100041265",0.378845890365078
"258679",0.378810312029819
"215015",0.378405302022773
"73173",0.378362469152632
"68117",0.378251354274907
"69792",0.378073637544125
"242735",0.378068013100246
"77038",0.377893305779814
"20617",0.37760612499917
"56457",0.377517811427893
"71389",0.377390678040352
"20974",0.377364794800745
"69577",0.377364539893561
"22230",0.377291313830274
"20624",0.377025267856163
"270669",0.377008903740816
"66074",0.37691672764059
"227094",0.376702193741745
"66664",0.376560590679325
"269701",0.37638422136354
"333433",0.376082120837637
"11487",0.375996847631526
"72650",0.375704844892608
"245865",0.375476586671225
"12775",0.375448786948493
"50797",0.375389492048954
"15530",0.375228586107103
"545902",0.375143916080541
"30932",0.375094874741629
"13990",0.374304261488855
"70045",0.374279905892929
"93728",0.3742402679875
"18828",0.374201588141726
"74691",0.3741951747026
"381634",0.374135974399077
"72344",0.374105880171103
"72672",0.373885135781841
"15168",0.3736723678388
"230235",0.373524872890097
"208634",0.373464610537857
"105504",0.373207304239227
"210582",0.373194304628908
"52615",0.373193233379456
"11416",0.372931949161845
"15951",0.372743675453702
"71521",0.372426676208591
"53625",0.372247945501432
"13417",0.372136216383493
"109115",0.372120789364266
"234699",0.371823698723567
"112403",0.371821916714824
"100862247",0.371763069635125
"52679",0.371735369889396
"73635",0.371528746765307
"78885",0.371417519811259
"12374",0.371292191690912
"208158",0.371162931930176
"268780",0.371145052987717
"67158",0.371133311682254
"320365",0.371043213406004
"14547",0.371038693664102
"71988",0.370903557256018
"669429",0.370798504825158
"215418",0.370480052625674
"233490",0.370462578487481
"192163",0.370274704334487
"71774",0.370118830961346
"69358",0.369800411133681
"11806",0.369628829521275
"78593",0.369530375497068
"219022",0.369380896331184
"217127",0.369378285881777
"171508",0.369376427022759
"171186",0.369062240046127
"73162",0.369003558134657
"110196",0.36891943534877
"67112",0.368716523372326
"74589",0.368466672652283
"381405",0.368457273598594
"64011",0.36841647206123
"68708",0.368125008996411
"17995",0.368086436731628
"58911",0.368063820496279
"69665",0.367968713100242
"268721",0.367916386217494
"329502",0.367841624511422
"100043840",0.367664131285287
"404330",0.367444313818576
"21366",0.367430134038694
"56369",0.367411180511368
"373864",0.367300059205196
"170829",0.367000667597686
"13710",0.366974171057986
"54672",0.366940112682584
"65247",0.366487155242369
"72325",0.366459689791431
"102634429",0.366424629318612
"320869",0.366292804865881
"239852",0.366161032580906
"224826",0.366122493451915
"15560",0.366078711302112
"72119",0.365934092746133
"73172",0.36590047564425
"68142",0.365406218144555
"545124",0.365400974812152
"12895",0.365333118736065
"227700",0.365255148731037
"244694",0.365030258246336
"69823",0.364940778132905
"16885",0.36488541908132
"21787",0.364773767270063
"70683",0.364693101838961
"68295",0.36463266821732
"72108",0.364527485994824
"246738",0.364520557695515
"12537",0.363942580946703
"277328",0.363876466264314
"258783",0.363686774619538
"76654",0.363423125914949
"69528",0.363273732612171
"217340",0.363088393603121
"20166",0.362973537718378
"18030",0.362878825425773
"246730",0.362814718746721
"68014",0.362633589346689
"26394",0.362156917406942
"17237",0.361977104943098
"170936",0.361818435633254
"70930",0.361818279708658
"20112",0.361645927167924
"67164",0.36144823452028
"320502",0.361334073877854
"68233",0.361334073877854
"68564",0.361190977326249
"216549",0.360976348841259
"214575",0.36081997375376
"11883",0.360738126412581
"435653",0.360551665303295
"320858",0.360236907976766
"240174",0.360170449628872
"54219",0.359982763117401
"69131",0.359974680271986
"207792",0.359881513499731
"73744",0.359781988882271
"66958",0.359739539060049
"242497",0.359678088334684
"17868",0.359451494197069
"75647",0.359433217544875
"100040619",0.35941904878845
"100312563",0.35941904878845
"100417417",0.35941904878845
"100775175",0.35941904878845
"108169073",0.35941904878845
"110787",0.35941904878845
"113862",0.35941904878845
"11687",0.35941904878845
"20701",0.35941904878845
"21926",0.35941904878845
"234677",0.35941904878845
"258338",0.35941904878845
"319942",0.35941904878845
"329055",0.35941904878845
"387586",0.35941904878845
"432649",0.35941904878845
"503550",0.35941904878845
"626513",0.35941904878845
"633061",0.35941904878845
"665655",0.35941904878845
"66765",0.35941904878845
"670467",0.35941904878845
"672614",0.35941904878845
"68460",0.35941904878845
"69371",0.35941904878845
"69542",0.35941904878845
"77905",0.35941904878845
"27756",0.359415278765567
"12928",0.359302495715874
"71767",0.3588615854631
"59026",0.358841592077192
"74071",0.358628236516852
"330427",0.358593348037787
"232878",0.358436334427883
"69387",0.358411106848971
"208677",0.358182550093629
"12124",0.357983961160897
"622491",0.357983961160897
"666672",0.357983961160897
"69169",0.357983961160897
"192232",0.357847923736388
"381823",0.357672734711742
"18189",0.357599338290724
"100384877",0.357508502581865
"83408",0.35738120466242
"71691",0.357371761667159
"67031",0.357210200546401
"257875",0.357162255606637
"18049",0.357067451218665
"71514",0.357014503309964
"100039384",0.357006214356473
"12671",0.356827839260654
"20359",0.356745567313913
"66880",0.356381328594078
"69726",0.356321590726053
"13835",0.35613215049064
"109168",0.35604907402755
"217379",0.355894290962128
"69456",0.355490378799069
"320938",0.355487304938561
"56869",0.355463164536945
"242484",0.355389957139017
"67452",0.355303688199534
"70081",0.355299782737076
"67731",0.355180881997119
"17831",0.355078236729059
"68404",0.354476211070714
"212281",0.354367509918703
"20689",0.35414898681696
"68477",0.353928257526645
"20658",0.353662633845144
"94214",0.353631120008006
"26912",0.353366409244538
"71978",0.353300592463178
"94219",0.353223344600811
"22200",0.353194003235199
"214897",0.352718042649746
"171236",0.352421967856149
"268470",0.352420059502836
"67026",0.352418602129766
"67228",0.352399356895294
"231946",0.352350753073572
"69893",0.352245548607174
"242553",0.352188074965129
"26372",0.35209466100098
"68904",0.352082252035716
"71765",0.352016802316623
"56177",0.351989284413347
"18821",0.351983366600784
"269061",0.351948103047895
"217682",0.351915986569719
"17428",0.351550709083374
"668303",0.351320789121168
"22169",0.351247768366482
"64050",0.351027081192217
"17857",0.350556861251513
"234353",0.350547492334158
"100043299",0.35048577058616
"212032",0.350355880023348
"17540",0.350347303819781
"14137",0.350275388773039
"319513",0.350099439052836
"67057",0.349798488970058
"14612",0.349758842901971
"330836",0.349625083902862
"56335",0.349520829854286
"240283",0.349481685822515
"12554",0.349424599077904
"211134",0.349242562919615
"666128",0.349233588819727
"29813",0.34918969329664
"12121",0.349132243257362
"320554",0.349076035027045
"236509",0.34895887844382
"74145",0.348867253654693
"192119",0.348802914241032
"77532",0.348794972700688
"16184",0.348779508529012
"77609",0.348634742817631
"192970",0.348491944971346
"26913",0.348409575404948
"104771",0.348407925571261
"320736",0.348278643387786
"66174",0.348271553907453
"66233",0.348252521918653
"66753",0.348172362327488
"68925",0.348086061309911
"74533",0.348010839897756
"381107",0.348005083078384
"214585",0.347957629538753
"72997",0.347760257126349
"666376",0.347502527026041
"59030",0.347358773138272
"55947",0.347195923970823
"207932",0.34651586968407
"107605",0.346481221064115
"212679",0.346437804445393
"20505",0.34614502337234
"381399",0.34614502337234
"74325",0.346136026523181
"110751",0.345963057288015
"21350",0.345931516221941
"16418",0.345647210369323
"78688",0.345573321247499
"70160",0.345431714871003
"23999",0.34539848700672
"57778",0.34531068425576
"68813",0.345250435871179
"12469",0.344800326034443
"230779",0.344530430142005
"19134",0.344497648144379
"381810",0.344404838043054
"227960",0.344350342830659
"56095",0.344136571781535
"66245",0.34400692987788
"12653",0.344000735266496
"108116",0.34398345644824
"231380",0.343950208623284
"13845",0.34373115054391
"16522",0.343612203060541
"105351",0.343552433890172
"626397",0.343097940066062
"19290",0.342705243114497
"233870",0.342358991949144
"241490",0.34224848050961
"68140",0.34182805718502
"56275",0.341631999424257
"16669",0.341565373339443
"15945",0.34149618073601
"69719",0.341407476111819
"114479",0.341327165141441
"380701",0.341206705084181
"77591",0.340788441051392
"93891",0.340719577415973
"18430",0.340633877795969
"74427",0.340508470601624
"214403",0.340423219554939
"668310",0.340423219554939
"258675",0.340371245225982
"56710",0.339879145132875
"74150",0.339827468024127
"100039601",0.339471654450866
"76899",0.339338578886195
"68449",0.339078867571709
"70998",0.339045548345794
"17687",0.338905516155047
"21750",0.338687478710381
"17279",0.338151966279264
"668858",0.337921210301491
"22143",0.337868810661388
"22134",0.337735266894396
"100683",0.337724234718469
"12797",0.337601160827358
"14863",0.337595184046851
"28035",0.337547111890713
"50762",0.33752440672011
"110902",0.336998371474046
"70004",0.336962157643747
"57442",0.336763685234581
"11979",0.336282282922043
"83962",0.336131032776208
"68473",0.336031468534905
"280287",0.336011926023072
"21886",0.335949949365961
"17524",0.335937973239013
"624395",0.33590925972282
"225468",0.335873732761019
"636808",0.335863905231597
"77036",0.335736401286511
"258369",0.33562093636878
"319352",0.335537542905489
"68515",0.335491894768992
"69956",0.33525293687147
"12394",0.33513319247222
"56291",0.335078186380156
"83396",0.33483976136411
"100040545",0.33481577338072
"100418049",0.33481577338072
"20292",0.33481577338072
"100416747",0.334812594702787
"108168835",0.334812594702787
"12502",0.334812594702787
"14103",0.334812594702787
"171284",0.334812594702787
"17227",0.334812594702787
"18505",0.334812594702787
"215095",0.334812594702787
"216229",0.334812594702787
"243655",0.334812594702787
"258406",0.334812594702787
"258984",0.334812594702787
"328780",0.334812594702787
"432543",0.334812594702787
"545269",0.334812594702787
"545384",0.334812594702787
"620899",0.334812594702787
"665339",0.334812594702787
"665989",0.334812594702787
"667394",0.334812594702787
"66763",0.334812594702787
"671007",0.334812594702787
"74087",0.334812594702787
"72502",0.334758057731231
"74451",0.334525062127838
"66696",0.334494136619306
"353204",0.334201600200321
"621628",0.334114807488226
"50781",0.333894932853027
"214305",0.333800920896721
"209387",0.333718724367076
"26440",0.333422643498272
"235469",0.333304964772285
"67911",0.333266217361286
"50787",0.333188662516436
"16993",0.333188119850806
"14261",0.333080769972369
"14939",0.333042039786314
"170787",0.332966566263219
"16598",0.332806649749297
"54630",0.332462533938904
"66196",0.332461941466111
"238690",0.332437300631564
"105000",0.332334643429488
"75462",0.332062145123424
"15364",0.331989366212083
"225164",0.33197656173349
"278240",0.331933494954304
"66590",0.331880938783196
"13393",0.331750623203552
"19888",0.331750623203552
"14461",0.331696856875403
"70129",0.331137894204538
"320795",0.331063190590422
"257633",0.330852764116037
"18591",0.330433556375386
"13524",0.330105194963861
"67217",0.329986361098866
"71508",0.329980676704427
"100417793",0.329883292595119
"12050",0.329629500204489
"108154",0.329533164030291
"21418",0.329444478738411
"79555",0.329274000052592
"74435",0.329111378532744
"107182",0.32891286777958
"13437",0.328454713773618
"234730",0.328317613803457
"245269",0.328158939727386
"21380",0.328134575316179
"66120",0.328113780243885
"225187",0.328104198582652
"13610",0.327819496102049
"76650",0.32778799194209
"74051",0.327725758499169
"53945",0.327629611028691
"20475",0.32758275689889
"245240",0.32729020370818
"17885",0.327171388237582
"26427",0.327154881601934
"329540",0.327102754147998
"110911",0.327057471991149
"108124",0.327051138247107
"13601",0.327016831789291
"26987",0.326982836001312
"57875",0.326933542811261
"16560",0.326932352452631
"225655",0.326893477787485
"432628",0.32687749975184
"269614",0.326839135563508
"14284",0.326828090114309
"233865",0.326763544166944
"14030",0.326758597042197
"328258",0.326701194085918
"258494",0.326657424351012
"234959",0.326418793478494
"668463",0.326404081171713
"12933",0.326258261120204
"69601",0.326149376256216
"70248",0.325975891797589
"66234",0.325851429618139
"12144",0.325782490194772
"56535",0.325762331988304
"12443",0.325556249248507
"67077",0.325439794127471
"208718",0.325348586048508
"67161",0.325285159146962
"21969",0.325096415952975
"18726",0.325003430059886
"20526",0.325003430059886
"20531",0.325003430059886
"241452",0.325003430059886
"13655",0.324873940770669
"18969",0.324750150843991
"665813",0.324678089446577
"71147",0.324671064180184
"24067",0.324535814261392
"67864",0.32422734312371
"12167",0.323968335768882
"50850",0.323929919640509
"237868",0.323633760874038
"103836",0.323586688505372
"54208",0.323353394632367
"66060",0.32330299948931
"620016",0.323270763361875
"320360",0.323262485729911
"259062",0.32314978303481
"225913",0.323012526593352
"17979",0.322980103665449
"353235",0.322931199355091
"23827",0.322648626813648
"50908",0.322501732281282
"59090",0.322394038074864
"226654",0.322366950846209
"105203",0.322165491766074
"434784",0.322105171568993
"666113",0.321983092770745
"227682",0.321880332491191
"17159",0.321746611681232
"57441",0.321674061059823
"232970",0.321580558057756
"19654",0.321545912193355
"235582",0.321510137139143
"227526",0.321147195788462
"17480",0.320963112011831
"80981",0.32079881734009
"66398",0.320462091274905
"18166",0.320394733604622
"56447",0.320177649304928
"545136",0.320157773111666
"116849",0.320108349646013
"24015",0.320058490176389
"56195",0.319602518960267
"170759",0.319530915669278
"240427",0.319511150279871
"77037",0.31945664352687
"72183",0.319372574514753
"78887",0.319103818756547
"381314",0.319063071302984
"331524",0.319010969992882
"22693",0.318980258230398
"100039060",0.318895624245986
"245877",0.318822341652649
"11831",0.318654010616
"70951",0.318630763838143
"75593",0.318590994756812
"320696",0.318419385467616
"56018",0.31836049952952
"77252",0.318308226480772
"21804",0.318289806752182
"15442",0.317870677636558
"18627",0.317833076857154
"224912",0.31780535358931
"14429",0.317718568238161
"68653",0.317679226027527
"15248",0.317592617939492
"234728",0.317481108109381
"241764",0.317065892711176
"319266",0.316906577627368
"57905",0.31689703572298
"56219",0.316882972132067
"71707",0.316810225251022
"22192",0.316760805410297
"77739",0.316679843080954
"77116",0.316583287711987
"100040944",0.316479472489129
"217864",0.31639758426429
"20589",0.316305527747998
"18074",0.316001060621966
"12826",0.315987475505535
"12450",0.315969032098853
"625861",0.315901223703893
"93877",0.315871051449175
"83762",0.315767585911073
"56198",0.315685952284917
"66715",0.315489101526941
"433184",0.315251830612659
"57312",0.31524346876846
"241732",0.315230681499593
"20397",0.315203134546332
"56734",0.315113279087681
"59006",0.315113279087681
"245684",0.315081923000829
"277898",0.314827174866633
"12122",0.31470873586328
"67065",0.314077848919356
"56274",0.314044839390242
"72461",0.313920330841817
"72278",0.313915783789026
"634650",0.313898689159759
"329506",0.313337639497585
"50788",0.313271229252695
"230863",0.31321207659508
"67441",0.313113052035887
"12748",0.312653091563179
"20620",0.312594433829949
"21858",0.312510173695925
"57295",0.312098836032442
"104009",0.311927111131278
"229277",0.311920963694113
"67664",0.311864934998556
"380686",0.311802986589816
"24086",0.311485901369768
"15561",0.311415224025033
"269693",0.31134427831006
"66965",0.311283003377454
"20630",0.311249380496018
"20353",0.311186180272303
"94232",0.311118452993167
"75627",0.311113222160219
"22342",0.310981420168947
"28169",0.310913142840518
"225743",0.310772248530958
"241070",0.310587831518088
"109095",0.310520211965746
"67602",0.310479279170713
"108853",0.310193269144632
"50490",0.309955497460799
"21414",0.309892046295238
"107047",0.309872030456859
"237465",0.30983998095194
"240064",0.309746096859139
"12317",0.309743597918735
"93762",0.309740822364024
"12702",0.309660849579997
"19668",0.309403933377642
"21917",0.309382234182413
"26371",0.309075530028681
"74761",0.308978209443596
"68015",0.308855752943921
"23805",0.308714200703801
"18570",0.308609026948188
"14407",0.308513457032295
"12282",0.308493387556178
"71562",0.308371101358785
"77044",0.308240119186253
"100039863",0.307944523769574
"633395",0.307831474272777
"70377",0.307817870137428
"13001",0.307444404750175
"19383",0.307408589217923
"212547",0.307404944795096
"66627",0.307226400699947
"77032",0.30678093095605
"76014",0.306617038786608
"70008",0.30659642651026
"268567",0.306588570087342
"666907",0.306547145961361
"11538",0.306178088886014
"317717",0.30590504139114
"667090",0.305805655788209
"231605",0.305695265736432
"93699",0.30565170387111
"118568644",0.305637651756991
"78257",0.305412137380076
"12190",0.305240949097431
"279572",0.304918181393674
"78774",0.304869315721461
"16865",0.30464364072949
"12047",0.304578590622564
"213006",0.304485429309354
"192192",0.304427435826795
"106707",0.304404268295618
"70625",0.304353315128443
"23807",0.303921209284812
"240334",0.303589735627485
"15891",0.303477811541879
"12062",0.303364979952994
"68614",0.303165013395389
"100986",0.303118557946147
"436062",0.302850407081367
"68799",0.30279215946479
"266645",0.302770281282276
"11819",0.302648418056974
"68212",0.302532884308296
"17475",0.302454718598909
"269878",0.302425052219234
"13669",0.302422982248306
"58231",0.302330154889727
"217480",0.302265756048852
"72061",0.302239775788493
"386655",0.302158466027354
"21664",0.30211819245206
"627214",0.302114204439104
"74343",0.301753463708454
"11444",0.30172310402104
"214901",0.30165644522342
"17700",0.301218187616867
"14115",0.300950353821451
"66141",0.300850775737415
"192194",0.300838152150869
"258397",0.300838152150869
"432442",0.300811791936433
"68556",0.300649673505737
"211347",0.300558419391867
"72323",0.300473535271755
"22110",0.300467221187403
"67378",0.300447863578736
"108114",0.300416064685713
"209586",0.300346447389175
"15500",0.300282776381844
"319263",0.300158790688038
"320106",0.300127800351728
"80907",0.299916381791763
"26416",0.299896240912915
"19252",0.299808305526588
"17470",0.299780781700181
"70767",0.299779883510744
"72320",0.299743488408448
"19210",0.299663238272666
"74194",0.299524907376967
"73254",0.299471790265727
"268903",0.29936315506825
"19271",0.299328113119936
"380797",0.299315620913774
"215900",0.299205186850088
"100504474",0.299124740647539
"71862",0.298967621157125
"72404",0.298923494117278
"66279",0.298836882926107
"329065",0.298712480483398
"93716",0.298282222098835
"68667",0.298233000437287
"106529",0.298054890907724
"19326",0.297957039286033
"213527",0.297758611978188
"69662",0.297663259954146
"234407",0.297401249054896
"73122",0.297324061548977
"108888",0.297309498359998
"13480",0.297200509871211
"216860",0.297170334597796
"58193",0.297073908956215
"108707",0.29697578599094
"54351",0.296780558441574
"15499",0.296737277488292
"17168",0.296711604121602
"11443",0.296701330535191
"19260",0.296621859867838
"15214",0.296440865666909
"386454",0.296315021422384
"383563",0.296296795621292
"207214",0.29623814469946
"69944",0.296193411658945
"54135",0.296189562554921
"668457",0.295959050220048
"71984",0.295762890330642
"16600",0.295624568643044
"20185",0.295588366755345
"23938",0.295574051865564
"71924",0.295508143788081
"15565",0.295462653610032
"67705",0.295282180601568
"244551",0.29524877130441
"109267",0.295139650143243
"277250",0.2950084042251
"19124",0.294548465088856
"67416",0.294513366901594
"26395",0.293934972343009
"75687",0.293838672232229
"69035",0.293618718524699
"20200",0.293599110014924
"67848",0.293520456540216
"108075",0.29327606249968
"18647",0.293189886519721
"217011",0.293147225002631
"106583",0.292963213534319
"18781",0.292515536806988
"623094",0.292515536806988
"235907",0.292510499283788
"77803",0.29242308217428
"67439",0.292378859693921
"107999",0.292371883242018
"13427",0.292096442880801
"70426",0.292044186822611
"209318",0.292006063561215
"232345",0.291909188350044
"20148",0.291746707650182
"244721",0.291729760075012
"195236",0.291615762024154
"677156",0.291615762024154
"330369",0.291402345104941
"16590",0.290737021828478
"19219",0.290673934174552
"70381",0.290654747753028
"67180",0.290506826913486
"73062",0.290199296105403
"194597",0.290159513478207
"19182",0.289733250125708
"227720",0.289659073680404
"109778",0.289617441617641
"68736",0.289508234998893
"12507",0.289385522228132
"72391",0.289055985709622
"67425",0.288918566623544
"54200",0.28877814356629
"78334",0.288656876656091
"328274",0.288613305169777
"68146",0.288517588869873
"71690",0.288233582377484
"666002",0.288190132495076
"72341",0.288089785134911
"11550",0.287988662599561
"434436",0.287867176665314
"66146",0.287863740428748
"64685",0.287652527145363
"227580",0.287485679533264
"18387",0.287433552851933
"77938",0.287087226106125
"57258",0.287056377336088
"19228",0.286982771893048
"70120",0.286812825218024
"192187",0.286712332430507
"70363",0.286653253956193
"230696",0.286646210733828
"66997",0.286640460046931
"226418",0.286514696810834
"20703",0.286346344870779
"624311",0.286346344870779
"666202",0.286346344870779
"66650",0.286346344870779
"69439",0.286346344870779
"74276",0.286346344870779
"209239",0.286294433753075
"547263",0.286159747903604
"72657",0.286119342273878
"56312",0.286083126307296
"72486",0.286054694932292
"72621",0.286039712378267
"218138",0.285934120666579
"56323",0.285826303753215
"74463",0.28520529348719
"271505",0.285094535278547
"230935",0.285021114532067
"545156",0.28499821737029
"18331",0.284989102240837
"15183",0.284864813985553
"381801",0.284839424242183
"77889",0.284838683712762
"320747",0.284539498296193
"50876",0.284529639709991
"75758",0.284510582850045
"22688",0.284340079105156
"29856",0.284170733210951
"71163",0.284123970941289
"69700",0.28407624407698
"57321",0.283993177060589
"70989",0.283922285925417
"676923",0.283893143307159
"114663",0.283891168805287
"245886",0.283790361901017
"17079",0.283724582303092
"320802",0.283704920807166
"258103",0.283517768371684
"18139",0.283441745682526
"66667",0.283318496535763
"12223",0.283112676257272
"546648",0.282982797595783
"102639598",0.28273165143005
"51812",0.282562672074903
"58988",0.282481528520797
"100043064",0.281866153419676
"22051",0.281864804382688
"18176",0.281788557966084
"242109",0.281693661916036
"100042375",0.281564699024871
"13615",0.281564699024871
"622795",0.281564699024871
"229542",0.281501821980445
"319713",0.281387800199319
"100040682",0.28124430413911
"100303744",0.28124430413911
"100384871",0.28124430413911
"102632956",0.28124430413911
"115488371",0.28124430413911
"14918",0.28124430413911
"15437",0.28124430413911
"171246",0.28124430413911
"21636",0.28124430413911
"22094",0.28124430413911
"227631",0.28124430413911
"257844",0.28124430413911
"258039",0.28124430413911
"258374",0.28124430413911
"258412",0.28124430413911
"27381",0.28124430413911
"382231",0.28124430413911
"384560",0.28124430413911
"434794",0.28124430413911
"57269",0.28124430413911
"665766",0.28124430413911
"666519",0.28124430413911
"74175",0.28124430413911
"76378",0.28124430413911
"76722",0.28124430413911
"100039870",0.28124430413911
"100040500",0.28124430413911
"100041026",0.28124430413911
"100041057",0.28124430413911
"100041840",0.28124430413911
"100041999",0.28124430413911
"100042781",0.28124430413911
"100043115",0.28124430413911
"100124662",0.28124430413911
"100125586",0.28124430413911
"100126471",0.28124430413911
"100151693",0.28124430413911
"100416034",0.28124430413911
"100417818",0.28124430413911
"100417950",0.28124430413911
"100418056",0.28124430413911
"100418367",0.28124430413911
"100418470",0.28124430413911
"100504200",0.28124430413911
"100534285",0.28124430413911
"100534336",0.28124430413911
"100647",0.28124430413911
"100861908",0.28124430413911
"101055974",0.28124430413911
"102633232",0.28124430413911
"102633523",0.28124430413911
"102636960",0.28124430413911
"102926",0.28124430413911
"108168456",0.28124430413911
"108169089",0.28124430413911
"110785",0.28124430413911
"110805",0.28124430413911
"114241",0.28124430413911
"115487801",0.28124430413911
"12623",0.28124430413911
"14126",0.28124430413911
"14460",0.28124430413911
"14587",0.28124430413911
"15361",0.28124430413911
"15402",0.28124430413911
"15495",0.28124430413911
"16420",0.28124430413911
"16663",0.28124430413911
"16672",0.28124430413911
"16866",0.28124430413911
"16963",0.28124430413911
"17182",0.28124430413911
"17962",0.28124430413911
"207209",0.28124430413911
"210876",0.28124430413911
"215854",0.28124430413911
"216797",0.28124430413911
"224762",0.28124430413911
"228684",0.28124430413911
"235033",0.28124430413911
"240669",0.28124430413911
"240894",0.28124430413911
"241516",0.28124430413911
"242285",0.28124430413911
"242823",0.28124430413911
"244178",0.28124430413911
"246791",0.28124430413911
"258035",0.28124430413911
"258268",0.28124430413911
"258334",0.28124430413911
"258561",0.28124430413911
"258569",0.28124430413911
"258706",0.28124430413911
"258764",0.28124430413911
"258938",0.28124430413911
"258960",0.28124430413911
"27217",0.28124430413911
"319180",0.28124430413911
"320631",0.28124430413911
"328573",0.28124430413911
"333331",0.28124430413911
"378700",0.28124430413911
"381091",0.28124430413911
"381272",0.28124430413911
"382450",0.28124430413911
"382601",0.28124430413911
"383650",0.28124430413911
"383665",0.28124430413911
"384710",0.28124430413911
"385336",0.28124430413911
"386450",0.28124430413911
"387565",0.28124430413911
"404194",0.28124430413911
"404336",0.28124430413911
"432825",0.28124430413911
"433278",0.28124430413911
"433742",0.28124430413911
"434218",0.28124430413911
"435727",0.28124430413911
"436243",0.28124430413911
"554292",0.28124430413911
"56492",0.28124430413911
"57272",0.28124430413911
"620253",0.28124430413911
"620400",0.28124430413911
"623198",0.28124430413911
"623568",0.28124430413911
"627734",0.28124430413911
"637896",0.28124430413911
"639162",0.28124430413911
"640324",0.28124430413911
"641361",0.28124430413911
"64833",0.28124430413911
"664812",0.28124430413911
"665213",0.28124430413911
"665321",0.28124430413911
"665329",0.28124430413911
"665401",0.28124430413911
"665486",0.28124430413911
"665973",0.28124430413911
"666447",0.28124430413911
"666628",0.28124430413911
"666881",0.28124430413911
"667019",0.28124430413911
"667163",0.28124430413911
"66732",0.28124430413911
"667331",0.28124430413911
"667656",0.28124430413911
"667977",0.28124430413911
"668336",0.28124430413911
"668477",0.28124430413911
"668659",0.28124430413911
"669017",0.28124430413911
"67107",0.28124430413911
"67358",0.28124430413911
"67373",0.28124430413911
"67591",0.28124430413911
"67653",0.28124430413911
"68054",0.28124430413911
"69301",0.28124430413911
"69376",0.28124430413911
"70001",0.28124430413911
"70696",0.28124430413911
"70900",0.28124430413911
"71287",0.28124430413911
"71597",0.28124430413911
"74281",0.28124430413911
"76713",0.28124430413911
"76942",0.28124430413911
"77705",0.28124430413911
"52915",0.280595494616661
"78541",0.280507631345076
"665146",0.280452426261117
"15135",0.28037451964289
"170735",0.280100348230407
"71780",0.280045827810204
"171282",0.280041024933965
"433091",0.279939582112632
"58202",0.279804977395294
"13805",0.279753269671596
"68172",0.279729595034469
"74102",0.279724006516825
"66971",0.279681937437947
"13244",0.279617756750739
"11682",0.279536689108893
"68572",0.279501459188643
"216792",0.279424685980427
"227333",0.279029379560236
"384808",0.278828054494031
"50540",0.278670454197033
"225028",0.278500217248254
"18554",0.278494369043774
"214498",0.278434560690524
"110606",0.2784009963482
"21339",0.278081135862694
"102639650",0.278072405848667
"16601",0.277914414247703
"19328",0.277856347958678
"229681",0.277779094414052
"209584",0.277712732058015
"269536",0.277578416734619
"22691",0.277443498585946
"16469",0.277419083972827
"71236",0.277377914018139
"217201",0.276846530061748
"55932",0.276835992828232
"214523",0.276822648884098
"50759",0.276785179252177
"70508",0.276752360835952
"100416334",0.276640720324961
"432999",0.276590326681137
"13162",0.276534048604282
"18747",0.27650655165052
"13626",0.276168013012292
"69146",0.276090923075878
"106064",0.275902141470784
"219114",0.275733180766317
"14260",0.275569299493725
"232187",0.275559288136655
"110862",0.275554696737428
"104582",0.275438230640362
"18113",0.275400353784815
"231589",0.275241016912973
"223254",0.275221815651435
"227867",0.275211851161128
"81898",0.275099509874303
"22715",0.275096379985595
"242443",0.274898395200289
"78611",0.2747703563137
"230848",0.274669061310717
"15901",0.274588246298332
"230737",0.274543062674374
"21349",0.274375535676015
"30059",0.274189371085789
"214469",0.274172766774725
"76071",0.273828348403897
"67356",0.273799507874581
"67046",0.273677834072047
"69276",0.273657816085335
"628705",0.27362567235613
"22445",0.273594178460169
"240960",0.273229289893264
"56743",0.273112482454439
"67590",0.273067863172012
"20266",0.272963715219314
"67859",0.27295424433061
"54204",0.272877061603623
"67512",0.272218788750004
"432676",0.271874037571368
"101565",0.271648101112939
"57436",0.271581548805973
"71843",0.27122210001874
"78834",0.271129766603695
"50791",0.271110292066691
"12651",0.27104555980735
"71715",0.270498121864899
"271377",0.270406263126901
"100417838",0.27002994524717
"235682",0.269955973688393
"100009609",0.269939673966654
"17147",0.269188079043588
"23797",0.269159023341119
"257665",0.269069141533298
"380705",0.268932353468494
"54381",0.26889375110166
"72821",0.268772719497439
"258318",0.268620614001498
"69296",0.268620614001498
"269120",0.268320662391699
"108699",0.268200187819105
"217737",0.268180422484276
"74666",0.267960469292021
"74377",0.267904325139318
"20204",0.26780691387409
"100182",0.267759994129716
"12902",0.267600250299823
"259031",0.267513828831542
"66917",0.267427165590726
"434203",0.267380332233807
"12393",0.266761674361548
"234076",0.26663688418847
"226982",0.266631265800664
"75668",0.26663020752263
"75901",0.26657908957942
"12009",0.266565268944058
"74218",0.266564390377883
"209743",0.266383950036295
"623301",0.266059300538196
"71145",0.266019815413783
"229599",0.265936681638036
"258519",0.265823649524266
"237500",0.26565588470518
"19177",0.265651595393123
"100037258",0.265551944723722
"100043381",0.265529129639199
"72170",0.265518768394292
"140806",0.265419393364842
"72041",0.265409385503265
"110593",0.265379431444352
"108155",0.265371640206651
"75747",0.265255215251383
"246727",0.265176528390265
"11740",0.265034321739574
"22240",0.264995160805235
"319924",0.264841606440997
"21927",0.264829943020192
"69962",0.264703718908832
"67564",0.264611621164978
"229714",0.264430961815519
"75599",0.264268857253963
"100129",0.264174088203273
"20191",0.264086953700974
"216976",0.263914278815794
"217109",0.263896912801719
"140499",0.263802318620347
"230753",0.263766067968029
"69149",0.263665518581906
"638252",0.263621985631178
"22775",0.263617353875873
"105859",0.263613041025715
"73242",0.263511448720968
"30938",0.263503129442612
"66405",0.263417944721954
"244180",0.263228879401238
"235431",0.263026899588541
"98685",0.262902811865232
"81004",0.262713136828471
"224997",0.2627010180015
"20394",0.262635114687906
"14158",0.262595578717757
"72535",0.262488877372033
"13169",0.262404565975686
"94093",0.262383566082204
"100039796",0.262242773118991
"108062",0.26221419439
"16188",0.262155061662503
"72465",0.261946615301146
"22658",0.261880737093683
"76192",0.261521590867156
"74410",0.261305637091248
"209645",0.261293981534214
"67035",0.261090249619008
"625811",0.261070011876134
"114249",0.260994587675948
"54722",0.260869147280911
"102098",0.26045426276051
"22027",0.260444053214583
"67781",0.26039367232075
"225659",0.260248775425783
"217364",0.260198331304753
"269593",0.259956038884131
"408065",0.259886190616626
"15205",0.259837784992164
"58239",0.259777586131579
"258747",0.259680941469175
"23963",0.259678128520762
"12796",0.259618037532092
"667802",0.259512006543069
"242521",0.259433873703084
"104836",0.259367232748182
"321003",0.259308997614619
"193286",0.259114488112079
"667003",0.259103062736498
"69903",0.259022553475688
"12028",0.25890487780787
"240817",0.258852724359992
"228812",0.258848094956607
"114889",0.258766775451323
"12830",0.258728775145607
"70750",0.258709579107422
"244853",0.258657076030174
"75773",0.257909856902472
"70726",0.257882830546726
"225182",0.257824768633983
"11854",0.257683249485191
"103142",0.257592894943184
"232791",0.257494937363614
"218989",0.257489438789969
"233789",0.25737310318758
"14991",0.257229047358124
"224727",0.257145678243289
"11777",0.256971797963537
"240614",0.256755969050411
"12669",0.256753061423333
"382030",0.256614130342502
"66199",0.256603497719488
"24000",0.256370075143402
"212670",0.256107982379195
"104184",0.255920467561954
"73656",0.255699873672536
"16400",0.255538572990115
"236848",0.255518702927357
"219158",0.255403766551122
"258571",0.255398193543335
"11947",0.255397560944454
"101612",0.255364890470619
"13449",0.255140287442355
"12362",0.25509351208776
"232801",0.254946947952441
"102640920",0.254681058412499
"57750",0.254620113400314
"22666",0.254597533095008
"20970",0.25438520558665
"110639",0.254293212000519
"241547",0.253899355912982
"20822",0.253775946397218
"11925",0.253618267856376
"14462",0.253618267856376
"14599",0.253618267856376
"71412",0.253618267856376
"56552",0.253603209477621
"100416143",0.25329870511386
"52815",0.253290837297563
"66506",0.253283872002621
"67900",0.253249697343159
"627889",0.253060397492989
"26466",0.253050514979111
"93703",0.252925079530654
"140703",0.252904645135942
"170625",0.252459511958858
"100040140",0.252449497019487
"70616",0.252412877035218
"69053",0.252361342956887
"66757",0.252205767881561
"242248",0.252203397922655
"238555",0.252193694721119
"54194",0.252170827307409
"14884",0.251952437154305
"241175",0.251755770787613
"70101",0.251731866535539
"66653",0.251723743006126
"77697",0.251709185213847
"76257",0.251661895262813
"224132",0.25149401211255
"214111",0.251426714303875
"232164",0.251372225069164
"209047",0.251356514576017
"54402",0.251259877871797
"332579",0.251193867625165
"66784",0.251178053151073
"12412",0.251089557700328
"621976",0.250934374424564
"227737",0.250742163581835
"104215",0.250477996361741
"75219",0.250386573938093
"58194",0.250253706253478
"257632",0.250235929984094
"72056",0.250070006434
"66658",0.249843218784648
"56374",0.249804015817932
"319734",0.249442540408097
"622320",0.249378393261404
"58184",0.249329543594706
"63985",0.249251440020689
"269424",0.249024743928837
"241688",0.248892614355545
"106722",0.248693040214294
"231691",0.248685700808878
"114716",0.248488674271102
"380713",0.24847316398461
"17975",0.248462453467299
"234839",0.248381482703362
"20935",0.248348823492704
"56316",0.248289004177594
"53620",0.248081193727383
"64295",0.248008266388728
"227723",0.247993297040623
"228775",0.247743527364001
"68550",0.247518573613412
"18675",0.247510825775515
"226442",0.24747428452135
"213311",0.247432922317702
"118568056",0.247266254169997
"258454",0.247215728847716
"67091",0.247197764488033
"76787",0.246856195865993
"100043022",0.246777034487552
"622102",0.246777034487552
"71449",0.246757520556896
"66775",0.246695724117145
"66878",0.246646071499866
"101056084",0.246616431907129
"433027",0.246616431907129
"665255",0.246616431907129
"666793",0.246616431907129
"69317",0.246616431907129
"75671",0.246616431907129
"83553",0.246613402833328
"66537",0.246523253435279
"546090",0.246408244101353
"235441",0.246236434452869
"242584",0.246223913195772
"215201",0.246193872358166
"259088",0.246044326170624
"75717",0.24601883254199
"18025",0.245919003832022
"100312485",0.245867083279878
"67072",0.245823778565572
"259122",0.24529609876403
"245038",0.245251358614647
"12455",0.245245852238939
"386750",0.245217951595114
"22625",0.245163546734608
"13661",0.244941186052771
"18503",0.244941186052771
"14432",0.244586590565397
"66863",0.244573265557455
"238680",0.244486885364291
"68044",0.244364844435594
"110816",0.244150138988384
"216864",0.244129780242947
"67150",0.243966985171098
"14385",0.243850955739211
"70382",0.243784897278838
"70797",0.243714997984014
"50518",0.24347142465609
"74414",0.243319935974716
"70605",0.243215680775015
"214812",0.243191260390896
"243923",0.243073425547908
"71354",0.242987346056825
"380993",0.242828712013869
"24004",0.242282822780212
"108148",0.242231496916806
"59012",0.242149617232622
"68682",0.242117461885458
"12913",0.24206827814177
"11603",0.242056137648987
"108989",0.241929230713136
"258711",0.241896039510809
"67928",0.241896039510809
"100040671",0.241740702326899
"245007",0.241398607940355
"76612",0.241083858163245
"381339",0.240933149200108
"433415",0.240933149200108
"67286",0.240658406190696
"71276",0.240653630005879
"16998",0.240590465506845
"320634",0.240560111472284
"72297",0.24051063390978
"58251",0.240415597127482
"212541",0.240400984251005
"12313",0.240347176860722
"109205",0.24029002782834
"109161",0.240230544504479
"67790",0.240218516368692
"232679",0.240193054663877
"18551",0.240038027851342
"77480",0.240013740033804
"626721",0.23997666099134
"23962",0.239854185868336
"225608",0.239837928381182
"19075",0.239558456587081
"69367",0.239209920645177
"73086",0.239084283270223
"19769",0.239044351521701
"330171",0.23901713807507
"208292",0.238776345272306
"60611",0.238650884881969
"70144",0.238306768817098
"58869",0.238284177245793
"74200",0.238239073829702
"51788",0.237820113413673
"21939",0.237530832183946
"77652",0.237241232585163
"56150",0.23717886233057
"210274",0.237131269530406
"66902",0.237101400769597
"59008",0.237048256434394
"68106",0.236924165361088
"93884",0.236810862506098
"65098",0.236786465669863
"70451",0.236672186365562
"18628",0.235949875133116
"14043",0.23585700050552
"208092",0.235600069373126
"57080",0.235585250007039
"214058",0.235459001658446
"54645",0.235448714698269
"74204",0.235184987706785
"224055",0.235179988666333
"170760",0.234987921961099
"17884",0.234932114698714
"69860",0.234920139522043
"74411",0.234715810039956
"338363",0.234653791999407
"93709",0.234497354993053
"27993",0.234494194684555
"17688",0.234484640294983
"100416956",0.234395829357194
"78798",0.234202909907193
"13395",0.234202717301761
"383103",0.234194263920719
"11459",0.234170180956274
"84036",0.234028029353596
"28254",0.233916245056668
"56321",0.233862380673025
"20289",0.233801140023791
"97863",0.233615159919898
"68977",0.233562864705849
"74369",0.233367632773238
"100417136",0.233103207159449
"263764",0.232643145052365
"12622",0.232470149188511
"16330",0.232410654288472
"60525",0.232406545824687
"13445",0.232187952041818
"225876",0.231761384663674
"333639",0.231707947576107
"246154",0.231635856638732
"208104",0.231587393059008
"11670",0.231365729583488
"230098",0.23126126741365
"14842",0.231166189767964
"233724",0.231024520729923
"56523",0.231017548131887
"380669",0.230788126463645
"234072",0.230466110049509
"245944",0.230208752511842
"17319",0.23008345789952
"213696",0.230081974369689
"668070",0.230081974369689
"269587",0.230040699147464
"68338",0.229959179210774
"107995",0.229709213729249
"20587",0.229707306364722
"237010",0.229361692178766
"380850",0.229233175832763
"66557",0.229117363536078
"69581",0.228931661896406
"621430",0.228770741721193
"216119",0.228744062876686
"16475",0.228535304357531
"20377",0.228532516893355
"15016",0.228399869614592
"18541",0.228251495315664
"103677",0.228235130616822
"666669",0.228027237472324
"58249",0.22799730485382
"329977",0.227932970550048
"104418",0.227929866214981
"100039731",0.227895136536012
"69562",0.227889580164104
"12492",0.2278082507354
"105940408",0.227805116680779
"620631",0.227701931352558
"68525",0.227697434502131
"226182",0.227680595090678
"380840",0.227627050811539
"72536",0.22742355614216
"100040611",0.22738810744343
"66797",0.227284310996655
"19428",0.22715216681534
"259302",0.227079759783137
"56692",0.226851675569344
"17254",0.226816038064484
"94220",0.226759388365527
"235493",0.2267503924738
"15953",0.226743587711123
"229722",0.226693541790216
"101985",0.226607090923166
"100042799",0.226454296103075
"212073",0.226325442768254
"619900",0.226240420390476
"630146",0.226194663213888
"14840",0.226157387231704
"101543",0.226121212270753
"52705",0.225851365639063
"15354",0.225486457487665
"18654",0.225460122242253
"21847",0.225331590244396
"319945",0.225312970312281
"75296",0.225296143731779
"66848",0.225253375729308
"11658",0.225239145252802
"72290",0.225161670257738
"68797",0.225018557217033
"67857",0.224548298706589
"271842",0.224515824220455
"331046",0.224372145413424
"171261",0.224355058330783
"235132",0.224215633310912
"14370",0.224207649799685
"17134",0.223890215309142
"67732",0.223738680571418
"20306",0.223635454462682
"75062",0.22362560683976
"66226",0.223622795421225
"231717",0.223610860400786
"59288",0.223598040082478
"140577",0.223344605257329
"100418326",0.223332916469865
"216166",0.223293274388409
"12390",0.223235965540009
"22632",0.222822142918993
"237758",0.22278032910262
"72121",0.222664234809934
"68205",0.222556681727608
"93880",0.222507386998589
"100417597",0.222471685021982
"243833",0.222446972230027
"22089",0.222286700973596
"15516",0.22224065569191
"140579",0.222171040045023
"621119",0.222160321003621
"209200",0.221989683128213
"170768",0.221804097941553
"72774",0.221757922991271
"14776",0.221664685991955
"74243",0.221396208739522
"217119",0.221290150071562
"100040407",0.221031635284698
"100048941",0.221031635284698
"100416271",0.221031635284698
"108167768",0.221031635284698
"13884",0.221031635284698
"16344",0.221031635284698
"213711",0.221031635284698
"224582",0.221031635284698
"235135",0.221031635284698
"241035",0.221031635284698
"258466",0.221031635284698
"258765",0.221031635284698
"258976",0.221031635284698
"26945",0.221031635284698
"319169",0.221031635284698
"327957",0.221031635284698
"664945",0.221031635284698
"666127",0.221031635284698
"666455",0.221031635284698
"667341",0.221031635284698
"668162",0.221031635284698
"73634",0.221031635284698
"84544",0.221031635284698
"100040029",0.221030715075726
"258196",0.221030715075726
"626834",0.221030715075726
"668300",0.221030715075726
"21461",0.221029797107828
"100038538",0.220777676926373
"71911",0.220751799473364
"67263",0.220607321192568
"73132",0.220507024791402
"64075",0.220466145841524
"94213",0.220459048744515
"328643",0.220448464080034
"217331",0.220403811422364
"12795",0.220201100715812
"12766",0.219925439002897
"11994",0.219823904734583
"192651",0.219638925198194
"93695",0.219544388278585
"68126",0.219494453472584
"19025",0.219152388105517
"105689",0.219057081019456
"16709",0.219051188567576
"276891",0.218919996369131
"13992",0.218907240681717
"110749",0.21872210660782
"140483",0.218603011478989
"16526",0.21842034509686
"21825",0.218334715346414
"107368",0.218173008358285
"17532",0.218069747095458
"11778",0.218068077114892
"14828",0.218036494889794
"11551",0.217972883124172
"236904",0.217691721870461
"227933",0.217689269797482
"68311",0.217653828105984
"18475",0.217608840952185
"57277",0.217518322518421
"76803",0.217518322518421
"69408",0.217443856002812
"67078",0.217386750532968
"104806",0.217208757819068
"29873",0.217175689714281
"14281",0.217115945525249
"234814",0.216990956414905
"219144",0.216922330844854
"215114",0.216869839320694
"67680",0.21666238827475
"50771",0.216415990941754
"100042591",0.216393242786202
"244233",0.216303826302173
"245866",0.216178791891852
"230010",0.216158099974352
"14536",0.215944731210347
"54712",0.215879431416564
"56368",0.215853938268841
"16642",0.215665655401445
"258286",0.215665655401445
"258969",0.215665655401445
"621446",0.215665655401445
"66326",0.215665655401445
"666194",0.215665655401445
"241514",0.215584946790468
"56501",0.215542476111968
"240697",0.215480231854572
"71791",0.215416736797788
"19649",0.215386922985087
"244214",0.215183876588441
"102308570",0.215142168297182
"12337",0.214807571183179
"11878",0.214718432969016
"69256",0.214701041709115
"16363",0.214310393188775
"68675",0.214155668335814
"108797",0.214055859046416
"239528",0.213990828667027
"13999",0.213966987483213
"17974",0.213341352633014
"218397",0.21333803531351
"621893",0.21330416332676
"110855",0.21315417037646
"67972",0.212720100282544
"381157",0.212665234155152
"107375",0.212604832622102
"72640",0.212503926381795
"74288",0.212439866179578
"114332",0.212280419819491
"80885",0.212154837606693
"18293",0.212120338167443
"383424",0.212075124736615
"108168832",0.211839585807209
"75477",0.211806131084442
"238726",0.211685457515528
"233765",0.211670459576839
"56426",0.21162006287909
"320415",0.211149129513767
"224481",0.211092584604327
"665180",0.211018428791828
"231386",0.210993143683474
"20980",0.210956353132938
"213773",0.210754313151428
"52323",0.210580602628122
"13656",0.210450443165287
"66082",0.210330764922235
"110891",0.210178402627874
"67128",0.210164405440776
"574403",0.210099677520924
"233878",0.210092133635489
"27214",0.210086332604975
"15478",0.209998866028822
"243197",0.209889261183429
"232413",0.209848271989241
"68323",0.209740807532964
"56068",0.209726887378953
"431706",0.209394300865597
"72354",0.209068077280815
"259033",0.208743703087945
"70891",0.208607729558705
"230700",0.208596864632759
"16880",0.208482064283044
"64436",0.208421816955876
"216197",0.208252825021259
"213469",0.208252479760575
"276950",0.208177856134741
"224916",0.20811120920092
"71968",0.208063721890318
"72748",0.208056005983411
"14113",0.207880845861947
"192157",0.20777331197938
"209361",0.207650365772662
"74105",0.20743649570554
"636104",0.207425163377747
"17930",0.20721668669878
"12307",0.206903141556293
"63959",0.206893255840911
"224796",0.206889010829291
"225579",0.20670050394047
"108686",0.206657887053332
"106763",0.206359062790926
"553127",0.206287801486788
"52174",0.206208587710391
"211253",0.206176446244054
"338367",0.205962216532346
"76166",0.205958137303032
"107071",0.205831091622657
"69547",0.205825769471652
"59042",0.205604143507826
"54160",0.20559256173763
"329739",0.205522569798525
"26430",0.205456671780185
"71340",0.205414595746512
"66733",0.204998536121842
"258746",0.2049982645245
"212111",0.20494698054571
"24059",0.204936452764138
"270160",0.204839934757499
"74763",0.204799477346071
"170638",0.204797920963837
"330695",0.204728705429137
"18779",0.204704847868728
"11800",0.204699031014058
"17180",0.204515756821948
"23954",0.204388959332717
"68283",0.204373659217967
"260409",0.204331854531814
"18766",0.204282222563295
"234267",0.204264930499657
"100040133",0.203901804398226
"21337",0.203901804398226
"627833",0.203901804398226
"76874",0.203901804398226
"21372",0.203849718756353
"106344",0.203843388869201
"17127",0.203787787277197
"231655",0.203735593421886
"66580",0.20366807588608
"244448",0.203490813372093
"73813",0.203490813372093
"28146",0.203096799416829
"53951",0.202966514746597
"627716",0.202790702334183
"100126821",0.202745164332324
"100342",0.202745164332324
"213603",0.202745164332324
"239849",0.202745164332324
"257931",0.202745164332324
"97243",0.202745164332324
"432502",0.202442470955143
"231050",0.202407187073499
"239827",0.20239554627608
"20384",0.202332062291911
"327743",0.202033736072101
"243897",0.201942690334454
"241062",0.201938877505139
"211255",0.201815528621467
"59007",0.201655437168808
"18169",0.201640158119462
"110208",0.201494307424582
"72692",0.201311515903386
"212377",0.201035435880505
"67465",0.200945392069287
"56279",0.200943511302915
"230676",0.200914933377369
"72139",0.200697366825504
"380753",0.200335689972389
"18209",0.200266501199782
"242235",0.199623391847772
"442827",0.199623391847772
"245945",0.199602050103426
"59004",0.1995866148903
"381338",0.199582865604037
"66787",0.199527265000108
"245595",0.199515572526899
"67871",0.199336670800241
"236573",0.198890486618424
"14693",0.198855835934088
"12814",0.198843311299761
"80915",0.198838471029901
"228019",0.198659026515787
"72554",0.198609062379439
"215090",0.198501353763316
"246728",0.198365486460485
"93960",0.198304144639578
"65102",0.198239999666421
"620246",0.198135712829984
"13853",0.198074182832352
"12858",0.197919866448449
"277692",0.197698987305251
"74178",0.197687752603667
"13587",0.197210402906514
"12224",0.197105338360173
"110304",0.197065076438301
"71910",0.196984797341233
"93722",0.196786443637787
"22671",0.196766461004317
"228536",0.196685471046803
"50912",0.196515075405539
"18193",0.196217582910347
"22042",0.195954670373652
"60533",0.195880650613371
"330267",0.195858835251886
"15427",0.195647573439325
"231103",0.195647573439325
"258995",0.195647573439325
"259118",0.195647573439325
"56189",0.195647573439325
"664981",0.195647573439325
"70902",0.195647573439325
"668990",0.195647495100362
"14130",0.195568213207382
"74996",0.195436854294042
"68734",0.195382238767805
"30054",0.195381612829422
"320472",0.195224541480485
"69564",0.195215621731549
"258656",0.19518110961369
"66388",0.195008346331297
"106952",0.194924553172469
"12943",0.194880917995949
"70028",0.194874344850873
"327987",0.194352424444202
"81013",0.19419516041871
"330788",0.194128797386718
"14958",0.194119094831624
"224907",0.194113715796033
"56429",0.19399631948686
"69277",0.19368731415949
"22695",0.193408748176285
"59095",0.193371472394471
"320678",0.193155431606945
"18970",0.193023664008263
"384534",0.193011982888692
"71986",0.192971797052395
"67937",0.192746583244829
"212898",0.192688832166417
"215445",0.192483555522867
"67574",0.192447507359056
"268859",0.192412883054256
"66271",0.1923620271335
"18762",0.192178982073593
"100502908",0.192001353369864
"545530",0.192001353369864
"57248",0.192001353369864
"100043403",0.191941930147458
"19027",0.19173556136016
"72074",0.191555494209115
"18008",0.191492198734625
"29863",0.191438236710988
"353236",0.191409958131343
"171271",0.19127809383519
"18626",0.191233895047455
"259036",0.190630577390907
"20533",0.190610046039862
"17341",0.190570329794762
"20708",0.19047994102153
"108912",0.190430539660918
"79201",0.190191125347026
"22209",0.190166088570202
"67039",0.189984785241707
"66454",0.189652010293377
"231014",0.189538507159757
"105638",0.189434747960981
"73677",0.189309027570465
"217151",0.18917927229729
"24071",0.189137510896756
"66381",0.189018172134492
"21766",0.188970334196958
"100043724",0.188934645132623
"80515",0.188731465537237
"207958",0.188713118962802
"93835",0.187807384155622
"74577",0.187754971749153
"67418",0.187719405157771
"100041245",0.187485904283136
"14204",0.187397108185248
"12044",0.186962117500883
"628898",0.186962117500883
"11752",0.186930946451602
"333050",0.186908086882081
"68053",0.186815858839896
"100039827",0.186654326338725
"12354",0.186542993273514
"268294",0.1863998835248
"75863",0.186340864786264
"13494",0.186198254201076
"68055",0.186182982965436
"245666",0.186147639395228
"66665",0.186052930803447
"75604",0.186016098606141
"252966",0.185867399963821
"66805",0.185831494628795
"11988",0.185794081042484
"66090",0.185635703002757
"224088",0.185489959927416
"76813",0.185442333440014
"14114",0.185427617313662
"19227",0.185278505657097
"217473",0.185254588117027
"192212",0.185170354775545
"54610",0.185063829343695
"217715",0.184947156731554
"53601",0.184884215722631
"20523",0.184703474272644
"22214",0.184669685053207
"13831",0.184495335610654
"94181",0.18442705824539
"107976",0.184381500254108
"74035",0.184380350182737
"76367",0.184367812511232
"19039",0.184315642874002
"632687",0.184275015208787
"213573",0.184124680361581
"66071",0.18411403663442
"59069",0.184068036962057
"11911",0.184005403692264
"207615",0.18377335818411
"13614",0.183764461052481
"14724",0.183560112932976
"224487",0.183489673179317
"14628",0.183446727121046
"18519",0.183430144135358
"231830",0.18332126446632
"13039",0.183079555199432
"231642",0.183020282179233
"271221",0.183008692786685
"83922",0.182960016578633
"99650",0.182911737800667
"17714",0.182846588599632
"69060",0.182757511883968
"64082",0.182698555383952
"269132",0.182654667069142
"102502",0.182584973456126
"381903",0.18255130636796
"435391",0.182422878919293
"27528",0.182389878698823
"320522",0.182386997808323
"54139",0.182161804484587
"232560",0.182062338307162
"16949",0.181952388637016
"210105",0.181728407341734
"239554",0.181664031981117
"66494",0.181543897171351
"73106",0.181262021848766
"140859",0.181127984921305
"28185",0.181051816703271
"84035",0.180914446084381
"18452",0.180818353735562
"625131",0.180707621198713
"22592",0.180563345189558
"208211",0.180477157827116
"381493",0.18047655470225
"76668",0.180362410035147
"73467",0.180301617656692
"67841",0.180192914876922
"14739",0.180049595557319
"239766",0.18004001427306
"229584",0.179958788849775
"77593",0.179952231015641
"233908",0.179951083048176
"104346",0.179916935422165
"108652",0.179550443753476
"240215",0.17952895374218
"50905",0.179492268834325
"20963",0.179389525126128
"66674",0.17924009379114
"100037278",0.179150834063091
"320265",0.178926513058857
"69641",0.17890533604387
"76251",0.178852982290833
"18105",0.178846416002297
"328695",0.178784653163418
"545205",0.178784653163418
"57394",0.178784653163418
"638487",0.178784653163418
"666053",0.178784653163418
"77462",0.178520226848786
"11861",0.178392491782877
"270151",0.178054163391863
"70155",0.178013236066703
"22780",0.17800438613124
"16007",0.177845470581669
"18054",0.177819680486003
"20420",0.177775204831958
"19204",0.177743188350717
"14998",0.177518295422303
"66587",0.177443429546377
"76905",0.177203697853139
"331532",0.176709167744445
"66043",0.176654450852001
"211770",0.176649722614178
"171203",0.17657098243967
"74354",0.176555902157613
"21781",0.176470919515875
"103775",0.176218166224119
"21849",0.176179304242362
"114741",0.176145345766179
"100416721",0.176103993781234
"72230",0.1758815028829
"319965",0.175876901790799
"258974",0.175849616690754
"109959",0.175669398577794
"20715",0.17553842240985
"238023",0.175370656177155
"20334",0.175214607616558
"212880",0.175209224655899
"216011",0.175206129869029
"12983",0.175034860642835
"328232",0.174968675298468
"93876",0.174956305455918
"18752",0.17493904178221
"72330",0.174882754124047
"67921",0.174868461022565
"238276",0.174867368704172
"208595",0.174854407481117
"219181",0.174782418518936
"677073",0.174738620948617
"14377",0.174686844592349
"667411",0.174686844592349
"80292",0.174488230226475
"381921",0.174430621892248
"100504112",0.174166103308981
"237886",0.174120414823591
"13168",0.173797093341626
"30046",0.173654615618307
"192190",0.173615883681661
"53322",0.17346330848738
"98758",0.173322442521679
"17164",0.17308229930268
"27419",0.17304388960157
"21898",0.172998041599429
"232196",0.172699710672941
"12672",0.1726985712214
"235559",0.172641596433704
"19367",0.172580671644889
"56758",0.172330360295267
"12822",0.172226864779402
"52504",0.17205214967761
"26422",0.17199560639389
"13846",0.171690921806731
"56371",0.171603183647384
"224019",0.171578996985288
"18787",0.171410478163638
"68817",0.171345468166302
"64656",0.171338894654316
"20254",0.171334375782116
"22422",0.171252624573087
"27103",0.171121095240047
"50878",0.170956513366592
"384059",0.17066748242332
"66812",0.170561858781525
"236792",0.170480725551246
"435529",0.17003555299076
"102639543",0.169883159165698
"93710",0.169855296917147
"14088",0.169646314075232
"381644",0.16962244548223
"17929",0.169590772080213
"72865",0.169587635639319
"20867",0.169555656523225
"20519",0.16949172127558
"53312",0.169483691065009
"545370",0.16943012411645
"102638083",0.169096477281146
"217214",0.169096477281146
"17766",0.168852392217735
"74246",0.168810094602875
"67842",0.168693130854843
"100043757",0.168617552204573
"72556",0.168507989399722
"12530",0.168252906047807
"81840",0.16801000580639
"665682",0.167851374544948
"29864",0.167764120959695
"71949",0.16766604370597
"56397",0.167605768525436
"72567",0.167579584608959
"68625",0.167560465626115
"66053",0.167413831355475
"269643",0.167301241569308
"81003",0.167182016009148
"11576",0.167178213226137
"545893",0.167178213226137
"18709",0.167145876041649
"330406",0.166998056887245
"67684",0.166987315152736
"13875",0.16678278373405
"72658",0.166763776672543
"12675",0.16669142577196
"234912",0.166675858943837
"11434",0.166597101227767
"22283",0.166507479768029
"628277",0.16642764619527
"20278",0.166247256232689
"333088",0.16619276651966
"74781",0.166152072619173
"77411",0.16597701184473
"54324",0.165895737855503
"68559",0.165791997809646
"108679",0.165686113253815
"18344",0.165614144464094
"381813",0.165518151901565
"76915",0.165497408719426
"108767",0.16545941823321
"242523",0.165420368159689
"399548",0.165385949305414
"67579",0.165383767330682
"100504425",0.165328345899405
"67187",0.165244696652654
"52477",0.165192953916839
"12055",0.165085761047797
"170788",0.16507670108879
"215160",0.165031309476204
"20202",0.164994060690931
"100504491",0.164906637667139
"11832",0.164861430368819
"216965",0.164838236742007
"19015",0.164781883643673
"66244",0.164763221976487
"66736",0.164717749518331
"239691",0.164609822337048
"207952",0.164500572487118
"93875",0.164419121216936
"22288",0.164181420778261
"228543",0.163979052919226
"246256",0.163950796612435
"195727",0.163880670574323
"102640268",0.163840834857261
"666274",0.163727229085468
"22371",0.163664702688636
"75560",0.163515957093284
"231855",0.163500696072302
"214162",0.163376244704184
"114142",0.163018337764109
"114601",0.162976105090586
"382245",0.162776452745611
"635253",0.162725647447503
"76901",0.162596798950835
"545472",0.162564227131266
"56193",0.162337954735262
"381373",0.162060932288442
"14082",0.161847107997427
"623474",0.161782000317184
"74479",0.16160328605762
"664938",0.161567275264707
"109349",0.161559207738492
"170753",0.161501281964583
"13512",0.161453231465598
"207742",0.161182640969666
"117589",0.161063223450716
"58220",0.160941723662689
"74769",0.160757809733133
"229949",0.16067245632292
"14025",0.160558251060728
"230979",0.160523195495778
"333605",0.160417418085747
"24060",0.160244895696388
"54447",0.16017481218673
"171543",0.160174463608061
"18783",0.160139443235962
"59029",0.159887669365735
"210933",0.159868104652859
"320343",0.159784145311609
"19248",0.159738486798423
"68794",0.159692920781028
"432555",0.159553386146336
"13796",0.159503955952109
"52614",0.159437575953404
"19058",0.159429019524963
"75735",0.159351718413488
"67177",0.159333062527861
"218629",0.15932131231763
"231134",0.159270285258222
"12705",0.159180349744997
"20195",0.15901611816151
"12387",0.158958937977231
"70579",0.158890430768714
"99031",0.158748012063897
"20871",0.158352037880236
"11774",0.158189210686385
"380732",0.158156200942972
"240063",0.158046605194937
"18223",0.157734027806872
"16504",0.157231478974496
"56349",0.156968151717335
"71966",0.156842731135484
"108168152",0.156811951720474
"74213",0.156651129006518
"672214",0.156321865557601
"22661",0.156215997798365
"224613",0.156056767181228
"626942",0.156030884869958
"56506",0.155887404576542
"100042165",0.155847434262617
"432677",0.155820875196224
"60532",0.155738007073422
"22758",0.15553332547927
"27967",0.155521358951991
"66104",0.155475060624084
"67778",0.155039962071655
"14964",0.154972731385101
"244666",0.154947225587886
"108960",0.154796997009776
"67298",0.154727105853467
"56742",0.154673507596802
"75410",0.154670812153949
"71151",0.154607234278697
"17691",0.154553265791338
"77040",0.154425013325412
"241066",0.154382351448643
"245622",0.15407063969969
"57315",0.154006450931389
"72351",0.153910388200574
"67053",0.153821311457048
"229937",0.153659968461525
"68952",0.153546667211537
"67609",0.153496400254584
"76303",0.15346257157204
"257936",0.153376433197547
"77254",0.153263352142546
"78244",0.153102489465156
"258973",0.152992883114331
"71785",0.152859498867204
"68251",0.15285035696062
"77446",0.152749363479179
"71141",0.152576310341246
"432879",0.152548294070574
"18555",0.15247897673282
"14999",0.152372516433971
"16071",0.152161545931499
"244238",0.152062279088926
"20465",0.151922582934295
"67049",0.15184963342322
"71041",0.151516426270327
"19340",0.151512959021406
"19088",0.151423017687662
"12484",0.151300684955958
"57377",0.151214473547075
"67951",0.151198628610648
"68911",0.151015753301211
"192198",0.150874121252531
"53627",0.150719689619034
"18858",0.15044716513498
"381218",0.150289776854443
"320332",0.150281112655839
"70348",0.150034263484186
"108169072",0.149791408338565
"229841",0.149782880094945
"17420",0.149773275981967
"73166",0.149630090437696
"100502861",0.14961559504029
"75565",0.149550746725118
"107358",0.149487539940067
"77264",0.149446576643647
"320661",0.149355014889104
"72701",0.149333633383795
"21813",0.149225475467112
"104112",0.149156141464714
"22325",0.149039723181217
"230806",0.14901017946407
"380698",0.148889857534691
"67260",0.14887832090469
"71810",0.148850273107851
"27388",0.148692735054416
"65106",0.148690001788733
"71448",0.148254784478804
"109880",0.148249106020771
"66222",0.14796398161363
"56378",0.147869098613049
"76784",0.147342713886604
"100040048",0.147324420800498
"114874",0.147263786062721
"242860",0.147235707968483
"51813",0.146955402111843
"224008",0.146649536236743
"18164",0.146459050762318
"24136",0.146391869156674
"74136",0.146294488899484
"12369",0.146178420335599
"26368",0.146093381060932
"268566",0.145938933773136
"100038514",0.145649082710668
"83885",0.14563693596491
"214973",0.145282554018576
"71743",0.145077555093419
"105278",0.145022933927235
"11987",0.144976545519524
"27377",0.144975595964782
"17128",0.144969700123849
"55985",0.144954992304779
"23959",0.144794648662178
"73674",0.144649953958706
"22791",0.144638424409582
"216177",0.144498362162511
"22360",0.144416332882051
"26429",0.144356347494802
"27096",0.144304877907627
"15982",0.144197446663053
"16535",0.144060240814154
"56297",0.144025896589983
"545030",0.143989638826049
"109093",0.143875496436842
"15381",0.143687182564115
"79566",0.143494646607582
"13631",0.143476617897726
"234847",0.14345609388281
"215632",0.14319852148668
"83382",0.14301395437463
"14962",0.142985332167299
"66549",0.142871766620274
"637079",0.142741170857371
"241447",0.14272352657482
"215351",0.142518759409053
"16434",0.142421844929123
"55943",0.142388326401431
"12525",0.142322060128313
"20482",0.142225732697785
"30941",0.142020344506304
"226901",0.141897343869265
"434490",0.141897343869265
"16948",0.141614040736755
"12351",0.141495111670409
"11465",0.141368784072957
"20357",0.140839465645131
"27261",0.140838534934099
"73598",0.140822614843194
"72565",0.140672457677135
"11881",0.140665657092252
"268980",0.14066083602113
"14087",0.140659542043855
"54326",0.140632141157802
"93886",0.1405736791941
"100417782",0.140488315254071
"11790",0.140324179368665
"100503041",0.140197892013383
"52064",0.140125944258999
"19357",0.140111354224989
"67064",0.140104497883372
"229615",0.140086474442334
"319670",0.140064349817267
"66055",0.139859679601159
"14248",0.139851606131414
"108013",0.139829281383789
"232314",0.139703162306011
"100043755",0.139578261416819
"209011",0.139450979321444
"52463",0.139393104754425
"109785",0.139209006358096
"338349",0.139191900616355
"66455",0.139179006698232
"100041342",0.139128008461048
"21841",0.138994923423338
"64337",0.138717070071731
"14629",0.138626888385042
"67116",0.138557951790148
"668880",0.138520403128784
"16649",0.138302263991409
"671641",0.1381569494587
"100048204",0.138030077929344
"100504207",0.138030077929344
"11529",0.138030077929344
"231932",0.138030077929344
"55938",0.138030077929344
"624138",0.138030077929344
"100384872",0.138025300791057
"171194",0.137943104304776
"100042266",0.137877503521902
"65111",0.137856435396011
"434778",0.137586836458236
"15936",0.137389660429431
"319876",0.137379143137679
"268783",0.137374515243461
"232409",0.137338201266099
"19935",0.137222980813824
"76967",0.137073224543903
"231128",0.137045084776268
"235134",0.136947637445246
"52892",0.136894280898919
"215193",0.136842534666553
"268706",0.136840865598707
"67038",0.136460169877667
"68567",0.136444783152096
"16801",0.136390227855829
"93737",0.136325053888441
"667309",0.136187130345192
"70598",0.135777200859911
"258064",0.135744109834004
"13824",0.135729030852926
"19090",0.135682861808654
"276905",0.135437368546704
"66262",0.135369117334888
"639774",0.13536461496267
"23912",0.135335551348019
"218639",0.135224668336233
"21428",0.135182442752925
"219072",0.135071300353945
"16162",0.134835632171966
"83768",0.134718055738707
"30935",0.134381084070398
"207352",0.134359655687921
"623734",0.134236171126921
"93700",0.134136207321947
"239985",0.133987195729083
"211978",0.133885714352534
"208982",0.133754937421457
"108105",0.13372829063367
"20663",0.13354562314072
"100043495",0.133485454877301
"100043914",0.133474881850662
"16493",0.13329233046002
"338403",0.133280535184695
"67933",0.132741673618629
"328977",0.132662534071078
"216543",0.132524719119519
"100534353",0.132436187361452
"218973",0.132346395463377
"14266",0.132282589316895
"381836",0.132077178343396
"14360",0.13201067915784
"17535",0.132009941011503
"104318",0.13200765091024
"66445",0.131964545839795
"27356",0.131908110669081
"229524",0.131841161759813
"14775",0.131733919990496
"53314",0.131507289487202
"434434",0.131474217632963
"19704",0.131289793481983
"319618",0.131269399053793
"18973",0.131152729672464
"244183",0.130964327209737
"13591",0.130691225246582
"72949",0.130655913255162
"83921",0.130356263327005
"22095",0.130037714504501
"80720",0.130010468149627
"20393",0.129925734657455
"239739",0.129819509684293
"433466",0.129735983819895
"11481",0.129552982887606
"19819",0.129536956806093
"18803",0.129448331248075
"93734",0.129371086757868
"100317",0.129034471116752
"629499",0.128947728684401
"16859",0.128705921759344
"223776",0.128619279946816
"19270",0.128527319897163
"230678",0.128506775157342
"252875",0.128501662570257
"74007",0.128415661534103
"66114",0.128402939137384
"54667",0.128325184264608
"242681",0.128312357951962
"68090",0.128247546605931
"214158",0.128180367102811
"71766",0.128168759841826
"448850",0.128049366685567
"64454",0.128016352479611
"78826",0.128016352479611
"18971",0.127947514835555
"16913",0.127826459433906
"234684",0.127819272798103
"620913",0.127815155578388
"67694",0.127566114860317
"243373",0.127545675999777
"106073",0.127465219673645
"105450",0.127383654759368
"104884",0.127359754571968
"68724",0.12732163936065
"236312",0.127306769964274
"16549",0.1271801414592
"15185",0.127175432863463
"56703",0.127008984856776
"72106",0.126997900644483
"56436",0.126974203979114
"12807",0.126735927531397
"212153",0.1265740708648
"11488",0.126355199004985
"68662",0.126349713655499
"217316",0.1263038905518
"258462",0.1263038905518
"13983",0.126262194884285
"114615",0.126193513253709
"19082",0.126106267785155
"665362",0.12609806498844
"76594",0.12609436265208
"237313",0.12607333477028
"12181",0.12603168956168
"226409",0.12600595538412
"16716",0.125846708414118
"100417422",0.125780683411589
"252868",0.125270835758219
"258808",0.125270835758219
"381759",0.125270835758219
"434050",0.125270835758219
"65967",0.125001073517395
"76421",0.124993561703555
"21815",0.124962065850047
"212919",0.124923389448856
"106766",0.124855415153971
"69754",0.12475815994149
"215999",0.124693396189061
"13121",0.124677279301449
"194388",0.124414345335502
"29809",0.124409719442667
"237877",0.124286392513836
"270685",0.124250533537964
"258917",0.124218756078235
"56428",0.124181416871851
"22717",0.124138861791091
"73230",0.12402528344294
"229707",0.123951141299514
"213827",0.123771517722772
"619331",0.123761803580037
"19733",0.123704408274291
"330050",0.123557575583365
"71435",0.123514983953542
"231861",0.123460560324022
"14709",0.12338038597816
"207818",0.123301326588479
"26410",0.122928906181569
"109332",0.12276732704732
"74148",0.122320895975265
"15112",0.122154552488372
"381204",0.122154552488372
"100042448",0.122144311915931
"58218",0.122144311915931
"243906",0.121992342431957
"53420",0.121976345599321
"17910",0.121910368392015
"17936",0.12177397201797
"11781",0.121693429262925
"171281",0.121593682822508
"22114",0.121377664371638
"544741",0.121377664371638
"66839",0.121086454801415
"230257",0.120942399101731
"20851",0.120724431153788
"73385",0.120682957080369
"98766",0.120406917583644
"240084",0.120290352414004
"66225",0.120280279210098
"106205",0.120154083601269
"22344",0.119566598863926
"50933",0.119465778289283
"73181",0.11934740160443
"216635",0.119310747875773
"67996",0.119194850283401
"67776",0.119179694976624
"12014",0.119144202923891
"270058",0.119129993673146
"100416521",0.118817078147932
"102632837",0.118817078147932
"17877",0.118817078147932
"18601",0.118817078147932
"258824",0.118817078147932
"664952",0.118817078147932
"666585",0.118817078147932
"69401",0.118817078147932
"76560",0.118817078147932
"94244",0.118817078147932
"244595",0.118806912832097
"56200",0.11879001025295
"20365",0.118748957068543
"12946",0.11872643293471
"71169",0.118666537143136
"19264",0.11865982513433
"58859",0.118641350576922
"107239",0.11860440876043
"76123",0.118487208253387
"330941",0.118472543909983
"16408",0.118180010295003
"18968",0.118043836691287
"67728",0.117869674489434
"546337",0.117842462866899
"70699",0.117806922411222
"71166",0.117766189341455
"72144",0.117682697151295
"209601",0.117466983015914
"80334",0.117418774723541
"13371",0.117413574748102
"330554",0.11736112838435
"102545",0.117248606324064
"195531",0.117218749589496
"11991",0.116985123411257
"67153",0.116704411545721
"67708",0.116472455644562
"64209",0.116432900804939
"76890",0.116395183938091
"235584",0.116234965670675
"21846",0.116080908885358
"70209",0.11605635704081
"319154",0.115861078690269
"319191",0.115861078690269
"69923",0.115723581354907
"80893",0.115211467907467
"18436",0.114994229469427
"13488",0.114666104026608
"71003",0.114574051125862
"15182",0.114504702969881
"66714",0.11415626005116
"14154",0.113999215610557
"240816",0.113912917318803
"18670",0.113801837089502
"664895",0.113795519496887
"26886",0.113529307038836
"80861",0.113435322581865
"257667",0.113239818002596
"171388",0.112791931718353
"74498",0.112620778517586
"213819",0.11260294927856
"51869",0.112595718116108
"231506",0.112515024656262
"67894",0.112305201546656
"68995",0.112286704650758
"67074",0.112018656024672
"13663",0.111982636896505
"100416730",0.11190850927541
"23942",0.111887269699132
"54721",0.111864408156316
"231162",0.111856920688457
"13206",0.111851169612059
"78771",0.111548001993202
"97114",0.111296622816474
"19144",0.111198764160052
"93687",0.111146294412029
"17160",0.111096456543436
"329274",0.110807374098953
"83814",0.11080025184982
"66953",0.110672103802691
"94065",0.110479413072359
"211499",0.110448279979102
"12607",0.11040797130518
"404329",0.110400453262321
"15925",0.110184623055651
"269799",0.110139860162423
"100039924",0.110107952239204
"66720",0.110107023505649
"76138",0.110081868148561
"14595",0.109800772101898
"242736",0.109708048477348
"101240",0.109677237973651
"258908",0.109525957142528
"667583",0.109432508034564
"328967",0.10925915963425
"64380",0.109235823314178
"26931",0.10919998730424
"17380",0.109015843192979
"320162",0.109008427483923
"332359",0.108943725454529
"107527",0.108738894538778
"15216",0.108708247043276
"84092",0.108699927839377
"384732",0.108645478883641
"11440",0.108546114778634
"214779",0.108180078755436
"195522",0.107922077651286
"12846",0.107824469665236
"246049",0.107701311454392
"227231",0.107659773009199
"235574",0.107391918389466
"11853",0.107138894763586
"227693",0.107051510773096
"237711",0.107000778221964
"140904",0.106831222900833
"18302",0.106756112185815
"18212",0.106652176775462
"67490",0.106605028768255
"637004",0.10627743344406
"19087",0.106114708921282
"216161",0.106017204452364
"80876",0.10600955405977
"74270",0.105949392116264
"606496",0.105344234848911
"235674",0.105323470084204
"21333",0.105289715153517
"20370",0.105044758843004
"22439",0.104938740808892
"319217",0.10492429638401
"75033",0.104861964099879
"68034",0.104851408979669
"383787",0.104770911459498
"20287",0.104702989914518
"14994",0.104598944062111
"208440",0.104388444425376
"381104",0.104275208082484
"101685",0.104209430421214
"319156",0.104076942523178
"15207",0.104038046925894
"100041579",0.103964070616101
"74766",0.103833083357273
"240034",0.103674865292059
"55978",0.103594321538277
"20024",0.103519728620515
"15370",0.103222484830686
"241308",0.103187098099561
"239188",0.103050300616926
"14456",0.1029622762177
"22654",0.102888575465022
"13839",0.1028858146708
"93873",0.102716324659216
"18100",0.102275728477909
"13041",0.102179265126388
"74129",0.10196953179626
"12798",0.101915635891976
"278672",0.101864018370344
"57895",0.101847903525617
"67109",0.101734900371952
"72425",0.101719122867757
"100381209",0.101552553462006
"14134",0.101446307377092
"228802",0.101446307377092
"268885",0.101446307377092
"18987",0.101373269748255
"21354",0.101236768177016
"67769",0.101035382760764
"15571",0.100873476499963
"381293",0.100800818050401
"20182",0.100743677914393
"104349",0.100713178277549
"12778",0.100474596505527
"106557",0.100456962109724
"16542",0.100399836978606
"380836",0.100347188753238
"67876",0.100275000143436
"50884",0.100220341798056
"241950",0.100147864343871
"258365",0.100060177550563
"71529",0.100005109091343
"381308",0.099710490865782
"15374",0.0989650169528474
"20128",0.098786652005377
"257950",0.0985458686621413
"12648",0.0984316634622094
"330119",0.098257270754002
"321008",0.0981339600865602
"320202",0.0980614382844474
"20480",0.0979951688266372
"114674",0.0978163186871838
"18710",0.0978115932768031
"73095",0.0977472633419534
"170763",0.0976904106653834
"75317",0.0975609724247865
"74164",0.0975381211732577
"12268",0.0972449496834576
"268747",0.097217446476615
"75530",0.0970506136371507
"16010",0.0970087584662726
"117599",0.0969829853988889
"23885",0.0969229671960729
"279706",0.0967875174876376
"12033",0.0967545797038312
"12585",0.0966487971138583
"29857",0.0964993314556951
"74741",0.0961902821274259
"108168715",0.0957146577392406
"100504608",0.0956592027396182
"223770",0.0956241512421611
"77590",0.0955389268245948
"100206",0.0953178138874979
"234582",0.0951921512402926
"545276",0.095030679871585
"625662",0.0949096482601474
"252967",0.0948592488320074
"22690",0.0946931056028575
"55988",0.0945469553235337
"15356",0.0944899568227418
"66980",0.0944687614407742
"67785",0.0943964065985669
"57815",0.0940823777286783
"224405",0.0938047438557803
"330189",0.0937614419085158
"67118",0.0937258908736194
"436090",0.0937138089720242
"20608",0.0936124570830302
"546077",0.0934309640070319
"69640",0.0930953829449824
"14829",0.0930920526891445
"216622",0.0930540361124308
"546401",0.0930398453402726
"12348",0.0930171755805366
"105244402",0.0928524333578632
"232910",0.0927989487849259
"71365",0.0927556397237167
"18602",0.0927405250320073
"17527",0.0925593552646795
"75420",0.0923950220021157
"54650",0.0923823549588856
"76898",0.0923780464497211
"328424",0.0922798161653689
"11922",0.0921793773551597
"20516",0.0921112352535136
"70789",0.0920505186657527
"22423",0.0919853769215889
"66727",0.0919853769215889
"83813",0.0919853769215889
"14566",0.0919608254331305
"19122",0.0918789816607544
"60594",0.0918313304666322
"83674",0.0918240947640541
"76832",0.0916361457277546
"545808",0.0915912390831193
"52036",0.0915908035893266
"83945",0.0915044526598736
"56363",0.0914537864813441
"210529",0.0913536917188576
"225030",0.0912211909067804
"100043330",0.0910107091753663
"56696",0.0909857850641763
"56550",0.0909494586169792
"72776",0.0909240228112264
"330301",0.0908602707482381
"83997",0.0908446803042016
"77220",0.0908351538116039
"665071",0.0908159071892886
"56644",0.0908048206161347
"113002583",0.0906869715829214
"268373",0.0905740310046344
"665129",0.0905481457447277
"69602",0.0905481457447277
"208117",0.0905328622349864
"13079",0.0904734674459861
"17288",0.0904734674459861
"17928",0.0904734674459861
"231382",0.0904734674459861
"329738",0.0904734674459861
"56629",0.0904734674459861
"635455",0.0904734674459861
"654354",0.0904734674459861
"67692",0.0904734674459861
"226304",0.0904669948437161
"270028",0.0903549904460197
"21410",0.0902596531776193
"666279",0.0901304653275694
"13036",0.0900456434484738
"232236",0.0898762636819839
"71481",0.0898694037606766
"76773",0.0896486429392494
"211027",0.0894778601794888
"231991",0.0894187335455404
"72154",0.0891175872103742
"619301",0.0890526121121869
"331392",0.0890309872977616
"70925",0.0889768010669456
"78912",0.0889218262710314
"12310",0.0888385569641202
"20190",0.088832484870376
"67538",0.0888191335604778
"16971",0.0887483426351012
"94067",0.0885658637827703
"448987",0.0885333393695434
"101489",0.0882803213612117
"170472",0.0881569241987779
"67603",0.0880388482991471
"20492",0.0880138385816876
"213435",0.0879206945430974
"18633",0.0878703867826978
"621228",0.0876900528431699
"13070",0.0875140992092371
"94186",0.087369424152743
"50721",0.0873183603495312
"75291",0.0873036621737993
"73825",0.0872051061784723
"67169",0.0871597803206506
"22412",0.0871459170731736
"72113",0.0870802227920536
"226040",0.0870027148704621
"68114",0.0869188519277927
"280635",0.0868952125761901
"218460",0.0867606947618446
"637748",0.0866760834805898
"56508",0.0866532679055403
"14314",0.0866098274055754
"107035",0.0866024460101582
"100417490",0.0863758337414042
"54003",0.0857460709041966
"54485",0.085644677114905
"192156",0.0855437233986739
"66079",0.0855117482786198
"210135",0.0854806245779333
"64659",0.0854165498180733
"668559",0.0852355215579589
"67994",0.0846906391636098
"74748",0.0846454624306155
"20657",0.084645316120469
"56520",0.0843432031462733
"268973",0.0843176715900181
"80892",0.0842826661040117
"224273",0.0840127615058325
"69253",0.0838362091288213
"12919",0.0837518453371537
"100416307",0.0836310221539423
"244209",0.0834493413048121
"67890",0.0834392354703659
"78267",0.0834123077066993
"53614",0.0833769697220051
"78803",0.0833156154050974
"100417636",0.0833026515760899
"18390",0.0831866719102759
"69123",0.0825400332502377
"102866",0.0824530380319114
"12330",0.0824285082942026
"13478",0.0824083959197076
"19217",0.0823484884740158
"110351",0.0821155566640034
"235028",0.0820895982226064
"245555",0.0815913963953493
"58172",0.0814110013461251
"338467",0.0813074200386758
"56706",0.0812964094678164
"16987",0.08124838088549
"218772",0.0811794692786641
"216150",0.0811486835564733
"14151",0.0811267958752121
"240752",0.0809660616358972
"100417752",0.0808664514331734
"207618",0.0808222273772919
"228859",0.0807553158828874
"29815",0.0807030552370426
"20439",0.0804356543715789
"72716",0.0804337404598646
"627737",0.0800604136295967
"338355",0.0800585661603941
"171504",0.0799446176742775
"26927",0.0798465831662321
"242891",0.0794910950902679
"83379",0.0793546113075593
"75721",0.079348445043138
"229699",0.0793208727354184
"26397",0.0792421137285364
"21946",0.0792345330517019
"73681",0.0790332983016459
"228846",0.0786962013559799
"229700",0.0784936850606736
"56838",0.0784865365714975
"66395",0.0783137156636674
"667663",0.0782042784596531
"16168",0.0777057771242847
"74041",0.0776832542812083
"66129",0.0775074194497225
"16541",0.0774463305151075
"20927",0.0772999812813893
"667260",0.0772549256407788
"67016",0.0771883514961257
"12583",0.0770964165478786
"229279",0.0769505686429546
"621377",0.0766438780388555
"69234",0.0765593399302986
"171270",0.0764096861655182
"66365",0.0762834906745076
"320208",0.0762455881673508
"238333",0.0761575032356578
"102638254",0.0760913105114249
"21411",0.0757869688061305
"14646",0.0757252480837024
"381112",0.0756213425614582
"232286",0.0755734301969196
"104394",0.0755116529128145
"56791",0.0752090134615024
"103712",0.0747886444394568
"15245",0.0746989039281484
"65116",0.0746077384008648
"216873",0.0745101090652836
"13924",0.0743568008317254
"22419",0.0742111048060121
"17879",0.0739939539118759
"229543",0.0739804714781975
"67467",0.0739345081013979
"73712",0.0739292044147498
"271786",0.0737767449594096
"100417207",0.0735600669814652
"105245971",0.0735600669814652
"109652",0.073468121938044
"118451",0.0734126423701686
"75869",0.0733917717903513
"11727",0.073276805624621
"17285",0.0729897204108143
"101122",0.0728750693068006
"19293",0.0728211049027312
"76479",0.072650579425104
"100416314",0.0722331088972344
"100418415",0.0722331088972344
"15371",0.0722331088972344
"22787",0.0722331088972344
"241765",0.0722331088972344
"545432",0.0722331088972344
"546482",0.0722331088972344
"668096",0.0722331088972344
"53380",0.0721232091797117
"353156",0.0719044690045755
"381126",0.0717840646564913
"114873",0.07165181949284
"216820",0.0716305331376205
"11624",0.0714964991791709
"23984",0.0713378327049844
"76983",0.0713216559456271
"16871",0.0712780916772445
"668270",0.0712780916772445
"56708",0.0710117568079798
"269582",0.0708865861974512
"22194",0.0708265026092889
"57354",0.0707600945448396
"12153",0.0706593362638823
"26444",0.0706335130651253
"50794",0.0706165742511047
"627111",0.0705550132740825
"30928",0.0702824190546495
"319901",0.0702403197981806
"23900",0.0701534745145303
"263876",0.0700916894520564
"19700",0.069994708149648
"668101",0.0699912884470828
"101320",0.0698208107137534
"17283",0.0697301852226458
"18392",0.0696393350546237
"20348",0.0692889390804132
"50782",0.0690681168959994
"75623",0.068704183759212
"193796",0.0682109408065265
"211468",0.0680537054091752
"121022",0.0677782996669613
"329064",0.0677743922038951
"75686",0.0677516604141618
"76157",0.0677360990236245
"239133",0.0675779442717454
"68149",0.0672998756918643
"20319",0.0670872512245826
"12655",0.0670699174963972
"22307",0.0668839526216479
"627119",0.0668128006706276
"620078",0.0668030546431585
"68778",0.0666756844310238
"19073",0.0666502729500103
"211006",0.0666234542145835
"66818",0.0665806401648808
"17295",0.0665719042574214
"233064",0.0665358117508041
"100503479",0.0664754203857214
"211945",0.0660232443222171
"14159",0.0659350426140631
"14811",0.0654401416837328
"434156",0.0654313752696747
"69309",0.0654197148826473
"15439",0.0652346272644731
"26900",0.0650706826284306
"211484",0.06501248023839
"666855",0.0649601245734847
"109910",0.0649104319771342
"613264",0.0648251082832027
"17308",0.0647898036878655
"68713",0.0647501438179952
"30927",0.0647246644796814
"101883",0.0647220720213799
"16518",0.0646416265022361
"16492",0.0646125548450473
"51796",0.0645417614633226
"72277",0.0644585242131144
"94094",0.0643748486679684
"76199",0.0643159486026637
"50764",0.0642811801118636
"103711",0.0640624011327256
"171199",0.0639317176909404
"21948",0.0637448991517997
"12491",0.0636884389780912
"217830",0.063528875097376
"231805",0.0634143554981319
"26885",0.063351628779358
"59045",0.0633049353101997
"223527",0.0630758954700089
"20269",0.0628796368083529
"107934",0.0628080133553003
"69524",0.0625395929846141
"53599",0.0625394857152865
"75710",0.0625198235671615
"100040929",0.0624318886553837
"74198",0.0622502034453599
"69790",0.0619885894275023
"623661",0.0618979194790902
"236733",0.0617543571562368
"14129",0.061671006612099
"26448",0.0613076960015798
"100039740",0.0611467337400419
"19152",0.0611048414171399
"99151",0.0610795857781574
"224813",0.0610267312323866
"101187",0.0608682719401065
"228993",0.0606851316435511
"100041325",0.0604125626540614
"29862",0.0603795563187231
"12752",0.0603003147338491
"100041433",0.0602869394555159
"102634999",0.0602869394555159
"69706",0.0602869394555159
"321019",0.0602400876729831
"15270",0.0600523607440797
"69563",0.0600386328367482
"22778",0.0598841396348344
"22670",0.0598082119685406
"215474",0.0595962272439273
"56839",0.0595952159589186
"21400",0.0595765203511896
"270162",0.0595101449017488
"73167",0.0594429942920634
"224480",0.0593003076297578
"54426",0.0593003076297578
"104732",0.0591327964126095
"11863",0.0590739370482746
"380928",0.059010199716165
"15464",0.0588433970185122
"19045",0.0587895937386892
"103199",0.0587119239736273
"666311",0.0585160714778514
"320452",0.0582405692366141
"69847",0.0582236725186407
"382073",0.0581494404551864
"101476",0.0579761741773336
"18504",0.057949026048958
"70862",0.0577594801905999
"80281",0.0576760305430025
"100862359",0.0576230687281341
"22146",0.0575450386258915
"100416042",0.0575075483083592
"116732",0.0575075483083592
"12741",0.057228534846575
"100503915",0.0571286753747753
"245450",0.057086514147992
"245578",0.0569695467712256
"12927",0.0568860265959138
"664779",0.0568402347699801
"12959",0.0567423032505859
"224814",0.0567316595174254
"23834",0.0566595254378884
"107932",0.0566035260776479
"71520",0.0565855226536927
"11841",0.0565596682569864
"29820",0.056481141183223
"66914",0.0563543985961896
"67489",0.0563248716178842
"19645",0.0563095659585453
"320707",0.0562619932070807
"11992",0.0561851273588183
"75209",0.0560624341358368
"171193",0.0560289792357473
"12695",0.0557420711713885
"381716",0.0554169551796113
"241118",0.0550961318789473
"27220",0.0550344940372716
"20499",0.0549808552061033
"228140",0.0549548787562475
"11482",0.0547304756440257
"66065",0.0546857390875811
"674419",0.0542627061119418
"211949",0.0541831531194004
"75746",0.0539960931036483
"258461",0.0539851548738432
"242505",0.0539421395277224
"14680",0.053940651343473
"231510",0.0534869026780668
"100040766",0.0534639040332367
"18575",0.0534551369582457
"70122",0.0533140664124032
"12828",0.0531546179904132
"105513",0.0531522441546495
"66471",0.0531157093606717
"69306",0.0530046372952769
"75624",0.0528460788115462
"105349",0.052659280828112
"278174",0.0525965614832776
"433313",0.0525965614832776
"433862",0.0525965614832776
"435314",0.0525965614832776
"668784",0.0525965614832776
"69520",0.0525965614832776
"319196",0.0525554544308291
"72014",0.0524734114395308
"54525",0.0524031532525579
"110454",0.0522922927659261
"171095",0.0522673180906415
"56503",0.0522617649965646
"18645",0.0520378918331385
"13531",0.0519489872213355
"399568",0.0519342699042383
"74201",0.0518626272420595
"209966",0.0518384639450112
"78619",0.0517695426206235
"545486",0.0517501678961859
"328971",0.0517169561474278
"233893",0.0516507936007438
"67148",0.0516496478463565
"224661",0.0516470731442222
"100503302",0.0515406180298735
"66406",0.0513767394204491
"17258",0.0513417609246569
"233011",0.0512334979537985
"70719",0.0510137367179126
"11352",0.0510111873598075
"97848",0.050813110867642
"72151",0.0507951026936845
"14187",0.0506297742922581
"54199",0.0506212687055962
"231583",0.0506125431514985
"16776",0.0502941603710978
"74134",0.0501973537889685
"228767",0.0501176023280705
"115489950",0.0500246365056055
"18588",0.0499828469638291
"103135",0.0499756563755464
"19655",0.0499682320342311
"107815",0.0492951345204585
"667676",0.0491876832039411
"11486",0.0491328946952321
"12526",0.0489332874842794
"637913",0.0489332874842794
"269016",0.0489218035559244
"67507",0.0484655709488372
"228003",0.0482379599094437
"68854",0.0480595122059157
"17925",0.0480116491944727
"83767",0.0479424549404918
"12395",0.0477398716621599
"16178",0.0477217639879123
"108832",0.0477120467801669
"22591",0.0477105213293789
"16205",0.0476763792249355
"67369",0.047478308372236
"12304",0.0473325158633359
"11685",0.0472039005190733
"217304",0.0471301509423033
"72185",0.0469562831155202
"13018",0.0468386025878991
"213262",0.0464534413830984
"241633",0.0464349057800484
"12848",0.0463419818308109
"108167789",0.0463403545876112
"20555",0.046252003437965
"27205",0.0462119864815585
"26386",0.0460481458627925
"627626",0.0460452924360222
"12632",0.0459686186364053
"319638",0.0459274340699513
"20544",0.0459121649888135
"19240",0.0458300389640528
"72068",0.0457526484298891
"13867",0.0457320540175691
"70231",0.0456540439567524
"14874",0.0455449317824904
"226844",0.0453749833240927
"56434",0.0453329020351965
"70799",0.0450984452809692
"234378",0.0450930736322114
"329972",0.0450433423538114
"19652",0.0448796103288445
"103573",0.0445219706731808
"242620",0.0444879888847211
"27061",0.0444824935100685
"238455",0.0443209593510637
"54138",0.0442143106262099
"75538",0.0442079962904587
"232807",0.0441966628032374
"100040999",0.0441062772598037
"105446",0.0440615404620967
"208624",0.0440465753663331
"72472",0.0440405565777574
"244871",0.0440142480077763
"66995",0.0438473919770925
"56468",0.0437697614141323
"636915",0.0434767756595492
"68107",0.0434086409847769
"12064",0.0433438077715586
"109889",0.043330110653976
"216781",0.0432800931450621
"319508",0.0432160327496029
"234023",0.0429246800150305
"57741",0.0428548477229121
"668584",0.0427881597592309
"19207",0.0427248623090122
"100040160",0.0425818782704746
"277743",0.0424628358178272
"108168485",0.0423180482223485
"14289",0.0415683797598609
"64378",0.0415375444944979
"218440",0.0414518130169173
"15529",0.0413628714412583
"434113",0.0412573986934358
"21677",0.0412560536284409
"67621",0.0409858968563141
"71406",0.0409071364736057
"208366",0.0408918194590284
"108168247",0.0408780910440082
"240289",0.0408524912543356
"66789",0.0408264138809798
"320528",0.0408035554689406
"219131",0.0406681840914436
"75553",0.0406521247564552
"14682",0.0405480544514172
"12518",0.0405246775910686
"236069",0.0405211800560744
"108946",0.0402379506878375
"66409",0.0401557483026196
"11666",0.0399753822095732
"100043123",0.0396943268005154
"83691",0.0396756533461014
"73261",0.0396454103730224
"16992",0.0394697669391468
"68876",0.0394559962660901
"622655",0.039180281043952
"22123",0.0390697328222258
"381820",0.0388493249426608
"14402",0.0387203805053441
"545474",0.0387058088915921
"209131",0.0387018198179599
"58996",0.0385543419572152
"72284",0.038530144790771
"72713",0.0384137501917197
"675969",0.0382191595476861
"239731",0.0381162673675114
"225995",0.0380886630455956
"101148",0.0378572275832013
"21929",0.037560071684649
"330064",0.0375372378178171
"338369",0.0374311510927863
"66109",0.037355428531836
"382551",0.037311934929291
"63954",0.0371986549329797
"19729",0.0368993911177139
"15220",0.036828022795391
"319455",0.0367925962314864
"15502",0.036738169970261
"107173",0.036650593372565
"50877",0.0366413743450748
"18829",0.0366002457997194
"13131",0.0364960846118043
"620678",0.0363392743272256
"67851",0.0363051331340819
"53607",0.0363042880555973
"75087",0.0362880444317649
"207521",0.0362145518686608
"12468",0.0360754301142954
"76130",0.0360573011618273
"100503386",0.0359824082440955
"18619",0.0359457430659638
"11602",0.0357967306454586
"11796",0.0356909463113421
"54339",0.0355037030767155
"18002",0.0354220723722484
"435787",0.0353132039897838
"73229",0.0352383844458772
"14963",0.0350266673512825
"433940",0.0348050460744961
"106759",0.034691586139167
"212514",0.0346021621659947
"231915",0.0344812834661044
"22018",0.0344398446701689
"108167792",0.0342797508019576
"67006",0.0340725122115977
"19049",0.0339196406552636
"21854",0.0338440274211987
"620213",0.0336886769045268
"228829",0.0335849675308031
"320609",0.0335823420025061
"234362",0.0334460467839122
"68839",0.0333737120664534
"13685",0.0332865791664452
"68992",0.0328866889856111
"72219",0.0328685013644078
"71941",0.0328351077551552
"233335",0.0325314325142904
"70435",0.0321496670021685
"69675",0.0321303742988488
"626367",0.0321209933357944
"56516",0.0321168452469937
"76626",0.0320660246000998
"106326",0.0318820332026728
"69106",0.0318741708554527
"328440",0.0317882223538792
"74080",0.0317710099430657
"14772",0.0317684200376611
"246177",0.0316178710321467
"109135",0.0315892701199503
"68273",0.031576680810559
"80718",0.0314389151979424
"170752",0.031393597327075
"26424",0.0313431122299192
"237860",0.0311098903896891
"77630",0.0309409983691471
"385377",0.0308339505875406
"100043853",0.030787237298205
"329421",0.0307426954634903
"75273",0.0306294893613715
"13549",0.0301675316468344
"71914",0.0301184854308821
"242747",0.0300588264169451
"319278",0.0299589080126121
"19744",0.029909352111544
"107392",0.0298746583969393
"21930",0.029764704236531
"100416142",0.0294238428000351
"16365",0.0294238428000351
"58865",0.0294238428000351
"640094",0.0294238428000351
"668758",0.0294238428000351
"20402",0.0293031691006863
"230903",0.029004577184094
"21356",0.0288211877269167
"54131",0.0288050042894991
"546009",0.0287378808575171
"76792",0.0287201981762376
"81489",0.0284775596380767
"56863",0.0283634895743339
"83672",0.0283614591518275
"240672",0.0282489259267616
"74333",0.0280456488800344
"23853",0.0280429231777703
"77629",0.0278160637307235
"73212",0.0276613929741247
"78655",0.0275798732325776
"319581",0.0274809333645263
"629389",0.027459077305068
"70357",0.0273016797965646
"14227",0.0272818412485112
"259040",0.0268305818895296
"620454",0.0268305818895296
"100039218",0.0267684135277225
"237940",0.0267642631976525
"20201",0.0267580652554928
"19309",0.0267023442449739
"232491",0.0266549946281245
"67923",0.0266503143691674
"84094",0.0264707156332802
"545645",0.0264644286636807
"667048",0.0264644286636807
"69698",0.0260803029936821
"67991",0.0259626283412777
"72315",0.025789818673078
"13401",0.0256280150778226
"654473",0.0256166433571888
"112590811",0.0255274698904185
"333883",0.0255170092246478
"624083",0.0253448528374803
"225363",0.0252498673848698
"16976",0.0249348008299778
"110446",0.024888789994997
"74407",0.0248790443797475
"235612",0.0247864321967721
"666853",0.0247380367976823
"338354",0.0246939372499326
"22253",0.024683824905709
"13664",0.0245249502976231
"665713",0.0244897184580203
"19253",0.0243954503417946
"68303",0.0242937950535546
"217698",0.0242445383873905
"24100",0.0242338629472686
"27060",0.0241236852000614
"56399",0.0239154225520441
"14945",0.0238305438340952
"58203",0.0238229061473349
"19091",0.0238039949806356
"108811",0.0237039445470644
"654801",0.0236073858329797
"100043843",0.023524867622134
"11610",0.0234259838717176
"76408",0.0232312416683897
"218693",0.0231557054347527
"53621",0.0231113876214571
"268958",0.0230571815455433
"14199",0.022901984947011
"100041586",0.022895070711596
"100861708",0.0227200805925184
"319207",0.0227060905075417
"72421",0.0226704166487477
"73419",0.0225915261449023
"19650",0.022524182052891
"66826",0.0224753148430082
"76568",0.0222668776140346
"235169",0.0220862760800084
"269060",0.0220136194556133
"23955",0.0219001274458081
"100038570",0.0218517127443318
"71704",0.0217697460307124
"70458",0.0214653691244605
"19201",0.0210870222112233
"240055",0.0210789522805625
"229906",0.0206378412493545
"16324",0.0205436701286301
"72020",0.0203844849757629
"68001",0.0203220533562251
"77031",0.0203033206893076
"331474",0.0202942628291726
"321000",0.0202297545970103
"223989",0.0200811007270881
"68553",0.0198324057406543
"111283",0.0195899771425261
"101604",0.0195633915735961
"21672",0.0195096419940603
"67389",0.0194762114927197
"18793",0.0194663431298353
"271849",0.0194248189054169
"233651",0.0193870131883771
"66857",0.0193749634584586
"243385",0.0193612220727973
"24051",0.0192018025993909
"67125",0.0190672245192477
"243910",0.019019572232972
"67239",0.0188269932231384
"75905",0.0188011927170929
"71870",0.0187393791116144
"106565",0.0186910803330112
"114875",0.0184709415526324
"237221",0.0183493925225079
"93683",0.0182736012192649
"218194",0.0182330560106374
"212127",0.0175349241202826
"107435",0.0174399808874728
"60409",0.017256130302455
"16819",0.0172158909207603
"66808",0.0172143307078726
"22782",0.0171904171635076
"231871",0.0171001865134582
"78245",0.0167313453863997
"72750",0.0167276814031779
"19222",0.0166974998773827
"269365",0.0166017913955867
"70310",0.0165146304701612
"382118",0.016483296927735
"620559",0.016434048091832
"16011",0.0164251880759533
"54399",0.016384997292117
"270198",0.0163601656775793
"21413",0.0163255337189522
"22359",0.0163080535881712
"233545",0.0162749457881766
"237782",0.0161513804941125
"226470",0.0159630570562753
"104799",0.0156891173849867
"225895",0.015423797960488
"258756",0.0152953181504151
"19362",0.0152930689334071
"14102",0.0152747710606291
"66989",0.0150441532325146
"71772",0.0150362541819241
"268880",0.0149041470331192
"68490",0.0148108832267985
"14804",0.0146806931456494
"11307",0.0144760060023646
"433016",0.0144657802620159
"17329",0.0142676888079377
"269955",0.0141412114177595
"11489",0.0141180051279671
"268480",0.0140373739839686
"17913",0.0139388835665979
"328162",0.0137805885006
"258628",0.0135945918827629
"235036",0.0135151563824261
"93688",0.0134694720633844
"66102",0.0134083955755028
"226143",0.0133024944679935
"11519",0.0132968092626787
"67048",0.0132965297813927
"24074",0.0131681266140535
"236727",0.0130636878677488
"268395",0.0130557552792054
"386649",0.0130196119445891
"23923",0.0129615494058295
"30926",0.0129604629910614
"171239",0.0129285889227454
"16407",0.0129022831861239
"12925",0.0126537356112115
"17763",0.0126380368732608
"76653",0.0126328733173763
"17076",0.0124084679905919
"56431",0.0123996199002514
"27392",0.0123137260810389
"232854",0.0122992272163463
"12865",0.0120245857445745
"102631730",0.0119534705318153
"17897",0.0119534705318153
"279029",0.0119534705318153
"319200",0.0119534705318153
"77727",0.0119534705318153
"94179",0.0119534705318153
"77200",0.0118923694147851
"20183",0.0118811394496083
"239510",0.0118198894609528
"20687",0.0117882559915487
"237553",0.0117853169029624
"12449",0.011713951595401
"75284",0.0116558488253119
"237213",0.0116155900111911
"624814",0.0115966425311647
"70693",0.0114605164901665
"98193",0.0107300263727732
"193034",0.0106427417819203
"259165",0.0106427417819203
"74493",0.0106215557666163
"16428",0.0105688945034831
"217305",0.0102989601141663
"66209",0.0102000629387905
"100040531",0.0100602966191036
"228756",0.0100120913574985
"434428",0.00987786322134566
"12053",0.00979753692385557
"30795",0.00945119764965076
"317757",0.00938550985349995
"270004",0.00928359051318705
"626785",0.00928359051318705
"23945",0.00927674436581601
"67383",0.00927414611615381
"432508",0.009263808800794
"69585",0.00920194466937269
"74717",0.0091255453468632
"71971",0.00906972754031645
"63859",0.00902486051845965
"51799",0.0089335781336925
"103098",0.00874302387659273
"64058",0.00870471505325778
"72215",0.00864572326027109
"100043133",0.00857820139623726
"20688",0.00840708574796384
"66278",0.00836850314789546
"68947",0.00826020885672398
"208266",0.007873461667574
"105653",0.00778997906793333
"66929",0.00767767082570932
"21684",0.00761276464182014
"239134",0.00761276464182014
"18574",0.00748038163188935
"19291",0.00744872593121533
"672511",0.00743953459941011
"320718",0.00735653943349341
"77733",0.00734100291711068
"14651",0.00705234156656747
"18114",0.0069009877889216
"19739",0.00681394300664247
"101540",0.0065599846966212
"28114",0.00648402965805493
"212974",0.00628195978790024
"14201",0.00626155608313539
"115487461",0.0059384220868672
"360213",0.00589040638577915
"52231",0.00583550489887248
"56856",0.00576565503647514
"73473",0.00558349740528894
"74277",0.00554146950710823
"108086",0.00548081124521291
"433752",0.00541741156729491
"17121",0.00540920161068278
"96979",0.00538555110396047
"72357",0.00519695014426457
"18196",0.00519583732206086
"56513",0.00514356023681731
"242418",0.00510240211026227
"13082",0.00510027757617837
"69239",0.0048648667763767
"258340",0.00477471458879299
"224794",0.00472920276340601
"277744",0.00451209264592426
"15015",0.00431943709894123
"216551",0.00423389138170257
"233071",0.00358119902377417
"64290",0.00341752524929775
"30964",0.00331721299721214
"218236",0.00327913296541023
"235636",0.00325168657399649
"66985",0.00314786552367358
"13350",0.00284162644580326
"319166",0.00275102456345523
"100043474",0.00273702468416999
"233905",0.0026744982593849
"381933",0.00260189659942381
"81879",0.00252999316669119
"76375",0.00228555027774668
"75552",0.00228210206934454
"434204",0.00225312877731184
"112419",0.00210695836484371
"18039",0.00195423234762917
"328370",0.00194623286523507
"67881",0.00192770715500909
"403178",0.00176039271297838
"214854",0.00170500330970195
"21789",0.00163284736613469
"17463",0.00158943355083479
"629378",0.00151034623271992
"244631",0.00105168305067163
"22033",0.00104198126564306
"103963",0.000944433419217836
"229675",0.000941092280687448
"16970",0.000902874546182044
"234258",0.000830404574021703
"215476",0.000821063444047168
"434341",0.000809635614534293
"13421",0.000435948000194857
"71782",0.000123912089498431
"53610",4.96825682071858e-05
"271508",-4.41570812062267e-05
"100503043",-0.000184423098163442
"72500",-0.000256981447882314
"17394",-0.000438896356266254
"57913",-0.000476792323008235
"71907",-0.000532458370678855
"71819",-0.0007691048579249
"22403",-0.00104990415849599
"66515",-0.00120144816148793
"69804",-0.00150233855413014
"11302",-0.00169285926748928
"241322",-0.00174317915546541
"14611",-0.00205097478609487
"623121",-0.0022836690958757
"58521",-0.00249896180079654
"231430",-0.00266407728651609
"26611",-0.00269076102613946
"76501",-0.00289473302088504
"67052",-0.00289533888445438
"216825",-0.00295561885751402
"667370",-0.00297926093048989
"329795",-0.00315384968487322
"100861753",-0.0033200491134161
"226351",-0.00344010444984369
"74393",-0.00351399761916514
"279882",-0.00376525873528763
"100038860",-0.00376525873528763
"100039167",-0.00376525873528763
"100039774",-0.00376525873528763
"100040532",-0.00376525873528763
"100043899",-0.00376525873528763
"100416285",-0.00376525873528763
"100416336",-0.00376525873528763
"100416400",-0.00376525873528763
"100417329",-0.00376525873528763
"100417365",-0.00376525873528763
"100417609",-0.00376525873528763
"100417720",-0.00376525873528763
"100417766",-0.00376525873528763
"100418031",-0.00376525873528763
"100418229",-0.00376525873528763
"100502693",-0.00376525873528763
"100502926",-0.00376525873528763
"100504164",-0.00376525873528763
"100504183",-0.00376525873528763
"100504689",-0.00376525873528763
"100861747",-0.00376525873528763
"100861755",-0.00376525873528763
"101055670",-0.00376525873528763
"101056221",-0.00376525873528763
"102641173",-0.00376525873528763
"106780811",-0.00376525873528763
"107970",-0.00376525873528763
"108167488",-0.00376525873528763
"108168046",-0.00376525873528763
"109821",-0.00376525873528763
"113859",-0.00376525873528763
"114230",-0.00376525873528763
"114566",-0.00376525873528763
"115486481",-0.00376525873528763
"11875",-0.00376525873528763
"12397",-0.00376525873528763
"13380",-0.00376525873528763
"14468",-0.00376525873528763
"15061",-0.00376525873528763
"15377",-0.00376525873528763
"16424",-0.00376525873528763
"16618",-0.00376525873528763
"16670",-0.00376525873528763
"170734",-0.00376525873528763
"171198",-0.00376525873528763
"171231",-0.00376525873528763
"171530",-0.00376525873528763
"17287",-0.00376525873528763
"18361",-0.00376525873528763
"18843",-0.00376525873528763
"194604",-0.00376525873528763
"20700",-0.00376525873528763
"209786",-0.00376525873528763
"210757",-0.00376525873528763
"213043",-0.00376525873528763
"216081",-0.00376525873528763
"22113",-0.00376525873528763
"22227",-0.00376525873528763
"22446",-0.00376525873528763
"226695",-0.00376525873528763
"231201",-0.00376525873528763
"232745",-0.00376525873528763
"241593",-0.00376525873528763
"243881",-0.00376525873528763
"246779",-0.00376525873528763
"252909",-0.00376525873528763
"257852",-0.00376525873528763
"257901",-0.00376525873528763
"258263",-0.00376525873528763
"258280",-0.00376525873528763
"258319",-0.00376525873528763
"258414",-0.00376525873528763
"258456",-0.00376525873528763
"258754",-0.00376525873528763
"258856",-0.00376525873528763
"258889",-0.00376525873528763
"258890",-0.00376525873528763
"258923",-0.00376525873528763
"259038",-0.00376525873528763
"259071",-0.00376525873528763
"278180",-0.00376525873528763
"319887",-0.00376525873528763
"329008",-0.00376525873528763
"329207",-0.00376525873528763
"353328",-0.00376525873528763
"380839",-0.00376525873528763
"381334",-0.00376525873528763
"381417",-0.00376525873528763
"382265",-0.00376525873528763
"383678",-0.00376525873528763
"384350",-0.00376525873528763
"384997",-0.00376525873528763
"385253",-0.00376525873528763
"433770",-0.00376525873528763
"433899",-0.00376525873528763
"435927",-0.00376525873528763
"545172",-0.00376525873528763
"545562",-0.00376525873528763
"545647",-0.00376525873528763
"56365",-0.00376525873528763
"56373",-0.00376525873528763
"56774",-0.00376525873528763
"57385",-0.00376525873528763
"57757",-0.00376525873528763
"620283",-0.00376525873528763
"625997",-0.00376525873528763
"627967",-0.00376525873528763
"629684",-0.00376525873528763
"631319",-0.00376525873528763
"632982",-0.00376525873528763
"66113",-0.00376525873528763
"66195",-0.00376525873528763
"66451",-0.00376525873528763
"665182",-0.00376525873528763
"665186",-0.00376525873528763
"665451",-0.00376525873528763
"665615",-0.00376525873528763
"665743",-0.00376525873528763
"665865",-0.00376525873528763
"666253",-0.00376525873528763
"666731",-0.00376525873528763
"667060",-0.00376525873528763
"66712",-0.00376525873528763
"667296",-0.00376525873528763
"667510",-0.00376525873528763
"66811",-0.00376525873528763
"668193",-0.00376525873528763
"668275",-0.00376525873528763
"668319",-0.00376525873528763
"668512",-0.00376525873528763
"668556",-0.00376525873528763
"668971",-0.00376525873528763
"675063",-0.00376525873528763
"677788",-0.00376525873528763
"692165",-0.00376525873528763
"69761",-0.00376525873528763
"71863",-0.00376525873528763
"73344",-0.00376525873528763
"73679",-0.00376525873528763
"75558",-0.00376525873528763
"780932",-0.00376525873528763
"78258",-0.00376525873528763
"78482",-0.00376525873528763
"100039202",-0.00376525873528764
"100043391",-0.00376525873528765
"100073351",-0.00376525873528766
"100040471",-0.00376525873528767
"100042681",-0.00376525873528767
"100158259",-0.00376525873528767
"100191076",-0.00376525873528767
"100418069",-0.00376525873528767
"16872",-0.00376525873528767
"170947",-0.00376525873528767
"234329",-0.00376525873528767
"236293",-0.00376525873528767
"258955",-0.00376525873528767
"258985",-0.00376525873528767
"259004",-0.00376525873528767
"544806",-0.00376525873528767
"545618",-0.00376525873528767
"57755",-0.00376525873528767
"622127",-0.00376525873528767
"72373",-0.00376525873528767
"330470",-0.00376525873528767
"100043906",-0.0037652587352877
"27045",-0.00381526195964656
"19171",-0.0040785820772628
"56707",-0.00410927859640033
"75302",-0.0041296611786328
"70387",-0.00431939604993997
"54678",-0.00437174775834021
"72238",-0.00446174004926891
"75572",-0.00448542868616789
"225849",-0.00453416666674133
"68777",-0.00460245703210394
"12751",-0.00460390469645425
"59009",-0.00482967461268123
"108147",-0.00485098014162956
"240047",-0.00525834397102619
"19820",-0.00526851251832618
"319655",-0.00530519628714021
"12611",-0.00533931336272347
"11717",-0.00550305142082398
"268445",-0.00555745676125177
"102607",-0.00555988743100133
"110012",-0.00559856829749193
"229317",-0.00566527954062816
"76854",-0.00576833618532964
"74760",-0.00592225090457384
"100041585",-0.0059497258418808
"74711",-0.00602184507153074
"27280",-0.00606354132230538
"110157",-0.00617314630374129
"67009",-0.00622284303768152
"75695",-0.00631532506892691
"75761",-0.00632199979647292
"64934",-0.00643207593538254
"320139",-0.00651374747004127
"21374",-0.00676725620995788
"53332",-0.00712746651153618
"665008",-0.00728050293959368
"192173",-0.00748644717785071
"242653",-0.00755945490873597
"217217",-0.0075669199168803
"110332",-0.00760989420553924
"16367",-0.00761166470553135
"71131",-0.00761287668200966
"12227",-0.00762281760888137
"68431",-0.00765069344506272
"382543",-0.00776566437850133
"433638",-0.00796617370476963
"115489479",-0.00810693867334268
"27413",-0.00810693867334268
"665839",-0.00819189225372218
"14085",-0.00824194030133847
"171486",-0.00830011478342419
"17116",-0.00847886534489461
"57230",-0.00865951728521873
"28088",-0.00888333815869701
"12986",-0.00942249206172561
"433702",-0.0095521524706493
"408062",-0.00959694353968341
"12580",-0.00971481304790497
"381845",-0.00973476002256547
"107626",-0.00974844066443691
"234564",-0.00974844066443691
"276941",-0.00974844066443691
"546801",-0.00974844066443691
"621842",-0.00974844066443691
"639530",-0.00974844066443691
"66625",-0.00990685324148995
"22068",-0.0100707375046895
"56620",-0.0100731823496393
"53319",-0.0101102684370476
"69069",-0.0101294334457291
"98558",-0.0101484662371523
"71932",-0.0101958977124328
"74256",-0.0102027269065352
"107515",-0.0102332813193666
"665565",-0.010394154636659
"381310",-0.0104243936634788
"68272",-0.0104340374874442
"14465",-0.0104522201626822
"621697",-0.0104522201626822
"67144",-0.0105209123719087
"238799",-0.0106282312483233
"54218",-0.0106693401415833
"30051",-0.0107016783582016
"68147",-0.0107059350372477
"66399",-0.0109449639117028
"77531",-0.0109746455282751
"50767",-0.0110775339019255
"19165",-0.0111511569488548
"382137",-0.0111691090387837
"67676",-0.0111997514653861
"14531",-0.0116916802738859
"75698",-0.011707713838063
"58248",-0.0119681551856404
"76306",-0.0120089881390015
"23894",-0.0120517850061177
"73456",-0.0120844193103885
"212632",-0.0121389002228589
"258822",-0.012175730231319
"269902",-0.0121870225260266
"13858",-0.0121979998351441
"55963",-0.0121999443116768
"18007",-0.0124641988903228
"320429",-0.0125221131252662
"140488",-0.0125566612424649
"69743",-0.0130125974511805
"227541",-0.0130881411770823
"74424",-0.0132354549633015
"69480",-0.0136608265119132
"52713",-0.0138004557190707
"109263",-0.0138268328477816
"432770",-0.0140406412697848
"331401",-0.0141521617065403
"14555",-0.01422721687716
"16559",-0.0144019372200609
"13396",-0.0145751912184042
"18292",-0.0146012409284887
"65254",-0.0146123997327326
"12444",-0.0147128128698985
"223690",-0.0147306379347143
"100019",-0.0150379565947389
"13885",-0.0152330193380742
"244091",-0.0152547725135318
"64406",-0.0154310990096125
"667100",-0.0155762287138365
"74142",-0.0157097352489646
"74043",-0.015916354763068
"69195",-0.0160994883748712
"93874",-0.0165868869245267
"625068",-0.0168246862806793
"268297",-0.0169486478848011
"668899",-0.017325769902874
"105887",-0.0176502244248414
"52443",-0.0176851356288184
"72124",-0.017913416432756
"628870",-0.0179345026160796
"236451",-0.0179384172932198
"71667",-0.0180412252041549
"239650",-0.018163575025818
"66614",-0.0183668231331442
"66832",-0.0183822822699085
"84004",-0.0184163093327539
"69032",-0.0186783367958474
"78405",-0.0189516903354449
"209683",-0.0190660203013791
"13006",-0.0190676514060323
"15247",-0.0190727706289511
"71175",-0.0192858149195428
"404710",-0.0193452036671636
"68810",-0.0195619329000039
"211064",-0.0196128418121201
"71591",-0.0198566640963962
"78408",-0.0198784151348981
"67015",-0.0199255865567947
"626802",-0.0200955862632933
"17089",-0.0202487225321532
"75659",-0.0202615780118403
"20723",-0.0203296931488062
"237611",-0.0204095425373345
"100503659",-0.0206852287698472
"622901",-0.0206896799345526
"11477",-0.0206924723952245
"271278",-0.0206981663655836
"13486",-0.0209716301423426
"271127",-0.0210856080219019
"52653",-0.0212802891538237
"28105",-0.0215157287501769
"26877",-0.0215536014419552
"74548",-0.0218251887860554
"19302",-0.0219508520749013
"13982",-0.0219770626430291
"66256",-0.0220317911177995
"29875",-0.0221851921194232
"56367",-0.0222701877249801
"98258",-0.0223571474074717
"14241",-0.0224026084678493
"231889",-0.0224951635681827
"70397",-0.0225130468184942
"245572",-0.0228775719920635
"74137",-0.0230972006685141
"216285",-0.0232412726751977
"239167",-0.0232649827380639
"66569",-0.0233241351144179
"225872",-0.0234632876556675
"12667",-0.0234656229588588
"57438",-0.0237443602126029
"13075",-0.0239952489611914
"13607",-0.0240444451146308
"22317",-0.0240684081567174
"217835",-0.0240801142762679
"242126",-0.0240823752379118
"64085",-0.0241223788107891
"74347",-0.0241333482734649
"192170",-0.0241610683064822
"74253",-0.0242405583037934
"237847",-0.0242559394076328
"338350",-0.0245669016371734
"231807",-0.0246414590495316
"12331",-0.0248466637089604
"66371",-0.0248669371567796
"22262",-0.0248925291322397
"11844",-0.0249637347439631
"209039",-0.0250615147673544
"66459",-0.0251118526692524
"15024",-0.0252883364267786
"245841",-0.0254834718607309
"18045",-0.0258324711086322
"70047",-0.0258741353116626
"14417",-0.0260662438256434
"13166",-0.0260699391925598
"216395",-0.0261407917136246
"319151",-0.0261896583874054
"664891",-0.0261896583874054
"241113",-0.0262654510751274
"666834",-0.0262743408604347
"17096",-0.0263853877552376
"100041273",-0.0265139746521779
"18119",-0.0265875933740829
"109225",-0.0266102541936526
"242297",-0.0266199437475466
"75547",-0.0267532291984494
"17133",-0.0268427266340386
"192174",-0.026979741753383
"631577",-0.0269907770718997
"11545",-0.0272268422543821
"17346",-0.0272574183618873
"101055676",-0.0275768791853808
"664975",-0.0278530860598551
"98415",-0.0280377399899149
"69590",-0.0281082090324406
"66713",-0.0282005733981406
"14256",-0.0283284429569262
"11907",-0.0284886241377207
"114564",-0.0285554586719851
"672125",-0.0289769187044849
"11855",-0.0290388780068131
"107448",-0.0292784782578643
"106564",-0.0293273812785349
"242151",-0.0295105525562719
"70843",-0.0295105525562719
"18107",-0.029571759952025
"667414",-0.0296751655597266
"14950",-0.0297055166065089
"103583",-0.0297216580399121
"20728",-0.0298285043902984
"66143",-0.0298642274631849
"26399",-0.029878699408167
"101314",-0.0299000995998342
"72058",-0.0300462572900753
"60364",-0.030241936032502
"17686",-0.0306461409175725
"20448",-0.0307233906505577
"53375",-0.0307580533856511
"171232",-0.0307701920876256
"18106",-0.0307701920876256
"11828",-0.0308003850743042
"69036",-0.0308003850743042
"319480",-0.0309958782489895
"117171",-0.0310682965483509
"69815",-0.031068480989026
"68968",-0.031574307526157
"668894",-0.032038709722551
"72482",-0.0321775210309841
"70456",-0.032258658012436
"18285",-0.0326072497478692
"623114",-0.0326072497478692
"258684",-0.0328839764073175
"56280",-0.0330581312464293
"170789",-0.0331920153524817
"98388",-0.0332183008569808
"277353",-0.0332388875553552
"665945",-0.0332731893997798
"210530",-0.0334336819747527
"77305",-0.0337348496759244
"106633",-0.0343524661811665
"213053",-0.0343698735542329
"13113",-0.0343955860128246
"72543",-0.0344495266956301
"170707",-0.0345743078572629
"14071",-0.0347064023760254
"244548",-0.0348038959073679
"209378",-0.034846204528046
"381406",-0.0349357640797462
"55993",-0.034955804221858
"242602",-0.035052889232129
"170743",-0.0350798026763887
"69731",-0.0354098178027639
"327766",-0.0357301237427595
"434782",-0.0357527632276405
"229007",-0.0358197005751717
"53860",-0.0358430374335866
"12453",-0.0360113252346158
"71943",-0.0360190523315968
"246179",-0.036125240903903
"68427",-0.0361765968781618
"100039979",-0.0363755275270731
"12504",-0.0366640484352349
"268515",-0.0367612363332747
"69546",-0.0370525597869735
"14073",-0.0370534980069858
"320635",-0.0371101794874715
"19395",-0.0371269990975502
"11910",-0.0372019510006533
"13808",-0.0372121287223107
"226591",-0.0374168914932048
"18641",-0.0374732973175183
"16192",-0.0377979108943309
"13490",-0.0379710015433203
"100043659",-0.0383111176683567
"226971",-0.0383761198188406
"77996",-0.03843164473249
"70591",-0.0384874278562969
"108153",-0.0385950467118232
"171190",-0.038686910560023
"18213",-0.0387105100880735
"69942",-0.0391484265639257
"19358",-0.0391710927696032
"229011",-0.0391805252591521
"474160",-0.0392354816727512
"12793",-0.0394365000390719
"320226",-0.0395639874851011
"83701",-0.0396328992051884
"223722",-0.0397397338087667
"100041925",-0.0397651419518482
"232947",-0.0397946301333146
"57294",-0.0398143760283562
"76826",-0.0400256893561645
"107589",-0.0400271010875047
"77422",-0.0400694050026332
"12294",-0.0401132192449848
"17906",-0.0401489612463167
"15930",-0.0403472625540328
"71177",-0.0405087851151145
"18572",-0.0405155270502137
"14860",-0.0406238628064611
"67095",-0.0407341142881514
"18754",-0.0408351985702373
"12556",-0.0410888566521104
"574405",-0.0411064752064114
"13058",-0.0413160266649966
"245695",-0.0415045671596667
"50926",-0.0415119845559972
"12767",-0.0417939033398311
"394432",-0.0419648405184602
"380718",-0.0421615014917535
"237256",-0.042173678477194
"106512",-0.0424047225612308
"93694",-0.0424589226981375
"54122",-0.0424704658786717
"68845",-0.0426448438251475
"24109",-0.0426848179825615
"70082",-0.0430664061710392
"233271",-0.0430912346103666
"26383",-0.0431235675807327
"75939",-0.0432700863063449
"213539",-0.0432871358654283
"78925",-0.0432995843111417
"67163",-0.0435145303579388
"18414",-0.0436566330048953
"19224",-0.0436625589487178
"73139",-0.0436765015860893
"24066",-0.0437005657523841
"22612",-0.0437937862585185
"57869",-0.0441068294747282
"100042388",-0.0442621292149229
"56226",-0.0444140674894655
"76233",-0.0444609873432724
"104099",-0.0448162722429265
"69046",-0.0449398445315808
"235048",-0.0449403715544161
"14654",-0.0449428425737659
"75801",-0.0449989014117219
"67120",-0.0450119226863842
"64930",-0.0450582413233662
"74147",-0.0452513921611581
"23863",-0.0453381983569645
"268756",-0.0454184713400381
"17105",-0.0454330796909419
"16530",-0.0454613677863263
"13822",-0.0455457848700289
"19299",-0.0455460334056023
"105847",-0.0459655425558304
"66111",-0.045970516670346
"668090",-0.0459985554286446
"217826",-0.0464646104682562
"56622",-0.0464708072658224
"209776",-0.0466765012801989
"226414",-0.0471156812244234
"27406",-0.0471734308143224
"106039",-0.0473013938656075
"68112",-0.0473703746326538
"213233",-0.0474778662036646
"171212",-0.0475608843285582
"117004",-0.0476436354481275
"13214",-0.0476436354481275
"227054",-0.0476436354481275
"666717",-0.0476436354481275
"74716",-0.0476436354481275
"19693",-0.048061607672331
"102638847",-0.0481156341540155
"668039",-0.0481281233373076
"11769",-0.0481653547082209
"66925",-0.0481937883395083
"215446",-0.0482525350483366
"66061",-0.0482974998957707
"171255",-0.04830884624261
"102639974",-0.0483801159947818
"208820",-0.0483863139415399
"209737",-0.0484832945649348
"13616",-0.048488024852252
"58998",-0.0485805176724588
"67703",-0.0487150489365481
"338523",-0.0492104334132272
"432946",-0.0493092718546898
"69399",-0.0493973682543904
"52202",-0.0495061929354918
"320816",-0.0495890344508536
"68240",-0.0496117834353433
"17314",-0.0496993494589945
"12957",-0.0498289363467886
"12836",-0.0498349910566787
"22339",-0.0498956819242133
"654795",-0.0501548537834485
"232987",-0.0504281401147974
"93761",-0.0504876085413611
"20307",-0.0505210075707642
"240853",-0.0505805265204822
"258495",-0.0505866037711786
"81910",-0.050662561985171
"17776",-0.0508107459866539
"23880",-0.0509286985338209
"630579",-0.0509600926754716
"244895",-0.0509807362194066
"234515",-0.051221485490504
"13726",-0.0513300667083772
"227644",-0.0513389869138342
"68115",-0.0514577651958585
"14186",-0.051521455573516
"100040634",-0.051760229812562
"226421",-0.051761912936445
"70044",-0.0519789256511839
"108909",-0.0519836430849674
"76952",-0.0521078266171916
"75146",-0.0521361203833028
"14745",-0.05235965805003
"16196",-0.0524036442571863
"66774",-0.052735335152292
"11857",-0.0527939109680295
"15211",-0.0527945543657668
"80733",-0.0532311483592737
"622339",-0.0534489760331533
"17387",-0.0535129212158019
"67154",-0.0535413868481726
"20529",-0.0535473555584542
"70359",-0.0535811709933897
"623230",-0.053655034400007
"622000",-0.053672629614408
"319636",-0.0537622201502313
"15116",-0.0538512512745926
"12982",-0.0540247802695904
"232813",-0.0540812755583462
"22045",-0.0540858667652843
"229746",-0.0541251689911058
"21407",-0.0542661534462091
"257909",-0.054274225322322
"22210",-0.0543366690108819
"70762",-0.0543655670395447
"56322",-0.054515383350904
"12912",-0.0547023561756321
"108167606",-0.0547894897978303
"83383",-0.0548240919270008
"277973",-0.0548719266955013
"21949",-0.054965573568725
"100034251",-0.0550388073721349
"381410",-0.0551520736414993
"76927",-0.0551991669107169
"50773",-0.0553136205969871
"115489721",-0.0555323746334202
"66928",-0.0558223224288331
"231279",-0.055923282319554
"94043",-0.0561640224295154
"78785",-0.0562566260521541
"13510",-0.0562874277378799
"668844",-0.056329245266746
"269589",-0.056351961691878
"207854",-0.0563612502584791
"67657",-0.056602473036685
"22761",-0.0567353776560538
"68837",-0.0567420635531478
"668650",-0.0568273163350064
"234344",-0.0568983206865232
"70510",-0.0569111089110859
"210510",-0.0569789274367019
"19734",-0.0574390593678171
"11782",-0.0575541077171754
"52708",-0.0576641438753022
"269356",-0.0577961690945019
"13032",-0.0578596702216487
"94245",-0.058032685097402
"67455",-0.0581871801620125
"213002",-0.0582467041582988
"56016",-0.058637768000305
"243846",-0.0586666832376436
"12427",-0.0587750614412352
"212448",-0.0589083866011523
"76025",-0.058954797064729
"12231",-0.0590385495347213
"353371",-0.0590385495347213
"66643",-0.0590848155325618
"13649",-0.0591135731223044
"108169197",-0.0594811235036822
"110310",-0.0594811235036822
"66362",-0.0595961305644878
"22685",-0.0596538241529033
"269954",-0.05983750660698
"70796",-0.0598380921699375
"270624",-0.0598594490711772
"17713",-0.0598788619364082
"17101",-0.0601409371270337
"72727",-0.0601506902776843
"77644",-0.0602958310340336
"14793",-0.0603205473344103
"78252",-0.0604478234245832
"79264",-0.0604519009339606
"14313",-0.0604662089945873
"15586",-0.0605482941397998
"66128",-0.0608854206581993
"52837",-0.0613613566741957
"240539",-0.0614925890585812
"76547",-0.0615249880232064
"231214",-0.0618844451741783
"232086",-0.0618936493195352
"18994",-0.0620199079187111
"217143",-0.0621126191569379
"237781",-0.0624501988111523
"224129",-0.0624904383910041
"258869",-0.0625099445565595
"231326",-0.0626398805363917
"171256",-0.0626549933799772
"13654",-0.0630667873191872
"53609",-0.0631015866561322
"73862",-0.0632069789845296
"246709",-0.0632577914785173
"13872",-0.0634369783011761
"14972",-0.0634953413775909
"100504573",-0.0637988524636745
"117592",-0.0643491870405366
"30951",-0.0644392551468519
"102640043",-0.0646631761603101
"228778",-0.065034356722793
"78767",-0.0650907283270532
"12499",-0.0652462860362029
"70807",-0.0654316240895424
"67795",-0.0659466148085423
"243219",-0.0659879169363935
"237558",-0.0663887463486166
"100040823",-0.0664368015265618
"320438",-0.0666972496505574
"66410",-0.0669365287334234
"217353",-0.0670032331676554
"12869",-0.0670227013125446
"353190",-0.0670799758790985
"212728",-0.067518123612663
"22122",-0.06754101706933
"11540",-0.0676675169477981
"18431",-0.0677141604313062
"76332",-0.0678568881736824
"239408",-0.067888951173477
"69656",-0.0679001969149132
"74442",-0.0679912414560873
"21807",-0.0680651508352098
"26922",-0.0683406191695695
"22239",-0.0683620761752372
"110172",-0.0684014418122277
"105243218",-0.0684019846875704
"18646",-0.0684019846875704
"20564",-0.0684217609396721
"71132",-0.0684885259019478
"381853",-0.0685159870108815
"208111",-0.0686223976044991
"73893",-0.0687020491519876
"212123",-0.0687330441609069
"11803",-0.0687543405887005
"108670",-0.0687981992433918
"72729",-0.068842468001732
"269608",-0.0689101301740629
"269629",-0.0689655987956802
"675278",-0.0690267216154864
"56386",-0.0691464559122177
"69878",-0.0692537320177776
"100041979",-0.069253962877288
"69441",-0.069351138461153
"21856",-0.0694691291949532
"27206",-0.0695784549722621
"69634",-0.0696190380008106
"68145",-0.0697126796278137
"18618",-0.069782740463523
"50817",-0.0700666581361673
"72446",-0.0701867724466348
"14733",-0.0702134786825305
"68818",-0.0703914010219875
"78697",-0.0705247826193474
"624430",-0.0706146629353005
"233571",-0.0706726951606089
"67959",-0.070675032379402
"226089",-0.0706791744886214
"75512",-0.0706795487904548
"100041503",-0.0707327072774396
"20540",-0.0708443767338871
"227195",-0.0711498816063662
"66660",-0.0711648288476631
"218210",-0.0713322700677173
"229487",-0.0713444199863754
"320398",-0.0714231181261023
"20908",-0.0715783970032373
"11744",-0.0717006891524591
"192986",-0.0718534282914654
"16779",-0.0718985668507817
"226747",-0.071966882582051
"13870",-0.0719860185763512
"64705",-0.0721622983692164
"626832",-0.0722819899322639
"24099",-0.0723909363539179
"67755",-0.0723934337256346
"230872",-0.0724773684016492
"12950",-0.0725821642600691
"226866",-0.0726335132664249
"192160",-0.0726678769545533
"326618",-0.072775830352327
"56174",-0.0727791624288257
"67966",-0.0728355105688494
"237211",-0.072898001474242
"20450",-0.0729337331671477
"72599",-0.0729797049097639
"208146",-0.0729861871023274
"109169",-0.0730821987390401
"102638226",-0.073189732677848
"20315",-0.0732013992901978
"100039840",-0.073422952923289
"330440",-0.0735119023929633
"320558",-0.0735620301222038
"214321",-0.0736174038247677
"233801",-0.0736683614152443
"258441",-0.0736683614152443
"258189",-0.0737030651772697
"15360",-0.0741770195187681
"667705",-0.0742635180025901
"67043",-0.0743397828610623
"381175",-0.0748089341716235
"56221",-0.0748089341716235
"66942",-0.0748089361751871
"100043084",-0.0748889506743463
"243548",-0.0749818322288526
"12638",-0.0750550887157596
"212439",-0.0750908981802482
"78926",-0.0753861243399097
"18569",-0.0755060060367513
"224014",-0.0756423434065936
"272538",-0.0757048422990443
"19771",-0.0758830708521772
"100041735",-0.0759516436734725
"68644",-0.076123352533619
"243864",-0.0763489206775749
"57444",-0.07643003965431
"330177",-0.0765149669148292
"75697",-0.076655806918047
"207683",-0.0767005276277276
"67222",-0.0767375345238775
"18345",-0.0768082810260152
"69228",-0.0768930332496553
"11642",-0.0769517502498904
"380629",-0.0770198772312734
"319172",-0.0770586307020811
"70317",-0.0770735226861683
"30853",-0.0772702169492511
"233744",-0.0773499655008694
"14208",-0.0776222168044639
"353242",-0.0779514971142512
"67019",-0.0780093998646691
"100418453",-0.0782649986247996
"216152",-0.078275609370402
"70419",-0.0786243582062831
"83434",-0.0786279599841078
"110326",-0.0788860032311317
"18080",-0.078992292736931
"54652",-0.0790085808108562
"216618",-0.0790683514793841
"237411",-0.0790987693656091
"14773",-0.0791229289858548
"171224",-0.0791435345216779
"75986",-0.0791676063357566
"18720",-0.0795339346304737
"74528",-0.079607925877753
"53328",-0.0797723486785068
"381236",-0.0798640876166597
"72475",-0.0799725926591119
"22222",-0.0801568961654827
"633498",-0.0802041936529207
"238384",-0.0803197773142511
"192120",-0.0803238591126026
"67899",-0.0805189667813619
"229357",-0.0806589977001734
"101095",-0.080865946912612
"53970",-0.0809197602300263
"319719",-0.0809811143721217
"667799",-0.0812799142872552
"234388",-0.0812859441176064
"231123",-0.0813242232083592
"12819",-0.0813279674592068
"629016",-0.0814251067682849
"57814",-0.0814402373595336
"214239",-0.0815660382131321
"211924",-0.0815955915541514
"29807",-0.0816626677093298
"15018",-0.0818268302997645
"74081",-0.0818380259765006
"12319",-0.0818742274169132
"12460",-0.0819138969308151
"217306",-0.0819345199910821
"21832",-0.0819389713742992
"16210",-0.0821447201394001
"212483",-0.0821905865789043
"73833",-0.0823710402418769
"244646",-0.0823887223047781
"241944",-0.0824206475062041
"22348",-0.0825132878825339
"67101",-0.0825841996873113
"328572",-0.0828415262620946
"326622",-0.0830081577196305
"78617",-0.0831838394798314
"67374",-0.083204623333669
"239839",-0.0832299644567999
"93765",-0.0833015415096624
"219150",-0.083688130098413
"66397",-0.0836927669863828
"21950",-0.0837261102957152
"17240",-0.0837888670375345
"59035",-0.0838110766496036
"544922",-0.0838556142468977
"207911",-0.0838768611501864
"78928",-0.0838936584717877
"68970",-0.0840262814165803
"270893",-0.084035498051124
"17357",-0.0841296508710229
"246746",-0.0841578835853245
"30949",-0.0843274562168613
"56532",-0.0843659096571854
"234796",-0.0844036407122909
"107321",-0.0845511569908861
"100416239",-0.0846990121967848
"12458",-0.0846990121967848
"497071",-0.0846990121967848
"76509",-0.0846990121967848
"216363",-0.0848164596016124
"545545",-0.0849204009147157
"233532",-0.0849427974520051
"114714",-0.0849696860681609
"66521",-0.0850272971927998
"59021",-0.0851259077633926
"66530",-0.0852683955953806
"30049",-0.0855443969950692
"230279",-0.0855732139763032
"66223",-0.0857956681887301
"100038489",-0.0858660111391226
"108167876",-0.0858660111391226
"11813",-0.0858660111391226
"212989",-0.0858660111391226
"320923",-0.0858660111391226
"383504",-0.0858660111391226
"665187",-0.0858660111391226
"667021",-0.0858660111391226
"71713",-0.0861084323607983
"241638",-0.0862147043749508
"23919",-0.0862160715831945
"229512",-0.0863432216673359
"71881",-0.0864470274666102
"216154",-0.086459657869475
"100042948",-0.0864950891985924
"108096",-0.0864950891985924
"83454",-0.0864950891985924
"20451",-0.0866933867740155
"66597",-0.0870281686743192
"100710",-0.0870624368787821
"384009",-0.0872370415781455
"100042235",-0.0873419952891873
"66385",-0.0874489160981324
"231858",-0.0875493352181814
"107885",-0.0875513749722333
"209589",-0.0876799234114559
"78308",-0.0877358289204699
"22722",-0.0878937168671814
"208522",-0.0880118897257423
"17385",-0.0880208997015185
"14751",-0.0880452288116269
"214552",-0.0880889896411591
"192188",-0.0881592893063664
"272359",-0.0883029898875835
"320253",-0.0883748556688489
"13491",-0.0884449228539548
"18014",-0.0885128775445022
"78937",-0.0885560103500714
"17131",-0.0886063534839681
"102122",-0.0886153626322276
"71853",-0.0886441904567556
"104570",-0.0886573066677211
"69752",-0.0887738881017483
"218294",-0.0889644329702647
"13589",-0.0891190398080224
"317755",-0.0891279813980142
"12654",-0.0891603574155022
"76872",-0.089203025496539
"17425",-0.0892587902345531
"223473",-0.0892627124061713
"14664",-0.0893037743376008
"70361",-0.0893730017209876
"56515",-0.0899456092809543
"56314",-0.0899470045509336
"100416185",-0.0899779257157923
"675957",-0.0899983826051091
"71884",-0.0899983826051091
"100040706",-0.0900006796680904
"100043485",-0.0900006796680904
"100416211",-0.0900006796680904
"100417946",-0.0900006796680904
"102631924",-0.0900006796680904
"15484",-0.0900006796680904
"17773",-0.0900006796680904
"19065",-0.0900006796680904
"195333",-0.0900006796680904
"20211",-0.0900006796680904
"223645",-0.0900006796680904
"244114",-0.0900006796680904
"319579",-0.0900006796680904
"320590",-0.0900006796680904
"330890",-0.0900006796680904
"382740",-0.0900006796680904
"497106",-0.0900006796680904
"52670",-0.0900006796680904
"622473",-0.0900006796680904
"626503",-0.0900006796680904
"638903",-0.0900006796680904
"666226",-0.0900006796680904
"666578",-0.0900006796680904
"667216",-0.0900006796680904
"667409",-0.0900006796680904
"668778",-0.0900006796680904
"676982",-0.0900006796680904
"70026",-0.0900006796680904
"70362",-0.0900006796680904
"71386",-0.0900006796680904
"74152",-0.0900006796680904
"76971",-0.0900006796680904
"18813",-0.090191395902085
"432735",-0.0901916925628311
"59125",-0.0904905001910497
"20295",-0.0905042749760748
"52331",-0.0905361167194227
"242607",-0.0905610583225812
"216869",-0.0906063986740132
"69288",-0.0906908802709058
"19046",-0.0908500134218049
"12372",-0.0910979090221896
"64918",-0.0912227688358022
"11852",-0.0913369432098305
"14118",-0.0913959675903227
"66202",-0.091469985855919
"71865",-0.0914999910333339
"100855",-0.0915218494579384
"58875",-0.0918918256712797
"27027",-0.0919854424822
"104458",-0.0920420667376184
"666774",-0.0921219780216598
"231866",-0.0922087407417851
"223691",-0.0923459794360618
"239652",-0.0923641587911168
"67168",-0.0924480152564663
"18032",-0.0925831014093419
"15985",-0.0928179388966684
"20344",-0.0929172357823047
"257892",-0.0930972389087166
"56449",-0.0932229226012043
"66179",-0.0933695814657171
"55984",-0.0934117993707828
"78816",-0.0934705679920561
"207777",-0.0936665922082258
"59043",-0.0936717636860647
"433099",-0.0940165154942889
"195359",-0.094091538069064
"106757",-0.0941053770335024
"100040795",-0.0945054216745926
"100417646",-0.0945054216745926
"20706",-0.0945054216745926
"252912",-0.0945054216745926
"66695",-0.0945599544805671
"546331",-0.0945658465119747
"245195",-0.0947707960073258
"22385",-0.0947958121050744
"17210",-0.094805283253222
"13638",-0.0949051748623902
"270097",-0.0951510859623673
"68352",-0.0952297738700634
"381812",-0.0953458135571294
"67326",-0.0954238722330852
"51885",-0.0954779689588872
"100041581",-0.0954880993152954
"22151",-0.0955014889451017
"68020",-0.095945758150941
"213272",-0.0959654563879447
"20510",-0.0962489423613929
"80744",-0.0964086776120174
"67547",-0.0965289865641729
"211007",-0.0966153117612825
"17450",-0.0968501122304469
"258203",-0.0968515173286283
"12215",-0.0969550834532601
"57816",-0.0969709788142302
"268396",-0.0970991426850682
"14803",-0.0972178524449894
"11637",-0.0977025066947491
"378431",-0.0978290414120028
"229782",-0.0978334643081248
"71913",-0.0978632807285486
"24132",-0.0978839780993196
"68316",-0.0979612458945207
"330817",-0.0982844271902167
"68075",-0.0983717158567144
"69583",-0.0984978395739507
"56488",-0.0985373615002856
"75555",-0.0985838028016244
"319475",-0.0986870234638398
"258797",-0.0988615509929116
"56348",-0.0989058091961068
"22751",-0.0989094243902962
"69121",-0.0989707619474326
"78889",-0.09905195202896
"17937",-0.0991567224958189
"24064",-0.099247569939277
"246229",-0.0992606814762309
"73244",-0.0993088823702346
"81600",-0.0995398802991187
"228564",-0.0996815100828966
"57890",-0.0999766117324536
"108067",-0.100123397698768
"69487",-0.100137527869774
"72635",-0.100270623163898
"78618",-0.100383538162849
"11513",-0.100447651128909
"232984",-0.100476146971622
"101142",-0.100571737680999
"224836",-0.100752226556976
"105193",-0.100766540764202
"52585",-0.100778214593828
"73739",-0.100894719198451
"71206",-0.100923642999159
"18669",-0.101043231071719
"432964",-0.101456718887559
"15979",-0.101469985277847
"76916",-0.101490128621453
"67337",-0.101563524663469
"13608",-0.101606890114628
"27223",-0.101769328208619
"24069",-0.101840974166606
"12315",-0.102041674835126
"80719",-0.102114687412106
"65972",-0.102135841934342
"30791",-0.10215959120662
"241943",-0.102216564892607
"70661",-0.102530586482612
"217030",-0.102562041797217
"244141",-0.102571382260852
"331487",-0.102572172505016
"21817",-0.102584505954873
"100046095",-0.102647578904602
"100534358",-0.102647578904602
"16679",-0.102647578904602
"22639",-0.102647578904602
"383491",-0.102647578904602
"75828",-0.102647578904602
"237361",-0.10265845497284
"626288",-0.10265845497284
"140741",-0.10268135906511
"22088",-0.102705986418665
"14865",-0.102713976987362
"100042880",-0.102993249965933
"56424",-0.103124032493555
"68865",-0.103191228022987
"328830",-0.103225923844113
"434234",-0.103362095574585
"30944",-0.103373848160573
"93871",-0.103432716167894
"19141",-0.103466193481988
"225049",-0.103538257990232
"21336",-0.103557994649718
"16633",-0.103566744569689
"241128",-0.103727939414345
"17299",-0.103861394503175
"66142",-0.103910012849782
"75387",-0.104036280147781
"102857",-0.104158321156483
"100233208",-0.104167544658087
"21353",-0.104177817882447
"67225",-0.104181597796128
"14155",-0.104233353563644
"71693",-0.104446107364276
"209550",-0.104678461308543
"108115",-0.104831261949029
"72656",-0.104973753565363
"67063",-0.105090371855996
"68705",-0.105102678109248
"102991",-0.105298269871225
"17085",-0.10548884391676
"66631",-0.105879039457139
"74466",-0.106007714720489
"58894",-0.106088339031167
"66694",-0.1060963976063
"67197",-0.106100959746608
"72057",-0.106571966998988
"68043",-0.106634239333476
"18604",-0.106689614141235
"103284",-0.106843028213748
"20391",-0.106877037011331
"78906",-0.106883123710554
"239017",-0.10688634850985
"11937",-0.106921634055785
"71991",-0.106981552988399
"14800",-0.107153504108972
"229780",-0.107402857183839
"16402",-0.107494332330273
"100041386",-0.107520814133197
"115066722",-0.107520814133197
"12173",-0.107520814133197
"16182",-0.107520814133197
"16635",-0.107520814133197
"171252",-0.107520814133197
"229302",-0.107520814133197
"233080",-0.107520814133197
"432720",-0.107520814133197
"433630",-0.107520814133197
"545741",-0.107520814133197
"668018",-0.107520814133197
"668137",-0.107520814133197
"675463",-0.107520814133197
"67749",-0.107520814133197
"72224",-0.107520814133197
"382823",-0.107525790206821
"665511",-0.107535709617897
"72096",-0.107772929939489
"102103",-0.107917583043289
"52348",-0.108055518967479
"20227",-0.108215760985572
"100417659",-0.108459959370994
"80890",-0.108539139365481
"19335",-0.108751812066031
"98845",-0.10876882297508
"11569",-0.108888357774938
"23983",-0.108926010072283
"66809",-0.109154885424935
"109065",-0.109247988553136
"26946",-0.109310355058616
"68487",-0.109457677690457
"110524",-0.109504525352248
"30948",-0.109588237763951
"54201",-0.109663509733263
"13711",-0.109893104175847
"14026",-0.109905329856394
"233332",-0.109931993437006
"219103",-0.1100021845582
"13709",-0.110009090857982
"230674",-0.110057809122964
"18241",-0.110154404670777
"259115",-0.110154404670777
"76856",-0.110154404670777
"224092",-0.110543060219309
"546071",-0.110584187943475
"13838",-0.110634215444618
"93674",-0.110825481223998
"19763",-0.110850313479707
"83557",-0.111268956314859
"109331",-0.111430107973332
"22668",-0.111452063895518
"218581",-0.111570282288867
"433700",-0.111640365579777
"66435",-0.111740719662533
"100048658",-0.111800648573222
"14068",-0.111800648573222
"192653",-0.111812597208446
"16889",-0.11199012090593
"19703",-0.112093457447025
"333654",-0.112194721491382
"66492",-0.11236286602698
"241989",-0.112536916983419
"550619",-0.112645876119145
"329877",-0.112647923157842
"12212",-0.112667236291046
"258117",-0.113013537023401
"381626",-0.113244734609918
"209497",-0.113285453008708
"22428",-0.113608949882985
"19288",-0.113707582237234
"30954",-0.113768969575974
"238024",-0.113896936607472
"114654",-0.113903601250535
"243372",-0.113961149652792
"381196",-0.114525578878241
"74352",-0.11460590113261
"214944",-0.114689931327758
"230936",-0.114777793381649
"223922",-0.114788899961469
"12803",-0.114814580989354
"17769",-0.114856978263883
"195046",-0.114896904095477
"11539",-0.115116136090589
"72805",-0.115151421138703
"18755",-0.115247291942264
"226153",-0.115506252073669
"30963",-0.115550369076961
"240549",-0.115562910407169
"20868",-0.115747797356351
"64540",-0.115998742800031
"100042149",-0.116040471999757
"217057",-0.116146046785293
"109333",-0.116327716426725
"27998",-0.116420759928171
"30933",-0.116535340362422
"276829",-0.116611935966354
"252876",-0.116823784943838
"52377",-0.116910099129946
"66138",-0.117040725178134
"230908",-0.117353624274971
"18013",-0.117432744909777
"381319",-0.11750311605997
"214547",-0.117598641799858
"66592",-0.117697695789724
"237091",-0.117998024667263
"21810",-0.118032430360141
"100637",-0.118191321862107
"22137",-0.11819806454751
"78376",-0.118199790575638
"66422",-0.118199890293615
"70470",-0.118248375575428
"18020",-0.118253889405235
"12519",-0.118377608531436
"19727",-0.118482702947664
"66864",-0.118491731394599
"72050",-0.118595988636934
"70829",-0.118602493056682
"171250",-0.118662661604448
"329366",-0.11868770712067
"20186",-0.118970457883715
"14894",-0.118989683267947
"17190",-0.119174020040958
"66923",-0.119334083182839
"12479",-0.1194900134729
"22163",-0.119546981752138
"17119",-0.119774503247348
"224432",-0.119826056894942
"330188",-0.11989852768984
"384783",-0.120029373545612
"102209",-0.12009813999601
"64292",-0.120268744787277
"232449",-0.120307617176389
"268354",-0.120757203622575
"18094",-0.120927773149017
"67390",-0.121106483658166
"21928",-0.121419034485078
"107585",-0.121495739069271
"244608",-0.121513591066576
"20405",-0.121524551380979
"15898",-0.121823265560112
"26370",-0.122012728103785
"245174",-0.122163045705321
"74732",-0.122223163348698
"56069",-0.122348247482371
"80287",-0.122677699935298
"101056094",-0.122713475632634
"55948",-0.122754485962505
"11810",-0.12283001340271
"68048",-0.123233117123133
"76897",-0.123313210953534
"258728",-0.123338824099295
"243510",-0.123342993618703
"74570",-0.12397932081164
"69606",-0.124047497911149
"268448",-0.124073300027857
"100502756",-0.124229723767475
"546049",-0.124229723767475
"382221",-0.124241464201366
"73078",-0.124410253619038
"21402",-0.124423298794746
"106672",-0.124535292867991
"209478",-0.124697231193119
"228777",-0.124702659457339
"71868",-0.124788029492804
"54120",-0.124867844462951
"320832",-0.124922908665212
"353346",-0.124922908665212
"620915",-0.124922908665212
"243374",-0.125051123054883
"71279",-0.125111610810403
"215814",-0.125353286268198
"15896",-0.125548471233993
"53608",-0.125740976945769
"78552",-0.125915647825279
"117934532",-0.12599720098128
"12815",-0.126248514105587
"52874",-0.126308864809534
"74019",-0.126334135674416
"69784",-0.126492750832756
"71820",-0.126552896636051
"68180",-0.126576503684874
"217664",-0.12664813205553
"243043",-0.12665552489829
"277432",-0.126660336822092
"11647",-0.126799555271875
"94315",-0.126923649487047
"69478",-0.127114706374678
"20897",-0.127125529160147
"56409",-0.127160614878456
"207375",-0.127220451818166
"12763",-0.127323464563809
"545429",-0.127324399338805
"71020",-0.127411387171129
"66408",-0.127464384781504
"239530",-0.127609584816628
"110557",-0.12773055338307
"66939",-0.127860967081297
"100036568",-0.127922663607175
"20449",-0.12798164410363
"64899",-0.128028917581541
"71684",-0.128032726205014
"18081",-0.128124423404205
"93887",-0.128406699569261
"93681",-0.12850212713922
"14027",-0.128567027234137
"100043324",-0.128735417374758
"108168770",-0.128735417374758
"109218",-0.128735417374758
"16495",-0.128735417374758
"76426",-0.128735417374758
"75079",-0.12875420800206
"14588",-0.128824135705563
"54451",-0.129005246153525
"78217",-0.129028618754936
"114585",-0.129100291144994
"234395",-0.129592580775514
"68002",-0.129632852983289
"67448",-0.129788321399919
"319625",-0.129798262815396
"432530",-0.12994583673761
"72361",-0.129968650614746
"104360",-0.130114545328347
"625424",-0.130114545328347
"665386",-0.130114545328347
"228005",-0.130115061559436
"12464",-0.130188971520435
"97122",-0.13023329634576
"12408",-0.130401363571773
"72568",-0.130414763664457
"100043546",-0.130565737810749
"270156",-0.130653579334082
"14805",-0.130686475133215
"223921",-0.130807869160571
"21452",-0.130839855468265
"14618",-0.130846655838635
"329777",-0.130906259746986
"231003",-0.131053504024999
"54377",-0.131088301073174
"52570",-0.131139565447984
"227615",-0.131339507868935
"56295",-0.131442267659289
"76688",-0.131527218459546
"226123",-0.131593779101366
"68018",-0.131710316889552
"269053",-0.131738882455128
"115489679",-0.131894310866035
"11856",-0.131982165592709
"235050",-0.131982541547055
"69263",-0.13199482076012
"668366",-0.13200637338497
"70790",-0.132172316747528
"15288",-0.132363098175549
"232035",-0.132492791956736
"19714",-0.132532159413746
"22202",-0.132878739530559
"269023",-0.132988868819949
"228482",-0.13319331601654
"13481",-0.133298706934687
"71972",-0.133397956826126
"245391",-0.133582182788175
"320237",-0.133805853197281
"433813",-0.133842432795937
"670832",-0.133867474218401
"76589",-0.133884861244737
"67689",-0.134144355774994
"320563",-0.134441667217491
"19889",-0.134537755601432
"73121",-0.134568141900004
"103149",-0.13460384266762
"129135233",-0.134669092095513
"100169868",-0.134872767954798
"100418478",-0.134889651113769
"100503735",-0.134889651113769
"102633938",-0.134889651113769
"102634805",-0.134889651113769
"102639912",-0.134889651113769
"103968",-0.134889651113769
"13067",-0.134889651113769
"18291",-0.134889651113769
"217341",-0.134889651113769
"234671",-0.134889651113769
"258766",-0.134889651113769
"330010",-0.134889651113769
"382413",-0.134889651113769
"384219",-0.134889651113769
"628946",-0.134889651113769
"665890",-0.134889651113769
"666859",-0.134889651113769
"668459",-0.134889651113769
"671971",-0.134889651113769
"78558",-0.13513035999921
"244886",-0.135386096079662
"52712",-0.135452389873927
"227746",-0.135460405598916
"100042148",-0.13548770016306
"21956",-0.135518222000197
"382062",-0.135587377610829
"20224",-0.135610157139106
"20539",-0.135710803020988
"72287",-0.135845082969054
"21685",-0.136074045905603
"30839",-0.136384538610065
"319259",-0.136554662198609
"75736",-0.136704614150364
"20403",-0.136855031306018
"68526",-0.13688083148701
"19263",-0.136935420983886
"70967",-0.137215940245782
"84652",-0.137351220304568
"73694",-0.137586977505095
"69179",-0.137628340464114
"17130",-0.13768695691245
"100039695",-0.137818360751402
"66124",-0.13787311503517
"258789",-0.1379139992465
"56046",-0.138169093120297
"69885",-0.138262422829513
"66242",-0.138363606620977
"207667",-0.138413413640172
"449521",-0.138428090950282
"20637",-0.138447261636636
"16852",-0.138564410637194
"103080",-0.138700408519707
"20473",-0.13884258560703
"330463",-0.138951985740152
"77853",-0.139055083607471
"56469",-0.139241490243038
"84682",-0.139285849843388
"140484",-0.139405897401724
"19707",-0.139461965220697
"70571",-0.139466553983892
"140571",-0.139672705666652
"66086",-0.139761584678483
"637053",-0.140037796502368
"235047",-0.140131963144092
"277978",-0.140284628233815
"22166",-0.140302458300074
"280621",-0.140365029156679
"210766",-0.140622451620438
"14121",-0.140728254858833
"112422",-0.140781420839246
"26356",-0.140976219859872
"72699",-0.141196219696784
"22626",-0.141304365510158
"17955",-0.141378405854123
"22290",-0.141423381070918
"27081",-0.141601290832326
"77998",-0.141613845247794
"27059",-0.141788485893047
"230837",-0.14181023532497
"72552",-0.141906942040996
"66932",-0.142041263409782
"15511",-0.14204792755297
"15353",-0.142108299660591
"333669",-0.142130789367843
"75763",-0.142150544194912
"52276",-0.14216240955776
"319477",-0.142345203354673
"67483",-0.142409489475072
"230777",-0.142432165138889
"628444",-0.142553812385273
"76074",-0.142606398943209
"217721",-0.142720821905018
"210297",-0.142819654925323
"104416",-0.142843250309638
"26908",-0.142893326985127
"11689",-0.143135122595783
"71898",-0.143334574070841
"258608",-0.143486042033038
"56354",-0.143607573292162
"26905",-0.143761791240492
"73068",-0.143787643936197
"66107",-0.143812959882146
"12696",-0.143840399549862
"623131",-0.143845147996816
"170833",-0.143863285251574
"56215",-0.143888837027394
"105372",-0.144184139221664
"211798",-0.144240189004675
"66056",-0.144249553569158
"15507",-0.144291555036115
"194974",-0.144304955184308
"171244",-0.144475552959172
"66935",-0.14468830875406
"102635960",-0.144741716164955
"11801",-0.144741716164955
"14527",-0.144741716164955
"19197",-0.144741716164955
"260423",-0.144741716164955
"28194",-0.144741716164955
"54352",-0.144741716164955
"57014",-0.144741716164955
"59083",-0.144741716164955
"72852",-0.144779863906927
"18198",-0.14482324356308
"12615",-0.144961191278069
"68197",-0.144982953256694
"69635",-0.144987652917645
"215928",-0.145082731205573
"667525",-0.145159646021296
"17189",-0.145189307016143
"546164",-0.145189307016143
"69834",-0.145622829963766
"74335",-0.145672810757813
"407821",-0.14568693579288
"242594",-0.145774797105251
"53881",-0.145793196803105
"75480",-0.145810628224141
"225432",-0.14597480969279
"319776",-0.146204575265367
"22367",-0.146413745452381
"66311",-0.146588035290862
"112418",-0.146707904788588
"16392",-0.14677697066051
"12482",-0.146847474521616
"68379",-0.146965950200556
"57278",-0.147157871070108
"226115",-0.147471110169485
"399510",-0.14751493346425
"66938",-0.147526228261549
"227638",-0.147783472301994
"12835",-0.147911302529013
"18012",-0.148078337067439
"74737",-0.148220925643847
"435684",-0.148273328123068
"17161",-0.148421337982246
"214764",-0.148612698824573
"208666",-0.148615010000179
"68554",-0.148666818790989
"320159",-0.148674360642236
"57738",-0.148756318167498
"245368",-0.149028587396623
"17067",-0.14908269102751
"58233",-0.149196266655625
"16543",-0.149297778356982
"214627",-0.149355770962419
"11480",-0.149369548466258
"74646",-0.14945200723133
"268795",-0.149472835834755
"69821",-0.149596430517561
"66849",-0.14992521490162
"16667",-0.149925956140682
"14957",-0.150271998738785
"100041012",-0.150500416452686
"22646",-0.150505548641799
"231986",-0.150555059334674
"673582",-0.150657417391949
"71956",-0.150710317134906
"108167891",-0.151158361731787
"246691",-0.151158361731787
"258111",-0.151158361731787
"80838",-0.151158361731787
"100039116",-0.151167417689701
"100101936",-0.151167417689701
"100417346",-0.151167417689701
"115487824",-0.151167417689701
"20761",-0.151167417689701
"230664",-0.151167417689701
"240595",-0.151167417689701
"258316",-0.151167417689701
"266614",-0.151167417689701
"404315",-0.151167417689701
"432865",-0.151167417689701
"545716",-0.151167417689701
"620672",-0.151167417689701
"622870",-0.151167417689701
"627132",-0.151167417689701
"664936",-0.151167417689701
"666342",-0.151167417689701
"668677",-0.151167417689701
"68528",-0.151167417689701
"72240",-0.151167417689701
"99439",-0.151167417689701
"104885",-0.151181728993657
"229499",-0.152020334759483
"66687",-0.152101539043124
"234463",-0.152146325865113
"207704",-0.152252373835337
"21754",-0.152278852034854
"17248",-0.152416231088761
"237988",-0.152588212570621
"70088",-0.152890419890693
"102635357",-0.152971955779183
"19184",-0.15300713450296
"80837",-0.153132729537207
"100340",-0.153277194630815
"74376",-0.153394400285234
"18488",-0.153517338746361
"243961",-0.153642471903891
"71726",-0.153646541621696
"546611",-0.153663264269558
"13489",-0.15375851548533
"14163",-0.153880083450103
"13713",-0.153909881210863
"83554",-0.154012358448685
"665279",-0.154093174409347
"11757",-0.154176499244376
"72388",-0.154293375678811
"53867",-0.154379252798684
"224694",-0.154486024135475
"21935",-0.154565509154296
"105245",-0.154712227899483
"101706",-0.154774399422695
"14287",-0.154915896077018
"27368",-0.154988569699117
"67296",-0.154996811962161
"21872",-0.155018023714428
"276919",-0.155207690380401
"16348",-0.155306953381204
"72693",-0.155483118428162
"21877",-0.155511436220676
"65971",-0.155535709613339
"227674",-0.155594620708742
"66170",-0.155602126622106
"16477",-0.155627733783193
"627160",-0.15564772732642
"328329",-0.155660250631058
"58227",-0.155930757665288
"403174",-0.156045575876087
"12267",-0.156224385783245
"244859",-0.156240599193573
"243308",-0.156266016608559
"621155",-0.156395072807058
"66126",-0.156405677661053
"101869",-0.156437165602939
"110835",-0.156629368238397
"258963",-0.156673532225014
"384061",-0.156924605178212
"52710",-0.156967347050695
"76282",-0.156990792383868
"66154",-0.15719941479195
"67384",-0.157200603632811
"232333",-0.157333405667746
"235459",-0.157434961712321
"16478",-0.157465426199147
"627367",-0.157774112042371
"75610",-0.157826437202241
"381353",-0.158037029754775
"66799",-0.158068462002968
"22084",-0.158116679761006
"27362",-0.158261947094311
"330938",-0.158432165931472
"70237",-0.158476479692908
"78755",-0.158519417187344
"15193",-0.158648998008702
"19697",-0.159066003058497
"20282",-0.159117798732972
"83984",-0.159130431605857
"71740",-0.159139394689914
"66310",-0.159196622032908
"66959",-0.159402487910174
"544678",-0.15944855764467
"14787",-0.159617033060098
"72244",-0.159640176060421
"12363",-0.159658306723338
"72002",-0.159688236673076
"230726",-0.160112946135342
"79464",-0.160146577233615
"63986",-0.160225236137391
"66153",-0.160373013133367
"18389",-0.160381336423751
"64453",-0.160798382152849
"11504",-0.161092059183249
"17829",-0.161240422454535
"243300",-0.161399317925174
"214899",-0.161447367946426
"407823",-0.161557278662596
"66520",-0.161696754996091
"230648",-0.161742312499067
"18610",-0.161763982023337
"78943",-0.161790629086986
"94064",-0.161804140530273
"19216",-0.161815293555512
"100042129",-0.161942230889402
"23854",-0.16226265548021
"319817",-0.162346554700966
"242894",-0.162346947653474
"214133",-0.16241850304002
"71711",-0.162445694507042
"209824",-0.162451188692995
"16155",-0.162492534789003
"56464",-0.162512625418479
"272347",-0.162575238357733
"18142",-0.162698887139482
"320633",-0.162891542940324
"57319",-0.162931235623861
"240665",-0.16323588836247
"664968",-0.163240717949373
"13360",-0.163338948585701
"14683",-0.163614406754533
"260305",-0.163795933407201
"74764",-0.163882171936822
"12934",-0.164043471101765
"12905",-0.164196193375384
"20496",-0.164258981534823
"78309",-0.164439264131386
"668940",-0.164561319215869
"628900",-0.164843248741982
"623286",-0.164882275673443
"106869",-0.165054421804827
"14608",-0.165108723861006
"330390",-0.16514252634754
"211389",-0.165163281187831
"72018",-0.16532970850426
"50501",-0.165453656012295
"17859",-0.16547132880826
"65961",-0.165547747611133
"73738",-0.165560447332167
"19361",-0.165713127908101
"76483",-0.165969689228827
"12189",-0.16612641033284
"380855",-0.166368669368301
"218442",-0.166539966981262
"74108",-0.166641168042608
"545700",-0.166665435674657
"20926",-0.166813153480439
"14183",-0.167255937903966
"666411",-0.167425187012312
"55990",-0.167427855598186
"81907",-0.167614094674406
"20299",-0.167643636851738
"50765",-0.167856338718949
"328035",-0.168073023639581
"21462",-0.168286814940115
"26357",-0.168287533802265
"225339",-0.168297318898193
"12802",-0.168492964300532
"217558",-0.168598119888376
"24131",-0.168798467058225
"14239",-0.16890013636017
"14176",-0.168923604299822
"100534287",-0.168962614735453
"71703",-0.16919383831375
"13134",-0.169253643875936
"20684",-0.169334681756
"12036",-0.16934523050752
"57813",-0.169478190658773
"57440",-0.169581355094901
"210583",-0.169640437952362
"269604",-0.169669557000259
"19259",-0.16971426188108
"258859",-0.169844470127547
"240038",-0.169999362754345
"545640",-0.170075015010075
"12661",-0.170493936769868
"74238",-0.170787581599117
"74670",-0.170913890432769
"107951",-0.170942277192153
"213393",-0.171065884664749
"64143",-0.171089475790641
"11944",-0.171332495121351
"209027",-0.171725347277901
"18632",-0.171817309016817
"212168",-0.172194994235141
"56427",-0.172274292083751
"78914",-0.172304362039727
"18596",-0.172401044598385
"66358",-0.172414807664122
"19246",-0.172440176531049
"246707",-0.172549961489133
"16643",-0.172953464939435
"217369",-0.172953464939435
"668182",-0.173181179494614
"20823",-0.173188215264532
"19724",-0.173234740559417
"244237",-0.173316377153374
"547247",-0.173316377153374
"57390",-0.173316377153374
"74400",-0.173355200604975
"232334",-0.173399222247905
"69573",-0.173410529569426
"72690",-0.173412084926805
"13356",-0.173443338704787
"12877",-0.173550779079013
"11886",-0.173627957618322
"12915",-0.173810016610151
"100038725",-0.173871987499467
"14238",-0.174202836283735
"66251",-0.174236162164585
"21770",-0.174314885255941
"622408",-0.174509085948206
"228550",-0.174563461635753
"100041509",-0.174764613012533
"76789",-0.174805251498618
"667035",-0.174975488404986
"12866",-0.175189777939396
"625823",-0.175193005259386
"67242",-0.17524900902985
"64074",-0.175300779210759
"76779",-0.175450301632729
"21771",-0.175453293960771
"12481",-0.175485401510694
"21401",-0.175492969752364
"269788",-0.175494281115984
"433141",-0.175500433342091
"140795",-0.175506760955125
"26891",-0.175509138259427
"74443",-0.175510177293292
"13730",-0.175518923260032
"75690",-0.175542250483321
"29808",-0.175556931423862
"100502754",-0.175572787505872
"67739",-0.175577564399857
"66874",-0.175578602418336
"668943",-0.17588003355692
"170952",-0.175899876815264
"243967",-0.176197736568692
"64103",-0.176252236678783
"243834",-0.176418052248169
"13024",-0.176435829252916
"75871",-0.176463431487817
"76703",-0.176488540421314
"102633458",-0.176643676526247
"98870",-0.176838510523734
"72155",-0.177407837622792
"15429",-0.177421881340758
"102640327",-0.177447972464976
"14630",-0.177710187710703
"69519",-0.177726939351191
"56380",-0.177923492711017
"18046",-0.177942934444907
"104110",-0.178155913421876
"100039281",-0.178394451345025
"671392",-0.178559781046797
"12552",-0.178592573672854
"20174",-0.178619779233125
"237422",-0.178839733950318
"56724",-0.178959949275861
"16981",-0.179082328771631
"13842",-0.179118393227597
"112841581",-0.179587270099752
"81799",-0.179587270099752
"22379",-0.180057612242641
"69707",-0.180067376449276
"258291",-0.180222690824766
"258459",-0.180455563318076
"83395",-0.18049562790709
"20592",-0.180592483735216
"68089",-0.1806007902295
"76969",-0.180601803267894
"217116",-0.180690989880365
"22247",-0.180695171441168
"69713",-0.181054187823237
"100039596",-0.181169161708983
"11686",-0.181194259004733
"15929",-0.18126890770251
"217593",-0.181445830358989
"83946",-0.18145147960251
"21888",-0.181457391283861
"108168114",-0.182003054457433
"28015",-0.18216231736805
"20132",-0.182559847300278
"269702",-0.18268008849969
"12021",-0.183280320306782
"29817",-0.183375283715049
"93885",-0.183565753070881
"54396",-0.183568405554767
"66528",-0.183573108048047
"14425",-0.183631902971751
"66220",-0.183739051302033
"18739",-0.183791901383709
"66054",-0.18384585026579
"14933",-0.184005900899322
"77578",-0.18402940105745
"227697",-0.184065580343097
"56517",-0.18406977604952
"16525",-0.184236602559234
"117160",-0.184379733848411
"14615",-0.184560150907043
"73945",-0.184818275985946
"208943",-0.184922592433909
"170776",-0.18501307910923
"320460",-0.185055144223048
"100502736",-0.185251182019366
"231769",-0.185295852321855
"625074",-0.185350376047873
"14168",-0.185466802618616
"71916",-0.185511360944288
"319182",-0.18564805296288
"117600",-0.185667940170703
"20513",-0.185722035115126
"75778",-0.18573208202618
"76457",-0.185773686466215
"16450",-0.185793573637886
"102637480",-0.185818326398137
"72046",-0.18607341649487
"67556",-0.186108167246133
"320720",-0.186228937960529
"66743",-0.186366156978383
"226551",-0.186377161447929
"108687",-0.186393356279256
"68185",-0.186513487058106
"666584",-0.186816620628776
"233752",-0.186857131397844
"54393",-0.186913879637144
"22361",-0.186917742855929
"20296",-0.186983012051773
"270148",-0.187009620815619
"105243593",-0.187040832740494
"20350",-0.187175674040468
"229663",-0.187507069243989
"77782",-0.187594466971219
"100042791",-0.187823272753081
"13025",-0.187933173785497
"381066",-0.188212432929661
"26557",-0.18825605917842
"30785",-0.188335673065895
"19765",-0.188348954109648
"69535",-0.188523542848905
"76238",-0.188575098212472
"68177",-0.189030209937513
"70466",-0.189116809946917
"19364",-0.189144707166239
"623859",-0.18917974548219
"100042312",-0.189182480036379
"224640",-0.189355523441442
"245607",-0.189427658098324
"230500",-0.189505796404164
"12558",-0.18950665391982
"620695",-0.189542884739072
"215243",-0.189565653842357
"210544",-0.189672629314391
"19229",-0.189689450534296
"320701",-0.189753714228338
"72275",-0.189772218666684
"68016",-0.189792832330892
"24045",-0.190170591756443
"12532",-0.190458730895106
"17967",-0.190583500253491
"105841",-0.190698157975223
"12010",-0.190732450436496
"246228",-0.190819576740347
"75660",-0.190839771791789
"114304",-0.190879607676174
"76467",-0.190979963333492
"382252",-0.191036421197621
"207212",-0.191041518009773
"66824",-0.191141171871365
"271305",-0.191273801687653
"71787",-0.19130109191776
"18071",-0.191379302259664
"12777",-0.191405240767697
"226419",-0.191426343165658
"19735",-0.191433400078647
"72667",-0.191480807867263
"13340",-0.191495854407054
"246048",-0.191565903382164
"320982",-0.191750733463092
"100041240",-0.191757164682735
"71519",-0.191836502683157
"13142",-0.191882308930737
"67580",-0.191988159689081
"69870",-0.192061396861347
"27878",-0.192095367270594
"544928",-0.192129652766585
"18701",-0.19215193038886
"219249",-0.192209972484334
"664888",-0.192581920612975
"66333",-0.192763102614902
"407243",-0.192986695881291
"76416",-0.193001496867548
"77407",-0.193078282899168
"75141",-0.193119051992979
"330230",-0.193135589747316
"664799",-0.1932090240128
"67685",-0.193325039890981
"217166",-0.19337194297516
"20558",-0.193525266644841
"15289",-0.19378965902155
"20259",-0.19382754517213
"625029",-0.193953161309377
"268822",-0.194039186030913
"72454",-0.194100987457956
"434017",-0.194126056636715
"74770",-0.194170646079206
"111266",-0.194211757729772
"71900",-0.194272492044846
"76932",-0.194308324799317
"224024",-0.194357304816641
"14782",-0.194456381521965
"20680",-0.194463583127025
"26428",-0.194488050182501
"66165",-0.194653076088606
"21648",-0.194750222516606
"70575",-0.194778016922834
"24010",-0.194788991634044
"12581",-0.194805600127284
"74614",-0.194808251498162
"69089",-0.194992108434962
"240641",-0.195003364957703
"212516",-0.195024104444893
"233079",-0.195230341036776
"18208",-0.195272938332115
"67196",-0.195410968156884
"243025",-0.195554944199904
"12068",-0.195816124565559
"93701",-0.195847797630425
"56299",-0.195870971912129
"69091",-0.196046705336312
"15568",-0.196319963296201
"12290",-0.196431197085998
"20423",-0.196439134957981
"19711",-0.196461748902775
"231147",-0.196476730502776
"227545",-0.196640995124433
"214240",-0.196641472673104
"21343",-0.196655010465868
"72611",-0.196660540107982
"100043761",-0.196702638752683
"75452",-0.196778762629681
"20832",-0.196985549757859
"17222",-0.196991198351937
"668453",-0.197259537908673
"59052",-0.197307455316205
"71200",-0.197437732368984
"19646",-0.197571329178142
"11924",-0.197645900411126
"319535",-0.197905789058829
"218121",-0.197925738152224
"18412",-0.198005873946551
"100416706",-0.198083730571874
"26456",-0.198153865632541
"18763",-0.198354005707536
"12475",-0.198439367053018
"21897",-0.19845667602507
"17150",-0.198518753094354
"215615",-0.198624737734155
"223773",-0.198678109151781
"114565",-0.198763446809074
"237433",-0.198786155767806
"238021",-0.198786155767806
"15551",-0.198820419840271
"100043493",-0.198877184423837
"228421",-0.198923354686799
"212390",-0.199087245950144
"234825",-0.199219692827273
"57752",-0.199234168522649
"73178",-0.199251631224788
"14593",-0.199374379043129
"54633",-0.199476830412856
"22275",-0.199480711494105
"170706",-0.199592541556228
"20743",-0.199620206926549
"105988",-0.199837382959023
"268670",-0.199987771964479
"67738",-0.200075586122667
"72117",-0.200128874965071
"234788",-0.200245047327418
"50915",-0.200360407145612
"67468",-0.200618354543131
"666747",-0.200658595623217
"100383",-0.200740775559974
"70420",-0.200760521145261
"269514",-0.200779465388168
"70652",-0.20092347360048
"12892",-0.200977674740269
"66249",-0.201046967504864
"20271",-0.201217563464634
"212090",-0.201327897931423
"353287",-0.20139688013721
"67920",-0.201422014203981
"64384",-0.201436346248157
"100040551",-0.201571449719595
"66172",-0.201690458476239
"100534278",-0.201704655760249
"12505",-0.202000635803209
"494448",-0.202235382268099
"243339",-0.202307420449718
"73205",-0.202323436213049
"68255",-0.20232814156872
"66274",-0.202534463918754
"14132",-0.2026587144562
"100416267",-0.20277816219107
"100416954",-0.20277816219107
"171166",-0.20277816219107
"245615",-0.20277816219107
"407814",-0.20277816219107
"666327",-0.20277816219107
"666613",-0.20277816219107
"100041567",-0.20279133452946
"433375",-0.202816508193819
"76894",-0.202971804568761
"15493",-0.202999932313215
"14766",-0.203190625681731
"12040",-0.203246219189273
"12398",-0.203246884418182
"16576",-0.203272755939172
"233057",-0.203406398352206
"666025",-0.203459351911752
"100604",-0.203698227705111
"13389",-0.203816309587261
"171248",-0.203924096864414
"59015",-0.203928634273763
"381760",-0.20408367917333
"70291",-0.204239840093166
"116873",-0.204310716149562
"71878",-0.204402733118339
"56384",-0.204506840103875
"71890",-0.204510524944391
"216459",-0.204522461606888
"17977",-0.204685319350855
"494504",-0.204691822742826
"100041546",-0.204756912384579
"12539",-0.20478922079049
"100043872",-0.204912413616869
"73449",-0.205074046266462
"227648",-0.205457317866193
"211660",-0.205480972374229
"56874",-0.205509293276061
"13087",-0.205642642911764
"70757",-0.205663355232523
"80748",-0.206008102357443
"71436",-0.206338950080754
"328110",-0.206718475775343
"14976",-0.207006886475515
"66993",-0.207225395485005
"71954",-0.207325609804221
"102635341",-0.207460826063579
"16201",-0.207675995968434
"192652",-0.207680190815299
"21937",-0.207697633887156
"215456",-0.207727357031685
"67429",-0.207761536976089
"16661",-0.208000072757887
"50498",-0.208045178394295
"245403",-0.208130287923677
"18216",-0.208144668697331
"668773",-0.208241287802319
"66349",-0.208392193736187
"12772",-0.208425795302404
"218885",-0.208535821442988
"108168827",-0.208657420437007
"235956",-0.208734686975149
"235180",-0.208762039209789
"66290",-0.208979002227336
"235256",-0.209093705076886
"73666",-0.209349950120077
"625109",-0.209459425943349
"73919",-0.209485185803479
"66790",-0.209554012831317
"208795",-0.209574800759309
"56808",-0.209651284265459
"13682",-0.209871877318782
"67036",-0.209959989779945
"26972",-0.209974038758104
"15510",-0.210040078267725
"269033",-0.210063890080478
"21802",-0.210068403586464
"14816",-0.210313012846103
"108099",-0.210482445903049
"258463",-0.210637451145009
"69207",-0.210798175732875
"16362",-0.210810546278433
"11498",-0.210816956752387
"11441",-0.211111294572417
"19009",-0.211112970348451
"67333",-0.211206196350039
"73610",-0.211230619350602
"56525",-0.211325556475569
"94212",-0.211365767130492
"227707",-0.211413809701541
"70737",-0.211428602767808
"667582",-0.211506429041019
"216393",-0.211691413713329
"76237",-0.211757499608847
"15488",-0.211775737784321
"98267",-0.211827594244938
"19411",-0.211850173459036
"83436",-0.212030529848386
"73130",-0.212222591375331
"73582",-0.212284520084605
"66578",-0.212358756141441
"243369",-0.212488396930859
"98386",-0.212493307729496
"230996",-0.212524092188529
"12406",-0.21288656969133
"269823",-0.212978173431456
"22352",-0.213012915556262
"74470",-0.213013676511337
"52637",-0.213089762506483
"100041204",-0.213183255726032
"319748",-0.213230396862296
"24058",-0.213296061477507
"16336",-0.213297325228088
"218501",-0.213297325228088
"60361",-0.213297325228088
"236690",-0.213356617817159
"69215",-0.213387040893642
"14381",-0.213531724222245
"100124675",-0.213569264637952
"100271882",-0.213569264637952
"100502876",-0.213569264637952
"102636082",-0.213569264637952
"108169004",-0.213569264637952
"171192",-0.213569264637952
"171269",-0.213569264637952
"18256",-0.213569264637952
"194219",-0.213569264637952
"209488",-0.213569264637952
"215974",-0.213569264637952
"238663",-0.213569264637952
"257630",-0.213569264637952
"258147",-0.213569264637952
"383531",-0.213569264637952
"432951",-0.213569264637952
"545471",-0.213569264637952
"60531",-0.213569264637952
"620570",-0.213569264637952
"637235",-0.213569264637952
"66323",-0.213569264637952
"668242",-0.213569264637952
"78910",-0.213569264637952
"98752",-0.213569264637952
"71361",-0.213698271744082
"232855",-0.21374596073029
"77056",-0.213987599639856
"228357",-0.214111109970265
"69875",-0.214133487797041
"327814",-0.21416209666009
"65962",-0.21458215234491
"21933",-0.214714588403
"20392",-0.214795811147728
"16169",-0.214798563137405
"27966",-0.214803151548209
"52118",-0.215097635833359
"17761",-0.215176794625258
"56395",-0.215245190654007
"171210",-0.215341534927887
"100041722",-0.215386663670213
"20419",-0.215403773287241
"239122",-0.215600296219559
"68196",-0.215628306605269
"100042024",-0.21564749870795
"171170",-0.215654148608041
"71709",-0.215667873175529
"17087",-0.215695898374381
"50708",-0.215734143802974
"107746",-0.216114812448668
"11640",-0.216139553901215
"67367",-0.216182797838014
"628994",-0.216244286993558
"14191",-0.216258732082586
"170930",-0.216297041992991
"19401",-0.216300088051379
"71673",-0.216336945701831
"50917",-0.216782022575867
"619697",-0.216906378714594
"232232",-0.216973995742288
"100502882",-0.217046371236049
"259063",-0.217046371236049
"227731",-0.217116824662862
"11989",-0.217130443665167
"238722",-0.217352286927671
"23859",-0.217489471182997
"17001",-0.217517764513128
"332427",-0.217560264071141
"18585",-0.217648811749671
"320595",-0.218112061818715
"666244",-0.218171796623887
"238037",-0.218172802136984
"71856",-0.218201508482919
"237412",-0.218326735193738
"57434",-0.218406828271946
"654824",-0.218498412445496
"319187",-0.218543778174574
"226154",-0.218814315862556
"66375",-0.218876782572581
"268935",-0.219260034591155
"100038947",-0.219358422644198
"230775",-0.219660519949562
"27052",-0.219838406390504
"22427",-0.220012019251261
"15950",-0.220287568595941
"18769",-0.220373288111012
"238076",-0.220543544949969
"66432",-0.220650820734758
"67534",-0.220790897496422
"228576",-0.220833712183283
"66317",-0.220964738582767
"52635",-0.220994382560764
"217378",-0.221288893563062
"14048",-0.221535058889702
"93689",-0.221910913817443
"23897",-0.221979559456795
"12914",-0.222008263674001
"22185",-0.222341886288474
"18400",-0.222357906974536
"353499",-0.222594894506521
"70952",-0.222859463645081
"66609",-0.223055408327396
"243407",-0.223072736366959
"67620",-0.223281612713992
"224647",-0.223425646467844
"623798",-0.223602062653836
"433283",-0.223769857874458
"69241",-0.223818325850733
"105445",-0.223975623677402
"22762",-0.224011215728002
"232078",-0.224039807167619
"12261",-0.224080895971959
"56546",-0.224105203993729
"75458",-0.224231753699546
"56191",-0.224362493417743
"70802",-0.224386749446308
"319772",-0.224410691176729
"244757",-0.224453968200351
"53902",-0.224510203498802
"18131",-0.224633533438376
"619645",-0.225072065108026
"230259",-0.225146131854944
"16180",-0.225320155959865
"73010",-0.225320807307227
"108167910",-0.225535785603388
"667985",-0.225558019745167
"12757",-0.225662218957096
"108169053",-0.225801958237337
"664922",-0.225801958237337
"72258",-0.225821734063001
"12123",-0.225901905292122
"229791",-0.226023227394993
"94242",-0.226063304450685
"102060",-0.226170398648504
"263406",-0.22617272932692
"381062",-0.226213980550994
"27981",-0.226340501505713
"240069",-0.226375521082402
"207165",-0.226534827573979
"218314",-0.226735487212043
"66945",-0.226753531519473
"102637511",-0.226767394581906
"116972",-0.226794079862735
"232087",-0.226923018713954
"14084",-0.226969532389481
"338359",-0.227147165602052
"233812",-0.2271952334861
"229905",-0.227333136487585
"226278",-0.227552973962873
"109672",-0.227577871328234
"230857",-0.22776345449418
"77929",-0.227997922098885
"12478",-0.22809732973266
"246729",-0.22809732973266
"56643",-0.22809732973266
"75953",-0.22809732973266
"68742",-0.228790968726678
"67666",-0.228820632393689
"14293",-0.22883691445893
"67862",-0.229178691433197
"74316",-0.229203916877696
"67873",-0.229468136329479
"14174",-0.229478462759827
"12854",-0.229767646623314
"68655",-0.229855505454765
"216799",-0.229949216687867
"71805",-0.229983876885738
"13681",-0.230006327302386
"227102",-0.23013331646368
"93896",-0.230248489808017
"244958",-0.230386655836841
"214951",-0.231050072733278
"74144",-0.23107042525071
"258853",-0.231173387985576
"12269",-0.231338719435329
"16783",-0.231458272382288
"327762",-0.231485984362302
"69723",-0.231719143058954
"70086",-0.23192192486649
"109082",-0.232033298640317
"68222",-0.232072778349649
"217517",-0.232101776082917
"622313",-0.23210851890861
"14013",-0.232160111222948
"73274",-0.232179982393246
"14367",-0.23254858241011
"67492",-0.232678205336354
"54401",-0.232714180343217
"66340",-0.232752422534294
"13650",-0.232875198049199
"68916",-0.23298150389968
"98932",-0.232989565192735
"170742",-0.233059153156823
"224045",-0.233070035661298
"105246",-0.233097921416932
"666528",-0.233202223904556
"76938",-0.233248915422343
"67724",-0.233261824216057
"19377",-0.233538400501311
"229801",-0.233869341856568
"18003",-0.233952607921176
"238564",-0.233989504883497
"56036",-0.234247290065943
"207839",-0.234260701726256
"66676",-0.234261657638634
"20719",-0.234393533177841
"15114",-0.234518291780668
"16371",-0.234524992435491
"11615",-0.234555930519833
"101700",-0.234612185002075
"68897",-0.234654898579388
"208583",-0.234806767625164
"246103",-0.234881489214792
"18587",-0.235028304457333
"67341",-0.235028304457333
"546336",-0.235042739043858
"100034748",-0.235204729303745
"78232",-0.235316317460914
"16797",-0.235359840538022
"51810",-0.235435671945677
"258302",-0.235455383732006
"629732",-0.235511605631349
"230379",-0.23569558598259
"110895",-0.235986185194225
"70979",-0.236016749349317
"16009",-0.236118661498281
"320772",-0.236239835568428
"65964",-0.236373247462995
"74776",-0.236549049408923
"100039556",-0.236616157803068
"192662",-0.23680787293406
"28006",-0.23711546445532
"17207",-0.237418045631453
"76487",-0.237430646414502
"17754",-0.237458752239303
"14231",-0.237684136971364
"20322",-0.237769976669062
"20810",-0.237782616894536
"20604",-0.237788587525151
"382019",-0.237803137771665
"100038847",-0.237872304651889
"328561",-0.237884498021871
"14467",-0.23794070090625
"243867",-0.237943226119242
"76415",-0.23798968881041
"353282",-0.237995552215039
"14105",-0.238172650837735
"13522",-0.238194576547925
"56212",-0.238238673189453
"16581",-0.238373625854768
"19249",-0.238388208851779
"100041163",-0.238665005770946
"71946",-0.238698736834431
"385674",-0.23893070615501
"319448",-0.239053239718044
"11542",-0.23908195604993
"93679",-0.239392726590959
"170757",-0.239442732912078
"109145",-0.239443593417183
"100043876",-0.239480180321718
"102634749",-0.239480180321718
"102639802",-0.239480180321718
"16979",-0.239531221039436
"94275",-0.239564314394341
"622307",-0.239645079302094
"216169",-0.23980549852165
"109275",-0.239815401925313
"50753",-0.239839878155492
"60530",-0.239912984154225
"70103",-0.240002918184699
"214580",-0.240026462572149
"71398",-0.240088718195515
"626391",-0.240175946087372
"66603",-0.240249619200817
"15042",-0.240273615219046
"18844",-0.240546219371501
"217149",-0.240556580627242
"100042405",-0.240876606597619
"18583",-0.24100160571834
"224840",-0.241173218432407
"100862242",-0.241255799871949
"13074",-0.241255799871949
"13828",-0.241255799871949
"22269",-0.241255799871949
"225922",-0.241255799871949
"668110",-0.241255799871949
"72221",-0.241255799871949
"73430",-0.241275526454952
"16508",-0.241358267388609
"109934",-0.241407611242931
"19212",-0.241544113993776
"72514",-0.241563384414406
"75723",-0.242026432403418
"12576",-0.242111854802998
"75444",-0.242160768876749
"226144",-0.242216102988847
"18489",-0.24223464390594
"19434",-0.24223464390594
"238678",-0.24223464390594
"330907",-0.24223464390594
"403175",-0.24223464390594
"68723",-0.24223464390594
"69824",-0.242463894024935
"67946",-0.242548291561973
"320924",-0.242608819650082
"633640",-0.24264524604664
"69639",-0.242867682660901
"21925",-0.242916225774429
"100504508",-0.242940758953355
"14232",-0.243039664165759
"108841",-0.243275147293903
"83486",-0.243509998688404
"269637",-0.243605941102339
"76895",-0.243755530262878
"19208",-0.243808165833293
"68509",-0.244093755156631
"69457",-0.244093755156631
"68961",-0.244342077632701
"105387",-0.244344304201062
"14469",-0.24448360461423
"231931",-0.244782249276871
"20018",-0.244884971983867
"67246",-0.2451448133957
"102414",-0.245177945082523
"78754",-0.245253530429531
"195209",-0.245566398482262
"71912",-0.245779873465815
"52432",-0.246285445358741
"12169",-0.246375140855874
"228368",-0.246717820948962
"20321",-0.246890799518143
"225912",-0.246966300771821
"218877",-0.247026016567177
"17171",-0.247250274399265
"83602",-0.247554875967025
"213464",-0.247600032885549
"71790",-0.247626309352008
"28084",-0.247933303655271
"435975",-0.247940160312554
"65020",-0.247976431490261
"233073",-0.248106709396115
"75202",-0.248126337446789
"209032",-0.248219436857093
"14296",-0.248226003030981
"50496",-0.248544806668351
"13033",-0.248713575663381
"102693",-0.248813447607614
"59049",-0.248841111879474
"78581",-0.248872847037016
"109284",-0.248892504469417
"244218",-0.248996854980349
"269224",-0.24913633609808
"219134",-0.249145123929501
"258394",-0.249291383049862
"259016",-0.24936656444326
"67702",-0.250113503810949
"13639",-0.250140086084219
"70620",-0.25017350203893
"634678",-0.250271686884513
"641104",-0.250278603159376
"67510",-0.250546142139838
"52683",-0.250586537542074
"320244",-0.250718799450549
"414084",-0.250831051355805
"75040",-0.250922986874564
"68259",-0.250944440609186
"258475",-0.250979443554851
"56072",-0.251031674179298
"19355",-0.25109230360422
"238393",-0.251098245497523
"544696",-0.251151461464484
"217169",-0.251174306411726
"56183",-0.251176006308779
"68099",-0.25142951894647
"13138",-0.251502006576729
"11983",-0.251606748186752
"18616",-0.251627432902197
"218820",-0.251786095552917
"51793",-0.252000876907497
"81014",-0.252076373075716
"71909",-0.252325223292552
"382074",-0.252485051444025
"67054",-0.252556154776752
"66158",-0.252573673101129
"239552",-0.252813290185679
"238317",-0.2528689928696
"619547",-0.252908564914494
"20724",-0.252953296839416
"114712",-0.253028699234872
"140765",-0.253028699234872
"18703",-0.253028699234872
"236294",-0.253028699234872
"243642",-0.253028699234872
"258086",-0.253028699234872
"258745",-0.253028699234872
"258871",-0.253028699234872
"383075",-0.253028699234872
"384450",-0.253028699234872
"433215",-0.253028699234872
"638532",-0.253028699234872
"664931",-0.253028699234872
"67343",-0.253028699234872
"76658",-0.253028699234872
"83492",-0.253028699234872
"259058",-0.253030094440082
"67477",-0.253039580171998
"26918",-0.253161884179072
"243958",-0.253193178818194
"57376",-0.253245833423996
"231507",-0.253292839013866
"15081",-0.253403598171915
"279618",-0.2534992556672
"67488",-0.253725431317147
"360216",-0.253815108941227
"67201",-0.25382422904043
"66922",-0.253901337217854
"384071",-0.254009770939523
"215051",-0.254063069031957
"100134861",-0.254065412762835
"106025",-0.254244056264879
"12642",-0.254370042848997
"100040605",-0.254458627105098
"22720",-0.254499092039517
"100042094",-0.254555332353639
"382522",-0.254574526176747
"20650",-0.254642378188915
"192287",-0.254731274733264
"83669",-0.254818180298545
"224440",-0.254849753448554
"74591",-0.254899718486072
"14131",-0.254961462979023
"259010",-0.255007931559986
"76184",-0.255242339873479
"107701",-0.255703627207754
"76281",-0.255804537861006
"18949",-0.256187852544782
"57247",-0.256307476513878
"12506",-0.256321398705484
"117229",-0.256405364124875
"16164",-0.256517360919942
"224648",-0.256554022847988
"19363",-0.256627626709976
"66934",-0.256666698651455
"18584",-0.256734243644163
"66164",-0.256951774765446
"194231",-0.256978100245307
"17970",-0.256990852142571
"56489",-0.256998797121965
"100113398",-0.257033463839055
"64602",-0.257506977598972
"230734",-0.257795181334219
"218793",-0.258018352064762
"54124",-0.258205730588952
"76051",-0.258330451828237
"22599",-0.258350597209851
"78777",-0.258359020623956
"69663",-0.258377841460268
"239420",-0.258384322464425
"98256",-0.258635660829718
"236790",-0.259050941953581
"101943",-0.259497253278748
"114896",-0.259547478197163
"16818",-0.259558981759668
"73314",-0.259694122977057
"230801",-0.259715274438041
"22433",-0.259763624654335
"241296",-0.259784681557276
"381072",-0.25980368003706
"50927",-0.259818766327206
"269473",-0.260094227068138
"244672",-0.260173458981451
"69852",-0.260200748760894
"238447",-0.260216080274721
"329872",-0.260236590938343
"66213",-0.260271884236491
"380787",-0.260282105568559
"14166",-0.260772352806454
"68497",-0.260956374713964
"14710",-0.261199399819262
"191578",-0.261205580126322
"102124",-0.261391788235925
"269400",-0.261620691457244
"100039592",-0.261622242880284
"228413",-0.261624874654363
"233802",-0.261762976705493
"81845",-0.261773590135869
"14911",-0.261917630437397
"56544",-0.261973569044913
"69770",-0.261992964291864
"67459",-0.262069231575841
"94246",-0.262142457266391
"105440",-0.262599861016526
"78783",-0.262616653506148
"245650",-0.262672211342539
"23920",-0.262697710248265
"667118",-0.26283246719736
"15482",-0.262849238316371
"14778",-0.263009043287141
"12029",-0.263119680222234
"102640864",-0.263132447394883
"72662",-0.263175452124863
"74090",-0.263251862397114
"170758",-0.263277029501823
"70239",-0.26339462058759
"74239",-0.263500592102969
"66356",-0.263698391612165
"21387",-0.263826003227756
"244071",-0.263855293528953
"66421",-0.263895408744056
"80913",-0.264345308868306
"216767",-0.264408454227842
"20222",-0.264493286431502
"72440",-0.264660305064411
"103266",-0.264738531183321
"68758",-0.26483356908208
"233065",-0.264927308584354
"56412",-0.265025369176922
"20787",-0.265115994168053
"66446",-0.265326873070564
"20667",-0.265694083913635
"66413",-0.265810220292452
"218914",-0.265916441497499
"233406",-0.265958824876036
"19653",-0.2661636115571
"110095",-0.266165362383702
"218203",-0.266190423535186
"98956",-0.26623477898907
"66931",-0.266247386103166
"12006",-0.266267276153845
"53417",-0.266287089421347
"110355",-0.266327083109273
"15486",-0.266401625865568
"228765",-0.266580355677636
"232288",-0.266590791923947
"76308",-0.266738963028497
"672778",-0.267000019833882
"108168304",-0.267030550187326
"228788",-0.267130768941868
"58800",-0.267246050608229
"20603",-0.267261839858301
"72033",-0.267298826696847
"78921",-0.267333025135378
"319161",-0.267358327904085
"105005",-0.267402483362996
"20887",-0.267419618844732
"74018",-0.267601693632266
"77371",-0.267699425626318
"66729",-0.267722961251077
"53612",-0.267733822035837
"100043202",-0.268110285400009
"382089",-0.26813571717093
"194908",-0.268343981854374
"621983",-0.268440380239015
"627191",-0.269124358428138
"20501",-0.269382556730086
"20401",-0.269400432461356
"16773",-0.269532278213432
"545929",-0.269638324209905
"77832",-0.269811277625377
"107449",-0.269820048141921
"57775",-0.269996207671879
"52857",-0.270126805426316
"207278",-0.270214996845139
"544963",-0.27024458296697
"58916",-0.270310565790966
"100041639",-0.270371918458193
"218963",-0.270388486380836
"72400",-0.2704216421438
"14765",-0.270453287941334
"328099",-0.270643572772318
"72982",-0.270706022452421
"545975",-0.270925418250926
"13861",-0.271109877169612
"664977",-0.271150645275006
"71837",-0.271292152364303
"171202",-0.271491068660585
"18857",-0.271491068660585
"67315",-0.271491068660585
"69282",-0.271491068660585
"258939",-0.271533762714376
"57339",-0.271643262717625
"211401",-0.271692889914454
"67967",-0.27172980239337
"210573",-0.271808813414737
"18038",-0.27192816643505
"67143",-0.27193984928677
"74140",-0.272038097190667
"20732",-0.272111372409432
"208426",-0.27212273808594
"245857",-0.272271050126508
"65957",-0.272289974616968
"19656",-0.272387145309419
"21881",-0.272407610711934
"241636",-0.272485518689622
"27055",-0.272553890991425
"384275",-0.27271506828731
"58866",-0.27271506828731
"232539",-0.272943355393919
"26405",-0.272947446650375
"14726",-0.272976290746408
"16195",-0.272982514799703
"216874",-0.273112377731641
"107771",-0.273257441645415
"13190",-0.273270633499144
"101113",-0.273353729302375
"216805",-0.273487732333974
"12182",-0.273550689946746
"16186",-0.273582162022517
"105663",-0.273670509222683
"14171",-0.273764428237517
"207259",-0.27377957647145
"100043000",-0.273813274952725
"72355",-0.273847392043136
"109700",-0.273918494473161
"20937",-0.273963446060895
"223453",-0.273975383418241
"100978",-0.274058038000146
"56455",-0.274111657617448
"22746",-0.274217317709367
"71777",-0.274337768294455
"22413",-0.274539025326502
"18788",-0.274706472031581
"18705",-0.274803652573008
"622404",-0.274812439215912
"20343",-0.275064334663956
"435366",-0.275106753133752
"100503142",-0.275227325487547
"208606",-0.275552476532238
"235044",-0.275744499417973
"66768",-0.275760244324491
"78802",-0.275782419556828
"232966",-0.275791084889031
"107260",-0.275943659058349
"14663",-0.276070375320286
"110033",-0.276114064360549
"192136",-0.276391170575963
"68703",-0.276429922144741
"71046",-0.276484981971851
"99480",-0.276596929749973
"269623",-0.276672676521108
"100503924",-0.27675950836247
"66240",-0.276803908390883
"21938",-0.277228704908473
"231887",-0.277244210475583
"214791",-0.277352743034498
"66679",-0.277414283185588
"18329",-0.277935804260953
"18518",-0.277969145124588
"626259",-0.277996737859154
"109113",-0.277998142307268
"22771",-0.278307297603508
"12299",-0.278521425961917
"100494",-0.278536078339488
"56505",-0.278563013457332
"20441",-0.278584343102908
"53418",-0.278599162165633
"52666",-0.278786605196015
"268860",-0.278959731640254
"230770",-0.279002997876194
"81006",-0.279070729377045
"270110",-0.279201242798746
"258506",-0.279223675821985
"212167",-0.279345048102234
"20339",-0.279449283639183
"28071",-0.279661621419076
"627872",-0.279755743233083
"211378",-0.279859323546903
"230866",-0.279859876050713
"12296",-0.280263840959138
"224170",-0.28033065237131
"214742",-0.280424313656054
"19672",-0.28064066018112
"17201",-0.281168394897133
"65099",-0.281177968052372
"71721",-0.281267253667697
"15932",-0.281389844521547
"228602",-0.28140915825139
"108911",-0.281452849547087
"64657",-0.28153926914893
"212503",-0.28159352954221
"71718",-0.281715308644312
"100039720",-0.28174857184266
"50793",-0.281900668885139
"12180",-0.281903932328097
"269800",-0.282065838467732
"70059",-0.282101043449408
"320910",-0.282513291468256
"227929",-0.282715710943147
"547402",-0.282894405983048
"30045",-0.282942689249979
"623804",-0.283051170218501
"15007",-0.283184645578722
"21345",-0.283236937742963
"242377",-0.283342871660725
"230082",-0.283371734626335
"12389",-0.283512973203629
"66272",-0.283536584035698
"232944",-0.283661982827642
"11846",-0.283687791370064
"142681",-0.283687791370064
"19701",-0.283687791370064
"258962",-0.283687791370064
"544763",-0.283687791370064
"622098",-0.283687791370064
"225392",-0.283716715805764
"170779",-0.283801518709401
"257939",-0.283801518709401
"26910",-0.283801518709401
"56460",-0.283801518709401
"30877",-0.283892146051691
"101055754",-0.284183402962354
"12385",-0.284428312474609
"12316",-0.284485235824959
"18028",-0.284513372254224
"66690",-0.284767636757357
"227618",-0.28481807626485
"12476",-0.285028844957087
"381217",-0.285315207944677
"242700",-0.285446914470621
"56220",-0.285478896644362
"11702",-0.285482323243568
"414758",-0.285506893832951
"75316",-0.285812889124031
"232790",-0.286211730043754
"71592",-0.286251350282762
"433221",-0.286438488169403
"668626",-0.286441269151902
"74351",-0.286451150271399
"67759",-0.286525957845889
"18162",-0.28684365739433
"22411",-0.286871211658436
"22335",-0.286887132004879
"17927",-0.286982580357628
"56173",-0.287002164205517
"11475",-0.287061769195779
"74039",-0.287164696875276
"103172",-0.287206065067698
"72429",-0.28722742869533
"218756",-0.287274288855919
"232941",-0.287406462888418
"240216",-0.287435717478925
"17961",-0.287463103860183
"68475",-0.287473240518879
"14344",-0.287677422269857
"20302",-0.287763854420592
"628779",-0.287823255553949
"327992",-0.287844911405147
"66411",-0.287859574645973
"78935",-0.28788666265983
"327951",-0.287892118452213
"50799",-0.288029167131709
"320685",-0.2880817328464
"14789",-0.288159907246355
"65221",-0.288568541817425
"18476",-0.288645484880578
"114301",-0.288763758011803
"17951",-0.288882402581011
"269344",-0.288901036917644
"244058",-0.28890372950235
"76566",-0.288941351620832
"226016",-0.289103067208584
"107650",-0.289127844522968
"78658",-0.289470341124705
"269881",-0.289599232997168
"620009",-0.289658826237084
"72269",-0.289662085987799
"52430",-0.289732409803588
"170938",-0.290121336081675
"21871",-0.290175467878802
"235542",-0.290687314581423
"668920",-0.290774366483067
"66308",-0.290832712289471
"100042777",-0.290938549609813
"101437",-0.291200226604176
"72193",-0.291371515093804
"74511",-0.291502998892913
"68401",-0.291553045544878
"330577",-0.291575802084225
"67399",-0.291585040688836
"381544",-0.291976902612164
"270210",-0.292151715295212
"234069",-0.292284563354086
"74120",-0.292607995373469
"14573",-0.292638279970158
"97064",-0.292678529075194
"100043125",-0.292698983162499
"83558",-0.292800901624897
"76478",-0.293055075899254
"230657",-0.293141914575459
"16514",-0.293259804475135
"432732",-0.293506506043902
"55981",-0.293533090368676
"56716",-0.293669157409814
"14679",-0.293861349629844
"59058",-0.294160527091388
"24116",-0.294222043145848
"434484",-0.294289691170635
"105651",-0.294330262709157
"192656",-0.294339774854332
"66306",-0.294388116050012
"20163",-0.294433144847981
"72309",-0.294565176641407
"433956",-0.294618040176398
"100470",-0.294704604698959
"68026",-0.294707615627679
"433712",-0.295083775918628
"71764",-0.295266694518459
"26406",-0.295467519209569
"74467",-0.295467972251694
"71755",-0.295523844319949
"114584",-0.295576738129335
"18408",-0.295676579322609
"319583",-0.295989377978099
"26949",-0.296093054440869
"232875",-0.296112181200127
"242864",-0.296194865900521
"17215",-0.296254912392632
"224823",-0.296302711463721
"72397",-0.296336185111129
"66641",-0.29642460407934
"21391",-0.296458416435618
"211480",-0.296618957321717
"194268",-0.296707118088125
"20962",-0.296786386301299
"209334",-0.296998113921751
"215929",-0.297101974455671
"18315",-0.297113209600952
"105785",-0.297147744052924
"73884",-0.297204043014425
"68050",-0.297254995115842
"67117",-0.297287302763291
"12850",-0.297322949259429
"14871",-0.297345102326016
"55960",-0.297399032240635
"72201",-0.297513494183841
"68846",-0.297529097651144
"110599566",-0.297569633166187
"78919",-0.29758862750931
"24017",-0.297612810122144
"71101",-0.297656406517725
"80879",-0.297734968509649
"621239",-0.298012596818332
"216527",-0.298208719692761
"15980",-0.298434080180388
"320752",-0.29846816995946
"75642",-0.298485725813957
"110265",-0.298493705570484
"18124",-0.298533257345946
"113856",-0.298549261589332
"380614",-0.298704049180185
"107656",-0.298788968420833
"22235",-0.29883325379695
"621156",-0.298923161759678
"170755",-0.298979745328666
"666508",-0.298991655935643
"319162",-0.299172539641574
"13163",-0.299322852597725
"17151",-0.299353568404213
"11814",-0.299602326643723
"433273",-0.299655860808598
"237038",-0.299837955405685
"68816",-0.299951888795686
"22323",-0.299988023469725
"69237",-0.30020780088992
"77595",-0.300247394708652
"71735",-0.300571682647497
"22648",-0.300602639256185
"218503",-0.300935906315966
"17286",-0.301208097185601
"20467",-0.301323627364832
"68999",-0.301410081763659
"380921",-0.301416742681006
"20316",-0.301453364575859
"67121",-0.301510294106665
"56229",-0.301587179556601
"67711",-0.301714133903965
"115488618",-0.30173468297738
"320571",-0.301952208746351
"56693",-0.302011289881314
"20349",-0.302023397169335
"245638",-0.302070164685078
"17082",-0.302200613666321
"67273",-0.302416331107336
"320116",-0.30244188551212
"22627",-0.302552503690724
"328795",-0.302574606884052
"98402",-0.302630070471638
"230484",-0.302733809833335
"245020",-0.302875953015836
"72459",-0.302990891020963
"17886",-0.303075782849085
"22724",-0.303090113838783
"100503583",-0.303199189298602
"17136",-0.3032493105284
"63993",-0.303369692871027
"76425",-0.303446298185154
"67615",-0.303491146466177
"20981",-0.303516113994868
"20317",-0.303550273824266
"27218",-0.303699541306553
"232969",-0.303774508632371
"19164",-0.303918142686259
"14255",-0.304079827193561
"21803",-0.304114272902527
"15567",-0.304389029591938
"108900",-0.304426998458213
"71313",-0.304449055617988
"258339",-0.304640282640284
"107503",-0.304793973732846
"210762",-0.305059079452993
"13850",-0.305114505556324
"12343",-0.305392832441617
"58242",-0.305440452580787
"235293",-0.305472985519189
"207181",-0.305631700805925
"80732",-0.305638821209442
"667618",-0.305686266220696
"67811",-0.305820714635306
"100416669",-0.306026215514089
"74419",-0.306219894933894
"76889",-0.306271608082272
"268465",-0.306333642836202
"170737",-0.30642444786908
"20585",-0.306582367817321
"20649",-0.306826956924374
"216134",-0.30687964361932
"240095",-0.307052537955057
"103737",-0.307080645059088
"269113",-0.307106694316551
"21873",-0.307183676870001
"22701",-0.3074417938733
"30940",-0.307520521131097
"244667",-0.307522224096746
"71989",-0.307550045591426
"66468",-0.307641901272094
"232974",-0.30774401190961
"100177",-0.307885035696531
"11433",-0.307917873738625
"11933",-0.308002561019169
"67370",-0.308144749436786
"77577",-0.308213685223455
"76366",-0.308354905032647
"66431",-0.308368059840182
"432769",-0.308411128997146
"13557",-0.30873389826715
"105243727",-0.308861283913536
"110958",-0.308861283913536
"100417499",-0.308915635250498
"102141",-0.308936257787114
"381359",-0.308983299016964
"329260",-0.309035671246291
"103537",-0.309218585818894
"546989",-0.30935964358833
"16414",-0.309373490339537
"20494",-0.309411900731694
"19055",-0.309428846783964
"74268",-0.309508207480652
"72587",-0.309518659945558
"66132",-0.309698334383047
"56739",-0.309793211241038
"66704",-0.30982574698054
"329154",-0.310090692350184
"50709",-0.310220708899435
"72114",-0.310603860734088
"12322",-0.310647890881466
"258904",-0.31077643253728
"67313",-0.310908583892228
"117591",-0.311100342335108
"27401",-0.311145143034226
"64658",-0.311201378026912
"52150",-0.311241948220697
"208372",-0.311306957877744
"54637",-0.311516053962704
"73246",-0.311655286338343
"16161",-0.311709876677974
"11818",-0.311748277457664
"18985",-0.311830216975935
"668918",-0.311869013082577
"16890",-0.31200187828836
"80280",-0.312100875736216
"68031",-0.312114131012338
"224419",-0.312149740936655
"666489",-0.312368410916739
"71607",-0.312460113716705
"18301",-0.312618016051458
"77034",-0.31298002403401
"56015",-0.313069083230259
"53330",-0.313102462267249
"108167598",-0.313153010547778
"226751",-0.313388257727764
"621603",-0.313444484422561
"14783",-0.313457767981193
"242546",-0.313523941970183
"67131",-0.313823478609293
"319991",-0.313886901455093
"52245",-0.314055132769291
"628438",-0.314125722389185
"214855",-0.314130611317919
"54357",-0.314134766094635
"52551",-0.314348520761509
"110886",-0.314378845001298
"19294",-0.314439721987301
"232798",-0.314536046288363
"100045792",-0.314731503056874
"407800",-0.314786049373427
"628477",-0.314965385158437
"216892",-0.315044133078417
"12768",-0.315060440230896
"18826",-0.315100625063739
"93757",-0.315264180950854
"14368",-0.315266278023003
"14055",-0.315295179049359
"67075",-0.315366011817351
"77622",-0.315401071373404
"66508",-0.315426233172951
"52535",-0.31551880142074
"94187",-0.315984542210704
"233489",-0.316648106058641
"72055",-0.316841085638625
"73940",-0.317255910130684
"20446",-0.317405934442778
"68017",-0.31746429663077
"72522",-0.317512964171561
"76522",-0.317516877151182
"277154",-0.31763884287512
"327978",-0.317743673774335
"17880",-0.317745991084967
"231002",-0.31801051183802
"71923",-0.318213731534876
"12328",-0.318239254393322
"227157",-0.318343953994762
"171168",-0.318415772388244
"56410",-0.318440825140739
"66361",-0.318471729208331
"245631",-0.318525705798117
"54611",-0.318581246945926
"54004",-0.318644853018127
"384724",-0.318874269431214
"627805",-0.31889027125052
"69226",-0.318967168297171
"66646",-0.319238110198235
"75718",-0.319383460020167
"13841",-0.319412918096779
"69837",-0.319541667894789
"21855",-0.319689898358335
"67736",-0.319849185025698
"240916",-0.319952387528233
"64707",-0.320056197876411
"56233",-0.320168239454527
"14872",-0.320382268969995
"53317",-0.320525307137002
"15284",-0.320793292262404
"20613",-0.32082613068501
"258336",-0.320904165425414
"18984",-0.321135253375689
"353047",-0.321318400067732
"67678",-0.321323647680107
"232934",-0.321375413512275
"53897",-0.321391297539244
"76293",-0.321418199408567
"93840",-0.321441615797428
"75051",-0.32151298866009
"67073",-0.321739057576427
"379043",-0.321776754316527
"60505",-0.321776754316527
"67979",-0.321886750448073
"21942",-0.322026088941821
"68917",-0.322043939151605
"16372",-0.32250975861813
"72180",-0.322520931448256
"72462",-0.322556742034029
"67266",-0.322573707647209
"73914",-0.322622317510263
"434797",-0.322694184780225
"238692",-0.322743593698796
"17997",-0.322751820569922
"57276",-0.322983172431292
"241727",-0.32301010274714
"52633",-0.323043655087871
"24115",-0.3232418464159
"320706",-0.323366627914653
"224671",-0.323422775005843
"320722",-0.32390795116151
"243538",-0.323953945937594
"21859",-0.323982988272326
"73047",-0.323989543697704
"67290",-0.324066548735986
"52428",-0.324240693899358
"16599",-0.324277111139827
"11303",-0.324291357146542
"381073",-0.324429082332102
"22436",-0.324464636369792
"234700",-0.324811813608773
"212998",-0.324889803603826
"67398",-0.324892153078887
"22759",-0.325023766960907
"66315",-0.325178606786623
"93838",-0.325197552195017
"234669",-0.325421377380503
"20014",-0.325511694999377
"20609",-0.325711077690549
"99543",-0.325737543498962
"14841",-0.325807437741994
"11552",-0.325835532473888
"83704",-0.326219918544807
"14813",-0.326231167436321
"210982",-0.326275041721704
"227120",-0.326631703866788
"225908",-0.32690930820832
"100041283",-0.327082176145257
"100535",-0.327082176145257
"13798",-0.327082176145257
"171225",-0.327082176145257
"545512",-0.327082176145257
"170750",-0.327225229082073
"53602",-0.327366615774019
"18211",-0.327429448105176
"20474",-0.327524485189146
"56452",-0.32764845569984
"56491",-0.327696823282331
"14977",-0.327745959299209
"100191011",-0.327755763814938
"218977",-0.327868612591871
"67487",-0.328088432325985
"279766",-0.328401757231441
"72102",-0.328459053113066
"21687",-0.328467801651323
"76041",-0.328520026766355
"69109",-0.328608812084719
"104252",-0.328770971911736
"11950",-0.328897052136102
"66505",-0.328927967689413
"71116",-0.32911310009644
"654470",-0.329392739401668
"105245611",-0.32962400511279
"17764",-0.329635965425918
"235587",-0.329839958757152
"66711",-0.329851627832807
"17537",-0.329966805618964
"14686",-0.329996872224086
"13003",-0.330005669272418
"71962",-0.330056386313002
"242050",-0.330259518748251
"68877",-0.330561835111252
"13170",-0.330818244486282
"77613",-0.330867194097487
"12069",-0.330878681436599
"23789",-0.330966043832326
"11898",-0.331002702007568
"30838",-0.331077072161963
"52715",-0.331126851456801
"16784",-0.331309451006642
"52829",-0.331319025474113
"68097",-0.331337921162601
"24068",-0.331417385956755
"238252",-0.331791047241998
"56695",-0.331874114256004
"11847",-0.332081618385012
"110198",-0.332156855621496
"18761",-0.332207262813638
"545192",-0.332457350630948
"60411",-0.33262352330703
"212706",-0.332728969126301
"27260",-0.332753260290426
"68087",-0.332937234580267
"18226",-0.333089975378652
"27078",-0.333103819232952
"268663",-0.33322676355647
"76438",-0.333358360645712
"55942",-0.333477354692757
"234094",-0.333656248115579
"76485",-0.333703235148842
"23832",-0.333772572214491
"100039229",-0.333824110716152
"71840",-0.33388736081197
"26459",-0.334053842919387
"668032",-0.334110687778895
"170728",-0.334116426105329
"140721",-0.334206997122572
"17692",-0.334239784107527
"14825",-0.33426049825748
"404308",-0.33428675640842
"51938",-0.334356524024392
"17826",-0.334618459566977
"53603",-0.334621435857706
"406219",-0.334683720428835
"15260",-0.334738457233936
"216877",-0.334752827681869
"18145",-0.334763193624317
"68943",-0.334830430645704
"217203",-0.334935581999465
"223754",-0.334951901819603
"107513",-0.335085712273318
"70511",-0.335113805732517
"320604",-0.335122133334459
"57751",-0.335131281661703
"14420",-0.335164031201523
"22441",-0.335266400814386
"24056",-0.335275922780629
"100273",-0.335332015272054
"381605",-0.335352756087352
"268809",-0.335386497478671
"319622",-0.335464234945392
"319974",-0.335473188467334
"667422",-0.335642115177971
"225280",-0.335650927704716
"100113396",-0.335732191580907
"73247",-0.335817606190654
"19713",-0.33585514847464
"21652",-0.335871951854397
"100041874",-0.335943675923632
"22381",-0.335997644294482
"103268",-0.336158954662417
"56792",-0.336322169650247
"26363",-0.336344751531557
"20686",-0.336355011819203
"19716",-0.336595397366674
"52466",-0.33660113215446
"68616",-0.336778638018031
"13026",-0.337139513622722
"110877",-0.337377546065582
"74098",-0.337525669756921
"28018",-0.337561822092407
"68038",-0.337639286712959
"93882",-0.337848205418032
"65960",-0.337952551149127
"22774",-0.338006759680571
"545543",-0.338136628575141
"404337",-0.338176456870773
"235345",-0.338315952521906
"667610",-0.338315952521906
"22034",-0.338337521788826
"11426",-0.338515207540517
"12723",-0.33857319322277
"435916",-0.338644001690876
"211666",-0.338686724334771
"56747",-0.33888445241381
"14388",-0.339203333328917
"67767",-0.339216625180122
"11652",-0.339319001934641
"56390",-0.339361135705079
"100041720",-0.339494845320281
"20229",-0.339615109985589
"381148",-0.339660297565823
"74230",-0.339871075660659
"12321",-0.339900793142984
"77777",-0.3399039447063
"100043805",-0.339989575067214
"80884",-0.340036574741919
"230917",-0.34014315194277
"20669",-0.340238320326736
"545812",-0.340238320326736
"83428",-0.340238320326736
"67278",-0.340262515928815
"107351",-0.340515681055178
"28019",-0.340579896659515
"12501",-0.341244908169406
"218850",-0.341274687152417
"16578",-0.341413076878787
"69379",-0.341485957395781
"171273",-0.341523240869866
"14257",-0.341531840570731
"67285",-0.341602590308167
"12034",-0.34170233288668
"12257",-0.34178817004512
"103765",-0.341847430707299
"666772",-0.342010461106466
"50760",-0.342127685677552
"99382",-0.342263872150815
"67283",-0.342264401595671
"73699",-0.342277850929075
"21389",-0.342320567587359
"17391",-0.342431210662406
"15446",-0.342441725565934
"12804",-0.342546476131224
"382117",-0.342560307585617
"22770",-0.342617131907445
"76482",-0.342699608922309
"71599",-0.342821076895723
"66309",-0.342922334058626
"627914",-0.342967424831769
"100041306",-0.343252965624456
"19023",-0.343359554126942
"19128",-0.343366439519052
"640264",-0.343370657926761
"20671",-0.343569126344053
"76936",-0.343728267510654
"100504446",-0.343753418769729
"24050",-0.34399980374532
"68988",-0.344049430016851
"109151",-0.344058881372736
"19341",-0.34408416593672
"101533",-0.344156221256584
"75914",-0.344492157539014
"100418460",-0.344605617858584
"54141",-0.344650879619675
"17245",-0.344682350589224
"80795",-0.344687546950725
"234854",-0.344782999377587
"217198",-0.344805955609694
"54151",-0.344910895184144
"58243",-0.344956925062135
"170643",-0.344966633527659
"258532",-0.344971655924072
"272031",-0.344972028862983
"214150",-0.345170248402948
"67768",-0.345199864270199
"16825",-0.345281909064261
"17965",-0.345386155616395
"545091",-0.3454475757851
"269423",-0.345546726356816
"193385",-0.345864048309836
"621823",-0.346230388858477
"545126",-0.346264439028413
"68879",-0.346307110963277
"70984",-0.346473918815956
"171531",-0.346610065663089
"74131",-0.347590744004056
"74405",-0.347604962424274
"381678",-0.3478644449714
"77604",-0.347909781548462
"269633",-0.347910425867517
"70385",-0.347925289613603
"75641",-0.348152347763455
"212198",-0.348173840420496
"14472",-0.348239396307828
"57355",-0.348319041600555
"52686",-0.348490902412045
"170441",-0.348534629711814
"380709",-0.34892435251392
"52856",-0.349000392782375
"14814",-0.34920068011897
"104601",-0.349310898512281
"67605",-0.349363670039302
"664837",-0.349630383814963
"76113",-0.349781561390861
"12891",-0.349982801856696
"53378",-0.350041577286497
"117167",-0.350061052065444
"100415971",-0.350192208443249
"69137",-0.35027862877341
"26458",-0.350310964678361
"66194",-0.35032531308031
"56619",-0.350385406308952
"78672",-0.350385406308952
"217578",-0.350838088108278
"93736",-0.350869341870345
"74477",-0.350878346643891
"74192",-0.3509304994217
"11829",-0.351042818330094
"72301",-0.351290991647662
"22779",-0.351357172969722
"100041555",-0.351405233276098
"229588",-0.351444114533667
"320587",-0.351444956473803
"78703",-0.351539239641573
"668186",-0.351573461548347
"268739",-0.351606559643038
"230751",-0.351848381362792
"242409",-0.351890385264672
"106407",-0.352058456685581
"26936",-0.352130511139469
"381924",-0.352154640107995
"75196",-0.352205631744039
"67096",-0.352409572428262
"56372",-0.352446349972576
"15163",-0.352592823698958
"276770",-0.352742972764086
"66193",-0.352928094215862
"14058",-0.352999620517832
"338521",-0.353006416856167
"320727",-0.353175287808491
"20652",-0.353291030538935
"68349",-0.353423108912492
"66307",-0.353426895435315
"72873",-0.353436159008361
"12075",-0.353449873980008
"67872",-0.35351483287777
"219228",-0.353516729378744
"627049",-0.353598178743893
"436022",-0.353655434896438
"208084",-0.353676711916367
"223864",-0.353874656103932
"19732",-0.3539630437736
"503610",-0.354066668039842
"12626",-0.354228229869728
"26893",-0.354239630962526
"75304",-0.354478218638986
"68493",-0.354648262612877
"381038",-0.354848411815722
"60599",-0.355001632983122
"319767",-0.355065814370914
"80898",-0.355093365534875
"227327",-0.355242813687519
"67544",-0.355255715100892
"100312474",-0.355273043337582
"226090",-0.355304788546617
"68194",-0.355475077503966
"67457",-0.355535858163249
"259097",-0.355600860496402
"231999",-0.35560899989464
"72958",-0.355615944445252
"319190",-0.355623826140194
"319996",-0.35587244219443
"246198",-0.355960206278492
"14919",-0.355982105068002
"16574",-0.356018159802541
"100038949",-0.356175708946478
"17922",-0.356175708946478
"668716",-0.356175708946478
"69191",-0.356175708946478
"233913",-0.356343542845207
"16403",-0.356508421293821
"320664",-0.356514663134364
"320214",-0.356680082049455
"319229",-0.356872620307848
"100294583",-0.356883089341096
"100039672",-0.357270620684532
"209357",-0.357276449315431
"21953",-0.357489655407945
"231044",-0.357529756596448
"67866",-0.357683836458198
"231290",-0.357713672221692
"12647",-0.357800363839861
"320207",-0.357870836942587
"258305",-0.35788233665351
"70266",-0.357935841515654
"78772",-0.357995984898267
"13599",-0.358090096101728
"20528",-0.358112576574137
"70617",-0.358167240200441
"26888",-0.358420561334937
"76454",-0.358529081613697
"239250",-0.358708994281213
"23871",-0.358812485502836
"193736",-0.358837814412513
"21912",-0.358889790388905
"70427",-0.358911508261205
"80857",-0.358919629725028
"19054",-0.35893896683757
"67279",-0.3589455484471
"16780",-0.359005121510117
"212980",-0.359094825345117
"17199",-0.359111520737287
"76857",-0.359164665812108
"76464",-0.359271281499511
"100416214",-0.359424772491801
"12565",-0.359430645543018
"13876",-0.359509086433561
"108168395",-0.359590962965162
"69553",-0.359605239269627
"66700",-0.359621056577914
"17347",-0.359663520307229
"56542",-0.360022506475886
"102634296",-0.360107370455226
"22764",-0.360114411094689
"20664",-0.360844476823897
"58185",-0.360882337595784
"14657",-0.3609406573178
"19225",-0.361017088825476
"170720",-0.361105640352109
"54445",-0.36141675148335
"12305",-0.361444059496143
"58992",-0.361542502654934
"12095",-0.361609522737312
"12229",-0.361855641401327
"102115",-0.36191991640325
"100417768",-0.362002020802263
"317653",-0.362002020802263
"330483",-0.362002020802263
"381783",-0.362002020802263
"67905",-0.362223071038813
"245525",-0.362621780277025
"69543",-0.362621780277025
"16548",-0.362669169360759
"66707",-0.362738309307174
"432839",-0.362748083416999
"12789",-0.362757693723771
"434624",-0.362837783113854
"23961",-0.363192590632449
"71130",-0.363228508331838
"225642",-0.363399816579487
"12545",-0.363488865981593
"50931",-0.36349104629317
"66105",-0.363594652811724
"320129",-0.363711320343102
"20672",-0.363987863803969
"67387",-0.364127158238716
"19821",-0.364167095060028
"243616",-0.364205019563764
"102632224",-0.364247338294411
"230161",-0.364247338294411
"230459",-0.364247338294411
"627317",-0.364247338294411
"76577",-0.364481930336326
"640532",-0.364620436774279
"216613",-0.364708425565385
"16768",-0.364859562906143
"93842",-0.364907133326005
"268857",-0.364950497457545
"12909",-0.365472968804666
"100417553",-0.365488674284416
"115488528",-0.365488674284416
"70861",-0.365488674284416
"71395",-0.365488674284416
"53325",-0.36573942214869
"68119",-0.365800896031977
"71710",-0.36583765771757
"59014",-0.365841980252684
"16154",-0.3660062324639
"100417846",-0.366015942416429
"58206",-0.366107134108507
"77827",-0.366541768696213
"66589",-0.366640800909932
"16498",-0.366662810408579
"69274",-0.367186909571563
"18087",-0.367373204257181
"216343",-0.367619973662729
"66966",-0.367639538538106
"55927",-0.368016007073768
"72902",-0.368226995447177
"16197",-0.368503876287469
"232853",-0.368622571342878
"238386",-0.368653037345299
"224829",-0.368677574461657
"140919",-0.368704820595869
"66211",-0.368720156820696
"116940",-0.36874020958538
"545291",-0.368787097778759
"100504518",-0.368920046789976
"245386",-0.369300099302682
"263803",-0.369313312480966
"26359",-0.369437716547139
"73692",-0.369941726993728
"22781",-0.369995437232042
"14395",-0.370101527555552
"243753",-0.370156322707859
"100504156",-0.370387107460598
"108167705",-0.370484047516197
"14447",-0.370484047516197
"171209",-0.370484047516197
"634222",-0.370484047516197
"66166",-0.370484047516197
"237320",-0.370634464382372
"12017",-0.370662673727079
"213121",-0.370831346044823
"66487",-0.370964522931059
"14405",-0.371063859748763
"319554",-0.371104543185855
"67855",-0.37111891058631
"233189",-0.37133635421094
"20360",-0.371491507954058
"17257",-0.371531447257694
"329509",-0.371618411988165
"66717",-0.371679698814498
"329015",-0.371762677273449
"171258",-0.37208220352961
"11739",-0.372121343210166
"12974",-0.372332495782548
"100017",-0.372667470090248
"233020",-0.3726780123273
"213234",-0.372697131743125
"230126",-0.372804773269092
"226265",-0.37297970344971
"72807",-0.373023759984034
"56320",-0.373119579524319
"170676",-0.373140677510579
"638102",-0.373234566960334
"67968",-0.373316546052517
"23980",-0.373382402115935
"117149",-0.373404610349527
"59022",-0.373445024195934
"330723",-0.373531544121917
"117197",-0.373551654440493
"664894",-0.373560519388295
"100210",-0.373670892750385
"66663",-0.37375601985428
"57785",-0.373775282424201
"218624",-0.373983719108532
"234371",-0.37406458103789
"57435",-0.374388122575656
"245532",-0.374561780154885
"226162",-0.374838970427846
"12051",-0.374983052567095
"545399",-0.375033857362841
"57349",-0.375076890260025
"269338",-0.375198267214733
"74778",-0.375414351989076
"66827",-0.375590703054404
"378435",-0.375738417033689
"319520",-0.37596332513087
"50758",-0.376066028549731
"235606",-0.376098802190865
"22680",-0.376196592740381
"57340",-0.376373427771207
"78651",-0.376414458986413
"30931",-0.376507582808063
"633285",-0.376575882893991
"14579",-0.37663286077029
"269397",-0.376667895369795
"22380",-0.376707757520298
"107526",-0.376800069767445
"18417",-0.376812085436885
"23879",-0.376840400771631
"100756",-0.376850477767578
"106021",-0.376960028033221
"435626",-0.377047398737072
"619310",-0.37724091580299
"217944",-0.377336179691216
"108903",-0.37752195818118
"17388",-0.377526827465021
"73225",-0.377549746425502
"327871",-0.377560160603914
"382844",-0.377560160603914
"69987",-0.377560160603914
"72825",-0.377765021181254
"258643",-0.377860286038713
"12402",-0.378008150158727
"108829",-0.378161619632876
"382985",-0.37820230810472
"73523",-0.378243028655002
"67119",-0.378352864809955
"257890",-0.378495965648827
"332175",-0.378522721572811
"14714",-0.378699636835349
"107986",-0.378726072400718
"20476",-0.378798643442134
"58217",-0.378798643442134
"101602",-0.378865205926949
"19663",-0.378946821174109
"67241",-0.378979181008419
"408067",-0.378998037578733
"69668",-0.379051309472754
"258776",-0.379162728716816
"67789",-0.379191863206169
"19059",-0.379225483302833
"381695",-0.379283971737296
"215257",-0.379285387678849
"242466",-0.379404751782966
"268930",-0.379413732014899
"619287",-0.37949447778639
"12890",-0.379530207862306
"57916",-0.379560416302513
"18082",-0.379854752129099
"66083",-0.379866966784144
"223664",-0.379940106914553
"12070",-0.380116649355961
"223648",-0.380125922435735
"319317",-0.380435904798067
"66844",-0.38054320061027
"72433",-0.380548061958443
"67288",-0.380556569396215
"54613",-0.380561529413105
"229644",-0.380596054572438
"214359",-0.38060567513327
"77744",-0.380708537614952
"67388",-0.380802510250299
"54615",-0.380934467850445
"14755",-0.380970624067858
"380654",-0.381190340245794
"11722",-0.381283792645949
"231532",-0.38133189233102
"12879",-0.381335846449852
"235534",-0.381376711053931
"18563",-0.381578800406484
"216859",-0.381769862365747
"18481",-0.381853459264607
"71804",-0.382022853805849
"71007",-0.382080945388785
"227485",-0.382128322725657
"435556",-0.382241749255229
"14670",-0.382375704358647
"55946",-0.382413716970976
"70691",-0.382472273805461
"233876",-0.382494923607735
"68339",-0.382531852600436
"432438",-0.382676451619453
"16401",-0.382773927280658
"17701",-0.382842300064128
"67588",-0.382864864711501
"12399",-0.382904727505915
"71653",-0.382904847888273
"16822",-0.382978985521267
"22786",-0.383017420816996
"232585",-0.383017420816996
"664830",-0.383017420816996
"67375",-0.383262181317757
"22177",-0.38343478162647
"20779",-0.383578524108387
"73804",-0.383634507040381
"109212",-0.383696610305075
"66817",-0.383880563522637
"319150",-0.384173815290019
"269209",-0.384219170186026
"72141",-0.384233848422707
"192654",-0.384310066642639
"320717",-0.384331792923285
"320484",-0.384336778691126
"208898",-0.384394620865234
"381979",-0.384554736446545
"13712",-0.384564990948336
"70536",-0.384637763733836
"11423",-0.3847074429826
"260297",-0.384773023911378
"54125",-0.384833220487391
"239591",-0.385279008329573
"27395",-0.385290507607322
"54648",-0.385703345463227
"66624",-0.385988929865414
"12972",-0.386152036834101
"101154638",-0.386243293741966
"67331",-0.386271806554669
"22218",-0.386277454449287
"20495",-0.386281273305799
"381983",-0.386429203229291
"66369",-0.386436396067558
"72026",-0.386466921215743
"66962",-0.386468049365879
"258333",-0.386615537328823
"12237",-0.386624361688082
"100041151",-0.3866364640913
"217303",-0.386727854005963
"56738",-0.386867785108514
"13019",-0.386933434487262
"241226",-0.386983352225512
"57028",-0.386988713727859
"271944",-0.387029443597511
"66151",-0.387077402046752
"77018",-0.387166173441155
"116891",-0.387268480485293
"15001",-0.387377256780475
"58810",-0.387420610027167
"545226",-0.387447567985029
"75311",-0.387579411774928
"16404",-0.387649333769368
"72065",-0.387678357753714
"16476",-0.387720947511453
"233437",-0.387755000830745
"17939",-0.388156478511718
"219151",-0.38819897036582
"75691",-0.3882250200704
"207318",-0.388258972387659
"18041",-0.388270784166008
"18600",-0.388272821136621
"19708",-0.388278929462659
"664875",-0.388366816007215
"67884",-0.388379341167674
"52626",-0.388432568169758
"21422",-0.388562376427538
"80978",-0.388565114931857
"64296",-0.388724971765294
"66282",-0.388759696727884
"230904",-0.388881702386468
"27222",-0.388987852075129
"330217",-0.389006877612105
"19661",-0.389026482049498
"66960",-0.389060842440515
"24018",-0.389094866130403
"242702",-0.389401965816606
"381022",-0.389443387767051
"21390",-0.389462682733865
"100434",-0.38954771403449
"20274",-0.389611356004191
"15566",-0.389739990995092
"230766",-0.389941154304056
"226098",-0.389941985262561
"68636",-0.38996768633215
"68545",-0.389969049705031
"19166",-0.390399386612367
"100041686",-0.390467711042079
"116871",-0.390493578875709
"625018",-0.390575934113477
"232933",-0.390732713026933
"102637189",-0.390869139313544
"74772",-0.39090178545893
"30840",-0.390941975175049
"50932",-0.3910233621987
"67554",-0.391110008233721
"13386",-0.391385344220485
"233912",-0.391485655418602
"234857",-0.391550592564265
"116870",-0.391576333515022
"17122",-0.391727235168649
"70261",-0.391735062175043
"12984",-0.391751907893749
"11520",-0.391801481863848
"14809",-0.392107653239134
"209225",-0.392279192340309
"110082",-0.392329256208884
"72789",-0.392458281672656
"11491",-0.392509345500339
"68046",-0.392788938969301
"269181",-0.392908100011788
"102638047",-0.393011759065472
"115488907",-0.393011759065472
"171237",-0.393011759065472
"105439",-0.393024682517675
"80285",-0.393043354191206
"228966",-0.393155793684393
"13388",-0.393186997238035
"545955",-0.393211821897802
"625311",-0.393211821897802
"66314",-0.39324486324575
"23985",-0.393395550377491
"71985",-0.393707206105528
"74777",-0.393819619812304
"14571",-0.39390926074472
"56208",-0.393999456722852
"100121",-0.394185516235392
"329650",-0.394287592995782
"58909",-0.394298896537349
"16411",-0.39454612455237
"381270",-0.394772324687102
"98053",-0.394839671467971
"54137",-0.394845949316609
"66214",-0.395093184501816
"14235",-0.395217911805814
"68472",-0.395232767967635
"12418",-0.395322114063
"100415948",-0.395368236538247
"52575",-0.395401713614445
"211739",-0.395433169946291
"71816",-0.395635925877475
"252974",-0.395670740576738
"70233",-0.39576878427987
"22414",-0.395852598571292
"11838",-0.39590423609324
"613262",-0.396006252451535
"381925",-0.396021690159856
"64213",-0.396084447036915
"16874",-0.396202267659119
"668139",-0.396357199833978
"11905",-0.396405855879849
"353344",-0.396525961234655
"319764",-0.396577620186003
"56330",-0.39660412981906
"232210",-0.396611722006269
"667922",-0.396614572084406
"19325",-0.396780597089502
"22295",-0.396898256302765
"242570",-0.396953322627222
"230145",-0.397071487575374
"74149",-0.397138028456505
"54604",-0.397224236992509
"76630",-0.397422580763748
"69596",-0.397425334157366
"23992",-0.397479127895423
"14067",-0.397484618560235
"14312",-0.39749112232385
"69536",-0.397543207622943
"13733",-0.39777149230244
"98303",-0.39783266301747
"13436",-0.397840887314688
"194237",-0.397874404039309
"59038",-0.397984033521347
"100043787",-0.398099959952388
"22271",-0.398144412909855
"14345",-0.398214609394272
"208836",-0.398411161803019
"319660",-0.398422208411239
"27219",-0.398523694674003
"99375",-0.398529682185861
"383435",-0.39858890428944
"72826",-0.398664822205739
"77128",-0.398687313819181
"228033",-0.398733957265483
"17306",-0.39887653899291
"18441",-0.398918954202142
"67344",-0.399037226418063
"52530",-0.399238074688531
"18393",-0.399239351531967
"28075",-0.399531359853257
"233199",-0.399545695352473
"66998",-0.399570473796094
"258504",-0.399594973207716
"72184",-0.399681216826247
"433715",-0.39970993119846
"666501",-0.39970993119846
"235184",-0.399846095836772
"11842",-0.399918591447327
"69993",-0.399938152432718
"73847",-0.40008829562373
"233246",-0.400304245937913
"100503353",-0.4004818880098
"243911",-0.400533517838339
"105171",-0.400640278435879
"69710",-0.400681449572707
"67998",-0.400809835499982
"27224",-0.400868091871878
"52357",-0.400908064272805
"67669",-0.401140082429964
"224624",-0.40124763079779
"195040",-0.401283256239413
"665690",-0.401383523775798
"240396",-0.401405814460922
"654462",-0.401858000541023
"67405",-0.401903449945221
"13844",-0.402002845210445
"239743",-0.402026946368703
"21679",-0.402029777133457
"234577",-0.402150057171083
"76380",-0.402193512927694
"666145",-0.402304943016635
"12616",-0.40246598842197
"14062",-0.4025098183978
"192193",-0.402627472915504
"50913",-0.402633408809531
"59057",-0.402646105078163
"544705",-0.402824101961162
"74365",-0.403162090635807
"17395",-0.403258914792576
"18115",-0.403406028847254
"103742",-0.403507112339065
"18019",-0.403534229094645
"214230",-0.40361049560592
"18294",-0.403681957692306
"66469",-0.403731426605685
"22326",-0.40381456367721
"14391",-0.403829423190552
"224585",-0.403895209502764
"18478",-0.403944764500452
"14165",-0.403994174480841
"26561",-0.404056011218907
"232371",-0.404151067919934
"14300",-0.404225769131546
"16803",-0.404227555593446
"27397",-0.404235857977269
"233890",-0.40441444257886
"230582",-0.404526555132848
"109346",-0.404533045801952
"213980",-0.40454163818352
"72169",-0.404778988597304
"433485",-0.404906253449871
"18035",-0.404908579190637
"67647",-0.404967541785932
"67840",-0.405135448791201
"13448",-0.405289312437722
"276846",-0.405367091992601
"235043",-0.405532208602581
"225887",-0.405676668136583
"11639",-0.405957798491703
"17083",-0.406101686782786
"545867",-0.406384089256034
"12419",-0.406412757480705
"272027",-0.406462861216698
"20833",-0.406462887415684
"14375",-0.406468963921437
"67973",-0.406486422767385
"74840",-0.40653603979858
"105886298",-0.406636198962092
"258455",-0.406763507847046
"259048",-0.406780657004955
"20197",-0.406814160006433
"20375",-0.4068425530662
"104662",-0.40703012982442
"319885",-0.407081221883556
"57915",-0.407233612249261
"71712",-0.407316350027358
"18725",-0.407376026825552
"12462",-0.407429652213657
"19051",-0.407564812104779
"216136",-0.407578474604432
"71446",-0.4076304303465
"218543",-0.407728460487473
"171278",-0.407890934070368
"224598",-0.407903255429856
"66433",-0.407934051105979
"68209",-0.407971634365618
"94281",-0.408695886753532
"230654",-0.408732867522492
"21848",-0.408854419541969
"66467",-0.408927900491123
"70809",-0.408939109219612
"56463",-0.40904258793387
"244810",-0.409086590753067
"11308",-0.409115872125636
"16412",-0.409122788877084
"63873",-0.409279748743901
"751865",-0.409280620251068
"14843",-0.409457559861442
"100039258",-0.409557394785787
"66073",-0.409573400451946
"14376",-0.409603849499311
"270096",-0.409611694720735
"223915",-0.409780459899579
"208650",-0.409786733906114
"74156",-0.40989200291349
"19344",-0.409923416215583
"20466",-0.40994759668525
"12323",-0.410002852135967
"544752",-0.410054502684295
"68165",-0.410061607410481
"109978",-0.410101861331233
"219149",-0.410123076410143
"434197",-0.410171249969864
"50497",-0.410171962290967
"54397",-0.410174720692793
"66840",-0.410247972845494
"66538",-0.410489918247911
"12544",-0.410504472891605
"69085",-0.410614076286008
"58991",-0.410706963682871
"209753",-0.410783601945386
"12771",-0.411104771368343
"77318",-0.411218833994365
"381318",-0.411311241035185
"51800",-0.411452337114962
"269870",-0.411635982711806
"56086",-0.41169237004776
"208501",-0.411863414836277
"14613",-0.411894547908543
"75616",-0.411921118983992
"76088",-0.411982801161123
"67733",-0.412006549632675
"66236",-0.412728113122781
"230787",-0.412741331432872
"212569",-0.412790163640185
"76484",-0.413105562523716
"668850",-0.413205801307353
"100417756",-0.413223753633569
"16185",-0.413223753633569
"70478",-0.413350724261299
"13008",-0.413383965834935
"239319",-0.413394117585139
"24127",-0.41358553194771
"140489",-0.413928225856966
"110596",-0.41396773465156
"213673",-0.414130239074272
"73390",-0.414153703413786
"20408",-0.414722261306363
"240168",-0.415067542677681
"353326",-0.415328052416576
"50770",-0.415750229747378
"72479",-0.415799191883276
"70186",-0.415834083866315
"117109",-0.415837284392257
"231093",-0.415907386131713
"100033459",-0.415909106090126
"17765",-0.415919673843974
"621269",-0.416119612744174
"545369",-0.416311722093153
"12349",-0.41639497558796
"213989",-0.416420616889501
"233208",-0.416565495353608
"329941",-0.416825942426638
"64655",-0.416945442071789
"22029",-0.417182636448443
"68152",-0.417385488477394
"241915",-0.417461217454515
"74189",-0.417632689662553
"72243",-0.417875991800925
"382236",-0.417897295155397
"11501",-0.417918644813335
"17191",-0.418120140072693
"18613",-0.418120171655935
"13854",-0.418157564018784
"228770",-0.418234513989399
"217026",-0.418324408399521
"56470",-0.418502066183933
"116847",-0.418540141197607
"56632",-0.418598506723595
"66596",-0.418678372994167
"244216",-0.418727308037672
"217069",-0.418825793881366
"14685",-0.41883919648931
"17904",-0.418874108165088
"66175",-0.418970083844025
"266632",-0.419028550441279
"66420",-0.419061654643581
"12733",-0.419214958904401
"16625",-0.419214958904401
"76797",-0.419214958904401
"246196",-0.419384915246769
"67582",-0.419404487221598
"235320",-0.419412759864173
"58229",-0.419426008923596
"101055671",-0.419632129822376
"110809",-0.419786873371003
"30843",-0.419902625256548
"269999",-0.419994411775749
"692132",-0.420151742642167
"414801",-0.420282798403915
"66461",-0.420303667442968
"55936",-0.420328276808007
"381337",-0.420358731592305
"319197",-0.420550929127697
"230103",-0.420584570094203
"30947",-0.420674604306091
"73836",-0.420728963729523
"30056",-0.420749945408389
"20525",-0.420980887123495
"218454",-0.420999396871359
"225644",-0.421121164835093
"338371",-0.421175444200753
"230738",-0.421281159414394
"56744",-0.421527011314949
"225467",-0.421532947990088
"217700",-0.421569690227322
"140493",-0.421643243188328
"70240",-0.421737269489341
"223666",-0.421779361754416
"26415",-0.422010789919857
"67763",-0.422029981982826
"23947",-0.422111365722228
"68214",-0.422195490203497
"244373",-0.422460799897281
"108112",-0.422580038517436
"99526",-0.422839626876742
"246787",-0.422890478260214
"17355",-0.422915060357998
"30924",-0.42299975048197
"20928",-0.423384253752449
"54366",-0.42350959057928
"12151",-0.423810183899468
"110385",-0.423827106957502
"11668",-0.423897162542745
"209707",-0.423910281403693
"319183",-0.424017258231957
"231834",-0.424215567893606
"208228",-0.424241709799324
"244349",-0.424269678762356
"67338",-0.424318794725995
"83964",-0.424532961303744
"93878",-0.424714213841516
"15267",-0.424839649062377
"215384",-0.425054791970388
"14764",-0.425112080231815
"631797",-0.425112080231815
"18037",-0.425329154791591
"214895",-0.425591479580372
"242819",-0.426065904655224
"13400",-0.426069309296566
"24088",-0.426286088628993
"21463",-0.426286414158838
"67210",-0.426473735040571
"211936",-0.42654401483642
"55935",-0.426628804562625
"11836",-0.426801479607936
"319701",-0.42693479484112
"121811722",-0.426998546244515
"100043283",-0.427152177966452
"20209",-0.427413907589033
"230162",-0.427603362499163
"77798",-0.427632631227067
"216821",-0.427826157465438
"638833",-0.427919445575909
"665886",-0.427919445575909
"652925",-0.427922492362826
"54651",-0.428152399686882
"243312",-0.428237738873506
"14938",-0.428339338282309
"74154",-0.428808456494229
"100034361",-0.428831375210816
"93872",-0.42883722413446
"232989",-0.428981018008565
"70650",-0.429041015646881
"104175",-0.429068080225674
"217356",-0.429164495836365
"67870",-0.429204631963846
"319909",-0.429338471646795
"54140",-0.429447692491749
"108735",-0.429647365977539
"231798",-0.429692385630884
"53619",-0.429695748672145
"107734",-0.429912665355453
"192786",-0.429951571998717
"20431",-0.430088535891235
"15002",-0.430226049291414
"20778",-0.430237948153905
"19882",-0.430258378991488
"320351",-0.43037427576935
"230119",-0.430429155904559
"224691",-0.430473973977534
"624187",-0.430565107937077
"13200",-0.430619415998826
"78416",-0.430640296842529
"66294",-0.430785781529106
"23872",-0.430824394841425
"210789",-0.430867560097817
"13043",-0.430915409633233
"68552",-0.431201242934956
"399603",-0.431215350567323
"106522",-0.431234763355894
"69168",-0.431461099396788
"108812",-0.431613487032216
"74159",-0.431739949309848
"18567",-0.431768408380443
"231069",-0.431815749095262
"101497",-0.431849034462743
"70358",-0.432093704189289
"66046",-0.432108997596942
"100043915",-0.432317254482206
"17354",-0.432410984459829
"96935",-0.432448089829617
"218613",-0.432546135007109
"77113",-0.432639369033887
"65970",-0.432656535623421
"20311",-0.433104659404318
"108167871",-0.433253772828706
"19108",-0.433315472234577
"14711",-0.433587046023332
"170771",-0.433867564882132
"74610",-0.43395415735885
"69090",-0.434042518967654
"76763",-0.434266235171774
"21814",-0.434382381402403
"18733",-0.434389944497509
"66300",-0.43470421083826
"18247",-0.434729198581994
"14738",-0.434783333389889
"17827",-0.434800528685263
"224674",-0.435015321388565
"70676",-0.435210947867822
"66595",-0.43536129375286
"12728",-0.435618044698947
"103850",-0.43599786010486
"60441",-0.436158291046494
"20469",-0.436171549272011
"14936",-0.436196581392801
"21749",-0.436232686740684
"170791",-0.436392236585907
"71227",-0.436571608520102
"22282",-0.436652014446511
"243866",-0.436748693423856
"79554",-0.436913339673214
"216760",-0.436920807341991
"100043387",-0.437058942916324
"434178",-0.437180439489372
"118446",-0.437220877204884
"100126452",-0.437329410967218
"11428",-0.437403903484319
"382034",-0.437429078139958
"240067",-0.437485360376623
"20352",-0.437491699004199
"665330",-0.437583096434767
"18767",-0.437668380823987
"272636",-0.437812408469628
"22696",-0.437856087282544
"269019",-0.438109321796247
"116621581",-0.438218858623845
"16816",-0.438284847762627
"68094",-0.438424938707236
"66834",-0.438498816923585
"69912",-0.438563962899114
"30805",-0.438677528661633
"666532",-0.438867853682691
"83556",-0.438888627219597
"68642",-0.439071628409299
"212772",-0.439172880603718
"320299",-0.43924032151714
"21338",-0.43930307345594
"194744",-0.439319570421244
"208428",-0.439373664674971
"229593",-0.439511511852668
"12829",-0.439555691347145
"243634",-0.439723529049031
"171243",-0.439762155033636
"67308",-0.439839306786788
"258315",-0.439892775917676
"19376",-0.440250508298019
"270091",-0.440283002574555
"209195",-0.440583609706854
"237859",-0.440603572145135
"668661",-0.440628110800665
"19159",-0.441065478877148
"244668",-0.441203397834336
"68184",-0.441420032078429
"27389",-0.441422317130566
"64294",-0.441492330698967
"17000",-0.44150281207356
"171207",-0.441556435648144
"22127",-0.4415871660084
"66180",-0.44166071792767
"16431",-0.44188172216661
"54353",-0.442021565926276
"20869",-0.442082822406483
"22067",-0.442142354397929
"100416121",-0.442258490971469
"12373",-0.442394326909232
"100502766",-0.442405212348576
"320454",-0.442564700384267
"66168",-0.442629089494739
"114570",-0.442629140011188
"106639",-0.442634993341461
"59027",-0.442661143973152
"27058",-0.442779190513094
"56404",-0.442836241032091
"68058",-0.442866570616495
"72136",-0.443180927497982
"245688",-0.443235952842512
"30057",-0.443460588112925
"68975",-0.443516468876045
"100039968",-0.443570718514319
"666190",-0.443820635807685
"665816",-0.443849261271856
"77110",-0.443903038355312
"22635",-0.443997178079301
"70415",-0.444024505524459
"14004",-0.444158882085462
"229473",-0.44416318747653
"208638",-0.44429199212624
"245050",-0.44429786346808
"64136",-0.444447759772064
"68652",-0.444741805285124
"18426",-0.444894981892148
"77891",-0.445311398699937
"66979",-0.445327052622446
"14211",-0.445531046194358
"71059",-0.445589217369868
"67088",-0.445639248937676
"114863",-0.445690365036431
"103213",-0.445703484611502
"14594",-0.445761095029152
"93721",-0.445818790723824
"73112",-0.445919582024841
"333182",-0.445990941762444
"432611",-0.446088611363688
"17948",-0.446104706269958
"214704",-0.44619022813801
"100504660",-0.446292894987613
"69930",-0.446435890157017
"56045",-0.446470181354823
"68428",-0.446473071387957
"243771",-0.446485804335615
"243612",-0.446515310358808
"11596",-0.44674813107061
"56440",-0.446752257854835
"12534",-0.446818747613025
"68774",-0.44685417341662
"66125",-0.447034339719171
"433365",-0.447255218675516
"622554",-0.447255218675516
"69482",-0.447688593989505
"237831",-0.447702106710763
"66423",-0.447788268215111
"70785",-0.447879997510324
"17855",-0.447991435285626
"233877",-0.448097917829296
"56194",-0.448130838137416
"17992",-0.448234724254495
"210162",-0.448254883518153
"15013",-0.448466003540097
"13506",-0.448476792280619
"235527",-0.44863924828693
"240514",-0.448691538129631
"68010",-0.448721465173767
"27357",-0.448806055896655
"67726",-0.448833766705559
"12260",-0.448894128924891
"432482",-0.448945815241736
"100042335",-0.449139746178075
"76709",-0.449458586183456
"20308",-0.449480918623649
"100039441",-0.449724986266566
"69917",-0.449941275567761
"56433",-0.450118726188797
"60534",-0.450197280852847
"68936",-0.450351200815919
"192292",-0.450471150357545
"100042342",-0.450481137440354
"100043080",-0.450481137440354
"100416245",-0.450481137440354
"100417645",-0.450481137440354
"100417763",-0.450481137440354
"102640277",-0.450481137440354
"105246638",-0.450481137440354
"107146",-0.450481137440354
"12985",-0.450481137440354
"14309",-0.450481137440354
"15445",-0.450481137440354
"18406",-0.450481137440354
"18416",-0.450481137440354
"216749",-0.450481137440354
"258609",-0.450481137440354
"271300",-0.450481137440354
"327956",-0.450481137440354
"338417",-0.450481137440354
"386506",-0.450481137440354
"433064",-0.450481137440354
"628697",-0.450481137440354
"665578",-0.450481137440354
"666660",-0.450481137440354
"666682",-0.450481137440354
"666981",-0.450481137440354
"667697",-0.450481137440354
"675306",-0.450481137440354
"73863",-0.450481137440354
"74088",-0.450481137440354
"75772",-0.450481137440354
"76383",-0.450481137440354
"76571",-0.450481137440354
"791303",-0.450481137440354
"434423",-0.450488354623705
"72088",-0.450488354623705
"78118",-0.450488354623705
"16553",-0.450495746925813
"19385",-0.450644582703412
"52838",-0.450730232006235
"27221",-0.450731638747571
"15926",-0.450787147422919
"100503890",-0.450792507109466
"66841",-0.45095109131752
"12765",-0.451222177499745
"99377",-0.451291126769224
"319159",-0.4513505740882
"76222",-0.451540598731227
"16923",-0.451714101846357
"66905",-0.451773389051715
"66320",-0.451800468506252
"68612",-0.451854996044649
"77767",-0.451969015423229
"102580",-0.451989878504525
"109154",-0.45206036169927
"16432",-0.452135010939603
"231670",-0.452181020570412
"71137",-0.452249515888715
"67856",-0.452456749854563
"232493",-0.452897949934794
"14734",-0.45291762994811
"19352",-0.453024042987754
"73407",-0.453269709903052
"269389",-0.453286053663075
"226999",-0.453363347280786
"57439",-0.453471586588166
"242122",-0.45349024762126
"72615",-0.4536286532472
"68728",-0.454050971317717
"19679",-0.45410283773117
"68033",-0.454220546672567
"13139",-0.454232026698709
"66072",-0.454367730569798
"72308",-0.454407407236079
"69113",-0.454565634948372
"74205",-0.454626921312925
"19659",-0.454821432997163
"26417",-0.454927868265122
"110279",-0.455014893530028
"78323",-0.455029991358
"23790",-0.455271633512426
"72515",-0.455405348654159
"70604",-0.455585215059259
"17972",-0.455664092159491
"211556",-0.455876249503956
"67849",-0.456028866356105
"625249",-0.45620060964398
"233529",-0.456263572041118
"71268",-0.456339944519945
"12048",-0.456369719112094
"22596",-0.456410259012266
"66830",-0.456510073552663
"225341",-0.456607937977621
"121021",-0.456807952780798
"66246",-0.45702318796326
"19157",-0.45709673092534
"102443350",-0.457100674003924
"78255",-0.457315034802541
"106264",-0.457319556735743
"406217",-0.457481033973501
"13487",-0.457553105896696
"22329",-0.457915329930075
"100041907",-0.45796244311782
"70839",-0.45806803600151
"12922",-0.458321825217153
"69186",-0.458347243410063
"272643",-0.458371924055373
"223433",-0.458531206406738
"21778",-0.458578461192771
"140492",-0.45870865793027
"66229",-0.458930795031642
"16909",-0.459149417254611
"114602",-0.459317126255932
"208285",-0.459398174156263
"11736",-0.459402858604698
"16875",-0.459781745893645
"69072",-0.459920425797353
"16521",-0.459985807083897
"73191",-0.460139791708165
"22035",-0.460204324952913
"258941",-0.460267282257732
"73647",-0.46055422534614
"259104",-0.460609477954157
"218630",-0.460903739382834
"620946",-0.461184792832757
"56437",-0.461329059618545
"66532",-0.461329612035412
"242721",-0.46138866905268
"193533",-0.461472385795709
"272381",-0.461503071579046
"14470",-0.461566800897281
"381356",-0.461758746176492
"664781",-0.461868082141277
"70821",-0.46188049888702
"239368",-0.461976030443408
"619788",-0.46199148298612
"69934",-0.462023042693509
"66367",-0.462035527877431
"68581",-0.462203398743626
"19106",-0.462246639451614
"235442",-0.462292183810138
"54607",-0.462470405021207
"665155",-0.462559197534432
"76498",-0.46281292522261
"104625",-0.462922613353022
"623242",-0.462969245730062
"16995",-0.463075555886467
"72007",-0.463110950359187
"97884",-0.463248489209386
"103844",-0.463395205763431
"52898",-0.463399908196617
"15894",-0.463434212223118
"224893",-0.463435942840755
"14763",-0.463452715912193
"667727",-0.463499193560893
"14702",-0.463619892179711
"231668",-0.46368431642715
"15184",-0.464015525222711
"380916",-0.464052521419876
"78266",-0.464242066639877
"21843",-0.46424888746757
"170439",-0.464478888662709
"67099",-0.464479329746649
"70747",-0.464533688733323
"56451",-0.464540221114875
"140781",-0.464604179706265
"74603",-0.464736243551367
"22187",-0.464844188536008
"243499",-0.464918446121588
"56698",-0.4649458604568
"387285",-0.465054940800296
"66400",-0.46518369324624
"20524",-0.465489393855296
"74648",-0.465546243365795
"80294",-0.465686186428679
"213439",-0.465717828032159
"227358",-0.465835016819001
"243905",-0.465869145383605
"71393",-0.465873499712268
"76183",-0.465919764755624
"18173",-0.465939377607786
"11993",-0.46595823593113
"381835",-0.466035056484911
"665829",-0.466076614008535
"327959",-0.466126290410972
"19193",-0.466204198449405
"68926",-0.466237413608691
"242667",-0.466341197286471
"19775",-0.466577636956128
"78893",-0.466662606479162
"22388",-0.466923043522881
"67230",-0.466964457265909
"20508",-0.46727844483912
"15200",-0.467319432214033
"26426",-0.467438434996811
"219148",-0.467451817786577
"268697",-0.467463589430156
"12235",-0.467522291964674
"214763",-0.467641930719438
"69161",-0.467796195706412
"667180",-0.46797439610298
"12301",-0.468056450483262
"68229",-0.468169509850429
"110006",-0.468293873199089
"118568041",-0.468410726496492
"16068",-0.468549875597561
"269198",-0.468876923738077
"68219",-0.468878493585828
"14806",-0.469276644942922
"277773",-0.469411433698668
"19877",-0.469473191176585
"71682",-0.469484436169119
"100041372",-0.469650776945791
"19762",-0.469659359267622
"67636",-0.469883175441938
"14652",-0.469920403580769
"16870",-0.470151485443326
"623078",-0.470161266099749
"16206",-0.470351551278738
"72125",-0.470375592044434
"66647",-0.470420875560808
"20639",-0.47082561140064
"21415",-0.470869203688758
"102637973",-0.470903598162083
"246190",-0.470999836021455
"15368",-0.471080278401274
"353502",-0.471290397284835
"54644",-0.471299742750377
"21346",-0.471383061149064
"16974",-0.47139957791407
"628388",-0.471593201063283
"67042",-0.471781709369942
"75613",-0.471832123209975
"26382",-0.471890908228344
"73338",-0.472059489838447
"574404",-0.47214439556219
"67037",-0.472163794749628
"74008",-0.472170921118313
"319164",-0.472212500029899
"12054",-0.472220342131447
"14431",-0.47222048866642
"16588",-0.47224000297634
"75404",-0.472326384718306
"53871",-0.472331486673273
"68948",-0.472342400531627
"234413",-0.472394722879185
"74197",-0.472399867562457
"230718",-0.472619653584066
"385658",-0.472648578660841
"80750",-0.472729415586604
"667487",-0.472760698227537
"69064",-0.472867591745393
"264064",-0.473330941841961
"269585",-0.473331819728668
"13799",-0.47334354968734
"282663",-0.473466484791605
"193813",-0.473497999849099
"20776",-0.473549889750427
"320487",-0.473620759130994
"67087",-0.473726672751496
"100417829",-0.473790831807508
"18018",-0.473882153303769
"171580",-0.474273580646113
"100042807",-0.474333794747052
"237716",-0.474436539236618
"54634",-0.474549663557886
"69539",-0.474589519076727
"211228",-0.474644312912797
"217351",-0.474751942775728
"64379",-0.474910634144578
"22259",-0.474968152459369
"69126",-0.475028434959397
"66493",-0.475156210497069
"114872",-0.475322156340707
"19824",-0.475322156340707
"70948",-0.475322156340707
"80509",-0.475505483018351
"20216",-0.475556604972158
"66682",-0.475675497115968
"100043709",-0.475714034940784
"107766",-0.475714034940784
"666599",-0.475714034940784
"668994",-0.475714034940784
"234852",-0.475728831454
"76411",-0.475752728839814
"545391",-0.475862114760482
"442801",-0.476020375425314
"320118",-0.476042651492142
"28080",-0.476118938251211
"636931",-0.47642757204774
"100233175",-0.476447201112677
"226499",-0.476629544777346
"229541",-0.47666275691826
"27979",-0.476810531309532
"675514",-0.476862955110736
"112694759",-0.476959971226574
"268564",-0.476967335176739
"57170",-0.477177235611975
"15975",-0.477222779877972
"211286",-0.477237360192048
"54391",-0.477775029962487
"258949",-0.477778600884847
"229228",-0.477933055799306
"378430",-0.478219416973362
"19173",-0.478481079234165
"319552",-0.478605132157366
"56031",-0.478713485164577
"15983",-0.478862913657753
"57914",-0.478925876252168
"75050",-0.479302650360777
"66748",-0.479310865311813
"272009",-0.479398691976766
"99730",-0.479491309373255
"268417",-0.479560652944076
"665119",-0.479715279016124
"83485",-0.47976119583791
"74330",-0.479883469373959
"18704",-0.480120531536523
"12988",-0.480173499186809
"80986",-0.480213962239639
"235040",-0.480331637272624
"11632",-0.480367302325063
"100044509",-0.480406222092996
"217410",-0.480527134050298
"67307",-0.480725564781192
"381546",-0.480855165509188
"71148",-0.480915297320062
"101502",-0.481014445518241
"76539",-0.481066843822113
"231464",-0.481098605976767
"70804",-0.481172262366502
"625917",-0.481451673239648
"666430",-0.481451673239648
"667279",-0.481472146335035
"97908",-0.481619635266375
"216438",-0.481730864066982
"69556",-0.482015675983867
"16882",-0.48216412124113
"66069",-0.482312324927604
"56364",-0.482398084656
"18096",-0.482521283845233
"108169000",-0.482673548610238
"258942",-0.482673548610238
"100417535",-0.482674559184814
"102633301",-0.482674559184814
"102635496",-0.482674559184814
"11634",-0.482674559184814
"14128",-0.482674559184814
"15436",-0.482674559184814
"18419",-0.482674559184814
"223262",-0.482674559184814
"232414",-0.482674559184814
"232962",-0.482674559184814
"238963",-0.482674559184814
"258356",-0.482674559184814
"258522",-0.482674559184814
"320040",-0.482674559184814
"380845",-0.482674559184814
"383258",-0.482674559184814
"432665",-0.482674559184814
"432725",-0.482674559184814
"619677",-0.482674559184814
"631097",-0.482674559184814
"634019",-0.482674559184814
"637043",-0.482674559184814
"640145",-0.482674559184814
"72082",-0.482674559184814
"75645",-0.482674559184814
"78016",-0.482674559184814
"23994",-0.482750753979965
"217653",-0.482811387015077
"56296",-0.482983294992411
"54725",-0.483017478823672
"19286",-0.483035585048978
"231549",-0.483374467930038
"16181",-0.483480925146705
"75504",-0.483608686920966
"28199",-0.483845635708455
"65255",-0.483910465020739
"100041596",-0.484001625515283
"93759",-0.484068271272002
"214922",-0.484177365411104
"26446",-0.484338513288524
"79263",-0.484405226231071
"216156",-0.484574515823291
"76877",-0.484646808137009
"22294",-0.484662821224778
"622727",-0.484685905832675
"110052",-0.484761876827951
"69660",-0.484838139388179
"213438",-0.485065184147423
"15228",-0.48510761111104
"226564",-0.485111372508415
"67381",-0.485144607386462
"108014",-0.485256245890528
"329641",-0.485551295925934
"57265",-0.485820874697966
"59013",-0.485982244630582
"665268",-0.486367124353759
"69094",-0.48641840738112
"100503879",-0.486486893323885
"109900",-0.486518423734165
"76505",-0.486560945011645
"329416",-0.486889349589684
"19188",-0.486937263764477
"19041",-0.486997037978472
"73341",-0.487128638378333
"14747",-0.487134366260793
"215693",-0.487193340609849
"231863",-0.487484752827473
"69156",-0.487631694971116
"631145",-0.487654827394282
"17364",-0.487670977979481
"71903",-0.487787264894054
"237175",-0.488071583286899
"218461",-0.488084943634324
"74026",-0.488308142522575
"18991",-0.488431238571381
"382384",-0.488457912987633
"14794",-0.488494796449903
"77505",-0.488612726552434
"665376",-0.488750729321716
"223827",-0.489005847126314
"235435",-0.489028807530792
"329584",-0.489057097344041
"231130",-0.489098770784753
"69171",-0.489175525642517
"229658",-0.489178167643523
"58887",-0.489180806498334
"75985",-0.489220487867586
"666468",-0.48925549544944
"211151",-0.489263668506093
"54325",-0.48935256619609
"100561",-0.489376545256883
"22719",-0.489483317051429
"622976",-0.489611466120799
"69310",-0.489808771863774
"84653",-0.489815770884794
"21423",-0.490102349142519
"101023",-0.490136166555
"319155",-0.490299754559255
"233315",-0.490365053240702
"14605",-0.490366460302512
"57249",-0.490419238165601
"20447",-0.490427656762204
"382427",-0.490525780679735
"621363",-0.490552501463553
"12400",-0.490610525381925
"100642166",-0.490612707239051
"230752",-0.490673520047829
"245596",-0.490780689493943
"107328",-0.490868514404731
"80888",-0.490967431592411
"117590",-0.491136161776138
"264134",-0.491188678494494
"56485",-0.491301021129145
"100416290",-0.491382949445392
"26889",-0.491460675964298
"93704",-0.491462506276606
"238803",-0.491645604288
"67952",-0.491662031601007
"620521",-0.491687891507567
"208154",-0.491692536390592
"668066",-0.491744078719403
"229503",-0.491817894441249
"213649",-0.491942799889564
"76633",-0.491992857005635
"140481",-0.492040534319565
"100043475",-0.492133051684615
"225523",-0.492186412512232
"212996",-0.492221639237255
"259106",-0.492536691222593
"54198",-0.492576126141136
"432516",-0.492583938544297
"78134",-0.49264669885868
"100043772",-0.492653752270847
"67207",-0.492808415971713
"328417",-0.49284810374695
"73389",-0.493381641876557
"234366",-0.493384261057824
"24046",-0.493422887902567
"23887",-0.493459317878715
"27385",-0.493503008752319
"242642",-0.493601491629279
"13185",-0.493605736559934
"27412",-0.493624375525629
"208080",-0.49365939097054
"67157",-0.493661290617923
"216227",-0.493669463114638
"100045778",-0.493735415177838
"13797",-0.493830338477351
"67902",-0.493909121200952
"76646",-0.494175390405751
"11747",-0.4943235808326
"58807",-0.494329629093103
"140742",-0.494341911089363
"53618",-0.494348667301654
"330921",-0.494379989918358
"66810",-0.494511006812298
"68743",-0.494534142681843
"433470",-0.494553979875837
"545739",-0.494823055796717
"72668",-0.494824955269425
"56843",-0.495194141437901
"74569",-0.495266088399193
"215890",-0.495324608041258
"12524",-0.495477506092331
"75426",-0.495518534527829
"67212",-0.495598706605686
"16176",-0.495658688114222
"21331",-0.495704954698352
"64095",-0.495836864706803
"233033",-0.495862554771974
"100418007",-0.495951145015303
"66277",-0.496034972072941
"102632",-0.496210520212743
"16409",-0.49624558537616
"22228",-0.496251268314472
"230603",-0.496319027689039
"27275",-0.496354873710163
"23934",-0.496406132479239
"320916",-0.496847024512945
"17183",-0.496991075854818
"71701",-0.49734979395278
"16158",-0.497356768019268
"80909",-0.497481763793199
"67178",-0.49758907070024
"66448",-0.497653506347368
"100169",-0.49792451055111
"21812",-0.497991690206707
"240263",-0.497994133468582
"234686",-0.498214191205956
"68632",-0.498312015324018
"18952",-0.498348881986841
"668015",-0.498858467868622
"23993",-0.49899785265653
"18125",-0.498999556488086
"100040416",-0.499021067266384
"68465",-0.499164372471775
"19126",-0.499428249263437
"67863",-0.499502028297813
"13543",-0.499571497456777
"219094",-0.499611662899574
"18286",-0.49985931346787
"14428",-0.49992688497486
"54427",-0.499983115537614
"216080",-0.500027257479722
"68910",-0.500198917083527
"11541",-0.500284426137409
"239647",-0.500416416823047
"21408",-0.500665729416115
"268490",-0.500691536772173
"22362",-0.500720581314433
"12466",-0.500824704475695
"637021",-0.500876084669068
"16517",-0.500890800662401
"68021",-0.501042212502031
"545864",-0.501266291274719
"75029",-0.501299678738271
"75007",-0.501352760603044
"258800",-0.501524548920618
"238130",-0.501641918254433
"194952",-0.501671865874197
"93739",-0.501692444741102
"73723",-0.501747703524453
"100042180",-0.501767426751387
"320538",-0.501897204562566
"269378",-0.50217117737457
"320435",-0.502229404221478
"214917",-0.502263275460836
"22754",-0.502274813427757
"11958",-0.502336047202614
"14254",-0.502545307173538
"67139",-0.502598837123997
"17181",-0.502614458951433
"29876",-0.502625156012676
"17135",-0.502633994905653
"22415",-0.502689811148279
"22773",-0.502956170575051
"252973",-0.502980836364384
"74155",-0.503008511095181
"73287",-0.503244936591479
"66948",-0.503314765463416
"11468",-0.503435471173274
"218865",-0.50346819311626
"629595",-0.503480227457011
"26433",-0.50349864485554
"436240",-0.503520025185574
"20530",-0.503611634105788
"320078",-0.503616940931213
"66684",-0.503684654137418
"15469",-0.503864787484327
"16341",-0.504035976715322
"100042767",-0.504135795977842
"22630",-0.50416562185771
"329679",-0.504167153005099
"215493",-0.504284449280026
"17916",-0.504325867977059
"380969",-0.504357112872324
"68944",-0.504477934646566
"67071",-0.504517336654091
"228662",-0.504876795727477
"207781",-0.504905065505877
"52020",-0.504988460700454
"102920",-0.505024175062677
"212508",-0.505076080499766
"74334",-0.50507827324059
"27398",-0.505079499841311
"22059",-0.505278113528403
"433667",-0.50534190882927
"258422",-0.505589999448151
"408191",-0.505589999448151
"71920",-0.505653719290451
"100504632",-0.505675928357773
"102162",-0.505737104560183
"106504",-0.505883201352516
"30945",-0.506000117496442
"56494",-0.506023441594839
"18515",-0.506161154838412
"227624",-0.50643186630093
"53374",-0.506662530028535
"102626",-0.506672530356439
"102193",-0.50670111583821
"55934",-0.506957170442744
"380687",-0.506992502595363
"67656",-0.507120722476168
"20679",-0.507154378184976
"623279",-0.507257991995701
"170767",-0.507291219455092
"266781",-0.507425618539703
"108156",-0.507553258878432
"11690",-0.507558923981132
"108899",-0.507657589395097
"22260",-0.50801416014931
"235623",-0.508032752487387
"15166",-0.508075271839626
"16592",-0.50858875329775
"399566",-0.508602712579358
"67235",-0.508631908611376
"211383",-0.508636486092124
"67695",-0.508866309476077
"215951",-0.508943178282363
"192196",-0.508997347586607
"11435",-0.509024278428006
"66231",-0.509032390561811
"68226",-0.509050310050584
"110821",-0.509055029642433
"22229",-0.509058008034632
"76142",-0.509118694762475
"242125",-0.509205412183802
"214568",-0.509235781432346
"18129",-0.509260061270064
"67382",-0.50931401038655
"18104",-0.509600589517589
"240328",-0.509765239444292
"20874",-0.509873245072015
"16848",-0.50988727235417
"76459",-0.509952379630436
"56737",-0.510122949233081
"226026",-0.510278051350532
"66568",-0.510379302348075
"16886",-0.510402927800835
"244879",-0.510449812187851
"108689",-0.510486286380937
"50795",-0.510567416935955
"71330",-0.510626944550789
"12555",-0.510709529035526
"676527",-0.510895424769905
"239789",-0.511198207488129
"12557",-0.511204695989813
"74342",-0.511261710213492
"77766",-0.511634473927684
"12903",-0.511853498328239
"52808",-0.511870560058551
"17256",-0.511893254869494
"21385",-0.511920064062385
"15483",-0.512054375387683
"11927",-0.512101252269714
"237400",-0.512104839455546
"171229",-0.512165309629427
"102644",-0.512322191852145
"258453",-0.51256560838617
"213208",-0.512634111119834
"329628",-0.512682936969282
"213948",-0.512754272633899
"72306",-0.512796569718801
"11799",-0.512818286184081
"20683",-0.512848422500974
"17216",-0.512918445426539
"67292",-0.512918895934623
"15531",-0.513125395816455
"18330",-0.513243316564275
"18636",-0.513294248535607
"54683",-0.513312130678952
"107988026",-0.513437866963447
"97440",-0.513503890990016
"19895",-0.513506734910135
"109242",-0.513532996300186
"20535",-0.513553788019903
"108101",-0.513815940211168
"18242",-0.513853429717723
"14708",-0.513891399451903
"381650",-0.514622057418268
"18797",-0.514646003135995
"14912",-0.514766937149656
"75620",-0.514803526359689
"97159",-0.514921685020472
"15208",-0.514927215752878
"67145",-0.514993358137184
"21780",-0.515010544394667
"404545",-0.515036059629808
"20016",-0.515088175348763
"67935",-0.515261655420714
"67747",-0.51538776315652
"104759",-0.515422418050878
"574418",-0.515468310304985
"66464",-0.515486323819868
"16912",-0.515505452952971
"328783",-0.51558273591216
"449000",-0.515667042679952
"109129",-0.515911208086427
"79233",-0.515944346387614
"67392",-0.516034522132229
"115487787",-0.516143607180679
"67200",-0.516238365960837
"12606",-0.516248704066575
"18197",-0.516317782100367
"109032",-0.516420659003894
"66058",-0.516453507053276
"67622",-0.516526681169091
"15903",-0.51662979603235
"331493",-0.516647988049806
"16855",-0.516760391928843
"73233",-0.517020727635297
"19013",-0.517158594411385
"56327",-0.517209148082393
"12517",-0.517410779599028
"16536",-0.517744510055095
"56306",-0.517765737321446
"11793",-0.517838269905017
"237403",-0.518086358536797
"353170",-0.518125650332376
"72029",-0.518171964909939
"20304",-0.518185995815104
"14723",-0.518397312781282
"52700",-0.51848200803942
"11306",-0.518489196644952
"69454",-0.518543902574311
"320234",-0.518568345727539
"28036",-0.518569069723758
"56749",-0.51882286195171
"380683",-0.518831287980269
"192176",-0.518901289023369
"18181",-0.519059792296341
"66197",-0.519139379585353
"68980",-0.519166914377615
"230661",-0.519278387451187
"626061",-0.519279646672466
"17454",-0.519306898039811
"76737",-0.519338750719112
"100039243",-0.519386591598864
"69270",-0.519500305144164
"101214",-0.519505850691683
"67815",-0.519546620346863
"21899",-0.519624262335537
"77015",-0.519636910387438
"217344",-0.519672750697107
"23808",-0.519709605800726
"18440",-0.519897152778023
"243912",-0.52013563030275
"240879",-0.520331349400578
"67867",-0.520367330881873
"14453",-0.520448728070781
"381229",-0.520793624379189
"118568354",-0.520994276032022
"17059",-0.520994276032022
"230596",-0.521103229902183
"216963",-0.521274753630876
"140482",-0.521292571783697
"100126824",-0.521401061064245
"12259",-0.521425090584711
"209540",-0.521489818472682
"73729",-0.521502105161746
"12359",-0.521721663195905
"194905",-0.521731001246579
"231252",-0.521731001246579
"245610",-0.521731001246579
"383766",-0.521731001246579
"57262",-0.521731001246579
"19417",-0.521734347992437
"73728",-0.521825521237767
"231051",-0.521877165701475
"18168",-0.522051517322933
"13527",-0.522065261637345
"234199",-0.522110395564681
"243842",-0.522155654230516
"66586",-0.522161504026198
"66101",-0.522241558233032
"319615",-0.522330279780008
"228730",-0.522395375308982
"211623",-0.522483045627473
"76206",-0.522613808753267
"71864",-0.522691427897333
"58208",-0.52276256588854
"319192",-0.522790269628843
"98432",-0.522794169124136
"15201",-0.522833376548639
"70099",-0.522869979683677
"623174",-0.522905645041022
"100705",-0.522920679350896
"68558",-0.523048427078224
"14387",-0.523074604885295
"105428",-0.523140875599877
"14659",-0.523227177286328
"71832",-0.523227177286328
"69745",-0.523309827483802
"100037282",-0.523486157299998
"57782",-0.523501154268837
"68394",-0.523603152127413
"109815",-0.52362683833366
"231727",-0.523676408297201
"53313",-0.523678678184093
"76497",-0.523803555411475
"30956",-0.52410829945433
"641376",-0.524115453736899
"106821",-0.524340484362748
"66756",-0.524400233480693
"214345",-0.524423574879193
"100039762",-0.524581302098107
"15254",-0.524690956066159
"11609",-0.524803765499006
"15900",-0.52487580343483
"17221",-0.525076377705196
"233733",-0.525187112371399
"68134",-0.525275258063098
"103733",-0.525608056952058
"22404",-0.525646514723518
"381045",-0.525657679776673
"22141",-0.525728062627298
"12262",-0.525777617236763
"232943",-0.526189773460838
"282619",-0.526208288864329
"72236",-0.526256618622445
"52855",-0.526263846309182
"234695",-0.526281426762367
"329908",-0.526381514019968
"20733",-0.526605130481685
"76260",-0.526637877189872
"75973",-0.526910709535443
"214685",-0.527035391531807
"67305",-0.527161192469401
"23922",-0.527363613456879
"97031",-0.527414952997016
"26364",-0.527448403411049
"226122",-0.527635500811703
"21915",-0.527653507007705
"434585",-0.527770104283932
"77490",-0.527936536250753
"68393",-0.528014343287343
"652986",-0.528177729190814
"329324",-0.528363688547537
"238323",-0.528386126267277
"26450",-0.528392908691273
"23937",-0.528394048764957
"20598",-0.528395223912516
"225994",-0.528631456226911
"68366",-0.52891684711991
"12164",-0.529080201749297
"100504710",-0.52911549346111
"67204",-0.529180117065981
"170483",-0.529316156814712
"433073",-0.529316156814712
"238377",-0.529324931445307
"68051",-0.529354926229863
"108037",-0.529417330279577
"75729",-0.529423337855309
"99349",-0.529509041874901
"17220",-0.529575177773767
"68721",-0.529578649211035
"407831",-0.529715716563647
"23939",-0.529759489758235
"68874",-0.530172352707498
"239083",-0.530182962003238
"66611",-0.530233503164622
"26465",-0.530326506896222
"69902",-0.530410463545001
"12454",-0.530981745847442
"664883",-0.531067021500316
"433251",-0.531245498368884
"67936",-0.53127666519444
"73748",-0.531285770288193
"665489",-0.531413497342931
"81877",-0.531413601373761
"68235",-0.531481881692974
"235631",-0.531524725974802
"57317",-0.531774881966421
"328789",-0.531849747116572
"17219",-0.531902002986935
"17153",-0.53205302959839
"70681",-0.5321374796006
"67792",-0.532252471467828
"14419",-0.532392857938008
"30955",-0.532450872056644
"20498",-0.532520975723849
"71723",-0.532764434412752
"13855",-0.532770885582336
"11811",-0.532776875898766
"629524",-0.532804974895863
"73316",-0.532856118171741
"56458",-0.53292672576052
"19737",-0.532966982385293
"76400",-0.533037812142167
"105247253",-0.533063236198477
"59010",-0.533227144486344
"18221",-0.533313193376519
"72293",-0.533399676355867
"14148",-0.533557857629816
"76137",-0.533642128453651
"105837",-0.533839068158316
"100039656",-0.533895142027793
"68070",-0.533969066628294
"233875",-0.534017954006883
"101490",-0.534056339655535
"100040609",-0.534066878122576
"74103",-0.534346305234251
"227334",-0.53435097564903
"665001",-0.534580183915172
"69638",-0.534615110276255
"16413",-0.534642110101189
"407819",-0.534661649615796
"71093",-0.534662450821959
"19726",-0.534679028084242
"66266",-0.534679342122155
"60406",-0.534795855261915
"634104",-0.534808014935186
"227058",-0.534873750804725
"239463",-0.53491855260353
"13714",-0.535010825025563
"56812",-0.535023613735616
"19876",-0.535033061674114
"224903",-0.535051993117557
"56613",-0.535056963435774
"66921",-0.535560903821853
"78784",-0.535639632273174
"67379",-0.535711294334347
"26384",-0.535717691128685
"71275",-0.535761219845184
"22772",-0.53586446734136
"110962",-0.535929805027142
"231832",-0.53604427637385
"239273",-0.536209887903853
"67610",-0.536253591975485
"239096",-0.536307255442478
"20641",-0.536315004722576
"13198",-0.536414218709928
"68606",-0.536427335520247
"16419",-0.536543310011661
"54598",-0.536549003417273
"242705",-0.536651286626158
"102631912",-0.536756734624578
"69757",-0.536783841517665
"81018",-0.53681908199985
"232784",-0.536838494586891
"16897",-0.536898271373271
"629480",-0.536926886273236
"12608",-0.536954342035272
"12428",-0.536960237442483
"26568",-0.537275777926727
"109905",-0.537599948122823
"16177",-0.537624298517134
"58238",-0.537715095152432
"26971",-0.537826509763647
"76205",-0.537889833342892
"56307",-0.538105960652026
"16533",-0.538142643457572
"68350",-0.538225412087056
"216853",-0.538264608240767
"108071",-0.538451221471249
"215280",-0.538451652862996
"14390",-0.538534804679662
"66771",-0.538658389012541
"18996",-0.538686629296757
"105245868",-0.538842092177907
"230784",-0.538938840377445
"21973",-0.539083723646175
"68732",-0.539483350071477
"100534385",-0.53948880689336
"75678",-0.539490541488313
"76804",-0.539503820963468
"233424",-0.539710964433517
"100033452",-0.539853361155786
"223665",-0.540261216931052
"71323",-0.540571494977
"241116",-0.54061446588491
"105675",-0.540622641412783
"57773",-0.540665130408409
"54364",-0.540849906114872
"113868",-0.540886961003468
"21334",-0.54106893006012
"665794",-0.541096343085603
"106648",-0.541220901556238
"53896",-0.541338474247384
"19099",-0.54137972870481
"69742",-0.541648532036553
"620928",-0.541722167608075
"666060",-0.541742413612302
"217335",-0.541808487338665
"73545",-0.542164383312184
"226413",-0.542258518283981
"381693",-0.542292396668531
"19400",-0.542324179958529
"66066",-0.542337948864214
"244813",-0.542562927033606
"208968",-0.542632985345048
"231672",-0.542857650988924
"11409",-0.542891214001692
"20856",-0.54292052535761
"22130",-0.543000469037004
"118454",-0.54305319541377
"94184",-0.543059704049042
"12896",-0.543256240797056
"27366",-0.543295618252692
"78373",-0.543371872788676
"77805",-0.543379423683323
"16854",-0.543426328473576
"56876",-0.544006321716549
"59056",-0.544070609179063
"74519",-0.544193170095818
"18432",-0.544243122694618
"544817",-0.544316305642633
"67971",-0.544414360393434
"22041",-0.544438408043516
"381085",-0.544477787431844
"195434",-0.544482725998235
"99003",-0.544645715301408
"619289",-0.544691748496249
"68895",-0.54471238151979
"77058",-0.544782127188381
"83703",-0.544830407144243
"16331",-0.544924603642155
"214952",-0.545176459961452
"76355",-0.545205533199534
"74055",-0.545275246424514
"109108",-0.545348507135931
"70981",-0.545400628874966
"225134",-0.54542662625061
"98376",-0.545470049590128
"69202",-0.545519007481934
"21681",-0.545613475156635
"50505",-0.545841106636095
"217684",-0.54593901896871
"13057",-0.54598571958034
"12311",-0.54603037360674
"378702",-0.546096427438659
"229488",-0.5462553032158
"67557",-0.546440676080705
"101100",-0.546521998673596
"214804",-0.546535089746059
"140497",-0.546593579032373
"100040540",-0.546821202348973
"239706",-0.546846869332991
"547035",-0.546906370687206
"17441",-0.546908075250411
"13180",-0.547034923508427
"217847",-0.547089366343396
"384522",-0.54726922831281
"668936",-0.547274122701532
"59053",-0.547305742445179
"14404",-0.547364875561386
"81905",-0.547404645893451
"14371",-0.547554189559292
"27226",-0.547610283835853
"52009",-0.547705344796067
"69097",-0.547763068571028
"193740",-0.547835779537503
"11754",-0.547868481808982
"18442",-0.548037566940212
"83560",-0.548039846057991
"15118",-0.548064534965783
"207393",-0.548249195984853
"233833",-0.54825655503964
"224792",-0.548423710641129
"18823",-0.548574375354251
"224344",-0.548724660289958
"57874",-0.548727989890024
"381922",-0.548743113416267
"116914",-0.549294498380173
"108907",-0.549324561473009
"16777",-0.549369739150036
"230099",-0.549390519702239
"117148",-0.549467816130932
"13636",-0.549493339321776
"26400",-0.549502608648194
"20877",-0.549602846991499
"66868",-0.549832460205295
"13404",-0.549916380294729
"19345",-0.549924555604335
"58200",-0.549993915839494
"12336",-0.550039357082519
"26385",-0.550316475549777
"18053",-0.550383082511076
"72898",-0.550748423583701
"16523",-0.550753369725175
"75657",-0.550768472100127
"224250",-0.550783912591269
"100040049",-0.550935359697805
"76770",-0.550935359697805
"78789",-0.550935359697805
"93966",-0.550935359697805
"118445",-0.551031880898743
"18637",-0.551285283239234
"67803",-0.551313021416884
"100039129",-0.551484600273858
"218921",-0.551484600273858
"258364",-0.551484600273858
"258380",-0.551484600273858
"433319",-0.551484600273858
"636474",-0.551484600273858
"666677",-0.551484600273858
"667824",-0.551484600273858
"75467",-0.551484600273858
"270035",-0.551712445272824
"227715",-0.551781933826377
"100043734",-0.551829098060498
"636741",-0.55183235963821
"77087",-0.552023043612876
"100040001",-0.552080898048182
"77772",-0.552394679012997
"243371",-0.552517018678053
"21752",-0.552744456825671
"107733",-0.552779127983642
"56009",-0.552884356407804
"103806",-0.553092000354581
"213788",-0.553223916699102
"70052",-0.553368134045907
"209456",-0.553811029743729
"66155",-0.553832483459756
"109685",-0.553980924787228
"30934",-0.554002605404138
"667034",-0.554007749935835
"67801",-0.554072213602841
"53421",-0.554080588472911
"66496",-0.554316871246676
"13423",-0.554380852309388
"100041311",-0.554533324135636
"11450",-0.554533324135636
"668955",-0.554533324135636
"73324",-0.554533324135636
"75275",-0.554533324135636
"17986",-0.55458662280233
"331188",-0.554858834415496
"213436",-0.555067873707187
"216984",-0.555299616614326
"100900",-0.555632496151678
"433193",-0.555663448185417
"75767",-0.555781014097943
"22421",-0.555868736374212
"72630",-0.555876803837721
"216033",-0.555876893761215
"108168233",-0.556125327512863
"64652",-0.55615843252044
"14297",-0.556239175083372
"71149",-0.556287755965883
"227801",-0.55635428915969
"16842",-0.556359509865956
"69051",-0.556368217072742
"225870",-0.556443426448337
"100034363",-0.556493732407819
"236643",-0.556536111319674
"434127",-0.556556659421627
"331374",-0.556659133406065
"13353",-0.556983503403632
"20716",-0.556999987935273
"78412",-0.55705230954963
"72674",-0.557259048095563
"23892",-0.557388959550552
"223227",-0.557390575631317
"66488",-0.55747302185312
"72512",-0.557480126175947
"78781",-0.557717848719959
"69961",-0.557718240743928
"23825",-0.55776152800914
"19089",-0.558003745825207
"72549",-0.558012916687957
"235386",-0.558246510077427
"94249",-0.558504189123631
"268390",-0.558658339733975
"216850",-0.558967522806596
"26445",-0.558994162224223
"326619",-0.559013157748388
"665407",-0.55908265178288
"235472",-0.559105385005333
"245424",-0.559155225772035
"69076",-0.559182528854838
"258658",-0.559190048884352
"545184",-0.559196328015679
"233977",-0.5593455621773
"80289",-0.559477943083126
"22697",-0.559602991297602
"71929",-0.559742408981467
"71877",-0.560092652242784
"56176",-0.560355097142718
"240913",-0.560672565575652
"193670",-0.560826462543302
"11461",-0.560924722720821
"20147",-0.560987565705351
"100040870",-0.561064155009877
"14585",-0.561154521853125
"22040",-0.561335875547864
"13176",-0.561365478286794
"231004",-0.561466859711218
"16906",-0.561504142351737
"113847",-0.561574324852948
"272465",-0.561682908958261
"109280",-0.561689728977432
"22601",-0.561739853697237
"71242",-0.561872691702547
"22320",-0.561903015123758
"71099",-0.561942743679735
"12955",-0.562000712343185
"107022",-0.562055581494185
"69163",-0.562077619902136
"67710",-0.562168965573248
"11761",-0.562349046932149
"11821",-0.562519844252381
"27375",-0.562635378044178
"23831",-0.562684950049199
"18011",-0.56291742446343
"13644",-0.563089766972043
"97086",-0.563248731585451
"18187",-0.563347437395807
"102294",-0.563393446775364
"100039639",-0.563549853296132
"16391",-0.563615812980851
"100142658",-0.563624590380281
"72084",-0.563776448489215
"12799",-0.563890446497426
"21416",-0.563901473312887
"108012",-0.563903518284309
"100042643",-0.564023298300066
"231630",-0.564086764420874
"119065974",-0.564217172123764
"67938",-0.564270230091112
"94091",-0.564301820901722
"192236",-0.56450119796846
"12977",-0.564596096360545
"93834",-0.564610751905903
"225027",-0.564705230733402
"69125",-0.564752932504348
"75083",-0.564893411857541
"74362",-0.565232949197442
"70012",-0.565245690047707
"328092",-0.565509477853956
"19262",-0.565605967732014
"76867",-0.565754120160603
"66116",-0.565758328482529
"280408",-0.565801177911069
"269252",-0.565846805335711
"100384883",-0.565971104139848
"100416882",-0.565971104139848
"101434",-0.565971104139848
"110794",-0.565971104139848
"112136069",-0.565971104139848
"242341",-0.565971104139848
"245126",-0.565971104139848
"258918",-0.565971104139848
"432675",-0.565971104139848
"665994",-0.565971104139848
"666607",-0.565971104139848
"84506",-0.565971104139848
"74114",-0.565988191560689
"12097",-0.566101015098778
"625548",-0.566101015098778
"381884",-0.566306534938589
"22376",-0.566315360656767
"22032",-0.566581920050409
"545519",-0.566726237602522
"74123",-0.566782716498698
"22173",-0.566836560039689
"258799",-0.567139628347881
"229709",-0.567351151986993
"381510",-0.567437174298722
"70024",-0.567448713849131
"20130",-0.567463204376847
"20198",-0.567504206090729
"11812",-0.567596987731048
"76893",-0.567727648709806
"232237",-0.56789101233771
"78372",-0.567894752852072
"14758",-0.567968942469689
"59079",-0.567989328119311
"19725",-0.56818399808461
"70727",-0.568223453141612
"68176",-0.56822821523063
"106393",-0.568270570800309
"665363",-0.568314927323229
"406220",-0.568449954721238
"67516",-0.568485792983689
"16497",-0.568613048016349
"231637",-0.568631983959705
"30946",-0.568647560580224
"60504",-0.568784379435642
"74241",-0.568844060243011
"272790",-0.568968107611451
"16157",-0.569023781964024
"71367",-0.569248293008185
"53419",-0.569406698396527
"11350",-0.569472443090824
"14675",-0.569705844184197
"225207",-0.569714573122365
"66148",-0.569987801028249
"239833",-0.570139450226595
"50500",-0.570160169587862
"73852",-0.570328336257809
"69185",-0.570464683051178
"68458",-0.57049160129681
"320082",-0.570535884857598
"328563",-0.570535884857598
"72282",-0.570535884857598
"19365",-0.57070496865559
"384281",-0.570925298535067
"70192",-0.571278502842811
"108011",-0.571341951766792
"666277",-0.57143561003367
"94353",-0.571526787983826
"226245",-0.571530780131237
"171429",-0.571536254526464
"68598",-0.571605082772922
"13849",-0.571614816885534
"214112",-0.571710093917054
"71904",-0.571942165386085
"108672",-0.571997512667192
"53379",-0.572039604151446
"12045",-0.572141196593409
"17217",-0.57237128166269
"621054",-0.572391228494394
"106861",-0.572404536439581
"140917",-0.572419638011332
"216185",-0.572578597768808
"381101",-0.572745498704166
"98828",-0.572902483062924
"233115",-0.573005878069035
"18088",-0.573046572388615
"16194",-0.573141404938059
"229900",-0.573156542567683
"80906",-0.573364579269847
"240120",-0.573403152386453
"71069",-0.573429390081364
"195733",-0.573446142676962
"19671",-0.573513333115074
"19130",-0.57353556699118
"14362",-0.573638994316203
"246696",-0.573826688479685
"223838",-0.573834400965268
"12978",-0.573888285162628
"111175",-0.574029683685298
"66642",-0.574051297070291
"268379",-0.574173252228328
"21341",-0.574294909520849
"102032",-0.574327082834455
"230789",-0.574344814423726
"218441",-0.574626488585934
"20167",-0.57469847665225
"16678",-0.574724194589057
"72097",-0.574763024667197
"13840",-0.574764344117547
"252905",-0.57483545169914
"320256",-0.574839185778393
"18207",-0.574859714601282
"20208",-0.574957349110454
"217140",-0.575033000211168
"677289",-0.575066349600845
"14672",-0.57517175040106
"15976",-0.575217084994651
"27973",-0.575272496076292
"16399",-0.575492992569168
"77683",-0.575545052973086
"110084",-0.575637113113948
"13361",-0.575750319410159
"14057",-0.575767624819588
"620292",-0.576078630826265
"22156",-0.57611886909831
"67268",-0.576394457174691
"15199",-0.576570652754417
"17423",-0.576597630910209
"100039214",-0.576748938994091
"14236",-0.576789534350298
"271970",-0.576827076296626
"20909",-0.577122970659484
"99311",-0.577251828981242
"66337",-0.577308034362894
"11745",-0.577419424162616
"252972",-0.577581953809951
"22393",-0.577739816342406
"71375",-0.577817435872131
"66991",-0.577898613140613
"100302688",-0.577945215652536
"330660",-0.57803373066263
"11370",-0.578084448211766
"330319",-0.578136227335766
"633979",-0.578174579193762
"19063",-0.578240270501148
"56420",-0.578362637343815
"18483",-0.578484158244535
"69297",-0.578488915455466
"66607",-0.578568299898336
"666765",-0.578568299898336
"12345",-0.578818873237212
"64293",-0.578831391914444
"18111",-0.578866303091906
"278795",-0.579040419284637
"22038",-0.579106819661117
"20422",-0.579191148607651
"67619",-0.57924746841643
"381668",-0.57925160427992
"17828",-0.579383038311908
"633057",-0.579457022696004
"60507",-0.579790297035177
"238123",-0.579896244911118
"56248",-0.579934510266796
"51791",-0.580069738702292
"54612",-0.580285811180457
"16175",-0.580403508769183
"13507",-0.580450785648404
"384198",-0.580453199596406
"66821",-0.58047466401267
"71883",-0.580657641348551
"68634",-0.580840328735686
"107566",-0.580907000801086
"20922",-0.580961613601567
"18439",-0.580974431543865
"27386",-0.581292345989256
"56278",-0.581304095713659
"67725",-0.581326049134388
"27204",-0.581327477605948
"385668",-0.581455128583971
"69257",-0.581592869004525
"100043349",-0.581602865841492
"210710",-0.582108525199565
"66705",-0.582367557954709
"382562",-0.582456501634733
"71678",-0.582616119175794
"20568",-0.582665967293721
"233107",-0.582693813482656
"245670",-0.58277694268941
"57344",-0.582815750957176
"73689",-0.582960331380257
"14230",-0.58302239724575
"72960",-0.58303190158175
"224105",-0.583183465900223
"245847",-0.583205342012473
"624684",-0.583323284328427
"100042113",-0.583375653656024
"100322896",-0.583375653656024
"100861640",-0.583375653656024
"12165",-0.583375653656024
"12274",-0.583375653656024
"171395",-0.583375653656024
"18617",-0.583375653656024
"381484",-0.583375653656024
"432817",-0.583375653656024
"545611",-0.583375653656024
"625716",-0.583375653656024
"100034684",-0.583375653656024
"100040635",-0.583375653656024
"100040657",-0.583375653656024
"100041352",-0.583375653656024
"100041678",-0.583375653656024
"100041825",-0.583375653656024
"100042347",-0.583375653656024
"100306931",-0.583375653656024
"100416051",-0.583375653656024
"100416053",-0.583375653656024
"100416087",-0.583375653656024
"100416145",-0.583375653656024
"100416220",-0.583375653656024
"100416244",-0.583375653656024
"100416325",-0.583375653656024
"100416457",-0.583375653656024
"100417122",-0.583375653656024
"100417160",-0.583375653656024
"100417281",-0.583375653656024
"100417306",-0.583375653656024
"100417384",-0.583375653656024
"100417473",-0.583375653656024
"100417514",-0.583375653656024
"100418419",-0.583375653656024
"100418444",-0.583375653656024
"100418447",-0.583375653656024
"100502580",-0.583375653656024
"100504232",-0.583375653656024
"100534276",-0.583375653656024
"100861672",-0.583375653656024
"100861702",-0.583375653656024
"102636339",-0.583375653656024
"102637469",-0.583375653656024
"103466",-0.583375653656024
"105247274",-0.583375653656024
"108017",-0.583375653656024
"108078",-0.583375653656024
"108167994",-0.583375653656024
"108168154",-0.583375653656024
"108168443",-0.583375653656024
"110511",-0.583375653656024
"110935",-0.583375653656024
"112841585",-0.583375653656024
"11471",-0.583375653656024
"115488794",-0.583375653656024
"115490185",-0.583375653656024
"11614",-0.583375653656024
"118568054",-0.583375653656024
"12145",-0.583375653656024
"12154",-0.583375653656024
"12770",-0.583375653656024
"13009",-0.583375653656024
"13856",-0.583375653656024
"14525",-0.583375653656024
"14582",-0.583375653656024
"15003",-0.583375653656024
"15218",-0.583375653656024
"15372",-0.583375653656024
"15373",-0.583375653656024
"15378",-0.583375653656024
"15394",-0.583375653656024
"15423",-0.583375653656024
"16664",-0.583375653656024
"17057",-0.583375653656024
"170741",-0.583375653656024
"17451",-0.583375653656024
"18089",-0.583375653656024
"18158",-0.583375653656024
"18357",-0.583375653656024
"18741",-0.583375653656024
"18742",-0.583375653656024
"20290",-0.583375653656024
"20309",-0.583375653656024
"20310",-0.583375653656024
"20342",-0.583375653656024
"20834",-0.583375653656024
"208665",-0.583375653656024
"212070",-0.583375653656024
"21388",-0.583375653656024
"215641",-0.583375653656024
"215723",-0.583375653656024
"223745",-0.583375653656024
"225058",-0.583375653656024
"226565",-0.583375653656024
"228785",-0.583375653656024
"230025",-0.583375653656024
"230612",-0.583375653656024
"231699",-0.583375653656024
"235634",-0.583375653656024
"236537",-0.583375653656024
"236781",-0.583375653656024
"238091",-0.583375653656024
"240131",-0.583375653656024
"240873",-0.583375653656024
"240899",-0.583375653656024
"241197",-0.583375653656024
"242805",-0.583375653656024
"243083",-0.583375653656024
"243262",-0.583375653656024
"244550",-0.583375653656024
"244923",-0.583375653656024
"245381",-0.583375653656024
"246735",-0.583375653656024
"257991",-0.583375653656024
"258424",-0.583375653656024
"258482",-0.583375653656024
"258507",-0.583375653656024
"258844",-0.583375653656024
"258874",-0.583375653656024
"258898",-0.583375653656024
"259024",-0.583375653656024
"26366",-0.583375653656024
"271375",-0.583375653656024
"271844",-0.583375653656024
"319433",-0.583375653656024
"328482",-0.583375653656024
"328829",-0.583375653656024
"329244",-0.583375653656024
"329984",-0.583375653656024
"332713",-0.583375653656024
"381628",-0.583375653656024
"381680",-0.583375653656024
"382035",-0.583375653656024
"382843",-0.583375653656024
"384514",-0.583375653656024
"434689",-0.583375653656024
"435818",-0.583375653656024
"503495",-0.583375653656024
"50930",-0.583375653656024
"54422",-0.583375653656024
"545667",-0.583375653656024
"545798",-0.583375653656024
"545851",-0.583375653656024
"546325",-0.583375653656024
"546519",-0.583375653656024
"546642",-0.583375653656024
"547328",-0.583375653656024
"619297",-0.583375653656024
"619842",-0.583375653656024
"619960",-0.583375653656024
"620648",-0.583375653656024
"622474",-0.583375653656024
"623046",-0.583375653656024
"625219",-0.583375653656024
"625534",-0.583375653656024
"626048",-0.583375653656024
"626215",-0.583375653656024
"627813",-0.583375653656024
"629754",-0.583375653656024
"631584",-0.583375653656024
"632685",-0.583375653656024
"636731",-0.583375653656024
"637027",-0.583375653656024
"639527",-0.583375653656024
"64381",-0.583375653656024
"66198",-0.583375653656024
"66338",-0.583375653656024
"665212",-0.583375653656024
"665516",-0.583375653656024
"665526",-0.583375653656024
"665838",-0.583375653656024
"66601",-0.583375653656024
"666495",-0.583375653656024
"666504",-0.583375653656024
"666786",-0.583375653656024
"666850",-0.583375653656024
"667547",-0.583375653656024
"66766",-0.583375653656024
"667666",-0.583375653656024
"667774",-0.583375653656024
"667852",-0.583375653656024
"667956",-0.583375653656024
"668192",-0.583375653656024
"668213",-0.583375653656024
"668354",-0.583375653656024
"668444",-0.583375653656024
"668840",-0.583375653656024
"668917",-0.583375653656024
"669301",-0.583375653656024
"672284",-0.583375653656024
"68236",-0.583375653656024
"69287",-0.583375653656024
"69339",-0.583375653656024
"69816",-0.583375653656024
"69861",-0.583375653656024
"69865",-0.583375653656024
"71062",-0.583375653656024
"71754",-0.583375653656024
"71861",-0.583375653656024
"71886",-0.583375653656024
"72267",-0.583375653656024
"72383",-0.583375653656024
"72434",-0.583375653656024
"73376",-0.583375653656024
"73381",-0.583375653656024
"74446",-0.583375653656024
"74556",-0.583375653656024
"74562",-0.583375653656024
"74915",-0.583375653656024
"75106",-0.583375653656024
"75266",-0.583375653656024
"76279",-0.583375653656024
"76815",-0.583375653656024
"76943",-0.583375653656024
"77674",-0.583375653656024
"77836",-0.583375653656024
"77914",-0.583375653656024
"780931",-0.583375653656024
"93677",-0.583375653656024
"94071",-0.583375653656024
"94175",-0.583375653656024
"94224",-0.583375653656024
"99035",-0.583375653656024
"211305",-0.583375653656024
"433292",-0.583375653656024
"676253",-0.583375653656024
"751864",-0.583375653656024
"75744",-0.583382390857317
"434768",-0.583711632744854
"15512",-0.583799488745622
"70337",-0.58392789283097
"212528",-0.583970512072758
"386612",-0.583983143748073
"22221",-0.584236069907831
"28109",-0.584247313508014
"69066",-0.584256170532486
"100072",-0.5843237892201
"77980",-0.584353616100096
"224619",-0.584649199345018
"100042067",-0.58467220435727
"59091",-0.58485412924444
"270084",-0.584954440941601
"99890",-0.585009311639973
"382523",-0.585012390598794
"620497",-0.585012390598794
"621312",-0.585012390598794
"632352",-0.585012390598794
"68159",-0.585012390598794
"217837",-0.585015079427682
"210417",-0.585290900356977
"57320",-0.585339382217916
"108755",-0.585437599514693
"207596",-0.585485326561879
"319277",-0.585486471378469
"14735",-0.585560603224595
"66758",-0.585603089243344
"56419",-0.585716768242341
"432467",-0.585844463654154
"114255",-0.585897155774524
"58250",-0.585975165340027
"56794",-0.585979121260818
"102941",-0.586016387181938
"69504",-0.586028126244167
"76265",-0.586052073489407
"64339",-0.586074652144827
"100042810",-0.586112670312327
"66077",-0.586153122828037
"12509",-0.586187057576866
"319160",-0.58623783005533
"320981",-0.586270261093239
"107607",-0.586295683950831
"12335",-0.586414043430554
"11705",-0.586620917291796
"319158",-0.586684932197877
"74720",-0.586750136967365
"18576",-0.586783454029281
"11858",-0.586974890047811
"66276",-0.587197157860725
"239217",-0.587237955686814
"630138",-0.587270633876253
"100418138",-0.587334592891569
"94226",-0.587351255071731
"102954",-0.587378985148056
"244882",-0.587451839378713
"66462",-0.587567967662396
"320864",-0.587607881915372
"74165",-0.58764259715174
"70118",-0.587683032806413
"626359",-0.587720555170974
"69499",-0.588082143341823
"432779",-0.588190202454376
"664787",-0.588398609423105
"11430",-0.588412241019151
"69655",-0.588444194389552
"171382",-0.58873492286526
"243743",-0.588784901739343
"13110",-0.588819041216111
"595136",-0.589108318728847
"76850",-0.589124087024213
"27369",-0.589180571690266
"13866",-0.589323286975332
"71801",-0.589338973553941
"66384",-0.58942869726352
"100039239",-0.589432440189652
"58994",-0.589444737395479
"12531",-0.589457079566496
"233887",-0.589489858635094
"100043752",-0.589555642566333
"68183",-0.589836488124693
"11555",-0.589954303158995
"70178",-0.590014088252913
"171235",-0.590145554274381
"67231",-0.590202567362277
"66854",-0.590272915876615
"72401",-0.590343106052802
"238831",-0.590429877114431
"18120",-0.590463709186903
"56771",-0.590502181328866
"60597",-0.590622669794529
"239102",-0.590711249117873
"19172",-0.590824423191952
"13385",-0.59091957754684
"71760",-0.590990355917942
"207592",-0.591063382499215
"66096",-0.591167800294644
"668158",-0.591392535524851
"100862066",-0.591392789628738
"69714",-0.591541288867042
"23886",-0.591882690841756
"381633",-0.591908894015028
"258825",-0.591950174097871
"66190",-0.592139549095428
"58244",-0.592244807369286
"668750",-0.592295279891044
"18451",-0.592648558925577
"14728",-0.592734365679831
"15191",-0.592919319904183
"108167643",-0.592955571635615
"70225",-0.593188959339793
"18453",-0.593543101082244
"17476",-0.59360303942427
"78625",-0.593635333526831
"100043192",-0.593947316497535
"13419",-0.594092629837677
"15258",-0.594167754117326
"100310872",-0.594254871044099
"69540",-0.594259311673929
"60322",-0.59429985048574
"380694",-0.594355468145854
"76987",-0.594863312080349
"107477",-0.594874693747118
"56453",-0.594909049450045
"18150",-0.594976421458196
"18719",-0.595089996321523
"18146",-0.595091870975691
"100041515",-0.595128808100234
"233103",-0.595187856544324
"26940",-0.595342515627744
"13164",-0.595377469208218
"225289",-0.595472717572503
"57912",-0.59582754441246
"216858",-0.595895276045215
"18132",-0.59597970315045
"73373",-0.596110736287193
"70887",-0.596208096295065
"67713",-0.596262599458809
"210027",-0.596319046661866
"20720",-0.596493040464846
"27355",-0.596554566171297
"226652",-0.596674060383628
"12609",-0.596829452209843
"74464",-0.596903173902158
"106878",-0.596967922105169
"232440",-0.596984571298734
"22757",-0.597007172674445
"27361",-0.597038366292531
"69955",-0.597138753667341
"74117",-0.597220849317828
"52668",-0.597243909868328
"56324",-0.597485214890683
"68364",-0.597561661511784
"239546",-0.597712789206478
"432548",-0.597896331547207
"21869",-0.597930402633854
"264895",-0.597958674536224
"72612",-0.59797275797392
"14245",-0.598132006009599
"22340",-0.598152275745996
"223701",-0.598188274036567
"18458",-0.598259144973456
"103236",-0.598372196886396
"14539",-0.598752603571237
"12266",-0.598763290031053
"219132",-0.598772493280968
"17698",-0.59893924311847
"100416872",-0.598954339518671
"432988",-0.598954339518671
"667937",-0.598954339518671
"380601",-0.598960077711429
"64138",-0.599276646148127
"107971",-0.599294548719048
"328133",-0.59932368888239
"258502",-0.599343839831904
"258391",-0.599361431192283
"270190",-0.599372523390729
"68972",-0.599501770069811
"78787",-0.59971388571961
"66177",-0.599783556325772
"69129",-0.599886465182893
"317677",-0.599993407552744
"72080",-0.600067675533182
"327826",-0.600132708673112
"100037283",-0.600139999104669
"18130",-0.600159347934001
"19684",-0.60018954072565
"213990",-0.600248284798693
"380912",-0.600258684499429
"16907",-0.600305197720683
"56438",-0.600431924170457
"216974",-0.600451777117976
"241489",-0.600476736104434
"13076",-0.600562354121805
"637776",-0.600698062037387
"545824",-0.600732965030704
"233066",-0.600823201796826
"66598",-0.60089955541088
"19718",-0.600936967921668
"16370",-0.600982522260186
"70574",-0.601076507057162
"219257",-0.601225318356022
"100043780",-0.601290465136906
"66988",-0.601513507187929
"100040340",-0.601663243916206
"67493",-0.601685113824817
"278097",-0.60179565229657
"224630",-0.601800736249708
"16596",-0.602088252148985
"545758",-0.602088252148985
"665596",-0.602207014012491
"65105",-0.602341526515158
"21427",-0.602610581751752
"66949",-0.602803232424727
"20917",-0.602895172369441
"387524",-0.602914320199511
"19892",-0.603020155114331
"12209",-0.603028376093887
"66171",-0.603090019128453
"666704",-0.603157965823698
"70646",-0.603270275808748
"76219",-0.603320666686016
"246221",-0.603345398044307
"12579",-0.603480277819802
"70408",-0.603707835437772
"15444",-0.603787950560142
"66593",-0.603806548608326
"378460",-0.603963809661458
"69659",-0.603996115195489
"66144",-0.604111542899841
"23837",-0.604407714952206
"100418232",-0.604451507258055
"100534274",-0.604451507258055
"110308",-0.604451507258055
"240590",-0.604451507258055
"258597",-0.604451507258055
"665722",-0.604451507258055
"75019",-0.604451507258055
"78753",-0.604451507258055
"100009600",-0.604451507258055
"100039045",-0.604451507258055
"100039544",-0.604451507258055
"100040268",-0.604451507258055
"100042314",-0.604451507258055
"100042605",-0.604451507258055
"100042960",-0.604451507258055
"100043024",-0.604451507258055
"100043312",-0.604451507258055
"100043314",-0.604451507258055
"100043839",-0.604451507258055
"100302566",-0.604451507258055
"100416807",-0.604451507258055
"100417414",-0.604451507258055
"100418009",-0.604451507258055
"100418038",-0.604451507258055
"100418356",-0.604451507258055
"100502746",-0.604451507258055
"100503240",-0.604451507258055
"100503563",-0.604451507258055
"101055903",-0.604451507258055
"101055993",-0.604451507258055
"102635990",-0.604451507258055
"102636989",-0.604451507258055
"105590",-0.604451507258055
"108168840",-0.604451507258055
"110382",-0.604451507258055
"110599584",-0.604451507258055
"110880",-0.604451507258055
"110957",-0.604451507258055
"113853",-0.604451507258055
"11495",-0.604451507258055
"115486879",-0.604451507258055
"115488153",-0.604451507258055
"115488195",-0.604451507258055
"115488796",-0.604451507258055
"115489946",-0.604451507258055
"11625",-0.604451507258055
"11628",-0.604451507258055
"11657",-0.604451507258055
"12477",-0.604451507258055
"12627",-0.604451507258055
"13184",-0.604451507258055
"14343",-0.604451507258055
"14380",-0.604451507258055
"14399",-0.604451507258055
"14836",-0.604451507258055
"15400",-0.604451507258055
"15410",-0.604451507258055
"16183",-0.604451507258055
"16199",-0.604451507258055
"16509",-0.604451507258055
"16634",-0.604451507258055
"16639",-0.604451507258055
"170725",-0.604451507258055
"171226",-0.604451507258055
"17292",-0.604451507258055
"18348",-0.604451507258055
"18534",-0.604451507258055
"19746",-0.604451507258055
"20537",-0.604451507258055
"208256",-0.604451507258055
"208258",-0.604451507258055
"211472",-0.604451507258055
"213570",-0.604451507258055
"22064",-0.604451507258055
"22363",-0.604451507258055
"225852",-0.604451507258055
"228731",-0.604451507258055
"233799",-0.604451507258055
"234673",-0.604451507258055
"234836",-0.604451507258055
"239436",-0.604451507258055
"23968",-0.604451507258055
"243978",-0.604451507258055
"244187",-0.604451507258055
"257887",-0.604451507258055
"257910",-0.604451507258055
"258013",-0.604451507258055
"258105",-0.604451507258055
"258154",-0.604451507258055
"258544",-0.604451507258055
"258547",-0.604451507258055
"258560",-0.604451507258055
"258640",-0.604451507258055
"258673",-0.604451507258055
"258708",-0.604451507258055
"258915",-0.604451507258055
"259035",-0.604451507258055
"26361",-0.604451507258055
"27140",-0.604451507258055
"277203",-0.604451507258055
"277589",-0.604451507258055
"319153",-0.604451507258055
"319170",-0.604451507258055
"319189",-0.604451507258055
"332221",-0.604451507258055
"380780",-0.604451507258055
"381142",-0.604451507258055
"381714",-0.604451507258055
"382097",-0.604451507258055
"382099",-0.604451507258055
"382105",-0.604451507258055
"384360",-0.604451507258055
"384470",-0.604451507258055
"384524",-0.604451507258055
"385495",-0.604451507258055
"387514",-0.604451507258055
"403183",-0.604451507258055
"404319",-0.604451507258055
"435350",-0.604451507258055
"436185",-0.604451507258055
"50701",-0.604451507258055
"52793",-0.604451507258055
"54159",-0.604451507258055
"544990",-0.604451507258055
"545660",-0.604451507258055
"546144",-0.604451507258055
"546387",-0.604451507258055
"546907",-0.604451507258055
"56223",-0.604451507258055
"57253",-0.604451507258055
"574438",-0.604451507258055
"57811",-0.604451507258055
"619973",-0.604451507258055
"620750",-0.604451507258055
"621381",-0.604451507258055
"623374",-0.604451507258055
"623601",-0.604451507258055
"624672",-0.604451507258055
"624855",-0.604451507258055
"627479",-0.604451507258055
"627939",-0.604451507258055
"628002",-0.604451507258055
"628480",-0.604451507258055
"636697",-0.604451507258055
"638453",-0.604451507258055
"64452",-0.604451507258055
"654498",-0.604451507258055
"665036",-0.604451507258055
"665233",-0.604451507258055
"665461",-0.604451507258055
"665632",-0.604451507258055
"666205",-0.604451507258055
"666326",-0.604451507258055
"666334",-0.604451507258055
"666875",-0.604451507258055
"667067",-0.604451507258055
"667277",-0.604451507258055
"667731",-0.604451507258055
"667865",-0.604451507258055
"667906",-0.604451507258055
"668033",-0.604451507258055
"668323",-0.604451507258055
"668576",-0.604451507258055
"668611",-0.604451507258055
"668931",-0.604451507258055
"671994",-0.604451507258055
"672934",-0.604451507258055
"67645",-0.604451507258055
"67687",-0.604451507258055
"67715",-0.604451507258055
"67741",-0.604451507258055
"68280",-0.604451507258055
"70928",-0.604451507258055
"70950",-0.604451507258055
"71037",-0.604451507258055
"71601",-0.604451507258055
"71869",-0.604451507258055
"72431",-0.604451507258055
"73463",-0.604451507258055
"73693",-0.604451507258055
"74472",-0.604451507258055
"74488",-0.604451507258055
"75352",-0.604451507258055
"75514",-0.604451507258055
"75656",-0.604451507258055
"76572",-0.604451507258055
"78128",-0.604451507258055
"78242",-0.604451507258055
"78354",-0.604451507258055
"99571",-0.604451507258055
"67317",-0.604473106254445
"228715",-0.60457696903417
"97961",-0.604885285288139
"17187",-0.604897273077239
"69325",-0.60498459927268
"72392",-0.60499593942778
"233813",-0.605011444778752
"20818",-0.60508344832287
"67149",-0.60511906917918
"228983",-0.605168013343283
"116748",-0.605205847927458
"68800",-0.605284973466077
"19206",-0.60528546352696
"26403",-0.605330363705927
"100043348",-0.605425274291111
"664969",-0.605489442866214
"228876",-0.605527163904343
"15485",-0.605560349135917
"69479",-0.605679542218921
"16980",-0.605706677619288
"76793",-0.605807540540936
"70060",-0.605865569505828
"109620",-0.606126915101995
"240186",-0.606265826270402
"14427",-0.606678033186467
"69049",-0.606761844962251
"70439",-0.6069579612665
"17969",-0.606978356854988
"12747",-0.607206681263311
"70333",-0.607234655475739
"68867",-0.607241137260376
"21907",-0.607357318959793
"68327",-0.607421726704397
"244654",-0.607432820341606
"73447",-0.607618229280478
"216705",-0.607696960410372
"68938",-0.607846231155924
"66972",-0.607930217703308
"226422",-0.607963710694994
"234683",-0.608478901500877
"16580",-0.608489377548662
"104348",-0.608510907746742
"14400",-0.60854520617197
"21769",-0.60865717932833
"432537",-0.608696084394259
"75541",-0.60879050996809
"791411",-0.608817449812137
"68603",-0.608818067566128
"74521",-0.608870499460499
"72900",-0.608875122074377
"12715",-0.608959496194805
"677205",-0.608959496194805
"22776",-0.608969029880586
"17869",-0.608979995865963
"26411",-0.609028944035725
"69219",-0.609270324128676
"214292",-0.609281210869792
"627280",-0.609341989031843
"66341",-0.609341989031843
"228607",-0.609529739731393
"13123",-0.609664598207068
"15468",-0.609686440263616
"320352",-0.60972267589443
"20410",-0.609840385434752
"258538",-0.609951400005175
"66525",-0.610118744591363
"66860",-0.610200421362463
"67809",-0.61050142960714
"225471",-0.610510490933343
"52033",-0.610596915481191
"74453",-0.610663116663274
"218975",-0.610695748527143
"21828",-0.610706631909303
"213575",-0.610722082009464
"12042",-0.610874278749655
"11567",-0.610943545102008
"66156",-0.611007753522552
"381077",-0.611091978051293
"72739",-0.611178771059767
"57274",-0.611309244626313
"666938",-0.611339834419482
"20356",-0.61149027751267
"230721",-0.611593072889223
"98985",-0.611775371048607
"245474",-0.61184777278909
"237360",-0.611926254286444
"64144",-0.612127731792506
"380702",-0.612137731260842
"67629",-0.612238412001692
"12489",-0.612307938499186
"68035",-0.61233327075273
"57437",-0.612434103299289
"21399",-0.612608088619263
"381560",-0.612658725178094
"20670",-0.612660930723092
"230971",-0.612678091927105
"110784",-0.612744132621673
"67103",-0.612853676630537
"74191",-0.612947253612858
"320951",-0.612955681827668
"67586",-0.613004094795806
"12012",-0.613231593632634
"75665",-0.613254741362358
"382010",-0.613301917979119
"12445",-0.613355213020767
"63955",-0.613567469973563
"68537",-0.613582461688726
"67501",-0.61372032867973
"20665",-0.613894388799787
"67943",-0.613989003425957
"17179",-0.614187329140903
"67847",-0.614315470209502
"241391",-0.614317505105974
"258068",-0.614626794527554
"70567",-0.614631571035611
"12334",-0.614637059062064
"17120",-0.614715360692281
"16571",-0.614753958205089
"434128",-0.614776120704022
"18972",-0.614954650581313
"21340",-0.614996466808742
"60363",-0.615025510344178
"231633",-0.61505685421207
"11766",-0.615059111760876
"100503854",-0.615328470275901
"54698",-0.615488403518414
"22248",-0.615509585566339
"12931",-0.615655907786586
"53978",-0.615675766609043
"433686",-0.615704246022507
"217738",-0.616002025319648
"415115",-0.616015700867333
"214639",-0.616030448613913
"226178",-0.616180069627192
"107869",-0.616221074117199
"330502",-0.616583400274852
"22327",-0.616698813152647
"69225",-0.617258151331636
"114229",-0.61726576930119
"54006",-0.617379485853168
"193838",-0.617443912876891
"74025",-0.617461735828663
"109222",-0.61748473405415
"242022",-0.617559651419743
"13877",-0.617632276935111
"330963",-0.617677295653985
"224572",-0.617742840303375
"54342",-0.617824984994263
"619309",-0.61784528165591
"15547",-0.617920890037306
"208990",-0.617955696044662
"20192",-0.618043451802737
"106052",-0.618098726021972
"69953",-0.618274369041059
"170765",-0.618423709824999
"75495",-0.618479688131302
"27376",-0.618505017763287
"20341",-0.618621367592784
"215707",-0.618691362850698
"234086",-0.618695035912869
"209760",-0.618757048705349
"286940",-0.619159893251577
"56310",-0.619314191359321
"28250",-0.619398928591937
"12417",-0.61974792066833
"20662",-0.619916101732389
"68527",-0.619926045372749
"12960",-0.619999504277226
"11737",-0.620098807021028
"546143",-0.62010657822507
"258934",-0.620130164812156
"14369",-0.620369155278507
"56720",-0.620409334751468
"73910",-0.620488100911334
"13016",-0.620896952850467
"214579",-0.621165577512635
"72254",-0.621231092445842
"67122",-0.621247898873428
"13590",-0.621251228378276
"20438",-0.621263100502873
"100039110",-0.621324361856013
"20497",-0.621324361856013
"20411",-0.621382969704535
"71233",-0.621438742028674
"109229",-0.621447626992377
"320974",-0.621449149054148
"227290",-0.62147856920063
"269717",-0.621605137417152
"224703",-0.621685687823465
"12750",-0.621758613944112
"78304",-0.621912941185175
"67752",-0.622020255833523
"30841",-0.622112974536705
"106840",-0.622131412461994
"14923",-0.622158923834415
"93697",-0.622171670666985
"105855",-0.622283937939515
"16706",-0.622394347243396
"15077",-0.622531921101593
"102637366",-0.622562674915824
"69386",-0.622743999903148
"108802",-0.622843187822605
"68981",-0.62321184206961
"330460",-0.623283889259697
"74116",-0.623375634843675
"102635744",-0.623610153916332
"14172",-0.623644337551458
"208198",-0.623723031423837
"235312",-0.623736125617546
"329003",-0.623771623557541
"223646",-0.623957343174867
"229672",-0.624065979970958
"74183",-0.62407138170608
"230810",-0.624151801652179
"72654",-0.624305961622556
"258359",-0.624421429908315
"67011",-0.624761994299197
"353208",-0.624916211795917
"217707",-0.625011009545187
"70123",-0.625114035360985
"54369",-0.625117771453471
"17173",-0.625375179016964
"353188",-0.625531194987108
"66353",-0.625828551271226
"13731",-0.625878403685629
"56529",-0.626138560802414
"66916",-0.626337858890049
"66599",-0.626422941190737
"226594",-0.626430329270221
"19384",-0.626458917498644
"74206",-0.626494603042674
"110789",-0.62650989814924
"66583",-0.626543225610566
"258379",-0.626864003761229
"99138",-0.626953745530151
"93684",-0.627084940477575
"22255",-0.627113439743836
"75416",-0.627365137661891
"14598",-0.627451022324889
"104445",-0.627476650443021
"12857",-0.6275303003128
"54394",-0.627567539993379
"224143",-0.627587202371094
"105348",-0.627639183281261
"51944",-0.627745550940436
"624863",-0.627774649213967
"67980",-0.627897276593558
"170761",-0.628076274038866
"20843",-0.628202645598331
"243816",-0.628449999406357
"72981",-0.628524083107916
"20737",-0.628616281452275
"27056",-0.628628241134329
"213248",-0.628742969084681
"627412",-0.628742969084681
"71775",-0.628742969084681
"74574",-0.628742969084681
"19185",-0.628806432057571
"11692",-0.628974344860205
"53320",-0.62898862388704
"546886",-0.628999398894931
"12503",-0.629044391895661
"57267",-0.629075258611942
"66357",-0.62908430381949
"26562",-0.629277980576517
"19338",-0.62930984495649
"20335",-0.629360865300845
"66437",-0.629564802160174
"328234",-0.629621350158515
"217125",-0.629703001279541
"17075",-0.629813522467377
"74338",-0.629860661815571
"319149",-0.629949288816009
"66355",-0.63003611620202
"17932",-0.630072395830356
"19934",-0.630148159418236
"69671",-0.630239613021026
"56264",-0.630438644801828
"52538",-0.630447284655801
"80902",-0.630577636677392
"407785",-0.630754994773398
"100042832",-0.630772407078435
"230075",-0.630848249894947
"621001",-0.630893384840529
"381418",-0.631002912692695
"13040",-0.631008239581471
"18782",-0.631041598900064
"434756",-0.631092529865207
"68480",-0.631101402805296
"17984",-0.631212933580079
"11906",-0.631230694328331
"52502",-0.631299258878834
"170460",-0.631308292529329
"259279",-0.631351815882828
"67800",-0.631395776454047
"68511",-0.631404098987237
"67238",-0.63161748422827
"18559",-0.631669964581018
"26572",-0.631897491920592
"330409",-0.631898536719233
"268749",-0.632028774602488
"68523",-0.632076846305847
"19125",-0.632086329313245
"226976",-0.632105321422594
"66373",-0.632186731492822
"72775",-0.632194582121257
"56048",-0.63222217315613
"69900",-0.632309610990865
"101359",-0.632344970034043
"72157",-0.632398763046948
"80288",-0.632462796355915
"56294",-0.632500304459151
"11688",-0.632536245496142
"258817",-0.63267383876222
"52563",-0.632740369262623
"64214",-0.632941593003875
"20363",-0.633295143049871
"64242",-0.633471189318597
"22061",-0.633504915236749
"93742",-0.633651800066739
"668923",-0.633668868203512
"15257",-0.63393334670638
"51960",-0.633937814719761
"102638448",-0.634150737918921
"235505",-0.634190585374092
"68512",-0.634372338029979
"74287",-0.63440330591933
"16554",-0.634433299419451
"432763",-0.634444062337517
"228961",-0.634454591082548
"18260",-0.634534879359758
"58240",-0.634538100208235
"19186",-0.634599041233995
"628147",-0.634606761800736
"78670",-0.634695749572139
"69398",-0.634735754482181
"100042812",-0.634950268223053
"232089",-0.635017932941787
"227736",-0.635066601443855
"330657",-0.63517126614664
"109979",-0.635234625140601
"66169",-0.635254027727158
"57257",-0.63525930119984
"66049",-0.63539915897292
"66892",-0.635531054409546
"74934",-0.635537197538339
"109342",-0.635587632010282
"14934",-0.635587632010282
"228839",-0.635648873401378
"77569",-0.63566664531407
"244198",-0.63572098429974
"330361",-0.635952132065189
"100039452",-0.636219658648367
"213452",-0.636264351643793
"70257",-0.636331344088063
"20444",-0.636418510818664
"100417939",-0.636526010990781
"665114",-0.636526010990781
"68918",-0.636528410132977
"12643",-0.636574838913597
"76373",-0.636654788364704
"12856",-0.636692865470866
"27374",-0.636780203418262
"20286",-0.636914733069714
"211535",-0.63692613861261
"66442",-0.637016850733677
"80904",-0.63703880900866
"14600",-0.637084391242069
"170461",-0.637211703279748
"59126",-0.637377043969718
"22346",-0.637582910105443
"272322",-0.637880157093257
"17988",-0.63800831181826
"100041511",-0.638074463445798
"83435",-0.638100048978967
"237362",-0.638113625361054
"26407",-0.638146863780426
"110323",-0.638372654458958
"16426",-0.638431979199161
"69259",-0.638609844823918
"668010",-0.638635078139833
"27965",-0.638655243588463
"234740",-0.638734523338478
"72560",-0.639011990489563
"68750",-0.639046630655716
"12442",-0.639206028836401
"100417431",-0.63934826797142
"237930",-0.639440671313689
"19660",-0.639484121789313
"258784",-0.639484121789313
"16956",-0.639577971885268
"20303",-0.639589512684858
"666407",-0.639589512684858
"71885",-0.639612514516722
"67070",-0.639631935807184
"142687",-0.639634507089765
"545216",-0.639634507089765
"72931",-0.639664628549718
"101835",-0.639876833724334
"50849",-0.639997786474132
"242585",-0.640114105414147
"268709",-0.640369370287523
"18590",-0.640449256765335
"22718",-0.640468949460802
"240479",-0.640475459164878
"227695",-0.640546289462564
"66052",-0.640553966396308
"56210",-0.640634081452383
"22700",-0.64063983540808
"228913",-0.640796416699834
"100042074",-0.640846752789142
"666348",-0.640860791198761
"246104",-0.641268044326134
"18155",-0.641283656724407
"70315",-0.64147542671141
"234404",-0.641575270747066
"241639",-0.641618262620368
"14712",-0.641706358447495
"211429",-0.641867788137723
"193452",-0.642057277628527
"54673",-0.642225752082066
"68098",-0.64231098267855
"226781",-0.642480294131124
"100038991",-0.642498689489251
"14559",-0.642509017047477
"226151",-0.642547981481886
"22138",-0.642592695938156
"241556",-0.642663566517344
"76302",-0.642751343250276
"223774",-0.642849148256179
"14228",-0.642904343403197
"56078",-0.642933057654286
"85030",-0.643048787976626
"76775",-0.643088182509542
"100416111",-0.643317826333589
"69672",-0.643418180052184
"53859",-0.643474489480448
"84113",-0.64348893284956
"100678",-0.643637670067878
"23873",-0.643835138106569
"52004",-0.6438355361197
"381260",-0.643928818603138
"210711",-0.644001379811354
"77352",-0.644071633657349
"56551",-0.644238792891085
"231801",-0.644357880042721
"76448",-0.644408209237617
"228151",-0.644483931160492
"12659",-0.644631101509167
"434047",-0.644686697664759
"66383",-0.644746229009976
"17345",-0.644834898927566
"67949",-0.644835590208032
"214505",-0.644914766839279
"14580",-0.64494378944277
"115487806",-0.645470455518513
"72148",-0.646091911354783
"73750",-0.646237833811893
"115490131",-0.64627202304437
"16978",-0.646280272320482
"109552",-0.646534111743099
"66396",-0.646604472171957
"71995",-0.646804144954755
"56726",-0.646960709333729
"66500",-0.646962354751624
"19267",-0.646973059140459
"20947",-0.646974260386793
"17940",-0.646986663495792
"77605",-0.647058712644513
"19682",-0.647294308782518
"229320",-0.647567666652
"403180",-0.647593116311714
"100041574",-0.647721387888302
"258661",-0.647943066554009
"242037",-0.647973401825564
"71963",-0.648229603912573
"73668",-0.648386720959796
"231151",-0.648406338820712
"72754",-0.648407393941756
"59092",-0.648579565251137
"14065",-0.64860971272397
"68344",-0.64860971272397
"270906",-0.648671678323449
"68775",-0.64879597882189
"225160",-0.649008275250073
"384185",-0.649061206792968
"101966",-0.649083147219992
"77006",-0.649138941842952
"69684",-0.649297637273292
"93696",-0.649357994577844
"260301",-0.649431871431604
"73301",-0.649793737096036
"20400",-0.649798474096738
"18205",-0.649920669529246
"665562",-0.65003405851267
"14409",-0.65010128214644
"12391",-0.650505283526178
"69709",-0.650549818638902
"213012",-0.650773698606106
"70810",-0.65078696676121
"258325",-0.651036500310691
"107522",-0.651089868958345
"19944",-0.651135456153221
"66480",-0.651764906775508
"77125",-0.651770368768214
"73721",-0.651921477616267
"70153",-0.651958253788562
"229504",-0.652010481692173
"70394",-0.652082725005959
"68118",-0.652194814763114
"269854",-0.652258819013033
"67553",-0.652466070586021
"114664",-0.652587406531565
"57266",-0.652689268033515
"17025",-0.652704017036151
"103534",-0.652758502912668
"109075",-0.652771580139585
"17750",-0.653199221632436
"66094",-0.653410702064193
"67216",-0.653480125679271
"225929",-0.653489920953366
"11629",-0.653510211506178
"224650",-0.653608664253289
"223499",-0.653755579398768
"243078",-0.653964671171786
"75465",-0.654066054108291
"66978",-0.654191226204341
"16681",-0.654296655688885
"259089",-0.654407036796582
"237806",-0.65447832373965
"232406",-0.654511438798225
"14247",-0.654576051674404
"74211",-0.65467874051083
"21763",-0.654985533288018
"77041",-0.655045288578139
"380967",-0.655061366418923
"78250",-0.655331547514181
"80290",-0.655669774739166
"17304",-0.655678923676821
"76406",-0.655748154586681
"75799",-0.655837975176394
"258994",-0.656063859973931
"70316",-0.656089282423578
"108169063",-0.656101392024491
"14913",-0.656233593289886
"215772",-0.656243473093616
"223970",-0.656497733196587
"22031",-0.656539079110503
"68385",-0.656649330404279
"103988",-0.65688221228513
"85308",-0.656910557888001
"69681",-0.657058386062955
"74482",-0.657065968512958
"80859",-0.657229841541548
"97820",-0.657677171118218
"66552",-0.657722930949293
"320376",-0.658050727328039
"333670",-0.658112487554802
"112415",-0.658124579441927
"100416812",-0.658162812577306
"100417000",-0.658162812577306
"100418037",-0.658162812577306
"115488632",-0.658162812577306
"258231",-0.658162812577306
"258420",-0.658162812577306
"328451",-0.658162812577306
"432466",-0.658162812577306
"629794",-0.658162812577306
"667014",-0.658162812577306
"69397",-0.658162812577306
"115489547",-0.658172368638779
"65103",-0.658414563408261
"432572",-0.658528112619482
"78896",-0.658686204921293
"23829",-0.658911745168307
"22245",-0.658958150661506
"67027",-0.6590288423579
"11517",-0.659047185748999
"13195",-0.659063610777877
"66136",-0.659065624694104
"56289",-0.659251591621306
"242687",-0.659514837982493
"20383",-0.659546484969529
"333315",-0.659572532004373
"14632",-0.659621270641906
"11974",-0.659623931774582
"223775",-0.659737225728223
"20668",-0.659824489030127
"71240",-0.659883756974346
"235633",-0.659960622597883
"319178",-0.660058062974136
"77219",-0.660149627197326
"105787",-0.66016511392509
"11936",-0.660354169551315
"66686",-0.660383069398874
"100039899",-0.660418530490234
"276952",-0.660546113902188
"19766",-0.660593524451545
"68092",-0.660625631112856
"66523",-0.66067161660859
"15388",-0.660774236927347
"12864",-0.660844234631735
"140743",-0.660858451855338
"19698",-0.660953404082057
"21386",-0.661036600415283
"286942",-0.661303428655706
"68691",-0.661693080620792
"211896",-0.661727335883605
"77951",-0.661826800687424
"245469",-0.66183315254931
"69812",-0.661911153290752
"66612",-0.662196062451677
"75692",-0.662211832243312
"70772",-0.662341308675875
"233410",-0.662425050594575
"214301",-0.66244479846449
"16763",-0.662456100035721
"14272",-0.662582386939189
"211586",-0.662695183605094
"229603",-0.662735004300388
"56338",-0.662856175744521
"56868",-0.662866910273421
"19885",-0.66309918980888
"100088",-0.663200091722972
"20747",-0.663219277087929
"228592",-0.663279562721001
"79235",-0.663398211918363
"433515",-0.66340584572189
"66192",-0.663467405159221
"14339",-0.66385258524368
"68396",-0.663872458503352
"664911",-0.663979308595438
"237523",-0.664064516861542
"100504309",-0.66407787499051
"223267",-0.664175062727365
"67592",-0.664180292680556
"67270",-0.664283319496515
"66793",-0.664361573373261
"26457",-0.664373178560063
"70544",-0.664907413353764
"17349",-0.664945720850116
"24075",-0.665078910073504
"408066",-0.665158216327126
"11364",-0.665279657354702
"93843",-0.665327033650048
"110854",-0.665531905511358
"320204",-0.665670082651866
"11891",-0.665713701331709
"14269",-0.665728496575591
"270118",-0.666060121000332
"12236",-0.666086691656857
"68023",-0.66611865571321
"68576",-0.666168446655783
"56441",-0.666196551272338
"73649",-0.666223875825852
"26941",-0.666249845966736
"319651",-0.666375638880329
"56642",-0.666476360984894
"67704",-0.66653962499502
"66866",-0.666547581783936
"110173",-0.666607126886063
"50928",-0.666647138964515
"66427",-0.666676244773849
"26396",-0.666820608220187
"665181",-0.666830782141806
"67472",-0.666878847203593
"66359",-0.666882880843803
"217666",-0.667237308628858
"28077",-0.667260658074977
"216766",-0.667291108281732
"17777",-0.667566624742081
"56381",-0.66759887986396
"228875",-0.667651846299081
"246086",-0.667765477035052
"245643",-0.668080358914191
"67652",-0.668184186052544
"231452",-0.668219237294678
"16456",-0.668348059667978
"76974",-0.668383863757486
"330671",-0.668528448611748
"317758",-0.668567418748077
"20215",-0.668673091901427
"257635",-0.66870040294265
"217333",-0.668701364687349
"619548",-0.668752189269252
"18420",-0.668813523899151
"68920",-0.668953276843477
"20520",-0.668966230520573
"100040898",-0.668998838352456
"21982",-0.669108456498502
"56844",-0.669239232453502
"68618",-0.669362587372399
"12962",-0.669480340546491
"233186",-0.669947343506632
"68611",-0.670035316001509
"213550",-0.670252008548749
"14325",-0.670307194611927
"73711",-0.670331014162025
"94176",-0.670579846262056
"14283",-0.670753030962389
"66801",-0.670844117921096
"72503",-0.670926498063488
"22092",-0.670953321115366
"83766",-0.6714588086038
"11553",-0.671528524524379
"14623",-0.671586420035866
"230125",-0.672004560449063
"18027",-0.672018968871586
"59047",-0.672102883573552
"94185",-0.672199878633902
"73736",-0.672244807227257
"22590",-0.672246038545097
"71831",-0.672451839858955
"67417",-0.672458254826638
"243963",-0.67246940283648
"66912",-0.672575542593236
"100040970",-0.672757876877354
"67860",-0.672965295174903
"70134",-0.672992892879753
"76500",-0.673006471501682
"75172",-0.673058299651363
"19018",-0.673070198364929
"21844",-0.673130629233346
"53791",-0.673265985140014
"70312",-0.673267660164992
"16170",-0.673385127888125
"56305",-0.673411206109054
"108737",-0.673420515772792
"107747",-0.673490034112413
"216505",-0.673574167104476
"216441",-0.67377344360679
"66121",-0.673824654441784
"21678",-0.674048608440118
"17390",-0.674075341820704
"14359",-0.674077447999581
"98417",-0.674089009148758
"23877",-0.674270806834654
"67513",-0.674395194452917
"78748",-0.6743968433786
"20768",-0.674581441835401
"218518",-0.674645412635182
"66163",-0.674853262223049
"26559",-0.675062634428141
"21743",-0.67509686967774
"59028",-0.675108252018876
"50525",-0.675125482868896
"14164",-0.67518764814068
"15564",-0.675331617752761
"67797",-0.675564807595229
"102640707",-0.675639826717625
"15212",-0.675650657944742
"28028",-0.676122028619988
"16421",-0.676169655310969
"50524",-0.676271706775141
"230393",-0.676339354051757
"13063",-0.676401757938398
"17768",-0.676438671418932
"70127",-0.676446439797573
"68294",-0.676751647491248
"18770",-0.676757423102767
"54368",-0.67679466489676
"208431",-0.676799367410944
"67885",-0.67683475212263
"668225",-0.676950949801483
"23991",-0.676956242857225
"110213",-0.677153024420318
"243628",-0.67721093040137
"56496",-0.6774034495815
"238055",-0.677487759591177
"69952",-0.677517205557495
"70599",-0.67761678847708
"76261",-0.677664289513693
"244653",-0.677734330949601
"259300",-0.677800227616073
"67432",-0.678313909311496
"80903",-0.678324643814789
"105246961",-0.678332547761979
"68082",-0.678538699248207
"628308",-0.678698694006335
"18676",-0.678733980221239
"68544",-0.678918726635536
"73826",-0.678955523819463
"78890",-0.678998376811288
"378425",-0.679008188896801
"170716",-0.679033761710972
"55989",-0.679085293374154
"20918",-0.679115234261256
"235281",-0.679134417155795
"83430",-0.679147058843639
"67451",-0.679174974205444
"74600",-0.67926805849017
"234779",-0.6794737541957
"14560",-0.679542674378696
"258580",-0.679643844518212
"11770",-0.679669869102769
"97165",-0.679704892370854
"66364",-0.679874225473136
"216848",-0.680185782600193
"66248",-0.680219869850872
"245884",-0.680567405260886
"22689",-0.680567773861994
"94061",-0.680925140885228
"14170",-0.680993308778495
"18022",-0.680993308778495
"18186",-0.681011877168421
"101055983",-0.681177083862636
"13492",-0.681284841999894
"69692",-0.681340252065052
"75124",-0.681363132183808
"67869",-0.681417036687117
"12352",-0.68179934461214
"69028",-0.681845977868946
"19881",-0.682005827293749
"20932",-0.682260361795405
"68735",-0.682266504214757
"69368",-0.682291495324857
"381741",-0.682551420067491
"106143",-0.682599273268431
"664994",-0.682738437449349
"11532",-0.682751046795598
"72123",-0.682816637083123
"100503572",-0.682876984241934
"241919",-0.683031792473053
"79456",-0.683037837312494
"380785",-0.683074591218291
"68859",-0.68319254160537
"73472",-0.683203871216432
"17909",-0.683380938792108
"218232",-0.683482190982266
"71795",-0.683517481899304
"171249",-0.683588426375859
"114774",-0.683653590387199
"266692",-0.683686841433468
"258958",-0.683778723245637
"50493",-0.68384548453055
"19823",-0.683874586861505
"13430",-0.683925593309477
"74004",-0.683990419218867
"19170",-0.68401707765127
"14066",-0.684034618800907
"66816",-0.684035186523093
"27426",-0.684064822889636
"12514",-0.68408845914295
"320817",-0.684099494080843
"231287",-0.68413206621389
"668668",-0.68416420697693
"17274",-0.684341200514043
"70314",-0.684362390210643
"106248",-0.684450412482651
"14366",-0.684531724021037
"68045",-0.684546891506123
"668118",-0.684750884237638
"108167848",-0.684958568417822
"23971",-0.684968326019527
"66637",-0.685183773039597
"20276",-0.685462368375105
"73490",-0.685596411927492
"75965",-0.685597210644376
"56790",-0.685747244651482
"268301",-0.685860103066046
"20481",-0.685968094607901
"15461",-0.685987119754147
"229600",-0.68613934208989
"20430",-0.686144071135528
"75782",-0.686178445163165
"14373",-0.68624319985028
"100310809",-0.686417692514133
"246694",-0.686465710564059
"214424",-0.686565246893439
"67771",-0.686757470230253
"16798",-0.686826098618332
"108660",-0.686922016964119
"26563",-0.687020897670732
"14426",-0.687114360218696
"14729",-0.687116786716924
"407788",-0.68717330544886
"74153",-0.687252248134609
"100087",-0.687274548647573
"240690",-0.687336407307589
"243362",-0.687344318402582
"108654",-0.687362635045217
"212627",-0.687413614771575
"12238",-0.687477674770722
"64297",-0.687506884016076
"68121",-0.68754803512662
"13611",-0.687624926311116
"56456",-0.687627798493924
"11840",-0.687729863376789
"57810",-0.68778021709863
"22712",-0.687791140357132
"67444",-0.687819503973043
"13716",-0.688078802916381
"100042008",-0.688081585374501
"100534383",-0.68842274958292
"280645",-0.68857709405673
"668620",-0.688725037657592
"225845",-0.688769097837513
"18673",-0.688817870321405
"11867",-0.688828831893118
"245902",-0.689176298368808
"217012",-0.689223408839108
"21417",-0.689235947399162
"56795",-0.689322657801683
"100040633",-0.689329680726422
"64704",-0.689487271582272
"67956",-0.689629497844846
"14725",-0.689729124631866
"328759",-0.689771450340951
"68565",-0.689799561098547
"66181",-0.689904011852137
"14676",-0.689984533968573
"241112",-0.689990419510845
"676984",-0.690019131060267
"107993",-0.690215773352123
"242960",-0.690237034114629
"240444",-0.690256188129391
"21981",-0.690370591518748
"434130",-0.690403241897805
"226861",-0.690485953160703
"101631",-0.690751940514428
"102638882",-0.690839090747601
"74762",-0.691110982830055
"20931",-0.691129020468813
"15904",-0.691289943303463
"53600",-0.691462128214333
"74264",-0.691585672286768
"230584",-0.691798110837302
"16582",-0.691809544514985
"69740",-0.691889955332072
"66402",-0.691961772659781
"56787",-0.691978034728641
"20911",-0.692019296613142
"246277",-0.692020169180357
"54156",-0.692166509692674
"210853",-0.692340537316249
"108160",-0.692377364524783
"56282",-0.692465307608555
"224656",-0.692567878004078
"225283",-0.692627620586158
"214663",-0.692701777055164
"69774",-0.692730227142161
"22171",-0.692733818215994
"15171",-0.692830067346473
"258601",-0.692830067346473
"330149",-0.69322759045739
"22268",-0.693299041811299
"192285",-0.693320912923871
"66268",-0.693421224332496
"622480",-0.693489385339219
"14760",-0.693679974310083
"20610",-0.693704522836753
"26558",-0.693893804605897
"11951",-0.694102012294622
"24105",-0.694132278439959
"108682",-0.694219328479171
"22673",-0.694290598640461
"72039",-0.694349387974472
"57330",-0.694784688149234
"67922",-0.69484370815805
"216188",-0.694923019628855
"12633",-0.69497772343871
"15223",-0.695048989913423
"80291",-0.695175243823826
"19289",-0.695323739210784
"637898",-0.695410990879789
"18993",-0.695442862431921
"94254",-0.695482255744272
"102334",-0.695683007033223
"12340",-0.695755143069687
"56190",-0.69583470627225
"52521",-0.696080774100624
"330260",-0.696169703373543
"12370",-0.696216174041605
"242253",-0.696277308487093
"14635",-0.696289401810559
"242259",-0.696293370512934
"140570",-0.696475664267681
"14017",-0.696539766400819
"14056",-0.696561010926657
"66212",-0.696828644405491
"628061",-0.696884032353762
"225583",-0.697068764284902
"667617",-0.697102069802941
"16876",-0.697153021572851
"631624",-0.697241166143639
"109754",-0.697419073507438
"21835",-0.69759469028947
"106957",-0.697628408110637
"73526",-0.69769178346996
"232441",-0.69775088513165
"67607",-0.6978563727584
"23802",-0.697869004457467
"20324",-0.69810640891333
"215210",-0.698133421563143
"56309",-0.698679524971413
"100042634",-0.69873161991418
"100039139",-0.69874446098266
"229697",-0.698972283549587
"353327",-0.698972283549587
"77669",-0.699032500058887
"22278",-0.699265233942594
"66206",-0.69933568720422
"67010",-0.699470839574787
"75705",-0.700006639488314
"66147",-0.700093686887432
"244911",-0.700225998744102
"100609",-0.700309186042698
"434426",-0.700553343832188
"50873",-0.700748860760201
"382207",-0.700780761857928
"109857",-0.700796419759539
"69718",-0.700877222213687
"234396",-0.700877568357966
"66366",-0.700878620330123
"74107",-0.700884662709484
"245527",-0.700890000703306
"14356",-0.700928965658973
"20562",-0.70103317766432
"18203",-0.701195053918743
"242408",-0.701295564366615
"68153",-0.70137061258047
"20655",-0.701538526705485
"110417",-0.701589828336265
"113523645",-0.701603443019698
"58809",-0.701687642163839
"67442",-0.701910773500256
"72747",-0.70212912316801
"66044",-0.702197621394012
"17434",-0.702495198052977
"24013",-0.702627295594041
"100039198",-0.702689111425377
"20318",-0.70273878173967
"545085",-0.702887950735325
"72008",-0.703088008664987
"665574",-0.703205201111917
"100042450",-0.703345084201342
"100039706",-0.703485776354426
"73453",-0.703485776354426
"69019",-0.70361104446303
"100043296",-0.703832186338366
"382056",-0.703837128601895
"26443",-0.704044331583545
"81535",-0.704056128085334
"14229",-0.704271833856418
"50874",-0.704567354431407
"67264",-0.704642217210493
"18830",-0.704784427483959
"57742",-0.704875138306338
"237730",-0.705063316511742
"269529",-0.705064493100374
"72507",-0.705135072720294
"100039571",-0.705214555985905
"259277",-0.705319883178348
"18976",-0.705701400793553
"12774",-0.705711434580185
"100042480",-0.705988470791118
"214931",-0.706028098508312
"74747",-0.706070625106642
"12971",-0.706152104895473
"75422",-0.706202458859626
"67371",-0.706324225558941
"12868",-0.706572634142828
"56626",-0.706645895221264
"68695",-0.706685604589648
"103140",-0.706934933109042
"212190",-0.7069354647244
"19891",-0.707126563526524
"208647",-0.707166812826372
"20255",-0.707173790766608
"100503949",-0.707211970307084
"13358",-0.707334365732717
"242785",-0.707398189819737
"65963",-0.707445601082341
"100040123",-0.707540402156347
"69666",-0.707801175207255
"20364",-0.707888059433466
"21371",-0.708248130456423
"68133",-0.708485636436823
"52609",-0.708627574542126
"70997",-0.708770158455066
"76976",-0.708868565894022
"70853",-0.708914779071734
"210004",-0.709186711054082
"67181",-0.709197360248656
"66286",-0.70923546631316
"108653",-0.709238802273731
"27681",-0.709579387240704
"231086",-0.709746334834094
"27028",-0.710352395267586
"67044",-0.710503015399124
"99334",-0.710762727401927
"13660",-0.711017926395102
"108671",-0.711240879544799
"54409",-0.711436553001231
"12465",-0.71156039944478
"76947",-0.711575445840944
"100039707",-0.711843149486055
"320333",-0.711965078139296
"101772",-0.711967918800475
"232680",-0.712037171336928
"230163",-0.71205949827654
"328019",-0.712104343237654
"101351",-0.712174875567826
"13202",-0.71217799445958
"69269",-0.712178781260317
"18818",-0.712324567720712
"434402",-0.712336812437096
"382051",-0.712394356579989
"66208",-0.712395690539361
"19143",-0.712522586514936
"80860",-0.712544684140989
"12564",-0.712651087004888
"78317",-0.712788763349725
"235406",-0.712920938097766
"13619",-0.712998006740787
"14563",-0.713052736331448
"67105",-0.713204120743398
"26914",-0.713240012940361
"66403",-0.713292115692093
"19205",-0.713299198203894
"78600",-0.713457221666198
"69034",-0.713519528122802
"328845",-0.713729452137738
"258027",-0.713803173057378
"66112",-0.713873434302842
"76615",-0.71403480414376
"26432",-0.714165591204074
"18000",-0.714243661598198
"625929",-0.714374989492665
"624866",-0.714392966782008
"20615",-0.714689735611935
"101488143",-0.714722640071822
"19356",-0.715065425888858
"17188",-0.715329504653283
"27359",-0.715356010250505
"72333",-0.715775201058276
"230822",-0.715813570533147
"319181",-0.715861803433523
"212647",-0.715905249087771
"66483",-0.715989589551059
"15562",-0.716022049051557
"58226",-0.71604044141415
"102595",-0.716282647336798
"546981",-0.716450681744671
"23890",-0.716709662037439
"70152",-0.716870397497275
"106572",-0.716971647885494
"212943",-0.717028949740217
"66706",-0.717111981560535
"12683",-0.717115336085478
"546298",-0.71714921315711
"110695",-0.717399864184217
"214084",-0.717530152037455
"666766",-0.717676289551213
"20203",-0.717706765043885
"69537",-0.717783190303512
"73747",-0.718039796511897
"29871",-0.718169894849737
"433687",-0.718429027356873
"12425",-0.718443402832845
"102635008",-0.718500822270759
"234736",-0.718558799240442
"207740",-0.718835487740369
"382077",-0.718842479319645
"101056073",-0.718848982878655
"27632",-0.719052191988391
"74387",-0.719083895414179
"236732",-0.71920805665232
"243302",-0.719212116635545
"71159",-0.71923574018978
"626848",-0.719267996164916
"319179",-0.71928282043408
"209630",-0.719394686197645
"66681",-0.719567997570737
"12861",-0.719755769793936
"71753",-0.719777056775195
"71827",-0.720287078596501
"112405",-0.720324059740662
"20666",-0.720328324649909
"100417906",-0.720471317557592
"100503584",-0.720787075151712
"258806",-0.720787075151712
"545306",-0.720787075151712
"546644",-0.720787075151712
"629436",-0.720787075151712
"666420",-0.720787075151712
"18491",-0.720974640565369
"12228",-0.721008951348273
"56088",-0.721015473698009
"13051",-0.721125144133179
"70417",-0.721209579612141
"17863",-0.721290548951482
"14727",-0.721295897023182
"21357",-0.721540049658515
"18938",-0.721689276924313
"23882",-0.721746557227225
"77519",-0.721851474113522
"68514",-0.721861992847638
"30878",-0.721877924781755
"116872",-0.721975620200096
"101358",-0.722184148525575
"171167",-0.722226349950145
"100043209",-0.722231658823111
"16202",-0.722235463525454
"100042179",-0.722284186192168
"100417898",-0.722356956969692
"619441",-0.722384690968259
"224824",-0.722451008338662
"17172",-0.722640848566785
"22694",-0.722654906751426
"384309",-0.722672196688371
"19674",-0.72271282868639
"20807",-0.722862362413475
"213236",-0.722919547004684
"71584",-0.722923155265014
"382867",-0.72332600843055
"234875",-0.723418311012753
"56351",-0.723470033285907
"69627",-0.723489589334082
"20618",-0.723559152621937
"109731",-0.723582962947916
"16873",-0.723973840774181
"270076",-0.724036840406038
"625098",-0.72409262608289
"791260",-0.72410907378385
"240888",-0.724620821691599
"15162",-0.724673210385217
"381284",-0.724723651026193
"212937",-0.724754200742461
"215494",-0.724833070615092
"69527",-0.724905653276204
"14678",-0.724931116807605
"545725",-0.725039568713165
"118568488",-0.725284505257768
"68420",-0.725479545694207
"56358",-0.725626994226712
"214968",-0.725763777559234
"77647",-0.725881768180629
"72022",-0.726024383854707
"20973",-0.726122453802223
"623448",-0.726127823827969
"67068",-0.726166033371109
"19301",-0.726224601424801
"14178",-0.726427755549046
"17960",-0.726457931015396
"67698",-0.726469965459898
"170770",-0.726610383619562
"17035",-0.726828887380981
"75475",-0.726835582781781
"229898",-0.726931632337453
"14533",-0.727238735524436
"28126",-0.727303546681213
"232430",-0.727414121549132
"21808",-0.727446447551726
"212539",-0.7274542272284
"67509",-0.727737290821026
"16878",-0.727781161306374
"23874",-0.727955116200508
"234848",-0.72796764852392
"22343",-0.728053564430389
"100041230",-0.728243282372198
"66853",-0.728403312710353
"66264",-0.728544831882577
"545701",-0.728572570374285
"667609",-0.728638405938575
"338348",-0.728657543411272
"20181",-0.728807785533706
"668218",-0.728823630344507
"268996",-0.72950132249961
"14451",-0.729834599920861
"80891",-0.72984493130117
"72661",-0.729964900705607
"74375",-0.730024398786664
"74551",-0.730444387995882
"52014",-0.730450026044653
"434437",-0.730616137300957
"195208",-0.730643742079697
"628185",-0.730653976029483
"72338",-0.730778176495092
"329581",-0.730784391933796
"381990",-0.730794415564285
"74097",-0.730893919816569
"102238433",-0.730953220428356
"73724",-0.731119315987207
"63857",-0.731271351718976
"72307",-0.731280180358394
"210104",-0.731513314958608
"75784",-0.731634048938922
"76477",-0.731817386355617
"66836",-0.731823730117785
"68764",-0.731885339817893
"105243944",-0.731892408926079
"94279",-0.731972562614364
"233895",-0.732210521648382
"218298",-0.7323583515289
"225631",-0.732458286530078
"57423",-0.732563268721137
"21761",-0.732596248949733
"67673",-0.732698400866174
"66899",-0.732757307069729
"20826",-0.732870885987922
"268729",-0.732872186692702
"56615",-0.73300465043199
"58234",-0.733188502985163
"55979",-0.733192941516043
"66379",-0.733228607333352
"665525",-0.733296991297344
"68801",-0.733345277964248
"108705",-0.733503800130884
"69608",-0.733556188813509
"21944",-0.733604663710326
"320267",-0.733938199189403
"13418",-0.734145146980949
"100042864",-0.734185633175924
"12273",-0.734212989204381
"12166",-0.734280462885602
"74684",-0.734344143007024
"112486228",-0.734413673521774
"244229",-0.734524146399861
"332110",-0.73453631036406
"106628",-0.73456319433294
"94092",-0.734667787403468
"79459",-0.734670177723756
"67414",-0.734688137624257
"18016",-0.734717992302207
"17993",-0.734767819022296
"108138",-0.734776341607914
"19035",-0.734882238743579
"228852",-0.734887827863807
"14707",-0.734990216118692
"380773",-0.735366395407771
"117934533",-0.735367346606704
"380924",-0.735420389885158
"50783",-0.735462739180128
"320825",-0.735535771017974
"73332",-0.735708018271426
"108954",-0.735712942645175
"94218",-0.73583984382668
"21976",-0.735868437290318
"433546",-0.735896412749963
"338362",-0.736085019299985
"109299",-0.736179335574722
"72054",-0.736200424858487
"100034724",-0.736311797471116
"60345",-0.736343067067519
"66869",-0.73644402226779
"15064",-0.736639729947787
"243659",-0.736647778062904
"226359",-0.736774176755859
"27762",-0.736816329158346
"15170",-0.736876257862192
"13017",-0.736879986804103
"68969",-0.736990924608687
"103655",-0.737041076547858
"329375",-0.737212814673579
"66070",-0.737535080207476
"110312",-0.737920954680881
"234384",-0.73800340041366
"16988",-0.73817634656066
"11908",-0.738303907718386
"71564",-0.738537158208095
"98970",-0.738699810908861
"230709",-0.738729511415567
"66407",-0.738780154041408
"79044",-0.738886204738115
"20388",-0.739109041767383
"319482",-0.739109041767383
"50529",-0.73914608189654
"171567",-0.739153836208347
"100043497",-0.739275957933839
"68463",-0.739522890046534
"72017",-0.739812816077733
"104923",-0.739813701856354
"20382",-0.739908889523939
"11656",-0.740026887037785
"56443",-0.740179850903126
"12521",-0.740377371020302
"17772",-0.740432635495811
"20220",-0.740492532671368
"17756",-0.74085314973625
"72368",-0.741177012732215
"67213",-0.741283495787207
"269037",-0.741377303577704
"668799",-0.741408665175254
"353169",-0.741557324167001
"19183",-0.741652207115944
"381917",-0.741680070139728
"72836",-0.741825321151369
"19231",-0.74183026328162
"68889",-0.741987061702275
"73149",-0.742059215117235
"71960",-0.742202181090316
"17202",-0.742326773837498
"93837",-0.742462046685617
"12571",-0.742588221661127
"70584",-0.74267992851516
"104158",-0.742730433126107
"628368",-0.742730433126107
"75573",-0.742730433126107
"19334",-0.742998265691749
"70779",-0.743439329412749
"215001",-0.743759122790904
"12660",-0.74385066009338
"320662",-0.743896595533242
"83433",-0.74405080446588
"21894",-0.74442067132805
"207474",-0.744495418560943
"57896",-0.744578144816304
"16572",-0.74467885667031
"66087",-0.744746477165557
"240239",-0.744802694941739
"16328",-0.744836331997325
"66968",-0.744845423501155
"218739",-0.744996610118455
"52906",-0.745019309239372
"217588",-0.745021479189305
"239570",-0.745022268204008
"68479",-0.745475858003293
"110637",-0.745633979770148
"107227",-0.745676080268656
"233987",-0.74581390504893
"13852",-0.746001213928349
"12193",-0.746261343524176
"27494",-0.746375265966138
"66594",-0.746461396477577
"226352",-0.74646507922087
"67530",-0.746484608085681
"105501",-0.746633598365525
"257882",-0.746691640280526
"212933",-0.746722728421082
"78709",-0.746791215361227
"245526",-0.747022799259611
"19167",-0.747035725008286
"637908",-0.747258197240951
"192734",-0.747390717866903
"104910",-0.747509579187755
"18682",-0.747655569324523
"100039036",-0.747760385322871
"66889",-0.747879732897129
"240832",-0.747985884418151
"66915",-0.748138852176708
"15203",-0.748257790793672
"12192",-0.748287261819944
"67865",-0.748289839239926
"20443",-0.748447770597146
"546903",-0.748607514921866
"67223",-0.748728072688261
"78806",-0.748963804324682
"66048",-0.748965748081399
"13483",-0.749149327344089
"216439",-0.749207640108426
"68066",-0.749313342468997
"72140",-0.749320955677994
"76892",-0.749384385666999
"58187",-0.749423582859963
"328825",-0.74943427427967
"338337",-0.749588286632607
"83796",-0.749672206210216
"72614",-0.749742147283351
"212398",-0.749767962537633
"626596",-0.74983682796919
"268469",-0.749855978820031
"21355",-0.749877695048194
"67085",-0.750011042715335
"14357",-0.750105581326777
"56752",-0.750221814437915
"100040462",-0.75022555054591
"227743",-0.750230870834769
"13864",-0.750369985501037
"228598",-0.750431000813601
"225898",-0.750602551578476
"71452",-0.75062817651314
"56376",-0.750829207677476
"209416",-0.750838407164343
"72947",-0.750864148579449
"14620",-0.750987058481119
"18033",-0.751155467396421
"17706",-0.75115586849687
"170718",-0.751393737397866
"67397",-0.751470089170977
"109624",-0.751505669590101
"654818",-0.751558759827495
"17155",-0.751578681667706
"229285",-0.751670796034207
"71517",-0.751746792555197
"100504234",-0.751805434417949
"54709",-0.751864738119666
"13199",-0.751965897193192
"258786",-0.752038978619161
"217734",-0.752171261524475
"50784",-0.752186235213556
"76491",-0.752544331225746
"103743",-0.752567590773322
"640543",-0.752672768983494
"101488",-0.752724236419003
"29806",-0.752907718169921
"64099",-0.753084489727498
"21952",-0.753654261454916
"52468",-0.753677738905367
"433776",-0.753782171868376
"52665",-0.753801368376156
"16651",-0.75387525319678
"14799",-0.753919644266964
"21816",-0.753999794080278
"319642",-0.754201002715538
"208659",-0.754286626189136
"14790",-0.754472786442113
"414077",-0.754498087739747
"53356",-0.754637941656204
"257938",-0.754801331844965
"13605",-0.754831560064173
"171286",-0.754887262740374
"142980",-0.754898558395055
"50935",-0.754928174033613
"76574",-0.755072936147137
"94066",-0.755109581027605
"665237",-0.755211225482561
"26942",-0.755261595821031
"14873",-0.755262706410327
"434179",-0.755469356484222
"30055",-0.755574137624718
"18816",-0.755644043639688
"669445",-0.755645720639277
"239435",-0.755718370583539
"271813",-0.755844584481177
"99100",-0.755963516691931
"12416",-0.756062203236811
"12339",-0.756154237077397
"654474",-0.756493458546371
"19044",-0.756506576192931
"226250",-0.756552937211872
"67267",-0.756661126450753
"74890",-0.756691236924703
"15078",-0.756726813662895
"227522",-0.756747232385021
"20840",-0.756747930608664
"74096",-0.756787686839357
"81701",-0.75687482291244
"21885",-0.756929074939013
"210503",-0.756944032617905
"66901",-0.756988197796095
"67102",-0.757266873733149
"237823",-0.757737221801387
"75732",-0.75782812870564
"28081",-0.757978503721513
"66522",-0.758119100656518
"232157",-0.75822411646606
"26549",-0.758307205209754
"12649",-0.75835623523986
"74392",-0.758403439440035
"17758",-0.758440040809812
"66412",-0.758457588408317
"320844",-0.758589002037407
"19720",-0.758594880112225
"23833",-0.75889271635265
"258215",-0.758898764632997
"100417181",-0.758900913761262
"17084",-0.759578452357381
"624124",-0.759687018576823
"227622",-0.759703198735633
"109136",-0.759822509730908
"107272",-0.759961423690443
"17095",-0.760032305081028
"67976",-0.760040595409886
"319934",-0.760065502622029
"78977",-0.760109410780768
"67528",-0.760339579193681
"69047",-0.760368963619792
"232156",-0.76055949509261
"57429",-0.760935376660256
"22057",-0.760949582991053
"67788",-0.760981204319175
"76551",-0.761037613095522
"67674",-0.761057912906514
"68275",-0.761138741024685
"73296",-0.761295544492614
"23960",-0.761348999910723
"15528",-0.761554050613237
"407786",-0.761947641473021
"12332",-0.762280862735219
"75454",-0.7624222584153
"20741",-0.762515654127325
"620132",-0.762542965010746
"665366",-0.762572686609988
"12495",-0.762588315630067
"20692",-0.763004677972899
"68332",-0.763040099783611
"192650",-0.763099513248031
"207798",-0.763152169943336
"67332",-0.763225672149558
"57279",-0.763285314727993
"69327",-0.763528846917186
"245537",-0.763640601166868
"100041677",-0.763714790001501
"112406",-0.763802444345255
"11848",-0.763864780030887
"22232",-0.763958243260201
"68270",-0.764110064833064
"66167",-0.764174176923009
"234290",-0.76448591050906
"100359413",-0.764603711948868
"12493",-0.764787961881773
"28193",-0.764978569710632
"72137",-0.765312755792989
"66152",-0.765384042827922
"194309",-0.765490134082293
"56350",-0.765934359119609
"76429",-0.766062639654565
"17921",-0.766419354798407
"71893",-0.766773441177304
"67707",-0.766800387004142
"545938",-0.766878071544396
"227696",-0.767027820875007
"68328",-0.767136031637486
"211550",-0.767192233053973
"216964",-0.767297648730674
"85305",-0.767413634554336
"17192",-0.767469463397223
"94089",-0.767557378644213
"19353",-0.767708476141744
"70497",-0.767713396558389
"108897",-0.76794272699355
"242646",-0.768161987702759
"237082",-0.768415450773058
"21961",-0.768425939315503
"245468",-0.768531351088926
"13618",-0.768589736480861
"69871",-0.768711843447007
"97212",-0.768760899444312
"56702",-0.768769661226572
"227095",-0.768835938967731
"66117",-0.768995464393985
"208263",-0.769061557052527
"17289",-0.769095479810459
"12512",-0.769109277268545
"13135",-0.76913880648934
"193003",-0.769468387817619
"252837",-0.770200778578192
"30058",-0.770237614018121
"16918",-0.770421860465396
"12894",-0.770921118671681
"13602",-0.771076546039367
"21683",-0.771340545544493
"80979",-0.771607512631369
"56401",-0.771829372152592
"99929",-0.771920877832255
"215653",-0.77195022310458
"13643",-0.77196469068334
"69582",-0.772037654918373
"212517",-0.77207610900419
"270757",-0.772224869935061
"665586",-0.772224869935061
"668294",-0.772224869935061
"210009",-0.772252589447045
"66541",-0.772259832305717
"229725",-0.772269349780672
"329828",-0.772454469518043
"68041",-0.772459426825505
"170736",-0.772652976376535
"15369",-0.772680155201181
"215751",-0.773145075728968
"67495",-0.773360001988106
"66059",-0.773439651081737
"382406",-0.773630165007417
"67824",-0.773760635169975
"56087",-0.773902300155201
"56741",-0.773922649954092
"22062",-0.773923117497398
"232146",-0.774043205096998
"78797",-0.774049924945361
"71263",-0.77410146605348
"97761",-0.774153535615036
"13998",-0.774535143725917
"332934",-0.774540381413575
"216292",-0.774587869971083
"319165",-0.774592355899052
"74052",-0.774640866301275
"67808",-0.77473557718593
"208768",-0.774829889285547
"17175",-0.774961822385804
"66313",-0.775259785473498
"20878",-0.775286466299583
"67430",-0.775364992777202
"72273",-0.775559404984127
"210293",-0.775598608338368
"17771",-0.775690845619938
"11431",-0.77573210595197
"22022",-0.775732300403769
"71955",-0.775851335078596
"17246",-0.776033820727929
"67737",-0.776194605856515
"19116",-0.776227157802206
"212124",-0.776250597659644
"16904",-0.776316907143125
"20250",-0.776429029774951
"333329",-0.776552609159185
"73067",-0.776672596279609
"381413",-0.776733049354853
"621699",-0.776842303998743
"18263",-0.776859029962773
"192166",-0.776861793920266
"208613",-0.776916218333793
"59308",-0.77698333786449
"234309",-0.77716758331648
"102633750",-0.777311677173712
"110826",-0.777426918478662
"12790",-0.777769029817891
"71803",-0.777781957028212
"70503",-0.778045003066358
"225638",-0.778308973897902
"16591",-0.778358413474075
"207607",-0.778427479966347
"66218",-0.778452982048436
"212892",-0.778725887653945
"406218",-0.779082645128771
"225896",-0.779108393376838
"27390",-0.779156176759332
"15550",-0.779190982194425
"75434",-0.779277420090165
"320940",-0.779426881082109
"12523",-0.779491489939406
"30794",-0.779634922784686
"56332",-0.779764048373572
"210126",-0.779858937829159
"217371",-0.779953580922706
"100043332",-0.779996370951623
"629152",-0.780027299424955
"110074",-0.780042638219674
"14202",-0.780057862509029
"22637",-0.780066720048299
"75847",-0.780408854517565
"53895",-0.780504525529193
"72083",-0.780982289020601
"118568338",-0.781071644256145
"17748",-0.781117017234748
"53334",-0.781140155183059
"52685",-0.781157799354152
"12614",-0.781398293882188
"67446",-0.781554902266869
"13511",-0.781645986435547
"83409",-0.781971040339218
"259099",-0.782002954223263
"69769",-0.782051849683716
"74499",-0.782130919094652
"27274",-0.782183870763398
"18477",-0.782334250058539
"28106",-0.782345633584567
"16665",-0.782588971875205
"382083",-0.782670204001111
"72135",-0.782707946449934
"53626",-0.782758582614715
"67199",-0.782916379271218
"225825",-0.782922138922455
"258360",-0.782973499269919
"11783",-0.783045814131817
"16691",-0.783172017517975
"67454",-0.783196053388095
"17991",-0.783261956857461
"624198",-0.783325638879013
"268319",-0.783470531846584
"70285",-0.783480663107567
"228608",-0.783509163142245
"433759",-0.783692743934046
"110197",-0.783697984046608
"20511",-0.784006382577024
"50724",-0.784047068829734
"76441",-0.78411952567505
"319984",-0.784303032238496
"432478",-0.784367017242898
"76178",-0.784586814398269
"320827",-0.784722103399865
"104479",-0.784819853893343
"100040745",-0.784884803510353
"329554",-0.78490917454904
"66898",-0.785022178239083
"54486",-0.785092601382817
"73075",-0.785115501790726
"66983",-0.785260941728523
"19241",-0.785266976166587
"74319",-0.785735732600221
"68836",-0.785807839447193
"68888",-0.785849083127544
"213054",-0.785899623637227
"60365",-0.785983251730452
"235379",-0.7860920978019
"233575",-0.786123517251067
"76788",-0.786197598533052
"106489",-0.786217946868907
"214616",-0.786416033922264
"216991",-0.786548186413642
"11807",-0.786662278297134
"75740",-0.786806527874447
"228356",-0.786973088347064
"50723",-0.786978327767351
"216190",-0.786987435168904
"100534388",-0.78700737099126
"11298",-0.78700737099126
"18612",-0.787220143907809
"66950",-0.787439590889033
"100504346",-0.787643521661799
"433912",-0.787666806201551
"12497",-0.787727884499483
"666756",-0.787740742081707
"216445",-0.788024241174524
"233899",-0.788143107281583
"93961",-0.788209013258271
"319757",-0.788239475235337
"70873",-0.788264932147843
"22036",-0.788370690499637
"12496",-0.788494357398998
"57259",-0.78849587048728
"71889",-0.788522770479029
"12567",-0.788887277798738
"100503670",-0.788981312046966
"74322",-0.788990084863494
"67067",-0.789005160968787
"74023",-0.789013436670785
"55982",-0.789257975457277
"20933",-0.789422088337
"24044",-0.789461613978873
"63856",-0.789470535704717
"68195",-0.78954808506864
"18631",-0.789641793230171
"66795",-0.790061833381534
"27425",-0.790156364240874
"245305",-0.790188431232396
"12355",-0.790248306554429
"330721",-0.790274181497168
"102902673",-0.79031969836547
"18817",-0.790371813876991
"67830",-0.790398374822645
"140858",-0.790430139842699
"668144",-0.790462170710779
"24055",-0.790686398815813
"70300",-0.790832186835047
"26938",-0.790879803892044
"329831",-0.790894610006593
"11651",-0.790985690896938
"238693",-0.791095682067181
"104130",-0.791297800464742
"140476",-0.791378581359794
"235300",-0.791571874002327
"67578",-0.791601135563904
"74030",-0.791789430143432
"224904",-0.79193214471615
"57431",-0.792158969861899
"333789",-0.792291193404707
"208449",-0.792369717993739
"13819",-0.79246822165427
"67681",-0.792590709579399
"68922",-0.792662959499297
"70645",-0.792699366277372
"226970",-0.792701708898717
"15379",-0.792802187117436
"13722",-0.792909325133338
"98221",-0.793002890904928
"68250",-0.793127439688583
"71807",-0.793412059212809
"28295",-0.793567878232908
"68347",-0.793607569174427
"18822",-0.793676706355689
"18700",-0.793788438481592
"75625",-0.793996461572679
"574402",-0.794006359370418
"107817",-0.794308958511418
"23828",-0.79442021686301
"12039",-0.794635409471073
"58180",-0.79471867384832
"68833",-0.795045732110144
"50776",-0.79512157150009
"66943",-0.795204790841366
"71665",-0.795204946221151
"76866",-0.795319009084366
"23986",-0.795392754229583
"18802",-0.795400161609914
"94191",-0.795452304910248
"20409",-0.795699792728243
"15186",-0.795796356641131
"66191",-0.795894735531066
"381409",-0.796099346374957
"28200",-0.796194001223912
"14263",-0.796205123846722
"215819",-0.796389655904521
"22330",-0.796495105859682
"329002",-0.796520247788476
"20681",-0.796541793933731
"93690",-0.796753225166907
"317750",-0.797061913508727
"208166",-0.797083167715676
"56217",-0.797416067033146
"14866",-0.797458765521096
"27008",-0.797681757980424
"234365",-0.79772619080867
"102634709",-0.797980526338403
"380842",-0.798097361342845
"12527",-0.798249399957226
"108657",-0.798341214309742
"56353",-0.798356145618245
"20521",-0.798511365742118
"110391",-0.79858805647446
"67248",-0.798762050235684
"21827",-0.798800538345579
"217258",-0.79884064720307
"214987",-0.798885018143284
"20930",-0.798932321503005
"232889",-0.798990751469166
"73667",-0.799145994898282
"72823",-0.799153370729726
"102278",-0.799261676653981
"228866",-0.799285944196871
"70433",-0.799635484410609
"243914",-0.799902424013432
"76954",-0.79994768307875
"15587",-0.799997753125985
"57275",-0.799999568967185
"69038",-0.800064513203908
"20845",-0.80053584862478
"20912",-0.800892373771887
"433745",-0.800957245019277
"15312",-0.801344218749786
"15473",-0.801573003570471
"18245",-0.801674279283778
"78444",-0.801698155711237
"68281",-0.801761282075957
"242915",-0.801785422922223
"217370",-0.802095235065244
"17690",-0.802211466513003
"12494",-0.802287334361808
"18545",-0.802304038844562
"100502825",-0.80245380478924
"226356",-0.802581329111505
"74734",-0.802671168590651
"66440",-0.802811696774801
"22158",-0.802921473375846
"71640",-0.802932815066942
"74340",-0.803010597584006
"193043",-0.80324632504035
"68024",-0.803669389059574
"69178",-0.804306036394345
"319262",-0.804347012105129
"71679",-0.804538368533013
"73124",-0.804911333807252
"270672",-0.805329945739741
"16792",-0.805444415869961
"56773",-0.805532466444678
"381522",-0.805550624179876
"241274",-0.805576723262251
"104725",-0.805592671625667
"219140",-0.805853152799767
"80751",-0.805909245939746
"20583",-0.805960111204457
"14870",-0.805965343662395
"76267",-0.806004299181054
"106581",-0.80600670833015
"110959",-0.806287927192147
"17907",-0.80656058731487
"67203",-0.806640088905276
"27360",-0.806686939108185
"12005",-0.806743641852107
"320111",-0.807036694727959
"212862",-0.807059789070573
"235604",-0.807143079663641
"21987",-0.80741688616645
"74558",-0.807901140966905
"74002",-0.808408425732053
"12739",-0.808464514977548
"72881",-0.808492985124696
"66330",-0.808656983899054
"257916",-0.808887314532028
"239126",-0.809079344548796
"665412",-0.809275215927171
"68342",-0.809319240365251
"231724",-0.80934957724024
"93706",-0.809572109013338
"100042823",-0.809680673607562
"213068",-0.809919219250947
"319370",-0.809956500957269
"70556",-0.810009512341834
"67941",-0.810189965738914
"209268",-0.810292767568399
"66241",-0.810317208576011
"320095",-0.810327946880801
"59001",-0.810649252647927
"52552",-0.810666915510708
"18217",-0.810725935656933
"14854",-0.81138635579356
"12859",-0.811510477848007
"17305",-0.811722547614697
"545767",-0.811908023300147
"53885",-0.81218365176956
"100039532",-0.812325769283324
"100417765",-0.812325769283324
"83925",-0.812327704236629
"22272",-0.812424761869652
"67130",-0.812444054910703
"20619",-0.812464231877782
"67245",-0.812864229011837
"11425",-0.813041376779702
"231803",-0.813206424162262
"93732",-0.813298497348061
"74504",-0.813534578287513
"118449",-0.813606796314244
"223843",-0.813671593199381
"68563",-0.81367708085203
"66047",-0.813711367731395
"100040519",-0.813746913394225
"67939",-0.813803388801074
"66999",-0.813987248362422
"75677",-0.81399768646745
"20751",-0.814025210157457
"232821",-0.814076440023782
"378462",-0.814188226017584
"16977",-0.814190839419048
"29858",-0.814294952120883
"17112",-0.814533797849558
"75731",-0.814678580155887
"67460",-0.815177002699358
"11593",-0.815189213753679
"18230",-0.815310934444892
"66890",-0.815393646666996
"19354",-0.815463667730512
"14756",-0.815525717047016
"19366",-0.81554881593156
"387609",-0.815686384859257
"67819",-0.815723189035959
"16443",-0.81573607210513
"75571",-0.81576700760549
"245683",-0.815793936764317
"67092",-0.81606523501226
"226548",-0.816255086051389
"20425",-0.816405865744391
"76960",-0.816426637099357
"56490",-0.816641643245201
"434232",-0.81666354023254
"15108",-0.817884387851152
"75415",-0.818040100194208
"11816",-0.818184089294256
"72190",-0.818442762290369
"103710",-0.819063008049798
"237891",-0.819341941379877
"75974",-0.81944812402739
"239673",-0.820151314805022
"232367",-0.820191650750895
"13447",-0.820210616990445
"74901",-0.820213092837211
"66050",-0.820462743918774
"217893",-0.820805889926831
"17919",-0.820844503546573
"140780",-0.82107442779981
"64385",-0.821175434631979
"11669",-0.821356710799113
"19752",-0.821635802508881
"12867",-0.821822076724679
"75472",-0.821903381124017
"101197",-0.821947671664482
"269152",-0.822185186610521
"50766",-0.822247731153636
"78246",-0.822496912411471
"52840",-0.822548875454531
"23972",-0.822626901111131
"16939",-0.822700400658343
"18188",-0.822809970467279
"18024",-0.822868376987696
"240261",-0.823087642758805
"11843",-0.823087902777105
"69384",-0.823580741310951
"233210",-0.823669035065845
"267019",-0.824012702500287
"14319",-0.824153289740289
"75608",-0.824280832209091
"59020",-0.824296626007052
"75689",-0.824445796850035
"12566",-0.824539313855411
"107197",-0.824695610130431
"109801",-0.824744417690943
"16668",-0.824856119699584
"73046",-0.82493179536377
"76670",-0.825140715764365
"76959",-0.825188729010793
"228094",-0.825379501379409
"76681",-0.825543385354377
"20532",-0.825587819853848
"217708",-0.825678691171568
"58805",-0.825881709672327
"109594",-0.825954639689951
"68080",-0.826284409490015
"67017",-0.82633352969084
"18799",-0.826409348679544
"58237",-0.826615543503323
"68499",-0.826647321611153
"66910",-0.827286399880993
"66329",-0.827363653864948
"69305",-0.827554600905442
"69029",-0.827625923414953
"11676",-0.827715916207478
"110379",-0.827723035035005
"546015",-0.827742122636546
"192231",-0.82806232297025
"68520",-0.828068665470906
"103784",-0.828111678428127
"72925",-0.828168693838044
"102636216",-0.828593954411794
"77011",-0.828600951013938
"13014",-0.828621710175651
"101056205",-0.828805804839637
"65107",-0.828860731410966
"20643",-0.829056479010275
"382090",-0.82910828172158
"68842",-0.829143879372567
"246703",-0.829247577516204
"16869",-0.829307509396968
"237052",-0.829332574447823
"16973",-0.829405081184186
"18753",-0.829930054270409
"218214",-0.830242390885422
"67126",-0.830317690619684
"107770",-0.830397248354396
"66140",-0.830470051128658
"271144",-0.830582968332975
"22117",-0.83064095435331
"100034727",-0.830652521477961
"67836",-0.83072339186872
"68744",-0.83088506777256
"236511",-0.83118941660182
"14979",-0.831255730799334
"53761",-0.831318384350547
"71994",-0.831581668277062
"18933",-0.831710804688508
"19712",-0.831931616424176
"16398",-0.832185995062863
"214669",-0.832239808193596
"66897",-0.832308919331582
"17433",-0.832385409432412
"110829",-0.832396512368844
"67701",-0.832681925562659
"223696",-0.832820475564798
"18806",-0.832957882430425
"22377",-0.833108750677848
"15382",-0.833109607110441
"216558",-0.833359006929879
"68262",-0.83398436575706
"228960",-0.834018312869439
"58520",-0.83416760231547
"67628",-0.834444575156184
"19416",-0.834452559891588
"100416506",-0.834475745890227
"109270",-0.834672429216192
"26362",-0.834894726789221
"26377",-0.834940444400571
"12520",-0.835059296620069
"22350",-0.835130649496573
"66491",-0.83519892074569
"666794",-0.835205195835216
"56356",-0.835209582774061
"81500",-0.835338269380894
"54405",-0.835365866364223
"211482",-0.835399227927874
"74645",-0.835427152066907
"108168669",-0.835427434647372
"74229",-0.83548437245743
"27411",-0.835485377025359
"268932",-0.83565889197287
"100040109",-0.835710070240219
"13007",-0.835745471332505
"12738",-0.835789321850265
"347722",-0.835814106393184
"16173",-0.835833696295253
"100040298",-0.835933481506627
"78038",-0.836028785662769
"104362",-0.836114744422293
"98660",-0.836388730116658
"68481",-0.836437856158555
"74048",-0.836863645537798
"68738",-0.837033825115037
"93707",-0.837110451117614
"21975",-0.837267814465075
"66374",-0.837382015777957
"57373",-0.837398815906805
"215748",-0.837443247434784
"225594",-0.837591142790121
"408022",-0.837793365950668
"231503",-0.837889343569978
"68566",-0.837961387746419
"74626",-0.838086355741677
"52830",-0.838114760186913
"56218",-0.838114911912299
"50914",-0.838566417307218
"393082",-0.838895443068242
"56188",-0.839315596429731
"330401",-0.83950133241555
"56213",-0.839595050928018
"67623",-0.839867797386228
"116701",-0.839918019809914
"70918",-0.839961755662005
"19303",-0.840294334916931
"70083",-0.840646094084561
"56486",-0.840728120426739
"26441",-0.840734072270768
"18679",-0.840739281976573
"67983",-0.840740288208312
"621100",-0.840753503945277
"66441",-0.840785545039835
"16449",-0.840791015967435
"72205",-0.840996611740226
"68375",-0.841109809992336
"219189",-0.841204081980072
"66576",-0.841478437112077
"78829",-0.841502679789243
"170756",-0.841516529624983
"14732",-0.842025221753427
"19300",-0.842184710037848
"19247",-0.842314949692681
"100503311",-0.842317832950214
"66230",-0.842409007597206
"414069",-0.842466108896426
"100043594",-0.842805098868364
"98396",-0.84303912889572
"77559",-0.843929296188319
"11792",-0.844234249175589
"319880",-0.844446583853196
"277468",-0.844565478767137
"668929",-0.844645403115629
"213753",-0.844716094275117
"71409",-0.844831008415336
"12508",-0.84491311182378
"381352",-0.845100402653443
"12032",-0.845101461662515
"210029",-0.845402607464533
"110648",-0.845525295317351
"259108",-0.845525295317351
"545366",-0.845525295317351
"68533",-0.845583102439997
"75568",-0.845782018501941
"66904",-0.84578988210231
"29811",-0.845889836450047
"208188",-0.846070214477256
"15384",-0.846177960633497
"77945",-0.846340925140874
"94282",-0.846463793839315
"17850",-0.846545013413061
"14645",-0.846632133612953
"13367",-0.846806038724002
"20111",-0.846854236463588
"403185",-0.847150915344085
"73061",-0.847232103503255
"103694",-0.847323148031812
"269513",-0.847346572239653
"78330",-0.847361852551277
"667952",-0.847480981936046
"13629",-0.847580443565828
"52065",-0.847652894847542
"14869",-0.847657622442672
"56462",-0.847777106175007
"245880",-0.848143922220033
"230514",-0.848218674410068
"23964",-0.848253537059239
"69674",-0.848296034021445
"101401",-0.84843642761889
"67844",-0.848855246794776
"20648",-0.848859940495161
"102635048",-0.849004358139079
"73830",-0.849044938064944
"70218",-0.849256935585646
"110083",-0.849296735354069
"54383",-0.849392527167873
"20022",-0.849434217277236
"207175",-0.849552760000764
"70673",-0.849613579946282
"108000",-0.849892584958832
"66556",-0.850115488884573
"98952",-0.850139662815369
"66200",-0.85015484575791
"50883",-0.850210923584867
"232670",-0.850217126674112
"66498",-0.850264661266665
"16513",-0.850477311340268
"11606",-0.850567955224425
"19896",-0.85072078141842
"225215",-0.851055020473764
"17196",-0.85107295379719
"320799",-0.851230060702142
"66495",-0.851551957508521
"12411",-0.851598834644694
"14634",-0.851890706199644
"56357",-0.851984059770036
"22070",-0.852048361402009
"18611",-0.852452607636519
"27176",-0.85252582776055
"269951",-0.852699697064978
"52123",-0.85283134589521
"239283",-0.852896080292038
"544717",-0.852896267754258
"54631",-0.852971391298687
"69683",-0.852973893542601
"319832",-0.853052828830832
"233168",-0.853089197038201
"56075",-0.853360506740232
"52717",-0.853705351450742
"192199",-0.853847732714261
"280411",-0.853949941132107
"68011",-0.854084802968958
"93747",-0.854120401760802
"100039645",-0.854200397160735
"100502877",-0.854269725509572
"20512",-0.854273351751307
"212085",-0.854285116615564
"243529",-0.854931380002868
"213019",-0.855302523771821
"215512",-0.855571667113805
"230796",-0.855756816360552
"65100",-0.855920728157477
"17775",-0.855988533192631
"78523",-0.856057479122318
"17149",-0.856128276380286
"258724",-0.856238617767017
"17129",-0.856380037029045
"67160",-0.856393727676557
"664805",-0.856602420181233
"70021",-0.856679384901964
"13804",-0.856751844174367
"11957",-0.856758943984725
"21645",-0.856798696478439
"20462",-0.856855268122677
"72318",-0.856961030945906
"21833",-0.856976636313707
"432479",-0.857449176157041
"69216",-0.857471643211628
"12522",-0.857559387767245
"23830",-0.857716189988866
"56786",-0.857724085679758
"27370",-0.857760816938702
"20193",-0.857861595782345
"226075",-0.857876936276053
"231646",-0.857890080082384
"56375",-0.857991833069596
"76187",-0.858082633889794
"14149",-0.858143380520858
"56530",-0.858230150159574
"22021",-0.858309157575398
"13167",-0.858339917993256
"170748",-0.85834389498032
"20675",-0.858441645427242
"227292",-0.858447509523991
"14701",-0.858581961672991
"59016",-0.858918926645106
"235611",-0.859333069024877
"21425",-0.859532881266241
"12759",-0.859581339935465
"69920",-0.859645135576569
"64383",-0.859729189110407
"224902",-0.859922058688797
"24084",-0.860219856530005
"68198",-0.860317684922143
"72736",-0.860336778899958
"71973",-0.860355217872719
"68718",-0.860488544728581
"107702",-0.860820558703385
"320277",-0.860911932522222
"59005",-0.861553400686033
"66118",-0.861632279513043
"19897",-0.862086603377747
"14661",-0.862201467494465
"71111",-0.862240463687787
"18424",-0.862275588058544
"14173",-0.862319968497462
"328949",-0.862473395530447
"66414",-0.86249327056197
"109305",-0.862844021415601
"209773",-0.862874530536733
"66656",-0.862896884185919
"19070",-0.862957843760535
"16439",-0.863105127127428
"327954",-0.863394204872721
"12488",-0.863425972945926
"110954",-0.863426865396667
"14674",-0.863709665729984
"18595",-0.863936879539478
"22416",-0.86394615236234
"239336",-0.864098144787376
"110920",-0.864104542938076
"98404",-0.864195789879968
"67887",-0.864227709551947
"78929",-0.864231433147985
"236930",-0.864244680043913
"68047",-0.86444285802145
"57316",-0.864453930194896
"320508",-0.864469174754232
"104174",-0.864512804551483
"22195",-0.864705941828265
"18167",-0.865044799304538
"66091",-0.865138506216751
"14700",-0.865290026927672
"11363",-0.865971634298483
"11758",-0.866177674334929
"620419",-0.866221218862679
"69549",-0.866390628774292
"74167",-0.866592225340574
"54711",-0.86661494194757
"217124",-0.866618934229049
"16815",-0.866640476296709
"73363",-0.866640476296709
"66119",-0.866848802006792
"27784",-0.866920000288887
"53382",-0.866996861588691
"22017",-0.867244147387854
"24063",-0.867284096114323
"209012",-0.867343245176453
"101568",-0.867353400102739
"675507",-0.867376982636866
"434404",-0.867414266213622
"20187",-0.867928210606726
"71846",-0.86817523562058
"384763",-0.868229993014583
"18148",-0.868235941009869
"66885",-0.868295924275407
"12175",-0.868336213383226
"21689",-0.868503398598983
"279653",-0.868548734258335
"18521",-0.868702056380372
"76263",-0.868858064643737
"320184",-0.868947640319594
"13115",-0.868976665057565
"68957",-0.869251767197176
"74016",-0.869289863444761
"433771",-0.869467061203535
"72027",-0.869523717435234
"11982",-0.869841495527844
"270150",-0.870033290278506
"381538",-0.870160858625098
"57776",-0.870175471503599
"50887",-0.870190734314212
"72562",-0.870198694098846
"53311",-0.870296836391859
"17749",-0.870314840193583
"109294",-0.870332718358206
"74855",-0.870420988608417
"280668",-0.870814259676755
"27660",-0.870909925561704
"67888",-0.870947870496755
"268890",-0.871069994657934
"18218",-0.871182566251677
"67106",-0.871199800005905
"213783",-0.871821395488636
"14127",-0.871834594310072
"51789",-0.871854739300674
"75429",-0.872249203816542
"94045",-0.872365853835315
"171240",-0.872445125508429
"67812",-0.872463502540612
"98363",-0.872618809443599
"383619",-0.87280783814695
"241159",-0.872838628320097
"69876",-0.873022407635961
"100972",-0.873123757478868
"100465",-0.873265333911204
"69010",-0.873276065107353
"66387",-0.873290103409792
"330662",-0.8734449389205
"240068",-0.873507233211463
"67880",-0.873594544075669
"94180",-0.873820966680341
"224079",-0.873873210168855
"67604",-0.874149939625813
"74318",-0.87426955343905
"258782",-0.874312700551868
"330830",-0.874408397285586
"630836",-0.874656739259267
"15107",-0.874661965076714
"21857",-0.874746498703096
"21682",-0.874903540956334
"269831",-0.874981006061791
"26431",-0.875283404428125
"74199",-0.875381377929149
"79059",-0.875487493610363
"16179",-0.875533769424362
"16373",-0.875747588569216
"21406",-0.875838045139395
"622434",-0.876010419725182
"20044",-0.876049002263132
"73103",-0.876084063091859
"66977",-0.876165164199759
"14862",-0.876189927460143
"98314",-0.876427790309553
"66292",-0.876773357771465
"78801",-0.877155702642093
"72585",-0.877395651682974
"110147",-0.877457719576373
"68201",-0.877473112542718
"69155",-0.877560455868505
"18141",-0.877585974867888
"269261",-0.877630363883544
"99662",-0.877732802211266
"72265",-0.877841491589545
"56292",-0.87790189360035
"20345",-0.878288689753765
"226025",-0.878666834124666
"100861615",-0.878737663653963
"20463",-0.878744772789276
"20674",-0.879081636571027
"666040",-0.879309519858424
"22186",-0.879488107229999
"240354",-0.87973204525431
"59048",-0.879756799594403
"223920",-0.879844204563118
"74249",-0.880028425544297
"66659",-0.880053956796323
"12461",-0.880070066369747
"67184",-0.880166429367759
"100042846",-0.880388523954797
"218952",-0.880575789028181
"100502950",-0.880608960480907
"104245",-0.880608960480907
"108167665",-0.880608960480907
"19174",-0.880608960480907
"20739",-0.880608960480907
"320769",-0.880608960480907
"434843",-0.880608960480907
"668536",-0.880608960480907
"71138",-0.880608960480907
"20184",-0.880623361139588
"100043141",-0.880832713068947
"17721",-0.880884339603173
"16551",-0.880933589569022
"19230",-0.880976576327354
"18582",-0.881033227277562
"17427",-0.881033393515246
"20892",-0.881048132012698
"18986",-0.881058958428374
"69349",-0.881076173170103
"73754",-0.881751186854344
"70791",-0.881929208705583
"66722",-0.882241574517618
"22213",-0.882287215922738
"76900",-0.882327074049878
"320135",-0.882429373236508
"170790",-0.882523559113624
"70031",-0.882550968284048
"29810",-0.882674113249396
"70093",-0.882705016948443
"70113",-0.882799564915276
"78070",-0.882987196670614
"110253",-0.883023372818015
"19283",-0.883075595072712
"13609",-0.883372040230359
"12785",-0.883607476324632
"105244208",-0.883664167180227
"72709",-0.883736982461113
"66075",-0.883870442313898
"234358",-0.883891293837615
"192185",-0.883995201467763
"667759",-0.88417968574315
"70375",-0.884279450527293
"18021",-0.884316824308592
"78825",-0.884602806623127
"241158",-0.884927539271096
"66162",-0.884928593976701
"79362",-0.885052660198605
"19951",-0.885412823894766
"71918",-0.885602727918032
"20249",-0.886042700076945
"66416",-0.886232735995846
"93746",-0.886747572315825
"67023",-0.886914820589912
"67693",-0.88711659490326
"108052",-0.887131056867417
"18643",-0.887156591447984
"56382",-0.887231942161734
"23918",-0.887407986582481
"66336",-0.887487201869801
"14561",-0.887495324983922
"330355",-0.887524707952586
"67963",-0.887576093710669
"27015",-0.887886122477798
"75764",-0.887919323778303
"67151",-0.888014110309723
"66618",-0.88815712557311
"68036",-0.888471913163075
"268420",-0.888772600680141
"20196",-0.888803336140196
"319555",-0.888832873147616
"67942",-0.888938801492516
"18760",-0.888956140924835
"21351",-0.889218951164709
"14109",-0.889244907456695
"66573",-0.889577720909501
"68135",-0.889665121490971
"94284",-0.889736746779669
"20103",-0.890003004565687
"666611",-0.890034156905813
"219105",-0.890312791658937
"110175",-0.890468735793518
"142682",-0.890525695328104
"171463",-0.890537552474769
"14791",-0.890604983069133
"30052",-0.890695457793621
"54152",-0.890831649227863
"70568",-0.890873263378914
"17717",-0.890902579921019
"382793",-0.890938294885046
"594844",-0.891035446776509
"332397",-0.891328405890578
"110257",-0.891560668987195
"71778",-0.891822492281118
"19921",-0.891912728373783
"73234",-0.891993235065145
"54197",-0.892091688410659
"100043346",-0.892475860989644
"104457",-0.892790802619945
"71228",-0.89299827192058
"56199",-0.893007751317087
"320080",-0.893116844264319
"69890",-0.893452538713178
"72075",-0.893540464019566
"320404",-0.893808969537607
"56334",-0.893935435212854
"102093",-0.894027025196836
"17178",-0.894040188568661
"67186",-0.894055449961849
"77862",-0.894080095763294
"59024",-0.894302184149421
"216739",-0.894363966134654
"213084",-0.894437255241001
"20284",-0.894624640431945
"14797",-0.894636516886236
"19730",-0.894770837238203
"234964",-0.894775020549979
"69922",-0.894984363022138
"665033",-0.895063020033069
"26920",-0.89522383969931
"66011",-0.89543587934394
"20429",-0.895764581097619
"211895",-0.895764581097619
"668771",-0.895764581097619
"52076",-0.896034171530747
"100040242",-0.896183776128774
"66895",-0.896256843491091
"66078",-0.896486108175585
"66460",-0.89650526909467
"104776",-0.896607375761092
"76917",-0.896734208742295
"80889",-0.896887790112429
"66610",-0.896893641704532
"12794",-0.896971551123993
"100040331",-0.896972109544595
"214444",-0.897402293205659
"67171",-0.89740403247713
"68170",-0.897456440102422
"19265",-0.897509601708811
"171469",-0.897713469414986
"74386",-0.897785102665829
"72927",-0.89793128057266
"19347",-0.898121882357422
"331537",-0.898140082046086
"435811",-0.898140082046086
"259172",-0.898162163825827
"13860",-0.898472066266744
"170442",-0.899089025728169
"18103",-0.899101588991802
"76742",-0.899126716666475
"116903",-0.899196742347889
"223917",-0.899196742347889
"93673",-0.899437773007814
"70097",-0.899506042482199
"14184",-0.899797509561058
"101867",-0.89990973498091
"17709",-0.900269568526363
"67282",-0.900398687957057
"329910",-0.900578548229865
"258944",-0.900741499273858
"15122",-0.900784397686159
"20971",-0.90083958037339
"20102",-0.900890082015448
"224530",-0.901268633533815
"102462",-0.901324348104721
"217718",-0.90145567715302
"545428",-0.901532579137207
"66477",-0.901548575265454
"11837",-0.901645888415546
"100043718",-0.901703902767326
"14590",-0.901854769866534
"56722",-0.902031744122401
"233058",-0.902150303313258
"14225",-0.9021740950832
"23801",-0.902212321883541
"665563",-0.902563560331958
"51801",-0.902809946497166
"69797",-0.903109156838728
"78465",-0.903216344636149
"232341",-0.903591695517233
"78174",-0.903927751731151
"67272",-0.903955758882774
"208908",-0.90411277329033
"55950",-0.904169675929916
"380660",-0.904282762853673
"269704",-0.904343833094226
"22324",-0.904515134627081
"18034",-0.904544593503411
"67437",-0.904601191162159
"14609",-0.904652377874658
"66273",-0.905410667070828
"13637",-0.905447868740747
"74685",-0.905474360634743
"57370",-0.905536797846544
"18950",-0.905544399606149
"20305",-0.905811853311809
"115488284",-0.905973438854358
"14694",-0.906464547870784
"195564",-0.906939313625286
"382723",-0.906939313625286
"13177",-0.907356469755427
"70450",-0.907479595150224
"74013",-0.907617473897459
"75292",-0.90779017569902
"54188",-0.907892832499596
"66911",-0.907944060490273
"50523",-0.908120864493532
"27399",-0.908202973012572
"107732",-0.908235206072822
"16573",-0.908494539422742
"66401",-0.908560676695511
"20115",-0.908655659609376
"29805",-0.908675157533132
"72792",-0.908720506362344
"16189",-0.908796467018976
"18805",-0.908944257711911
"20872",-0.909115468664195
"68966",-0.909349901798885
"22319",-0.909359175100096
"64660",-0.909500258173541
"17720",-0.909668603441754
"68028",-0.909757061962023
"18128",-0.909766785263942
"68077",-0.910191226126342
"71660",-0.910306980727327
"56612",-0.910316816758766
"229534",-0.910345848817582
"68241",-0.910456411231677
"269941",-0.910504642996017
"68040",-0.91070151008817
"15242",-0.910704549796593
"71838",-0.910741409104109
"66990",-0.91092692030323
"207921",-0.9109526100644
"19941",-0.910981770318217
"70827",-0.910998058616408
"270106",-0.911523526929397
"26451",-0.911778003282705
"20300",-0.912458660374477
"620592",-0.912503939202418
"407790",-0.912659860730818
"16950",-0.912742121870836
"99045",-0.91317674397151
"112841593",-0.913183113277989
"21940",-0.913183113277989
"71950",-0.913183113277989
"74485",-0.913229492231713
"75556",-0.913333606436615
"14673",-0.913443440464335
"69833",-0.913584403070629
"66585",-0.91384874686369
"258968",-0.914197044329001
"100417560",-0.914496832681747
"108167771",-0.914496832681747
"108168448",-0.914496832681747
"13516",-0.914496832681747
"258180",-0.914496832681747
"382936",-0.914496832681747
"631359",-0.914496832681747
"668786",-0.914496832681747
"75305",-0.914496832681747
"102637686",-0.914533680343214
"52024",-0.914533680343214
"27029",-0.914627940887597
"67111",-0.915122947816553
"110595",-0.915267428669228
"619597",-0.915469639382339
"329934",-0.915893990956257
"27276",-0.915925060232866
"219170",-0.916026194865477
"67832",-0.916173988402891
"74753",-0.916664515828298
"70461",-0.916853901011335
"74190",-0.91694996796286
"13559",-0.91695877074127
"66626",-0.917171281789611
"69806",-0.917295160647263
"380714",-0.917427622468707
"68507",-0.917512228929612
"75516",-0.917800059515947
"67945",-0.917882485407158
"20084",-0.918278344577215
"78653",-0.918393382460997
"54217",-0.91851320346103
"67916",-0.918550125428201
"19982",-0.918726584916866
"66540",-0.918779219413114
"243328",-0.919517086646835
"56448",-0.919570013172229
"55949",-0.91965365967032
"17751",-0.920345563862616
"20682",-0.920429344425738
"108760",-0.920481322336315
"94227",-0.920507119779665
"20280",-0.920516688929211
"77117",-0.920912058540162
"100336",-0.920913683883573
"100040019",-0.920958701894345
"66514",-0.921358455122653
"107686",-0.921657211891853
"15574",-0.921711868144999
"241230",-0.921714532636992
"17719",-0.922007682055904
"11429",-0.922083143741018
"13821",-0.922462310077456
"20055",-0.922577509902237
"210808",-0.923001256477917
"100040563",-0.923090691079958
"17846",-0.923149073826815
"14459",-0.923434693680416
"15109",-0.923434693680416
"227717",-0.923434693680416
"239611",-0.923434693680416
"53868",-0.923434693680416
"667490",-0.923434693680416
"71939",-0.923455515476107
"15129",-0.92361728244401
"94040",-0.92384119792298
"20116",-0.923859758222385
"66873",-0.924035425168693
"12876",-0.924074473089202
"68539",-0.924133026099624
"53814",-0.924162987224376
"319939",-0.924268576051893
"19244",-0.92446715597143
"56040",-0.924724904016014
"67568",-0.924747326605216
"19175",-0.924753841538894
"16840",-0.924809655709163
"12015",-0.924836497447553
"75617",-0.925561729667083
"71779",-0.925762138382988
"66184",-0.9257691767922
"75564",-0.925824517629648
"67291",-0.925892137608387
"100042670",-0.925984313609897
"67706",-0.926016856188384
"66377",-0.92616357958314
"272589",-0.926218285526251
"67097",-0.926265746547753
"69772",-0.926446044876972
"19332",-0.926806023923005
"17705",-0.926899185203337
"14859",-0.926927457538178
"26897",-0.926975255614398
"381629",-0.927347700425303
"209224",-0.927571749018702
"54371",-0.927715528780715
"66680",-0.927814583787511
"554327",-0.927945011315517
"68312",-0.928237541993877
"223739",-0.928400238809709
"20088",-0.92844625405757
"17722",-0.92858128968403
"76795",-0.928626944431954
"76808",-0.928866939536081
"19317",-0.929079584954714
"68875",-0.929147685252006
"237761",-0.929274497431682
"338364",-0.929446943357162
"70564",-0.929893160631552
"19942",-0.929976627822097
"18117",-0.930243534978897
"19943",-0.930661445253675
"106389",-0.930870208748621
"108167567",-0.931006905734943
"619605",-0.93104983548646
"14423",-0.931217332659666
"67891",-0.931403124411598
"14633",-0.931502656010867
"66616",-0.931975181734995
"674895",-0.932267439784071
"17708",-0.932324380063815
"20005",-0.932356545151041
"229776",-0.932512538721479
"24135",-0.932585150329975
"19933",-0.932612137479099
"100929",-0.932771289259879
"13800",-0.932923188378205
"14867",-0.933302181667804
"56473",-0.93343638650681
"71768",-0.933447672617832
"100041734",-0.933517572972526
"27207",-0.933519491868112
"100503868",-0.933551240932952
"66875",-0.933555789554176
"76863",-0.933807948078852
"12226",-0.933967150108147
"12929",-0.934185930677129
"268595",-0.934611410391587
"22270",-0.934689444344584
"228677",-0.934689444344584
"68891",-0.934689444344584
"66489",-0.934730073506786
"22196",-0.934919211855702
"19981",-0.935584860349979
"26921",-0.935643734952185
"50868",-0.935807611645722
"114679",-0.936134884401753
"216881",-0.936355965204113
"246133",-0.936406522227796
"19899",-0.936476634183639
"22608",-0.936538552702637
"27050",-0.936633454926209
"105722",-0.93680482180149
"320790",-0.936873499979164
"17716",-0.937802401658254
"26961",-0.937828296701082
"14182",-0.938175862432194
"100034726",-0.938227138261726
"11932",-0.93843149079491
"22066",-0.938435511262977
"666586",-0.938821723784511
"100038996",-0.938839261574434
"100039828",-0.938839261574434
"100041958",-0.938839261574434
"100216455",-0.938839261574434
"100416366",-0.938839261574434
"100417858",-0.938839261574434
"100504679",-0.938839261574434
"107751",-0.938839261574434
"108167785",-0.938839261574434
"108169066",-0.938839261574434
"14120",-0.938839261574434
"18510",-0.938839261574434
"194960",-0.938839261574434
"21957",-0.938839261574434
"22293",-0.938839261574434
"22364",-0.938839261574434
"232408",-0.938839261574434
"239659",-0.938839261574434
"258351",-0.938839261574434
"259030",-0.938839261574434
"30044",-0.938839261574434
"380696",-0.938839261574434
"433294",-0.938839261574434
"666340",-0.938839261574434
"667159",-0.938839261574434
"668034",-0.938839261574434
"668837",-0.938839261574434
"668950",-0.938839261574434
"20464",-0.938839777523
"69496",-0.938839777523
"12183",-0.938949763912814
"641660",-0.939111815433157
"100039830",-0.939149609603981
"13010",-0.939382627976597
"320586",-0.939399944081954
"75563",-0.939674589651323
"243621",-0.939736838365047
"67025",-0.939802485740622
"236539",-0.940006541022693
"100048534",-0.940093442371735
"70078",-0.940132324698361
"210356",-0.940199924663493
"67427",-0.940555294015323
"319195",-0.940844996666071
"18764",-0.940900158653014
"18553",-0.941332821782795
"27367",-0.941490240568262
"75597",-0.941547440343955
"230579",-0.941657877434132
"75600",-0.941880280645376
"114886",-0.942160140141414
"68193",-0.942232885532728
"381438",-0.942360574172985
"19988",-0.942429099411253
"54403",-0.942447428951188
"68436",-0.943375525174929
"240505",-0.943676602299511
"20452",-0.943718514465572
"100463512",-0.943744881266886
"208628",-0.94391019748905
"21667",-0.94394696928215
"14299",-0.944066885561074
"72042",-0.944875445888176
"17710",-0.944914993763054
"17718",-0.945007520056537
"16898",-0.94527853526651
"20085",-0.945577533923717
"381067",-0.945587911390453
"75210",-0.945603395746659
"54601",-0.945645924820706
"11998",-0.945720575802981
"99889",-0.946054971531241
"66085",-0.946488050091915
"272551",-0.946605056551356
"105782",-0.946992267927726
"18072",-0.94712381428269
"108800",-0.947194418082846
"75406",-0.947393913873433
"70393",-0.947634177454512
"56760",-0.948139877062412
"75104",-0.948281096901506
"27273",-0.948366683730786
"76846",-0.948531832667072
"20042",-0.948532120650219
"20054",-0.948638477200137
"18530",-0.948723965731424
"14761",-0.948970196214067
"665189",-0.949726750391961
"16562",-0.94976231360128
"667772",-0.949886414013607
"20068",-0.949996219705242
"73174",-0.950419673315158
"18185",-0.9505676289628
"71738",-0.95111842972111
"22121",-0.95132566911267
"66475",-0.951508051232567
"100039959",-0.952034767479783
"15277",-0.952364867327422
"242800",-0.952381621342622
"13171",-0.952614020294902
"17920",-0.952688569572673
"71860",-0.952729278826127
"103978",-0.953087308092232
"67115",-0.953234382917838
"77809",-0.953435066919784
"67205",-0.953781380400216
"100043278",-0.954145152091665
"68202",-0.95419018672044
"69551",-0.954208616907455
"73710",-0.954496320958507
"74735",-0.955323179281868
"21676",-0.955374398570299
"29870",-0.955396658607873
"228911",-0.95575711697312
"69786",-0.956080277393602
"17113",-0.956148642040431
"14667",-0.956299123355568
"233274",-0.956586875002938
"12587",-0.956729490498874
"71746",-0.956963125998186
"100042107",-0.956964012905952
"15331",-0.957109284725912
"246257",-0.95718381750598
"99586",-0.957227585123599
"13688",-0.957365044336592
"218490",-0.958087884240488
"17938",-0.958170895907516
"235330",-0.958753310058873
"20091",-0.958829980312056
"105670",-0.958832334213807
"228980",-0.959038088104775
"114641",-0.959376511260395
"108098",-0.959737512967226
"51798",-0.959750903618592
"100416409",-0.959803471172432
"76998",-0.959803471172432
"231602",-0.960366950459296
"60315",-0.960433398850243
"68052",-0.961169856070592
"68607",-0.961486223116992
"227937",-0.961695406344958
"100041953",-0.961737285341498
"171285",-0.961783298520697
"19651",-0.96179537420255
"66350",-0.961860041392547
"72938",-0.962044738646081
"98711",-0.962264432764325
"110842",-0.96277779541932
"19989",-0.96431298610755
"67861",-0.964600247981168
"70423",-0.964623643828899
"16785",-0.965592925835963
"108121",-0.965657352475219
"20522",-0.965666470148222
"620779",-0.965666470148222
"68592",-0.965770754233008
"20104",-0.965796321601227
"57808",-0.96598545932771
"17242",-0.966343499371548
"68597",-0.966440619497165
"67671",-0.966458874186259
"20842",-0.966511629803499
"66481",-0.967113854511167
"14792",-0.967151668538486
"56699",-0.967439620041491
"18429",-0.967896376377786
"20813",-0.968178662757991
"20090",-0.968418438861471
"54127",-0.968530274613474
"74918",-0.968871472084175
"68953",-0.969294555069571
"67134",-0.969304878553749
"106014",-0.969749166222744
"66042",-0.969909439694506
"68162",-0.970274429675799
"17711",-0.970344840994174
"76167",-0.971377291781513
"14528",-0.971417670131805
"22139",-0.971527707930105
"14275",-0.972506985585435
"100043272",-0.972673957480623
"69773",-0.973187671117911
"78294",-0.973627787597205
"65019",-0.97366409391705
"12841",-0.973775804742324
"192216",-0.974123565877478
"100043295",-0.974202697513736
"237504",-0.974451131993275
"110078",-0.974454393013977
"23845",-0.974549263980095
"213491",-0.97491741237613
"268449",-0.975031185574631
"59050",-0.975176304164434
"100043813",-0.975195704087908
"68767",-0.976771976694211
"381404",-0.977155195781294
"105827",-0.977689406115222
"67281",-0.978127336734665
"76824",-0.978580127241208
"17318",-0.978636355614185
"14548",-0.979641151323225
"216344",-0.979733607986633
"268512",-0.980125202156104
"68929",-0.980782798754938
"626870",-0.981308544563557
"70882",-0.981345792243143
"226527",-0.981929039504522
"13627",-0.982289706660205
"223870",-0.983175443105592
"19946",-0.983582884532571
"68646",-0.983872729727647
"17281",-0.984519764415196
"100038875",-0.985604840642061
"68371",-0.989346455204629
"229445",-0.989951495785596
"70884",-0.991156241276157
"56524",-0.992624811646226
"66845",-0.992799812608852
"268752",-0.992813579222137
"231997",-0.994911458555048
"53412",-0.995684639092607
